iteration,data_cycle,cumulative_running_hours,data_points_in_hour,nearest_cluster_id,slope_power_vs_small_delta_t,slope_small_delta_t,initial_power,initial_small_delta_t,step_small_delta_t_increase,cumulative_small_delta_t_increase,new_small_delta_t,new_power,small_delta_t_difference,power_difference,step_power_increase,cumulative_power_increase,period_cost,cumulative_cost,period,iteration_timestamp,power_difference_per_period,cumulative_power_difference,power_difference_per_hour,start_date,current_date,predicted_end_date,current_running_hour
,,,,,,,,,,,,,,,,,,,,,,,,2023-12-29,2026-03-09,2033-10-17,770.0
1,0,10,189,929.0,-0.0,0.0010658914728682099,22.62537558398193,0.7838545928192882,0.0106589147286821,0.0106589147286821,0.7945135075479702,22.62537558398193,0.0106589147286821,-0.0,-0.0,0.0,-0.0,0.0,10,2024-01-04 23:27:00,-0.0,-0.0,-0.0,,,,
2,0,20,196,929.0,-0.0,0.0010658914728682099,22.62537558398193,0.7838545928192882,0.0106589147286821,0.0213178294573642,0.8051724222766523,22.62537558398193,0.0213178294573642,-0.0,-0.0,0.0,-0.0,0.0,10,2024-01-06 02:00:00,-0.0,-0.0,-0.0,,,,
3,0,30,197,980.0,0.18464010282776375,0.0006212686434089131,47.344919764080345,0.5684383174697559,0.006212686434089131,0.02753051589145333,0.5959688333612092,47.350003001365444,0.02753051589145333,0.005083237285099327,0.00114711106202687,0.00114711106202687,0.06608208470629125,0.06608208470629125,10,2024-01-09 01:06:00,0.05083237285099327,0.05083237285099327,0.0016944124283664423,,,,
4,0,40,198,930.0,141.43434860506784,0.001017816743178303,33.21590551084465,1.0291617744544448,0.01017816743178303,0.03770868332323636,1.066870457777681,38.54920857342137,0.03770868332323636,5.33330306257672,1.0,1.001147111062027,69.33293981349736,69.39902189820366,10,2024-01-11 04:36:00,53.333030625767194,53.383862998618184,1.3345965749654547,,,,
5,0,50,194,296.0,0.07126436781609177,0.0006328512175700808,7.405105320067271,0.578146110479791,0.006328512175700808,0.04403719549893717,0.6221833059787282,7.408243602964896,0.04403719549893717,0.0031382828976253994,0.00045099741941775754,1.0015981084814447,0.040797677669130186,69.43981957587279,10,2024-01-16 23:57:00,0.031382828976253996,53.41524582759444,1.0683049165518888,,,,
6,0,60,187,471.0,0.0,0.01774193548387066,24.79891852771984,0.8425403863364624,0.05,0.09403719549893717,0.9365775818353996,24.79891852771984,0.09403719549893717,0.0,0.0,1.0015981084814447,0.0,69.43981957587279,10,2024-01-19 02:06:00,0.0,53.41524582759444,0.890254097126574,,,,
7,0,70,183,468.0,0.0,0.001182586942380661,21.119709234614295,0.8719921803223999,0.011825869423806609,0.10586306492274378,0.9778552452451437,21.119709234614295,0.10586306492274378,0.0,0.0,1.0015981084814447,0.0,69.43981957587279,10,2024-01-24 14:15:00,0.0,53.41524582759444,0.7630749403942063,,,,
8,0,80,166,421.0,0.0,0.0007777880599596095,12.412655956543121,0.9217052985411688,0.007777880599596095,0.11364094552233987,1.0353462440635086,12.412655956543121,0.11364094552233987,0.0,0.0,1.0015981084814447,0.0,69.43981957587279,10,2024-01-25 20:18:00,0.0,53.41524582759444,0.6676905728449305,,,,
9,0,90,199,1129.0,-0.0,0.003501122127818923,11.778586771142814,0.8343691549844303,0.03501122127818923,0.14865216680052912,0.9830213217849595,11.778586771142814,0.14865216680052912,-0.0,-0.0,1.0015981084814447,-0.0,69.43981957587279,10,2024-01-30 13:18:00,-0.0,53.41524582759444,0.593502731417716,,,,
10,0,100,198,938.0,42.52872023809597,0.0009740734950219419,28.5133324674294,0.9707299536673242,0.00974073495021942,0.15839290175074855,1.1291228554180728,35.24957987368721,0.15839290175074855,6.736247406257807,0.4142609916113254,1.41585910009277,87.5712162813515,157.01103585722427,10,2024-02-10 16:54:00,67.36247406257806,120.7777198901725,1.207777198901725,,,,
11,0,110,189,318.0,0.017857142857144584,0.002123366214001891,19.430577289736778,0.7583513345713364,0.02123366214001891,0.17962656389076745,0.9379778984621039,19.433784906949114,0.17962656389076745,0.0032076172123354433,0.00037917253821466006,1.4162382726309848,0.04169902376036077,157.05273488098464,10,2024-02-20 15:15:00,0.03207617212335443,120.80979606229586,1.0982708732935986,,,,
12,0,120,193,700.0,3.5096213384139165,0.0030048189025338036,29.5323852603859,0.7455701196316469,0.030048189025338037,0.2096747529161055,0.9552448725477524,30.26826424734693,0.2096747529161055,0.7358789869610294,0.10545776538402124,1.521696038015006,9.566426830493382,166.61916171147803,10,2024-03-02 17:24:00,7.358789869610294,128.16858593190616,1.0680715494325514,,,,
13,0,130,198,934.0,54.26131386861305,0.0014439163796154087,28.28099263070333,0.9472887068268365,0.014439163796154087,0.22411391671225958,1.1714026235390962,40.441708207751454,0.22411391671225958,12.160715577048121,0.7834879987434312,2.3051840367584373,158.08930250162558,324.70846421310364,10,2024-03-03 14:54:00,121.60715577048121,249.7757417023874,1.9213518592491339,,,,
14,0,140,178,930.0,141.43434860506784,0.001017816743178303,33.21590551084465,1.0291617744544448,0.01017816743178303,0.23429208414404262,1.2634538585984874,66.35285381508106,0.23429208414404262,33.13694830423641,1.0,3.3051840367584373,430.7803279550734,755.488792168177,10,2024-03-06 12:54:00,331.3694830423641,581.1452247447514,4.151037319605368,,,,
15,0,150,196,1242.0,0.0,0.012563305508015718,25.34247447809854,1.111989942991695,0.05,0.2842920841440426,1.3962820271357377,25.34247447809854,0.2842920841440426,0.0,0.0,3.3051840367584373,0.0,755.488792168177,10,2024-04-16 02:30:00,0.0,581.1452247447514,3.874301498298343,,,,
16,0,160,135,566.0,4.508262072435309,0.0021376711416955787,205.43240281952214,1.261515886788859,0.02137671141695579,0.3056687955609984,1.5671846823498574,206.81043785727678,0.3056687955609984,1.3780350377546313,0.09637181731445663,3.401555854072894,17.91445549081021,773.4032476589872,10,2024-05-31 14:24:00,13.780350377546313,594.9255751222977,3.7182848445143604,,,,
17,0,170,141,566.0,4.508262072435309,0.0021376711416955787,205.43240281952214,1.261515886788859,0.02137671141695579,0.3270455069779542,1.5885613937668133,206.90680967459122,0.3270455069779542,1.474406855069088,0.09637181731445663,3.4979276713873504,19.167289115898146,792.5705367748853,10,2024-06-12 15:30:00,14.74406855069088,609.6696436729885,3.5862920216058147,,,,
18,0,180,156,566.0,4.508262072435309,0.0021376711416955787,205.43240281952214,1.261515886788859,0.02137671141695579,0.34842221839491,1.609938105183769,207.00318149190568,0.34842221839491,1.5707786723835446,0.09637181731445663,3.594299488701807,20.42012274098608,812.9906595158715,10,2024-06-28 13:00:00,15.707786723835447,625.3774303968239,3.474319057760133,,,,
19,0,190,181,541.0,11.47235521235522,0.005048524161512548,182.0271951887589,1.0399280283636232,0.05,0.39842221839491,1.4383502467585332,186.59803640267987,0.39842221839491,4.570841213920976,0.5791846247902974,4.173484113492105,59.420935780972684,872.4115952968441,10,2024-08-01 12:33:00,45.708412139209756,671.0858425360336,3.5320307501896506,,,,
20,0,200,185,1190.0,-0.0,0.0017986595540965598,17.852596803456986,0.9579430279081891,0.0179865955409656,0.4164088139358756,1.3743518418440646,17.852596803456986,0.4164088139358756,-0.0,-0.0,4.173484113492105,-0.0,872.4115952968441,10,2024-08-08 14:39:00,-0.0,671.0858425360336,3.355429212680168,,,,
21,0,210,195,929.0,-0.0,0.0010658914728682099,22.62537558398193,0.7838545928192882,0.0106589147286821,0.42706772866455767,1.2109223214838458,22.62537558398193,0.42706772866455767,-0.0,-0.0,4.173484113492105,-0.0,872.4115952968441,10,2024-12-15 03:30:00,-0.0,671.0858425360336,3.1956468692192077,,,,
22,0,220,199,325.0,0.8508264462809942,0.0028001068475988515,16.199362898420233,0.7074038528892719,0.028001068475988516,0.45506879714054616,1.1624726500298181,16.58654746590469,0.45506879714054616,0.38718456748445756,0.023824049583496085,4.197308163075601,5.033399377297949,877.4449946741421,10,2024-12-15 23:12:00,3.8718456748445758,674.9576882108782,3.0679894918676283,,,,
23,0,230,198,1071.0,0.08549874266554576,0.0022465118547429935,21.303812385935228,0.8259941542745233,0.022465118547429934,0.4775339156879761,1.3035280699624994,21.344640935306703,0.4775339156879761,0.040828549371476695,0.0019207393896376911,4.199228902465238,0.530771141829197,877.9757658159713,10,2024-12-16 14:33:00,0.40828549371476697,675.365973704593,2.9363737987156218,,,,
24,0,240,199,1129.0,-0.0,0.003501122127818923,11.778586771142814,0.8343691549844303,0.03501122127818923,0.5125451369661653,1.3469142919505956,11.778586771142814,0.5125451369661653,-0.0,-0.0,4.199228902465238,-0.0,877.9757658159713,10,2024-12-17 00:36:00,-0.0,675.365973704593,2.814024890435804,,,,
25,0,250,199,929.0,-0.0,0.0010658914728682099,22.62537558398193,0.7838545928192882,0.0106589147286821,0.5232040516948474,1.3070586445141354,22.62537558398193,0.5232040516948474,-0.0,-0.0,4.199228902465238,-0.0,877.9757658159713,10,2024-12-18 00:51:00,-0.0,675.365973704593,2.701463894818372,,,,
26,0,260,185,318.0,0.017857142857144584,0.002123366214001891,19.430577289736778,0.7583513345713364,0.02123366214001891,0.5444377138348663,1.3027890484062028,19.440299391769546,0.5444377138348663,0.00972210203276641,0.00037917253821466006,4.199608075003453,0.12638732642596331,878.1021531423972,10,2024-12-18 17:00:00,0.0972210203276641,675.4631947249206,2.597935364326618,,,,
27,0,270,159,993.0,-0.0,0.0010221266875234923,9.788864459231363,0.7865633111421496,0.010221266875234922,0.5546589807101012,1.341222291852251,9.788864459231363,0.5546589807101012,-0.0,-0.0,4.199608075003453,-0.0,878.1021531423972,10,2024-12-19 10:54:00,-0.0,675.4631947249206,2.5017155360182244,,,,
28,0,280,198,421.0,0.0,0.0007777880599596095,12.412655956543121,0.9217052985411688,0.007777880599596095,0.5624368613096973,1.4841421598508662,12.412655956543121,0.5624368613096973,0.0,0.0,4.199608075003453,0.0,878.1021531423972,10,2024-12-20 00:57:00,0.0,675.4631947249206,2.4123685525890024,,,,
29,0,290,200,231.0,-0.0,0.0010989639449451919,4.487339122432467,0.6293844676925296,0.010989639449451919,0.5734265007591492,1.2028109684516788,4.487339122432467,0.5734265007591492,-0.0,-0.0,4.199608075003453,-0.0,878.1021531423972,10,2024-12-21 00:12:00,-0.0,675.4631947249206,2.329183430085933,,,,
30,0,300,201,387.0,-0.0,9.720978460668969e-05,6.219193923812331,0.6582558382228928,0.0009720978460668969,0.5743985986052161,1.232654436828109,6.219193923812331,0.5743985986052161,-0.0,-0.0,4.199608075003453,-0.0,878.1021531423972,10,2024-12-21 21:33:00,-0.0,675.4631947249206,2.2515439824164023,,,,
31,0,310,168,325.0,0.8508264462809942,0.0028001068475988515,16.199362898420233,0.7074038528892719,0.028001068475988516,0.6023996670812046,1.3098035199704765,16.71190046640379,0.6023996670812046,0.5125375679835553,0.023824049583496085,4.223432124586949,6.662988383786219,884.7651415261835,10,2024-12-22 07:36:00,5.125375679835553,680.5885704047562,2.195447001305665,,,,
32,0,320,196,365.0,0.0,0.0006172222613388383,18.776888405966496,1.1239161673146087,0.006172222613388383,0.608571889694593,1.7324880570092018,18.776888405966496,0.608571889694593,0.0,0.0,4.223432124586949,0.0,884.7651415261835,10,2024-12-23 05:45:00,0.0,680.5885704047562,2.126839282514863,,,,
33,0,330,200,929.0,-0.0,0.0010658914728682099,22.62537558398193,0.7838545928192882,0.0106589147286821,0.619230804423275,1.4030853972425632,22.62537558398193,0.619230804423275,-0.0,-0.0,4.223432124586949,-0.0,884.7651415261835,10,2024-12-23 22:39:00,-0.0,680.5885704047562,2.06238960728714,,,,
34,0,340,199,930.0,141.43434860506784,0.001017816743178303,33.21590551084465,1.0291617744544448,0.01017816743178303,0.6294089718550581,1.6585707463095027,122.23595345135027,0.6294089718550581,89.02004794050562,1.0,5.223432124586949,1157.2606232265732,2042.0257647527567,10,2024-12-24 15:09:00,890.2004794050562,1570.7890498098122,4.6199677935582715,,,,
35,0,350,198,930.0,141.43434860506784,0.001017816743178303,33.21590551084465,1.0291617744544448,0.01017816743178303,0.6395871392868411,1.6687489137412859,123.67549593205781,0.6395871392868411,90.45959042121316,1.0,6.223432124586949,1175.9746754757712,3218.0004402285276,10,2024-12-26 02:51:00,904.5959042121317,2475.384954021944,7.072528440062697,,,,
36,0,360,200,934.0,54.26131386861305,0.0014439163796154087,28.28099263070333,0.9472887068268365,0.014439163796154087,0.6540263030829951,1.6013150099098317,63.76931914061838,0.6540263030829951,35.48832650991505,0.7834879987434312,7.00692012333038,461.3482446288956,3679.348684857423,10,2024-12-27 14:06:00,354.8832650991505,2830.2682191210943,7.861856164225262,,,,
37,0,370,198,366.0,0.0,0.001148220473083549,9.767192846775922,1.0140029351770907,0.01148220473083549,0.6655085078138306,1.6795114429909215,9.767192846775922,0.6655085078138306,0.0,0.0,7.00692012333038,0.0,3679.348684857423,10,2024-12-28 03:48:00,0.0,2830.2682191210943,7.649373565192147,,,,
38,0,380,199,375.0,-0.0,0.0012539863979664921,12.901320292209656,0.8246274202026513,0.01253986397966492,0.6780483717934955,1.5026757919961469,12.901320292209656,0.6780483717934955,-0.0,-0.0,7.00692012333038,-0.0,3679.348684857423,10,2024-12-29 02:03:00,-0.0,2830.2682191210943,7.448074260844985,,,,
39,0,390,195,464.0,0.8925180402582615,0.00023895813234200774,10.123832121103613,0.8807143180286889,0.002389581323420077,0.6804379531169156,1.5611522711456045,10.731135269536864,0.6804379531169156,0.6073031484332523,0.0021327444398166304,7.009052867770197,7.894940929632281,3687.2436257870554,10,2024-12-29 22:18:00,6.073031484332523,2836.341250605427,7.272669873347248,,,,
40,0,400,199,938.0,42.52872023809597,0.0009740734950219419,28.5133324674294,0.9707299536673242,0.00974073495021942,0.690178688067135,1.6609086417344592,57.86574880653269,0.690178688067135,29.35241633910329,0.4142609916113254,7.423313859381522,381.58141240834277,4068.825038195398,10,2024-12-30 13:39:00,293.5241633910329,3129.8654139964597,7.824663534991149,,,,
41,0,410,75,993.0,-0.0,0.0010221266875234923,9.788864459231363,0.7865633111421496,0.010221266875234922,0.70039995494237,1.4869632660845196,9.788864459231363,0.70039995494237,-0.0,-0.0,7.423313859381522,-0.0,4068.825038195398,10,2024-12-31 03:45:00,-0.0,3129.8654139964597,7.633818082918195,,,,
42,0,420,364,934.0,54.26131386861305,0.0014439163796154087,28.28099263070333,0.9472887068268365,0.014439163796154087,0.714839118738524,1.6621278255653604,67.06910241813713,0.714839118738524,38.788109787433804,0.7834879987434312,8.206801858124953,504.24542723663944,4573.070465432038,10,2025-01-01 19:30:00,387.881097874338,3517.746511870798,8.375586933025708,,,,
43,0,430,193,1071.0,0.08549874266554576,0.0022465118547429935,21.303812385935228,0.8259941542745233,0.022465118547429934,0.737304237285954,1.5632983915604772,21.366850971185155,0.737304237285954,0.06303858524992827,0.0019207393896376911,8.20872259751459,0.8195016082490675,4573.889967040287,10,2025-01-04 01:45:00,0.6303858524992827,3518.376897723297,8.182271855170459,,,,
44,0,440,189,318.0,0.017857142857144584,0.002123366214001891,19.430577289736778,0.7583513345713364,0.02123366214001891,0.7585378994259728,1.5168892339973092,19.444122609369387,0.7585378994259728,0.013545319632607968,0.00037917253821466006,8.209101770052806,0.1760891552239036,4574.066056195511,10,2025-01-04 11:45:00,0.1354531963260797,3518.5123509196233,7.99661897936278,,,,
45,0,450,195,464.0,0.8925180402582615,0.00023895813234200774,10.123832121103613,0.8807143180286889,0.002389581323420077,0.7609274807493929,1.6416417987780818,10.802973625000718,0.7609274807493929,0.6791415038971041,0.0021327444398166304,8.211234514492622,8.828839550662353,4582.8948957461735,10,2025-01-05 03:54:00,6.791415038971041,3525.3037659585943,7.8340083687968765,,,,
46,0,460,65,700.0,3.5096213384139165,0.0030048189025338036,29.5323852603859,0.7455701196316469,0.030048189025338037,0.7909756697747309,1.5365457894063779,32.30841034919354,0.7909756697747309,2.776025088807635,0.10545776538402124,8.316692279876643,36.088326154499256,4618.983221900673,10,2025-01-06 04:42:00,27.760250888076353,3553.0640168466707,7.72405221053624,,,,
47,0,470,99,931.0,116.5812033814022,0.006772761474793092,21.92067700254184,0.9442996785836758,0.05,0.8409756697747309,1.7852753483584067,119.96263259936069,0.8409756697747309,98.04195559681885,1.0,9.316692279876643,1274.5454227586451,5893.528644659318,10,2025-01-07 08:09:00,980.4195559681885,4533.483572814859,9.645709729393317,,,,
48,0,480,198,929.0,-0.0,0.0010658914728682099,22.62537558398193,0.7838545928192882,0.0106589147286821,0.851634584503413,1.6354891773227012,22.62537558398193,0.851634584503413,-0.0,-0.0,9.316692279876643,-0.0,5893.528644659318,10,2025-01-07 23:45:00,-0.0,4533.483572814859,9.44475744336429,,,,
49,0,490,200,1014.0,0.31069518716577454,0.00029898775049270196,32.98770909190975,0.9573114957226183,0.0029898775049270196,0.8546244620083401,1.8119359577309584,33.25323679908988,0.8546244620083401,0.2655277071801306,0.0009289405509960393,9.317621220427638,3.4518601933416977,5896.98050485266,10,2025-01-08 15:45:00,2.6552770718013057,4536.138849886661,9.257426224258491,,,,
50,0,500,179,938.0,42.52872023809597,0.0009740734950219419,28.5133324674294,0.9707299536673242,0.00974073495021942,0.8643651969585595,1.8350951506258837,65.2736781124267,0.8643651969585595,36.7603456449973,0.4142609916113254,9.731882212038963,477.8844933849649,6374.864998237625,10,2025-01-09 05:39:00,367.603456449973,4903.742306336634,9.807484612673267,,,,
51,0,510,183,993.0,-0.0,0.0010221266875234923,9.788864459231363,0.7865633111421496,0.010221266875234922,0.8745864638337945,1.661149774975944,9.788864459231363,0.8745864638337945,-0.0,-0.0,9.731882212038963,-0.0,6374.864998237625,10,2025-01-10 00:51:00,-0.0,4903.742306336634,9.61518099281693,,,,
52,0,520,179,467.0,0.16697549927939054,0.0015546463061563863,9.888635470715043,0.9700261084951334,0.015546463061563863,0.8901329268953583,1.8601590353904918,10.03726586060842,0.8901329268953583,0.14863038989337768,0.0025958784317332284,9.734478090470697,1.93219506861391,6376.797193306238,10,2025-01-11 01:57:00,1.4863038989337767,4905.228610235567,9.433131942760706,,,,
53,0,530,186,700.0,3.5096213384139165,0.0030048189025338036,29.5323852603859,0.7455701196316469,0.030048189025338037,0.9201811159206963,1.6657512355523432,32.76187254002671,0.9201811159206963,3.2294872796408054,0.10545776538402124,9.839935855854717,41.98333463533047,6418.780527941569,10,2025-01-12 00:15:00,32.29487279640806,4937.523483031975,9.316082043456557,,,,
54,0,540,198,287.0,0.35041031652989435,0.0013014192927591893,6.882875785740817,0.6518034004537235,0.013014192927591893,0.9331953088482882,1.5849987093020117,7.209877049298558,0.9331953088482882,0.3270012635577412,0.004560307463138588,9.844496163317856,4.251016426250636,6423.031544367819,10,2025-01-12 22:12:00,3.2700126355774115,4940.793495667553,9.149617584569542,,,,
55,0,550,199,287.0,0.35041031652989435,0.0013014192927591893,6.882875785740817,0.6518034004537235,0.013014192927591893,0.94620950177588,1.5980129022296037,7.214437356761697,0.94620950177588,0.33156157102087974,0.004560307463138588,9.849056470780996,4.310300423271437,6427.341844791091,10,2025-01-14 07:00:00,3.3156157102087973,4944.109111377761,8.989289293414112,,,,
56,0,560,193,931.0,116.5812033814022,0.006772761474793092,21.92067700254184,0.9442996785836758,0.05,0.9962095017758801,1.9405091803595558,138.05997953956108,0.9962095017758801,116.13930253701923,1.0,10.849056470780996,1509.81093298125,7937.15277777234,10,2025-01-15 07:06:00,1161.3930253701924,6105.502136747953,10.902682387049916,,,,
57,0,570,193,931.0,116.5812033814022,0.006772761474793092,21.92067700254184,0.9442996785836758,0.05,1.0462095017758801,1.990509180359556,143.8890397086312,1.0462095017758801,121.96836270608935,1.0,11.849056470780996,1585.5887151791617,9522.741492951502,10,2025-01-17 22:00:00,1219.6836270608935,7325.185763808847,12.851203094401486,,,,
58,0,580,199,931.0,116.5812033814022,0.006772761474793092,21.92067700254184,0.9442996785836758,0.05,1.0962095017758802,2.040509180359556,149.71809987770132,1.0962095017758802,127.79742287515947,1.0,12.849056470780996,1661.366497377073,11184.107990328575,10,2025-01-20 14:27:00,1277.9742287515946,8603.159992560442,14.833034469931798,,,,
59,0,590,199,317.0,35.14869888475823,0.00026619569033688905,17.95378668782078,0.7975536483205917,0.0026619569033688906,1.098871458679249,1.8964251069998408,56.57768870199275,1.098871458679249,38.62390201417197,0.0935643216407166,12.942620792421712,502.11072618423555,11686.21871651281,10,2025-01-21 04:27:00,386.23902014171966,8989.399012702163,15.236269513054513,,,,
60,0,600,198,1190.0,-0.0,0.0017986595540965598,17.852596803456986,0.9579430279081891,0.0179865955409656,1.1168580542202147,2.0748010821284035,17.852596803456986,1.1168580542202147,-0.0,-0.0,12.942620792421712,-0.0,11686.21871651281,10,2025-01-22 18:09:00,-0.0,8989.399012702163,14.982331687836938,,,,
61,0,610,193,1071.0,0.08549874266554576,0.0022465118547429935,21.303812385935228,0.8259941542745233,0.022465118547429934,1.1393231727676445,1.9653173270421678,21.401223084696582,1.1393231727676445,0.09741069876135397,0.0019207393896376911,12.94454153181135,1.2663390838976016,11687.485055596708,10,2025-01-25 21:33:00,0.9741069876135398,8990.373119689775,14.73831658965537,,,,
62,0,620,76,1071.0,0.08549874266554576,0.0022465118547429935,21.303812385935228,0.8259941542745233,0.022465118547429934,1.1617882913150743,1.9877824455895976,21.403143824086218,1.1617882913150743,0.09933143815099166,0.0019207393896376911,12.946462271200987,1.2913086959628917,11688.776364292671,10,2025-01-26 23:00:00,0.9933143815099166,8991.366434071286,14.502203925921428,,,,
63,0,630,59,287.0,0.35041031652989435,0.0013014192927591893,6.882875785740817,0.6518034004537235,0.013014192927591893,1.1748024842426663,1.8266058846963897,7.294538696104396,1.1748024842426663,0.41166291036357894,0.004560307463138588,12.951022578664126,5.351617834726526,11694.127982127398,10,2025-01-28 09:27:00,4.116629103635789,8995.483063174921,14.278544544722097,,,,
64,0,640,159,387.0,-0.0,9.720978460668969e-05,6.219193923812331,0.6582558382228928,0.0009720978460668969,1.1757745820887333,1.8340304203116262,6.219193923812331,1.1757745820887333,-0.0,-0.0,12.951022578664126,-0.0,11694.127982127398,10,2025-01-29 00:42:00,-0.0,8995.483063174921,14.055442286210814,,,,
65,0,650,41,1129.0,-0.0,0.003501122127818923,11.778586771142814,0.8343691549844303,0.03501122127818923,1.2107858033669225,2.045154958351353,11.778586771142814,1.2107858033669225,-0.0,-0.0,12.951022578664126,-0.0,11694.127982127398,10,2025-01-29 21:48:00,-0.0,8995.483063174921,13.839204712576802,,,,
66,0,660,158,326.0,1.0134251290877794,0.0005766354463068888,15.145426220684516,0.7020308360286115,0.005766354463068888,1.2165521578299914,1.9185829938586028,16.378310748275393,1.2165521578299914,1.2328845275908755,0.005843768516101481,12.956866347180227,16.027498858681383,11710.155480986079,10,2025-01-30 08:00:00,12.328845275908755,9007.811908450829,13.648199861289134,,,,
67,0,670,200,1128.0,0.0,0.0005968605565670843,1.8684021359512724,0.9794383874186771,0.005968605565670843,1.2225207633956623,2.2019591508143392,1.8684021359512724,1.2225207633956623,0.0,0.0,12.956866347180227,0.0,11710.155480986079,10,2025-01-31 06:06:00,0.0,9007.811908450829,13.444495385747507,,,,
68,0,680,200,1242.0,0.0,0.012563305508015718,25.34247447809854,1.111989942991695,0.05,1.2725207633956623,2.384510706387357,25.34247447809854,1.2725207633956623,0.0,0.0,12.956866347180227,0.0,11710.155480986079,10,2025-02-01 05:09:00,0.0,9007.811908450829,13.246782218310042,,,,
69,0,690,199,317.0,35.14869888475823,0.00026619569033688905,17.95378668782078,0.7975536483205917,0.0026619569033688906,1.2751827202990311,2.0727363686196227,62.77480014665831,1.2751827202990311,44.82101345883753,0.0935643216407166,13.050430668820944,582.6731749648878,12292.828655950967,10,2025-02-01 23:54:00,448.21013458837524,9456.022043039204,13.704379772520586,,,,
70,0,700,191,145.0,25.47406914893581,0.0031955981610369446,24.20357306726708,0.8210112471130385,0.031955981610369444,1.3071387019094005,2.128149949022439,57.50171474695734,1.3071387019094005,33.29814167969026,0.8140488852646723,13.864479554085616,432.8758418359734,12725.704497786941,10,2025-02-02 23:21:00,332.98141679690264,9789.003459836107,13.984290656908724,,,,
71,0,710,198,232.0,-0.0,0.007066138743234338,7.441426898178247,0.7970408795979358,0.05,1.3571387019094006,2.1541795815073366,7.441426898178247,1.3571387019094006,-0.0,-0.0,13.864479554085616,-0.0,12725.704497786941,10,2025-02-03 23:45:00,-0.0,9789.003459836107,13.787328816670573,,,,
72,0,720,192,287.0,0.35041031652989435,0.0013014192927591893,6.882875785740817,0.6518034004537235,0.013014192927591893,1.3701528948369925,2.021956295290716,7.362991495314998,1.3701528948369925,0.4801157095741816,0.004560307463138588,13.869039861548755,6.241504224464361,12731.946002011406,10,2025-02-05 00:21:00,4.801157095741816,9793.80461693185,13.602506412405347,,,,
73,0,730,179,287.0,0.35041031652989435,0.0013014192927591893,6.882875785740817,0.6518034004537235,0.013014192927591893,1.3831670877645845,2.034970488218308,7.367551802778137,1.3831670877645845,0.4846760170373202,0.004560307463138588,13.873600169011894,6.300788221485163,12738.24679023289,10,2025-02-05 13:18:00,4.846760170373202,9798.651377102222,13.422810105619481,,,,
74,0,740,19,993.0,-0.0,0.0010221266875234923,9.788864459231363,0.7865633111421496,0.010221266875234922,1.3933883546398194,2.179951665781969,9.788864459231363,1.3933883546398194,-0.0,-0.0,13.873600169011894,-0.0,12738.24679023289,10,2025-02-06 07:12:00,-0.0,9798.651377102222,13.241420779867868,,,,
75,0,750,19,993.0,-0.0,0.0010221266875234923,9.788864459231363,0.7865633111421496,0.010221266875234922,1.4036096215150542,2.190172932657204,9.788864459231363,1.4036096215150542,-0.0,-0.0,13.873600169011894,-0.0,12738.24679023289,10,2025-02-06 07:12:00,-0.0,9798.651377102222,13.064868502802963,,,,
76,0,760,43,541.0,11.47235521235522,0.005048524161512548,182.0271951887589,1.0399280283636232,0.05,1.4536096215150542,2.4935376498786774,198.70352110687682,1.4536096215150542,16.676325918117932,0.5791846247902974,14.452784793802191,216.7922369355331,12955.039027168423,10,2025-05-26 22:06:00,166.7632591811793,9965.414636283402,13.112387679320266,,,,
77,0,770,121,1242.0,0.0,0.012563305508015718,25.34247447809854,1.111989942991695,0.05,1.5036096215150543,2.6155995645067494,25.34247447809854,1.5036096215150543,0.0,0.0,14.452784793802191,0.0,12955.039027168423,10,2025-07-29 11:03:00,0.0,9965.414636283402,12.942096930238185,,,,
78,1,780,171,980.0,0.18464010282776375,0.0006212686434089131,47.344919764080345,0.5684383174697559,0.006212686434089131,1.5098223079491435,2.0782606254188996,47.62369351027173,1.5098223079491435,0.27877374619138146,0.00114711106202687,14.453931904864218,3.6240587004879594,12958.663085868911,10,2023-12-29 03:42:00,2.7877374619138147,9968.202373745315,12.779746633006814,,,,
79,1,790,189,929.0,-0.0,0.0010658914728682099,22.62537558398193,0.7838545928192882,0.0106589147286821,1.5204812226778257,2.304335815497114,22.62537558398193,1.5204812226778257,-0.0,-0.0,14.453931904864218,-0.0,12958.663085868911,10,2024-01-04 23:27:00,-0.0,9968.202373745315,12.617977688285208,,,,
80,1,800,196,929.0,-0.0,0.0010658914728682099,22.62537558398193,0.7838545928192882,0.0106589147286821,1.531140137406508,2.314994730225796,22.62537558398193,1.531140137406508,-0.0,-0.0,14.453931904864218,-0.0,12958.663085868911,10,2024-01-06 02:00:00,-0.0,9968.202373745315,12.460252967181644,,,,
81,1,810,197,980.0,0.18464010282776375,0.0006212686434089131,47.344919764080345,0.5684383174697559,0.006212686434089131,1.5373528238405971,2.105791141310353,47.62877674755683,1.5373528238405971,0.2838569834764808,0.00114711106202687,14.455079015926245,3.690140785194251,12962.353226654106,10,2024-01-09 01:06:00,2.838569834764808,9971.04094358008,12.309927090839604,,,,
82,1,820,198,930.0,141.43434860506784,0.001017816743178303,33.21590551084465,1.0291617744544448,0.01017816743178303,1.5475309912723803,2.576692765726825,252.08994320760866,1.5475309912723803,218.87403769676402,1.0,15.455079015926245,2845.3624900579325,15807.715716712039,10,2024-01-11 04:36:00,2188.7403769676403,12159.78132054772,14.829001610424049,,,,
83,1,830,194,296.0,0.07126436781609177,0.0006328512175700808,7.405105320067271,0.578146110479791,0.006328512175700808,1.553859503448081,2.132005613927872,7.515840135255525,1.553859503448081,0.11073481518825377,0.00045099741941775754,15.455530013345662,1.4395525974472991,15809.155269309485,10,2024-01-16 23:57:00,1.1073481518825377,12160.888668699603,14.651673094818799,,,,
84,1,840,187,471.0,0.0,0.01774193548387066,24.79891852771984,0.8425403863364624,0.05,1.6038595034480811,2.4463998897845434,24.79891852771984,1.6038595034480811,0.0,0.0,15.455530013345662,0.0,15809.155269309485,10,2024-01-19 02:06:00,0.0,12160.888668699603,14.477248415118575,,,,
85,1,850,183,468.0,0.0,0.001182586942380661,21.119709234614295,0.8719921803223999,0.011825869423806609,1.6156853728718878,2.487677553194288,21.119709234614295,1.6156853728718878,0.0,0.0,15.455530013345662,0.0,15809.155269309485,10,2024-01-24 14:15:00,0.0,12160.888668699603,14.306927845528945,,,,
86,1,860,166,421.0,0.0,0.0007777880599596095,12.412655956543121,0.9217052985411688,0.007777880599596095,1.623463253471484,2.545168552012653,12.412655956543121,1.623463253471484,0.0,0.0,15.455530013345662,0.0,15809.155269309485,10,2024-01-25 20:18:00,0.0,12160.888668699603,14.140568219418142,,,,
87,1,870,199,1129.0,-0.0,0.003501122127818923,11.778586771142814,0.8343691549844303,0.03501122127818923,1.6584744747496731,2.4928436297341037,11.778586771142814,1.6584744747496731,-0.0,-0.0,15.455530013345662,-0.0,15809.155269309485,10,2024-01-30 13:18:00,-0.0,12160.888668699603,13.97803295252828,,,,
88,1,880,198,938.0,42.52872023809597,0.0009740734950219419,28.5133324674294,0.9707299536673242,0.00974073495021942,1.6682152096998926,2.6389451633672167,99.46039041769274,1.6682152096998926,70.94705795026333,0.4142609916113254,15.869791004956987,922.3117533534232,16731.46702266291,10,2024-02-10 16:54:00,709.4705795026333,12870.359248202236,14.625408236593449,,,,
89,1,890,189,318.0,0.017857142857144584,0.002123366214001891,19.430577289736778,0.7583513345713364,0.02123366214001891,1.6894488718399114,2.447800206411248,19.460746019591067,1.6894488718399114,0.03016872985428705,0.00037917253821466006,15.870170177495202,0.3921934881057316,16731.859216151017,10,2024-02-20 15:15:00,0.30168729854287046,12870.660935500779,14.46141678146155,,,,
90,1,900,193,700.0,3.5096213384139165,0.0030048189025338036,29.5323852603859,0.7455701196316469,0.030048189025338037,1.7194970608652496,2.4650671804968964,35.56716883653859,1.7194970608652496,6.034783576152693,0.10545776538402124,15.975627942879223,78.45218648998501,16810.311402641,10,2024-03-02 17:24:00,60.34783576152692,12931.008771262306,14.367787523624784,,,,
91,1,910,198,934.0,54.26131386861305,0.0014439163796154087,28.28099263070333,0.9472887068268365,0.014439163796154087,1.7339362246614036,2.68122493148824,122.36665034521371,1.7339362246614036,94.08565771451038,0.7834879987434312,16.759115941622653,1223.113550288635,18033.424952929636,10,2024-03-03 14:54:00,940.8565771451038,13871.86534840741,15.243808075172977,,,,
92,1,920,178,930.0,141.43434860506784,0.001017816743178303,33.21590551084465,1.0291617744544448,0.01017816743178303,1.7441143920931867,2.7732761665476318,279.8935884492684,1.7441143920931867,246.67768293842374,1.0,17.759115941622653,3206.8098781995086,21240.234831129143,10,2024-03-06 12:54:00,2466.7768293842373,16338.642177791648,17.75939367151266,,,,
93,1,930,196,1242.0,0.0,0.012563305508015718,25.34247447809854,1.111989942991695,0.05,1.7941143920931868,2.9061043350848816,25.34247447809854,1.7941143920931868,0.0,0.0,17.759115941622653,0.0,21240.234831129143,10,2024-04-16 02:30:00,0.0,16338.642177791648,17.56843244923833,,,,
94,1,940,135,566.0,4.508262072435309,0.0021376711416955787,205.43240281952214,1.261515886788859,0.02137671141695579,1.8154911035101426,3.077006990299002,213.61711250432063,1.8154911035101426,8.1847096847985,0.09637181731445663,17.85548775893711,106.4012259023805,21346.636057031523,10,2024-05-31 14:24:00,81.847096847985,16420.489274639633,17.468605611318758,,,,
95,1,950,141,566.0,4.508262072435309,0.0021376711416955787,205.43240281952214,1.261515886788859,0.02137671141695579,1.8368678149270985,3.0983837017159575,213.7134843216351,1.8368678149270985,8.281081502112958,0.09637181731445663,17.951859576251564,107.65405952746846,21454.29011655899,10,2024-06-12 15:30:00,82.81081502112957,16503.300089660763,17.371894831221855,,,,
96,1,960,156,566.0,4.508262072435309,0.0021376711416955787,205.43240281952214,1.261515886788859,0.02137671141695579,1.8582445263440543,3.119760413132913,213.80985613894956,1.8582445263440543,8.377453319427415,0.09637181731445663,18.04823139356602,108.9068931525564,21563.197009711548,10,2024-06-28 13:00:00,83.77453319427416,16587.074622855038,17.278202732140663,,,,
97,1,970,181,541.0,11.47235521235522,0.005048524161512548,182.0271951887589,1.0399280283636232,0.05,1.9082445263440544,2.9481725547076776,203.9192542270104,1.9082445263440544,21.89205903825153,0.5791846247902974,18.627416018356318,284.5967674972699,21847.79377720882,10,2024-08-01 12:33:00,218.92059038251531,16805.995213237555,17.325768261069644,,,,
98,1,980,185,1190.0,-0.0,0.0017986595540965598,17.852596803456986,0.9579430279081891,0.0179865955409656,1.9262311218850199,2.8841741497932087,17.852596803456986,1.9262311218850199,-0.0,-0.0,18.627416018356318,-0.0,21847.79377720882,10,2024-08-08 14:39:00,-0.0,16805.995213237555,17.14897470738526,,,,
99,1,990,43,541.0,11.47235521235522,0.005048524161512548,182.0271951887589,1.0399280283636232,0.05,1.97623112188502,3.016159150248643,204.69922060073512,1.97623112188502,22.67202541197621,0.5791846247902974,19.206600643146615,294.73633035569077,22142.53010756451,10,2025-05-26 22:06:00,226.7202541197621,17032.715467357317,17.204763098340724,,,,
100,1,1000,121,1242.0,0.0,0.012563305508015718,25.34247447809854,1.111989942991695,0.05,2.02623112188502,3.1382210648767153,25.34247447809854,2.02623112188502,0.0,0.0,19.206600643146615,0.0,22142.53010756451,10,2025-07-29 11:03:00,0.0,17032.715467357317,17.032715467357317,,,,
101,1,1010,198,1071.0,0.08549874266554576,0.0022465118547429935,21.303812385935228,0.8259941542745233,0.022465118547429934,2.04869624043245,2.874690394706973,21.478973338595832,2.04869624043245,0.1751609526606051,0.0019207393896376911,19.208521382536254,2.2770923845878666,22144.8071999491,10,2024-12-16 14:33:00,1.751609526606051,17034.467076883924,16.865808987013786,,,,
102,1,1020,199,1129.0,-0.0,0.003501122127818923,11.778586771142814,0.8343691549844303,0.03501122127818923,2.083707461710639,2.9180766166950693,11.778586771142814,2.083707461710639,-0.0,-0.0,19.208521382536254,-0.0,22144.8071999491,10,2024-12-17 00:36:00,-0.0,17034.467076883924,16.700457918513653,,,,
103,1,1030,199,929.0,-0.0,0.0010658914728682099,22.62537558398193,0.7838545928192882,0.0106589147286821,2.094366376439321,2.878220969258609,22.62537558398193,2.094366376439321,-0.0,-0.0,19.208521382536254,-0.0,22144.8071999491,10,2024-12-18 00:51:00,-0.0,17034.467076883924,16.538317550372742,,,,
104,1,1040,185,318.0,0.017857142857144584,0.002123366214001891,19.430577289736778,0.7583513345713364,0.02123366214001891,2.11560003857934,2.8739513731506765,19.46835586185427,2.11560003857934,0.03777857211749187,0.00037917253821466006,19.208900555074468,0.4911214375273943,22145.29832138663,10,2024-12-18 17:00:00,0.37778572117491865,17034.8448626051,16.379658521735674,,,,
105,1,1050,159,993.0,-0.0,0.0010221266875234923,9.788864459231363,0.7865633111421496,0.010221266875234922,2.1258213054545747,2.912384616596724,9.788864459231363,2.1258213054545747,-0.0,-0.0,19.208900555074468,-0.0,22145.29832138663,10,2024-12-19 10:54:00,-0.0,17034.8448626051,16.22366177390962,,,,
106,1,1060,198,421.0,0.0,0.0007777880599596095,12.412655956543121,0.9217052985411688,0.007777880599596095,2.133599186054171,3.05530448459534,12.412655956543121,2.133599186054171,0.0,0.0,19.208900555074468,0.0,22145.29832138663,10,2024-12-20 00:57:00,0.0,17034.8448626051,16.070608360948206,,,,
107,1,1070,200,231.0,-0.0,0.0010989639449451919,4.487339122432467,0.6293844676925296,0.010989639449451919,2.144588825503623,2.7739732931961525,4.487339122432467,2.144588825503623,-0.0,-0.0,19.208900555074468,-0.0,22145.29832138663,10,2024-12-21 00:12:00,-0.0,17034.8448626051,15.920415759444019,,,,
108,1,1080,201,387.0,-0.0,9.720978460668969e-05,6.219193923812331,0.6582558382228928,0.0009720978460668969,2.1455609233496897,2.8038167615725826,6.219193923812331,2.1455609233496897,-0.0,-0.0,19.208900555074468,-0.0,22145.29832138663,10,2024-12-21 21:33:00,-0.0,17034.8448626051,15.77300450241213,,,,
109,1,1090,168,325.0,0.8508264462809942,0.0028001068475988515,16.199362898420233,0.7074038528892719,0.028001068475988516,2.1735619918256783,2.88096584471495,18.048686923696714,2.1735619918256783,1.8493240252764813,0.023824049583496085,19.232724604657964,24.04121232859426,22169.33953371522,10,2024-12-22 07:36:00,18.493240252764814,17053.338102857866,15.6452643145485,,,,
110,1,1100,196,365.0,0.0,0.0006172222613388383,18.776888405966496,1.1239161673146087,0.006172222613388383,2.179734214439067,3.3036503817536755,18.776888405966496,2.179734214439067,0.0,0.0,19.232724604657964,0.0,22169.33953371522,10,2024-12-23 05:45:00,0.0,17053.338102857866,15.503034638961696,,,,
111,1,1110,200,929.0,-0.0,0.0010658914728682099,22.62537558398193,0.7838545928192882,0.0106589147286821,2.1903931291677488,2.974247721987037,22.62537558398193,2.1903931291677488,-0.0,-0.0,19.232724604657964,-0.0,22169.33953371522,10,2024-12-23 22:39:00,-0.0,17053.338102857866,15.363367660232312,,,,
112,1,1120,199,930.0,141.43434860506784,0.001017816743178303,33.21590551084465,1.0291617744544448,0.01017816743178303,2.2005712965995317,3.2297330710539764,344.45227340440897,2.2005712965995317,311.2363678935643,1.0,20.232724604657964,4046.072782616336,26215.412316331556,10,2024-12-24 15:09:00,3112.3636789356433,20165.70178179351,18.005090876601347,,,,
113,1,1130,198,930.0,141.43434860506784,0.001017816743178303,33.21590551084465,1.0291617744544448,0.01017816743178303,2.2107494640313146,3.2399112384857593,345.8918158851165,2.2107494640313146,312.67591037427184,1.0,21.232724604657964,4064.786834865534,30280.199151197092,10,2024-12-26 02:51:00,3126.7591037427183,23292.460885536228,20.61279724383737,,,,
114,1,1140,200,934.0,54.26131386861305,0.0014439163796154087,28.28099263070333,0.9472887068268365,0.014439163796154087,2.225188627827469,3.1724773346543054,149.022651182118,2.225188627827469,120.74165855141469,0.7834879987434312,22.016212603401396,1569.641561168391,31849.840712365483,10,2024-12-27 14:06:00,1207.4165855141468,24499.877471050375,21.49112058864068,,,,
115,1,1150,198,366.0,0.0,0.001148220473083549,9.767192846775922,1.0140029351770907,0.01148220473083549,2.2366708325583042,3.250673767735395,9.767192846775922,2.2366708325583042,0.0,0.0,22.016212603401396,0.0,31849.840712365483,10,2024-12-28 03:48:00,0.0,24499.877471050375,21.30424127917424,,,,
116,1,1160,199,375.0,-0.0,0.0012539863979664921,12.901320292209656,0.8246274202026513,0.01253986397966492,2.2492106965379692,3.0738381167406206,12.901320292209656,2.2492106965379692,-0.0,-0.0,22.016212603401396,-0.0,31849.840712365483,10,2024-12-29 02:03:00,-0.0,24499.877471050375,21.120584026767563,,,,
117,1,1170,195,464.0,0.8925180402582615,0.00023895813234200774,10.123832121103613,0.8807143180286889,0.002389581323420077,2.2516002778613893,3.132314595890078,12.133425988545417,2.2516002778613893,2.0095938674418043,0.0021327444398166304,22.018345347841212,26.12472027674346,31875.965432642228,10,2024-12-29 22:18:00,20.095938674418043,24519.973409724793,20.95724223053401,,,,
118,1,1180,199,938.0,42.52872023809597,0.0009740734950219419,28.5133324674294,0.9707299536673242,0.00974073495021942,2.2613410128116085,3.2320709664789327,124.68527176422688,2.2613410128116085,96.17193929679749,0.4142609916113254,22.432606339452537,1250.2352108583675,33126.2006435006,10,2024-12-30 13:39:00,961.719392967975,25481.692802692767,21.594654917536243,,,,
119,1,1190,75,993.0,-0.0,0.0010221266875234923,9.788864459231363,0.7865633111421496,0.010221266875234922,2.2715622796868433,3.058125590828993,9.788864459231363,2.2715622796868433,-0.0,-0.0,22.432606339452537,-0.0,33126.2006435006,10,2024-12-31 03:45:00,-0.0,25481.692802692767,21.413187229153586,,,,
120,1,1200,364,934.0,54.26131386861305,0.0014439163796154087,28.28099263070333,0.9472887068268365,0.014439163796154087,2.2860014434829976,3.233290150309834,152.32243445963675,2.2860014434829976,124.04144182893343,0.7834879987434312,23.21609433819597,1612.5387437761347,34738.73938727673,10,2025-01-01 19:30:00,1240.4144182893342,26722.1072209821,22.268422684151748,,,,
121,1,1210,193,1071.0,0.08549874266554576,0.0022465118547429935,21.303812385935228,0.8259941542745233,0.022465118547429934,2.3084665620304277,3.134460716304951,21.501183374474284,2.3084665620304277,0.19737098853905666,0.0019207393896376911,23.21801507758561,2.565822851007737,34741.305210127735,10,2025-01-04 01:45:00,1.9737098853905666,26724.08093086749,22.086017298237596,,,,
122,1,1220,189,318.0,0.017857142857144584,0.002123366214001891,19.430577289736778,0.7583513345713364,0.02123366214001891,2.3297002241704465,3.0880515587417827,19.47217907945411,2.3297002241704465,0.04160178971733342,0.00037917253821466006,23.218394250123822,0.5408232663253345,34741.84603339406,10,2025-01-04 11:45:00,0.4160178971733342,26724.496948764663,21.905325367839886,,,,
123,1,1230,195,464.0,0.8925180402582615,0.00023895813234200774,10.123832121103613,0.8807143180286889,0.002389581323420077,2.3320898054938666,3.2128041235225555,12.205264344009269,2.3320898054938666,2.081432222905656,0.0021327444398166304,23.220526994563638,27.05861889777353,34768.904652291836,10,2025-01-05 03:54:00,20.81432222905656,26745.31127099372,21.744155504872943,,,,
124,1,1240,65,700.0,3.5096213384139165,0.0030048189025338036,29.5323852603859,0.7455701196316469,0.030048189025338037,2.3621379945192045,3.107708114150851,37.82259517022875,2.3621379945192045,8.290209909842854,0.10545776538402124,23.32598475994766,107.77272882795711,34876.67738111979,10,2025-01-06 04:42:00,82.90209909842855,26828.213370092148,21.635655943622698,,,,
125,1,1250,99,931.0,116.5812033814022,0.006772761474793092,21.92067700254184,0.9442996785836758,0.05,2.4121379945192043,3.35643767310288,303.1306271255928,2.4121379945192043,281.209950123051,1.0,24.32598475994766,3655.7293515996626,38532.40673271946,10,2025-01-07 08:09:00,2812.0995012305098,29640.312871322658,23.712250297058127,,,,
126,1,1260,198,929.0,-0.0,0.0010658914728682099,22.62537558398193,0.7838545928192882,0.0106589147286821,2.4227969092478863,3.2066515020671744,22.62537558398193,2.4227969092478863,-0.0,-0.0,24.32598475994766,-0.0,38532.40673271946,10,2025-01-07 23:45:00,-0.0,29640.312871322658,23.52405783438306,,,,
127,1,1270,200,1014.0,0.31069518716577454,0.00029898775049270196,32.98770909190975,0.9573114957226183,0.0029898775049270196,2.425786786752813,3.3830982824754314,33.741389371644175,2.425786786752813,0.7536802797344281,0.0009289405509960393,24.326913700498654,9.797843636547565,38542.204576356,10,2025-01-08 15:45:00,7.536802797344281,29647.849674120003,23.344763522929135,,,,
128,1,1280,179,938.0,42.52872023809597,0.0009740734950219419,28.5133324674294,0.9707299536673242,0.00974073495021942,2.4355275217030323,3.4062574753703565,132.09320107012087,2.4355275217030323,103.57986860269148,0.4142609916113254,24.74117469210998,1346.5382918349892,39888.74286819099,10,2025-01-09 05:39:00,1035.7986860269148,30683.64836014692,23.97160028136478,,,,
129,1,1290,183,993.0,-0.0,0.0010221266875234923,9.788864459231363,0.7865633111421496,0.010221266875234922,2.445748788578267,3.2323120997204167,9.788864459231363,2.445748788578267,-0.0,-0.0,24.74117469210998,-0.0,39888.74286819099,10,2025-01-10 00:51:00,-0.0,30683.64836014692,23.78577392259451,,,,
130,1,1300,179,467.0,0.16697549927939054,0.0015546463061563863,9.888635470715043,0.9700261084951334,0.015546463061563863,2.461295251639831,3.431321360134964,10.299611474231597,2.461295251639831,0.41097600351655394,0.0025958784317332284,24.743770570541713,5.342688045715201,39894.0855562367,10,2025-01-11 01:57:00,4.1097600351655394,30687.758120182083,23.60596778475545,,,,
131,1,1310,186,700.0,3.5096213384139165,0.0030048189025338036,29.5323852603859,0.7455701196316469,0.030048189025338037,2.491343440665169,3.2369135602968155,38.27605736106192,2.491343440665169,8.743672100676022,0.10545776538402124,24.849228335925734,113.6677373087883,40007.75329354549,10,2025-01-12 00:15:00,87.43672100676022,30775.194841188844,23.49251514594568,,,,
132,1,1320,198,287.0,0.35041031652989435,0.0013014192927591893,6.882875785740817,0.6518034004537235,0.013014192927591893,2.5043576335927606,3.1561610340464843,7.760428536832113,2.5043576335927606,0.8775527510912964,0.004560307463138588,24.85378864338887,11.408185764186854,40019.161479309674,10,2025-01-12 22:12:00,8.775527510912964,30783.970368699756,23.32118967325739,,,,
133,1,1330,199,287.0,0.35041031652989435,0.0013014192927591893,6.882875785740817,0.6518034004537235,0.013014192927591893,2.5173718265203524,3.169175226974076,7.764988844295251,2.5173718265203524,0.882113058554435,0.004560307463138588,24.858348950852008,11.467469761207656,40030.62894907088,10,2025-01-14 07:00:00,8.82113058554435,30792.7914992853,23.152474811492706,,,,
134,1,1340,193,931.0,116.5812033814022,0.006772761474793092,21.92067700254184,0.9442996785836758,0.05,2.5673718265203522,3.511671505104028,321.2279740657931,2.5673718265203522,299.30729706325127,1.0,25.858348950852008,3890.9948618222666,43921.62381089315,10,2025-01-15 07:06:00,2993.072970632513,33785.86446991781,25.213331693968517,,,,
135,1,1350,193,931.0,116.5812033814022,0.006772761474793092,21.92067700254184,0.9442996785836758,0.05,2.617371826520352,3.561671505104028,327.0570342348632,2.617371826520352,305.13635723232136,1.0,26.858348950852008,3966.7726440201777,47888.39645491333,10,2025-01-17 22:00:00,3051.3635723232137,36837.228042241026,27.286835586845203,,,,
136,1,1360,199,931.0,116.5812033814022,0.006772761474793092,21.92067700254184,0.9442996785836758,0.05,2.667371826520352,3.611671505104028,332.8860944039332,2.667371826520352,310.9654174013914,1.0,27.858348950852008,4042.550426218088,51930.94688113142,10,2025-01-20 14:27:00,3109.6541740139137,39946.88221625494,29.37270751195216,,,,
137,1,1370,199,317.0,35.14869888475823,0.00026619569033688905,17.95378668782078,0.7975536483205917,0.0026619569033688906,2.6700337834237207,3.4675874317443123,111.80200015351292,2.6700337834237207,93.84821346569214,0.0935643216407166,27.951913272492725,1220.0267750539979,53150.97365618542,10,2025-01-21 04:27:00,938.4821346569214,40885.36435091186,29.84333164300136,,,,
138,1,1380,198,1190.0,-0.0,0.0017986595540965598,17.852596803456986,0.9579430279081891,0.0179865955409656,2.688020378964686,3.645963406872875,17.852596803456986,2.688020378964686,-0.0,-0.0,27.951913272492725,-0.0,53150.97365618542,10,2025-01-22 18:09:00,-0.0,40885.36435091186,29.6270756166028,,,,
139,1,1390,193,1071.0,0.08549874266554576,0.0022465118547429935,21.303812385935228,0.8259941542745233,0.022465118547429934,2.710485497512116,3.5364796517866397,21.53555548798571,2.710485497512116,0.2317431020504822,0.0019207393896376911,27.953834011882364,3.012660326656269,53153.98631651208,10,2025-01-25 21:33:00,2.317431020504822,40887.68178193237,29.415598404267893,,,,
140,1,1400,76,1071.0,0.08549874266554576,0.0022465118547429935,21.303812385935228,0.8259941542745233,0.022465118547429934,2.7329506160595463,3.5589447703340698,21.537476227375347,2.7329506160595463,0.2336638414401199,0.0019207393896376911,27.955754751272003,3.037629938721559,53157.0239464508,10,2025-01-26 23:00:00,2.336638414401199,40890.01842034677,29.20715601453341,,,,
141,1,1410,59,287.0,0.35041031652989435,0.0013014192927591893,6.882875785740817,0.6518034004537235,0.013014192927591893,2.745964808987138,3.3977682094408617,7.845090183637951,2.745964808987138,0.9622143978971339,0.004560307463138588,27.96031505873514,12.50878717266274,53169.53273362346,10,2025-01-28 09:27:00,9.622143978971339,40899.640564325746,29.00683727966365,,,,
142,1,1420,159,387.0,-0.0,9.720978460668969e-05,6.219193923812331,0.6582558382228928,0.0009720978460668969,2.746936906833205,3.4051927450560977,6.219193923812331,2.746936906833205,-0.0,-0.0,27.96031505873514,-0.0,53169.53273362346,10,2025-01-29 00:42:00,-0.0,40899.640564325746,28.802563777694186,,,,
143,1,1430,41,1129.0,-0.0,0.003501122127818923,11.778586771142814,0.8343691549844303,0.03501122127818923,2.7819481281113942,3.6163172830958246,11.778586771142814,2.7819481281113942,-0.0,-0.0,27.96031505873514,-0.0,53169.53273362346,10,2025-01-29 21:48:00,-0.0,40899.640564325746,28.601147247780244,,,,
144,1,1440,158,326.0,1.0134251290877794,0.0005766354463068888,15.145426220684516,0.7020308360286115,0.005766354463068888,2.7877144825744633,3.4897453186030747,17.970566130047413,2.7877144825744633,2.8251399093628975,0.005843768516101481,27.966158827251242,36.72681882171767,53206.25955244518,10,2025-01-30 08:00:00,28.251399093628976,40927.89196341937,28.422147196819008,,,,
145,1,1450,200,1128.0,0.0,0.0005968605565670843,1.8684021359512724,0.9794383874186771,0.005968605565670843,2.793683088140134,3.773121475558811,1.8684021359512724,2.793683088140134,0.0,0.0,27.966158827251242,0.0,53206.25955244518,10,2025-01-31 06:06:00,0.0,40927.89196341937,28.226132388565084,,,,
146,1,1460,200,1242.0,0.0,0.012563305508015718,25.34247447809854,1.111989942991695,0.05,2.843683088140134,3.9556730311318287,25.34247447809854,2.843683088140134,0.0,0.0,27.966158827251242,0.0,53206.25955244518,10,2025-02-01 05:09:00,0.0,40927.89196341937,28.032802714670805,,,,
147,1,1470,199,317.0,35.14869888475823,0.00026619569033688905,17.95378668782078,0.7975536483205917,0.0026619569033688906,2.8463450450435026,3.643898693364094,117.99911159817846,2.8463450450435026,100.04532491035768,0.0935643216407166,28.05972314889196,1300.5892238346498,54506.84877627983,10,2025-02-01 23:54:00,1000.4532491035768,41928.34521252295,28.522683818042825,,,,
148,1,1480,191,145.0,25.47406914893581,0.0031955981610369446,24.20357306726708,0.8210112471130385,0.031955981610369444,2.878301026653872,3.6993122737669104,97.52561245170077,2.878301026653872,73.32203938443368,0.8140488852646723,28.87377203415663,953.1865119976379,55460.03528827747,10,2025-02-02 23:21:00,733.2203938443367,42661.56560636729,28.825382166464383,,,,
149,1,1490,198,232.0,-0.0,0.007066138743234338,7.441426898178247,0.7970408795979358,0.05,2.928301026653872,3.7253419062518076,7.441426898178247,2.928301026653872,-0.0,-0.0,28.87377203415663,-0.0,55460.03528827747,10,2025-02-03 23:45:00,-0.0,42661.56560636729,28.63192322574986,,,,
150,1,1500,192,287.0,0.35041031652989435,0.0013014192927591893,6.882875785740817,0.6518034004537235,0.013014192927591893,2.9413152195814636,3.5931186200351872,7.913542982848553,2.9413152195814636,1.0306671971077364,0.004560307463138588,28.878332341619767,13.398673562400575,55473.433961839866,10,2025-02-05 00:21:00,10.306671971077364,42671.872278338364,28.447914852225576,,,,
151,1,1510,179,287.0,0.35041031652989435,0.0013014192927591893,6.882875785740817,0.6518034004537235,0.013014192927591893,2.9543294125090553,3.606132812962779,7.9181032903116915,2.9543294125090553,1.035227504570875,0.004560307463138588,28.882892649082905,13.457957559421377,55486.891919399284,10,2025-02-05 13:18:00,10.35227504570875,42682.224553384076,28.266373876413294,,,,
152,1,1520,19,993.0,-0.0,0.0010221266875234923,9.788864459231363,0.7865633111421496,0.010221266875234922,2.96455067938429,3.7511139905264397,9.788864459231363,2.96455067938429,-0.0,-0.0,28.882892649082905,-0.0,55486.891919399284,10,2025-02-06 07:12:00,-0.0,42682.224553384076,28.08041089038426,,,,
153,1,1530,43,541.0,11.47235521235522,0.005048524161512548,182.0271951887589,1.0399280283636232,0.05,3.01455067938429,4.054478707747913,216.61119138830222,3.01455067938429,34.58399619954333,0.5791846247902974,29.462077273873202,449.5919505940633,55936.483869993346,10,2025-05-26 22:06:00,345.83996199543327,43028.06451537951,28.122917983908177,,,,
154,1,1540,121,1242.0,0.0,0.012563305508015718,25.34247447809854,1.111989942991695,0.05,3.06455067938429,4.176540622375985,25.34247447809854,3.06455067938429,0.0,0.0,29.462077273873202,0.0,55936.483869993346,10,2025-07-29 11:03:00,0.0,43028.06451537951,27.94030163336332,,,,
155,2,1550,171,980.0,0.18464010282776375,0.0006212686434089131,47.344919764080345,0.5684383174697559,0.006212686434089131,3.070763365818379,3.639201683288135,47.91190582770478,3.070763365818379,0.5669860636244354,0.00114711106202687,29.46322438493523,7.37081882711766,55943.854688820466,10,2023-12-29 03:42:00,5.669860636244354,43033.73437601576,27.76369959742952,,,,
156,2,1560,189,929.0,-0.0,0.0010658914728682099,22.62537558398193,0.7838545928192882,0.0106589147286821,3.081422280547061,3.865276873366349,22.62537558398193,3.081422280547061,-0.0,-0.0,29.46322438493523,-0.0,55943.854688820466,10,2024-01-04 23:27:00,-0.0,43033.73437601576,27.585727164112665,,,,
157,2,1570,196,929.0,-0.0,0.0010658914728682099,22.62537558398193,0.7838545928192882,0.0106589147286821,3.092081195275743,3.875935788095031,22.62537558398193,3.092081195275743,-0.0,-0.0,29.46322438493523,-0.0,55943.854688820466,10,2024-01-06 02:00:00,-0.0,43033.73437601576,27.410021895551438,,,,
158,2,1580,197,980.0,0.18464010282776375,0.0006212686434089131,47.344919764080345,0.5684383174697559,0.006212686434089131,3.098293881709832,3.666732199179588,47.91698906498988,3.098293881709832,0.5720693009095347,0.00114711106202687,29.46437149599726,7.436900911823951,55951.29158973229,10,2024-01-09 01:06:00,5.7206930090953465,43039.45506902486,27.240161436091682,,,,
159,2,1590,198,930.0,141.43434860506784,0.001017816743178303,33.21590551084465,1.0291617744544448,0.01017816743178303,3.108472049141615,4.13763382359606,472.86062493824943,3.108472049141615,439.64471942740477,1.0,30.46437149599726,5715.381352556262,61666.672942288555,10,2024-01-11 04:36:00,4396.447194274047,47435.90226329891,29.833900794527615,,,,
160,2,1600,194,296.0,0.07126436781609177,0.0006328512175700808,7.405105320067271,0.578146110479791,0.006328512175700808,3.114800561317316,3.692946671797107,7.627079612942757,3.114800561317316,0.2219742928754863,0.00045099741941775754,30.464822493416676,2.885665807381322,61669.55860809593,10,2024-01-16 23:57:00,2.2197429287548633,47438.12200622766,29.648826253892288,,,,
161,2,1610,187,471.0,0.0,0.01774193548387066,24.79891852771984,0.8425403863364624,0.05,3.164800561317316,4.007340947653779,24.79891852771984,3.164800561317316,0.0,0.0,30.464822493416676,0.0,61669.55860809593,10,2024-01-19 02:06:00,0.0,47438.12200622766,29.464672053557553,,,,
162,2,1620,183,468.0,0.0,0.001182586942380661,21.119709234614295,0.8719921803223999,0.011825869423806609,3.1766264307411225,4.048618611063523,21.119709234614295,3.1766264307411225,0.0,0.0,30.464822493416676,0.0,61669.55860809593,10,2024-01-24 14:15:00,0.0,47438.12200622766,29.282791361868927,,,,
163,2,1630,166,421.0,0.0,0.0007777880599596095,12.412655956543121,0.9217052985411688,0.007777880599596095,3.1844043113407188,4.106109609881887,12.412655956543121,3.1844043113407188,0.0,0.0,30.464822493416676,0.0,61669.55860809593,10,2024-01-25 20:18:00,0.0,47438.12200622766,29.103142335108995,,,,
164,2,1640,199,1129.0,-0.0,0.003501122127818923,11.778586771142814,0.8343691549844303,0.03501122127818923,3.219415532618908,4.053784687603338,11.778586771142814,3.219415532618908,-0.0,-0.0,30.464822493416676,-0.0,61669.55860809593,10,2024-01-30 13:18:00,-0.0,47438.12200622766,28.925684150138817,,,,
165,2,1650,198,938.0,42.52872023809597,0.0009740734950219419,28.5133324674294,0.9707299536673242,0.00974073495021942,3.229156267569127,4.199886221236451,165.84521597597097,3.229156267569127,137.33188350854158,0.4142609916113254,30.879083485028,1785.3144856110407,63454.87309370697,10,2024-02-10 16:54:00,1373.3188350854157,48811.44084131308,29.582691418977625,,,,
166,2,1660,189,318.0,0.017857142857144584,0.002123366214001891,19.430577289736778,0.7583513345713364,0.02123366214001891,3.250389929709146,4.0087412642804825,19.48861996705302,3.250389929709146,0.05804267731624036,0.00037917253821466006,30.879462657566215,0.7545548051111248,63455.62764851208,10,2024-02-20 15:15:00,0.5804267731624037,48812.021268086246,29.404832089208583,,,,
167,2,1670,193,700.0,3.5096213384139165,0.0030048189025338036,29.5323852603859,0.7455701196316469,0.030048189025338037,3.2804381187344838,4.02600823836613,41.04548088124285,3.2804381187344838,11.51309562085695,0.10545776538402124,30.984920422950236,149.67024307114036,63605.29789158322,10,2024-03-02 17:24:00,115.1309562085695,48927.15222429481,29.297695942691504,,,,
168,2,1680,198,934.0,54.26131386861305,0.0014439163796154087,28.28099263070333,0.9472887068268365,0.014439163796154087,3.294877282530638,4.242165989357474,207.06536301666114,3.294877282530638,178.7843703859578,0.7834879987434312,31.768408421693668,2324.1968150174516,65929.49470660067,10,2024-03-03 14:54:00,1787.843703859578,50714.99592815439,30.187497576282375,,,,
169,2,1690,178,930.0,141.43434860506784,0.001017816743178303,33.21590551084465,1.0291617744544448,0.01017816743178303,3.305055449962421,4.334217224416866,500.66427017990907,3.305055449962421,467.4483646690644,1.0,32.768408421693664,6076.828740697838,72006.3234472985,10,2024-03-06 12:54:00,4674.483646690644,55389.479574845034,32.774839985115406,,,,
170,2,1700,196,1242.0,0.0,0.012563305508015718,25.34247447809854,1.111989942991695,0.05,3.3550554499624208,4.467045392954116,25.34247447809854,3.3550554499624208,0.0,0.0,32.768408421693664,0.0,72006.3234472985,10,2024-04-16 02:30:00,0.0,55389.479574845034,32.58204680873237,,,,
171,2,1710,135,566.0,4.508262072435309,0.0021376711416955787,205.43240281952214,1.261515886788859,0.02137671141695579,3.3764321613793764,4.637948048168235,220.65424387281956,3.3764321613793764,15.221841053297416,0.09637181731445663,32.86478023900812,197.8839336928664,72204.20738099137,10,2024-05-31 14:24:00,152.21841053297416,55541.69798537801,32.48052513764796,,,,
172,2,1720,141,566.0,4.508262072435309,0.0021376711416955787,205.43240281952214,1.261515886788859,0.02137671141695579,3.397808872796332,4.659324759585191,220.750615690134,3.397808872796332,15.318212870611871,0.09637181731445663,32.961152056322575,199.13676731795434,72403.34414830932,10,2024-06-12 15:30:00,153.1821287061187,55694.880114084124,32.38074425237449,,,,
173,2,1730,156,566.0,4.508262072435309,0.0021376711416955787,205.43240281952214,1.261515886788859,0.02137671141695579,3.4191855842132877,4.680701471002147,220.84698750744846,3.4191855842132877,15.414584687926327,0.09637181731445663,33.05752387363703,200.38960094304227,72603.73374925237,10,2024-06-28 13:00:00,154.14584687926327,55849.02596096339,32.28267396587479,,,,
174,2,1740,181,541.0,11.47235521235522,0.005048524161512548,182.0271951887589,1.0399280283636232,0.05,3.4691855842132875,4.509113612576911,221.8269245084358,3.4691855842132875,39.7997293196769,0.5791846247902974,33.636708498427325,517.3964811557996,73121.13023040816,10,2024-08-01 12:33:00,397.99729319676896,56247.02325416016,32.32587543342538,,,,
175,2,1750,185,1190.0,-0.0,0.0017986595540965598,17.852596803456986,0.9579430279081891,0.0179865955409656,3.487172179754253,4.445115207662442,17.852596803456986,3.487172179754253,-0.0,-0.0,33.636708498427325,-0.0,73121.13023040816,10,2024-08-08 14:39:00,-0.0,56247.02325416016,32.141156145234376,,,,
176,2,1760,195,929.0,-0.0,0.0010658914728682099,22.62537558398193,0.7838545928192882,0.0106589147286821,3.497831094482935,4.2816856873022235,22.62537558398193,3.497831094482935,-0.0,-0.0,33.636708498427325,-0.0,73121.13023040816,10,2024-12-15 03:30:00,-0.0,56247.02325416016,31.958535939863726,,,,
177,2,1770,199,325.0,0.8508264462809942,0.0028001068475988515,16.199362898420233,0.7074038528892719,0.028001068475988516,3.5258321629589235,4.233236015848195,19.199234147813804,3.5258321629589235,2.999871249393572,0.023824049583496085,33.66053254801082,38.99832624211644,73160.12855665028,10,2024-12-15 23:12:00,29.99871249393572,56277.021966654094,31.794927664776324,,,,
178,2,1780,198,1071.0,0.08549874266554576,0.0022465118547429935,21.303812385935228,0.8259941542745233,0.022465118547429934,3.5482972815063536,4.374291435780877,21.607187342107594,3.5482972815063536,0.3033749561723673,0.0019207393896376911,33.66245328740046,3.943874430240775,73164.07243108052,10,2024-12-16 14:33:00,3.033749561723673,56280.055716215815,31.618008829334727,,,,
179,2,1790,199,1129.0,-0.0,0.003501122127818923,11.778586771142814,0.8343691549844303,0.03501122127818923,3.5833085027845426,4.417677657768973,11.778586771142814,3.5833085027845426,-0.0,-0.0,33.66245328740046,-0.0,73164.07243108052,10,2024-12-17 00:36:00,-0.0,56280.055716215815,31.441371908500454,,,,
180,2,1800,199,929.0,-0.0,0.0010658914728682099,22.62537558398193,0.7838545928192882,0.0106589147286821,3.5939674175132246,4.377822010332513,22.62537558398193,3.5939674175132246,-0.0,-0.0,33.66245328740046,-0.0,73164.07243108052,10,2024-12-18 00:51:00,-0.0,56280.055716215815,31.266697620119896,,,,
181,2,1810,185,318.0,0.017857142857144584,0.002123366214001891,19.430577289736778,0.7583513345713364,0.02123366214001891,3.6152010796532434,4.37355241422458,19.49513445187345,3.6152010796532434,0.0645571621366713,0.00037917253821466006,33.66283245993868,0.839243107776727,73164.9116741883,10,2024-12-18 17:00:00,0.645571621366713,56280.70128783718,31.09431010377745,,,,
182,2,1820,159,993.0,-0.0,0.0010221266875234923,9.788864459231363,0.7865633111421496,0.010221266875234922,3.6254223465284783,4.411985657670628,9.788864459231363,3.6254223465284783,-0.0,-0.0,33.66283245993868,-0.0,73164.9116741883,10,2024-12-19 10:54:00,-0.0,56280.70128783718,30.923462246064386,,,,
183,2,1830,198,421.0,0.0,0.0007777880599596095,12.412655956543121,0.9217052985411688,0.007777880599596095,3.6332002271280746,4.554905525669243,12.412655956543121,3.6332002271280746,0.0,0.0,33.66283245993868,0.0,73164.9116741883,10,2024-12-20 00:57:00,0.0,56280.70128783718,30.754481578053106,,,,
184,2,1840,200,231.0,-0.0,0.0010989639449451919,4.487339122432467,0.6293844676925296,0.010989639449451919,3.6441898665775265,4.273574334270056,4.487339122432467,3.6441898665775265,-0.0,-0.0,33.66283245993868,-0.0,73164.9116741883,10,2024-12-21 00:12:00,-0.0,56280.70128783718,30.587337656433252,,,,
185,2,1850,201,387.0,-0.0,9.720978460668969e-05,6.219193923812331,0.6582558382228928,0.0009720978460668969,3.6451619644235933,4.303417802646486,6.219193923812331,3.6451619644235933,-0.0,-0.0,33.66283245993868,-0.0,73164.9116741883,10,2024-12-21 21:33:00,-0.0,56280.70128783718,30.422000696128208,,,,
186,2,1860,168,325.0,0.8508264462809942,0.0028001068475988515,16.199362898420233,0.7074038528892719,0.028001068475988516,3.673163032899582,4.380566885788854,19.324587148312904,3.673163032899582,3.12522424989267,0.023824049583496085,33.68665650952217,40.627915248604715,73205.53958943691,10,2024-12-22 07:36:00,31.252242498926698,56311.95353033611,30.27524383351404,,,,
187,2,1870,196,365.0,0.0,0.0006172222613388383,18.776888405966496,1.1239161673146087,0.006172222613388383,3.6793352555129704,4.803251422827579,18.776888405966496,3.6793352555129704,0.0,0.0,33.68665650952217,0.0,73205.53958943691,10,2024-12-23 05:45:00,0.0,56311.95353033611,30.113344133869578,,,,
188,2,1880,200,929.0,-0.0,0.0010658914728682099,22.62537558398193,0.7838545928192882,0.0106589147286821,3.6899941702416523,4.473848763060941,22.62537558398193,3.6899941702416523,-0.0,-0.0,33.68665650952217,-0.0,73205.53958943691,10,2024-12-23 22:39:00,-0.0,56311.95353033611,29.95316677145538,,,,
189,2,1890,199,930.0,141.43434860506784,0.001017816743178303,33.21590551084465,1.0291617744544448,0.01017816743178303,3.7001723376734352,4.72933411212788,556.547369816178,3.7001723376734352,523.3314643053334,1.0,34.68665650952217,6803.309035969334,80008.84862540624,10,2024-12-24 15:09:00,5233.314643053334,61545.26817338944,32.56363395417431,,,,
190,2,1900,198,930.0,141.43434860506784,0.001017816743178303,33.21590551084465,1.0291617744544448,0.01017816743178303,3.710350505105218,4.739512279559663,557.9869122968856,3.710350505105218,524.771006786041,1.0,35.68665650952217,6822.023088218533,86830.87171362477,10,2024-12-26 02:51:00,5247.710067860409,66792.97824124985,35.154199074342024,,,,
191,2,1910,200,934.0,54.26131386861305,0.0014439163796154087,28.28099263070333,0.9472887068268365,0.014439163796154087,3.7247896689013724,4.6720783757282085,230.392973949528,3.7247896689013724,202.11198131882466,0.7834879987434312,36.470144508265605,2627.455757144721,89458.3274707695,10,2024-12-27 14:06:00,2021.1198131882466,68814.09805443809,36.02832358871104,,,,
192,2,1920,198,366.0,0.0,0.001148220473083549,9.767192846775922,1.0140029351770907,0.01148220473083549,3.736271873632208,4.750274808809299,9.767192846775922,3.736271873632208,0.0,0.0,36.470144508265605,0.0,89458.3274707695,10,2024-12-28 03:48:00,0.0,68814.09805443809,35.84067607001984,,,,
193,2,1930,199,375.0,-0.0,0.0012539863979664921,12.901320292209656,0.8246274202026513,0.01253986397966492,3.748811737611873,4.573439157814525,12.901320292209656,3.748811737611873,-0.0,-0.0,36.470144508265605,-0.0,89458.3274707695,10,2024-12-29 02:03:00,-0.0,68814.09805443809,35.65497308520108,,,,
194,2,1940,195,464.0,0.8925180402582615,0.00023895813234200774,10.123832121103613,0.8807143180286889,0.002389581323420077,3.751201318935293,4.631915636963981,13.471846970893946,3.751201318935293,3.3480148497903333,0.0021327444398166304,36.472277252705425,43.52419304727434,89501.85166381676,10,2024-12-29 22:18:00,33.48014849790333,68847.57820293598,35.48844237264741,,,,
195,2,1950,199,938.0,42.52872023809597,0.0009740734950219419,28.5133324674294,0.9707299536673242,0.00974073495021942,3.760942053885512,4.731672007552836,188.4613849088164,3.760942053885512,159.948052441387,0.4142609916113254,36.88653824431675,2079.324681738031,91581.17634555479,10,2024-12-30 13:39:00,1599.4805244138702,70447.05872734985,36.126696783256335,,,,
196,2,1960,75,993.0,-0.0,0.0010221266875234923,9.788864459231363,0.7865633111421496,0.010221266875234922,3.771163320760747,4.557726631902897,9.788864459231363,3.771163320760747,-0.0,-0.0,36.88653824431675,-0.0,91581.17634555479,10,2024-12-31 03:45:00,-0.0,70447.05872734985,35.94237690170911,,,,
197,2,1970,364,934.0,54.26131386861305,0.0014439163796154087,28.28099263070333,0.9472887068268365,0.014439163796154087,3.785602484556901,4.732891191383738,233.69275722704674,3.785602484556901,205.4117645963434,0.7834879987434312,37.670026243060185,2670.3529397524644,94251.52928530726,10,2025-01-01 19:30:00,2054.117645963434,72501.17637331328,36.80262760066664,,,,
198,2,1980,193,1071.0,0.08549874266554576,0.0022465118547429935,21.303812385935228,0.8259941542745233,0.022465118547429934,3.8080676031043312,4.634061757378855,21.629397377986045,3.8080676031043312,0.32558499205081887,0.0019207393896376911,37.671946982449825,4.2326048966606455,94255.76189020392,10,2025-01-04 01:45:00,3.2558499205081888,72504.43222323379,36.61840011274434,,,,
199,2,1990,189,318.0,0.017857142857144584,0.002123366214001891,19.430577289736778,0.7583513345713364,0.02123366214001891,3.82930126524435,4.587652599815686,19.498957669473292,3.82930126524435,0.06838037973651287,0.00037917253821466006,37.67232615498804,0.8889449365746673,94256.6508351405,10,2025-01-04 11:45:00,0.6838037973651288,72505.11602703115,36.43473167187495,,,,
200,2,2000,195,464.0,0.8925180402582615,0.00023895813234200774,10.123832121103613,0.8807143180286889,0.002389581323420077,3.83169084656777,4.7124051645964595,13.543685326357798,3.83169084656777,3.4198532052541855,0.0021327444398166304,37.67445889942786,44.45809166830442,94301.10892680881,10,2025-01-05 03:54:00,34.19853205254186,72539.3145590837,36.269657279541846,,,,
201,2,2010,65,700.0,3.5096213384139165,0.0030048189025338036,29.5323852603859,0.7455701196316469,0.030048189025338037,3.861739035593108,4.607309155224755,43.085626983089455,3.861739035593108,13.553241722703552,0.10545776538402124,37.779916664811886,176.1921423951462,94477.30106920395,10,2025-01-06 04:42:00,135.53241722703552,72674.84697631073,36.15664028672175,,,,
202,2,2020,99,931.0,116.5812033814022,0.006772761474793092,21.92067700254184,0.9442996785836758,0.05,3.911739035593108,4.856038714176783,477.95592108599203,3.911739035593108,456.0352440834502,1.0,38.779916664811886,5928.458173084853,100405.75924228881,10,2025-01-07 08:09:00,4560.352440834502,77235.19941714522,38.235247236210505,,,,
203,2,2030,198,929.0,-0.0,0.0010658914728682099,22.62537558398193,0.7838545928192882,0.0106589147286821,3.92239795032179,4.706252543141078,22.62537558398193,3.92239795032179,-0.0,-0.0,38.779916664811886,-0.0,100405.75924228881,10,2025-01-07 23:45:00,-0.0,77235.19941714522,38.04689626460356,,,,
204,2,2040,200,1014.0,0.31069518716577454,0.00029898775049270196,32.98770909190975,0.9573114957226183,0.0029898775049270196,3.9253878278267167,4.8826993235493354,34.20730819777462,3.9253878278267167,1.219599105864875,0.0009289405509960393,38.780845605362884,15.854788376243377,100421.61403066505,10,2025-01-08 15:45:00,12.19599105864875,77247.39540820387,37.86637029813915,,,,
205,2,2050,179,938.0,42.52872023809597,0.0009740734950219419,28.5133324674294,0.9707299536673242,0.00974073495021942,3.935128562776936,4.90585851644426,195.86931421471039,3.935128562776936,167.355981747281,0.4142609916113254,39.19510659697421,2175.6277627146533,102597.2417933797,10,2025-01-09 05:39:00,1673.55981747281,78920.95522567668,38.498026939354475,,,,
206,2,2060,183,993.0,-0.0,0.0010221266875234923,9.788864459231363,0.7865633111421496,0.010221266875234922,3.9453498296521707,4.731913140794321,9.788864459231363,3.9453498296521707,-0.0,-0.0,39.19510659697421,-0.0,102597.2417933797,10,2025-01-10 00:51:00,-0.0,78920.95522567668,38.31114331343528,,,,
207,2,2070,179,467.0,0.16697549927939054,0.0015546463061563863,9.888635470715043,0.9700261084951334,0.015546463061563863,3.9608962927137346,4.930922401208868,10.550008106784805,3.9608962927137346,0.6613726360697628,0.0025958784317332284,39.19770247540595,8.597844268906917,102605.8396376486,10,2025-01-11 01:57:00,6.613726360697628,78927.56895203737,38.129260363303075,,,,
208,2,2080,186,700.0,3.5096213384139165,0.0030048189025338036,29.5323852603859,0.7455701196316469,0.030048189025338037,3.9909444817390725,4.736514601370719,43.53908917392262,3.9909444817390725,14.006703913536718,0.10545776538402124,39.30316024078997,182.08715087597736,102787.92678852458,10,2025-01-12 00:15:00,140.06703913536717,79067.63599117273,38.01328653421766,,,,
209,2,2090,198,287.0,0.35041031652989435,0.0013014192927591893,6.882875785740817,0.6518034004537235,0.013014192927591893,4.003958674666665,4.655762075120388,8.285904212303379,4.003958674666665,1.4030284265625623,0.004560307463138588,39.30772054825311,18.23936954531331,102806.16615806989,10,2025-01-12 22:12:00,14.030284265625623,79081.66627543836,37.83811783513797,,,,
210,2,2100,199,287.0,0.35041031652989435,0.0013014192927591893,6.882875785740817,0.6518034004537235,0.013014192927591893,4.016972867594257,4.6687762680479805,8.290464519766518,4.016972867594257,1.407588734025701,0.004560307463138588,39.312280855716246,18.298653542334115,102824.46481161223,10,2025-01-14 07:00:00,14.07588734025701,79095.74216277861,37.66463912513267,,,,
211,2,2110,193,931.0,116.5812033814022,0.006772761474793092,21.92067700254184,0.9442996785836758,0.05,4.066972867594257,5.011272546177932,496.0532680261924,4.066972867594257,474.1325910236506,1.0,40.312280855716246,6163.723683307458,108988.18849491968,10,2025-01-15 07:06:00,4741.325910236506,83837.06807301512,39.73320761754271,,,,
212,2,2120,193,931.0,116.5812033814022,0.006772761474793092,21.92067700254184,0.9442996785836758,0.05,4.1169728675942565,5.061272546177932,501.8823281952625,4.1169728675942565,479.9616511927207,1.0,41.312280855716246,6239.501465505369,115227.68996042505,10,2025-01-17 22:00:00,4799.616511927207,88636.68458494233,41.80975687968978,,,,
213,2,2130,199,931.0,116.5812033814022,0.006772761474793092,21.92067700254184,0.9442996785836758,0.05,4.166972867594256,5.111272546177932,507.7113883643326,4.166972867594256,485.7907113617908,1.0,42.312280855716246,6315.27924770328,121542.96920812833,10,2025-01-20 14:27:00,4857.907113617908,93494.59169856024,43.89417450636631,,,,
214,2,2140,199,317.0,35.14869888475823,0.00026619569033688905,17.95378668782078,0.7975536483205917,0.0026619569033688906,4.169634824497625,4.967188472818217,164.51102559348953,4.169634824497625,146.55723890566875,0.0935643216407166,42.405845177356966,1905.244105773694,123448.21331390202,10,2025-01-21 04:27:00,1465.5723890566876,94960.16408761693,44.373908452157444,,,,
215,2,2150,198,1190.0,-0.0,0.0017986595540965598,17.852596803456986,0.9579430279081891,0.0179865955409656,4.187621420038591,5.1455644479467795,17.852596803456986,4.187621420038591,-0.0,-0.0,42.405845177356966,-0.0,123448.21331390202,10,2025-01-22 18:09:00,-0.0,94960.16408761693,44.16751818028694,,,,
216,2,2160,193,1071.0,0.08549874266554576,0.0022465118547429935,21.303812385935228,0.8259941542745233,0.022465118547429934,4.210086538586021,5.036080692860544,21.663769491497472,4.210086538586021,0.3599571055622445,0.0019207393896376911,42.407765916746605,4.679442372309178,123452.89275627432,10,2025-01-25 21:33:00,3.5995710556224445,94963.76365867254,43.964705397533585,,,,
217,2,2170,76,1071.0,0.08549874266554576,0.0022465118547429935,21.303812385935228,0.8259941542745233,0.022465118547429934,4.232551657133451,5.058545811407974,21.665690230887108,4.232551657133451,0.3618778449518822,0.0019207393896376911,42.409686656136245,4.7044119843744685,123457.5971682587,10,2025-01-26 23:00:00,3.618778449518822,94967.38243712205,43.763770708351174,,,,
218,2,2180,59,287.0,0.35041031652989435,0.0013014192927591893,6.882875785740817,0.6518034004537235,0.013014192927591893,4.245565850061043,4.897369250514767,8.370565859109217,4.245565850061043,1.4876900733684,0.004560307463138588,42.41424696359938,19.3399709537892,123476.93713921249,10,2025-01-28 09:27:00,14.876900733684,94982.25933785574,43.569843732961345,,,,
219,2,2190,159,387.0,-0.0,9.720978460668969e-05,6.219193923812331,0.6582558382228928,0.0009720978460668969,4.24653794790711,4.904793786130003,6.219193923812331,4.24653794790711,-0.0,-0.0,42.41424696359938,-0.0,123476.93713921249,10,2025-01-29 00:42:00,-0.0,94982.25933785574,43.37089467481997,,,,
220,2,2200,41,1129.0,-0.0,0.003501122127818923,11.778586771142814,0.8343691549844303,0.03501122127818923,4.2815491691853,5.11591832416973,11.778586771142814,4.2815491691853,-0.0,-0.0,42.41424696359938,-0.0,123476.93713921249,10,2025-01-29 21:48:00,-0.0,94982.25933785574,43.17375424447988,,,,
221,2,2210,158,326.0,1.0134251290877794,0.0005766354463068888,15.145426220684516,0.7020308360286115,0.005766354463068888,4.287315523648369,4.98934635967698,19.490299508677904,4.287315523648369,4.344873287993388,0.005843768516101481,42.42009073211548,56.483352743914054,123533.4204919564,10,2025-01-30 08:00:00,43.44873287993388,95025.70807073567,42.99805795055912,,,,
222,2,2220,200,1128.0,0.0,0.0005968605565670843,1.8684021359512724,0.9794383874186771,0.005968605565670843,4.293284129214039,5.272722516632716,1.8684021359512724,4.293284129214039,0.0,0.0,42.42009073211548,0.0,123533.4204919564,10,2025-01-31 06:06:00,0.0,95025.70807073567,42.80437300483589,,,,
223,2,2230,200,1242.0,0.0,0.012563305508015718,25.34247447809854,1.111989942991695,0.05,4.343284129214039,5.455274072205734,25.34247447809854,4.343284129214039,0.0,0.0,42.42009073211548,0.0,123533.4204919564,10,2025-02-01 05:09:00,0.0,95025.70807073567,42.61242514382765,,,,
224,2,2240,199,317.0,35.14869888475823,0.00026619569033688905,17.95378668782078,0.7975536483205917,0.0026619569033688906,4.345946086117408,5.143499734438,170.70813703815512,4.345946086117408,152.75435035033433,0.0935643216407166,42.5136550537562,1985.8065545543466,125519.22704651076,10,2025-02-01 23:54:00,1527.5435035033433,96553.25157423901,43.104130167070984,,,,
225,2,2250,191,145.0,25.47406914893581,0.0031955981610369446,24.20357306726708,0.8210112471130385,0.031955981610369444,4.377902067727778,5.198913314840817,135.72655306783355,4.377902067727778,111.52298000056648,0.8140488852646723,43.32770393902088,1449.7987400073644,126969.02578651812,10,2025-02-02 23:21:00,1115.2298000056649,97668.48137424467,43.408213944108745,,,,
226,2,2260,198,232.0,-0.0,0.007066138743234338,7.441426898178247,0.7970408795979358,0.05,4.427902067727778,5.224942947325713,7.441426898178247,4.427902067727778,-0.0,-0.0,43.32770393902088,-0.0,126969.02578651812,10,2025-02-03 23:45:00,-0.0,97668.48137424467,43.21614220099322,,,,
227,2,2270,192,287.0,0.35041031652989435,0.0013014192927591893,6.882875785740817,0.6518034004537235,0.013014192927591893,4.44091626065537,5.0927196611090935,8.439018658319819,4.44091626065537,1.556142872579003,0.004560307463138588,43.332264246484016,20.229857343527037,126989.25564386164,10,2025-02-05 00:21:00,15.56142872579003,97684.04280297046,43.03261797487686,,,,
228,2,2280,179,287.0,0.35041031652989435,0.0013014192927591893,6.882875785740817,0.6518034004537235,0.013014192927591893,4.453930453582962,5.105733854036686,8.443578965782958,4.453930453582962,1.5607031800421416,0.004560307463138588,43.33682455394715,20.28914134054784,127009.54478520219,10,2025-02-05 13:18:00,15.607031800421415,97699.64983477088,42.850723611741614,,,,
229,2,2290,19,993.0,-0.0,0.0010221266875234923,9.788864459231363,0.7865633111421496,0.010221266875234922,4.464151720458197,5.250715031600347,9.788864459231363,4.464151720458197,-0.0,-0.0,43.33682455394715,-0.0,127009.54478520219,10,2025-02-06 07:12:00,-0.0,97699.64983477088,42.663602547934886,,,,
230,2,2300,43,541.0,11.47235521235522,0.005048524161512548,182.0271951887589,1.0399280283636232,0.05,4.514151720458197,5.55407974882182,233.8151472083198,4.514151720458197,51.78795201956088,0.5791846247902974,43.916009178737454,673.2433762542915,127682.78816145648,10,2025-05-26 22:06:00,517.8795201956088,98217.5293549665,42.703273632594126,,,,
231,2,2310,121,1242.0,0.0,0.012563305508015718,25.34247447809854,1.111989942991695,0.05,4.564151720458197,5.676141663449892,25.34247447809854,4.564151720458197,0.0,0.0,43.916009178737454,0.0,127682.78816145648,10,2025-07-29 11:03:00,0.0,98217.5293549665,42.51841097617597,,,,
232,3,2320,171,980.0,0.18464010282776375,0.0006212686434089131,47.344919764080345,0.5684383174697559,0.006212686434089131,4.570364406892286,5.1388027243620416,48.18879231812929,4.570364406892286,0.8438725540489431,0.00114711106202687,43.91715628979948,10.970343202636261,127693.75850465911,10,2023-12-29 03:42:00,8.43872554048943,98225.96808050698,42.33877934504611,,,,
233,3,2330,189,929.0,-0.0,0.0010658914728682099,22.62537558398193,0.7838545928192882,0.0106589147286821,4.581023321620968,5.364877914440257,22.62537558398193,4.581023321620968,-0.0,-0.0,43.91715628979948,-0.0,127693.75850465911,10,2024-01-04 23:27:00,-0.0,98225.96808050698,42.15706784571115,,,,
234,3,2340,196,929.0,-0.0,0.0010658914728682099,22.62537558398193,0.7838545928192882,0.0106589147286821,4.591682236349651,5.375536829168938,22.62537558398193,4.591682236349651,-0.0,-0.0,43.91715628979948,-0.0,127693.75850465911,10,2024-01-06 02:00:00,-0.0,98225.96808050698,41.97690943611409,,,,
235,3,2350,197,980.0,0.18464010282776375,0.0006212686434089131,47.344919764080345,0.5684383174697559,0.006212686434089131,4.597894922783739,5.166333240253495,48.19387555541439,4.597894922783739,0.8489557913340425,0.00114711106202687,43.918303400861504,11.036425287342553,127704.79492994645,10,2024-01-09 01:06:00,8.489557913340425,98234.45763842032,41.80189686741291,,,,
236,3,2360,198,930.0,141.43434860506784,0.001017816743178303,33.21590551084465,1.0291617744544448,0.01017816743178303,4.608073090215522,5.637234864669967,684.9557213500191,4.608073090215522,651.7398158391744,1.0,44.918303400861504,8472.617605909269,136177.41253585572,10,2024-01-11 04:36:00,6517.398158391744,104751.85579681207,44.38637957492037,,,,
237,3,2370,194,296.0,0.07126436781609177,0.0006328512175700808,7.405105320067271,0.578146110479791,0.006328512175700808,4.614401602391223,5.192547712871014,7.7339477331112425,4.614401602391223,0.3288424130439714,0.00045099741941775754,44.918754398280925,4.274951369571628,136181.68748722528,10,2024-01-16 23:57:00,3.2884241304397137,104755.14422094251,44.20048279364663,,,,
238,3,2380,187,471.0,0.0,0.01774193548387066,24.79891852771984,0.8425403863364624,0.05,4.664401602391223,5.506941988727686,24.79891852771984,4.664401602391223,0.0,0.0,44.918754398280925,0.0,136181.68748722528,10,2024-01-19 02:06:00,0.0,104755.14422094251,44.01476647938761,,,,
239,3,2390,183,468.0,0.0,0.001182586942380661,21.119709234614295,0.8719921803223999,0.011825869423806609,4.67622747181503,5.54821965213743,21.119709234614295,4.67622747181503,0.0,0.0,44.918754398280925,0.0,136181.68748722528,10,2024-01-24 14:15:00,0.0,104755.14422094251,43.83060427654499,,,,
240,3,2400,166,421.0,0.0,0.0007777880599596095,12.412655956543121,0.9217052985411688,0.007777880599596095,4.6840053524146255,5.605710650955794,12.412655956543121,4.6840053524146255,0.0,0.0,44.918754398280925,0.0,136181.68748722528,10,2024-01-25 20:18:00,0.0,104755.14422094251,43.647976758726045,,,,
241,3,2410,199,1129.0,-0.0,0.003501122127818923,11.778586771142814,0.8343691549844303,0.03501122127818923,4.719016573692815,5.553385728677245,11.778586771142814,4.719016573692815,-0.0,-0.0,44.918754398280925,-0.0,136181.68748722528,10,2024-01-30 13:18:00,-0.0,104755.14422094251,43.466864821967846,,,,
242,3,2420,198,938.0,42.52872023809597,0.0009740734950219419,28.5133324674294,0.9707299536673242,0.00974073495021942,4.728757308643035,5.699487262310359,229.62132912056066,4.728757308643035,201.10799665313127,0.4142609916113254,45.33301538989225,2614.403956490706,138796.091443716,10,2024-02-10 16:54:00,2011.0799665313127,106766.22418747382,44.11827445763381,,,,
243,3,2430,189,318.0,0.017857142857144584,0.002123366214001891,19.430577289736778,0.7583513345713364,0.02123366214001891,4.749990970783053,5.50834230535439,19.5153985570722,4.749990970783053,0.08482126733541986,0.00037917253821466006,45.33339456243047,1.1026764753604583,138797.19412019136,10,2024-02-20 15:15:00,0.8482126733541986,106767.07240014718,43.93706683133629,,,,
244,3,2440,193,700.0,3.5096213384139165,0.0030048189025338036,29.5323852603859,0.7455701196316469,0.030048189025338037,4.780039159808392,5.525609279440038,46.30851269410356,4.780039159808392,16.77612743371766,0.10545776538402124,45.438852327814494,218.08965663832961,139015.2837768297,10,2024-03-02 17:24:00,167.76127433717662,106934.83367448435,43.82575150593621,,,,
245,3,2450,198,934.0,54.26131386861305,0.0014439163796154087,28.28099263070333,0.9472887068268365,0.014439163796154087,4.794478323604546,5.741767030431382,288.4356857840713,4.794478323604546,260.154693153368,0.7834879987434312,46.22234032655793,3382.0110109937837,142397.29478782348,10,2024-03-03 14:54:00,2601.54693153368,109536.38060601804,44.70872677796655,,,,
246,3,2460,178,930.0,141.43434860506784,0.001017816743178303,33.21590551084465,1.0291617744544448,0.01017816743178303,4.8046564910363285,5.833818265490773,712.7593665916787,4.8046564910363285,679.543461080834,1.0,47.22234032655793,8834.064994050843,151231.35978187431,10,2024-03-06 12:54:00,6795.434610808341,116331.81521682638,47.28935577919771,,,,
247,3,2470,196,1242.0,0.0,0.012563305508015718,25.34247447809854,1.111989942991695,0.05,4.854656491036328,5.966646434028023,25.34247447809854,4.854656491036328,0.0,0.0,47.22234032655793,0.0,151231.35978187431,10,2024-04-16 02:30:00,0.0,116331.81521682638,47.09790089750056,,,,
248,3,2480,135,566.0,4.508262072435309,0.0021376711416955787,205.43240281952214,1.261515886788859,0.02137671141695579,4.876033202453284,6.1375490892421425,227.41483837007755,4.876033202453284,21.982435550555415,0.09637181731445663,47.31871214387238,285.7716621572204,151517.13144403155,10,2024-05-31 14:24:00,219.82435550555414,116551.63957233193,46.99662885981126,,,,
249,3,2490,141,566.0,4.508262072435309,0.0021376711416955787,205.43240281952214,1.261515886788859,0.02137671141695579,4.89740991387024,6.158925800659098,227.511210187392,4.89740991387024,22.078807367869874,0.09637181731445663,47.41508396118684,287.02449578230835,151804.15593981385,10,2024-06-12 15:30:00,220.78807367869874,116772.42764601063,46.89655728755447,,,,
250,3,2500,156,566.0,4.508262072435309,0.0021376711416955787,205.43240281952214,1.261515886788859,0.02137671141695579,4.918786625287195,6.180302512076054,227.60758200470647,4.918786625287195,22.17517918518433,0.09637181731445663,47.51145577850129,288.2773294073963,152092.43326922125,10,2024-06-28 13:00:00,221.7517918518433,116994.17943786248,46.79767177514499,,,,
251,3,2510,181,541.0,11.47235521235522,0.005048524161512548,182.0271951887589,1.0399280283636232,0.05,4.968786625287195,6.008714653650818,239.03088032845335,4.968786625287195,57.003685139694454,0.5791846247902974,48.09064040329159,741.047906816028,152833.48117603728,10,2024-08-01 12:33:00,570.0368513969445,117564.21628925942,46.83833318297188,,,,
252,3,2520,185,1190.0,-0.0,0.0017986595540965598,17.852596803456986,0.9579430279081891,0.0179865955409656,4.9867732208281605,5.944716248736349,17.852596803456986,4.9867732208281605,-0.0,-0.0,48.09064040329159,-0.0,152833.48117603728,10,2024-08-08 14:39:00,-0.0,117564.21628925942,46.65246678145215,,,,
253,3,2530,195,929.0,-0.0,0.0010658914728682099,22.62537558398193,0.7838545928192882,0.0106589147286821,4.997432135556843,5.781286728376131,22.62537558398193,4.997432135556843,-0.0,-0.0,48.09064040329159,-0.0,152833.48117603728,10,2024-12-15 03:30:00,-0.0,117564.21628925942,46.46806967954918,,,,
254,3,2540,199,325.0,0.8508264462809942,0.0028001068475988515,16.199362898420233,0.7074038528892719,0.028001068475988516,5.025433204032831,5.7328370569221025,20.47513437243,5.025433204032831,4.2757714740097645,0.023824049583496085,48.11446445287508,55.58502916212694,152889.0662051994,10,2024-12-15 23:12:00,42.75771474009765,117606.97400399952,46.30195826929115,,,,
255,3,2550,198,1071.0,0.08549874266554576,0.0022465118547429935,21.303812385935228,0.8259941542745233,0.022465118547429934,5.047898322580261,5.873892476854785,21.73540134561936,5.047898322580261,0.43158895968412986,0.0019207393896376911,48.11638519226472,5.6106564758936885,152894.67686167528,10,2024-12-16 14:33:00,4.3158895968412985,117611.28989359636,46.122074468077,,,,
256,3,2560,199,1129.0,-0.0,0.003501122127818923,11.778586771142814,0.8343691549844303,0.03501122127818923,5.082909543858451,5.917278698842881,11.778586771142814,5.082909543858451,-0.0,-0.0,48.11638519226472,-0.0,152894.67686167528,10,2024-12-17 00:36:00,-0.0,117611.28989359636,45.94191011468608,,,,
257,3,2570,199,929.0,-0.0,0.0010658914728682099,22.62537558398193,0.7838545928192882,0.0106589147286821,5.093568458587133,5.877423051406421,22.62537558398193,5.093568458587133,-0.0,-0.0,48.11638519226472,-0.0,152894.67686167528,10,2024-12-18 00:51:00,-0.0,117611.28989359636,45.76314781851998,,,,
258,3,2580,185,318.0,0.017857142857144584,0.002123366214001891,19.430577289736778,0.7583513345713364,0.02123366214001891,5.114802120727152,5.873153455298488,19.521913041892628,5.114802120727152,0.09133575215585082,0.00037917253821466006,48.11676436480294,1.1873647780260608,152895.8642264533,10,2024-12-18 17:00:00,0.9133575215585082,117612.20325111791,45.586125291130976,,,,
259,3,2590,159,993.0,-0.0,0.0010221266875234923,9.788864459231363,0.7865633111421496,0.010221266875234922,5.125023387602387,5.911586698744537,9.788864459231363,5.125023387602387,-0.0,-0.0,48.11676436480294,-0.0,152895.8642264533,10,2024-12-19 10:54:00,-0.0,117612.20325111791,45.41011708537371,,,,
260,3,2600,198,421.0,0.0,0.0007777880599596095,12.412655956543121,0.9217052985411688,0.007777880599596095,5.132801268201983,6.054506566743152,12.412655956543121,5.132801268201983,0.0,0.0,48.11676436480294,0.0,152895.8642264533,10,2024-12-20 00:57:00,0.0,117612.20325111791,45.2354627888915,,,,
261,3,2610,200,231.0,-0.0,0.0010989639449451919,4.487339122432467,0.6293844676925296,0.010989639449451919,5.143790907651435,5.773175375343965,4.487339122432467,5.143790907651435,-0.0,-0.0,48.11676436480294,-0.0,152895.8642264533,10,2024-12-21 00:12:00,-0.0,117612.20325111791,45.06214683950878,,,,
262,3,2620,201,387.0,-0.0,9.720978460668969e-05,6.219193923812331,0.6582558382228928,0.0009720978460668969,5.144763005497502,5.803018843720395,6.219193923812331,5.144763005497502,-0.0,-0.0,48.11676436480294,-0.0,152895.8642264533,10,2024-12-21 21:33:00,-0.0,117612.20325111791,44.89015391264042,,,,
263,3,2630,168,325.0,0.8508264462809942,0.0028001068475988515,16.199362898420233,0.7074038528892719,0.028001068475988516,5.17276407397349,5.880167926862763,20.600487372929095,5.17276407397349,4.401124474508863,0.023824049583496085,48.140588414386436,57.21461816861522,152953.07884462192,10,2024-12-22 07:36:00,44.011244745088625,117656.21449586301,44.736203230366165,,,,
264,3,2640,196,365.0,0.0,0.0006172222613388383,18.776888405966496,1.1239161673146087,0.006172222613388383,5.178936296586879,6.302852463901488,18.776888405966496,5.178936296586879,0.0,0.0,48.140588414386436,0.0,152953.07884462192,10,2024-12-23 05:45:00,0.0,117656.21449586301,44.566747915099626,,,,
265,3,2650,200,929.0,-0.0,0.0010658914728682099,22.62537558398193,0.7838545928192882,0.0106589147286821,5.189595211315561,5.97344980413485,22.62537558398193,5.189595211315561,-0.0,-0.0,48.140588414386436,-0.0,152953.07884462192,10,2024-12-23 22:39:00,-0.0,117656.21449586301,44.39857150787283,,,,
266,3,2660,199,930.0,141.43434860506784,0.001017816743178303,33.21590551084465,1.0291617744544448,0.01017816743178303,5.199773378747344,6.228935153201789,768.642466227948,5.199773378747344,735.4265607171034,1.0,49.140588414386436,9560.545289322345,162513.62413394428,10,2024-12-24 15:09:00,7354.2656071710335,125010.48010303405,46.99642109136618,,,,
267,3,2670,198,930.0,141.43434860506784,0.001017816743178303,33.21590551084465,1.0291617744544448,0.01017816743178303,5.209951546179127,6.239113320633572,770.0820087086555,5.209951546179127,736.8661031978108,1.0,50.140588414386436,9579.25934157154,172092.88347551582,10,2024-12-26 02:51:00,7368.661031978108,132379.14113501215,49.5802026722892,,,,
268,3,2680,200,934.0,54.26131386861305,0.0014439163796154087,28.28099263070333,0.9472887068268365,0.014439163796154087,5.224390709975281,6.171679416802117,311.7632967169382,5.224390709975281,283.4823040862349,0.7834879987434312,50.92407641312987,3685.2699531210533,175778.15342863687,10,2024-12-27 14:06:00,2834.8230408623485,135213.96417587448,50.452971707415855,,,,
269,3,2690,198,366.0,0.0,0.001148220473083549,9.767192846775922,1.0140029351770907,0.01148220473083549,5.235872914706117,6.249875849883208,9.767192846775922,5.235872914706117,0.0,0.0,50.92407641312987,0.0,175778.15342863687,10,2024-12-28 03:48:00,0.0,135213.96417587448,50.2654141917749,,,,
270,3,2700,199,375.0,-0.0,0.0012539863979664921,12.901320292209656,0.8246274202026513,0.01253986397966492,5.248412778685782,6.0730401988884335,12.901320292209656,5.248412778685782,-0.0,-0.0,50.92407641312987,-0.0,175778.15342863687,10,2024-12-29 02:03:00,-0.0,135213.96417587448,50.079245991064624,,,,
271,3,2710,195,464.0,0.8925180402582615,0.00023895813234200774,10.123832121103613,0.8807143180286889,0.002389581323420077,5.250802360009202,6.131516678037891,14.81026795324248,5.250802360009202,4.6864358321388675,0.0021327444398166304,50.92620915756969,60.92366581780528,175839.07709445467,10,2024-12-29 22:18:00,46.86435832138868,135260.82853419587,49.91174484656674,,,,
272,3,2720,199,938.0,42.52872023809597,0.0009740734950219419,28.5133324674294,0.9707299536673242,0.00974073495021942,5.260543094959422,6.231273048626746,252.23749805340617,5.260543094959422,223.72416558597678,0.4142609916113254,51.340470149181016,2908.414152617698,178747.49124707238,10,2024-12-30 13:39:00,2237.241655859768,137498.07019005565,50.55076109928516,,,,
273,3,2730,75,993.0,-0.0,0.0010221266875234923,9.788864459231363,0.7865633111421496,0.010221266875234922,5.270764361834657,6.057327672976807,9.788864459231363,5.270764361834657,-0.0,-0.0,51.340470149181016,-0.0,178747.49124707238,10,2024-12-31 03:45:00,-0.0,137498.07019005565,50.36559347621086,,,,
274,3,2740,364,934.0,54.26131386861305,0.0014439163796154087,28.28099263070333,0.9472887068268365,0.014439163796154087,5.285203525630811,6.2324922324576475,315.06307999445704,5.285203525630811,286.7820873637537,0.7834879987434312,52.12395814792445,3728.1671357287987,182475.65838280116,10,2025-01-01 19:30:00,2867.8208736375373,140365.89106369318,51.22842739550846,,,,
275,3,2750,193,1071.0,0.08549874266554576,0.0022465118547429935,21.303812385935228,0.8259941542745233,0.022465118547429934,5.307668644178241,6.1336627984527645,21.75761138149781,5.307668644178241,0.4537989955625816,0.0019207393896376911,52.12587888731409,5.89938694231356,182481.55776974346,10,2025-01-04 01:45:00,4.537989955625815,140370.4290536488,51.043792383145025,,,,
276,3,2760,189,318.0,0.017857142857144584,0.002123366214001891,19.430577289736778,0.7583513345713364,0.02123366214001891,5.32890230631826,6.087253640889596,19.525736259492472,5.32890230631826,0.09515896975569241,0.00037917253821466006,52.126258059852304,1.2370666068240013,182482.79483635028,10,2025-01-04 11:45:00,0.951589697556924,140371.38064334638,50.859195885270424,,,,
277,3,2770,195,464.0,0.8925180402582615,0.00023895813234200774,10.123832121103613,0.8807143180286889,0.002389581323420077,5.33129188764168,6.212006205670369,14.882106308706334,5.33129188764168,4.75827418760272,0.0021327444398166304,52.128390804292124,61.85756443883537,182544.6524007891,10,2025-01-05 03:54:00,47.5827418760272,140418.9633852224,50.692766565062236,,,,
278,3,2780,65,700.0,3.5096213384139165,0.0030048189025338036,29.5323852603859,0.7455701196316469,0.030048189025338037,5.361340076667019,6.106910196298665,48.34865879595017,5.361340076667019,18.81627353556427,0.10545776538402124,52.23384856967615,244.61155596233553,182789.26395675144,10,2025-01-06 04:42:00,188.16273535564272,140607.12612057803,50.578102921071235,,,,
279,3,2790,99,931.0,116.5812033814022,0.006772761474793092,21.92067700254184,0.9442996785836758,0.05,5.4113400766670186,6.355639755250694,652.7812150463922,5.4113400766670186,630.8605380438503,1.0,53.23384856967615,8201.186994570055,190990.4509513215,10,2025-01-07 08:09:00,6308.605380438503,146915.73150101653,52.65796827993424,,,,
280,3,2800,198,929.0,-0.0,0.0010658914728682099,22.62537558398193,0.7838545928192882,0.0106589147286821,5.421998991395701,6.205853584214989,22.62537558398193,5.421998991395701,-0.0,-0.0,53.23384856967615,-0.0,190990.4509513215,10,2025-01-07 23:45:00,-0.0,146915.73150101653,52.469904107505904,,,,
281,3,2810,200,1014.0,0.31069518716577454,0.00029898775049270196,32.98770909190975,0.9573114957226183,0.0029898775049270196,5.424988868900628,6.382300364623246,34.67322702390507,5.424988868900628,1.6855179319953242,0.0009289405509960393,53.23477751022715,21.911733115939214,191012.36268443742,10,2025-01-08 15:45:00,16.85517931995324,146932.58668033648,52.28917675456814,,,,
282,3,2820,179,938.0,42.52872023809597,0.0009740734950219419,28.5133324674294,0.9707299536673242,0.00974073495021942,5.4347296038508475,6.405459557518172,259.64542735930024,5.4347296038508475,231.13209489187085,0.4142609916113254,53.649038501838476,3004.7172335943214,194017.07991803176,10,2025-01-09 05:39:00,2311.3209489187084,149243.90762925518,52.92337149973588,,,,
283,3,2830,183,993.0,-0.0,0.0010221266875234923,9.788864459231363,0.7865633111421496,0.010221266875234922,5.444950870726083,6.231514181868232,9.788864459231363,5.444950870726083,-0.0,-0.0,53.649038501838476,-0.0,194017.07991803176,10,2025-01-10 00:51:00,-0.0,149243.90762925518,52.736363119878156,,,,
284,3,2840,179,467.0,0.16697549927939054,0.0015546463061563863,9.888635470715043,0.9700261084951334,0.015546463061563863,5.460497333787647,6.43052344228278,10.800404739338015,5.460497333787647,0.9117692686229731,0.0025958784317332284,53.65163438027021,11.853000492098651,194028.93291852385,10,2025-01-11 01:57:00,9.11769268622973,149253.02532194142,52.553882155613174,,,,
285,3,2850,186,700.0,3.5096213384139165,0.0030048189025338036,29.5323852603859,0.7455701196316469,0.030048189025338037,5.490545522812985,6.236115642444632,48.80212098678335,5.490545522812985,19.269735726397446,0.10545776538402124,53.757092145654234,250.50656444316678,194279.43948296702,10,2025-01-12 00:15:00,192.69735726397445,149445.72267920538,52.43709567691417,,,,
286,3,2860,198,287.0,0.35041031652989435,0.0013014192927591893,6.882875785740817,0.6518034004537235,0.013014192927591893,5.503559715740577,6.155363116194301,8.811379887774647,5.503559715740577,1.928504102033831,0.004560307463138588,53.76165245311737,25.0705533264398,194304.51003629345,10,2025-01-12 22:12:00,19.28504102033831,149465.00772022572,52.260492209869135,,,,
287,3,2870,199,287.0,0.35041031652989435,0.0013014192927591893,6.882875785740817,0.6518034004537235,0.013014192927591893,5.516573908668169,6.168377309121893,8.815940195237786,5.516573908668169,1.9330644094969698,0.004560307463138588,53.76621276058051,25.12983732346061,194329.63987361692,10,2025-01-14 07:00:00,19.3306440949697,149484.3383643207,52.08513531857864,,,,
288,3,2880,193,931.0,116.5812033814022,0.006772761474793092,21.92067700254184,0.9442996785836758,0.05,5.566573908668169,6.510873587251845,670.8785619865927,5.566573908668169,648.9578849840508,1.0,54.76621276058051,8436.452504792662,202766.09237840958,10,2025-01-15 07:06:00,6489.578849840508,155973.9172141612,54.15761014380597,,,,
289,3,2890,193,931.0,116.5812033814022,0.006772761474793092,21.92067700254184,0.9442996785836758,0.05,5.616573908668169,6.560873587251844,676.7076221556628,5.616573908668169,654.7869451531209,1.0,55.76621276058051,8512.230286990572,211278.32266540016,10,2025-01-17 22:00:00,6547.869451531209,162521.7866656924,56.23591234107003,,,,
290,3,2900,199,931.0,116.5812033814022,0.006772761474793092,21.92067700254184,0.9442996785836758,0.05,5.666573908668169,6.610873587251844,682.5366823247329,5.666573908668169,660.616005322191,1.0,56.76621276058051,8588.008069188483,219866.33073458864,10,2025-01-20 14:27:00,6606.16005322191,169127.94671891432,58.31998162721183,,,,
291,3,2910,199,317.0,35.14869888475823,0.00026619569033688905,17.95378668782078,0.7975536483205917,0.0026619569033688906,5.669235865571538,6.466789513892129,217.22005103346646,5.669235865571538,199.26626434564568,0.0935643216407166,56.85977708222123,2590.461436493394,222456.79217108202,10,2025-01-21 04:27:00,1992.6626434564569,171120.60936237077,58.80433311421676,,,,
292,3,2920,198,1190.0,-0.0,0.0017986595540965598,17.852596803456986,0.9579430279081891,0.0179865955409656,5.687222461112503,6.645165489020692,17.852596803456986,5.687222461112503,-0.0,-0.0,56.85977708222123,-0.0,222456.79217108202,10,2025-01-22 18:09:00,-0.0,171120.60936237077,58.60294841177081,,,,
293,3,2930,193,1071.0,0.08549874266554576,0.0022465118547429935,21.303812385935228,0.8259941542745233,0.022465118547429934,5.709687579659933,6.535681733934457,21.791983495009234,5.709687579659933,0.4881711090740074,0.0019207393896376911,56.86169782161087,6.346224417962096,222463.1383955,10,2025-01-25 21:33:00,4.881711090740074,171125.4910734615,58.40460446193226,,,,
294,3,2940,76,1071.0,0.08549874266554576,0.0022465118547429935,21.303812385935228,0.8259941542745233,0.022465118547429934,5.732152698207363,6.558146852481887,21.793904234398873,5.732152698207363,0.4900918484636451,0.0019207393896376911,56.86361856100051,6.371194030027388,222469.50958953003,10,2025-01-26 23:00:00,4.900918484636451,171130.39199194615,58.20761632379121,,,,
295,3,2950,59,287.0,0.35041031652989435,0.0013014192927591893,6.882875785740817,0.6518034004537235,0.013014192927591893,5.745166891134955,6.396970291588679,8.896041534580485,5.745166891134955,2.013165748839669,0.004560307463138588,56.868178868463644,26.171154734915696,222495.68074426494,10,2025-01-28 09:27:00,20.131657488396687,171150.52364943453,58.01712666082526,,,,
296,3,2960,159,387.0,-0.0,9.720978460668969e-05,6.219193923812331,0.6582558382228928,0.0009720978460668969,5.746138988981023,6.404394827203915,6.219193923812331,5.746138988981023,-0.0,-0.0,56.868178868463644,-0.0,222495.68074426494,10,2025-01-29 00:42:00,-0.0,171150.52364943453,57.82112285453869,,,,
297,3,2970,41,1129.0,-0.0,0.003501122127818923,11.778586771142814,0.8343691549844303,0.03501122127818923,5.781150210259212,6.615519365243642,11.778586771142814,5.781150210259212,-0.0,-0.0,56.868178868463644,-0.0,222495.68074426494,10,2025-01-29 21:48:00,-0.0,171150.52364943453,57.626438939203545,,,,
298,3,2980,158,326.0,1.0134251290877794,0.0005766354463068888,15.145426220684516,0.7020308360286115,0.005766354463068888,5.786916564722281,6.4889474007508925,21.0100328873084,5.786916564722281,5.864606666623886,0.005843768516101481,56.874022636979745,76.23988666611052,222571.92063093107,10,2025-01-30 08:00:00,58.64606666623886,171209.16971610076,57.45274151547005,,,,
299,3,2990,200,1128.0,0.0,0.0005968605565670843,1.8684021359512724,0.9794383874186771,0.005968605565670843,5.792885170287952,6.7723235577066285,1.8684021359512724,5.792885170287952,0.0,0.0,56.874022636979745,0.0,222571.92063093107,10,2025-01-31 06:06:00,0.0,171209.16971610076,57.26059187829457,,,,
300,3,3000,200,1242.0,0.0,0.012563305508015718,25.34247447809854,1.111989942991695,0.05,5.842885170287952,6.9548751132796465,25.34247447809854,5.842885170287952,0.0,0.0,56.874022636979745,0.0,222571.92063093107,10,2025-02-01 05:09:00,0.0,171209.16971610076,57.069723238700256,,,,
301,3,3010,199,317.0,35.14869888475823,0.00026619569033688905,17.95378668782078,0.7975536483205917,0.0026619569033688906,5.84554712719132,6.643100775511912,223.41716247813204,5.84554712719132,205.46337579031126,0.0935643216407166,56.967586958620466,2671.0238852740463,225242.9445162051,10,2025-02-01 23:54:00,2054.6337579031124,173263.8034740039,57.56272540664581,,,,
302,3,3020,191,145.0,25.47406914893581,0.0031955981610369446,24.20357306726708,0.8210112471130385,0.031955981610369444,5.87750310880169,6.698514355914729,173.92749368396653,5.87750310880169,149.72392061669944,0.8140488852646723,57.78163584388514,1946.410968017093,227189.3554842222,10,2025-02-02 23:21:00,1497.2392061669943,174761.04268017088,57.8678949272089,,,,
303,3,3030,198,232.0,-0.0,0.007066138743234338,7.441426898178247,0.7970408795979358,0.05,5.92750310880169,6.724543988399626,7.441426898178247,5.92750310880169,-0.0,-0.0,57.78163584388514,-0.0,227189.3554842222,10,2025-02-03 23:45:00,-0.0,174761.04268017088,57.676911775633954,,,,
304,3,3040,192,287.0,0.35041031652989435,0.0013014192927591893,6.882875785740817,0.6518034004537235,0.013014192927591893,5.940517301729282,6.592320702183006,8.964494333791087,5.940517301729282,2.0816185480502716,0.004560307463138588,57.78619615134828,27.061041124653535,227216.41652534687,10,2025-02-05 00:21:00,20.816185480502718,174781.8588656514,57.494032521595855,,,,
305,3,3050,179,287.0,0.35041031652989435,0.0013014192927591893,6.882875785740817,0.6518034004537235,0.013014192927591893,5.9535314946568745,6.605334895110598,8.969054641254226,5.9535314946568745,2.08617885551341,0.004560307463138588,57.790756458811416,27.120325121674334,227243.53685046855,10,2025-02-05 13:18:00,20.8617885551341,174802.72065420653,57.3123674276087,,,,
306,3,3060,19,993.0,-0.0,0.0010221266875234923,9.788864459231363,0.7865633111421496,0.010221266875234922,5.96375276153211,6.750316072674259,9.788864459231363,5.96375276153211,-0.0,-0.0,57.790756458811416,-0.0,227243.53685046855,10,2025-02-06 07:12:00,-0.0,174802.72065420653,57.12507210921782,,,,
307,3,3070,43,541.0,11.47235521235522,0.005048524161512548,182.0271951887589,1.0399280283636232,0.05,6.01375276153211,7.053680789895733,251.01910302833738,6.01375276153211,68.9919078395785,0.5791846247902974,58.36994108360172,896.8948019145206,228140.43165238306,10,2025-05-26 22:06:00,689.919078395785,175492.6397326023,57.163726297264596,,,,
308,3,3080,121,1242.0,0.0,0.012563305508015718,25.34247447809854,1.111989942991695,0.05,6.063752761532109,7.175742704523804,25.34247447809854,6.063752761532109,0.0,0.0,58.36994108360172,0.0,228140.43165238306,10,2025-07-29 11:03:00,0.0,175492.6397326023,56.97812978331244,,,,
309,4,3090,171,980.0,0.18464010282776375,0.0006212686434089131,47.344919764080345,0.5684383174697559,0.006212686434089131,6.069965447966198,6.638403765435954,48.4656788085538,6.069965447966198,1.1207590444734519,0.00114711106202687,58.37108819466374,14.569867578154875,228155.00151996122,10,2023-12-29 03:42:00,11.20759044473452,175503.84732304706,56.797361593219115,,,,
310,4,3100,189,929.0,-0.0,0.0010658914728682099,22.62537558398193,0.7838545928192882,0.0106589147286821,6.080624362694881,6.864478955514169,22.62537558398193,6.080624362694881,-0.0,-0.0,58.37108819466374,-0.0,228155.00151996122,10,2024-01-04 23:27:00,-0.0,175503.84732304706,56.614144297757115,,,,
311,4,3110,196,929.0,-0.0,0.0010658914728682099,22.62537558398193,0.7838545928192882,0.0106589147286821,6.091283277423563,6.875137870242851,22.62537558398193,6.091283277423563,-0.0,-0.0,58.37108819466374,-0.0,228155.00151996122,10,2024-01-06 02:00:00,-0.0,175503.84732304706,56.432105248568185,,,,
312,4,3120,197,980.0,0.18464010282776375,0.0006212686434089131,47.344919764080345,0.5684383174697559,0.006212686434089131,6.097495963857652,6.665934281327408,48.470762045838896,6.097495963857652,1.1258422817585512,0.00114711106202687,58.372235305725766,14.635949662861165,228169.63746962408,10,2024-01-09 01:06:00,11.258422817585512,175515.10574586465,56.25484158521303,,,,
313,4,3130,198,930.0,141.43434860506784,0.001017816743178303,33.21590551084465,1.0291617744544448,0.01017816743178303,6.107674131289435,7.1368359057438795,897.0508177617894,6.107674131289435,863.8349122509447,1.0,59.372235305725766,11229.853859262283,239399.49132888636,10,2024-01-11 04:36:00,8638.349122509448,184153.4548683741,58.8349696065093,,,,
314,4,3140,194,296.0,0.07126436781609177,0.0006328512175700808,7.405105320067271,0.578146110479791,0.006328512175700808,6.1140026434651356,6.6921487539449265,7.840815853279728,6.1140026434651356,0.43571053321245684,0.00045099741941775754,59.37268630314519,5.664236931761939,239405.15556581813,10,2024-01-16 23:57:00,4.3571053321245685,184157.81197370624,58.648984705001986,,,,
315,4,3150,187,471.0,0.0,0.01774193548387066,24.79891852771984,0.8425403863364624,0.05,6.164002643465135,7.006543029801598,24.79891852771984,6.164002643465135,0.0,0.0,59.37268630314519,0.0,239405.15556581813,10,2024-01-19 02:06:00,0.0,184157.81197370624,58.46279745197023,,,,
316,4,3160,183,468.0,0.0,0.001182586942380661,21.119709234614295,0.8719921803223999,0.011825869423806609,6.175828512888942,7.047820693211342,21.119709234614295,6.175828512888942,0.0,0.0,59.37268630314519,0.0,239405.15556581813,10,2024-01-24 14:15:00,0.0,184157.81197370624,58.277788599274125,,,,
317,4,3170,166,421.0,0.0,0.0007777880599596095,12.412655956543121,0.9217052985411688,0.007777880599596095,6.183606393488538,7.105311692029707,12.412655956543121,6.183606393488538,0.0,0.0,59.37268630314519,0.0,239405.15556581813,10,2024-01-25 20:18:00,0.0,184157.81197370624,58.09394699486001,,,,
318,4,3180,199,1129.0,-0.0,0.003501122127818923,11.778586771142814,0.8343691549844303,0.03501122127818923,6.218617614766727,7.052986769751158,11.778586771142814,6.218617614766727,-0.0,-0.0,59.37268630314519,-0.0,239405.15556581813,10,2024-01-30 13:18:00,-0.0,184157.81197370624,57.91126162695165,,,,
319,4,3190,198,938.0,42.52872023809597,0.0009740734950219419,28.5133324674294,0.9707299536673242,0.00974073495021942,6.228358349716947,7.199088303384271,293.3974422651505,6.228358349716947,264.8841097977211,0.4142609916113254,59.786947294756516,3443.493427370375,242848.64899318852,10,2024-02-10 16:54:00,2648.841097977211,186806.65307168345,58.56007933281613,,,,
320,4,3200,189,318.0,0.017857142857144584,0.002123366214001891,19.430577289736778,0.7583513345713364,0.02123366214001891,6.249592011856966,7.007943346428302,19.542177147091376,6.249592011856966,0.11159985735459947,0.00037917253821466006,59.78732646729473,1.4507981456097931,242850.09979133413,10,2024-02-20 15:15:00,1.1159985735459947,186807.769070257,58.37742783445531,,,,
321,4,3210,193,700.0,3.5096213384139165,0.0030048189025338036,29.5323852603859,0.7455701196316469,0.030048189025338037,6.279640200882304,7.025210320513951,51.57154450696429,6.279640200882304,22.03915924657839,0.10545776538402124,59.89278423267876,286.5090702055191,243136.60886153966,10,2024-03-02 17:24:00,220.3915924657839,187028.16066272277,58.26422450552111,,,,
322,4,3220,198,934.0,54.26131386861305,0.0014439163796154087,28.28099263070333,0.9472887068268365,0.014439163796154087,6.294079364678458,7.241368071505295,369.8060085514818,6.294079364678458,341.52501592077846,0.7834879987434312,60.67627223142219,4439.82520697012,247576.43406850978,10,2024-03-03 14:54:00,3415.2501592077847,190443.41082193056,59.14391640432626,,,,
323,4,3230,178,930.0,141.43434860506784,0.001017816743178303,33.21590551084465,1.0291617744544448,0.01017816743178303,6.304257532110241,7.333419306564686,924.8544630034492,6.304257532110241,891.6385574926045,1.0,61.67627223142219,11591.301247403859,259167.73531591365,10,2024-03-06 12:54:00,8916.385574926046,199359.7963968566,61.721299194073254,,,,
324,4,3240,196,1242.0,0.0,0.012563305508015718,25.34247447809854,1.111989942991695,0.05,6.354257532110241,7.466247475101936,25.34247447809854,6.354257532110241,0.0,0.0,61.67627223142219,0.0,259167.73531591365,10,2024-04-16 02:30:00,0.0,199359.7963968566,61.53080135705451,,,,
325,4,3250,135,566.0,4.508262072435309,0.0021376711416955787,205.43240281952214,1.261515886788859,0.02137671141695579,6.375634243527196,7.637150130316055,234.1754328673356,6.375634243527196,28.74303004781344,0.09637181731445663,61.772644048736645,373.65939062157474,259541.39470653524,10,2024-05-31 14:24:00,287.4303004781344,199647.22669733473,61.429915906872225,,,,
326,4,3260,141,566.0,4.508262072435309,0.0021376711416955787,205.43240281952214,1.261515886788859,0.02137671141695579,6.397010954944152,7.658526841733011,234.27180468465002,6.397010954944152,28.839401865127897,0.09637181731445663,61.8690158660511,374.9122242466627,259916.3069307819,10,2024-06-12 15:30:00,288.394018651279,199935.620715986,61.329945004903685,,,,
327,4,3270,156,566.0,4.508262072435309,0.0021376711416955787,205.43240281952214,1.261515886788859,0.02137671141695579,6.418387666361108,7.679903553149966,234.36817650196448,6.418387666361108,28.935773682442353,0.09637181731445663,61.965387683365556,376.1650578717506,260292.47198865365,10,2024-06-28 13:00:00,289.3577368244235,200224.97845281044,61.2308802607983,,,,
328,4,3280,181,541.0,11.47235521235522,0.005048524161512548,182.0271951887589,1.0399280283636232,0.05,6.4683876663611075,7.508315694724731,256.23483614847095,6.4683876663611075,74.20764095971207,0.5791846247902974,62.54457230815585,964.6993324762569,261257.1713211299,10,2024-08-01 12:33:00,742.0764095971207,200967.05486240756,61.27044355561206,,,,
329,4,3290,185,1190.0,-0.0,0.0017986595540965598,17.852596803456986,0.9579430279081891,0.0179865955409656,6.486374261902073,7.444317289810262,17.852596803456986,6.486374261902073,-0.0,-0.0,62.54457230815585,-0.0,261257.1713211299,10,2024-08-08 14:39:00,-0.0,200967.05486240756,61.084211204379194,,,,
330,4,3300,195,929.0,-0.0,0.0010658914728682099,22.62537558398193,0.7838545928192882,0.0106589147286821,6.497033176630755,7.280887769450043,22.62537558398193,6.497033176630755,-0.0,-0.0,62.54457230815585,-0.0,261257.1713211299,10,2024-12-15 03:30:00,-0.0,200967.05486240756,60.8991075340629,,,,
331,4,3310,199,325.0,0.8508264462809942,0.0028001068475988515,16.199362898420233,0.7074038528892719,0.028001068475988516,6.525034245106744,7.232438097996015,21.751034597046193,6.525034245106744,5.55167169862596,0.023824049583496085,62.568396357739346,72.1717320821375,261329.34305321204,10,2024-12-15 23:12:00,55.5167169862596,201022.5715793938,60.73189473697698,,,,
332,4,3320,198,1071.0,0.08549874266554576,0.0022465118547429935,21.303812385935228,0.8259941542745233,0.022465118547429934,6.547499363654174,7.373493517928697,21.86361534913112,6.547499363654174,0.5598029631958928,0.0019207393896376911,62.570317097128985,7.277438521546608,261336.6204917336,10,2024-12-16 14:33:00,5.598029631958928,201028.16960902576,60.55065349669451,,,,
333,4,3330,199,1129.0,-0.0,0.003501122127818923,11.778586771142814,0.8343691549844303,0.03501122127818923,6.582510584932363,7.416879739916793,11.778586771142814,6.582510584932363,-0.0,-0.0,62.570317097128985,-0.0,261336.6204917336,10,2024-12-17 00:36:00,-0.0,201028.16960902576,60.368819702410136,,,,
334,4,3340,199,929.0,-0.0,0.0010658914728682099,22.62537558398193,0.7838545928192882,0.0106589147286821,6.5931694996610455,7.377024092480333,22.62537558398193,6.5931694996610455,-0.0,-0.0,62.570317097128985,-0.0,261336.6204917336,10,2024-12-18 00:51:00,-0.0,201028.16960902576,60.188074733241244,,,,
335,4,3350,185,318.0,0.017857142857144584,0.002123366214001891,19.430577289736778,0.7583513345713364,0.02123366214001891,6.614403161801064,7.3727544963724005,19.548691631911808,6.614403161801064,0.11811434217503043,0.00037917253821466006,62.5706962696672,1.5354864482753958,261338.15597818187,10,2024-12-18 17:00:00,1.1811434217503043,201029.3507524475,60.00876141864104,,,,
336,4,3360,159,993.0,-0.0,0.0010221266875234923,9.788864459231363,0.7865633111421496,0.010221266875234922,6.6246244286763,7.411187739818449,9.788864459231363,6.6246244286763,-0.0,-0.0,62.5706962696672,-0.0,261338.15597818187,10,2024-12-19 10:54:00,-0.0,201029.3507524475,59.8301639144189,,,,
337,4,3370,198,421.0,0.0,0.0007777880599596095,12.412655956543121,0.9217052985411688,0.007777880599596095,6.6324023092758955,7.554107607817064,12.412655956543121,6.6324023092758955,0.0,0.0,62.5706962696672,0.0,261338.15597818187,10,2024-12-20 00:57:00,0.0,201029.3507524475,59.652626336037834,,,,
338,4,3380,200,231.0,-0.0,0.0010989639449451919,4.487339122432467,0.6293844676925296,0.010989639449451919,6.643391948725347,7.272776416417877,4.487339122432467,6.643391948725347,-0.0,-0.0,62.5706962696672,-0.0,261338.15597818187,10,2024-12-21 00:12:00,-0.0,201029.3507524475,59.47613927587204,,,,
339,4,3390,201,387.0,-0.0,9.720978460668969e-05,6.219193923812331,0.6582558382228928,0.0009720978460668969,6.644364046571415,7.302619884794307,6.219193923812331,6.644364046571415,-0.0,-0.0,62.5706962696672,-0.0,261338.15597818187,10,2024-12-21 21:33:00,-0.0,201029.3507524475,59.30069343730015,,,,
340,4,3400,168,325.0,0.8508264462809942,0.0028001068475988515,16.199362898420233,0.7074038528892719,0.028001068475988516,6.672365115047403,7.379768967936675,21.876387597545293,6.672365115047403,5.6770246991250595,0.023824049583496085,62.5945203192507,73.80132108862577,261411.9572992705,10,2024-12-22 07:36:00,56.770246991250595,201086.12099943875,59.142976764540805,,,,
341,4,3410,196,365.0,0.0,0.0006172222613388383,18.776888405966496,1.1239161673146087,0.006172222613388383,6.678537337660791,7.8024535049754,18.776888405966496,6.678537337660791,0.0,0.0,62.5945203192507,0.0,261411.9572992705,10,2024-12-23 05:45:00,0.0,201086.12099943875,58.969536949982036,,,,
342,4,3420,200,929.0,-0.0,0.0010658914728682099,22.62537558398193,0.7838545928192882,0.0106589147286821,6.689196252389474,7.473050845208762,22.62537558398193,6.689196252389474,-0.0,-0.0,62.5945203192507,-0.0,261411.9572992705,10,2024-12-23 22:39:00,-0.0,201086.12099943875,58.797111403344665,,,,
343,4,3430,199,930.0,141.43434860506784,0.001017816743178303,33.21590551084465,1.0291617744544448,0.01017816743178303,6.699374419821257,7.728536194275701,980.7375626397184,6.699374419821257,947.5216571288737,1.0,63.5945203192507,12317.781542675359,273729.73884194583,10,2024-12-24 15:09:00,9475.216571288736,210561.33757072748,61.38814506435204,,,,
344,4,3440,198,930.0,141.43434860506784,0.001017816743178303,33.21590551084465,1.0291617744544448,0.01017816743178303,6.7095525872530395,7.738714361707484,982.177105120426,6.7095525872530395,948.9611996095813,1.0,64.5945203192507,12336.495594924556,286066.2344368704,10,2024-12-26 02:51:00,9489.611996095813,220050.94956682328,63.96829929268119,,,,
345,4,3450,200,934.0,54.26131386861305,0.0014439163796154087,28.28099263070333,0.9472887068268365,0.014439163796154087,6.723991751049193,7.67128045787603,393.1336194843487,6.723991751049193,364.85262685364535,0.7834879987434312,65.37800831799413,4743.08414909739,290809.31858596776,10,2024-12-27 14:06:00,3648.5262685364532,223699.47583535974,64.84042777836514,,,,
346,4,3460,198,366.0,0.0,0.001148220473083549,9.767192846775922,1.0140029351770907,0.01148220473083549,6.735473955780029,7.74947689095712,9.767192846775922,6.735473955780029,0.0,0.0,65.37800831799413,0.0,290809.31858596776,10,2024-12-28 03:48:00,0.0,223699.47583535974,64.65302769808085,,,,
347,4,3470,199,375.0,-0.0,0.0012539863979664921,12.901320292209656,0.8246274202026513,0.01253986397966492,6.748013819759694,7.572641239962346,12.901320292209656,6.748013819759694,-0.0,-0.0,65.37800831799413,-0.0,290809.31858596776,10,2024-12-29 02:03:00,-0.0,223699.47583535974,64.46670773353307,,,,
348,4,3480,195,464.0,0.8925180402582615,0.00023895813234200774,10.123832121103613,0.8807143180286889,0.002389581323420077,6.750403401083115,7.631117719111804,16.148688935591018,6.750403401083115,6.024856814487405,0.0021327444398166304,65.38014106243395,78.32313858833628,290887.6417245561,10,2024-12-29 22:18:00,60.248568144874056,223759.7244035046,64.29877138031742,,,,
349,4,3490,199,938.0,42.52872023809597,0.0009740734950219419,28.5133324674294,0.9707299536673242,0.00974073495021942,6.760144136033334,7.7308740897006585,316.01361119799606,6.760144136033334,287.50027873056666,0.4142609916113254,65.79440205404528,3737.503623497367,294625.1453480535,10,2024-12-30 13:39:00,2875.0027873056665,226634.72719081026,64.9383172466505,,,,
350,4,3500,75,993.0,-0.0,0.0010221266875234923,9.788864459231363,0.7865633111421496,0.010221266875234922,6.77036540290857,7.556928714050719,9.788864459231363,6.77036540290857,-0.0,-0.0,65.79440205404528,-0.0,294625.1453480535,10,2024-12-31 03:45:00,-0.0,226634.72719081026,64.75277919737435,,,,
351,4,3510,364,934.0,54.26131386861305,0.0014439163796154087,28.28099263070333,0.9472887068268365,0.014439163796154087,6.784804566704723,7.73209327353156,396.4334027618675,6.784804566704723,368.1524101311642,0.7834879987434312,66.5778900527887,4785.981331705135,299411.1266797586,10,2025-01-01 19:30:00,3681.524101311642,230316.2512921219,65.61716561029114,,,,
352,4,3520,193,1071.0,0.08549874266554576,0.0022465118547429935,21.303812385935228,0.8259941542745233,0.022465118547429934,6.8072696852521535,7.633263839526677,21.88582538500957,6.8072696852521535,0.5820129990743446,0.0019207393896376911,66.57981079217834,7.5661689879664795,299418.69284874655,10,2025-01-04 01:45:00,5.820129990743446,230322.07142211264,65.43240665400927,,,,
353,4,3530,189,318.0,0.017857142857144584,0.002123366214001891,19.430577289736778,0.7583513345713364,0.02123366214001891,6.828503347392172,7.5868546819635085,19.55251484951165,6.828503347392172,0.12193755977487201,0.00037917253821466006,66.58018996471655,1.5851882770733363,299420.2780370236,10,2025-01-04 11:45:00,1.2193755977487202,230323.2907977104,65.24739116082448,,,,
354,4,3540,195,464.0,0.8925180402582615,0.00023895813234200774,10.123832121103613,0.8807143180286889,0.002389581323420077,6.830892928715593,7.711607246744282,16.22052729105487,6.830892928715593,6.096695169951258,0.0021327444398166304,66.58232270915637,79.25703720936636,299499.53507423296,10,2025-01-05 03:54:00,60.96695169951258,230384.2577494099,65.08029879926833,,,,
355,4,3550,65,700.0,3.5096213384139165,0.0030048189025338036,29.5323852603859,0.7455701196316469,0.030048189025338037,6.860941117740931,7.606511237372578,53.6116906088109,6.860941117740931,24.079305348425,0.10545776538402124,66.68778047454039,313.030969529525,299812.5660437625,10,2025-01-06 04:42:00,240.79305348424998,230625.05080289417,64.96480304306878,,,,
356,4,3560,99,931.0,116.5812033814022,0.006772761474793092,21.92067700254184,0.9442996785836758,0.05,6.910941117740931,7.8552407963246065,827.6065090067924,6.910941117740931,805.6858320042505,1.0,67.68778047454039,10473.915816055258,310286.48185981775,10,2025-01-07 08:09:00,8056.8583200425055,238681.90912293666,67.04548009071254,,,,
