start_date,current_date,predicted_end_date,current_running_hour,target_cost,cumulative_cost,cumulative_running_hours,cumulative_supply_dt_increase,cumulative_ea_increase,supply_dt_increase,ea_increase,cost_increase,period,cluster_id,slope_dt_vs_rh,slope_dt_vs_ea,cumulative_ea_per_hour
2023-04-17 08:15:41,2025-11-24 17:48:00,2030-08-13 00:01:11.999984864,9155.780000004204,300000.0,300002.8040328879,,,,,,,,,,,
,,,,,0.012383230776286957,10.0,0.000470424784096392,0.009525562135605351,0.000470424784096392,0.009525562135605351,0.012383230776286957,10.0,125.0,4.7042478409639196e-05,20.248852648999726,0.0009525562135605352
,,,,,0.03714969232886087,20.0,0.000940849568192784,0.028576686406816054,0.000470424784096392,0.019051124271210702,0.024766461552573914,10.0,125.0,4.7042478409639196e-05,20.248852648999726,0.0014288343203408026
,,,,,0.07429938465772173,30.0,0.0014112743522891758,0.0571533728136321,0.000470424784096392,0.02857668640681605,0.03714969232886087,10.0,125.0,4.7042478409639196e-05,20.248852648999726,0.00190511242712107
,,,,,0.12383230776286956,40.0,0.001881699136385568,0.0952556213560535,0.000470424784096392,0.038102248542421405,0.04953292310514783,10.0,125.0,4.7042478409639196e-05,20.248852648999726,0.002381390533901338
,,,,,0.18574846164430436,50.0,0.00235212392048196,0.14288343203408027,0.000470424784096392,0.04762781067802676,0.06191615388143479,10.0,125.0,4.7042478409639196e-05,20.248852648999726,0.0028576686406816053
,,,,,0.2600478463020261,60.0,0.002822548704578352,0.20003680484771239,0.000470424784096392,0.05715337281363211,0.07429938465772175,10.0,125.0,4.7042478409639196e-05,20.248852648999726,0.003333946747461873
,,,,,0.34673046173603483,70.0,0.003292973488674744,0.26671573979694985,0.000470424784096392,0.06667893494923746,0.08668261543400871,10.0,125.0,4.7042478409639196e-05,20.248852648999726,0.0038102248542421406
,,,,,0.4457963079463305,80.0,0.0037633982727711362,0.3429202368817927,0.000470424784096392,0.07620449708484282,0.09906584621029567,10.0,125.0,4.7042478409639196e-05,20.248852648999726,0.0042865029610224085
,,,,,0.5572453849329131,90.0,0.004233823056867528,0.42865029610224087,0.000470424784096392,0.08573005922044817,0.11144907698658263,10.0,125.0,4.7042478409639196e-05,20.248852648999726,0.0047627810678026765
,,,,,0.6810776926957827,100.0,0.00470424784096392,0.5239059174582944,0.000470424784096392,0.09525562135605352,0.12383230776286958,10.0,125.0,4.7042478409639196e-05,20.248852648999726,0.005239059174582944
,,,,,0.8172932312349392,110.0,0.005174672625060312,0.6286871009499533,0.000470424784096392,0.10478118349165885,0.13621553853915652,10.0,125.0,4.7042478409639196e-05,20.248852648999726,0.005715337281363211
,,,,,0.9658920005503827,120.0,0.005645097409156703,0.7429938465772175,0.000470424784096392,0.1143067456272642,0.14859876931544347,10.0,125.0,4.7042478409639196e-05,20.248852648999726,0.0061916153881434784
,,,,,1.1268740006421132,130.0,0.006115522193253095,0.866826154340087,0.000470424784096392,0.12383230776286955,0.16098200009173042,10.0,125.0,4.7042478409639196e-05,20.248852648999726,0.006667893494923746
,,,,,1.3002392315101305,140.0,0.006585946977349487,1.000184024238562,0.000470424784096392,0.1333578698984749,0.17336523086801736,10.0,125.0,4.7042478409639196e-05,20.248852648999726,0.007144171601704014
,,,,,1.485987693154435,150.0,0.007056371761445878,1.1430674562726422,0.000470424784096392,0.14288343203408024,0.18574846164430434,10.0,125.0,4.7042478409639196e-05,20.248852648999726,0.007620449708484281
,,,,,1.6841193855750263,160.0,0.00752679654554227,1.2954764504423277,0.000470424784096392,0.1524089941696856,0.19813169242059128,10.0,125.0,4.7042478409639196e-05,20.248852648999726,0.008096727815264548
,,,,,1.8946343087719044,170.0,0.007997221329638662,1.4574110067476187,0.000470424784096392,0.16193455630529094,0.21051492319687823,10.0,125.0,4.7042478409639196e-05,20.248852648999726,0.008573005922044815
,,,,,2.1175324627450696,180.0,0.008467646113735055,1.628871125188515,0.000470424784096392,0.17146011844089631,0.2228981539731652,10.0,125.0,4.7042478409639196e-05,20.248852648999726,0.009049284028825084
,,,,,2.352813847494522,190.0,0.008938070897831447,1.8098568057650168,0.000470424784096392,0.18098568057650166,0.23528138474945218,10.0,125.0,4.7042478409639196e-05,20.248852648999726,0.009525562135605351
,,,,,2.600478463020261,200.0,0.00940849568192784,2.000368048477124,0.000470424784096392,0.19051124271210704,0.24766461552573915,10.0,125.0,4.7042478409639196e-05,20.248852648999726,0.01000184024238562
,,,,,2.860526309322287,210.0,0.009878920466024232,2.2004048533248364,0.000470424784096392,0.20003680484771239,0.2600478463020261,10.0,125.0,4.7042478409639196e-05,20.248852648999726,0.010478118349165887
,,,,,3.1329573864006,220.0,0.010349345250120625,2.409967220308154,0.000470424784096392,0.20956236698331776,0.2724310770783131,10.0,125.0,4.7042478409639196e-05,20.248852648999726,0.010954396455946154
,,,,,3.4177716942552,230.0,0.010819770034217017,2.629055149427077,0.000470424784096392,0.2190879291189231,0.28481430785460005,10.0,125.0,4.7042478409639196e-05,20.248852648999726,0.011430674562726423
,,,,,3.7149692328860873,240.0,0.01129019481831341,2.8576686406816054,0.000470424784096392,0.22861349125452848,0.29719753863088705,10.0,125.0,4.7042478409639196e-05,20.248852648999726,0.01190695266950669
,,,,,4.152331586749879,250.0,0.011760619602409803,3.1941012205768295,0.000470424784096392,0.3364325798952242,0.43736235386379146,10.0,129.0,4.7042478409639196e-05,28.606705366636266,0.012776404882307317
,,,,,4.607188434768222,260.0,0.012231044386506195,3.543991103667863,0.000470424784096392,0.34988988309103314,0.4548568480183431,10.0,129.0,4.7042478409639196e-05,28.606705366636266,0.013630735014107165
,,,,,5.079539776941117,270.0,0.012701469170602588,3.907338289954705,0.000470424784096392,0.36334718628684215,0.4723513421728948,10.0,129.0,4.7042478409639196e-05,28.606705366636266,0.014471623296128536
,,,,,5.5693856132685635,280.0,0.01317189395469898,4.284142779437356,0.000470424784096392,0.3768044894826511,0.48984583632744644,10.0,129.0,4.7042478409639196e-05,28.606705366636266,0.015300509926561984
,,,,,6.076725943750562,290.0,0.013642318738795373,4.674404572115816,0.000470424784096392,0.39026179267846006,0.5073403304819981,10.0,129.0,4.7042478409639196e-05,28.606705366636266,0.01611863645557178
,,,,,6.601560768387111,300.0,0.014112743522891765,5.078123667990085,0.000470424784096392,0.4037190958742691,0.5248348246365498,10.0,129.0,4.7042478409639196e-05,28.606705366636266,0.016927078893300283
,,,,,7.143890087178213,310.0,0.014583168306988158,5.495300067060163,0.000470424784096392,0.41717639907007803,0.5423293187911015,10.0,129.0,4.7042478409639196e-05,28.606705366636266,0.017726774409871495
,,,,,7.703713900123866,320.0,0.01505359309108455,5.9259337693260505,0.000470424784096392,0.43063370226588704,0.5598238129456532,10.0,129.0,4.7042478409639196e-05,28.606705366636266,0.018518543029143908
,,,,,8.28103220722407,330.0,0.015524017875180943,6.370024774787747,0.000470424784096392,0.444091005461696,0.5773183071002048,10.0,129.0,4.7042478409639196e-05,28.606705366636266,0.019303105378144687
,,,,,8.875845008478827,340.0,0.015994442659277335,6.827573083445252,0.000470424784096392,0.45754830865750495,0.5948128012547564,10.0,129.0,4.7042478409639196e-05,28.606705366636266,0.020081097304250742
,,,,,10.026352907983723,350.0,0.016464867443373728,7.712579159987479,0.000470424784096392,0.8850060765422278,1.1505078995048963,10.0,79.0,4.7042478409639196e-05,53.751181391891365,0.022035940457107082
,,,,,11.209732461760188,360.0,0.01693529222747012,8.622871124430914,0.000470424784096392,0.9102919644434344,1.1833795537764649,10.0,79.0,4.7042478409639196e-05,53.751181391891365,0.02395241979008587
,,,,,12.425983669808222,370.0,0.017405717011566513,9.558448976775555,0.000470424784096392,0.9355778523446409,1.2162512080480332,10.0,79.0,4.7042478409639196e-05,53.751181391891365,0.025833645883177176
,,,,,13.675106532127824,380.0,0.017876141795662905,10.519312717021402,0.000470424784096392,0.9608637402458474,1.2491228623196018,10.0,79.0,4.7042478409639196e-05,53.751181391891365,0.027682401886898425
,,,,,14.957101048718995,390.0,0.018346566579759298,11.505462345168455,0.000470424784096392,0.986149628147054,1.2819945165911701,10.0,79.0,4.7042478409639196e-05,53.751181391891365,0.029501185500431938
,,,,,16.271967219581732,400.0,0.01881699136385569,12.516897861216716,0.000470424784096392,1.0114355160482604,1.3148661708627387,10.0,79.0,4.7042478409639196e-05,53.751181391891365,0.03129224465304179
,,,,,17.61970504471604,430.0,0.019287416147952083,13.553619265166184,0.000470424784096392,1.036721403949467,1.347737825134307,10.0,79.0,4.7042478409639196e-05,53.751181391891365,0.031520044802712054
,,,,,19.000314524121915,440.0,0.019757840932048475,14.615626557016856,0.000470424784096392,1.0620072918506736,1.3806094794058756,10.0,79.0,4.7042478409639196e-05,53.751181391891365,0.03321733308412922
,,,,,20.41379565779936,1080.0,0.020228265716144868,15.702919736768736,0.000470424784096392,1.0872931797518801,1.4134811336774442,10.0,79.0,4.7042478409639196e-05,53.751181391891365,0.01453974049700809
,,,,,21.860148445748372,1110.0,0.02069869050024126,16.81549880442182,0.000470424784096392,1.1125790676530867,1.4463527879490128,10.0,79.0,4.7042478409639196e-05,53.751181391891365,0.015149098022001642
,,,,,23.339372887968953,1120.0,0.021169115284337653,17.953363759976114,0.000470424784096392,1.137864955554293,1.479224442220581,10.0,79.0,4.7042478409639196e-05,53.751181391891365,0.016029789071407244
,,,,,24.851468984461103,1130.0,0.021639540068434045,19.116514603431614,0.000470424784096392,1.1631508434554996,1.5120960964921495,10.0,79.0,4.7042478409639196e-05,53.751181391891365,0.016917269560558952
,,,,,26.39643673522482,1140.0,0.022109964852530438,20.30495133478832,0.000470424784096392,1.1884367313567061,1.544967750763718,10.0,79.0,4.7042478409639196e-05,53.751181391891365,0.017811360819989755
,,,,,27.97427614026011,1150.0,0.02258038963662683,21.518673954046232,0.000470424784096392,1.2137226192579127,1.5778394050352866,10.0,79.0,4.7042478409639196e-05,53.751181391891365,0.01871189039482281
,,,,,29.584987199566964,1160.0,0.023050814420723223,22.757682461205352,0.000470424784096392,1.2390085071591193,1.610711059306855,10.0,79.0,4.7042478409639196e-05,53.751181391891365,0.019618691776901166
,,,,,31.22856991314539,1170.0,0.023521239204819615,24.021976856265677,0.000470424784096392,1.2642943950603258,1.6435827135784236,10.0,79.0,4.7042478409639196e-05,53.751181391891365,0.020531604150654425
,,,,,32.905024280995384,1180.0,0.023991663988916008,25.31155713922721,0.000470424784096392,1.2895802829615324,1.6764543678499921,10.0,79.0,4.7042478409639196e-05,53.751181391891365,0.021450472151887466
,,,,,34.61435030311694,1190.0,0.0244620887730124,26.62642331008995,0.000470424784096392,1.3148661708627387,1.7093260221215605,10.0,79.0,4.7042478409639196e-05,53.751181391891365,0.02237514563873105
,,,,,36.35654797951007,1200.0,0.024932513557108793,27.966575368853896,0.000470424784096392,1.3401520587639453,1.7421976763931288,10.0,79.0,4.7042478409639196e-05,53.751181391891365,0.02330547947404491
,,,,,38.13161731017477,1210.0,0.025402938341205186,29.33201331551905,0.000470424784096392,1.3654379466651518,1.7750693306646974,10.0,79.0,4.7042478409639196e-05,53.751181391891365,0.024241333318610784
,,,,,39.939558295111034,1220.0,0.025873363125301578,30.722737150085408,0.000470424784096392,1.3907238345663584,1.807940984936266,10.0,79.0,4.7042478409639196e-05,53.751181391891365,0.025182571434496235
,,,,,41.78037093431887,1230.0,0.02634378790939797,32.13874687255297,0.000470424784096392,1.416009722467565,1.8408126392078346,10.0,79.0,4.7042478409639196e-05,53.751181391891365,0.026129062498010548
,,,,,46.21647965227967,1240.0,0.026814212693494363,35.55113819406128,0.000470424784096392,3.4123913215083097,4.436108717960803,10.0,91.0,4.7042478409639196e-05,127.2605450144811,0.028670272737146195
,,,,,50.73041483897663,1250.0,0.027284637477590756,39.02339602998202,0.000470424784096392,3.472257835920736,4.5139351866969575,10.0,91.0,4.7042478409639196e-05,127.2605450144811,0.031218716823985613
,,,,,55.32217649440974,1260.0,0.027755062261687148,42.55552038031518,0.000470424784096392,3.532124350333163,4.591761655433112,10.0,91.0,4.7042478409639196e-05,127.2605450144811,0.03377422252405966
,,,,,59.991764618579005,1270.0,0.02822548704578354,46.14751124506077,0.000470424784096392,3.5919908647455894,4.669588124169266,10.0,91.0,4.7042478409639196e-05,127.2605450144811,0.03633662302760691
,,,,,64.73917921148443,1280.0,0.028695911829879933,49.799368624218786,0.000470424784096392,3.651857379158016,4.747414592905421,10.0,91.0,4.7042478409639196e-05,127.2605450144811,0.038905756737670924
,,,,,69.564420273126,1290.0,0.029166336613976326,53.51109251778923,0.000470424784096392,3.711723893570442,4.825241061641575,10.0,91.0,4.7042478409639196e-05,127.2605450144811,0.04148146706805367
,,,,,74.46748780350373,1300.0,0.029636761398072718,57.2826829257721,0.000470424784096392,3.771590407982869,4.90306753037773,10.0,91.0,4.7042478409639196e-05,127.2605450144811,0.04406360225059392
,,,,,79.44838180261762,1310.0,0.03010718618216911,61.1141398481674,0.000470424784096392,3.8314569223952955,4.980893999113884,10.0,91.0,4.7042478409639196e-05,127.2605450144811,0.046652015151272826
,,,,,84.50710227046766,1320.0,0.030577610966265503,65.00546328497512,0.000470424784096392,3.891323436807722,5.058720467850039,10.0,91.0,4.7042478409639196e-05,127.2605450144811,0.04924656309467812
,,,,,85.24752754033426,1330.0,0.030954173142384286,65.57502118487251,0.0003765621761187818,0.5695578998973867,0.7404252698666027,10.0,146.0,3.7656217611878183e-05,18.400035991189643,0.04930452720667106
,,,,,90.44637243701459,1340.0,0.031424597926480675,69.57413264385737,0.000470424784096392,3.999111458984863,5.198844896680322,10.0,91.0,4.7042478409639196e-05,127.2605450144811,0.051920994510341316
,,,,,95.72304380243106,1350.0,0.031895022710577065,73.63311061725466,0.000470424784096392,4.0589779733972895,5.276671365416477,10.0,91.0,4.7042478409639196e-05,127.2605450144811,0.05454304490167012
,,,,,101.07754163658369,1360.0,0.032365447494673454,77.75195510506437,0.000470424784096392,4.1188444878097155,5.35449783415263,10.0,91.0,4.7042478409639196e-05,127.2605450144811,0.05717055522431204
,,,,,106.50986593947248,1370.0,0.03283587227876984,81.93066610728651,0.000470424784096392,4.178711002222141,5.432324302888784,10.0,91.0,4.7042478409639196e-05,127.2605450144811,0.059803405917727384
,,,,,112.02001671109741,1380.0,0.03330629706286623,86.16924362392108,0.000470424784096392,4.238577516634567,5.510150771624938,10.0,91.0,4.7042478409639196e-05,127.2605450144811,0.06244148088689933
,,,,,117.6079939514585,1390.0,0.03377672184696262,90.46768765496807,0.000470424784096392,4.298444031046993,5.5879772403610914,10.0,91.0,4.7042478409639196e-05,127.2605450144811,0.06508466737767488
,,,,,123.27379766055574,1400.0,0.03424714663105901,94.82599820042749,0.000470424784096392,4.358310545459419,5.665803709097245,10.0,91.0,4.7042478409639196e-05,127.2605450144811,0.0677328558574482
,,,,,129.01742783838915,1410.0,0.0347175714151554,99.24417526029934,0.000470424784096392,4.418177059871846,5.7436301778334,10.0,91.0,4.7042478409639196e-05,127.2605450144811,0.07038593990092153
,,,,,134.8388844849587,1420.0,0.03518799619925179,103.72221883458361,0.000470424784096392,4.478043574284272,5.821456646569554,10.0,91.0,4.7042478409639196e-05,127.2605450144811,0.07304381608069269
,,,,,140.7381676002644,1430.0,0.03565842098334818,108.26012892328032,0.000470424784096392,4.537910088696698,5.899283115305708,10.0,91.0,4.7042478409639196e-05,127.2605450144811,0.0757063838624338
,,,,,146.71527718430627,1440.0,0.036128845767444566,112.85790552638944,0.000470424784096392,4.597776603109124,5.9771095840418615,10.0,91.0,4.7042478409639196e-05,127.2605450144811,0.07837354550443712
,,,,,152.77021323708428,1450.0,0.036599270551540955,117.51554864391099,0.000470424784096392,4.65764311752155,6.054936052778015,10.0,91.0,4.7042478409639196e-05,127.2605450144811,0.08104520596131792
,,,,,158.90297575859844,1460.0,0.037069695335637344,122.23305827584497,0.000470424784096392,4.717509631933976,6.132762521514169,10.0,91.0,4.7042478409639196e-05,127.2605450144811,0.08372127279167464
,,,,,165.11356474884877,1470.0,0.03754012011973373,127.01043442219137,0.000470424784096392,4.777376146346402,6.210588990250323,10.0,91.0,4.7042478409639196e-05,127.2605450144811,0.08640165606951794
,,,,,171.40198020783524,1480.0,0.03801054490383012,131.84767708295018,0.000470424784096392,4.837242660758828,6.288415458986477,10.0,91.0,4.7042478409639196e-05,127.2605450144811,0.08908626829929067
,,,,,177.76822213555786,1490.0,0.03848096968792651,136.74478625812145,0.000470424784096392,4.897109175171255,6.366241927722632,10.0,91.0,4.7042478409639196e-05,127.2605450144811,0.0917750243343097
,,,,,184.21229053201665,1500.0,0.0389513944720229,141.70176194770514,0.000470424784096392,4.956975689583681,6.4440683964587855,10.0,91.0,4.7042478409639196e-05,127.2605450144811,0.09446784129847009
,,,,,190.96721040223036,1510.0,0.03942181925611929,146.89785415556184,0.000470424784096392,5.196092207856703,6.754919870213714,10.0,71.0,4.7042478409639196e-05,131.80751943735154,0.09728334712288864
,,,,,197.80273745347975,1520.0,0.03989224404021568,152.15595188729213,0.000470424784096392,5.2580977317303,6.8355270512493895,10.0,71.0,4.7042478409639196e-05,131.80751943735154,0.10010259992585009
,,,,,204.7188716857648,1530.0,0.04036266882431207,157.47605514289603,0.000470424784096392,5.320103255603896,6.9161342322850645,10.0,71.0,4.7042478409639196e-05,131.80751943735154,0.10292552623718695
,,,,,211.71561309908554,1540.0,0.040833093608408456,162.85816392237354,0.000470424784096392,5.382108779477493,6.996741413320741,10.0,71.0,4.7042478409639196e-05,131.80751943735154,0.10575205449504775
,,,,,218.79296169344195,1550.0,0.041303518392504845,168.30227822572462,0.000470424784096392,5.444114303351089,7.077348594356416,10.0,71.0,4.7042478409639196e-05,131.80751943735154,0.10858211498433847
,,,,,225.95091746883404,1560.0,0.041773943176601235,173.80839805294931,0.000470424784096392,5.506119827224686,7.157955775392092,10.0,71.0,4.7042478409639196e-05,131.80751943735154,0.1114156397775316
,,,,,233.1894804252618,1570.0,0.042244367960697624,179.3765234040476,0.000470424784096392,5.568125351098283,7.238562956427768,10.0,71.0,4.7042478409639196e-05,131.80751943735154,0.11425256267773731
,,,,,240.50865056272522,1580.0,0.04271479274479401,185.00665427901947,0.000470424784096392,5.630130874971879,7.319170137463443,10.0,71.0,4.7042478409639196e-05,131.80751943735154,0.11709281916393638
,,,,,247.90842788122436,1590.0,0.0431852175288904,190.69879067786493,0.000470424784096392,5.692136398845476,7.39977731849912,10.0,71.0,4.7042478409639196e-05,131.80751943735154,0.11993634633827983
,,,,,255.38881238075916,1600.0,0.04365564231298679,196.452932600584,0.000470424784096392,5.754141922719073,7.480384499534796,10.0,71.0,4.7042478409639196e-05,131.80751943735154,0.122783082875365
,,,,,262.94980406132964,1610.0,0.04412606709708318,202.2690800471767,0.000470424784096392,5.8161474465926695,7.560991680570471,10.0,71.0,4.7042478409639196e-05,131.80751943735154,0.12563296897340168
,,,,,270.5914029229358,1620.0,0.04459649188117957,208.14723301764295,0.000470424784096392,5.8781529704662665,7.6415988616061465,10.0,71.0,4.7042478409639196e-05,131.80751943735154,0.12848594630718702
,,,,,278.3136089655776,1630.0,0.04506691666527596,214.08739151198282,0.000470424784096392,5.940158494339863,7.7222060426418215,10.0,71.0,4.7042478409639196e-05,131.80751943735154,0.13134195798281154
,,,,,286.1164221892551,1640.0,0.04553734144937235,220.08955553019626,0.000470424784096392,6.00216401821346,7.802813223677498,10.0,71.0,4.7042478409639196e-05,131.80751943735154,0.13420094849402212
,,,,,293.99984259396825,1650.0,0.046007766233468736,226.15372507228332,0.000470424784096392,6.064169542087057,7.883420404713174,10.0,71.0,4.7042478409639196e-05,131.80751943735154,0.1370628636801717
,,,,,301.9638701797171,1660.0,0.046478191017565125,232.279900138244,0.000470424784096392,6.126175065960653,7.964027585748849,10.0,71.0,4.7042478409639196e-05,131.80751943735154,0.13992765068568916
,,,,,310.0085049465016,1670.0,0.046948615801661514,238.46808072807823,0.000470424784096392,6.18818058983425,8.044634766784526,10.0,71.0,4.7042478409639196e-05,131.80751943735154,0.14279525792100492
,,,,,318.1337468943218,1680.0,0.0474190405857579,244.7182668417861,0.000470424784096392,6.250186113707847,8.125241947820202,10.0,71.0,4.7042478409639196e-05,131.80751943735154,0.14566563502487268
,,,,,326.3395960231777,1690.0,0.04788946536985429,251.03045847936752,0.000470424784096392,6.312191637581443,8.205849128855876,10.0,71.0,4.7042478409639196e-05,131.80751943735154,0.14853873282802812
,,,,,334.62605233306925,1700.0,0.04835989015395068,257.40465564082257,0.000470424784096392,6.37419716145504,8.286456309891552,10.0,71.0,4.7042478409639196e-05,131.80751943735154,0.15141450331813092
,,,,,342.9931158239965,1710.0,0.04883031493804707,263.8408583261512,0.000470424784096392,6.436202685328636,8.367063490927228,10.0,71.0,4.7042478409639196e-05,131.80751943735154,0.15429289960593637
,,,,,351.4407864959594,1720.0,0.04930073972214346,270.3390665353534,0.000470424784096392,6.498208209202233,8.447670671962904,10.0,71.0,4.7042478409639196e-05,131.80751943735154,0.15717387589264734
,,,,,359.969064348958,1730.0,0.04977116450623985,276.89928026842927,0.000470424784096392,6.56021373307583,8.52827785299858,10.0,71.0,4.7042478409639196e-05,131.80751943735154,0.16005738743839842
,,,,,368.57794938299224,1740.0,0.05024158929033624,283.5214995253787,0.000470424784096392,6.6222192569494265,8.608885034034255,10.0,71.0,4.7042478409639196e-05,131.80751943735154,0.16294339053182685
,,,,,377.2674415980622,1750.0,0.050712014074432626,290.2057243062017,0.000470424784096392,6.6842247808230235,8.689492215069931,10.0,71.0,4.7042478409639196e-05,131.80751943735154,0.1658318424606867
,,,,,386.0375409941678,1760.0,0.051182438858529015,296.9519546108983,0.000470424784096392,6.7462303046966205,8.770099396105607,10.0,71.0,4.7042478409639196e-05,131.80751943735154,0.16872270148346497
,,,,,394.8882475713091,1770.0,0.051652863642625405,303.76019043946854,0.000470424784096392,6.808235828570217,8.850706577141281,10.0,71.0,4.7042478409639196e-05,131.80751943735154,0.17161592680195964
,,,,,403.819561329486,1780.0,0.052123288426721794,310.6304317919124,0.000470424784096392,6.870241352443814,8.931313758176959,10.0,71.0,4.7042478409639196e-05,131.80751943735154,0.17451147853478224
,,,,,412.83148226869866,1790.0,0.05259371321081818,317.5626786682298,0.000470424784096392,6.93224687631741,9.011920939212633,10.0,71.0,4.7042478409639196e-05,131.80751943735154,0.1774093176917485
,,,,,421.92401038894695,1800.0,0.05306413799491457,324.5569310684208,0.000470424784096392,6.994252400191007,9.092528120248309,10.0,71.0,4.7042478409639196e-05,131.80751943735154,0.18030940614912266
,,,,,431.09714569023095,1810.0,0.05353456277901096,331.6131889924854,0.000470424784096392,7.056257924064604,9.173135301283985,10.0,71.0,4.7042478409639196e-05,131.80751943735154,0.18321170662568254
,,,,,440.3508881725506,1820.0,0.05400498756310735,338.7314524404236,0.000470424784096392,7.1182634479382,9.25374248231966,10.0,71.0,4.7042478409639196e-05,131.80751943735154,0.18611618265957341
,,,,,449.6852378359059,1830.0,0.05447541234720374,345.9117214122354,0.000470424784096392,7.180268971811797,9.334349663355336,10.0,71.0,4.7042478409639196e-05,131.80751943735154,0.189022798585921
,,,,,459.1001946802969,1840.0,0.05494583713130013,353.15399590792083,0.000470424784096392,7.242274495685394,9.414956844391012,10.0,71.0,4.7042478409639196e-05,131.80751943735154,0.19193151951517437
,,,,,468.5957587057236,1850.0,0.05541626191539652,360.4582759274798,0.000470424784096392,7.30428001955899,9.495564025426688,10.0,71.0,4.7042478409639196e-05,131.80751943735154,0.19484231131215124
,,,,,478.171929912186,1870.0,0.055886686699492906,367.8245614709124,0.000470424784096392,7.366285543432587,9.576171206462364,10.0,71.0,4.7042478409639196e-05,131.80751943735154,0.19669762645503336
,,,,,487.828708299684,1880.0,0.056357111483589295,375.2528525382186,0.000470424784096392,7.4282910673061835,9.656778387498038,10.0,71.0,4.7042478409639196e-05,131.80751943735154,0.1996025811373503
,,,,,497.56609386821776,1890.0,0.056827536267685684,382.7431491293984,0.000470424784096392,7.4902965911797805,9.737385568533716,10.0,71.0,4.7042478409639196e-05,131.80751943735154,0.2025096027139674
,,,,,507.38408661778715,1900.0,0.05729796105178207,390.2954512444517,0.000470424784096392,7.552302115053378,9.817992749569392,10.0,71.0,4.7042478409639196e-05,131.80751943735154,0.20541865854971145
,,,,,517.2826865483922,1910.0,0.05776838583587846,397.9097588833787,0.000470424784096392,7.614307638926974,9.898599930605066,10.0,71.0,4.7042478409639196e-05,131.80751943735154,0.20832971669286843
,,,,,527.261893660033,1920.0,0.05823881061997485,405.58607204617925,0.000470424784096392,7.676313162800571,9.979207111640742,10.0,71.0,4.7042478409639196e-05,131.80751943735154,0.21124274585738503
,,,,,537.3217079527094,1930.0,0.05870923540407124,413.32439073285343,0.000470424784096392,7.738318686674168,10.059814292676418,10.0,71.0,4.7042478409639196e-05,131.80751943735154,0.21415771540562353
,,,,,547.4621294264215,1940.0,0.05917966018816763,421.1247149434012,0.000470424784096392,7.800324210547764,10.140421473712093,10.0,71.0,4.7042478409639196e-05,131.80751943735154,0.2170745953316501
,,,,,557.6831580811693,1950.0,0.05965008497226402,428.98704467782255,0.000470424784096392,7.862329734421361,10.22102865474777,10.0,71.0,4.7042478409639196e-05,131.80751943735154,0.2199933562450372
,,,,,567.9847939169528,1960.0,0.06012050975636041,436.9113799361175,0.000470424784096392,7.924335258294958,10.301635835783445,10.0,71.0,4.7042478409639196e-05,131.80751943735154,0.222913969355162
,,,,,578.3670369337718,1970.0,0.060590934540456796,444.89772071828605,0.000470424784096392,7.986340782168554,10.382243016819121,10.0,71.0,4.7042478409639196e-05,131.80751943735154,0.22583640645598277
,,,,,588.8298871316266,1980.0,0.061061359324553185,452.9460670243282,0.000470424784096392,8.04834630604215,10.462850197854795,10.0,71.0,4.7042478409639196e-05,131.80751943735154,0.22876063991127688
,,,,,599.3733445105171,1990.0,0.061531784108649575,461.056418854244,0.000470424784096392,8.110351829915748,10.543457378890473,10.0,71.0,4.7042478409639196e-05,131.80751943735154,0.2316866426403236
,,,,,609.9974090704433,2000.0,0.062002208892745964,469.2287762080333,0.000470424784096392,8.172357353789344,10.624064559926149,10.0,71.0,4.7042478409639196e-05,131.80751943735154,0.23461438810401666
,,,,,620.702080811405,2010.0,0.06247263367684235,477.46313908569624,0.000470424784096392,8.23436287766294,10.704671740961823,10.0,71.0,4.7042478409639196e-05,131.80751943735154,0.23754385029139116
,,,,,628.6748486962446,2020.0,0.06294305846093874,483.59603745864973,0.000470424784096392,6.132898372953466,7.972767884839507,10.0,73.0,4.7042478409639196e-05,97.4356588782451,0.2394039789399256
,,,,,636.7072035745125,2030.0,0.06341348324503514,489.7747719803943,0.000470424784096392,6.1787345217445555,8.032354878267922,10.0,73.0,4.7042478409639196e-05,97.4356588782451,0.24126836058147502
,,,,,644.7991454462089,2040.0,0.06388390802913153,495.9993426509299,0.000470424784096392,6.224570670535644,8.091941871696337,10.0,73.0,4.7042478409639196e-05,97.4356588782451,0.24313693267202446
,,,,,652.9506743113336,2050.0,0.06435433281322793,502.26974947025667,0.000470424784096392,6.270406819326732,8.151528865124751,10.0,73.0,4.7042478409639196e-05,97.4356588782451,0.2450096338879301
,,,,,661.1617901698868,2060.0,0.06482475759732433,508.5859924383745,0.000470424784096392,6.3162429681178205,8.211115858553168,10.0,73.0,4.7042478409639196e-05,97.4356588782451,0.2468864040962983
,,,,,669.4324930218684,2070.0,0.06529518238142072,514.9480715552834,0.000470424784096392,6.36207911690891,8.270702851981582,10.0,73.0,4.7042478409639196e-05,97.4356588782451,0.24876718432622386
,,,,,677.7627828672784,2080.0,0.06576560716551712,521.3559868209834,0.000470424784096392,6.407915265699998,8.330289845409999,10.0,73.0,4.7042478409639196e-05,97.4356588782451,0.2506519167408574
,,,,,686.1526597061168,2090.0,0.06623603194961351,527.8097382354745,0.000470424784096392,6.453751414491086,8.389876838838413,10.0,73.0,4.7042478409639196e-05,97.4356588782451,0.25254054461027486
,,,,,694.6021235383836,2100.0,0.06670645673370991,534.3093257987566,0.000470424784096392,6.499587563282175,8.449463832266828,10.0,73.0,4.7042478409639196e-05,97.4356588782451,0.2544330122851222
,,,,,703.1111743640788,2110.0,0.0671768815178063,540.8547495108298,0.000470424784096392,6.545423712073264,8.509050825695244,10.0,73.0,4.7042478409639196e-05,97.4356588782451,0.2563292651710094
,,,,,711.6798121832024,2120.0,0.0676473063019027,547.4460093716942,0.000470424784096392,6.591259860864352,8.568637819123659,10.0,73.0,4.7042478409639196e-05,97.4356588782451,0.25822924970362937
,,,,,720.3080369957545,2140.0,0.0681177310859991,554.0831053813497,0.000470424784096392,6.6370960096554406,8.628224812552073,10.0,73.0,4.7042478409639196e-05,97.4356588782451,0.25891733896324753
,,,,,728.995848801735,2150.0,0.0685881558700955,560.7660375397962,0.000470424784096392,6.682932158446529,8.687811805980488,10.0,73.0,4.7042478409639196e-05,97.4356588782451,0.26082141280920756
,,,,,731.0326045570408,2160.0,0.06905858065419189,562.3327727361853,0.000470424784096392,1.5667351963891363,2.0367557553058773,10.0,63.0,4.7042478409639196e-05,22.68704600568756,0.2603392466371228
,,,,,733.0832346256814,2170.0,0.06952900543828829,563.9101804812935,0.000470424784096392,1.5774077451081467,2.050630068640591,10.0,63.0,4.7042478409639196e-05,22.68704600568756,0.2598664426181076
,,,,,735.1477390076567,2180.0,0.06999943022238468,565.4982607751207,0.000470424784096392,1.5880802938271574,2.0645043819753046,10.0,63.0,4.7042478409639196e-05,22.68704600568756,0.25940287191519296
,,,,,737.2261177029667,2190.0,0.07046985500648108,567.0970136176669,0.000470424784096392,1.598752842546168,2.0783786953100183,10.0,63.0,4.7042478409639196e-05,22.68704600568756,0.25894840804459673
,,,,,739.3183707116115,2200.0,0.07094027979057747,568.7064390089321,0.000470424784096392,1.6094253912651786,2.0922530086447324,10.0,63.0,4.7042478409639196e-05,22.68704600568756,0.25850292682224185
,,,,,741.4244980335909,2210.0,0.07141070457467387,570.3265369489162,0.000470424784096392,1.620097939984189,2.1061273219794456,10.0,63.0,4.7042478409639196e-05,22.68704600568756,0.2580663063117268
,,,,,743.544499668905,2220.0,0.07188112935877027,571.9573074376194,0.000470424784096392,1.6307704887031997,2.1200016353141597,10.0,63.0,4.7042478409639196e-05,22.68704600568756,0.25763842677370247
,,,,,752.3064603629298,2230.0,0.07235155414286666,578.6972772022539,0.000470424784096392,6.739969764634479,8.761960694024822,10.0,64.0,4.7042478409639196e-05,93.15583949068481,0.25950550547186274
,,,,,761.1253907173383,2240.0,0.07282197892696306,585.481069782568,0.000470424784096392,6.783792580314202,8.818930354408463,10.0,64.0,4.7042478409639196e-05,93.15583949068481,0.2613754775815036
,,,,,770.0012907321304,2250.0,0.07329240371105945,592.308685178562,0.000470424784096392,6.827615395993926,8.875900014792105,10.0,64.0,4.7042478409639196e-05,93.15583949068481,0.2632483045238053
,,,,,783.5074674160008,2260.0,0.07376282849515585,602.6980518584623,0.000470424784096392,10.389366679900359,13.506176683870468,10.0,10.0,4.7042478409639196e-05,140.84826859076654,0.2666805539196736
,,,,,797.0997801711161,2270.0,0.07423325327925225,613.1536770547049,0.000470424784096392,10.45562519624252,13.592312755115277,10.0,10.0,4.7042478409639196e-05,140.84826859076654,0.2701117520064779
,,,,,810.7782289974762,2280.0,0.07470367806334864,623.6755607672895,0.000470424784096392,10.521883712584684,13.67844882636009,10.0,10.0,4.7042478409639196e-05,140.84826859076654,0.27354191261723226
,,,,,824.542813895081,2290.0,0.07517410284744504,634.2637029962164,0.000470424784096392,10.588142228926847,13.764584897604902,10.0,10.0,4.7042478409639196e-05,140.84826859076654,0.2769710493433259
,,,,,838.4199105713944,2300.0,0.07564452763154143,644.9383927472267,0.000470424784096392,10.674689751010295,13.877096676313384,10.0,167.0,4.7042478409639196e-05,141.1164837066056,0.28040799684662027
,,,,,852.383307346502,2310.0,0.07611495241563783,655.6794671896171,0.000470424784096392,10.741074442390417,13.963396775107542,10.0,167.0,4.7042478409639196e-05,141.1164837066056,0.28384392519031043
,,,,,866.4330042204036,2320.0,0.07658537719973423,666.4869263233876,0.000470424784096392,10.80745913377054,14.049696873901702,10.0,167.0,4.7042478409639196e-05,141.1164837066056,0.2872788475531843
,,,,,880.5690011930994,2330.0,0.07705580198383062,677.3607701485382,0.000470424784096392,10.873843825150662,14.13599697269586,10.0,167.0,4.7042478409639196e-05,141.1164837066056,0.29071277688778463
,,,,,894.7912982645895,2340.0,0.07752622676792702,688.300998665069,0.000470424784096392,10.940228516530784,14.222297071490019,10.0,167.0,4.7042478409639196e-05,141.1164837066056,0.29414572592524313
,,,,,909.0998954348737,2350.0,0.07799665155202341,699.3076118729799,0.000470424784096392,11.006613207910906,14.308597170284179,10.0,167.0,4.7042478409639196e-05,141.1164837066056,0.29757770717999144
,,,,,923.494792703952,2360.0,0.07846707633611981,710.380609772271,0.000470424784096392,11.07299789929103,14.39489726907834,10.0,167.0,4.7042478409639196e-05,141.1164837066056,0.3010087329543521
,,,,,937.9759900718245,2370.0,0.0789375011202162,721.5199923629422,0.000470424784096392,11.139382590671152,14.481197367872499,10.0,167.0,4.7042478409639196e-05,141.1164837066056,0.3044388153430136
,,,,,952.5434875384911,2380.0,0.0794079259043126,732.7257596449934,0.000470424784096392,11.205767282051275,14.567497466666657,10.0,167.0,4.7042478409639196e-05,141.1164837066056,0.3078679662373922
,,,,,967.1972851039519,2390.0,0.079878350688409,743.9979116184248,0.000470424784096392,11.272151973431397,14.653797565460817,10.0,167.0,4.7042478409639196e-05,141.1164837066056,0.3112961973298849
,,,,,973.6073267867205,2400.0,0.0803487754725054,748.9287129128621,0.000470424784096392,4.930801294437337,6.410041682768539,10.0,165.0,4.7042478409639196e-05,61.3674728138777,0.3120536303803592
,,,,,980.0548978836828,2410.0,0.08081920025660179,753.8883829874485,0.000470424784096392,4.959670074586348,6.447571096962252,10.0,165.0,4.7042478409639196e-05,61.3674728138777,0.31281675642632717
,,,,,986.5399983948388,2420.0,0.08128962504069819,758.8769218421838,0.000470424784096392,4.988538854735357,6.485100511155965,10.0,165.0,4.7042478409639196e-05,61.3674728138777,0.3135855048934644
,,,,,993.0626283201884,2430.0,0.08176004982479458,763.8943294770683,0.000470424784096392,5.017407634884368,6.522629925349678,10.0,165.0,4.7042478409639196e-05,61.3674728138777,0.3143598063691639
,,,,,999.6227876597318,2440.0,0.08223047460889098,768.9406058921016,0.000470424784096392,5.046276415033377,6.56015933954339,10.0,165.0,4.7042478409639196e-05,61.3674728138777,0.3151395925787302
,,,,,1008.1271278173443,2450.0,0.08270089939298737,775.4824060133421,0.000470424784096392,6.541800121240446,8.50434015761258,10.0,170.0,4.7042478409639196e-05,79.10192234009922,0.31652343102585395
,,,,,1016.6798429311169,2460.0,0.08317132417708377,782.061417639321,0.000470424784096392,6.5790116259788975,8.552715113772567,10.0,170.0,4.7042478409639196e-05,79.10192234009922,0.3179111453818378
,,,,,1025.2809330010496,2470.0,0.08364174896118017,788.6776407700384,0.000470424784096392,6.616223130717348,8.601090069932553,10.0,170.0,4.7042478409639196e-05,79.10192234009922,0.31930268857086574
,,,,,1033.930398027142,2480.0,0.08411217374527656,795.3310754054942,0.000470424784096392,6.653434635455799,8.649465026092539,10.0,170.0,4.7042478409639196e-05,79.10192234009922,0.3206980142764089
,,,,,1037.824965206421,2490.0,0.08458259852937296,798.3268963126319,0.000470424784096392,2.9958209071377233,3.8945671792790404,10.0,168.0,4.7042478409639196e-05,35.418879996898724,0.3206132113705349
,,,,,1041.741192880368,2500.0,0.08505302331346935,801.3393791387451,0.000470424784096392,3.0124828261132004,3.916227673947161,10.0,168.0,4.7042478409639196e-05,35.418879996898724,0.320535751655498
,,,,,1045.6790810489833,2510.0,0.08552344809756575,804.3685238838339,0.000470424784096392,3.029144745088678,3.9378881686152813,10.0,168.0,4.7042478409639196e-05,35.418879996898724,0.32046554736407723
,,,,,1049.6386297122667,2520.0,0.08599387288166215,807.414330547898,0.000470424784096392,3.045806664064155,3.959548663283402,10.0,168.0,4.7042478409639196e-05,35.418879996898724,0.32040251212218174
,,,,,1053.6198388702182,2530.0,0.08646429766575854,810.4767991309376,0.000470424784096392,3.062468583039632,3.981209157951522,10.0,168.0,4.7042478409639196e-05,35.418879996898724,0.3203465609213192
,,,,,1057.622708522838,2540.0,0.08693472244985494,813.5559296329527,0.000470424784096392,3.0791305020151096,4.002869652619642,10.0,168.0,4.7042478409639196e-05,35.418879996898724,0.32029761009171365
,,,,,1061.6472386701257,2550.0,0.08740514723395133,816.6517220539433,0.000470424784096392,3.0957924209905867,4.024530147287763,10.0,168.0,4.7042478409639196e-05,35.418879996898724,0.3202555772760562
,,,,,1065.6934293120817,2560.0,0.08787557201804773,819.7641763939093,0.000470424784096392,3.112454339966064,4.046190641955883,10.0,168.0,4.7042478409639196e-05,35.418879996898724,0.3202203814038708
,,,,,1069.7612804487057,2570.0,0.08834599680214412,822.8932926528508,0.000470424784096392,3.1291162589415413,4.067851136624004,10.0,168.0,4.7042478409639196e-05,35.418879996898724,0.32019194266647893
,,,,,1073.850792079998,2580.0,0.08881642158624052,826.0390708307679,0.000470424784096392,3.1457781779170184,4.089511631292124,10.0,168.0,4.7042478409639196e-05,35.418879996898724,0.3201701824925457
,,,,,1077.961964205958,2590.0,0.08928684637033692,829.2015109276604,0.000470424784096392,3.1624400968924955,4.111172125960245,10.0,168.0,4.7042478409639196e-05,35.418879996898724,0.32015502352419317
,,,,,1082.0947968265864,2600.0,0.08975727115443331,832.3806129435284,0.000470424784096392,3.179102015867973,4.132832620628365,10.0,168.0,4.7042478409639196e-05,35.418879996898724,0.32014638959366476
,,,,,1086.2492899418828,2610.0,0.09022769593852971,835.5763768783718,0.000470424784096392,3.19576393484345,4.154493115296486,10.0,168.0,4.7042478409639196e-05,35.418879996898724,0.3201442057005256
,,,,,1090.4254435518474,2620.0,0.0906981207226261,838.7888027321907,0.000470424784096392,3.212425853818927,4.176153609964605,10.0,168.0,4.7042478409639196e-05,35.418879996898724,0.32014839798938577
,,,,,1094.62325765648,2630.0,0.0911685455067225,842.0178905049851,0.000470424784096392,3.2290877727944047,4.197814104632727,10.0,168.0,4.7042478409639196e-05,35.418879996898724,0.3201588937281312
,,,,,1098.842732255781,2640.0,0.0916389702908189,845.263640196755,0.000470424784096392,3.245749691769882,4.219474599300846,10.0,168.0,4.7042478409639196e-05,35.418879996898724,0.3201756212866496
,,,,,1103.0838673497499,2650.0,0.09210939507491529,848.5260518075004,0.000470424784096392,3.262411610745359,4.241135093968967,10.0,168.0,4.7042478409639196e-05,35.418879996898724,0.3201985101160379
,,,,,1107.346662938387,2660.0,0.09257981985901169,851.8051253372212,0.000470424784096392,3.2790735297208364,4.262795588637087,10.0,168.0,4.7042478409639196e-05,35.418879996898724,0.32022749072827866
,,,,,1111.6311190216923,2670.0,0.09305024464310808,855.1008607859175,0.000470424784096392,3.2957354486963135,4.284456083305208,10.0,168.0,4.7042478409639196e-05,35.418879996898724,0.3202624946763736
,,,,,1115.9372355996657,2680.0,0.09352066942720448,858.4132581535893,0.000470424784096392,3.312397367671791,4.306116577973328,10.0,168.0,4.7042478409639196e-05,35.418879996898724,0.3203034545349214
,,,,,1120.2650126723072,2690.0,0.09399109421130088,861.7423174402365,0.000470424784096392,3.329059286647268,4.327777072641449,10.0,168.0,4.7042478409639196e-05,35.418879996898724,0.32035030388112884
,,,,,1124.6144502396169,2700.0,0.09446151899539727,865.0880386458593,0.000470424784096392,3.345721205622745,4.349437567309569,10.0,168.0,4.7042478409639196e-05,35.418879996898724,0.3204029772762442
,,,,,1128.9855483015945,2710.0,0.09493194377949367,868.4504217704575,0.000470424784096392,3.3623831245982228,4.37109806197769,10.0,168.0,4.7042478409639196e-05,35.418879996898724,0.3204614102474013
,,,,,1133.3783068582402,2720.0,0.09540236856359006,871.8294668140312,0.000470424784096392,3.3790450435737,4.39275855664581,10.0,168.0,4.7042478409639196e-05,35.418879996898724,0.32052553926986443
,,,,,1137.792725909554,2730.0,0.09587279334768646,875.2251737765804,0.000470424784096392,3.395706962549177,4.4144190513139305,10.0,168.0,4.7042478409639196e-05,35.418879996898724,0.32059530174966316
,,,,,1142.228805455536,2740.0,0.09634321813178286,878.6375426581051,0.000470424784096392,3.4123688815246545,4.436079545982051,10.0,168.0,4.7042478409639196e-05,35.418879996898724,0.32067063600660767
,,,,,1146.6865454961862,2750.0,0.09681364291587925,882.0665734586053,0.000470424784096392,3.4290308005001315,4.4577400406501715,10.0,168.0,4.7042478409639196e-05,35.418879996898724,0.32075148125767466
,,,,,1151.1659460315045,2760.0,0.09728406769997565,885.5122661780808,0.000470424784096392,3.4456927194756086,4.479400535318291,10.0,168.0,4.7042478409639196e-05,35.418879996898724,0.32083777760075394
,,,,,1155.667007061491,2770.0,0.09775449248407204,888.9746208165319,0.000470424784096392,3.462354638451086,4.501061029986412,10.0,168.0,4.7042478409639196e-05,35.418879996898724,0.320929465998748
,,,,,1160.1897285861455,2780.0,0.09822491726816844,892.4536373739585,0.000470424784096392,3.4790165574265632,4.522721524654532,10.0,168.0,4.7042478409639196e-05,35.418879996898724,0.32102648826401387
,,,,,1164.7341106054682,2790.0,0.09869534205226484,895.9493158503606,0.000470424784096392,3.4956784764020403,4.5443820193226525,10.0,168.0,4.7042478409639196e-05,35.418879996898724,0.32112878704313996
,,,,,1169.300153119459,2800.0,0.09916576683636123,899.461656245738,0.000470424784096392,3.512340395377518,4.566042513990773,10.0,168.0,4.7042478409639196e-05,35.418879996898724,0.3212363058020493
,,,,,1173.887856128118,2810.0,0.09963619162045763,902.990658560091,0.000470424784096392,3.529002314352995,4.5877030086588935,10.0,168.0,4.7042478409639196e-05,35.418879996898724,0.32134898881142027
,,,,,1178.497219631445,2820.0,0.10010661640455402,906.5363227934195,0.000470424784096392,3.545664233328472,4.609363503327014,10.0,168.0,4.7042478409639196e-05,35.418879996898724,0.3214667811324182
,,,,,1183.12824362944,2830.0,0.10057704118865042,910.0986489457234,0.000470424784096392,3.5623261523039496,4.631023997995134,10.0,168.0,4.7042478409639196e-05,35.418879996898724,0.3215896286027291
,,,,,1187.7809281221032,2840.0,0.10104746597274682,913.6776370170029,0.000470424784096392,3.5789880712794266,4.652684492663255,10.0,168.0,4.7042478409639196e-05,35.418879996898724,0.32171747782288834
,,,,,1192.4552731094345,2850.0,0.10151789075684321,917.2732870072577,0.000470424784096392,3.5956499902549037,4.674344987331375,10.0,168.0,4.7042478409639196e-05,35.418879996898724,0.32185027614289746
,,,,,1197.151278591434,2860.0,0.10198831554093961,920.8855989164881,0.000470424784096392,3.6123119092303813,4.696005481999496,10.0,168.0,4.7042478409639196e-05,35.418879996898724,0.32198797164912174
,,,,,1201.8689445681016,2870.0,0.102458740325036,924.514572744694,0.000470424784096392,3.6289738282058583,4.717665976667616,10.0,168.0,4.7042478409639196e-05,35.418879996898724,0.3221305131514613
,,,,,1206.6082710394373,2880.0,0.1029291651091324,928.1602084918753,0.000470424784096392,3.645635747181336,4.739326471335737,10.0,168.0,4.7042478409639196e-05,35.418879996898724,0.32227785017079
,,,,,1211.3692580054412,2890.0,0.1033995898932288,931.8225061580322,0.000470424784096392,3.662297666156813,4.760986966003857,10.0,168.0,4.7042478409639196e-05,35.418879996898724,0.3224299329266547
,,,,,1216.1519054661132,2900.0,0.10387001467732519,935.5014657431644,0.000470424784096392,3.67895958513229,4.782647460671977,10.0,168.0,4.7042478409639196e-05,35.418879996898724,0.3225867123252291
,,,,,1220.9562134214534,2910.0,0.10434043946142159,939.1970872472722,0.000470424784096392,3.6956215041077676,4.804307955340098,10.0,168.0,4.7042478409639196e-05,35.418879996898724,0.3227481399475162
,,,,,1225.7821818714617,2920.0,0.10481086424551798,942.9093706703554,0.000470424784096392,3.7122834230832447,4.825968450008218,10.0,168.0,4.7042478409639196e-05,35.418879996898724,0.32291416803779294
,,,,,1230.6298108161382,2930.0,0.10528128902961438,946.6383160124142,0.000470424784096392,3.7289453420587217,4.847628944676338,10.0,168.0,4.7042478409639196e-05,35.418879996898724,0.32308474949229155
,,,,,1235.4991002554825,2940.0,0.10575171381371078,950.3839232734484,0.000470424784096392,3.7456072610341993,4.869289439344459,10.0,168.0,4.7042478409639196e-05,35.418879996898724,0.3232598378481117
,,,,,1240.390050189495,3010.0,0.10622213859780717,954.1461924534581,0.000470424784096392,3.7622691800096764,4.890949934012579,10.0,168.0,4.7042478409639196e-05,35.418879996898724,0.316992090516099
,,,,,1245.3026606181757,3020.0,0.10669256338190357,957.9251235524432,0.000470424784096392,3.7789310989851534,4.9126104286807,10.0,168.0,4.7042478409639196e-05,35.418879996898724,0.3171937495206766
,,,,,1250.2369315415244,3040.0,0.10716298816599996,961.7207165704039,0.000470424784096392,3.795593017960631,4.93427092334882,10.0,168.0,4.7042478409639196e-05,35.418879996898724,0.3163554988718434
,,,,,1255.1928629595413,3050.0,0.10763341295009636,965.53297150734,0.000470424784096392,3.812254936936108,4.955931418016941,10.0,168.0,4.7042478409639196e-05,35.418879996898724,0.31656818737945575
,,,,,1260.1704548722264,3060.0,0.10810383773419276,969.3618883632515,0.000470424784096392,3.828916855911585,4.977591912685061,10.0,168.0,4.7042478409639196e-05,35.418879996898724,0.3167849308376639
,,,,,1265.1697072795796,3070.0,0.10857426251828915,973.2074671381386,0.000470424784096392,3.8455787748870627,4.999252407353182,10.0,168.0,4.7042478409639196e-05,35.418879996898724,0.3170056896215435
,,,,,1270.190620181601,3080.0,0.10904468730238555,977.0697078320011,0.000470424784096392,3.8622406938625398,5.020912902021302,10.0,168.0,4.7042478409639196e-05,35.418879996898724,0.31723042462077955
,,,,,1275.2331935782904,3090.0,0.10951511208648194,980.9486104448391,0.000470424784096392,3.878902612838017,5.042573396689422,10.0,168.0,4.7042478409639196e-05,35.418879996898724,0.3174590972313395
,,,,,1280.297427469648,3100.0,0.10998553687057834,984.8441749766527,0.000470424784096392,3.8955645318134944,5.064233891357543,10.0,168.0,4.7042478409639196e-05,35.418879996898724,0.3176916693473073
,,,,,1285.3833218556738,3110.0,0.11045596165467474,988.7564014274416,0.000470424784096392,3.9122264507889715,5.085894386025663,10.0,168.0,4.7042478409639196e-05,35.418879996898724,0.3179281033528751
,,,,,1290.4908767363677,3120.0,0.11092638643877113,992.685289797206,0.000470424784096392,3.9288883697644486,5.107554880693783,10.0,168.0,4.7042478409639196e-05,35.418879996898724,0.3181683621144891
,,,,,1295.6200921117295,3130.0,0.11139681122286753,996.6308400859459,0.000470424784096392,3.945550288739926,5.129215375361904,10.0,168.0,4.7042478409639196e-05,35.418879996898724,0.31841240897314566
,,,,,1300.7709679817594,3140.0,0.11186723600696392,1000.5930522936613,0.000470424784096392,3.962212207715403,5.150875870030024,10.0,168.0,4.7042478409639196e-05,35.418879996898724,0.31866020773683484
,,,,,1305.9435043464575,3150.0,0.11233766079106032,1004.5719264203523,0.000470424784096392,3.9788741266908803,5.172536364698145,10.0,168.0,4.7042478409639196e-05,35.418879996898724,0.31891172267312773
,,,,,1311.1377012058238,3160.0,0.11280808557515672,1008.5674624660186,0.000470424784096392,3.995536045666358,5.194196859366265,10.0,168.0,4.7042478409639196e-05,35.418879996898724,0.3191669185019046
,,,,,1316.3535585598581,3170.0,0.11327851035925311,1012.5796604306604,0.000470424784096392,4.012197964641835,5.215857354034386,10.0,168.0,4.7042478409639196e-05,35.418879996898724,0.31942576038822096
,,,,,1321.5910764085606,3180.0,0.11374893514334951,1016.6085203142777,0.000470424784096392,4.028859883617312,5.237517848702506,10.0,168.0,4.7042478409639196e-05,35.418879996898724,0.31968821393530744
,,,,,1326.8502547519313,3190.0,0.1142193599274459,1020.6540421168705,0.000470424784096392,4.0455218025927895,5.2591783433706265,10.0,168.0,4.7042478409639196e-05,35.418879996898724,0.3199542451777024
,,,,,1332.13109358997,3200.0,0.1146897847115423,1024.7162258384387,0.000470424784096392,4.062183721568267,5.280838838038747,10.0,168.0,4.7042478409639196e-05,35.418879996898724,0.3202238205745121
,,,,,1337.433592922677,3210.0,0.1151602094956387,1028.7950714789824,0.000470424784096392,4.078845640543744,5.302499332706867,10.0,168.0,4.7042478409639196e-05,35.418879996898724,0.32049690700279826
,,,,,1342.757752750052,3220.0,0.11563063427973509,1032.8905790385018,0.000470424784096392,4.095507559519221,5.324159827374987,10.0,168.0,4.7042478409639196e-05,35.418879996898724,0.3207734717510875
,,,,,1348.1035730720953,3230.0,0.11610105906383149,1037.0027485169965,0.000470424784096392,4.112169478494699,5.345820322043108,10.0,168.0,4.7042478409639196e-05,35.418879996898724,0.321053482513002
,,,,,1353.4710538888064,3240.0,0.11657148384792788,1041.1315799144666,0.000470424784096392,4.128831397470176,5.367480816711229,10.0,168.0,4.7042478409639196e-05,35.418879996898724,0.3213369073810082
,,,,,1358.8601952001857,3250.0,0.11704190863202428,1045.2770732309123,0.000470424784096392,4.145493316445653,5.389141311379349,10.0,168.0,4.7042478409639196e-05,35.418879996898724,0.3216237148402807
,,,,,1364.270997006233,3260.0,0.11751233341612068,1049.4392284663334,0.000470424784096392,4.16215523542113,5.410801806047469,10.0,168.0,4.7042478409639196e-05,35.418879996898724,0.32191387376267894
,,,,,1369.7034593069486,3270.0,0.11798275820021707,1053.61804562073,0.000470424784096392,4.178817154396607,5.432462300715589,10.0,168.0,4.7042478409639196e-05,35.418879996898724,0.3222073534008349
,,,,,1375.1575821023323,3280.0,0.11845318298431347,1057.8135246941022,0.000470424784096392,4.195479073372085,5.454122795383711,10.0,168.0,4.7042478409639196e-05,35.418879996898724,0.32250412338234824
,,,,,1385.3932962054225,3290.0,0.11846223481223096,1065.6871509272485,9.051827917499328e-06,7.87362623314635,10.235714103090256,10.0,273.0,9.051827917499328e-07,66.46528529219859,0.3239170671511393
,,,,,1395.6297924305352,3300.0,0.11847128664014846,1073.5613787927198,9.051827917499328e-06,7.874227865471302,10.236496225112694,10.0,273.0,9.051827917499328e-07,66.46528529219859,0.32532162993718783
,,,,,1405.8670707776703,3310.0,0.11848033846806595,1081.436208290516,9.051827917499328e-06,7.874829497796254,10.237278347135131,10.0,273.0,9.051827917499328e-07,66.46528529219859,0.32671788770106225
,,,,,1416.1051312468278,3320.0,0.11848939029598345,1089.3116394206372,9.051827917499328e-06,7.875431130121206,10.238060469157569,10.0,273.0,9.051827917499328e-07,66.46528529219859,0.3281059154881437
,,,,,1426.3439738380077,3330.0,0.11849844212390094,1097.1876721830834,9.051827917499328e-06,7.876032762446159,10.238842591180006,10.0,273.0,9.051827917499328e-07,66.46528529219859,0.3294857874423674
,,,,,1436.5835985512101,3340.0,0.11850749395181844,1105.0643065778545,9.051827917499328e-06,7.876634394771111,10.239624713202444,10.0,273.0,9.051827917499328e-07,66.46528529219859,0.3308575768197169
,,,,,1446.824005386435,3350.0,0.11851654577973593,1112.9415426049507,9.051827917499328e-06,7.877236027096063,10.240406835224883,10.0,273.0,9.051827917499328e-07,66.46528529219859,0.3322213560014778
,,,,,1457.0651943436822,3360.0,0.11852559760765342,1120.8193802643716,9.051827917499328e-06,7.877837659421015,10.24118895724732,10.0,273.0,9.051827917499328e-07,66.46528529219859,0.3335771965072534
,,,,,1467.3071654229518,3370.0,0.11853464943557092,1128.6978195561176,9.051827917499328e-06,7.878439291745967,10.241971079269758,10.0,273.0,9.051827917499328e-07,66.46528529219859,0.33492516900775005
,,,,,1477.549918624244,3380.0,0.11854370126348841,1136.5768604801885,9.051827917499328e-06,7.879040924070919,10.242753201292196,10.0,273.0,9.051827917499328e-07,66.46528529219859,0.3362653433373339
,,,,,1487.7934539475586,3390.0,0.11855275309140591,1144.4565030365843,9.051827917499328e-06,7.879642556395871,10.243535323314633,10.0,273.0,9.051827917499328e-07,66.46528529219859,0.33759778850636707
,,,,,1498.0377713928958,3400.0,0.1185618049193234,1152.336747225305,9.051827917499328e-06,7.880244188720824,10.244317445337071,10.0,273.0,9.051827917499328e-07,66.46528529219859,0.33892257271332504
,,,,,1508.2828709602554,3410.0,0.1185708567472409,1160.2175930463509,9.051827917499328e-06,7.880845821045776,10.245099567359508,10.0,273.0,9.051827917499328e-07,66.46528529219859,0.34023976335670114
,,,,,1518.5287526496375,3420.0,0.11857990857515839,1168.0990404997217,9.051827917499328e-06,7.881447453370728,10.245881689381948,10.0,273.0,9.051827917499328e-07,66.46528529219859,0.34154942704670227
,,,,,1528.775416461042,3430.0,0.11858896040307589,1175.9810895854173,9.051827917499328e-06,7.88204908569568,10.246663811404385,10.0,273.0,9.051827917499328e-07,66.46528529219859,0.34285162961673976
,,,,,1539.0228623944688,3440.0,0.11859801223099338,1183.863740303438,9.051827917499328e-06,7.882650718020632,10.247445933426823,10.0,273.0,9.051827917499328e-07,66.46528529219859,0.34414643613472035
,,,,,1549.2710904499181,3450.0,0.11860706405891087,1191.7469926537835,9.051827917499328e-06,7.883252350345584,10.24822805544926,10.0,273.0,9.051827917499328e-07,66.46528529219859,0.34543391091414016
,,,,,1559.5201006273899,3490.0,0.11861611588682837,1199.6308466364542,9.051827917499328e-06,7.883853982670536,10.249010177471698,10.0,273.0,9.051827917499328e-07,66.46528529219859,0.3437337669445427
,,,,,1569.769892926884,3500.0,0.11862516771474586,1207.5153022514496,9.051827917499328e-06,7.884455614995489,10.249792299494136,10.0,273.0,9.051827917499328e-07,66.46528529219859,0.34500437207184276
,,,,,1580.0204673484006,3510.0,0.11863421954266336,1215.40035949877,9.051827917499328e-06,7.885057247320441,10.250574421516573,10.0,273.0,9.051827917499328e-07,66.46528529219859,0.3462679086891083
,,,,,1590.2718238919397,3520.0,0.11864327137058085,1223.2860183784155,9.051827917499328e-06,7.885658879645393,10.251356543539012,10.0,273.0,9.051827917499328e-07,66.46528529219859,0.34752443703932256
,,,,,1600.5239625575011,3530.0,0.11865232319849835,1231.1722788903858,9.051827917499328e-06,7.886260511970345,10.25213866556145,10.0,273.0,9.051827917499328e-07,66.46528529219859,0.3487740166828288
,,,,,1610.776883345085,3540.0,0.11866137502641584,1239.059141034681,9.051827917499328e-06,7.886862144295297,10.252920787583887,10.0,273.0,9.051827917499328e-07,66.46528529219859,0.35001670650697203
,,,,,1621.0305862546913,3550.0,0.11867042685433334,1246.9466048113013,9.051827917499328e-06,7.887463776620249,10.253702909606325,10.0,273.0,9.051827917499328e-07,66.46528529219859,0.3512525647355778
,,,,,1631.28507128632,3560.0,0.11867947868225083,1254.8346702202466,9.051827917499328e-06,7.888065408945202,10.254485031628763,10.0,273.0,9.051827917499328e-07,66.46528529219859,0.3524816489382715
,,,,,1641.5403384399713,3570.0,0.11868853051016832,1262.7233372615167,9.051827917499328e-06,7.888667041270154,10.2552671536512,10.0,273.0,9.051827917499328e-07,66.46528529219859,0.3537040160396405
,,,,,1651.7963877156449,3580.0,0.11869758233808582,1270.6126059351118,9.051827917499328e-06,7.889268673595106,10.256049275673638,10.0,273.0,9.051827917499328e-07,66.46528529219859,0.35491972232824354
,,,,,1662.053219113341,3590.0,0.11870663416600331,1278.502476241032,9.051827917499328e-06,7.889870305920058,10.256831397696077,10.0,273.0,9.051827917499328e-07,66.46528529219859,0.3561288234654685
,,,,,1672.3108326330594,3600.0,0.11871568599392081,1286.3929481792768,9.051827917499328e-06,7.89047193824501,10.257613519718515,10.0,273.0,9.051827917499328e-07,66.46528529219859,0.35733137449424357
,,,,,1682.5692282748003,3610.0,0.1187247378218383,1294.2840217498467,9.051827917499328e-06,7.891073570569962,10.258395641740952,10.0,273.0,9.051827917499328e-07,66.46528529219859,0.35852742984760294
,,,,,1692.8284060385636,3620.0,0.1187337896497558,1302.1756969527416,9.051827917499328e-06,7.891675202894914,10.25917776376339,10.0,273.0,9.051827917499328e-07,66.46528529219859,0.35971704335711097
,,,,,1703.0883659243493,3630.0,0.11874284147767329,1310.0679737879616,9.051827917499328e-06,7.892276835219867,10.259959885785827,10.0,273.0,9.051827917499328e-07,66.46528529219859,0.36090026826114646
,,,,,1713.3491079321575,3640.0,0.11875189330559079,1317.9608522555063,9.051827917499328e-06,7.892878467544819,10.260742007808265,10.0,273.0,9.051827917499328e-07,66.46528529219859,0.36207715721305117
,,,,,1723.610632061988,3650.0,0.11876094513350828,1325.854332355376,9.051827917499328e-06,7.893480099869771,10.261524129830702,10.0,273.0,9.051827917499328e-07,66.46528529219859,0.3632477622891441
,,,,,1733.8729383138411,3660.0,0.11876999696142578,1333.7484140875708,9.051827917499328e-06,7.894081732194723,10.262306251853142,10.0,273.0,9.051827917499328e-07,66.46528529219859,0.3644121349966041
,,,,,1744.1360266877168,3670.0,0.11877904878934327,1341.6430974520906,9.051827917499328e-06,7.8946833645196755,10.26308837387558,10.0,273.0,9.051827917499328e-07,66.46528529219859,0.3655703262812236
,,,,,1754.399897183615,3680.0,0.11878810061726076,1349.5383824489352,9.051827917499328e-06,7.8952849968446275,10.263870495898017,10.0,273.0,9.051827917499328e-07,66.46528529219859,0.36672238653503675
,,,,,1764.6645498015355,3690.0,0.11879715244517826,1357.4342690781048,9.051827917499328e-06,7.8958866291695795,10.264652617920454,10.0,273.0,9.051827917499328e-07,66.46528529219859,0.3678683656038224
,,,,,1774.9299845414785,3700.0,0.11880620427309575,1365.3307573395994,9.051827917499328e-06,7.896488261494532,10.265434739942892,10.0,273.0,9.051827917499328e-07,66.46528529219859,0.3690083127944863
,,,,,1785.1962014034439,3710.0,0.11881525610101325,1373.2278472334187,9.051827917499328e-06,7.8970898938194845,10.26621686196533,10.0,273.0,9.051827917499328e-07,66.46528529219859,0.3701422768823231
,,,,,1795.4632003874317,3720.0,0.11882430792893074,1381.1255387595631,9.051827917499328e-06,7.8976915261444365,10.266998983987767,10.0,273.0,9.051827917499328e-07,66.46528529219859,0.37127030611816214
,,,,,1805.730981493442,3730.0,0.11883335975684824,1389.0238319180326,9.051827917499328e-06,7.8982931584693885,10.267781106010206,10.0,273.0,9.051827917499328e-07,66.46528529219859,0.37239244823539747
,,,,,1815.9995447214746,3740.0,0.11884241158476573,1396.922726708827,9.051827917499328e-06,7.8988947907943405,10.268563228032644,10.0,273.0,9.051827917499328e-07,66.46528529219859,0.3735087504569056
,,,,,1826.2688900715298,3750.0,0.11885146341268323,1404.8222231319462,9.051827917499328e-06,7.899496423119293,10.269345350055081,10.0,273.0,9.051827917499328e-07,66.46528529219859,0.3746192595018523
,,,,,1836.5390175436073,3760.0,0.11886051524060072,1412.7223211873904,9.051827917499328e-06,7.900098055444245,10.270127472077519,10.0,273.0,9.051827917499328e-07,66.46528529219859,0.3757240215923911
,,,,,1846.8099271377073,3770.0,0.11886956706851821,1420.6230208751597,9.051827917499328e-06,7.9006996877691975,10.270909594099956,10.0,273.0,9.051827917499328e-07,66.46528529219859,0.37682308246025453
,,,,,1857.0816188538297,3780.0,0.11887861889643571,1428.524322195254,9.051827917499328e-06,7.9013013200941495,10.271691716122394,10.0,273.0,9.051827917499328e-07,66.46528529219859,0.3779164873532418
,,,,,1867.3540926919745,3790.0,0.1188876707243532,1436.426225147673,9.051827917499328e-06,7.901902952419102,10.272473838144832,10.0,273.0,9.051827917499328e-07,66.46528529219859,0.3790042810416024
,,,,,1877.6273486521418,3800.0,0.1188967225522707,1444.328729732417,9.051827917499328e-06,7.902504584744054,10.27325596016727,10.0,273.0,9.051827917499328e-07,66.46528529219859,0.3800865078243203
,,,,,1887.9013867343315,3810.0,0.11890577438018819,1452.2318359494861,9.051827917499328e-06,7.903106217069006,10.274038082189708,10.0,273.0,9.051827917499328e-07,66.46528529219859,0.3811632115352982
,,,,,1898.1762069385436,3820.0,0.11891482620810569,1460.13554379888,9.051827917499328e-06,7.903707849393958,10.274820204212146,10.0,273.0,9.051827917499328e-07,66.46528529219859,0.38223443554944503
,,,,,1908.4518092647781,3830.0,0.11892387803602318,1468.039853280599,9.051827917499328e-06,7.90430948171891,10.275602326234583,10.0,273.0,9.051827917499328e-07,66.46528529219859,0.3833002227886681
,,,,,1918.7281937130351,3840.0,0.11893292986394068,1475.9447643946428,9.051827917499328e-06,7.904911114043863,10.276384448257021,10.0,273.0,9.051827917499328e-07,66.46528529219859,0.3843606157277716
,,,,,1929.0053602833145,3850.0,0.11894198169185817,1483.8502771410117,9.051827917499328e-06,7.905512746368815,10.277166570279459,10.0,273.0,9.051827917499328e-07,66.46528529219859,0.38541565640026276
,,,,,1939.2833089756164,3860.0,0.11895103351977566,1491.7563915197054,9.051827917499328e-06,7.906114378693767,10.277948692301896,10.0,273.0,9.051827917499328e-07,66.46528529219859,0.38646538640406874
,,,,,1949.5620397899406,3870.0,0.11896008534769316,1499.6631075307241,9.051827917499328e-06,7.906716011018719,10.278730814324335,10.0,273.0,9.051827917499328e-07,66.46528529219859,0.38750984690716384
,,,,,1959.8415527262873,3880.0,0.11896913717561065,1507.5704251740679,9.051827917499328e-06,7.907317643343671,10.279512936346773,10.0,273.0,9.051827917499328e-07,66.46528529219859,0.3885490786531103
,,,,,1970.1218477846564,3890.0,0.11897818900352815,1515.4783444497364,9.051827917499328e-06,7.907919275668623,10.28029505836921,10.0,273.0,9.051827917499328e-07,66.46528529219859,0.3895831219665132
,,,,,1980.402924965048,3900.0,0.11898724083144564,1523.38686535773,9.051827917499328e-06,7.908520907993576,10.281077180391648,10.0,273.0,9.051827917499328e-07,66.46528529219859,0.3906120167583923
,,,,,1990.684784267462,3910.0,0.11899629265936314,1531.2959878980485,9.051827917499328e-06,7.909122540318528,10.281859302414086,10.0,273.0,9.051827917499328e-07,66.46528529219859,0.3916358025314702
,,,,,2000.9674256918986,3920.0,0.11900534448728063,1539.205712070692,9.051827917499328e-06,7.90972417264348,10.282641424436523,10.0,273.0,9.051827917499328e-07,66.46528529219859,0.3926545183853806
,,,,,2011.2508492383577,3930.0,0.11901439631519813,1547.1160378756604,9.051827917499328e-06,7.910325804968432,10.28342354645896,10.0,273.0,9.051827917499328e-07,66.46528529219859,0.39366820302179656
,,,,,2021.5350549068392,3940.0,0.11902344814311562,1555.0269653129537,9.051827917499328e-06,7.910927437293384,10.2842056684814,10.0,273.0,9.051827917499328e-07,66.46528529219859,0.39467689474948064
,,,,,2031.820042697343,3950.0,0.11903249997103311,1562.9384943825721,9.051827917499328e-06,7.911529069618336,10.284987790503838,10.0,273.0,9.051827917499328e-07,66.46528529219859,0.39568063148925875
,,,,,2042.1058126098694,3960.0,0.11904155179895061,1570.8506250845155,9.051827917499328e-06,7.912130701943288,10.285769912526275,10.0,273.0,9.051827917499328e-07,66.46528529219859,0.3966794507789181
,,,,,2052.392364644418,3970.0,0.1190506036268681,1578.7633574187837,9.051827917499328e-06,7.912732334268241,10.286552034548713,10.0,273.0,9.051827917499328e-07,66.46528529219859,0.3976733897780312
,,,,,2062.679698800989,3980.0,0.1190596554547856,1586.676691385377,9.051827917499328e-06,7.913333966593193,10.28733415657115,10.0,273.0,9.051827917499328e-07,66.46528529219859,0.39866248527270776
,,,,,2072.9678150795826,3990.0,0.11906870728270309,1594.590626984295,9.051827917499328e-06,7.913935598918145,10.288116278593588,10.0,273.0,9.051827917499328e-07,66.46528529219859,0.39964677368027446
,,,,,2083.2567134801984,4000.0,0.11907775911062059,1602.5051642155381,9.051827917499328e-06,7.914537231243097,10.288898400616025,10.0,273.0,9.051827917499328e-07,66.46528529219859,0.40062629105388453
,,,,,2093.5463940028367,4010.0,0.11908681093853808,1610.4203030791061,9.051827917499328e-06,7.915138863568049,10.289680522638465,10.0,273.0,9.051827917499328e-07,66.46528529219859,0.4016010730870589
,,,,,2103.8368566474974,4020.0,0.11909586276645558,1618.3360435749992,9.051827917499328e-06,7.915740495893001,10.290462644660902,10.0,273.0,9.051827917499328e-07,66.46528529219859,0.402571155118159
,,,,,2114.1281014141805,4030.0,0.11910491459437307,1626.2523857032172,9.051827917499328e-06,7.916342128217953,10.29124476668334,10.0,273.0,9.051827917499328e-07,66.46528529219859,0.4035365721347934
,,,,,2124.420128302886,4040.0,0.11911396642229057,1634.16932946376,9.051827917499328e-06,7.916943760542906,10.292026888705777,10.0,273.0,9.051827917499328e-07,66.46528529219859,0.40449735877815846
,,,,,2134.7129373136145,4050.0,0.11912301825020806,1642.086874856628,9.051827917499328e-06,7.917545392867858,10.292809010728215,10.0,273.0,9.051827917499328e-07,66.46528529219859,0.40545354934731553
,,,,,2145.0065284463653,4060.0,0.11913207007812555,1650.0050218818208,9.051827917499328e-06,7.91814702519281,10.293591132750652,10.0,273.0,9.051827917499328e-07,66.46528529219859,0.4064051778034041
,,,,,2155.3009017011386,4070.0,0.11914112190604305,1657.9237705393384,9.051827917499328e-06,7.918748657517762,10.29437325477309,10.0,273.0,9.051827917499328e-07,66.46528529219859,0.40735227777379324
,,,,,2165.5960570779343,4080.0,0.11915017373396054,1665.843120829181,9.051827917499328e-06,7.919350289842714,10.29515537679553,10.0,273.0,9.051827917499328e-07,66.46528529219859,0.40829488255617186
,,,,,2188.967698481052,4090.0,0.11921399368572452,1683.8213065238872,6.381995176398214e-05,17.978185694706116,23.371641403117952,10.0,87.0,6.381995176398213e-06,150.80600136675855,0.4116922509838355
,,,,,2212.351851645423,4100.0,0.1192778136374885,1701.8091166503264,6.381995176398214e-05,17.98781012643906,23.38415316437078,10.0,87.0,6.381995176398213e-06,150.80600136675855,0.41507539430495766
,,,,,2235.7485165710464,4110.0,0.11934163358925248,1719.8065512084984,6.381995176398214e-05,17.997434558172007,23.39666492562361,10.0,87.0,6.381995176398213e-06,150.80600136675855,0.4184444163524327
,,,,,2259.157693257923,4120.0,0.11940545354101646,1737.8136101984032,6.381995176398214e-05,18.00705898990495,23.40917668687644,10.0,87.0,6.381995176398213e-06,150.80600136675855,0.42179941995106873
,,,,,2282.579381706052,4130.0,0.11946927349278044,1755.8302936200412,6.381995176398214e-05,18.0166834216379,23.42168844812927,10.0,87.0,6.381995176398213e-06,150.80600136675855,0.42514050692979205
,,,,,2306.0135819154343,4140.0,0.11953309344454442,1773.856601473412,6.381995176398214e-05,18.026307853370845,23.434200209382098,10.0,87.0,6.381995176398213e-06,150.80600136675855,0.42846777813367437
,,,,,2329.4602938860694,4150.0,0.1195969133963084,1791.8925337585158,6.381995176398214e-05,18.03593228510379,23.44671197063493,10.0,87.0,6.381995176398213e-06,150.80600136675855,0.43178133343578695
,,,,,2352.9195176179574,4160.0,0.11966073334807238,1809.9380904753525,6.381995176398214e-05,18.045556716836735,23.459223731887757,10.0,87.0,6.381995176398213e-06,150.80600136675855,0.43508127174888284
,,,,,2376.3912531110977,4170.0,0.11972455329983636,1827.9932716239223,6.381995176398214e-05,18.05518114856968,23.471735493140585,10.0,87.0,6.381995176398213e-06,150.80600136675855,0.4383676910369118
,,,,,2399.875500365491,4180.0,0.11978837325160034,1846.058077204225,6.381995176398214e-05,18.064805580302625,23.484247254393413,10.0,87.0,6.381995176398213e-06,150.80600136675855,0.4416406883263696
,,,,,2423.372259381137,4190.0,0.11985219320336432,1864.1325072162604,6.381995176398214e-05,18.07443001203557,23.49675901564624,10.0,87.0,6.381995176398213e-06,150.80600136675855,0.4449003597174846
,,,,,2446.881530158036,4200.0,0.1199160131551283,1882.216561660029,6.381995176398214e-05,18.084054443768515,23.509270776899072,10.0,87.0,6.381995176398213e-06,150.80600136675855,0.44814680039524496
,,,,,2470.403312696188,4210.0,0.11997983310689228,1900.3102405355303,6.381995176398214e-05,18.09367887550146,23.5217825381519,10.0,87.0,6.381995176398213e-06,150.80600136675855,0.45138010464026845
,,,,,2475.8209261252773,4220.0,0.12011527398391636,1904.4776354809833,0.00013544087702407513,4.167394945453111,5.4176134290890445,10.0,272.0,1.3544087702407512e-05,34.69496265738138,0.45129801788648893
,,,,,2481.244648405388,4230.0,0.12025071486094044,1908.649729542607,0.00013544087702407513,4.172094061623745,5.423722280110868,10.0,272.0,1.3544087702407512e-05,34.69496265738138,0.45121743015191657
,,,,,2486.6744795365207,4240.0,0.12038615573796452,1912.8265227204015,0.00013544087702407513,4.176793177794378,5.429831131132692,10.0,272.0,1.3544087702407512e-05,34.69496265738138,0.4511383308302834
,,,,,2492.1104195186754,4250.0,0.1205215966149886,1917.0080150143665,0.00013544087702407513,4.181492293965012,5.435939982154515,10.0,272.0,1.3544087702407512e-05,34.69496265738138,0.45106070941514503
,,,,,2497.5524683518515,4260.0,0.12065703749201268,1921.1942064245022,0.00013544087702407513,4.186191410135645,5.442048833176339,10.0,272.0,1.3544087702407512e-05,34.69496265738138,0.4509845554987094
,,,,,2503.0006260360497,4270.0,0.12079247836903675,1925.3850969508085,0.00013544087702407513,4.190890526306278,5.448157684198161,10.0,272.0,1.3544087702407512e-05,34.69496265738138,0.4509098587706811
,,,,,2508.4548925712697,4280.0,0.12092791924606083,1929.5806865932855,0.00013544087702407513,4.195589642476912,5.454266535219985,10.0,272.0,1.3544087702407512e-05,34.69496265738138,0.45083660901712275
,,,,,2513.9152679575113,4290.0,0.12106336012308491,1933.780975351933,0.00013544087702407513,4.200288758647545,5.460375386241809,10.0,272.0,1.3544087702407512e-05,34.69496265738138,0.4507647961193317
,,,,,2519.381752194775,4300.0,0.12119880100010899,1937.9859632267512,0.00013544087702407513,4.204987874818179,5.466484237263633,10.0,272.0,1.3544087702407512e-05,34.69496265738138,0.45069441005273286
,,,,,2524.8543452830604,4310.0,0.12133424187713307,1942.19565021774,0.00013544087702407513,4.209686990988812,5.472593088285456,10.0,272.0,1.3544087702407512e-05,34.69496265738138,0.45062544088578654
,,,,,2530.333047222368,4320.0,0.12146968275415715,1946.4100363248995,0.00013544087702407513,4.214386107159445,5.478701939307279,10.0,272.0,1.3544087702407512e-05,34.69496265738138,0.4505578787789119
,,,,,2535.817858012697,4330.0,0.12160512363118123,1950.6291215482295,0.00013544087702407513,4.219085223330079,5.484810790329102,10.0,272.0,1.3544087702407512e-05,34.69496265738138,0.4504917139834248
,,,,,2541.308777654048,4340.0,0.1217405645082053,1954.8529058877302,0.00013544087702407513,4.223784339500712,5.490919641350926,10.0,272.0,1.3544087702407512e-05,34.69496265738138,0.45042693684049084
,,,,,2546.8058061464208,4350.0,0.12187600538522939,1959.0813893434015,0.00013544087702407513,4.228483455671346,5.49702849237275,10.0,272.0,1.3544087702407512e-05,34.69496265738138,0.4503635377800923
,,,,,2552.308943489815,4360.0,0.12201144626225346,1963.3145719152435,0.00013544087702407513,4.233182571841979,5.503137343394573,10.0,272.0,1.3544087702407512e-05,34.69496265738138,0.45030150732000995
,,,,,2557.8181896842316,4370.0,0.12214688713927754,1967.552453603256,0.00013544087702407513,4.237881688012613,5.509246194416397,10.0,272.0,1.3544087702407512e-05,34.69496265738138,0.4502408360648183
,,,,,2563.33354472967,4380.0,0.12228232801630162,1971.7950344074393,0.00013544087702407513,4.242580804183246,5.51535504543822,10.0,272.0,1.3544087702407512e-05,34.69496265738138,0.4501815147048948
,,,,,2568.85500862613,4390.0,0.1224177688933257,1976.042314327793,0.00013544087702407513,4.247279920353879,5.521463896460043,10.0,272.0,1.3544087702407512e-05,34.69496265738138,0.45012353401544264
,,,,,2592.116893743279,4400.0,0.12241870087420365,1993.9360721102155,9.319808779398052e-07,17.893757782422384,23.2618851171491,10.0,274.0,9.319808779398052e-08,146.1684992132848,0.45316728911595805
,,,,,2615.378955954548,4410.0,0.12241963285508159,2011.8299661188842,9.319808779398052e-07,17.893894008668607,23.26206221126919,10.0,274.0,9.319808779398052e-08,146.1684992132848,0.4561972712287719
,,,,,2638.6411952599374,4420.0,0.12242056483595953,2029.723996353799,9.319808779398052e-07,17.894030234914833,23.262239305389283,10.0,274.0,9.319808779398052e-08,146.1684992132848,0.45921357383570116
,,,,,2661.9036116594466,4430.0,0.12242149681683748,2047.6181628149602,9.319808779398052e-07,17.894166461161056,23.262416399509373,10.0,274.0,9.319808779398052e-08,146.1684992132848,0.46221628957448313
,,,,,2685.166205153076,4440.0,0.12242242879771542,2065.5124655023674,9.319808779398052e-07,17.894302687407283,23.262593493629467,10.0,274.0,9.319808779398052e-08,146.1684992132848,0.46520551024828094
,,,,,2708.4289757408255,4450.0,0.12242336077859337,2083.406904416021,9.319808779398052e-07,17.894438913653506,23.262770587749557,10.0,274.0,9.319808779398052e-08,146.1684992132848,0.4681813268350609
,,,,,2731.6919234226953,4470.0,0.12242429275947131,2101.3014795559207,9.319808779398052e-07,17.89457513989973,23.262947681869647,10.0,274.0,9.319808779398052e-08,146.1684992132848,0.4700898164554632
,,,,,2754.955048198685,4480.0,0.12242522474034925,2119.1961909220668,9.319808779398052e-07,17.894711366145955,23.26312477598974,10.0,274.0,9.319808779398052e-08,146.1684992132848,0.4730348640451042
,,,,,2778.2183500687947,4490.0,0.1224261567212272,2137.091038514459,9.319808779398052e-07,17.89484759239218,23.26330187010983,10.0,274.0,9.319808779398052e-08,146.1684992132848,0.47596682372259663
,,,,,2801.4818290330245,4500.0,0.12242708870210514,2154.9860223330975,9.319808779398052e-07,17.894983818638405,23.26347896422993,10.0,274.0,9.319808779398052e-08,146.1684992132848,0.4788857827406883
,,,,,2824.7454850913746,4510.0,0.12242802068298309,2172.881142377982,9.319808779398052e-07,17.895120044884628,23.263656058350016,10.0,274.0,9.319808779398052e-08,146.1684992132848,0.48179182757826655
,,,,,2848.0093182438445,4520.0,0.12242895266386103,2190.776398649113,9.319808779398052e-07,17.895256271130854,23.263833152470113,10.0,274.0,9.319808779398052e-08,146.1684992132848,0.4846850439489188
,,,,,2871.273328490435,4530.0,0.12242988464473897,2208.6717911464902,9.319808779398052e-07,17.895392497377077,23.264010246590203,10.0,274.0,9.319808779398052e-08,146.1684992132848,0.48756551680937976
,,,,,2894.537515831145,4540.0,0.12243081662561692,2226.5673198701134,9.319808779398052e-07,17.895528723623304,23.264187340710297,10.0,274.0,9.319808779398052e-08,146.1684992132848,0.4904333303678664
,,,,,2917.8018802659753,4550.0,0.12243174860649486,2244.462984819983,9.319808779398052e-07,17.895664949869527,23.264364434830387,10.0,274.0,9.319808779398052e-08,146.1684992132848,0.4932885680923039
,,,,,2941.0664217949256,4560.0,0.1224326805873728,2262.3587859960985,9.319808779398052e-07,17.89580117611575,23.264541528950478,10.0,274.0,9.319808779398052e-08,146.1684992132848,0.49613131271844263
,,,,,2964.3311404179963,4570.0,0.12243361256825075,2280.2547233984606,9.319808779398052e-07,17.895937402361977,23.26471862307057,10.0,274.0,9.319808779398052e-08,146.1684992132848,0.4989616462578688
,,,,,2987.5960361351868,4580.0,0.1224345445491287,2298.1507970270686,9.319808779398052e-07,17.8960736286082,23.26489571719066,10.0,274.0,9.319808779398052e-08,146.1684992132848,0.5017796500059102
,,,,,3010.8611089464976,4590.0,0.12243547653000664,2316.047006881923,9.319808779398052e-07,17.896209854854426,23.265072811310755,10.0,274.0,9.319808779398052e-08,146.1684992132848,0.5045854045494386
,,,,,3034.126358851928,4600.0,0.12243640851088458,2333.9433529630237,9.319808779398052e-07,17.89634608110065,23.265249905430846,10.0,274.0,9.319808779398052e-08,146.1684992132848,0.5073789897745704
,,,,,3057.391785851479,4610.0,0.12243734049176253,2351.8398352703707,9.319808779398052e-07,17.896482307346876,23.26542699955094,10.0,274.0,9.319808779398052e-08,146.1684992132848,0.510160484874267
,,,,,3080.65738994515,4620.0,0.12243827247264047,2369.7364538039637,9.319808779398052e-07,17.8966185335931,23.26560409367103,10.0,274.0,9.319808779398052e-08,146.1684992132848,0.5129299683558363
,,,,,3103.923171132941,4630.0,0.12243920445351841,2387.6332085638032,9.319808779398052e-07,17.89675475983932,23.26578118779112,10.0,274.0,9.319808779398052e-08,146.1684992132848,0.5156875180483377
,,,,,3127.1891294148522,4640.0,0.12244013643439636,2405.5300995498887,9.319808779398052e-07,17.89689098608555,23.265958281911214,10.0,274.0,9.319808779398052e-08,146.1684992132848,0.5184332111098898
,,,,,3150.4552647908836,4650.0,0.1224410684152743,2423.4271267622207,9.319808779398052e-07,17.89702721233177,23.266135376031304,10.0,274.0,9.319808779398052e-08,146.1684992132848,0.5211671240348862
,,,,,3173.721577261035,4660.0,0.12244200039615225,2441.3242902007987,9.319808779398052e-07,17.897163438577998,23.266312470151398,10.0,274.0,9.319808779398052e-08,146.1684992132848,0.5238893326611156
,,,,,3196.9880668253063,4670.0,0.12244293237703019,2459.2215898656227,9.319808779398052e-07,17.89729966482422,23.266489564271488,10.0,274.0,9.319808779398052e-08,146.1684992132848,0.5265999121767929
,,,,,3220.2547334836977,4680.0,0.12244386435790813,2477.119025756693,9.319808779398052e-07,17.897435891070447,23.266666658391582,10.0,274.0,9.319808779398052e-08,146.1684992132848,0.5292989371274985
,,,,,3232.6179575659553,4690.0,0.12244827366691315,2486.629198127661,4.409309005014445e-06,9.510172370967545,12.36322408225781,10.0,251.0,4.409309005014445e-07,77.66685544981512,0.530198123268158
,,,,,3244.981626842528,4700.0,0.12245268297591816,2496.1397129557936,4.409309005014445e-06,9.510514828132672,12.363669276572475,10.0,251.0,4.409309005014445e-07,77.66685544981512,0.5310935559480412
,,,,,3257.345741313415,4710.0,0.12245709228492317,2505.6505702410914,4.409309005014445e-06,9.510857285297798,12.364114470887138,10.0,251.0,4.409309005014445e-07,77.66685544981512,0.5319852590745416
,,,,,3269.710300978617,4720.0,0.12246150159392818,2515.161769983554,4.409309005014445e-06,9.511199742462924,12.364559665201803,10.0,251.0,4.409309005014445e-07,77.66685544981512,0.532873256352448
,,,,,3282.0753058381333,4730.0,0.1224659109029332,2524.673312183182,4.409309005014445e-06,9.51154219962805,12.365004859516464,10.0,251.0,4.409309005014445e-07,77.66685544981512,0.533757571286085
,,,,,3294.4407558919643,4740.0,0.12247032021193821,2534.185196839975,4.409309005014445e-06,9.511884656793177,12.36545005383113,10.0,251.0,4.409309005014445e-07,77.66685544981512,0.5346382271814294
,,,,,3306.8066511401103,4750.0,0.12247472952094322,2543.6974239539336,4.409309005014445e-06,9.512227113958302,12.365895248145792,10.0,251.0,4.409309005014445e-07,77.66685544981512,0.5355152471481965
,,,,,3319.172991582571,4760.0,0.12247913882994824,2553.209993525057,4.409309005014445e-06,9.512569571123427,12.366340442460455,10.0,251.0,4.409309005014445e-07,77.66685544981512,0.5363886541019027
,,,,,3331.539777219346,4770.0,0.12248354813895325,2562.7229055533458,4.409309005014445e-06,9.512912028288554,12.36678563677512,10.0,251.0,4.409309005014445e-07,77.66685544981512,0.5372584707659006
,,,,,3343.9070080504357,4780.0,0.12248795744795826,2572.2361600387994,4.409309005014445e-06,9.513254485453679,12.367230831089783,10.0,251.0,4.409309005014445e-07,77.66685544981512,0.538124719673389
,,,,,3356.27468407584,4790.0,0.12249236675696328,2581.749756981418,4.409309005014445e-06,9.513596942618806,12.367676025404448,10.0,251.0,4.409309005014445e-07,77.66685544981512,0.5389874231693984
,,,,,3368.642805295559,4800.0,0.12249677606596829,2591.263696381202,4.409309005014445e-06,9.513939399783931,12.36812121971911,10.0,251.0,4.409309005014445e-07,77.66685544981512,0.5398466034127504
,,,,,3381.011371709593,4810.0,0.1225011853749733,2600.777978238151,4.409309005014445e-06,9.514281856949056,12.368566414033774,10.0,251.0,4.409309005014445e-07,77.66685544981512,0.5407022823779939
,,,,,3393.3803833179413,4820.0,0.12250559468397831,2610.292602552265,4.409309005014445e-06,9.514624314114183,12.369011608348439,10.0,251.0,4.409309005014445e-07,77.66685544981512,0.5415544818573165
,,,,,3405.7498401206044,4830.0,0.12251000399298333,2619.8075693235446,4.409309005014445e-06,9.514966771279308,12.369456802663102,10.0,251.0,4.409309005014445e-07,77.66685544981512,0.5424032234624316
,,,,,3418.119742117582,4840.0,0.12251441330198834,2629.322878551989,4.409309005014445e-06,9.515309228444435,12.369901996977767,10.0,251.0,4.409309005014445e-07,77.66685544981512,0.543248528626444
,,,,,3430.4900893088743,4850.0,0.12251882261099335,2638.8385302375987,4.409309005014445e-06,9.51565168560956,12.37034719129243,10.0,251.0,4.409309005014445e-07,77.66685544981512,0.5440904186056904
,,,,,3442.8608816944816,4860.0,0.12252323191999837,2648.3545243803733,4.409309005014445e-06,9.515994142774687,12.370792385607094,10.0,251.0,4.409309005014445e-07,77.66685544981512,0.5449289144815583
,,,,,3455.2321192744034,4870.0,0.12252764122900338,2657.870860980313,4.409309005014445e-06,9.516336599939812,12.371237579921756,10.0,251.0,4.409309005014445e-07,77.66685544981512,0.545764037162282
,,,,,3467.60380204864,4880.0,0.12253205053800839,2667.3875400374177,4.409309005014445e-06,9.516679057104938,12.371682774236419,10.0,251.0,4.409309005014445e-07,77.66685544981512,0.5465958073847167
,,,,,3479.975930017191,4890.0,0.1225364598470134,2676.904561551688,4.409309005014445e-06,9.517021514270064,12.372127968551084,10.0,251.0,4.409309005014445e-07,77.66685544981512,0.5474242457160916
,,,,,3492.3485031800565,4900.0,0.12254086915601842,2686.4219255231233,4.409309005014445e-06,9.51736397143519,12.372573162865747,10.0,251.0,4.409309005014445e-07,77.66685544981512,0.5482493725557395
,,,,,3512.653655248615,4910.0,0.12264503495131422,2702.041273268168,0.00010416579529580491,15.619347745044871,20.305152068558332,10.0,112.0,1.0416579529580491e-05,127.35409754863052,0.5503139049426004
,,,,,3532.9760530402855,4920.0,0.12274920074661003,2717.673886954068,0.00010416579529580491,15.632613685900203,20.322397791670266,10.0,112.0,1.0416579529580491e-05,127.35409754863052,0.5523727412508269
,,,,,3553.3156965550675,4930.0,0.12285336654190583,2733.319766580824,0.00010416579529580491,15.645879626755535,20.339643514782196,10.0,112.0,1.0416579529580491e-05,127.35409754863052,0.554425916142155
,,,,,3573.6725857929614,4940.0,0.12295753233720164,2748.9789121484346,0.00010416579529580491,15.659145567610869,20.35688923789413,10.0,112.0,1.0416579529580491e-05,127.35409754863052,0.5564734639976588
,,,,,3594.0467207539673,4950.0,0.12306169813249744,2764.651323656901,0.00010416579529580491,15.672411508466201,20.37413496100606,10.0,112.0,1.0416579529580491e-05,127.35409754863052,0.558515418920586
,,,,,3614.438101438085,4960.0,0.12316586392779325,2780.3370011062225,0.00010416579529580491,15.685677449321535,20.391380684117994,10.0,112.0,1.0416579529580491e-05,127.35409754863052,0.5605518147391577
,,,,,3634.846727845315,4970.0,0.12327002972308905,2796.035944496399,0.00010416579529580491,15.698943390176867,20.408626407229928,10.0,112.0,1.0416579529580491e-05,127.35409754863052,0.5625826850093358
,,,,,3655.2725999756567,4980.0,0.12337419551838485,2811.7481538274315,0.00010416579529580491,15.712209331032199,20.42587213034186,10.0,112.0,1.0416579529580491e-05,127.35409754863052,0.5646080630175565
,,,,,3675.7157178291104,4990.0,0.12347836131368066,2827.473629099319,0.00010416579529580491,15.725475271887532,20.443117853453792,10.0,112.0,1.0416579529580491e-05,127.35409754863052,0.5666279817834307
,,,,,3696.176081405676,5000.0,0.12358252710897646,2843.212370312062,0.00010416579529580491,15.738741212742864,20.460363576565726,10.0,112.0,1.0416579529580491e-05,127.35409754863052,0.5686424740624124
,,,,,3716.6536907053537,5010.0,0.12368669290427227,2858.96437746566,0.00010416579529580491,15.752007153598196,20.477609299677656,10.0,112.0,1.0416579529580491e-05,127.35409754863052,0.5706515723484351
,,,,,3737.1485457281433,5020.0,0.12379085869956807,2874.729650560114,0.00010416579529580491,15.76527309445353,20.49485502278959,10.0,112.0,1.0416579529580491e-05,127.35409754863052,0.5726553088765167
,,,,,3757.660646474045,5030.0,0.12389502449486388,2890.5081895954227,0.00010416579529580491,15.778539035308862,20.51210074590152,10.0,112.0,1.0416579529580491e-05,127.35409754863052,0.5746537156253325
,,,,,3778.1899929430583,5040.0,0.12399919029015968,2906.299994571587,0.00010416579529580491,15.791804976164194,20.529346469013454,10.0,112.0,1.0416579529580491e-05,127.35409754863052,0.5766468243197593
,,,,,3798.7365851351838,5050.0,0.12410335608545549,2922.1050654886067,0.00010416579529580491,15.805070917019528,20.546592192125388,10.0,112.0,1.0416579529580491e-05,127.35409754863052,0.5786346664333875
,,,,,3819.300423050421,5060.0,0.12420752188075129,2937.9234023464815,0.00010416579529580491,15.81833685787486,20.56383791523732,10.0,112.0,1.0416579529580491e-05,127.35409754863052,0.5806172731910042
,,,,,3823.096987472124,5070.0,0.12422562260532347,2940.8438365170223,1.8100724572168472e-05,2.920434170540761,3.796564421702989,10.0,132.0,1.8100724572168474e-06,23.509112768299467,0.5800480939875784
,,,,,3826.8941050853946,5080.0,0.12424372332989564,2943.764696219538,1.8100724572168472e-05,2.9208597025159158,3.7971176132706908,10.0,132.0,1.8100724572168474e-06,23.509112768299467,0.5794812394132949
,,,,,3830.691775890233,5090.0,0.12426182405446781,2946.6859814540294,1.8100724572168472e-05,2.921285234491071,3.7976708048383925,10.0,132.0,1.8100724572168474e-06,23.509112768299467,0.5789166957669999
,,,,,3834.4899998866395,5100.0,0.12427992477903999,2949.6076922204957,1.8100724572168472e-05,2.921710766466226,3.798223996406094,10.0,132.0,1.8100724572168474e-06,23.509112768299467,0.5783544494549991
,,,,,3838.2887770746133,5110.0,0.12429802550361216,2952.529828518937,1.8100724572168472e-05,2.9221362984413815,3.798777187973796,10.0,132.0,1.8100724572168474e-06,23.509112768299467,0.5777944869900072
,,,,,3842.088107454155,5120.0,0.12431612622818433,2955.4523903493537,1.8100724572168472e-05,2.9225618304165364,3.799330379541497,10.0,132.0,1.8100724572168474e-06,23.509112768299467,0.5772367949901082
,,,,,3845.887991025264,5130.0,0.1243342269527565,2958.3753777117454,1.8100724572168472e-05,2.9229873623916918,3.7998835711091994,10.0,132.0,1.8100724572168474e-06,23.509112768299467,0.5766813601777282
,,,,,3849.688427787941,5140.0,0.12435232767732868,2961.298790606112,1.8100724572168472e-05,2.9234128943668467,3.8004367626769007,10.0,132.0,1.8100724572168474e-06,23.509112768299467,0.576128169378621
,,,,,3877.503285373852,5150.0,0.12438783692881011,2982.694834902967,3.550925148143027e-05,21.396044296855,27.8148575859115,10.0,35.0,3.5509251481430274e-06,172.01074337437367,0.5791640456122267
,,,,,3905.3260833243307,5160.0,0.12442334618029155,3004.096987172566,3.550925148143027e-05,21.402152269598986,27.822797950478684,10.0,35.0,3.5509251481430274e-06,172.01074337437367,0.5821893385993345
,,,,,3933.1568216393766,5170.0,0.12445885543177299,3025.505247414909,3.550925148143027e-05,21.408260242342976,27.83073831504587,10.0,35.0,3.5509251481430274e-06,172.01074337437367,0.585204109751433
,,,,,3960.99550031899,5180.0,0.12449436468325442,3046.919615629996,3.550925148143027e-05,21.414368215086967,27.838678679613057,10.0,35.0,3.5509251481430274e-06,172.01074337437367,0.5882084200057907
,,,,,3988.8421193631702,5190.0,0.12452987393473586,3068.3400918178268,3.550925148143027e-05,21.420476187830953,27.84661904418024,10.0,35.0,3.5509251481430274e-06,172.01074337437367,0.5912023298300244
,,,,,4016.6966787719175,5200.0,0.1245653831862173,3089.7666759784015,3.550925148143027e-05,21.426584160574944,27.854559408747427,10.0,35.0,3.5509251481430274e-06,172.01074337437367,0.5941858992266157
,,,,,4044.559178545232,5210.0,0.12460089243769873,3111.1993681117206,3.550925148143027e-05,21.432692133318934,27.862499773314614,10.0,35.0,3.5509251481430274e-06,172.01074337437367,0.5971591877373744
,,,,,4072.429618683114,5220.0,0.12463640168918017,3132.6381682177835,3.550925148143027e-05,21.438800106062924,27.870440137881804,10.0,35.0,3.5509251481430274e-06,172.01074337437367,0.6001222544478513
,,,,,4117.707873344535,5230.0,0.12475447693811413,3167.4675948804147,0.00011807524893396721,34.82942666263141,45.27825466142084,10.0,114.0,1.1807524893396721e-05,279.18378175645705,0.6056343393652801
,,,,,4163.028982108844,5240.0,0.1248725521870481,3202.329986237575,0.00011807524893396721,34.86239135716063,45.321108764308825,10.0,114.0,1.1807524893396721e-05,279.18378175645705,0.611131676762896
,,,,,4208.392944976041,5250.0,0.12499062743598206,3237.225342289265,0.00011807524893396721,34.89535605168985,45.36396286719681,10.0,114.0,1.1807524893396721e-05,279.18378175645705,0.6166143509122409
,,,,,4253.799761946126,5260.0,0.12510870268491603,3272.153663035484,0.00011807524893396721,34.92832074621907,45.4068169700848,10.0,114.0,1.1807524893396721e-05,279.18378175645705,0.6220824454440084
,,,,,4299.249433019098,5270.0,0.12522677793385,3307.1149484762323,0.00011807524893396721,34.96128544074829,45.449671072972784,10.0,114.0,1.1807524893396721e-05,279.18378175645705,0.6275360433541237
,,,,,4344.741958194959,5280.0,0.125344853182784,3342.10919861151,0.00011807524893396721,34.99425013527752,45.49252517586078,10.0,114.0,1.1807524893396721e-05,279.18378175645705,0.6329752270097556
,,,,,4390.277337473708,5290.0,0.12546292843171797,3377.1364134413166,0.00011807524893396721,35.02721482980674,45.53537927874876,10.0,114.0,1.1807524893396721e-05,279.18378175645705,0.6384000781552583
,,,,,4435.819401129443,5300.0,0.1254813457925617,3412.1687700995735,1.8417360843734738e-05,35.032356658257065,45.54206365573419,10.0,104.0,1.8417360843734737e-06,279.18378175645705,0.6438054283206742
,,,,,4481.368149162162,5310.0,0.12549976315340544,3447.206268586281,1.8417360843734738e-05,35.03749848670739,45.54874803271961,10.0,104.0,1.8417360843734737e-06,279.18378175645705,0.6491913876810322
,,,,,4526.923581571867,5320.0,0.12551818051424918,3482.248908901439,1.8417360843734738e-05,35.042640315157726,45.55543240970505,10.0,104.0,1.8417360843734737e-06,279.18378175645705,0.6545580655829772
,,,,,4572.485698358557,5330.0,0.12553659787509291,3517.296691045047,1.8417360843734738e-05,35.04778214360805,45.562116786690474,10.0,104.0,1.8417360843734737e-06,279.18378175645705,0.6599055705525416
,,,,,4618.054499522233,5340.0,0.12555501523593665,3552.3496150171054,1.8417360843734738e-05,35.05292397205838,45.56880116367589,10.0,104.0,1.8417360843734737e-06,279.18378175645705,0.6652340103028287
,,,,,4663.629985062894,5350.0,0.1255734325967804,3587.407680817614,1.8417360843734738e-05,35.05806580050871,45.57548554066132,10.0,104.0,1.8417360843734737e-06,279.18378175645705,0.6705434917416101
,,,,,4709.212154980541,5360.0,0.12559184995762412,3622.470888446573,1.8417360843734738e-05,35.063207628959034,45.582169917646745,10.0,104.0,1.8417360843734737e-06,279.18378175645705,0.6758341209788382
,,,,,4752.589182837579,5370.0,0.1258590842130249,3655.8378329519874,0.0002672342554007887,33.366944505414274,43.377027857038556,10.0,159.0,2.672342554007887e-05,265.11351734403604,0.6807891681474837
,,,,,4796.058312332043,5380.0,0.1261263184684257,3689.2756248708056,0.0002672342554007887,33.43779191881839,43.46912949446391,10.0,159.0,2.672342554007887e-05,265.11351734403604,0.685738963730633
,,,,,4839.619543463932,5390.0,0.1263935527238265,3722.784264203028,0.0002672342554007887,33.50863933222251,43.561231131889265,10.0,159.0,2.672342554007887e-05,265.11351734403604,0.6906835369578902
,,,,,4883.272876233247,5400.0,0.12666078697922728,3756.363750948655,0.0002672342554007887,33.579486745626625,43.653332769314616,10.0,159.0,2.672342554007887e-05,265.11351734403604,0.6956229168423435
,,,,,4927.018310639987,5410.0,0.12692802123462807,3790.0140851076853,0.0002672342554007887,33.65033415903074,43.74543440673997,10.0,159.0,2.672342554007887e-05,265.11351734403604,0.7005571321825667
,,,,,4970.855846684152,5420.0,0.12719525549002886,3823.7352666801203,0.0002672342554007887,33.72118157243486,43.83753604416532,10.0,159.0,2.672342554007887e-05,265.11351734403604,0.7054862115645978
,,,,,5014.785484365743,5430.0,0.12746248974542965,3857.527295665959,0.0002672342554007887,33.792028985838975,43.92963768159067,10.0,159.0,2.672342554007887e-05,265.11351734403604,0.7104101833638967
,,,,,5058.807223684759,5440.0,0.12772972400083044,3891.3901720652025,0.0002672342554007887,33.8628763992431,44.02173931901603,10.0,159.0,2.672342554007887e-05,265.11351734403604,0.7153290757472799
,,,,,5102.9210646412,5450.0,0.12799695825623122,3925.3238958778497,0.0002672342554007887,33.933723812647216,44.11384095644138,10.0,159.0,2.672342554007887e-05,265.11351734403604,0.7202429166748349
,,,,,5147.127007235067,5460.0,0.128264192511632,3959.328467103901,0.0002672342554007887,34.00457122605133,44.20594259386674,10.0,159.0,2.672342554007887e-05,265.11351734403604,0.7251517339018133
,,,,,5191.425051466359,5470.0,0.1285314267670328,3993.4038857433566,0.0002672342554007887,34.07541863945545,44.29804423129209,10.0,159.0,2.672342554007887e-05,265.11351734403604,0.7300555549805039
,,,,,5235.815197335077,5480.0,0.1287986610224336,4027.550151796216,0.0002672342554007887,34.146266052859566,44.39014586871744,10.0,159.0,2.672342554007887e-05,265.11351734403604,0.7349544072620833
,,,,,5280.29744484122,5490.0,0.12906589527783438,4061.7672652624797,0.0002672342554007887,34.21711346626368,44.48224750614279,10.0,159.0,2.672342554007887e-05,265.11351734403604,0.7398483178984481
,,,,,5327.147821869179,5500.0,0.12908612145460158,4097.806016822448,2.0226176767195363e-05,36.03875155996899,46.850377027959695,10.0,113.0,2.0226176767195364e-06,279.18378175645705,0.7450556394222634
,,,,,5374.005539763815,5510.0,0.12910634763136877,4133.850415202937,2.0226176767195363e-05,36.04439838048933,46.85771789463614,10.0,113.0,2.0226176767195364e-06,279.18378175645705,0.7502450844288452
,,,,,5420.870598525128,5520.0,0.12912657380813597,4169.900460403947,2.0226176767195363e-05,36.050045201009674,46.865058761312575,10.0,113.0,2.0226176767195364e-06,279.18378175645705,0.7554167500731789
,,,,,5467.742998153117,5530.0,0.12914679998490317,4205.956152425478,2.0226176767195363e-05,36.055692021530014,46.87239962798902,10.0,113.0,2.0226176767195364e-06,279.18378175645705,0.7605707328075005
,,,,,5514.622738647782,5540.0,0.12916702616167036,4242.017491267528,2.0226176767195363e-05,36.061338842050354,46.87974049466546,10.0,113.0,2.0226176767195364e-06,279.18378175645705,0.7657071283876405
,,,,,5561.509820009124,5550.0,0.12918725233843756,4278.084476930099,2.0226176767195363e-05,36.066985662570694,46.887081361341906,10.0,113.0,2.0226176767195364e-06,279.18378175645705,0.7708260318792972
,,,,,5570.634600722379,5560.0,0.1293051266228929,4285.103539017219,0.00011787428445532849,7.019062087119441,9.124780713255275,10.0,86.0,1.1787428445532849e-05,54.28293734702355,0.7707020753628092
,,,,,5579.767699566752,5570.0,0.12942300090734823,4292.1289996667365,0.00011787428445532849,7.025460649517356,9.133098844372563,10.0,86.0,1.1787428445532849e-05,54.28293734702355,0.7705797126870263
,,,,,5588.9091165422415,5580.0,0.12954087519180357,4299.160858878652,0.00011787428445532849,7.03185921191527,9.141416975489852,10.0,86.0,1.1787428445532849e-05,54.28293734702355,0.7704589352829125
,,,,,5598.058851648849,5590.0,0.1296587494762589,4306.199116652965,0.00011787428445532849,7.038257774313185,9.14973510660714,10.0,86.0,1.1787428445532849e-05,54.28293734702355,0.7703397346427486
,,,,,5607.2169048865735,5600.0,0.12977662376071425,4313.2437729896765,0.00011787428445532849,7.044656336711099,9.15805323772443,10.0,86.0,1.1787428445532849e-05,54.28293734702355,0.7702221023195851
,,,,,5616.383276255415,5610.0,0.1298944980451696,4320.294827888785,0.00011787428445532849,7.051054899109014,9.166371368841718,10.0,86.0,1.1787428445532849e-05,54.28293734702355,0.7701060299266996
,,,,,5625.5579657553735,5620.0,0.13001237232962493,4327.352281350292,0.00011787428445532849,7.0574534615069275,9.174689499959007,10.0,86.0,1.1787428445532849e-05,54.28293734702355,0.7699915091370627
,,,,,5634.74097338645,5630.0,0.13013024661408026,4334.416133374197,0.00011787428445532849,7.063852023904842,9.183007631076295,10.0,86.0,1.1787428445532849e-05,54.28293734702355,0.7698785316828058
,,,,,5650.469910255799,5640.0,0.13014535948266617,4346.515315581389,1.511286858591028e-05,12.099182207191488,15.728936869348935,10.0,105.0,1.511286858591028e-06,92.96668168028654,0.7706587438974093
,,,,,5666.200673616364,5650.0,0.13016047235125208,4358.615902781823,1.511286858591028e-05,12.10058720043459,15.730763360564968,10.0,105.0,1.511286858591028e-06,92.96668168028654,0.7714364429702342
,,,,,5681.933263468145,5660.0,0.130175585219838,4370.717894975501,1.511286858591028e-05,12.101992193677692,15.732589851781,10.0,105.0,1.511286858591028e-06,92.96668168028654,0.7722116422218199
,,,,,5697.667679811142,5670.0,0.1301906980884239,4382.821292162422,1.511286858591028e-05,12.103397186920795,15.734416342997033,10.0,105.0,1.511286858591028e-06,92.96668168028654,0.772984354878734
,,,,,5713.403922645355,5680.0,0.1302058109570098,4394.926094342585,1.511286858591028e-05,12.104802180163896,15.736242834213066,10.0,105.0,1.511286858591028e-06,92.96668168028654,0.7737545940743988
,,,,,5729.141991970784,5690.0,0.13022092382559572,4407.032301515992,1.511286858591028e-05,12.106207173406998,15.738069325429098,10.0,105.0,1.511286858591028e-06,92.96668168028654,0.7745223728499108
,,,,,5744.881887787429,5700.0,0.13023603669418163,4419.139913682642,1.511286858591028e-05,12.107612166650101,15.739895816645133,10.0,105.0,1.511286858591028e-06,92.96668168028654,0.7752877041548495
,,,,,5760.62361009529,5710.0,0.13025114956276754,4431.248930842536,1.511286858591028e-05,12.109017159893202,15.741722307861163,10.0,105.0,1.511286858591028e-06,92.96668168028654,0.7760506008480798
,,,,,5776.367158894367,5720.0,0.13026626243135345,4443.3593529956715,1.511286858591028e-05,12.110422153136305,15.743548799077198,10.0,105.0,1.511286858591028e-06,92.96668168028654,0.776811075698544
,,,,,5823.653771768809,5730.0,0.13028807535623713,4479.733670591396,2.1812924883670593e-05,36.374317595724534,47.28661287444189,10.0,116.0,2.1812924883670592e-06,279.18378175645705,0.7818034329129836
,,,,,5870.948301402569,5740.0,0.1303098882811208,4516.1140780019805,2.1812924883670593e-05,36.38040741058473,47.29452963376015,10.0,116.0,2.1812924883670592e-06,279.18378175645705,0.786779456097906
,,,,,5918.250747795648,5750.0,0.13033170120600449,4552.5005752274255,2.1812924883670593e-05,36.38649722544493,47.302446393078405,10.0,116.0,2.1812924883670592e-06,279.18378175645705,0.7917392304743349
,,,,,5965.561110948044,5760.0,0.13035351413088817,4588.893162267731,2.1812924883670593e-05,36.39258704030512,47.31036315239666,10.0,116.0,2.1812924883670592e-06,279.18378175645705,0.7966828406714811
,,,,,6012.879390859759,5770.0,0.13037532705577184,4625.291839122896,2.1812924883670593e-05,36.39867685516532,47.31827991171492,10.0,116.0,2.1812924883670592e-06,279.18378175645705,0.801610370731871
,,,,,6060.205587530792,5780.0,0.13039713998065552,4661.696605792921,2.1812924883670593e-05,36.40476667002551,47.326196671033166,10.0,116.0,2.1812924883670592e-06,279.18378175645705,0.8065219041164223
,,,,,6107.539700961144,5790.0,0.1304189529055392,4698.107462277807,2.1812924883670593e-05,36.410856484885706,47.33411343035142,10.0,116.0,2.1812924883670592e-06,279.18378175645705,0.8114175237094657
,,,,,6154.881731150814,5800.0,0.13044076583042288,4734.524408577553,2.1812924883670593e-05,36.4169462997459,47.34203018966967,10.0,116.0,2.1812924883670592e-06,279.18378175645705,0.816297311823716
,,,,,6202.231678099802,5810.0,0.13046257875530656,4770.9474446921595,2.1812924883670593e-05,36.4230361146061,47.34994694898793,10.0,116.0,2.1812924883670592e-06,279.18378175645705,0.821161350205191
,,,,,6249.589541808108,5820.0,0.13048439168019024,4807.376570621625,2.1812924883670593e-05,36.429125929466295,47.35786370830618,10.0,116.0,2.1812924883670592e-06,279.18378175645705,0.8260097200380799
,,,,,6296.955322275732,5830.0,0.13050620460507392,4843.811786365952,2.1812924883670593e-05,36.43521574432649,47.36578046762444,10.0,116.0,2.1812924883670592e-06,279.18378175645705,0.8308425019495629
,,,,,6344.329019502675,5840.0,0.1305280175299576,4880.2530919251385,2.1812924883670593e-05,36.44130555918668,47.37369722694269,10.0,116.0,2.1812924883670592e-06,279.18378175645705,0.8356597760145785
,,,,,6359.904730043308,5850.0,0.13071167263096176,4892.234407725625,0.0001836551010041423,11.981315800486746,15.57571054063277,10.0,222.0,1.836551010041423e-05,91.66217185754782,0.8362793859360043
,,,,,6375.502325077,5860.0,0.1308953277319659,4904.232557751542,0.0001836551010041423,11.998150025917504,15.597595033692755,10.0,222.0,1.836551010041423e-05,91.66217185754782,0.8368997538825157
,,,,,6391.121804603753,5870.0,0.13107898283297006,4916.24754200289,0.0001836551010041423,12.014984251348261,15.619479526752741,10.0,222.0,1.836551010041423e-05,91.66217185754782,0.8375208759800494
,,,,,6406.763168623565,5880.0,0.13126263793397422,4928.27936047967,0.0001836551010041423,12.031818476779021,15.641364019812729,10.0,222.0,1.836551010041423e-05,91.66217185754782,0.8381427483808962
,,,,,6422.426417136438,5890.0,0.13144629303497837,4940.328013181879,0.0001836551010041423,12.048652702209779,15.663248512872713,10.0,222.0,1.836551010041423e-05,91.66217185754782,0.838765367263477
,,,,,6438.111550142371,5900.0,0.13162994813598253,4952.39350010952,0.0001836551010041423,12.065486927640537,15.685133005932698,10.0,222.0,1.836551010041423e-05,91.66217185754782,0.839388728832122
,,,,,6453.818567641364,5910.0,0.13181360323698668,4964.475821262591,0.0001836551010041423,12.082321153071295,15.707017498992684,10.0,222.0,1.836551010041423e-05,91.66217185754782,0.8400128293168513
,,,,,6469.547469633417,5920.0,0.13199725833799084,4976.574976641094,0.0001836551010041423,12.099155378502052,15.728901992052668,10.0,222.0,1.836551010041423e-05,91.66217185754782,0.8406376649731577
,,,,,6483.822574669184,5930.0,0.13222477807538757,4987.555826668607,0.00022751973739673832,10.980850027513428,14.275105035767456,10.0,280.0,2.2751973739673833e-05,83.04684029231441,0.8410718088817212
,,,,,6498.122242938835,5940.0,0.1324522978127843,4998.555571491415,0.00022751973739673832,10.999744822808363,14.299668269650873,10.0,280.0,2.2751973739673833e-05,83.04684029231441,0.8415076719682517
,,,,,6512.446474442369,5950.0,0.13267981755018105,5009.574211109519,0.00022751973739673832,11.0186396181033,14.32423150353429,10.0,280.0,2.2751973739673833e-05,83.04684029231441,0.841945245564625
,,,,,6526.795269179787,5960.0,0.13290733728757778,5020.611745522917,0.00022751973739673832,11.037534413398236,14.348794737417707,10.0,280.0,2.2751973739673833e-05,83.04684029231441,0.8423845210608921
,,,,,6541.168627151088,5970.0,0.13313485702497452,5031.66817473161,0.00022751973739673832,11.056429208693173,14.373357971301125,10.0,280.0,2.2751973739673833e-05,83.04684029231441,0.8428254899047922
,,,,,6555.5665483562725,5980.0,0.13336237676237125,5042.743498735598,0.00022751973739673832,11.075324003988108,14.39792120518454,10.0,280.0,2.2751973739673833e-05,83.04684029231441,0.8432681436012706
,,,,,6575.49981986784,5990.0,0.13336364534070572,5058.076784513727,1.2685783344515215e-06,15.33328577812925,19.933271511568027,10.0,242.0,1.2685783344515214e-07,114.97350525292796,0.8444201643595538
,,,,,6595.433280988175,6000.0,0.13336491391904018,5073.4102161447545,1.2685783344515215e-06,15.333431631027052,19.933461120335167,10.0,242.0,1.2685783344515214e-07,114.97350525292796,0.845568369357459
,,,,,6615.366931717278,6010.0,0.13336618249737464,5088.74379362868,1.2685783344515215e-06,15.333577483924852,19.933650729102308,10.0,242.0,1.2685783344515214e-07,114.97350525292796,0.8467127776420432
,,,,,6635.300772055148,6020.0,0.1333674510757091,5104.077516965503,1.2685783344515215e-06,15.333723336822654,19.93384033786945,10.0,242.0,1.2685783344515214e-07,114.97350525292796,0.8478534081338044
,,,,,6655.234802001784,6030.0,0.13336871965404357,5119.411386155223,1.2685783344515215e-06,15.333869189720454,19.934029946636592,10.0,242.0,1.2685783344515214e-07,114.97350525292796,0.8489902796277319
,,,,,6675.169021557188,6040.0,0.13336998823237803,5134.745401197842,1.2685783344515215e-06,15.334015042618256,19.934219555403732,10.0,242.0,1.2685783344515214e-07,114.97350525292796,0.8501234107943446
,,,,,6695.103430721359,6050.0,0.1333712568107125,5150.079562093358,1.2685783344515215e-06,15.334160895516057,19.934409164170873,10.0,242.0,1.2685783344515214e-07,114.97350525292796,0.8512528201807202
,,,,,6715.038029494297,6060.0,0.13337252538904695,5165.413868841772,1.2685783344515215e-06,15.334306748413859,19.934598772938017,10.0,242.0,1.2685783344515214e-07,114.97350525292796,0.8523785262115134
,,,,,6734.972817876002,6070.0,0.13337379396738142,5180.748321443083,1.2685783344515215e-06,15.334452601311659,19.934788381705157,10.0,242.0,1.2685783344515214e-07,114.97350525292796,0.8535005471899643
,,,,,6754.907795866475,6080.0,0.13337506254571588,5196.082919897292,1.2685783344515215e-06,15.33459845420946,19.9349779904723,10.0,242.0,1.2685783344515214e-07,114.97350525292796,0.8546189012988967
,,,,,6774.842963465714,6090.0,0.13337633112405034,5211.417664204399,1.2685783344515215e-06,15.334744307107261,19.93516759923944,10.0,242.0,1.2685783344515214e-07,114.97350525292796,0.8557336066017076
,,,,,6794.77832067372,6100.0,0.1333775997023848,5226.752554364404,1.2685783344515215e-06,15.334890160005063,19.935357208006582,10.0,242.0,1.2685783344515214e-07,114.97350525292796,0.856844681043345
,,,,,6817.076693838866,6110.0,0.13361146455733408,5243.905149106824,0.00023386485494928885,17.152594742419648,22.298373165145545,10.0,256.0,2.3386485494928886e-05,128.3766688678073,0.8582496152384327
,,,,,6839.4140966323685,6120.0,0.13384532941228336,5261.087766640288,0.00023386485494928885,17.18261753346329,22.337402793502278,10.0,256.0,2.3386485494928886e-05,128.3766688678073,0.8596548638301124
,,,,,6861.790529054228,6130.0,0.13407919426723264,5278.300406964794,0.00023386485494928885,17.212640324506932,22.37643242185901,10.0,256.0,2.3386485494928886e-05,128.3766688678073,0.861060425279738
,,,,,6884.2059911044435,6140.0,0.13431305912218192,5295.5430700803445,0.00023386485494928885,17.24266311555057,22.41546205021574,10.0,256.0,2.3386485494928886e-05,128.3766688678073,0.862466298058688
,,,,,6906.660482783016,6150.0,0.1345469239771312,5312.815755986939,0.00023386485494928885,17.272685906594212,22.454491678572477,10.0,256.0,2.3386485494928886e-05,128.3766688678073,0.8638724806482827
,,,,,6929.154004089945,6160.0,0.13478078883208047,5330.118464684577,0.00023386485494928885,17.302708697637854,22.49352130692921,10.0,256.0,2.3386485494928886e-05,128.3766688678073,0.865278971539704
,,,,,6951.686555025231,6170.0,0.13501465368702975,5347.451196173259,0.00023386485494928885,17.332731488681496,22.532550935285947,10.0,256.0,2.3386485494928886e-05,128.3766688678073,0.8666857692339155
,,,,,6974.258135588874,6180.0,0.13524851854197903,5364.813950452984,0.00023386485494928885,17.362754279725138,22.57158056364268,10.0,256.0,2.3386485494928886e-05,128.3766688678073,0.8680928722415832
,,,,,6996.868745780874,6190.0,0.1354823833969283,5382.206727523752,0.00023386485494928885,17.39277707076878,22.610610191999413,10.0,256.0,2.3386485494928886e-05,128.3766688678073,0.8695002790829971
,,,,,7019.51838560123,6200.0,0.13571624825187759,5399.629527385565,0.00023386485494928885,17.42279986181242,22.649639820356146,10.0,256.0,2.3386485494928886e-05,128.3766688678073,0.8709079882879943
,,,,,7042.207055049943,6210.0,0.13595011310682686,5417.082350038421,0.00023386485494928885,17.45282265285606,22.68866944871288,10.0,256.0,2.3386485494928886e-05,128.3766688678073,0.872315998395881
,,,,,7064.934754127013,6220.0,0.13618397796177614,5434.565195482321,0.00023386485494928885,17.482845443899702,22.727699077069612,10.0,256.0,2.3386485494928886e-05,128.3766688678073,0.873724307955357
,,,,,7087.701482832439,6230.0,0.13641784281672542,5452.078063717264,0.00023386485494928885,17.512868234943344,22.76672870542635,10.0,256.0,2.3386485494928886e-05,128.3766688678073,0.8751329155244404
,,,,,7110.507241166222,6240.0,0.1366517076716747,5469.620954743251,0.00023386485494928885,17.542891025986986,22.805758333783082,10.0,256.0,2.3386485494928886e-05,128.3766688678073,0.8765418196703928
,,,,,7133.352029128362,6250.0,0.13688557252662398,5487.193868560282,0.00023386485494928885,17.572913817030628,22.84478796213982,10.0,256.0,2.3386485494928886e-05,128.3766688678073,0.8779510189696451
,,,,,7156.235846718859,6260.0,0.13711943738157326,5504.796805168356,0.00023386485494928885,17.602936608074266,22.883817590496548,10.0,256.0,2.3386485494928886e-05,128.3766688678073,0.8793605120077246
,,,,,7179.158693937712,6270.0,0.13735330223652253,5522.429764567473,0.00023386485494928885,17.632959399117908,22.92284721885328,10.0,256.0,2.3386485494928886e-05,128.3766688678073,0.8807702973791823
,,,,,7202.120570784922,6280.0,0.1375871670914718,5540.092746757635,0.00023386485494928885,17.66298219016155,22.961876847210014,10.0,256.0,2.3386485494928886e-05,128.3766688678073,0.8821803736875214
,,,,,7218.32219311142,6290.0,0.13768176169599555,5552.555533162634,9.459460452373392e-05,12.462786404998807,16.201622326498452,10.0,95.0,9.459460452373392e-06,90.51878950036188,0.8827592262579704
,,,,,7234.534946803742,6300.0,0.1377763563005193,5565.026882156727,9.459460452373392e-05,12.471348994093562,16.21275369232163,10.0,95.0,9.459460452373392e-06,90.51878950036188,0.8833376003423377
,,,,,7250.758831861887,6310.0,0.13787095090504303,5577.506793739915,9.459460452373392e-05,12.479911583188317,16.223885058144813,10.0,95.0,9.459460452373392e-06,90.51878950036188,0.8839154982155175
,,,,,7266.993848285855,6320.0,0.13796554550956677,5589.995267912198,9.459460452373392e-05,12.488474172283071,16.235016423967995,10.0,95.0,9.459460452373392e-06,90.51878950036188,0.884492922138006
,,,,,7283.239996075647,6330.0,0.1380601401140905,5602.492304673576,9.459460452373392e-05,12.497036761377826,16.246147789791173,10.0,95.0,9.459460452373392e-06,90.51878950036188,0.8850698743560151
,,,,,7299.497275231261,6340.0,0.13815473471861425,5614.997904024049,9.459460452373392e-05,12.50559935047258,16.257279155614356,10.0,95.0,9.459460452373392e-06,90.51878950036188,0.885646357101585
,,,,,7315.765685752698,6350.0,0.138249329323138,5627.512065963616,9.459460452373392e-05,12.514161939567334,16.268410521437534,10.0,95.0,9.459460452373392e-06,90.51878950036188,0.8862223725926954
,,,,,7332.045227639959,6360.0,0.13834392392766173,5640.034790492278,9.459460452373392e-05,12.522724528662089,16.279541887260716,10.0,95.0,9.459460452373392e-06,90.51878950036188,0.8867979230333771
,,,,,7348.335900893043,6370.0,0.13843851853218547,5652.566077610035,9.459460452373392e-05,12.531287117756843,16.290673253083895,10.0,95.0,9.459460452373392e-06,90.51878950036188,0.8873730106138202
,,,,,7364.63770551195,6380.0,0.1385331131367092,5665.105927316887,9.459460452373392e-05,12.539849706851598,16.301804618907077,10.0,95.0,9.459460452373392e-06,90.51878950036188,0.8879476375104838
,,,,,7380.95064149668,6390.0,0.13862770774123295,5677.654339612833,9.459460452373392e-05,12.548412295946353,16.31293598473026,10.0,95.0,9.459460452373392e-06,90.51878950036188,0.8885218058862023
,,,,,7397.274708847233,6400.0,0.1387223023457567,5690.211314497874,9.459460452373392e-05,12.556974885041107,16.32406735055344,10.0,95.0,9.459460452373392e-06,90.51878950036188,0.8890955178902928
,,,,,7413.60990756361,6410.0,0.13881689695028043,5702.776851972009,9.459460452373392e-05,12.56553747413586,16.33519871637662,10.0,95.0,9.459460452373392e-06,90.51878950036188,0.8896687756586598
,,,,,7429.95623764581,6420.0,0.13891149155480417,5715.35095203524,9.459460452373392e-05,12.574100063230615,16.3463300821998,10.0,95.0,9.459460452373392e-06,90.51878950036188,0.8902415813139003
,,,,,7446.313699093833,6430.0,0.1390060861593279,5727.933614687566,9.459460452373392e-05,12.58266265232537,16.35746144802298,10.0,95.0,9.459460452373392e-06,90.51878950036188,0.8908139369654068
,,,,,7462.682291907679,6440.0,0.13910068076385165,5740.524839928986,9.459460452373392e-05,12.591225241420124,16.368592813846163,10.0,95.0,9.459460452373392e-06,90.51878950036188,0.8913858447094698
,,,,,7479.062016087349,6450.0,0.1391952753683754,5753.124627759501,9.459460452373392e-05,12.59978783051488,16.379724179669342,10.0,95.0,9.459460452373392e-06,90.51878950036188,0.89195730662938
,,,,,7496.200969208865,6460.0,0.13921573443410346,5766.308437852975,2.0459065728051974e-05,13.183810093474072,17.138953121516295,10.0,265.0,2.0459065728051974e-06,94.70057495343325,0.8926174052403986
,,,,,7513.342441061255,6470.0,0.13923619349983152,5779.494185431737,2.0459065728051974e-05,13.18574757876153,17.14147185238999,10.0,265.0,2.0459065728051974e-06,94.70057495343325,0.8932757628178882
,,,,,7530.486431644519,6480.0,0.13925665256555958,5792.681870495786,2.0459065728051974e-05,13.187685064048987,17.143990583263683,10.0,265.0,2.0459065728051974e-06,94.70057495343325,0.8939323874221892
,,,,,7547.632940958657,6490.0,0.13927711163128764,5805.871493045122,2.0459065728051974e-05,13.189622549336445,17.14650931413738,10.0,265.0,2.0459065728051974e-06,94.70057495343325,0.8945872870639634
,,,,,7564.781969003668,6500.0,0.1392975706970157,5819.063053079746,2.0459065728051974e-05,13.191560034623903,17.149028045011075,10.0,265.0,2.0459065728051974e-06,94.70057495343325,0.8952404697045764
,,,,,7581.933515779552,6510.0,0.13931802976274377,5832.256550599657,2.0459065728051974e-05,13.193497519911359,17.151546775884768,10.0,265.0,2.0459065728051974e-06,94.70057495343325,0.8958919432564758
,,,,,7599.0875812863105,6520.0,0.13933848882847183,5845.451985604856,2.0459065728051974e-05,13.195435005198817,17.154065506758464,10.0,265.0,2.0459065728051974e-06,94.70057495343325,0.896541715583567
,,,,,7616.244165523943,6530.0,0.1393589478941999,5858.649358095343,2.0459065728051974e-05,13.197372490486275,17.15658423763216,10.0,265.0,2.0459065728051974e-06,94.70057495343325,0.8971897945015839
,,,,,7633.403268492449,6540.0,0.13937940695992795,5871.848668071117,2.0459065728051974e-05,13.199309975773733,17.159102968505852,10.0,265.0,2.0459065728051974e-06,94.70057495343325,0.8978361877784582
,,,,,7650.564890191828,6550.0,0.13939986602565602,5885.049915532178,2.0459065728051974e-05,13.20124746106119,17.16162169937955,10.0,265.0,2.0459065728051974e-06,94.70057495343325,0.8984809031346837
,,,,,7677.692364894184,6560.0,0.13963376244694348,5905.917203764759,0.00023389642128747004,20.867288232581238,27.12747470235561,10.0,107.0,2.3389642128747004e-05,149.4429990777493,0.9002922566714571
,,,,,7704.865280034011,6570.0,0.13986765886823094,5926.81944618001,0.00023389642128747004,20.90224241525199,27.172915139827587,10.0,107.0,2.3389642128747004e-05,149.4429990777493,0.902103416465755
,,,,,7732.083635611311,6580.0,0.1401015552895184,5947.756642777933,0.00023389642128747004,20.937196597922743,27.218355577299565,10.0,107.0,2.3389642128747004e-05,149.4429990777493,0.9039143834009017
,,,,,7759.347431626083,6590.0,0.14033545171080586,5968.728793558526,0.00023389642128747004,20.97215078059349,27.26379601477154,10.0,107.0,2.3389642128747004e-05,149.4429990777493,0.9057251583548599
,,,,,7786.656668078326,6600.0,0.14056934813209332,5989.735898521791,0.00023389642128747004,21.007104963264243,27.309236452243518,10.0,107.0,2.3389642128747004e-05,149.4429990777493,0.9075357422002713
,,,,,7814.011344968042,6610.0,0.14080324455338078,6010.777957667726,0.00023389642128747004,21.042059145934992,27.354676889715492,10.0,107.0,2.3389642128747004e-05,149.4429990777493,0.9093461358044971
,,,,,7835.035721141405,6620.0,0.14090682016751777,6026.950554724159,0.00010357561413699054,16.172597056433023,21.02437617336293,10.0,263.0,1.0357561413699054e-05,114.77511902692964,0.910415491650175
,,,,,7856.075551589241,6630.0,0.14101039578165475,6043.135039684033,0.00010357561413699054,16.18448495987388,21.039830447836046,10.0,263.0,1.0357561413699054e-05,114.77511902692964,0.9114834147336399
,,,,,7877.1308363115495,6640.0,0.14111397139579174,6059.331412547347,0.00010357561413699054,16.196372863314743,21.055284722309167,10.0,263.0,1.0357561413699054e-05,114.77511902692964,0.912549911528215
,,,,,7898.2015753083315,6650.0,0.14121754700992872,6075.539673314102,0.00010357561413699054,16.2082607667556,21.070738996782282,10.0,263.0,1.0357561413699054e-05,114.77511902692964,0.913614988468286
,,,,,7919.287768579587,6660.0,0.1413211226240657,6091.7598219842985,0.00010357561413699054,16.220148670196462,21.0861932712554,10.0,263.0,1.0357561413699054e-05,114.77511902692964,0.9146786519495944
,,,,,7940.389416125315,6670.0,0.1414246982382027,6107.991858557936,0.00010357561413699054,16.23203657363732,21.101647545728518,10.0,263.0,1.0357561413699054e-05,114.77511902692964,0.9157409083295257
,,,,,7961.506517945516,6680.0,0.14152827385233968,6124.235783035015,0.00010357561413699054,16.24392447707818,21.117101820201636,10.0,263.0,1.0357561413699054e-05,114.77511902692964,0.9168017639273974
,,,,,7982.63907404019,6690.0,0.14163184946647667,6140.491595415534,0.00010357561413699054,16.255812380519043,21.132556094674758,10.0,263.0,1.0357561413699054e-05,114.77511902692964,0.9178612250247435
,,,,,8000.468123276071,6700.0,0.14169342221672793,6154.206248673904,6.157275025125623e-05,13.714653258370154,17.8290492358812,10.0,212.0,6.157275025125623e-06,96.79103690073089,0.918538246070732
,,,,,8018.304920109396,6710.0,0.1417549949669792,6167.926861622616,6.157275025125623e-05,13.720612948711803,17.836796833325344,10.0,212.0,6.157275025125623e-06,96.79103690073089,0.9192141373506134
,,,,,8036.149464540166,6720.0,0.14181656771723045,6181.65343426167,6.157275025125623e-05,13.726572639053453,17.84454443076949,10.0,212.0,6.157275025125623e-06,96.79103690073089,0.9198889039079865
,,,,,8054.00175656838,6730.0,0.1418781404674817,6195.385966591065,6.157275025125623e-05,13.732532329395102,17.852292028213633,10.0,212.0,6.157275025125623e-06,96.79103690073089,0.9205625507564732
,,,,,8071.861796194038,6740.0,0.14193971321773297,6209.124458610801,6.157275025125623e-05,13.738492019736752,17.860039625657777,10.0,212.0,6.157275025125623e-06,96.79103690073089,0.9212350828799408
,,,,,8089.72958341714,6750.0,0.14200128596798423,6222.86891032088,6.157275025125623e-05,13.744451710078401,17.86778722310192,10.0,212.0,6.157275025125623e-06,96.79103690073089,0.921906505232723
,,,,,8107.605118237686,6760.0,0.14206285871823549,6236.6193217213,6.157275025125623e-05,13.750411400420049,17.875534820546065,10.0,212.0,6.157275025125623e-06,96.79103690073089,0.9225768227398373
,,,,,8126.32897239089,6770.0,0.14253328350233188,6251.022286454534,0.000470424784096392,14.402964733233688,18.723854153203796,10.0,19.0,4.7042478409639196e-05,101.04983467246127,0.9233415489593108
,,,,,8145.1146237947505,6780.0,0.14300370828642828,6265.472787534426,0.000470424784096392,14.450501079892458,18.785651403860196,10.0,19.0,4.7042478409639196e-05,101.04983467246127,0.9241110306097974
,,,,,8163.962072449267,6790.0,0.14347413307052467,6279.970824960978,0.000470424784096392,14.498037426551226,18.847448654516594,10.0,19.0,4.7042478409639196e-05,101.04983467246127,0.9248852466805564
,,,,,8182.87131835444,6800.0,0.14394455785462107,6294.5163987341875,0.000470424784096392,14.545573773209997,18.909245905172995,10.0,19.0,4.7042478409639196e-05,101.04983467246127,0.9256641762844393
,,,,,8201.84236151027,6810.0,0.14441498263871747,6309.109508854056,0.000470424784096392,14.593110119868765,18.971043155829395,10.0,19.0,4.7042478409639196e-05,101.04983467246127,0.9264477986569832
,,,,,8220.875201916755,6820.0,0.14488540742281386,6323.750155320584,0.000470424784096392,14.640646466527533,19.032840406485793,10.0,19.0,4.7042478409639196e-05,101.04983467246127,0.9272360931555108
,,,,,8239.969839573898,6830.0,0.14535583220691026,6338.43833813377,0.000470424784096392,14.688182813186303,19.094637657142194,10.0,19.0,4.7042478409639196e-05,101.04983467246127,0.9280290392582387
,,,,,8259.126274481696,6840.0,0.14582625699100665,6353.174057293615,0.000470424784096392,14.735719159845072,19.156434907798594,10.0,19.0,4.7042478409639196e-05,101.04983467246127,0.928826616563394
,,,,,8288.23780588608,6850.0,0.14589809525897188,6375.567542989294,7.183826796521898e-05,22.39348569567975,29.111531404383676,10.0,153.0,7.183826796521898e-06,153.48716962980834,0.9307397872977072
,,,,,8317.36367141861,6860.0,0.1459699335269371,6397.972054937395,7.183826796521898e-05,22.404511948100843,29.125865532531098,10.0,153.0,7.183826796521898e-06,153.48716962980834,0.9326489876002033
,,,,,8346.503871079289,6870.0,0.14604177179490233,6420.387593137917,7.183826796521898e-05,22.415538200521933,29.140199660678515,10.0,153.0,7.183826796521898e-06,153.48716962980834,0.9345542348090127
,,,,,8375.658404868114,6880.0,0.14611361006286755,6442.81415759086,7.183826796521898e-05,22.426564452943023,29.15453378882593,10.0,153.0,7.183826796521898e-06,153.48716962980834,0.9364555461614622
,,,,,8404.827272785087,6890.0,0.14618544833083277,6465.251748296225,7.183826796521898e-05,22.437590705364112,29.168867916973348,10.0,153.0,7.183826796521898e-06,153.48716962980834,0.9383529387948076
,,,,,8436.853120674703,6910.0,0.14629352648299063,6489.887015903622,0.00010807815215784224,24.635267607397395,32.025847889616614,10.0,156.0,1.0807815215784225e-05,168.39615668340394,0.9392021730685416
,,,,,8474.471017334248,6940.0,0.14676395126708702,6518.823859487888,0.000470424784096392,28.936843584265397,37.61789665954502,10.0,98.0,4.7042478409639196e-05,197.16587986654127,0.9393117953152575
,,,,,8512.209491225201,6960.0,0.14723437605118342,6547.85345478862,0.000470424784096392,29.02959530073279,37.738473890952626,10.0,98.0,4.7042478409639196e-05,197.16587986654127,0.9407835423546868
,,,,,8515.710767824865,6970.0,0.14736869890327547,6550.546744480669,0.0001343228520920469,2.693289692048795,3.501276599663434,10.0,198.0,1.3432285209204692e-05,18.275859881320653,0.9398201928953615
,,,,,8519.21523574984,6980.0,0.14750302175536753,6553.242489038342,0.0001343228520920469,2.695744557672489,3.504467924974236,10.0,198.0,1.3432285209204692e-05,18.275859881320653,0.9388599554496192
,,,,,8522.722895000124,6990.0,0.1476373446074596,6555.940688461638,0.0001343228520920469,2.698199423296183,3.507659250285038,10.0,198.0,1.3432285209204692e-05,18.275859881320653,0.9379028166611786
,,,,,8526.23374557572,7000.0,0.14777166745955164,6558.641342750559,0.0001343228520920469,2.7006542889198766,3.5108505755958395,10.0,198.0,1.3432285209204692e-05,18.275859881320653,0.9369487632500798
,,,,,8529.747787476626,7010.0,0.1479059903116437,6561.344451905102,0.0001343228520920469,2.7031091545435704,3.5140419009066415,10.0,198.0,1.3432285209204692e-05,18.275859881320653,0.93599778201214
,,,,,8533.265020702844,7020.0,0.14804031316373575,6564.050015925269,0.0001343228520920469,2.705564020167264,3.5172332262174435,10.0,198.0,1.3432285209204692e-05,18.275859881320653,0.9350498598184144
,,,,,8536.785445254372,7030.0,0.1481746360158278,6566.75803481106,0.0001343228520920469,2.7080188857909575,3.520424551528245,10.0,198.0,1.3432285209204692e-05,18.275859881320653,0.93410498361466
,,,,,8540.309061131211,7040.0,0.14830895886791987,6569.468508562474,0.0001343228520920469,2.7104737514146513,3.5236158768390466,10.0,198.0,1.3432285209204692e-05,18.275859881320653,0.933163140420806
,,,,,8543.83586833336,7050.0,0.14844328172001192,6572.181437179513,0.0001343228520920469,2.712928617038345,3.5268072021498487,10.0,198.0,1.3432285209204692e-05,18.275859881320653,0.9322243173304273
,,,,,8547.365866860822,7060.0,0.14857760457210398,6574.896820662175,0.0001343228520920469,2.715383482662039,3.5299985274606507,10.0,198.0,1.3432285209204692e-05,18.275859881320653,0.931288501510223
,,,,,8550.899056713593,7070.0,0.14871192742419603,6577.614659010461,0.0001343228520920469,2.7178383482857327,3.5331898527714527,10.0,198.0,1.3432285209204692e-05,18.275859881320653,0.9303556801994994
,,,,,8554.435437891676,7080.0,0.1488462502762881,6580.334952224371,0.0001343228520920469,2.7202932139094265,3.5363811780822547,10.0,198.0,1.3432285209204692e-05,18.275859881320653,0.9294258407096568
,,,,,8582.749975917472,7170.0,0.1490000656850612,6602.115366090368,0.00015381540877310387,21.780413865997236,28.31453802579641,10.0,213.0,1.538154087731039e-05,146.1772098277736,0.9207971221883359
,,,,,8611.093743542737,7180.0,0.1491538810938343,6623.918264263649,0.00015381540877310387,21.80289817328021,28.343767625264274,10.0,213.0,1.538154087731039e-05,146.1772098277736,0.9225512902874162
,,,,,8639.46674076747,7190.0,0.1493076965026074,6645.743646744212,0.00015381540877310387,21.825382480563178,28.37299722473213,10.0,213.0,1.538154087731039e-05,146.1772098277736,0.9243037060840351
,,,,,8667.86896759167,7200.0,0.1494615119113805,6667.591513532058,0.00015381540877310387,21.847866787846147,28.402226824199992,10.0,213.0,1.538154087731039e-05,146.1772098277736,0.9260543768794526
,,,,,8696.300424015339,7210.0,0.1496153273201536,6689.461864627187,0.00015381540877310387,21.87035109512912,28.431456423667857,10.0,213.0,1.538154087731039e-05,146.1772098277736,0.9278033099344226
,,,,,8724.761110038475,7220.0,0.1497691427289267,6711.354700029599,0.00015381540877310387,21.89283540241209,28.460686023135718,10.0,213.0,1.538154087731039e-05,146.1772098277736,0.9295505124694736
,,,,,8753.251025661079,7230.0,0.1499229581376998,6733.270019739294,0.00015381540877310387,21.91531970969506,28.489915622603576,10.0,213.0,1.538154087731039e-05,146.1772098277736,0.931295991665186
,,,,,8781.77017088315,7240.0,0.1500767735464729,6755.207823756272,0.00015381540877310387,21.937804016978028,28.519145222071437,10.0,213.0,1.538154087731039e-05,146.1772098277736,0.9330397546624685
,,,,,8810.31854570469,7250.0,0.150230588955246,6777.168112080533,0.00015381540877310387,21.960288324261,28.5483748215393,10.0,213.0,1.538154087731039e-05,146.1772098277736,0.9347818085628322
,,,,,8838.896150125696,7260.0,0.1503844043640191,6799.150884712078,0.00015381540877310387,21.98277263154397,28.577604421007162,10.0,213.0,1.538154087731039e-05,146.1772098277736,0.9365221604286609
,,,,,8867.502984146171,7270.0,0.1505382197727922,6821.156141650905,0.00015381540877310387,22.00525693882694,28.60683402047502,10.0,213.0,1.538154087731039e-05,146.1772098277736,0.9382608172834808
,,,,,8896.139047766113,7280.0,0.1506920351815653,6843.183882897015,0.00015381540877310387,22.027741246109912,28.636063619942885,10.0,213.0,1.538154087731039e-05,146.1772098277736,0.9399977861122273
,,,,,8924.804340985524,7290.0,0.1508458505903384,6865.234108450408,0.00015381540877310387,22.05022555339288,28.665293219410746,10.0,213.0,1.538154087731039e-05,146.1772098277736,0.94173307386151
,,,,,8953.498863804401,7300.0,0.1509996659991115,6887.306818311084,0.00015381540877310387,22.07270986067585,28.694522818878607,10.0,213.0,1.538154087731039e-05,146.1772098277736,0.9434666874398745
,,,,,8982.222616222747,7310.0,0.1511534814078846,6909.402012479042,0.00015381540877310387,22.09519416795882,28.723752418346468,10.0,213.0,1.538154087731039e-05,146.1772098277736,0.9451986337180632
,,,,,9010.975598240562,7320.0,0.1513072968166577,6931.519690954284,0.00015381540877310387,22.117678475241792,28.752982017814332,10.0,213.0,1.538154087731039e-05,146.1772098277736,0.9469289195292737
,,,,,9039.757809857845,7330.0,0.1514611122254308,6953.659853736808,0.00015381540877310387,22.14016278252476,28.78221161728219,10.0,213.0,1.538154087731039e-05,146.1772098277736,0.9486575516694145
,,,,,9068.569251074596,7340.0,0.1516149276342039,6975.822500826616,0.00015381540877310387,22.16264708980773,28.81144121675005,10.0,213.0,1.538154087731039e-05,146.1772098277736,0.9503845368973591
,,,,,9097.409921890814,7350.0,0.151768743042977,6998.007632223707,0.00015381540877310387,22.185131397090704,28.840670816217916,10.0,213.0,1.538154087731039e-05,146.1772098277736,0.9521098819351983
,,,,,9109.343053194401,7360.0,0.15223183006455754,7007.186963995698,0.0004630870215805401,9.179331771990643,11.933131303587837,10.0,207.0,4.630870215805401e-05,60.29837365876722,0.9520634461950677
,,,,,9121.312484910532,7370.0,0.15269491708613808,7016.394219161952,0.0004630870215805401,9.207255166254432,11.969431716130762,10.0,207.0,4.630870215805401e-05,60.29837365876722,0.9520209252594236
,,,,,9133.318217039205,7380.0,0.15315800410771863,7025.62939772247,0.0004630870215805401,9.235178560518222,12.005732128673689,10.0,207.0,4.630870215805401e-05,60.29837365876722,0.9519823032144268
,,,,,9145.36024958042,7390.0,0.15362109112929917,7034.892499677251,0.0004630870215805401,9.26310195478201,12.042032541216614,10.0,207.0,4.630870215805401e-05,60.29837365876722,0.951947564232375
,,,,,9157.43858253418,7400.0,0.1540841781508797,7044.183525026297,0.0004630870215805401,9.291025349045801,12.078332953759542,10.0,207.0,4.630870215805401e-05,60.29837365876722,0.9519166925711212
,,,,,9163.079541298603,7410.0,0.15420228114807988,7048.522724075852,0.0001181029972001586,4.339199049556042,5.640958764422854,10.0,246.0,1.181029972001586e-05,28.13965537506624,0.9512176415756886
,,,,,9168.724820453957,7420.0,0.15432038414528004,7052.865246503048,0.0001181029972001586,4.342522427196017,5.645279155354823,10.0,246.0,1.181029972001586e-05,28.13965537506624,0.9505209227093057
,,,,,9174.374420000244,7430.0,0.1544384871424802,7057.211092307884,0.0001181029972001586,4.345845804835991,5.649599546286789,10.0,246.0,1.181029972001586e-05,28.13965537506624,0.9498265265555699
,,,,,9180.028339937462,7440.0,0.15455659013968037,7061.56026149036,0.0001181029972001586,4.349169182475967,5.653919937218757,10.0,246.0,1.181029972001586e-05,28.13965537506624,0.9491344437487043
,,,,,9185.686580265612,7450.0,0.15467469313688054,7065.912754050476,0.0001181029972001586,4.352492560115942,5.6582403281507245,10.0,246.0,1.181029972001586e-05,28.13965537506624,0.9484446649732182
,,,,,9191.349140984696,7460.0,0.1547927961340807,7070.268569988232,0.0001181029972001586,4.355815937755917,5.662560719082692,10.0,246.0,1.181029972001586e-05,28.13965537506624,0.94775718096357
,,,,,9197.016022094711,7470.0,0.15491089913128087,7074.627709303628,0.0001181029972001586,4.3591393153958915,5.666881110014659,10.0,246.0,1.181029972001586e-05,28.13965537506624,0.9470719825038324
,,,,,9202.687223595658,7480.0,0.15502900212848103,7078.990171996664,0.0001181029972001586,4.362462693035867,5.671201500946627,10.0,246.0,1.181029972001586e-05,28.13965537506624,0.9463890604273615
,,,,,9208.362745487537,7490.0,0.1551471051256812,7083.35595806734,0.0001181029972001586,4.365786070675842,5.675521891878595,10.0,246.0,1.181029972001586e-05,28.13965537506624,0.9457084056164673
,,,,,9229.809947595217,7500.0,0.15525263314044283,7099.853805842478,0.00010552801476162483,16.49784777513877,21.4472021076804,10.0,157.0,1.0552801476162483e-05,106.26452795950121,0.9466471741123305
,,,,,9251.271727752975,7510.0,0.15535816115520446,7116.362867502292,0.00010552801476162483,16.50906165981392,21.461780157758096,10.0,157.0,1.0552801476162483e-05,106.26452795950121,0.9475849357526354
,,,,,9272.748085960811,7520.0,0.15546368916996609,7132.883143046781,0.00010552801476162483,16.520275544489067,21.476358207835787,10.0,157.0,1.0552801476162483e-05,106.26452795950121,0.9485216945540932
,,,,,9294.239022218724,7530.0,0.15556921718472771,7149.414632475945,0.00010552801476162483,16.531489429164214,21.49093625791348,10.0,157.0,1.0552801476162483e-05,106.26452795950121,0.9494574545120776
,,,,,9315.744536526716,7580.0,0.15567474519948934,7165.957335789784,0.00010552801476162483,16.54270331383936,21.50551430799117,10.0,157.0,1.0552801476162483e-05,106.26452795950121,0.9453769572282037
,,,,,9337.264628884785,7590.0,0.15578027321425097,7182.511252988299,0.00010552801476162483,16.553917198514508,21.52009235806886,10.0,157.0,1.0552801476162483e-05,106.26452795950121,0.9463124180485243
,,,,,9358.79929929293,7600.0,0.1558858012290126,7199.076384071489,0.00010552801476162483,16.56513108318966,21.534670408146557,10.0,157.0,1.0552801476162483e-05,106.26452795950121,0.9472468926409854
,,,,,9367.885552871814,7610.0,0.1559276653399374,7206.065809901399,4.1864110924794385e-05,6.98942582991014,9.086253578883182,10.0,226.0,4.186411092479439e-06,44.82479625839658,0.9469206057689092
,,,,,9376.974245966012,7620.0,0.1559695294508622,7213.057112281552,4.1864110924794385e-05,6.9913023801528835,9.08869309419875,10.0,226.0,4.186411092479439e-06,44.82479625839658,0.9465954215592588
,,,,,9386.065378575526,7630.0,0.156011393561787,7220.050291211947,4.1864110924794385e-05,6.993178930395627,9.091132609514315,10.0,226.0,4.186411092479439e-06,44.82479625839658,0.9462713356765331
,,,,,9395.158950700355,7640.0,0.1560532576727118,7227.045346692586,4.1864110924794385e-05,6.99505548063837,9.093572124829882,10.0,226.0,4.186411092479439e-06,44.82479625839658,0.94594834380793
,,,,,9404.254962340501,7650.0,0.1560951217836366,7234.042278723467,4.1864110924794385e-05,6.996932030881113,9.096011640145447,10.0,226.0,4.186411092479439e-06,44.82479625839658,0.9456264416631982
,,,,,9413.353413495963,7660.0,0.1561369858945614,7241.04108730459,4.1864110924794385e-05,6.998808581123856,9.098451155461014,10.0,226.0,4.186411092479439e-06,44.82479625839658,0.9453056249744896
,,,,,9422.454304166738,7670.0,0.1561788500054862,7248.041772435957,4.1864110924794385e-05,7.000685131366599,9.100890670776579,10.0,226.0,4.186411092479439e-06,44.82479625839658,0.9449858894962134
,,,,,9431.55763435283,7680.0,0.156220714116411,7255.044334117566,4.1864110924794385e-05,7.002561681609342,9.103330186092146,10.0,226.0,4.186411092479439e-06,44.82479625839658,0.9446672310048914
,,,,,9440.663404054238,7690.0,0.1562625782273358,7262.048772349418,4.1864110924794385e-05,7.004438231852085,9.105769701407711,10.0,226.0,4.186411092479439e-06,44.82479625839658,0.944349645299014
,,,,,9449.771613270961,7700.0,0.1563044423382606,7269.055087131513,4.1864110924794385e-05,7.006314782094828,9.108209216723276,10.0,226.0,4.186411092479439e-06,44.82479625839658,0.9440331281988977
,,,,,9458.882262003,7710.0,0.1563463064491854,7276.06327846385,4.1864110924794385e-05,7.008191332337571,9.110648732038843,10.0,226.0,4.186411092479439e-06,44.82479625839658,0.9437176755465435
,,,,,9467.995350250354,7720.0,0.1563881705601102,7283.07334634643,4.1864110924794385e-05,7.010067882580314,9.113088247354408,10.0,226.0,4.186411092479439e-06,44.82479625839658,0.9434032832054962
,,,,,9477.110878013023,7730.0,0.156430034671035,7290.085290779253,4.1864110924794385e-05,7.011944432823057,9.115527762669975,10.0,226.0,4.186411092479439e-06,44.82479625839658,0.9430899470607055
,,,,,9486.228845291009,7740.0,0.1564718987819598,7297.099111762319,4.1864110924794385e-05,7.0138209830658,9.11796727798554,10.0,226.0,4.186411092479439e-06,44.82479625839658,0.9427776630183875
,,,,,9495.34925208431,7750.0,0.1565137628928846,7304.114809295627,4.1864110924794385e-05,7.015697533308543,9.120406793301107,10.0,226.0,4.186411092479439e-06,44.82479625839658,0.9424664270058873
,,,,,9504.472098392927,7760.0,0.1565556270038094,7311.1323833791785,4.1864110924794385e-05,7.0175740835512865,9.122846308616673,10.0,226.0,4.186411092479439e-06,44.82479625839658,0.9421562349715437
,,,,,9513.597384216859,7770.0,0.1565974911147342,7318.151834012972,4.1864110924794385e-05,7.01945063379403,9.12528582393224,10.0,226.0,4.186411092479439e-06,44.82479625839658,0.9418470828845524
,,,,,9522.725109556106,7780.0,0.156639355225659,7325.173161197009,4.1864110924794385e-05,7.021327184036773,9.127725339247805,10.0,226.0,4.186411092479439e-06,44.82479625839658,0.9415389667348341
,,,,,9531.85527441067,7790.0,0.1566812193365838,7332.196364931288,4.1864110924794385e-05,7.023203734279516,9.130164854563372,10.0,226.0,4.186411092479439e-06,44.82479625839658,0.9412318825328997
,,,,,9540.987878780548,7800.0,0.1567230834475086,7339.2214452158105,4.1864110924794385e-05,7.025080284522259,9.132604369878937,10.0,226.0,4.186411092479439e-06,44.82479625839658,0.9409258263097193
,,,,,9550.122922665743,7810.0,0.1567649475584334,7346.248402050575,4.1864110924794385e-05,7.026956834765001,9.135043885194502,10.0,226.0,4.186411092479439e-06,44.82479625839658,0.9406207941165909
,,,,,9553.881754931017,7820.0,0.15714150973455218,7349.139811485401,0.0003765621761187818,2.8914094348256376,3.758832265273329,10.0,146.0,3.7656217611878183e-05,18.400035991189643,0.93978769967844
,,,,,9557.649594581162,7830.0,0.15751807191067096,7352.03814967782,0.0003765621761187818,2.898338192419144,3.767839650144887,10.0,146.0,3.7656217611878183e-05,18.400035991189643,0.9389576180942298
,,,,,9561.426441616179,7840.0,0.15789463408678975,7354.943416627832,0.0003765621761187818,2.9052669500126505,3.776847035016446,10.0,146.0,3.7656217611878183e-05,18.400035991189643,0.9381305378351827
,,,,,9565.212296036067,7850.0,0.15827119626290853,7357.855612335438,0.0003765621761187818,2.912195707606157,3.785854419888004,10.0,146.0,3.7656217611878183e-05,18.400035991189643,0.937306447431266
,,,,,9569.007157840826,7860.0,0.15864775843902731,7360.774736800638,0.0003765621761187818,2.919124465199663,3.7948618047595617,10.0,146.0,3.7656217611878183e-05,18.400035991189643,0.936485335470819
,,,,,9572.811027030457,7870.0,0.1590243206151461,7363.700790023431,0.0003765621761187818,2.9260532227931693,3.8038691896311203,10.0,146.0,3.7656217611878183e-05,18.400035991189643,0.9356671906001819
,,,,,9576.62390360496,7880.0,0.15940088279126488,7366.633772003818,0.0003765621761187818,2.9329819803866757,3.8128765745026785,10.0,146.0,3.7656217611878183e-05,18.400035991189643,0.9348520015233271
,,,,,9634.558162454363,7890.0,0.15962537013850062,7411.198586503359,0.0002244873472357442,44.56481449954083,57.93425884940308,10.0,152.0,2.244873472357442e-05,279.18378175645705,0.9393154102032141
,,,,,9692.57389649829,7900.0,0.15984985748573635,7455.826074229458,0.0002244873472357442,44.62748772609858,58.015734043928155,10.0,152.0,2.244873472357442e-05,279.18378175645705,0.9437754524341085
,,,,,9750.671105736743,7910.0,0.1600743448329721,7500.5162351821145,0.0002244873472357442,44.69016095265633,58.097209238453225,10.0,152.0,2.244873472357442e-05,279.18378175645705,0.9482321409838325
,,,,,9808.849790169721,7920.0,0.16029883218020782,7545.269069361329,0.0002244873472357442,44.75283417921408,58.1786844329783,10.0,152.0,2.244873472357442e-05,279.18378175645705,0.9526854885557233
,,,,,9812.621555842834,7930.0,0.1603735137271809,7548.1704275714155,7.468154697307446e-05,2.9013582100865816,3.771765673112556,10.0,94.0,7.468154697307445e-06,18.091255486378017,0.9518499908665089
,,,,,9816.395077923777,7940.0,0.16044819527415397,7551.073136864448,7.468154697307446e-05,2.902709293032989,3.773522080942886,10.0,94.0,7.468154697307445e-06,18.091255486378017,0.951016767867059
,,,,,9831.770941367247,7950.0,0.16067871302489584,7562.900724128657,0.00023051775074186084,11.82758726420888,15.375863443471545,10.0,225.0,2.3051775074186083e-05,73.61016927224388,0.9513082671859946
,,,,,9847.168863796567,7960.0,0.1609092307756377,7574.745279843519,0.00023051775074186084,11.844555714861245,15.39792242931962,10.0,225.0,2.3051775074186083e-05,73.61016927224388,0.9516011658094873
,,,,,9862.588845211734,7970.0,0.16113974852637958,7586.606804009032,0.00023051775074186084,11.861524165513613,15.419981415167697,10.0,225.0,2.3051775074186083e-05,73.61016927224388,0.951895458470393
,,,,,9877.600305122467,7980.0,0.16134180308717025,7598.154080863442,0.00020205456079066045,11.547276854410025,15.011459910733034,10.0,217.0,2.0205456079066044e-05,71.5702727592007,0.9521496341934138
,,,,,9892.630564463236,7990.0,0.16154385764796092,7609.71581881788,0.00020205456079066045,11.561737954438055,15.030259340769472,10.0,217.0,2.0205456079066044e-05,71.5702727592007,0.9524049835817121
,,,,,9907.679623234042,8000.0,0.1617459122087516,7621.292017872346,0.00020205456079066045,11.576199054466082,15.049058770805907,10.0,217.0,2.0205456079066044e-05,71.5702727592007,0.9526615022340432
,,,,,9922.747481434884,8010.0,0.16194796676954226,7632.88267802684,0.00020205456079066045,11.590660154494111,15.067858200842345,10.0,217.0,2.0205456079066044e-05,71.5702727592007,0.9529191857711411
,,,,,9937.834139065762,8020.0,0.16215002133033293,7644.487799281362,0.00020205456079066045,11.60512125452214,15.086657630878783,10.0,217.0,2.0205456079066044e-05,71.5702727592007,0.9531780298355813
,,,,,9952.939596126678,8030.0,0.1623520758911236,7656.107381635912,0.00020205456079066045,11.61958235455017,15.10545706091522,10.0,217.0,2.0205456079066044e-05,71.5702727592007,0.9534380300916453
,,,,,9968.06385261763,8040.0,0.16255413045191427,7667.74142509049,0.00020205456079066045,11.634043454578197,15.124256490951657,10.0,217.0,2.0205456079066044e-05,71.5702727592007,0.9536991822251853
,,,,,9988.261011081622,8050.0,0.1626558582690792,7683.277700832024,0.00010172781716491378,15.536275741533006,20.197158463992906,10.0,210.0,1.0172781716491377e-05,95.51623843656202,0.9544444348859656
,,,,,10008.470801201587,8060.0,0.1627575860862441,7698.823693231997,0.00010172781716491378,15.545992399972961,20.20979011996485,10.0,210.0,1.0172781716491377e-05,95.51623843656202,0.9551890438253098
,,,,,10028.693222977525,8070.0,0.16285931390340902,7714.379402290409,0.00010172781716491378,15.555709058412916,20.22242177593679,10.0,210.0,1.0172781716491377e-05,95.51623843656202,0.9559330114362341
,,,,,10048.928276409433,8080.0,0.16296104172057393,7729.944828007262,0.00010172781716491378,15.565425716852872,20.235053431908735,10.0,210.0,1.0172781716491377e-05,95.51623843656202,0.9566763400999087
,,,,,10069.175961497314,8090.0,0.16306276953773885,7745.519970382555,0.00010172781716491378,15.575142375292826,20.247685087880676,10.0,210.0,1.0172781716491377e-05,95.51623843656202,0.9574190321857299
,,,,,10089.436278241166,8100.0,0.16316449735490376,7761.104829416287,0.00010172781716491378,15.584859033732782,20.260316743852616,10.0,210.0,1.0172781716491377e-05,95.51623843656202,0.9581610900513935
,,,,,10109.70922664099,8110.0,0.16326622517206868,7776.69940510846,0.00010172781716491378,15.594575692172736,20.272948399824557,10.0,210.0,1.0172781716491377e-05,95.51623843656202,0.9589025160429667
,,,,,10129.994806696788,8120.0,0.1633679529892336,7792.303697459073,0.00010172781716491378,15.604292350612692,20.2855800557965,10.0,210.0,1.0172781716491377e-05,95.51623843656202,0.9596433124949597
,,,,,10150.293018408556,8130.0,0.1634696808063985,7807.917706468126,0.00010172781716491378,15.614009009052646,20.29821171176844,10.0,210.0,1.0172781716491377e-05,95.51623843656202,0.9603834817303968
,,,,,10170.603861776297,8140.0,0.16357140862356342,7823.541432135618,0.00010172781716491378,15.6237256674926,20.310843367740382,10.0,210.0,1.0172781716491377e-05,95.51623843656202,0.9611230260608867
,,,,,10190.927336800009,8150.0,0.16367313644072834,7839.174874461551,0.00010172781716491378,15.633442325932556,20.323475023712323,10.0,210.0,1.0172781716491377e-05,95.51623843656202,0.9618619477866933
,,,,,10211.263443479693,8160.0,0.16377486425789325,7854.818033445923,0.00010172781716491378,15.64315898437251,20.336106679684264,10.0,210.0,1.0172781716491377e-05,95.51623843656202,0.9626002491968043
,,,,,10231.61218181535,8170.0,0.16387659207505817,7870.470909088735,0.00010172781716491378,15.652875642812466,20.348738335656208,10.0,210.0,1.0172781716491377e-05,95.51623843656202,0.9633379325690007
,,,,,10251.973551806977,8180.0,0.16397831989222308,7886.133501389988,0.00010172781716491378,15.66259230125242,20.36136999162815,10.0,210.0,1.0172781716491377e-05,95.51623843656202,0.9640750001699252
,,,,,10272.347553454578,8190.0,0.164080047709388,7901.8058103496805,0.00010172781716491378,15.672308959692376,20.37400164760009,10.0,210.0,1.0172781716491377e-05,95.51623843656202,0.9648114542551502
,,,,,10292.734186758149,8200.0,0.16418177552655291,7917.487835967813,0.00010172781716491378,15.68202561813233,20.38663330357203,10.0,210.0,1.0172781716491377e-05,95.51623843656202,0.9655472970692455
,,,,,10313.133451717693,8210.0,0.16428350334371783,7933.179578244385,0.00010172781716491378,15.691742276572286,20.399264959543974,10.0,210.0,1.0172781716491377e-05,95.51623843656202,0.9662825308458447
,,,,,10333.54534833321,8220.0,0.16438523116088274,7948.881037179397,0.00010172781716491378,15.70145893501224,20.411896615515914,10.0,210.0,1.0172781716491377e-05,95.51623843656202,0.9670171578077126
,,,,,10353.969876604697,8230.0,0.16448695897804766,7964.592212772849,0.00010172781716491378,15.711175593452197,20.424528271487855,10.0,210.0,1.0172781716491377e-05,95.51623843656202,0.9677511801668104
,,,,,10374.407036532157,8240.0,0.16458868679521257,7980.313105024741,0.00010172781716491378,15.72089225189215,20.437159927459795,10.0,210.0,1.0172781716491377e-05,95.51623843656202,0.9684846001243618
,,,,,10394.856828115588,8250.0,0.1646904146123775,7996.043713935073,0.00010172781716491378,15.730608910332107,20.44979158343174,10.0,210.0,1.0172781716491377e-05,95.51623843656202,0.969217419870918
,,,,,10415.319251354991,8260.0,0.1647921424295424,8011.784039503846,0.00010172781716491378,15.740325568772061,20.46242323940368,10.0,210.0,1.0172781716491377e-05,95.51623843656202,0.9699496415864219
,,,,,10435.794306250367,8270.0,0.16489387024670732,8027.534081731058,0.00010172781716491378,15.750042227212017,20.47505489537562,10.0,210.0,1.0172781716491377e-05,95.51623843656202,0.970681267440273
,,,,,10456.281992801714,8280.0,0.16499559806387223,8043.2938406167095,0.00010172781716491378,15.759758885651971,20.48768655134756,10.0,210.0,1.0172781716491377e-05,95.51623843656202,0.9714122995913901
,,,,,10476.782311009034,8290.0,0.16509732588103715,8059.063316160801,0.00010172781716491378,15.769475544091925,20.500318207319502,10.0,210.0,1.0172781716491377e-05,95.51623843656202,0.9721427401882752
,,,,,10497.295260872326,8300.0,0.16519905369820206,8074.842508363333,0.00010172781716491378,15.779192202531881,20.512949863291446,10.0,210.0,1.0172781716491377e-05,95.51623843656202,0.9728725913690762
,,,,,10517.82084239159,8310.0,0.16530078151536698,8090.631417224305,0.00010172781716491378,15.788908860971835,20.525581519263387,10.0,210.0,1.0172781716491377e-05,95.51623843656202,0.9736018552616492
,,,,,10538.359055566825,8320.0,0.1654025093325319,8106.4300427437165,0.00010172781716491378,15.798625519411791,20.53821317523533,10.0,210.0,1.0172781716491377e-05,95.51623843656202,0.9743305339836198
,,,,,10558.909900398032,8330.0,0.1655042371496968,8122.2383849215685,0.00010172781716491378,15.808342177851745,20.550844831207268,10.0,210.0,1.0172781716491377e-05,95.51623843656202,0.9750586296424452
,,,,,10579.473376885211,8340.0,0.16560596496686172,8138.0564437578605,0.00010172781716491378,15.818058836291701,20.563476487179212,10.0,210.0,1.0172781716491377e-05,95.51623843656202,0.9757861443354748
,,,,,10600.049485028363,8350.0,0.16570769278402664,8153.884219252592,0.00010172781716491378,15.827775494731656,20.576108143151153,10.0,210.0,1.0172781716491377e-05,95.51623843656202,0.976513080150011
,,,,,10620.638224827486,8360.0,0.16580942060119155,8169.721711405763,0.00010172781716491378,15.837492153171612,20.588739799123097,10.0,210.0,1.0172781716491377e-05,95.51623843656202,0.9772394391633688
,,,,,10641.239596282581,8370.0,0.16591114841835647,8185.568920217374,0.00010172781716491378,15.847208811611566,20.601371455095038,10.0,210.0,1.0172781716491377e-05,95.51623843656202,0.977965223442936
,,,,,10661.853599393648,8380.0,0.16601287623552138,8201.425845687427,0.00010172781716491378,15.856925470051522,20.614003111066978,10.0,210.0,1.0172781716491377e-05,95.51623843656202,0.9786904350462323
,,,,,10682.480234160686,8390.0,0.1661146040526863,8217.292487815917,0.00010172781716491378,15.866642128491476,20.62663476703892,10.0,210.0,1.0172781716491377e-05,95.51623843656202,0.9794150760209676
,,,,,10703.119500583698,8400.0,0.1662163318698512,8233.168846602848,0.00010172781716491378,15.876358786931432,20.639266423010863,10.0,210.0,1.0172781716491377e-05,95.51623843656202,0.980139148405101
,,,,,10723.77139866268,8410.0,0.16631805968701613,8249.054922048219,0.00010172781716491378,15.886075445371386,20.651898078982803,10.0,210.0,1.0172781716491377e-05,95.51623843656202,0.9808626542268988
,,,,,10744.435928397636,8420.0,0.16641978750418104,8264.95071415203,0.00010172781716491378,15.895792103811342,20.664529734954744,10.0,210.0,1.0172781716491377e-05,95.51623843656202,0.9815855955049917
,,,,,10765.113089788561,8430.0,0.16652151532134596,8280.85622291428,0.00010172781716491378,15.905508762251296,20.677161390926685,10.0,210.0,1.0172781716491377e-05,95.51623843656202,0.9823079742484319
,,,,,10769.508903533957,8440.0,0.16699194010544235,8284.237618103047,0.000470424784096392,3.38139518876569,4.395813745395397,10.0,125.0,4.7042478409639196e-05,20.248852648999726,0.9815447414814037
,,,,,10773.917100510129,8450.0,0.16746236488953875,8287.628538853947,0.000470424784096392,3.3909207509012953,4.408196976171684,10.0,125.0,4.7042478409639196e-05,20.248852648999726,0.9807844424679227
,,,,,10778.337680717077,8460.0,0.16793278967363515,8291.028985166984,0.000470424784096392,3.400446313036901,4.420580206947971,10.0,125.0,4.7042478409639196e-05,20.248852648999726,0.980027066804608
,,,,,10782.770644154802,8470.0,0.16840321445773154,8294.438957042157,0.000470424784096392,3.4099718751725066,4.432963437724259,10.0,125.0,4.7042478409639196e-05,20.248852648999726,0.9792726041372086
,,,,,10787.215990823302,8480.0,0.16887363924182794,8297.858454479465,0.000470424784096392,3.4194974373081117,4.445346668500545,10.0,125.0,4.7042478409639196e-05,20.248852648999726,0.9785210441603143
,,,,,10791.67372072258,8490.0,0.16934406402592433,8301.287477478909,0.000470424784096392,3.4290229994437174,4.457729899276833,10.0,125.0,4.7042478409639196e-05,20.248852648999726,0.9777723766170682
,,,,,10796.143833852633,8500.0,0.16981448881002073,8304.726026040487,0.000470424784096392,3.4385485615793225,4.47011313005312,10.0,125.0,4.7042478409639196e-05,20.248852648999726,0.9770265912988808
,,,,,10800.626330213463,8510.0,0.17028491359411713,8308.174100164202,0.000470424784096392,3.448074123714928,4.482496360829407,10.0,125.0,4.7042478409639196e-05,20.248852648999726,0.9762836780451472
,,,,,10805.12120980507,8520.0,0.17075533837821352,8311.631699850053,0.000470424784096392,3.4575996858505333,4.494879591605693,10.0,125.0,4.7042478409639196e-05,20.248852648999726,0.975543626742964
,,,,,10809.628472627452,8530.0,0.17122576316230992,8315.098825098039,0.000470424784096392,3.467125247986139,4.507262822381981,10.0,125.0,4.7042478409639196e-05,20.248852648999726,0.974806427326851
,,,,,10814.14811868061,8540.0,0.17169618794640631,8318.575475908161,0.000470424784096392,3.476650810121744,4.519646053158268,10.0,125.0,4.7042478409639196e-05,20.248852648999726,0.9740720697784732
,,,,,10818.680147964546,8550.0,0.1721666127305027,8322.061652280418,0.000470424784096392,3.4861763722573498,4.532029283934555,10.0,125.0,4.7042478409639196e-05,20.248852648999726,0.9733405441263646
,,,,,10823.224560479257,8560.0,0.1726370375145991,8325.55735421481,0.000470424784096392,3.4957019343929554,4.544412514710842,10.0,125.0,4.7042478409639196e-05,20.248852648999726,0.9726118404456554
,,,,,10827.781356224745,8570.0,0.1731074622986955,8329.06258171134,0.000470424784096392,3.5052274965285606,4.556795745487129,10.0,125.0,4.7042478409639196e-05,20.248852648999726,0.9718859488577992
,,,,,10832.350535201009,8580.0,0.1735778870827919,8332.577334770003,0.000470424784096392,3.514753058664166,4.569178976263416,10.0,125.0,4.7042478409639196e-05,20.248852648999726,0.9711628595303035
,,,,,10836.93209740805,8590.0,0.1740483118668883,8336.101613390803,0.000470424784096392,3.5242786207997714,4.581562207039703,10.0,125.0,4.7042478409639196e-05,20.248852648999726,0.9704425626764613
,,,,,10841.526042845866,8600.0,0.1745187366509847,8339.635417573738,0.000470424784096392,3.533804182935377,4.59394543781599,10.0,125.0,4.7042478409639196e-05,20.248852648999726,0.9697250485550858
,,,,,10846.132371514459,8610.0,0.1749891614350811,8343.178747318809,0.000470424784096392,3.543329745070982,4.606328668592277,10.0,125.0,4.7042478409639196e-05,20.248852648999726,0.969010307470245
,,,,,10850.751083413828,8620.0,0.17545958621917748,8346.731602626016,0.000470424784096392,3.552855307206588,4.618711899368565,10.0,125.0,4.7042478409639196e-05,20.248852648999726,0.9682983297709995
,,,,,10855.382178543974,8640.0,0.17593001100327388,8350.293983495358,0.000470424784096392,3.5623808693421934,4.6310951301448515,10.0,125.0,4.7042478409639196e-05,20.248852648999726,0.9664692110527034
,,,,,10860.025656904896,8650.0,0.17640043578737027,8353.865889926836,0.000470424784096392,3.5719064314777986,4.643478360921138,10.0,125.0,4.7042478409639196e-05,20.248852648999726,0.9657648427661082
,,,,,10864.681518496593,8660.0,0.17687086057146667,8357.447321920448,0.000470424784096392,3.5814319936134043,4.655861591697426,10.0,125.0,4.7042478409639196e-05,20.248852648999726,0.9650632011455483
,,,,,10869.349763319065,8670.0,0.17734128535556307,8361.038279476197,0.000470424784096392,3.5909575557490094,4.668244822473713,10.0,125.0,4.7042478409639196e-05,20.248852648999726,0.9643642767561934
,,,,,10874.030391372315,8680.0,0.17781171013965946,8364.638762594082,0.000470424784096392,3.600483117884615,4.6806280532499995,10.0,125.0,4.7042478409639196e-05,20.248852648999726,0.9636680602066915
,,,,,10878.72340265634,8690.0,0.17828213492375586,8368.248771274102,0.000470424784096392,3.6100086800202202,4.693011284026286,10.0,125.0,4.7042478409639196e-05,20.248852648999726,0.9629745421489185
,,,,,10883.428797171142,8700.0,0.17875255970785225,8371.868305516258,0.000470424784096392,3.619534242155826,4.705394514802574,10.0,125.0,4.7042478409639196e-05,20.248852648999726,0.9622837132777309
,,,,,10888.14657491672,8710.0,0.17922298449194865,8375.497365320549,0.000470424784096392,3.6290598042914315,4.717777745578861,10.0,125.0,4.7042478409639196e-05,20.248852648999726,0.9615955643307175
,,,,,10892.876735893075,8720.0,0.17969340927604505,8379.135950686976,0.000470424784096392,3.6385853664270367,4.7301609763551475,10.0,125.0,4.7042478409639196e-05,20.248852648999726,0.9609100860879559
,,,,,10897.619280100205,8730.0,0.18016383406014144,8382.784061615539,0.000470424784096392,3.6481109285626423,4.742544207131435,10.0,125.0,4.7042478409639196e-05,20.248852648999726,0.9602272693717685
,,,,,10902.374207538112,8740.0,0.18063425884423784,8386.441698106237,0.000470424784096392,3.6576364906982475,4.754927437907722,10.0,125.0,4.7042478409639196e-05,20.248852648999726,0.9595471050464802
,,,,,10907.141518206796,8750.0,0.18110468362833423,8390.10886015907,0.000470424784096392,3.667162052833853,4.767310668684009,10.0,125.0,4.7042478409639196e-05,20.248852648999726,0.9588695840181796
,,,,,10911.921212106256,8760.0,0.18157510841243063,8393.78554777404,0.000470424784096392,3.6766876149694583,4.7796938994602955,10.0,125.0,4.7042478409639196e-05,20.248852648999726,0.9581946972344794
,,,,,10916.713289236492,8770.0,0.18204553319652703,8397.471760951144,0.000470424784096392,3.686213177105064,4.792077130236583,10.0,125.0,4.7042478409639196e-05,20.248852648999726,0.957522435684281
,,,,,10921.517749597504,8780.0,0.18251595798062342,8401.167499690386,0.000470424784096392,3.695738739240669,4.80446036101287,10.0,125.0,4.7042478409639196e-05,20.248852648999726,0.9568527903975382
,,,,,10926.334593189293,8790.0,0.18298638276471982,8404.872763991762,0.000470424784096392,3.7052643013762747,4.816843591789158,10.0,125.0,4.7042478409639196e-05,20.248852648999726,0.956185752445024
,,,,,10931.163820011858,8800.0,0.18345680754881621,8408.587553855274,0.000470424784096392,3.7147898635118803,4.829226822565444,10.0,125.0,4.7042478409639196e-05,20.248852648999726,0.9555213129380993
,,,,,10936.0054300652,8810.0,0.1839272323329126,8412.31186928092,0.000470424784096392,3.7243154256474855,4.841610053341731,10.0,125.0,4.7042478409639196e-05,20.248852648999726,0.9548594630284813
,,,,,10940.859423349317,8820.0,0.184397657117009,8416.045710268703,0.000470424784096392,3.733840987783091,4.853993284118019,10.0,125.0,4.7042478409639196e-05,20.248852648999726,0.9542001939080162
,,,,,10945.72579986421,8830.0,0.1848680819011054,8419.789076818623,0.000470424784096392,3.7433665499186963,4.866376514894306,10.0,125.0,4.7042478409639196e-05,20.248852648999726,0.9535434968084511
,,,,,10950.604559609881,8840.0,0.1853385066852018,8423.541968930676,0.000470424784096392,3.752892112054302,4.8787597456705925,10.0,125.0,4.7042478409639196e-05,20.248852648999726,0.9528893630012077
,,,,,10955.495702586328,8850.0,0.1858089314692982,8427.304386604867,0.000470424784096392,3.762417674189907,4.891142976446879,10.0,125.0,4.7042478409639196e-05,20.248852648999726,0.9522377837971601
,,,,,10960.39922879355,8860.0,0.1862793562533946,8431.076329841191,0.000470424784096392,3.7719432363255128,4.903526207223167,10.0,125.0,4.7042478409639196e-05,20.248852648999726,0.9515887505464098
,,,,,10965.31513823155,8870.0,0.186749781037491,8434.857798639652,0.000470424784096392,3.7814687984611184,4.915909437999454,10.0,125.0,4.7042478409639196e-05,20.248852648999726,0.9509422546380668
,,,,,10970.243430900326,8880.0,0.18722020582158738,8438.64879300025,0.000470424784096392,3.7909943605967236,4.9282926687757405,10.0,125.0,4.7042478409639196e-05,20.248852648999726,0.9502982875000281
,,,,,10975.184106799878,8890.0,0.18769063060568378,8442.449312922981,0.000470424784096392,3.800519922732329,4.940675899552028,10.0,125.0,4.7042478409639196e-05,20.248852648999726,0.9496568405987605
,,,,,10980.137165930206,8900.0,0.18816105538978017,8446.25935840785,0.000470424784096392,3.8100454848679344,4.953059130328315,10.0,125.0,4.7042478409639196e-05,20.248852648999726,0.9490179054390843
,,,,,10987.152128659274,8910.0,0.18863148017387657,8451.655483584056,0.000470424784096392,5.396125176206577,7.01496272906855,10.0,129.0,4.7042478409639196e-05,28.606705366636266,0.9485584156659995
,,,,,10994.184585882498,8920.0,0.18910190495797297,8457.065066063458,0.000470424784096392,5.409582479402387,7.032457223223103,10.0,129.0,4.7042478409639196e-05,28.606705366636266,0.9481014648053204
,,,,,11001.234537599876,8930.0,0.18957232974206936,8462.488105846056,0.000470424784096392,5.423039782598195,7.049951717377654,10.0,129.0,4.7042478409639196e-05,28.606705366636266,0.9476470443276659
,,,,,11008.301983811409,8940.0,0.19004275452616576,8467.92460293185,0.000470424784096392,5.436497085794005,7.067446211532206,10.0,129.0,4.7042478409639196e-05,28.606705366636266,0.9471951457418176
,,,,,11015.386924517095,8950.0,0.19051317931026215,8473.37455732084,0.000470424784096392,5.449954388989814,7.084940705686758,10.0,129.0,4.7042478409639196e-05,28.606705366636266,0.9467457605945072
,,,,,11022.489359716938,8960.0,0.19098360409435855,8478.837969013026,0.000470424784096392,5.463411692185622,7.1024351998413096,10.0,129.0,4.7042478409639196e-05,28.606705366636266,0.9462988804702038
,,,,,11029.609289410933,8970.0,0.19145402887845495,8484.314838008408,0.000470424784096392,5.476868995381432,7.119929693995862,10.0,129.0,4.7042478409639196e-05,28.606705366636266,0.9458544969909038
,,,,,11036.746713599085,8980.0,0.19192445366255134,8489.805164306985,0.000470424784096392,5.490326298577241,7.137424188150413,10.0,129.0,4.7042478409639196e-05,28.606705366636266,0.9454126018159226
,,,,,11043.90163228139,8990.0,0.19239487844664774,8495.308947908758,0.000470424784096392,5.5037836017730495,7.154918682304965,10.0,129.0,4.7042478409639196e-05,28.606705366636266,0.9449731866416861
,,,,,11051.07404545785,9000.0,0.19286530323074413,8500.826188813726,0.000470424784096392,5.517240904968859,7.172413176459517,10.0,129.0,4.7042478409639196e-05,28.606705366636266,0.9445362432015251
,,,,,11064.583676379727,9010.0,0.19333572801484053,8511.218212599784,0.000470424784096392,10.392023786059067,13.509630921876788,10.0,79.0,4.7042478409639196e-05,53.751181391891365,0.9446413110543601
,,,,,11078.126178955876,9020.0,0.19380615279893693,8521.635522273744,0.000470424784096392,10.417309673960274,13.542502576148356,10.0,79.0,4.7042478409639196e-05,53.751181391891365,0.9447489492542953
,,,,,11091.701553186296,9030.0,0.19427657758303332,8532.078117835605,0.000470424784096392,10.442595561861479,13.575374230419923,10.0,79.0,4.7042478409639196e-05,53.751181391891365,0.9448591492619717
,,,,,11105.309799070988,9040.0,0.19474700236712972,8542.545999285367,0.000470424784096392,10.467881449762686,13.608245884691492,10.0,79.0,4.7042478409639196e-05,53.751181391891365,0.9449719025758149
,,,,,11118.950916609952,9050.0,0.19521742715122611,8553.03916662303,0.000470424784096392,10.493167337663893,13.641117538963062,10.0,79.0,4.7042478409639196e-05,53.751181391891365,0.9450872007318265
,,,,,11132.624905803186,9060.0,0.1956878519353225,8563.557619848594,0.000470424784096392,10.5184532255651,13.67398919323463,10.0,79.0,4.7042478409639196e-05,53.751181391891365,0.9452050353033769
,,,,,11146.331766650692,9090.0,0.1961582767194189,8574.10135896206,0.000470424784096392,10.543739113466307,13.7068608475062,10.0,79.0,4.7042478409639196e-05,53.751181391891365,0.9432454740332299
,,,,,11160.07149915247,9740.0,0.1966287015035153,8584.670383963427,0.000470424784096392,10.569025001367514,13.739732501777768,10.0,79.0,4.7042478409639196e-05,53.751181391891365,0.8813829963001465
,,,,,11173.844103308518,9770.0,0.1970991262876117,8595.264694852694,0.000470424784096392,10.59431088926872,13.772604156049335,10.0,79.0,4.7042478409639196e-05,53.751181391891365,0.8797609718375327
,,,,,11187.649579118839,9780.0,0.1975695510717081,8605.884291629864,0.000470424784096392,10.619596777169926,13.805475810320905,10.0,79.0,4.7042478409639196e-05,53.751181391891365,0.8799472690828082
,,,,,11201.487926583432,9790.0,0.1980399758558045,8616.529174294934,0.000470424784096392,10.644882665071133,13.838347464592474,10.0,79.0,4.7042478409639196e-05,53.751181391891365,0.8801357685694519
,,,,,11215.359145702296,9800.0,0.19851040063990089,8627.199342847905,0.000470424784096392,10.67016855297234,13.871219118864042,10.0,79.0,4.7042478409639196e-05,53.751181391891365,0.8803264635559087
,,,,,11229.263236475432,9810.0,0.19898082542399728,8637.894797288778,0.000470424784096392,10.695454440873547,13.904090773135612,10.0,79.0,4.7042478409639196e-05,53.751181391891365,0.880519347328112
,,,,,11243.20019890284,9820.0,0.19945125020809368,8648.615537617552,0.000470424784096392,10.720740328774754,13.936962427407181,10.0,79.0,4.7042478409639196e-05,53.751181391891365,0.8807144131993434
,,,,,11257.170032984519,9830.0,0.19992167499219007,8659.361563834227,0.000470424784096392,10.74602621667596,13.969834081678748,10.0,79.0,4.7042478409639196e-05,53.751181391891365,0.8809116545100943
,,,,,11271.17273872047,9840.0,0.20039209977628647,8670.132875938803,0.000470424784096392,10.771312104577166,14.002705735950316,10.0,79.0,4.7042478409639196e-05,53.751181391891365,0.8811110646279272
,,,,,11285.208316110691,9850.0,0.20086252456038287,8680.92947393128,0.000470424784096392,10.796597992478373,14.035577390221887,10.0,79.0,4.7042478409639196e-05,53.751181391891365,0.8813126369473382
,,,,,11299.276765155184,9860.0,0.20133294934447926,8691.751357811661,0.000470424784096392,10.82188388037958,14.068449044493455,10.0,79.0,4.7042478409639196e-05,53.751181391891365,0.8815163648896208
,,,,,11313.378085853949,9870.0,0.20180337412857566,8702.598527579943,0.000470424784096392,10.847169768280787,14.101320698765024,10.0,79.0,4.7042478409639196e-05,53.751181391891365,0.8817222419027297
,,,,,11327.512278206985,9880.0,0.20227379891267205,8713.470983236126,0.000470424784096392,10.872455656181994,14.134192353036592,10.0,79.0,4.7042478409639196e-05,53.751181391891365,0.8819302614611464
,,,,,11361.05402073503,9890.0,0.20274422369676845,8739.272323642315,0.000470424784096392,25.801340406188626,33.54174252804521,10.0,91.0,4.7042478409639196e-05,127.2605450144811,0.8836473532499813
,,,,,11394.67358973181,9900.0,0.20321464848086485,8765.133530562916,0.000470424784096392,25.861206920601052,33.61956899678137,10.0,91.0,4.7042478409639196e-05,127.2605450144811,0.8853670232891835
,,,,,11428.370985197327,9910.0,0.20368507326496124,8791.054603997929,0.000470424784096392,25.92107343501348,33.69739546551752,10.0,91.0,4.7042478409639196e-05,127.2605450144811,0.8870892637737567
,,,,,11462.14620713158,9920.0,0.20415549804905764,8817.035543947355,0.000470424784096392,25.980939949425906,33.77522193425368,10.0,91.0,4.7042478409639196e-05,127.2605450144811,0.888814066930177
,,,,,11495.99925553457,9930.0,0.20462592283315403,8843.076350411193,0.000470424784096392,26.040806463838333,33.853048402989835,10.0,91.0,4.7042478409639196e-05,127.2605450144811,0.8905414250162329
,,,,,11529.930130406297,9940.0,0.20509634761725043,8869.177023389444,0.000470424784096392,26.10067297825076,33.93087487172599,10.0,91.0,4.7042478409639196e-05,127.2605450144811,0.8922713303208696
,,,,,11563.93883174676,9950.0,0.20556677240134683,8895.337562882107,0.000470424784096392,26.160539492663187,34.008701340462146,10.0,91.0,4.7042478409639196e-05,127.2605450144811,0.8940037751640308
,,,,,11598.025359555959,9960.0,0.20603719718544322,8921.557968889183,0.000470424784096392,26.220406007075614,34.0865278091983,10.0,91.0,4.7042478409639196e-05,127.2605450144811,0.8957387518965043
,,,,,11632.189713833894,9970.0,0.20650762196953962,8947.83824141067,0.000470424784096392,26.28027252148804,34.16435427793446,10.0,91.0,4.7042478409639196e-05,127.2605450144811,0.8974762528997664
,,,,,11637.138393198467,9980.0,0.2068841841456584,8951.644917844958,0.0003765621761187818,3.80667643428802,4.948679364574426,10.0,146.0,3.7656217611878183e-05,18.400035991189643,0.8969584086016993
,,,,,11671.442871905232,9990.0,0.2073546089297548,8978.032978388623,0.000470424784096392,26.388060543665183,34.30447870676474,10.0,91.0,4.7042478409639196e-05,127.2605450144811,0.898701999838701
,,,,,11705.825177080733,10000.0,0.2078250337138512,9004.4809054467,0.000470424784096392,26.44792705807761,34.382305175500896,10.0,91.0,4.7042478409639196e-05,127.2605450144811,0.90044809054467
,,,,,11740.28530872497,10010.0,0.2082954584979476,9030.98869901919,0.000470424784096392,26.507793572490037,34.46013164423705,10.0,91.0,4.7042478409639196e-05,127.2605450144811,0.9021966732286903
,,,,,11774.823266837942,10020.0,0.20876588328204398,9057.556359106093,0.000470424784096392,26.567660086902464,34.53795811297321,10.0,91.0,4.7042478409639196e-05,127.2605450144811,0.9039477404297498
,,,,,11809.439051419651,10030.0,0.20923630806614038,9084.183885707407,0.000470424784096392,26.62752660131489,34.615784581709356,10.0,91.0,4.7042478409639196e-05,127.2605450144811,0.905701284716591
,,,,,11844.132662470096,10040.0,0.20970673285023678,9110.871278823135,0.000470424784096392,26.687393115727318,34.69361105044551,10.0,91.0,4.7042478409639196e-05,127.2605450144811,0.9074572986875633
,,,,,11878.904099989277,10050.0,0.21017715763433317,9137.618538453275,0.000470424784096392,26.747259630139745,34.77143751918167,10.0,91.0,4.7042478409639196e-05,127.2605450144811,0.9092157749704751
,,,,,11913.753363977195,10060.0,0.21064758241842957,9164.425664597828,0.000470424784096392,26.80712614455217,34.84926398791782,10.0,91.0,4.7042478409639196e-05,127.2605450144811,0.9109767062224481
,,,,,11948.68045443385,10070.0,0.21111800720252596,9191.292657256792,0.000470424784096392,26.866992658964598,34.92709045665398,10.0,91.0,4.7042478409639196e-05,127.2605450144811,0.9127400851297708
,,,,,11983.68537135924,10080.0,0.21158843198662236,9218.219516430168,0.000470424784096392,26.926859173377025,35.004916925390134,10.0,91.0,4.7042478409639196e-05,127.2605450144811,0.9145059044077548
,,,,,12018.768114753368,10090.0,0.21205885677071876,9245.206242117958,0.000470424784096392,26.986725687789452,35.08274339412629,10.0,91.0,4.7042478409639196e-05,127.2605450144811,0.9162741568005904
,,,,,12053.92868461623,10100.0,0.21252928155481515,9272.25283432016,0.000470424784096392,27.046592202201882,35.160569862862445,10.0,91.0,4.7042478409639196e-05,127.2605450144811,0.9180448350812039
,,,,,12089.16708094783,10110.0,0.21299970633891155,9299.359293036774,0.000470424784096392,27.10645871661431,35.2383963315986,10.0,91.0,4.7042478409639196e-05,127.2605450144811,0.9198179320511152
,,,,,12124.483303748164,10120.0,0.21347013112300794,9326.5256182678,0.000470424784096392,27.166325231026736,35.31622280033476,10.0,91.0,4.7042478409639196e-05,127.2605450144811,0.9215934405402965
,,,,,12159.877353017235,10130.0,0.21394055590710434,9353.75181001324,0.000470424784096392,27.226191745439163,35.39404926907091,10.0,91.0,4.7042478409639196e-05,127.2605450144811,0.9233713534070326
,,,,,12195.349228755042,10140.0,0.21441098069120074,9381.037868273092,0.000470424784096392,27.28605825985159,35.47187573780707,10.0,91.0,4.7042478409639196e-05,127.2605450144811,0.9251516635377802
,,,,,12230.898930961584,10150.0,0.21488140547529713,9408.383793047356,0.000470424784096392,27.345924774264017,35.54970220654322,10.0,91.0,4.7042478409639196e-05,127.2605450144811,0.9269343638470302
,,,,,12267.799418680204,10160.0,0.21535183025939353,9436.76878360014,0.000470424784096392,28.38499055278424,36.900487718619516,10.0,71.0,4.7042478409639196e-05,131.80751943735154,0.9288158251574942
,,,,,12304.780513579859,10170.0,0.21582225504348992,9465.215779676799,0.000470424784096392,28.44699607665784,36.98109489965519,10.0,71.0,4.7042478409639196e-05,131.80751943735154,0.9306996833507177
,,,,,12341.84221566055,10180.0,0.21629267982758632,9493.72478127733,0.000470424784096392,28.509001600531438,37.06170208069087,10.0,71.0,4.7042478409639196e-05,131.80751943735154,0.9325859313631955
,,,,,12378.984524922276,10190.0,0.21676310461168272,9522.295788401734,0.000470424784096392,28.571007124405035,37.142309261726545,10.0,71.0,4.7042478409639196e-05,131.80751943735154,0.9344745621591496
,,,,,12416.207441365039,10200.0,0.2172335293957791,9550.928801050013,0.000470424784096392,28.633012648278633,37.22291644276223,10.0,71.0,4.7042478409639196e-05,131.80751943735154,0.9363655687303934
,,,,,12453.510964988836,10210.0,0.2177039541798755,9579.623819222164,0.000470424784096392,28.69501817215223,37.3035236237979,10.0,71.0,4.7042478409639196e-05,131.80751943735154,0.9382589440961964
,,,,,12490.89509579367,10220.0,0.2181743789639719,9608.38084291819,0.000470424784096392,28.75702369602583,37.38413080483358,10.0,71.0,4.7042478409639196e-05,131.80751943735154,0.9401546813031497
,,,,,12528.35983377954,10230.0,0.2186448037480683,9637.19987213809,0.000470424784096392,28.819029219899427,37.464737985869256,10.0,71.0,4.7042478409639196e-05,131.80751943735154,0.9420527734250332
,,,,,12565.905178946445,10240.0,0.2191152285321647,9666.080906881863,0.000470424784096392,28.881034743773025,37.54534516690494,10.0,71.0,4.7042478409639196e-05,131.80751943735154,0.943953213562682
,,,,,12603.531131294385,10250.0,0.2195856533162611,9695.02394714951,0.000470424784096392,28.943040267646623,37.62595234794061,10.0,71.0,4.7042478409639196e-05,131.80751943735154,0.9458559948438546
,,,,,12641.237690823362,10260.0,0.2200560781003575,9724.02899294103,0.000470424784096392,29.00504579152022,37.706559528976285,10.0,71.0,4.7042478409639196e-05,131.80751943735154,0.9477611104231023
,,,,,12679.024857533374,10270.0,0.22052650288445388,9753.096044256425,0.000470424784096392,29.067051315393815,37.78716671001196,10.0,71.0,4.7042478409639196e-05,131.80751943735154,0.9496685534816383
,,,,,12716.892631424422,10280.0,0.22099692766855028,9782.225101095692,0.000470424784096392,29.129056839267413,37.86777389104764,10.0,71.0,4.7042478409639196e-05,131.80751943735154,0.9515783172272073
,,,,,12754.841012496505,10290.0,0.22146735245264668,9811.416163458833,0.000470424784096392,29.19106236314101,37.948381072083315,10.0,71.0,4.7042478409639196e-05,131.80751943735154,0.9534903948939585
,,,,,12792.870000749625,10300.0,0.22193777723674307,9840.669231345848,0.000470424784096392,29.25306788701461,38.028988253118996,10.0,71.0,4.7042478409639196e-05,131.80751943735154,0.9554047797423153
,,,,,12830.979596183779,10310.0,0.22240820202083947,9869.984304756736,0.000470424784096392,29.315073410888207,38.10959543415467,10.0,71.0,4.7042478409639196e-05,131.80751943735154,0.9573214650588492
,,,,,12869.16979879897,10320.0,0.22287862680493586,9899.361383691497,0.000470424784096392,29.377078934761805,38.190202615190344,10.0,71.0,4.7042478409639196e-05,131.80751943735154,0.9592404441561528
,,,,,12907.440608595196,10330.0,0.22334905158903226,9928.800468150133,0.000470424784096392,29.439084458635403,38.270809796226025,10.0,71.0,4.7042478409639196e-05,131.80751943735154,0.9611617103727138
,,,,,12945.792025572458,10340.0,0.22381947637312866,9958.301558132642,0.000470424784096392,29.501089982509,38.3514169772617,10.0,71.0,4.7042478409639196e-05,131.80751943735154,0.9630852570727894
,,,,,12984.224049730756,10350.0,0.22428990115722505,9987.864653639024,0.000470424784096392,29.5630955063826,38.43202415829738,10.0,71.0,4.7042478409639196e-05,131.80751943735154,0.9650110776462826
,,,,,13022.73668107009,10360.0,0.22476032594132145,10017.489754669281,0.000470424784096392,29.625101030256197,38.512631339333055,10.0,71.0,4.7042478409639196e-05,131.80751943735154,0.9669391655086178
,,,,,13061.329919590458,10370.0,0.22523075072541784,10047.17686122341,0.000470424784096392,29.687106554129794,38.593238520368736,10.0,71.0,4.7042478409639196e-05,131.80751943735154,0.9688695141006182
,,,,,13100.003765291864,10380.0,0.22570117550951424,10076.925973301413,0.000470424784096392,29.74911207800339,38.67384570140441,10.0,71.0,4.7042478409639196e-05,131.80751943735154,0.9708021168883828
,,,,,13138.758218174304,10390.0,0.22617160029361064,10106.73709090329,0.000470424784096392,29.811117601876987,38.754452882440084,10.0,71.0,4.7042478409639196e-05,131.80751943735154,0.9727369673631656
,,,,,13177.593278237779,10400.0,0.22664202507770703,10136.61021402904,0.000470424784096392,29.873123125750585,38.83506006347576,10.0,71.0,4.7042478409639196e-05,131.80751943735154,0.9746740590412539
,,,,,13216.50894548229,10410.0,0.22711244986180343,10166.545342678664,0.000470424784096392,29.935128649624183,38.91566724451144,10.0,71.0,4.7042478409639196e-05,131.80751943735154,0.9766133854638487
,,,,,13255.505219907836,10420.0,0.22758287464589982,10196.542476852163,0.000470424784096392,29.99713417349778,38.996274425547114,10.0,71.0,4.7042478409639196e-05,131.80751943735154,0.9785549401969446
,,,,,13294.58210151442,10430.0,0.22805329942999622,10226.601616549533,0.000470424784096392,30.05913969737138,39.076881606582795,10.0,71.0,4.7042478409639196e-05,131.80751943735154,0.9804987168312113
,,,,,13333.739590302037,10440.0,0.22852372421409262,10256.722761770778,0.000470424784096392,30.121145221244976,39.15748878761847,10.0,71.0,4.7042478409639196e-05,131.80751943735154,0.9824447089818753
,,,,,13372.977686270691,10450.0,0.228994148998189,10286.905912515896,0.000470424784096392,30.183150745118574,39.23809596865415,10.0,71.0,4.7042478409639196e-05,131.80751943735154,0.9843929102886025
,,,,,13412.29638942038,10460.0,0.2294645737822854,10317.15106878489,0.000470424784096392,30.245156268992172,39.318703149689824,10.0,71.0,4.7042478409639196e-05,131.80751943735154,0.9863433144153814
,,,,,13451.695699751106,10470.0,0.2299349985663818,10347.458230577755,0.000470424784096392,30.30716179286577,39.399310330725505,10.0,71.0,4.7042478409639196e-05,131.80751943735154,0.9882959150504064
,,,,,13491.175617262867,10480.0,0.2304054233504782,10377.827397894494,0.000470424784096392,30.369167316739368,39.47991751176118,10.0,71.0,4.7042478409639196e-05,131.80751943735154,0.9902507059059632
,,,,,13530.736141955664,10490.0,0.2308758481345746,10408.258570735108,0.000470424784096392,30.431172840612966,39.560524692796854,10.0,71.0,4.7042478409639196e-05,131.80751943735154,0.9922076807183134
,,,,,13570.377273829496,10500.0,0.231346272918671,10438.751749099594,0.000470424784096392,30.49317836448656,39.64113187383253,10.0,71.0,4.7042478409639196e-05,131.80751943735154,0.9941668332475804
,,,,,13610.099012884364,10530.0,0.2318166977027674,10469.306932987954,0.000470424784096392,30.55518388836016,39.72173905486821,10.0,71.0,4.7042478409639196e-05,131.80751943735154,0.9942361759722654
,,,,,13649.901359120267,10540.0,0.23228712248686378,10499.924122400189,0.000470424784096392,30.617189412233756,39.80234623590388,10.0,71.0,4.7042478409639196e-05,131.80751943735154,0.9961977345730729
,,,,,13689.784312537207,10550.0,0.23275754727096018,10530.603317336296,0.000470424784096392,30.679194936107354,39.882953416939564,10.0,71.0,4.7042478409639196e-05,131.80751943735154,0.9981614518802177
,,,,,13729.747873135182,10560.0,0.23322797205505658,10561.344517796277,0.000470424784096392,30.741200459980952,39.96356059797524,10.0,71.0,4.7042478409639196e-05,131.80751943735154,1.0001273217610112
,,,,,13769.792040914193,10570.0,0.23369839683915297,10592.147723780132,0.000470424784096392,30.80320598385455,40.04416777901092,10.0,71.0,4.7042478409639196e-05,131.80751943735154,1.0020953381059727
,,,,,13809.91681587424,10580.0,0.23416882162324937,10623.01293528786,0.000470424784096392,30.865211507728148,40.124774960046594,10.0,71.0,4.7042478409639196e-05,131.80751943735154,1.0040654948287202
,,,,,13850.122198015322,10590.0,0.23463924640734576,10653.940152319461,0.000470424784096392,30.927217031601746,40.20538214108227,10.0,71.0,4.7042478409639196e-05,131.80751943735154,1.0060377858658602
,,,,,13890.40818733744,10600.0,0.23510967119144216,10684.929374874937,0.000470424784096392,30.989222555475344,40.28598932211795,10.0,71.0,4.7042478409639196e-05,131.80751943735154,1.008012205176881
,,,,,13930.774783840594,10610.0,0.23558009597553856,10715.980602954285,0.000470424784096392,31.05122807934894,40.36659650315362,10.0,71.0,4.7042478409639196e-05,131.80751943735154,1.009988746744042
,,,,,13971.221987524783,10620.0,0.23605052075963495,10747.093836557508,0.000470424784096392,31.11323360322254,40.447203684189304,10.0,71.0,4.7042478409639196e-05,131.80751943735154,1.01196740457227
,,,,,14011.749798390008,10630.0,0.23652094554373135,10778.269075684604,0.000470424784096392,31.175239127096138,40.52781086522498,10.0,71.0,4.7042478409639196e-05,131.80751943735154,1.0139481726890502
,,,,,14052.358216436269,10640.0,0.23699137032782774,10809.506320335573,0.000470424784096392,31.237244650969732,40.60841804626065,10.0,71.0,4.7042478409639196e-05,131.80751943735154,1.0159310451443209
,,,,,14093.047241663566,10650.0,0.23746179511192414,10840.805570510416,0.000470424784096392,31.29925017484333,40.68902522729633,10.0,71.0,4.7042478409639196e-05,131.80751943735154,1.0179160160103677
,,,,,14133.816874071897,10660.0,0.23793221989602054,10872.166826209133,0.000470424784096392,31.361255698716928,40.76963240833201,10.0,71.0,4.7042478409639196e-05,131.80751943735154,1.0199030793817199
,,,,,14174.667113661266,10670.0,0.23840264468011693,10903.590087431723,0.000470424784096392,31.423261222590526,40.85023958936768,10.0,71.0,4.7042478409639196e-05,131.80751943735154,1.0218922293750443
,,,,,14204.924295046234,10680.0,0.23887306946421333,10926.864842343237,0.000470424784096392,23.27475491151444,30.25718138496877,10.0,73.0,4.7042478409639196e-05,97.4356588782451,1.0231146856126627
,,,,,14235.241063424632,10690.0,0.23934349424830972,10950.185433403542,0.000470424784096392,23.320591060305524,30.31676837839718,10.0,73.0,4.7042478409639196e-05,97.4356588782451,1.0243391425073471
,,,,,14265.617418796457,10710.0,0.23981391903240612,10973.551860612639,0.000470424784096392,23.366427209096614,30.3763553718256,10.0,73.0,4.7042478409639196e-05,97.4356588782451,1.024608016863925
,,,,,14296.05336116171,10720.0,0.24028434381650252,10996.964123970527,0.000470424784096392,23.412263357887703,30.435942365254014,10.0,73.0,4.7042478409639196e-05,97.4356588782451,1.0258362055942656
,,,,,14326.548890520393,10730.0,0.2407547686005989,11020.422223477206,0.000470424784096392,23.458099506678792,30.49552935868243,10.0,73.0,4.7042478409639196e-05,97.4356588782451,1.0270663768385093
,,,,,14357.104006872503,10740.0,0.2412251933846953,11043.926159132676,0.000470424784096392,23.50393565546988,30.555116352110847,10.0,73.0,4.7042478409639196e-05,97.4356588782451,1.0282985250589083
,,,,,14387.718710218043,10750.0,0.2416956181687917,11067.475930936936,0.000470424784096392,23.54977180426097,30.61470334553926,10.0,73.0,4.7042478409639196e-05,97.4356588782451,1.0295326447383197
,,,,,14418.393000557011,10760.0,0.2421660429528881,11091.071538889988,0.000470424784096392,23.595607953052056,30.674290338967673,10.0,73.0,4.7042478409639196e-05,97.4356588782451,1.0307687303801103
,,,,,14449.126877889406,10770.0,0.2426364677369845,11114.71298299183,0.000470424784096392,23.641444101843145,30.73387733239609,10.0,73.0,4.7042478409639196e-05,97.4356588782451,1.0320067765080623
,,,,,14479.920342215231,10780.0,0.2431068925210809,11138.400263242465,0.000470424784096392,23.687280250634235,30.793464325824505,10.0,73.0,4.7042478409639196e-05,97.4356588782451,1.033246777666277
,,,,,14510.773393534484,10790.0,0.2435773173051773,11162.133379641891,0.000470424784096392,23.733116399425324,30.853051319252923,10.0,73.0,4.7042478409639196e-05,97.4356588782451,1.0344887284190816
,,,,,14541.686031847166,10800.0,0.24404774208927368,11185.912332190108,0.000470424784096392,23.778952548216413,30.912638312681338,10.0,73.0,4.7042478409639196e-05,97.4356588782451,1.0357326233509359
,,,,,14548.897645218574,10810.0,0.24451816687337008,11191.45972709119,0.000470424784096392,5.5473949010825345,7.211613371407295,10.0,63.0,4.7042478409639196e-05,22.68704600568756,1.035287671331285
,,,,,14556.123132903316,10820.0,0.24498859165746648,11197.017794540992,0.000470424784096392,5.558067449801546,7.22548768474201,10.0,63.0,4.7042478409639196e-05,22.68704600568756,1.0348445281461176
,,,,,14563.362494901394,10830.0,0.24545901644156287,11202.586534539512,0.000470424784096392,5.568739998520556,7.239361998076723,10.0,63.0,4.7042478409639196e-05,22.68704600568756,1.0344031887848117
,,,,,14570.615731212805,10840.0,0.24592944122565927,11208.165947086753,0.000470424784096392,5.579412547239566,7.253236311411436,10.0,63.0,4.7042478409639196e-05,22.68704600568756,1.0339636482552355
,,,,,14577.88284183755,10850.0,0.24639986600975566,11213.756032182711,0.000470424784096392,5.590085095958577,7.2671106247461505,10.0,63.0,4.7042478409639196e-05,22.68704600568756,1.03352590158366
,,,,,14585.163826775632,10860.0,0.24687029079385206,11219.356789827389,0.000470424784096392,5.6007576446775875,7.280984938080864,10.0,63.0,4.7042478409639196e-05,22.68704600568756,1.0330899438146768
,,,,,14592.458686027046,10870.0,0.24734071557794846,11224.968220020784,0.000470424784096392,5.611430193396598,7.294859251415577,10.0,63.0,4.7042478409639196e-05,22.68704600568756,1.0326557700111116
,,,,,14622.469257287288,10880.0,0.24781114036204485,11248.053274836355,0.000470424784096392,23.085054815570214,30.010571260241278,10.0,64.0,4.7042478409639196e-05,93.15583949068481,1.0338284259959885
,,,,,14652.536798207913,10890.0,0.24828156514614125,11271.182152467605,0.000470424784096392,23.12887763124994,30.06754092062492,10.0,64.0,4.7042478409639196e-05,93.15583949068481,1.0350029524763642
,,,,,14682.661308788922,10900.0,0.24875198993023764,11294.354852914536,0.000470424784096392,23.172700446929664,30.124510581008565,10.0,64.0,4.7042478409639196e-05,93.15583949068481,1.0361793443040859
,,,,,14702.258601082713,10910.0,0.24922241471433404,11309.429693140528,0.000470424784096392,15.074840225993178,19.59729229379113,10.0,11.0,4.7042478409639196e-05,60.487497656550666,1.0366113375930823
,,,,,14747.978046442438,10920.0,0.24969283949843044,11344.598497263394,0.000470424784096392,35.16880412286609,45.719445359725924,10.0,10.0,4.7042478409639196e-05,140.84826859076654,1.0388826462695415
,,,,,14793.783627873408,10930.0,0.25016326428252683,11379.833559902603,0.000470424784096392,35.23506263920825,45.805581430970726,10.0,10.0,4.7042478409639196e-05,140.84826859076654,1.0411558609243003
,,,,,14839.762736242754,10950.0,0.2506336890666232,11415.2021048021,0.000470424784096392,35.36854489949659,45.97910836934557,10.0,167.0,4.7042478409639196e-05,141.1164837066056,1.04248421048421
,,,,,14885.828144710893,10960.0,0.25110411385071957,11450.637034392976,0.000470424784096392,35.434929590876706,46.06540846813972,10.0,167.0,4.7042478409639196e-05,141.1164837066056,1.0447661527730818
,,,,,14931.979853277828,10970.0,0.25157453863481594,11486.138348675233,0.000470424784096392,35.50131428225683,46.15170856693388,10.0,167.0,4.7042478409639196e-05,141.1164837066056,1.0470499862055818
,,,,,14978.217861943556,10980.0,0.2520449634189123,11521.70604764887,0.000470424784096392,35.56769897363694,46.23800866572803,10.0,167.0,4.7042478409639196e-05,141.1164837066056,1.049335705614651
,,,,,15024.542170708079,10990.0,0.2525153882030087,11557.340131313887,0.000470424784096392,35.634083665017066,46.324308764522186,10.0,167.0,4.7042478409639196e-05,141.1164837066056,1.051623305852037
,,,,,15070.952779571395,11000.0,0.25298581298710504,11593.040599670285,0.000470424784096392,35.70046835639718,46.410608863316334,10.0,167.0,4.7042478409639196e-05,141.1164837066056,1.0539127817882077
,,,,,15117.449688533505,11010.0,0.2534562377712014,11628.807452718062,0.000470424784096392,35.7668530477773,46.496908962110496,10.0,167.0,4.7042478409639196e-05,141.1164837066056,1.0562041283122672
,,,,,15164.032897594408,11020.0,0.2539266625552978,11664.64069045722,0.000470424784096392,35.83323773915742,46.58320906090464,10.0,167.0,4.7042478409639196e-05,141.1164837066056,1.0584973403318712
,,,,,15210.702406754108,11040.0,0.25439708733939415,11700.540312887757,0.000470424784096392,35.89962243053754,46.669509159698805,10.0,167.0,4.7042478409639196e-05,141.1164837066056,1.0598315500804127
,,,,,15257.458216012601,11050.0,0.2548675121234905,11736.506320009674,0.000470424784096392,35.966007121917656,46.75580925849295,10.0,167.0,4.7042478409639196e-05,141.1164837066056,1.062127268779156
,,,,,15277.828493084588,11060.0,0.2553379369075869,11752.175763911202,0.000470424784096392,15.669443901527957,20.370277071986344,10.0,165.0,4.7042478409639196e-05,61.3674728138777,1.0625837037894397
,,,,,15298.236299570768,11070.0,0.25580836169168325,11767.87407659288,0.000470424784096392,15.698312681676965,20.407806486180057,10.0,165.0,4.7042478409639196e-05,61.3674728138777,1.0630419220047769
,,,,,15318.681635471143,11080.0,0.2562787864757796,11783.601258054705,0.000470424784096392,15.727181461825973,20.445335900373767,10.0,165.0,4.7042478409639196e-05,61.3674728138777,1.063501918596995
,,,,,15339.16450078571,11090.0,0.256749211259876,11799.35730829668,0.000470424784096392,15.75605024197498,20.482865314567476,10.0,165.0,4.7042478409639196e-05,61.3674728138777,1.0639636887553363
,,,,,15359.68489551447,11100.0,0.25721963604397236,11815.142227318804,0.000470424784096392,15.78491902212399,20.520394728761186,10.0,165.0,4.7042478409639196e-05,61.3674728138777,1.0644272276863787
,,,,,15386.183808447739,11110.0,0.2576900608280687,11835.526006498241,0.000470424784096392,20.383779179437337,26.49891293326854,10.0,170.0,4.7042478409639196e-05,79.10192234009922,1.065303870971939
,,,,,15412.731096337167,11120.0,0.2581604856121651,11855.946997182416,0.000470424784096392,20.420990684175784,26.54728788942852,10.0,170.0,4.7042478409639196e-05,79.10192234009922,1.066182283919282
,,,,,15439.326759182755,11130.0,0.25863091039626146,11876.405199371331,0.000470424784096392,20.458202188914235,26.595662845588507,10.0,170.0,4.7042478409639196e-05,79.10192234009922,1.0670624617584306
,,,,,15451.256962009882,11140.0,0.25910133518035783,11885.58227846912,0.000470424784096392,9.177079097789328,11.930202827126127,10.0,168.0,4.7042478409639196e-05,35.418879996898724,1.0669283912449838
,,,,,15463.208825331676,11150.0,0.2595717599644542,11894.776019485886,0.000470424784096392,9.193741016764804,11.951863321794246,10.0,168.0,4.7042478409639196e-05,35.418879996898724,1.0667960555592721
,,,,,15475.18234914814,11160.0,0.26004218474855056,11903.986422421625,0.000470424784096392,9.21040293574028,11.973523816462365,10.0,168.0,4.7042478409639196e-05,35.418879996898724,1.0666654500377801
,,,,,15487.17753345927,11170.0,0.26051260953264693,11913.213487276342,0.000470424784096392,9.227064854715756,11.995184311130483,10.0,168.0,4.7042478409639196e-05,35.418879996898724,1.0665365700336922
,,,,,15499.194378265069,11180.0,0.2609830343167433,11922.457214050033,0.000470424784096392,9.243726773691233,12.016844805798602,10.0,168.0,4.7042478409639196e-05,35.418879996898724,1.0664094109168187
,,,,,15511.232883565535,11190.0,0.26145345910083967,11931.7176027427,0.000470424784096392,9.260388692666709,12.038505300466722,10.0,168.0,4.7042478409639196e-05,35.418879996898724,1.066283968073521
,,,,,15523.293049360671,11200.0,0.26192388388493604,11940.994653354343,0.000470424784096392,9.277050611642185,12.060165795134841,10.0,168.0,4.7042478409639196e-05,35.418879996898724,1.0661602369066376
,,,,,15535.374875650474,11210.0,0.2623943086690324,11950.28836588496,0.000470424784096392,9.293712530617661,12.08182628980296,10.0,168.0,4.7042478409639196e-05,35.418879996898724,1.0660382128354113
,,,,,15547.478362434946,11220.0,0.2628647334531288,11959.598740334553,0.000470424784096392,9.310374449593137,12.103486784471079,10.0,168.0,4.7042478409639196e-05,35.418879996898724,1.0659178912954148
,,,,,15559.603509714085,11230.0,0.26333515823722514,11968.925776703121,0.000470424784096392,9.327036368568614,12.125147279139197,10.0,168.0,4.7042478409639196e-05,35.418879996898724,1.065799267738479
,,,,,15571.750317487893,11240.0,0.2638055830213215,11978.269474990666,0.000470424784096392,9.34369828754409,12.146807773807318,10.0,168.0,4.7042478409639196e-05,35.418879996898724,1.0656823376326214
,,,,,15583.918785756368,11250.0,0.2642760078054179,11987.629835197185,0.000470424784096392,9.360360206519566,12.168468268475436,10.0,168.0,4.7042478409639196e-05,35.418879996898724,1.0655670964619721
,,,,,15596.108914519513,11260.0,0.26474643258951425,11997.00685732268,0.000470424784096392,9.377022125495042,12.190128763143555,10.0,168.0,4.7042478409639196e-05,35.418879996898724,1.0654535397267033
,,,,,15608.320703777325,11270.0,0.2652168573736106,12006.400541367151,0.000470424784096392,9.393684044470518,12.211789257811674,10.0,168.0,4.7042478409639196e-05,35.418879996898724,1.0653416629429593
,,,,,15620.554153529803,11280.0,0.265687282157707,12015.810887330597,0.000470424784096392,9.410345963445994,12.233449752479792,10.0,168.0,4.7042478409639196e-05,35.418879996898724,1.0652314616427834
,,,,,15632.809263776951,11290.0,0.26615770694180335,12025.237895213018,0.000470424784096392,9.42700788242147,12.255110247147913,10.0,168.0,4.7042478409639196e-05,35.418879996898724,1.0651229313740496
,,,,,15645.086034518767,11300.0,0.2666281317258997,12034.681565014416,0.000470424784096392,9.443669801396947,12.276770741816032,10.0,168.0,4.7042478409639196e-05,35.418879996898724,1.0650160677003908
,,,,,15657.38446575525,11310.0,0.2670985565099961,12044.141896734789,0.000470424784096392,9.460331720372423,12.29843123648415,10.0,168.0,4.7042478409639196e-05,35.418879996898724,1.0649108662011308
,,,,,15669.704557486402,11320.0,0.26756898129409246,12053.618890374137,0.000470424784096392,9.4769936393479,12.320091731152269,10.0,168.0,4.7042478409639196e-05,35.418879996898724,1.0648073224712136
,,,,,15682.046309712223,11330.0,0.2680394060781888,12063.11254593246,0.000470424784096392,9.493655558323377,12.341752225820391,10.0,168.0,4.7042478409639196e-05,35.418879996898724,1.0647054321211349
,,,,,15694.40972243271,11340.0,0.2685098308622852,12072.622863409759,0.000470424784096392,9.510317477298853,12.36341272048851,10.0,168.0,4.7042478409639196e-05,35.418879996898724,1.0646051907768748
,,,,,15706.794795647867,11350.0,0.26898025564638156,12082.149842806033,0.000470424784096392,9.52697939627433,12.385073215156629,10.0,168.0,4.7042478409639196e-05,35.418879996898724,1.0645065940798266
,,,,,15719.201529357691,11360.0,0.26945068043047793,12091.693484121282,0.000470424784096392,9.543641315249806,12.406733709824747,10.0,168.0,4.7042478409639196e-05,35.418879996898724,1.0644096376867327
,,,,,15731.629923562185,11370.0,0.2699211052145743,12101.253787355508,0.000470424784096392,9.560303234225282,12.428394204492868,10.0,168.0,4.7042478409639196e-05,35.418879996898724,1.0643143172696137
,,,,,15744.079978261345,11380.0,0.27039152999867067,12110.83075250871,0.000470424784096392,9.576965153200758,12.450054699160987,10.0,168.0,4.7042478409639196e-05,35.418879996898724,1.0642206285157039
,,,,,15756.551693455174,11390.0,0.27086195478276703,12120.424379580885,0.000470424784096392,9.593627072176234,12.471715193829105,10.0,168.0,4.7042478409639196e-05,35.418879996898724,1.0641285671273824
,,,,,15769.04506914367,11400.0,0.2713323795668634,12130.034668572036,0.000470424784096392,9.61028899115171,12.493375688497224,10.0,168.0,4.7042478409639196e-05,35.418879996898724,1.0640381288221084
,,,,,15781.560105326836,11410.0,0.27180280435095977,12139.661619482164,0.000470424784096392,9.626950910127187,12.515036183165343,10.0,168.0,4.7042478409639196e-05,35.418879996898724,1.0639493093323544
,,,,,15794.09680200467,11420.0,0.27227322913505614,12149.305232311266,0.000470424784096392,9.643612829102663,12.536696677833463,10.0,168.0,4.7042478409639196e-05,35.418879996898724,1.0638621044055399
,,,,,15806.655159177171,11430.0,0.2727436539191525,12158.965507059344,0.000470424784096392,9.66027474807814,12.558357172501582,10.0,168.0,4.7042478409639196e-05,35.418879996898724,1.063776509803967
,,,,,15819.23517684434,11440.0,0.2732140787032489,12168.642443726398,0.000470424784096392,9.676936667053615,12.5800176671697,10.0,168.0,4.7042478409639196e-05,35.418879996898724,1.063692521304755
,,,,,15831.836855006179,11450.0,0.27368450348734524,12178.336042312427,0.000470424784096392,9.693598586029092,12.60167816183782,10.0,168.0,4.7042478409639196e-05,35.418879996898724,1.0636101346997753
,,,,,15844.460193662684,11460.0,0.2741549282714416,12188.04630281743,0.000470424784096392,9.710260505004568,12.623338656505938,10.0,168.0,4.7042478409639196e-05,35.418879996898724,1.0635293457955874
,,,,,15857.105192813859,11470.0,0.274625353055538,12197.773225241412,0.000470424784096392,9.726922423980044,12.644999151174058,10.0,168.0,4.7042478409639196e-05,35.418879996898724,1.063450150413375
,,,,,15869.7718524597,11480.0,0.27509577783963435,12207.516809584367,0.000470424784096392,9.74358434295552,12.666659645842177,10.0,168.0,4.7042478409639196e-05,35.418879996898724,1.0633725443888822
,,,,,15882.460172600211,11490.0,0.2755662026237307,12217.277055846298,0.000470424784096392,9.760246261930996,12.688320140510296,10.0,168.0,4.7042478409639196e-05,35.418879996898724,1.0632965235723497
,,,,,15895.170153235389,11500.0,0.2760366274078271,12227.053964027204,0.000470424784096392,9.776908180906473,12.709980635178415,10.0,168.0,4.7042478409639196e-05,35.418879996898724,1.0632220838284525
,,,,,15907.901794365236,11510.0,0.27650705219192345,12236.847534127086,0.000470424784096392,9.793570099881949,12.731641129846533,10.0,168.0,4.7042478409639196e-05,35.418879996898724,1.0631492210362368
,,,,,15920.65509598975,11520.0,0.2769774769760198,12246.657766145943,0.000470424784096392,9.810232018857425,12.753301624514654,10.0,168.0,4.7042478409639196e-05,35.418879996898724,1.0630779310890577
,,,,,15933.430058108934,11530.0,0.2774479017601162,12256.484660083775,0.000470424784096392,9.826893937832901,12.774962119182772,10.0,168.0,4.7042478409639196e-05,35.418879996898724,1.0630082098945166
,,,,,15946.226680722784,11540.0,0.27791832654421256,12266.328215940584,0.000470424784096392,9.843555856808377,12.796622613850891,10.0,168.0,4.7042478409639196e-05,35.418879996898724,1.0629400533744007
,,,,,15959.044963831304,11550.0,0.2783887513283089,12276.188433716368,0.000470424784096392,9.860217775783854,12.81828310851901,10.0,168.0,4.7042478409639196e-05,35.418879996898724,1.0628734574646206
,,,,,15971.88490743449,11560.0,0.2788591761124053,12286.065313411127,0.000470424784096392,9.87687969475933,12.839943603187129,10.0,168.0,4.7042478409639196e-05,35.418879996898724,1.0628084181151494
,,,,,15984.746511532347,11570.0,0.27932960089650166,12295.958855024863,0.000470424784096392,9.893541613734806,12.861604097855249,10.0,168.0,4.7042478409639196e-05,35.418879996898724,1.0627449312899622
,,,,,15997.62977612487,11580.0,0.27980002568059803,12305.869058557573,0.000470424784096392,9.910203532710282,12.883264592523368,10.0,168.0,4.7042478409639196e-05,35.418879996898724,1.0626829929669752
,,,,,16010.534701212062,11590.0,0.2802704504646944,12315.795924009259,0.000470424784096392,9.926865451685758,12.904925087191486,10.0,168.0,4.7042478409639196e-05,35.418879996898724,1.062622599137986
,,,,,16023.461286793921,11660.0,0.28074087524879077,12325.739451379919,0.000470424784096392,9.943527370661235,12.926585581859605,10.0,168.0,4.7042478409639196e-05,35.418879996898724,1.0570960078370428
,,,,,16036.40953287045,11670.0,0.28121130003288713,12335.699640669556,0.000470424784096392,9.96018928963671,12.948246076527724,10.0,168.0,4.7042478409639196e-05,35.418879996898724,1.057043671008531
,,,,,16049.379439441645,11690.0,0.2816817248169835,12345.676491878168,0.000470424784096392,9.976851208612189,12.969906571195846,10.0,168.0,4.7042478409639196e-05,35.418879996898724,1.0560886648313232
,,,,,16062.37100650751,11700.0,0.28215214960107987,12355.670005005755,0.000470424784096392,9.993513127587665,12.991567065863965,10.0,168.0,4.7042478409639196e-05,35.418879996898724,1.0560401713680132
,,,,,16075.384234068042,11710.0,0.28262257438517624,12365.680180052319,0.000470424784096392,10.010175046563141,13.013227560532084,10.0,168.0,4.7042478409639196e-05,35.418879996898724,1.0559931836082252
,,,,,16088.419122123243,11720.0,0.2830929991692726,12375.707017017858,0.000470424784096392,10.026836965538617,13.034888055200202,10.0,168.0,4.7042478409639196e-05,35.418879996898724,1.0559476976977695
,,,,,16101.475670673111,11730.0,0.283563423953369,12385.750515902371,0.000470424784096392,10.043498884514094,13.056548549868323,10.0,168.0,4.7042478409639196e-05,35.418879996898724,1.0559037097955986
,,,,,16114.553879717649,11740.0,0.28403384873746534,12395.810676705862,0.000470424784096392,10.06016080348957,13.078209044536441,10.0,168.0,4.7042478409639196e-05,35.418879996898724,1.055861216073753
,,,,,16127.653749256853,11750.0,0.2845042735215617,12405.887499428327,0.000470424784096392,10.076822722465046,13.09986953920456,10.0,168.0,4.7042478409639196e-05,35.418879996898724,1.0558202127173044
,,,,,16140.775279290727,11760.0,0.2849746983056581,12415.980984069767,0.000470424784096392,10.093484641440522,13.121530033872679,10.0,168.0,4.7042478409639196e-05,35.418879996898724,1.0557806959243
,,,,,16153.918469819268,11770.0,0.28544512308975445,12426.091130630182,0.000470424784096392,10.110146560415998,13.143190528540798,10.0,168.0,4.7042478409639196e-05,35.418879996898724,1.055742661905708
,,,,,16167.083320842476,11780.0,0.2859155478738508,12436.217939109574,0.000470424784096392,10.126808479391475,13.164851023208918,10.0,168.0,4.7042478409639196e-05,35.418879996898724,1.0557061068853628
,,,,,16180.269832360353,11790.0,0.2863859726579472,12446.361409507941,0.000470424784096392,10.14347039836695,13.186511517877037,10.0,168.0,4.7042478409639196e-05,35.418879996898724,1.0556710270999101
,,,,,16193.478004372897,11800.0,0.28685639744204355,12456.521541825283,0.000470424784096392,10.160132317342427,13.208172012545155,10.0,168.0,4.7042478409639196e-05,35.418879996898724,1.0556374187987527
,,,,,16206.70783688011,11810.0,0.2873268222261399,12466.698336061601,0.000470424784096392,10.176794236317903,13.229832507213274,10.0,168.0,4.7042478409639196e-05,35.418879996898724,1.0556052782439966
,,,,,16219.959329881991,11820.0,0.2877972470102363,12476.891792216895,0.000470424784096392,10.19345615529338,13.251493001881393,10.0,168.0,4.7042478409639196e-05,35.418879996898724,1.0555746017103973
,,,,,16233.23248337854,11830.0,0.28826767179433266,12487.101910291163,0.000470424784096392,10.210118074268856,13.273153496549513,10.0,168.0,4.7042478409639196e-05,35.418879996898724,1.0555453854853054
,,,,,16246.527297369757,11840.0,0.288738096578429,12497.328690284408,0.000470424784096392,10.226779993244332,13.294813991217632,10.0,168.0,4.7042478409639196e-05,35.418879996898724,1.0555176258686156
,,,,,16259.843771855643,11850.0,0.2892085213625254,12507.572132196628,0.000470424784096392,10.243441912219808,13.31647448588575,10.0,168.0,4.7042478409639196e-05,35.418879996898724,1.0554913191727113
,,,,,16273.181906836197,11860.0,0.28967894614662176,12517.832236027823,0.000470424784096392,10.260103831195284,13.33813498055387,10.0,168.0,4.7042478409639196e-05,35.418879996898724,1.0554664617224134
,,,,,16286.541702311419,11870.0,0.29014937093071813,12528.109001777993,0.000470424784096392,10.27676575017076,13.359795475221988,10.0,168.0,4.7042478409639196e-05,35.418879996898724,1.0554430498549279
,,,,,16299.923158281308,11880.0,0.2906197957148145,12538.40242944714,0.000470424784096392,10.293427669146237,13.381455969890109,10.0,168.0,4.7042478409639196e-05,35.418879996898724,1.055421079919793
,,,,,16313.326274745867,11890.0,0.29109022049891087,12548.712519035262,0.000470424784096392,10.310089588121713,13.403116464558227,10.0,168.0,4.7042478409639196e-05,35.418879996898724,1.0554005482788278
,,,,,16326.751051705092,11900.0,0.29156064528300724,12559.039270542358,0.000470424784096392,10.326751507097189,13.424776959226346,10.0,168.0,4.7042478409639196e-05,35.418879996898724,1.0553814513060806
,,,,,16340.197489158987,11910.0,0.2920310700671036,12569.382683968432,0.000470424784096392,10.343413426072665,13.446437453894465,10.0,168.0,4.7042478409639196e-05,35.418879996898724,1.0553637853877775
,,,,,16353.665587107549,11920.0,0.2925014948512,12579.74275931348,0.000470424784096392,10.360075345048141,13.468097948562583,10.0,168.0,4.7042478409639196e-05,35.418879996898724,1.0553475469222717
,,,,,16367.15534555078,11930.0,0.29297191963529634,12590.119496577503,0.000470424784096392,10.376737264023618,13.489758443230704,10.0,168.0,4.7042478409639196e-05,35.418879996898724,1.055332732319992
,,,,,16392.470328560314,11940.0,0.29298097146321384,12609.59256043099,9.051827917499328e-06,19.473063853488,25.3149830095344,10.0,273.0,9.051827917499328e-07,66.46528529219859,1.0560797789305687
,,,,,16417.78609369187,11950.0,0.29299002329113133,12629.066225916804,9.051827917499328e-06,19.47366548581295,25.315765131556837,10.0,273.0,9.051827917499328e-07,66.46528529219859,1.0568256255997326
,,,,,16443.10264094545,11960.0,0.2929990751190488,12648.540493034941,9.051827917499328e-06,19.474267118137906,25.31654725357928,10.0,273.0,9.051827917499328e-07,66.46528529219859,1.0575702753373697
,,,,,16468.41997032105,11970.0,0.2930081269469663,12668.015361785405,9.051827917499328e-06,19.474868750462857,25.317329375601716,10.0,273.0,9.051827917499328e-07,66.46528529219859,1.0583137311433086
,,,,,16493.738081818676,11980.0,0.2930171787748838,12687.490832168192,9.051827917499328e-06,19.475470382787808,25.31811149762415,10.0,273.0,9.051827917499328e-07,66.46528529219859,1.0590559960073616
,,,,,16519.05697543832,11990.0,0.2930262306028013,12706.966904183306,9.051827917499328e-06,19.476072015112763,25.31889361964659,10.0,273.0,9.051827917499328e-07,66.46528529219859,1.0597970729093666
,,,,,16544.37665117999,12000.0,0.2930352824307188,12726.443577830743,9.051827917499328e-06,19.476673647437714,25.31967574166903,10.0,273.0,9.051827917499328e-07,66.46528529219859,1.0605369648192287
,,,,,16569.697109043682,12010.0,0.2930443342586363,12745.920853110507,9.051827917499328e-06,19.477275279762665,25.320457863691466,10.0,273.0,9.051827917499328e-07,66.46528529219859,1.0612756746969614
,,,,,16595.018349029397,12020.0,0.2930533860865538,12765.398730022594,9.051827917499328e-06,19.477876912087616,25.321239985713902,10.0,273.0,9.051827917499328e-07,66.46528529219859,1.0620132054927283
,,,,,16620.340371137132,12030.0,0.2930624379144713,12784.877208567006,9.051827917499328e-06,19.47847854441257,25.322022107736345,10.0,273.0,9.051827917499328e-07,66.46528529219859,1.0627495601468833
,,,,,16645.66317536689,12040.0,0.2930714897423888,12804.356288743744,9.051827917499328e-06,19.479080176737522,25.32280422975878,10.0,273.0,9.051827917499328e-07,66.46528529219859,1.063484741590012
,,,,,16670.986761718672,12050.0,0.2930805415703063,12823.835970552806,9.051827917499328e-06,19.479681809062473,25.323586351781216,10.0,273.0,9.051827917499328e-07,66.46528529219859,1.0642187527429714
,,,,,16696.311130192476,12060.0,0.29308959339822377,12843.316253994193,9.051827917499328e-06,19.480283441387428,25.324368473803656,10.0,273.0,9.051827917499328e-07,66.46528529219859,1.0649515965169314
,,,,,16721.6362807883,12070.0,0.29309864522614126,12862.797139067905,9.051827917499328e-06,19.48088507371238,25.325150595826095,10.0,273.0,9.051827917499328e-07,66.46528529219859,1.0656832758134138
,,,,,16746.96221350615,12080.0,0.29310769705405876,12882.278625773943,9.051827917499328e-06,19.48148670603733,25.32593271784853,10.0,273.0,9.051827917499328e-07,66.46528529219859,1.066413793524333
,,,,,16772.28892834602,12090.0,0.29311674888197625,12901.760714112304,9.051827917499328e-06,19.48208833836228,25.326714839870967,10.0,273.0,9.051827917499328e-07,66.46528529219859,1.0671431525320352
,,,,,16797.616425307915,12100.0,0.29312580070989375,12921.243404082992,9.051827917499328e-06,19.482689970687236,25.32749696189341,10.0,273.0,9.051827917499328e-07,66.46528529219859,1.0678713557093382
,,,,,16822.94470439183,12110.0,0.29313485253781124,12940.726695686004,9.051827917499328e-06,19.483291603012187,25.328279083915845,10.0,273.0,9.051827917499328e-07,66.46528529219859,1.068598405919571
,,,,,16848.27376559777,12150.0,0.29314390436572874,12960.210588921342,9.051827917499328e-06,19.48389323533714,25.32906120593828,10.0,273.0,9.051827917499328e-07,66.46528529219859,1.0666839990881762
,,,,,16873.60360892573,12160.0,0.29315295619364623,12979.695083789004,9.051827917499328e-06,19.484494867662093,25.32984332796072,10.0,273.0,9.051827917499328e-07,66.46528529219859,1.0674091351800168
,,,,,16898.934234375713,12170.0,0.2931620080215637,12999.180180288991,9.051827917499328e-06,19.485096499987044,25.33062544998316,10.0,273.0,9.051827917499328e-07,66.46528529219859,1.068133129029498
,,,,,16924.265641947717,12180.0,0.2931710598494812,13018.665878421303,9.051827917499328e-06,19.485698132311995,25.331407572005595,10.0,273.0,9.051827917499328e-07,66.46528529219859,1.0688559834500249
,,,,,16949.597831641746,12190.0,0.2931801116773987,13038.152178185941,9.051827917499328e-06,19.486299764636946,25.33218969402803,10.0,273.0,9.051827917499328e-07,66.46528529219859,1.0695777012457703
,,,,,16974.930803457795,12200.0,0.2931891635053162,13057.639079582903,9.051827917499328e-06,19.4869013969619,25.332971816050474,10.0,273.0,9.051827917499328e-07,66.46528529219859,1.0702982852117133
,,,,,17000.26455739587,12210.0,0.2931982153332337,13077.126582612189,9.051827917499328e-06,19.487503029286852,25.33375393807291,10.0,273.0,9.051827917499328e-07,66.46528529219859,1.0710177381336765
,,,,,17025.599093455963,12220.0,0.2932072671611512,13096.6146872738,9.051827917499328e-06,19.488104661611803,25.334536060095346,10.0,273.0,9.051827917499328e-07,66.46528529219859,1.0717360627883634
,,,,,17050.93441163808,12230.0,0.2932163189890687,13116.103393567737,9.051827917499328e-06,19.488706293936758,25.335318182117785,10.0,273.0,9.051827917499328e-07,66.46528529219859,1.0724532619433964
,,,,,17076.27051194222,12240.0,0.2932253708169862,13135.592701493999,9.051827917499328e-06,19.48930792626171,25.336100304140224,10.0,273.0,9.051827917499328e-07,66.46528529219859,1.0731693383573528
,,,,,17101.607394368384,12250.0,0.2932344226449037,13155.082611052585,9.051827917499328e-06,19.48990955858666,25.33688242616266,10.0,273.0,9.051827917499328e-07,66.46528529219859,1.0738842947798029
,,,,,17126.945058916568,12260.0,0.2932434744728212,13174.573122243497,9.051827917499328e-06,19.49051119091161,25.337664548185096,10.0,273.0,9.051827917499328e-07,66.46528529219859,1.0745981339513455
,,,,,17152.283505586776,12270.0,0.29325252630073867,13194.064235066733,9.051827917499328e-06,19.491112823236566,25.33844667020754,10.0,273.0,9.051827917499328e-07,66.46528529219859,1.0753108586036457
,,,,,17177.622734379005,12280.0,0.29326157812865616,13213.555949522295,9.051827917499328e-06,19.491714455561517,25.339228792229974,10.0,273.0,9.051827917499328e-07,66.46528529219859,1.0760224714594704
,,,,,17202.96274529326,12290.0,0.29327062995657366,13233.048265610181,9.051827917499328e-06,19.49231608788647,25.34001091425241,10.0,273.0,9.051827917499328e-07,66.46528529219859,1.0767329752327244
,,,,,17228.303538329532,12300.0,0.29327968178449115,13252.541183330393,9.051827917499328e-06,19.492917720211423,25.34079303627485,10.0,273.0,9.051827917499328e-07,66.46528529219859,1.0774423726284872
,,,,,17253.64511348783,12310.0,0.29328873361240865,13272.03470268293,9.051827917499328e-06,19.493519352536374,25.34157515829729,10.0,273.0,9.051827917499328e-07,66.46528529219859,1.0781506663430487
,,,,,17278.98747076815,12320.0,0.29329778544032614,13291.528823667792,9.051827917499328e-06,19.494120984861325,25.342357280319725,10.0,273.0,9.051827917499328e-07,66.46528529219859,1.0788578590639442
,,,,,17304.33061017049,12330.0,0.29330683726824364,13311.023546284978,9.051827917499328e-06,19.494722617186277,25.34313940234216,10.0,273.0,9.051827917499328e-07,66.46528529219859,1.0795639534699901
,,,,,17329.674531694855,12340.0,0.29331588909616113,13330.51887053449,9.051827917499328e-06,19.49532424951123,25.343921524364603,10.0,273.0,9.051827917499328e-07,66.46528529219859,1.08026895223132
,,,,,17355.019235341242,12350.0,0.2933249409240786,13350.014796416326,9.051827917499328e-06,19.495925881836182,25.34470364638704,10.0,273.0,9.051827917499328e-07,66.46528529219859,1.0809728580094191
,,,,,17380.36472110965,12360.0,0.2933339927519961,13369.511323930486,9.051827917499328e-06,19.496527514161134,25.345485768409475,10.0,273.0,9.051827917499328e-07,66.46528529219859,1.081675673457159
,,,,,17405.710989000083,12370.0,0.2933430445799136,13389.008453076973,9.051827917499328e-06,19.49712914648609,25.346267890431914,10.0,273.0,9.051827917499328e-07,66.46528529219859,1.0823774012188336
,,,,,17431.058039012536,12380.0,0.2933520964078311,13408.506183855783,9.051827917499328e-06,19.49773077881104,25.347050012454353,10.0,273.0,9.051827917499328e-07,66.46528529219859,1.0830780439301926
,,,,,17456.405871147013,12390.0,0.2933611482357486,13428.00451626692,9.051827917499328e-06,19.49833241113599,25.34783213447679,10.0,273.0,9.051827917499328e-07,66.46528529219859,1.0837776042184761
,,,,,17481.75448540351,12400.0,0.2933702000636661,13447.50345031038,9.051827917499328e-06,19.49893404346094,25.348614256499225,10.0,273.0,9.051827917499328e-07,66.46528529219859,1.08447608470245
,,,,,17507.103881782034,12410.0,0.2933792518915836,13467.002985986166,9.051827917499328e-06,19.499535675785896,25.349396378521668,10.0,273.0,9.051827917499328e-07,66.46528529219859,1.0851734879924388
,,,,,17532.454060282576,12420.0,0.2933883037195011,13486.503123294277,9.051827917499328e-06,19.500137308110848,25.350178500544104,10.0,273.0,9.051827917499328e-07,66.46528529219859,1.0858698166903604
,,,,,17557.805020905143,12430.0,0.2933973555474186,13506.003862234713,9.051827917499328e-06,19.5007389404358,25.35096062256654,10.0,273.0,9.051827917499328e-07,66.46528529219859,1.0865650733897596
,,,,,17583.15676364973,12440.0,0.2934064073753361,13525.505202807473,9.051827917499328e-06,19.501340572760753,25.35174274458898,10.0,273.0,9.051827917499328e-07,66.46528529219859,1.087259260675842
,,,,,17608.509288516343,12450.0,0.29341545920325357,13545.00714501256,9.051827917499328e-06,19.501942205085705,25.352524866611418,10.0,273.0,9.051827917499328e-07,66.46528529219859,1.0879523811255067
,,,,,17633.862595504976,12460.0,0.29342451103117106,13564.50968884997,9.051827917499328e-06,19.502543837410656,25.353306988633854,10.0,273.0,9.051827917499328e-07,66.46528529219859,1.0886444373073811
,,,,,17659.216684615632,12470.0,0.29343356285908856,13584.012834319707,9.051827917499328e-06,19.503145469735607,25.35408911065629,10.0,273.0,9.051827917499328e-07,66.46528529219859,1.0893354317818529
,,,,,17684.57155584831,12480.0,0.29344261468700605,13603.516581421767,9.051827917499328e-06,19.50374710206056,25.354871232678732,10.0,273.0,9.051827917499328e-07,66.46528529219859,1.090025367101103
,,,,,17709.92720920301,12490.0,0.29345166651492355,13623.020930156152,9.051827917499328e-06,19.504348734385513,25.355653354701168,10.0,273.0,9.051827917499328e-07,66.46528529219859,1.0907142458091394
,,,,,17735.283644679734,12500.0,0.29346071834284104,13642.525880522862,9.051827917499328e-06,19.504950366710464,25.356435476723604,10.0,273.0,9.051827917499328e-07,66.46528529219859,1.091402070441829
,,,,,17760.64086227848,12510.0,0.29346977017075854,13662.031432521897,9.051827917499328e-06,19.50555199903542,25.357217598746043,10.0,273.0,9.051827917499328e-07,66.46528529219859,1.0920888435269303
,,,,,17785.998861999247,12520.0,0.29347882199867603,13681.537586153258,9.051827917499328e-06,19.50615363136037,25.357999720768483,10.0,273.0,9.051827917499328e-07,66.46528529219859,1.092774567584126
,,,,,17811.35764384204,12530.0,0.2934878738265935,13701.044341416942,9.051827917499328e-06,19.50675526368532,25.35878184279092,10.0,273.0,9.051827917499328e-07,66.46528529219859,1.0934592451250553
,,,,,17836.71720780685,12540.0,0.293496925654511,13720.551698312953,9.051827917499328e-06,19.507356896010272,25.359563964813354,10.0,273.0,9.051827917499328e-07,66.46528529219859,1.0941428786533456
,,,,,17862.077553893687,12550.0,0.2935059774824285,13740.059656841288,9.051827917499328e-06,19.507958528335227,25.360346086835797,10.0,273.0,9.051827917499328e-07,66.46528529219859,1.0948254706646445
,,,,,17887.438682102544,12560.0,0.293515029310346,13759.568217001948,9.051827917499328e-06,19.508560160660178,25.361128208858233,10.0,273.0,9.051827917499328e-07,66.46528529219859,1.095507023646652
,,,,,17912.800592433425,12570.0,0.2935240811382635,13779.077378794933,9.051827917499328e-06,19.50916179298513,25.36191033088067,10.0,273.0,9.051827917499328e-07,66.46528529219859,1.0961875400791514
,,,,,17938.163284886326,12580.0,0.293533132966181,13798.587142220244,9.051827917499328e-06,19.509763425310084,25.362692452903108,10.0,273.0,9.051827917499328e-07,66.46528529219859,1.0968670224340415
,,,,,17963.526759461252,12590.0,0.2935421847940985,13818.097507277878,9.051827917499328e-06,19.510365057635035,25.363474574925547,10.0,273.0,9.051827917499328e-07,66.46528529219859,1.0975454731753675
,,,,,17988.8910161582,12600.0,0.293551236622016,13837.608473967839,9.051827917499328e-06,19.510966689959986,25.364256696947983,10.0,273.0,9.051827917499328e-07,66.46528529219859,1.0982228947593522
,,,,,18014.25605497717,12610.0,0.2935602884499335,13857.120042290124,9.051827917499328e-06,19.511568322284937,25.36503881897042,10.0,273.0,9.051827917499328e-07,66.46528529219859,1.098899289634427
,,,,,18039.62187591816,12620.0,0.293569340277851,13876.632212244735,9.051827917499328e-06,19.51216995460989,25.36582094099286,10.0,273.0,9.051827917499328e-07,66.46528529219859,1.0995746602412626
,,,,,18064.988478981177,12630.0,0.29357839210576847,13896.14498383167,9.051827917499328e-06,19.512771586934843,25.366603063015297,10.0,273.0,9.051827917499328e-07,66.46528529219859,1.1002490090128003
,,,,,18090.355864166213,12640.0,0.29358744393368597,13915.658357050928,9.051827917499328e-06,19.513373219259794,25.367385185037733,10.0,273.0,9.051827917499328e-07,66.46528529219859,1.1009223383742823
,,,,,18115.724031473273,12650.0,0.29359649576160346,13935.172331902513,9.051827917499328e-06,19.51397485158475,25.368167307060173,10.0,273.0,9.051827917499328e-07,66.46528529219859,1.1015946507432817
,,,,,18141.092980902355,12660.0,0.29360554758952095,13954.686908386422,9.051827917499328e-06,19.5145764839097,25.368949429082612,10.0,273.0,9.051827917499328e-07,66.46528529219859,1.1022659485297333
,,,,,18166.46271245346,12670.0,0.29361459941743845,13974.202086502657,9.051827917499328e-06,19.51517811623465,25.369731551105048,10.0,273.0,9.051827917499328e-07,66.46528529219859,1.1029362341359634
,,,,,18191.833226126586,12680.0,0.29362365124535594,13993.717866251216,9.051827917499328e-06,19.515779748559602,25.370513673127483,10.0,273.0,9.051827917499328e-07,66.46528529219859,1.1036055099567206
,,,,,18217.204521921736,12690.0,0.29363270307327344,14013.234247632101,9.051827917499328e-06,19.516381380884557,25.371295795149926,10.0,273.0,9.051827917499328e-07,66.46528529219859,1.1042737783792043
,,,,,18242.576599838907,12700.0,0.29364175490119093,14032.75123064531,9.051827917499328e-06,19.516983013209508,25.372077917172362,10.0,273.0,9.051827917499328e-07,66.46528529219859,1.1049410417830954
,,,,,18267.949459878102,12710.0,0.2936508067291084,14052.268815290845,9.051827917499328e-06,19.51758464553446,25.372860039194798,10.0,273.0,9.051827917499328e-07,66.46528529219859,1.1056073025405857
,,,,,18293.323102039318,12720.0,0.2936598585570259,14071.787001568704,9.051827917499328e-06,19.518186277859414,25.373642161217237,10.0,273.0,9.051827917499328e-07,66.46528529219859,1.1062725630164076
,,,,,18318.697526322558,12730.0,0.2936689103849434,14091.305789478889,9.051827917499328e-06,19.518787910184365,25.374424283239676,10.0,273.0,9.051827917499328e-07,66.46528529219859,1.1069368255678624
,,,,,18376.28318241496,12740.0,0.2937327303367074,14135.602448011508,6.381995176398214e-05,44.29665853261921,57.585656092404975,10.0,87.0,6.381995176398213e-06,150.80600136675855,1.109544933124922
,,,,,18433.88135026862,12750.0,0.29379655028847135,14179.90873097586,6.381995176398214e-05,44.30628296435216,57.598167853657806,10.0,87.0,6.381995176398213e-06,150.80600136675855,1.1121497043902635
,,,,,18491.49202988353,12760.0,0.2938603702402353,14224.224638371945,6.381995176398214e-05,44.3159073960851,57.61067961491064,10.0,87.0,6.381995176398213e-06,150.80600136675855,1.1147511472078326
,,,,,18549.115221259693,12770.0,0.2939241901919993,14268.550170199764,6.381995176398214e-05,44.32553182781805,57.62319137616346,10.0,87.0,6.381995176398213e-06,150.80600136675855,1.1173492693970057
,,,,,18606.75092439711,12780.0,0.29398801014376325,14312.885326459314,6.381995176398214e-05,44.335156259550985,57.63570313741628,10.0,87.0,6.381995176398213e-06,150.80600136675855,1.119944078752685
,,,,,18664.39913929578,12790.0,0.2940518300955272,14357.230107150599,6.381995176398214e-05,44.34478069128393,57.64821489866911,10.0,87.0,6.381995176398213e-06,150.80600136675855,1.1225355830453947
,,,,,18722.0598659557,12800.0,0.2941156500472912,14401.584512273615,6.381995176398214e-05,44.354405123016875,57.66072665992194,10.0,87.0,6.381995176398213e-06,150.80600136675855,1.1251237900213762
,,,,,18779.733104376875,12810.0,0.29417946999905514,14445.948541828366,6.381995176398214e-05,44.36402955474981,57.67323842117476,10.0,87.0,6.381995176398213e-06,150.80600136675855,1.1277087074026828
,,,,,18837.418854559302,12820.0,0.2942432899508191,14490.322195814848,6.381995176398214e-05,44.37365398648276,57.68575018242759,10.0,87.0,6.381995176398213e-06,150.80600136675855,1.1302903428872737
,,,,,18895.117116502985,12830.0,0.2943071099025831,14534.705474233064,6.381995176398214e-05,44.3832784182157,57.698261943680414,10.0,87.0,6.381995176398213e-06,150.80600136675855,1.1328687041491086
,,,,,18952.82789020792,12840.0,0.29437092985434704,14579.098377083012,6.381995176398214e-05,44.39290284994865,57.710773704933246,10.0,87.0,6.381995176398213e-06,150.80600136675855,1.1354437988382409
,,,,,19010.551175674103,12850.0,0.294434749806111,14623.500904364693,6.381995176398214e-05,44.402527281681586,57.72328546618606,10.0,87.0,6.381995176398213e-06,150.80600136675855,1.13801563458091
,,,,,19068.286972901544,12860.0,0.294498569757875,14667.913056078109,6.381995176398214e-05,44.41215171341453,57.735797227438894,10.0,87.0,6.381995176398213e-06,150.80600136675855,1.1405842189796351
,,,,,19081.575983697086,12870.0,0.294634010634899,14678.135372074681,0.00013544087702407513,10.22231599657233,13.28901079554403,10.0,272.0,1.3544087702407512e-05,34.69496265738138,1.1404922589024615
,,,,,19094.871103343652,12880.0,0.2947694515119231,14688.362387187424,0.00013544087702407513,10.227015112742963,13.295119646565853,10.0,272.0,1.3544087702407512e-05,34.69496265738138,1.140400806458651
,,,,,19108.17233184124,12890.0,0.2949048923889471,14698.594101416338,0.00013544087702407513,10.231714228913596,13.301228497587674,10.0,272.0,1.3544087702407512e-05,34.69496265738138,1.1403098604667445
,,,,,19121.47966918985,12900.0,0.2950403332659712,14708.830514761423,0.00013544087702407513,10.236413345084229,13.307337348609497,10.0,272.0,1.3544087702407512e-05,34.69496265738138,1.1402194197489475
,,,,,19134.79311538948,12910.0,0.29517577414299523,14719.071627222678,0.00013544087702407513,10.24111246125486,13.313446199631318,10.0,272.0,1.3544087702407512e-05,34.69496265738138,1.1401294831311137
,,,,,19148.112670440132,12920.0,0.2953112150200193,14729.317438800104,0.00013544087702407513,10.245811577425492,13.31955505065314,10.0,272.0,1.3544087702407512e-05,34.69496265738138,1.1400400494427325
,,,,,19161.43833434181,12930.0,0.29544665589704333,14739.567949493701,0.00013544087702407513,10.250510693596125,13.325663901674963,10.0,272.0,1.3544087702407512e-05,34.69496265738138,1.1399511175169144
,,,,,19174.770107094504,12940.0,0.2955820967740674,14749.823159303469,0.00013544087702407513,10.255209809766757,13.331772752696786,10.0,272.0,1.3544087702407512e-05,34.69496265738138,1.1398626861903762
,,,,,19188.107988698222,12950.0,0.29571753765109143,14760.083068229405,0.00013544087702407513,10.25990892593739,13.337881603718607,10.0,272.0,1.3544087702407512e-05,34.69496265738138,1.139774754303429
,,,,,19201.451979152964,12960.0,0.2958529785281155,14770.347676271513,0.00013544087702407513,10.264608042108023,13.34399045474043,10.0,272.0,1.3544087702407512e-05,34.69496265738138,1.1396873206999625
,,,,,19214.802078458724,12970.0,0.29598841940513954,14780.61698342979,0.00013544087702407513,10.269307158278655,13.350099305762253,10.0,272.0,1.3544087702407512e-05,34.69496265738138,1.1396003842274318
,,,,,19228.158286615508,12980.0,0.2961238602821636,14790.89098970424,0.00013544087702407513,10.274006274449288,13.356208156784074,10.0,272.0,1.3544087702407512e-05,34.69496265738138,1.1395139437368442
,,,,,19241.520603623314,12990.0,0.29625930115918764,14801.169695094859,0.00013544087702407513,10.278705390619919,13.362317007805895,10.0,272.0,1.3544087702407512e-05,34.69496265738138,1.139427998082745
,,,,,19254.889029482143,13000.0,0.2963947420362117,14811.45309960165,0.00013544087702407513,10.283404506790552,13.368425858827718,10.0,272.0,1.3544087702407512e-05,34.69496265738138,1.1393425461232038
,,,,,19268.26356419199,13010.0,0.29653018291323574,14821.74120322461,0.00013544087702407513,10.288103622961184,13.37453470984954,10.0,272.0,1.3544087702407512e-05,34.69496265738138,1.139257586719801
,,,,,19281.644207752863,13020.0,0.2966656237902598,14832.034005963742,0.00013544087702407513,10.292802739131817,13.380643560871363,10.0,272.0,1.3544087702407512e-05,34.69496265738138,1.1391731187376146
,,,,,19295.030960164757,13030.0,0.29680106466728384,14842.331507819044,0.00013544087702407513,10.29750185530245,13.386752411893186,10.0,272.0,1.3544087702407512e-05,34.69496265738138,1.1390891410452069
,,,,,19308.42382142767,13040.0,0.2969365055443079,14852.633708790518,0.00013544087702407513,10.302200971473082,13.392861262915007,10.0,272.0,1.3544087702407512e-05,34.69496265738138,1.1390056525146102
,,,,,19364.847590911955,13050.0,0.2969374375251858,14896.036608393813,9.319808779398052e-07,43.40289960329493,56.423769484283405,10.0,274.0,9.319808779398052e-08,146.1684992132848,1.1414587439382233
,,,,,19421.27153749036,13060.0,0.2969383695060637,14939.439644223354,9.319808779398052e-07,43.403035829541146,56.423946578403495,10.0,274.0,9.319808779398052e-08,146.1684992132848,1.1439080891442077
,,,,,19477.695661162885,13070.0,0.29693930148694164,14982.84281627914,9.319808779398052e-07,43.403172055787365,56.42412367252358,10.0,274.0,9.319808779398052e-08,146.1684992132848,1.1463536967313803
,,,,,19534.11996192953,13080.0,0.29694023346781956,15026.246124561174,9.319808779398052e-07,43.40330828203359,56.42430076664367,10.0,274.0,9.319808779398052e-08,146.1684992132848,1.148795575272261
,,,,,19590.544439790294,13090.0,0.2969411654486975,15069.649569069454,9.319808779398052e-07,43.40344450827981,56.42447786076376,10.0,274.0,9.319808779398052e-08,146.1684992132848,1.1512337333131744
,,,,,19646.969094745178,13100.0,0.2969420974295754,15113.05314980398,9.319808779398052e-07,43.40358073452603,56.42465495488384,10.0,274.0,9.319808779398052e-08,146.1684992132848,1.1536681793743495
,,,,,19703.393926794182,13110.0,0.2969430294104533,15156.456866764753,9.319808779398052e-07,43.40371696077225,56.424832049003925,10.0,274.0,9.319808779398052e-08,146.1684992132848,1.1560989219500193
,,,,,19759.818935937306,13120.0,0.2969439613913312,15199.860719951772,9.319808779398052e-07,43.40385318701847,56.425009143124015,10.0,274.0,9.319808779398052e-08,146.1684992132848,1.1585259695085193
,,,,,19816.24412217455,13130.0,0.29694489337220914,15243.264709365036,9.319808779398052e-07,43.40398941326469,56.4251862372441,10.0,274.0,9.319808779398052e-08,146.1684992132848,1.1609493304923866
,,,,,19872.669485505914,13140.0,0.29694582535308706,15286.668835004546,9.319808779398052e-07,43.40412563951091,56.42536333136418,10.0,274.0,9.319808779398052e-08,146.1684992132848,1.1633690133184587
,,,,,19929.095025931398,13150.0,0.296946757333965,15330.073096870303,9.319808779398052e-07,43.404261865757135,56.42554042548428,10.0,274.0,9.319808779398052e-08,146.1684992132848,1.1657850263779699
,,,,,19985.520743451,13160.0,0.2969476893148429,15373.477494962306,9.319808779398052e-07,43.404398092003355,56.42571751960436,10.0,274.0,9.319808779398052e-08,146.1684992132848,1.1681973780366495
,,,,,20041.946638064725,13170.0,0.2969486212957208,15416.882029280556,9.319808779398052e-07,43.404534318249574,56.425894613724445,10.0,274.0,9.319808779398052e-08,146.1684992132848,1.1706060766348183
,,,,,20098.372709772568,13180.0,0.2969495532765987,15460.286699825052,9.319808779398052e-07,43.404670544495794,56.426071707844535,10.0,274.0,9.319808779398052e-08,146.1684992132848,1.173011130487485
,,,,,20154.79895857453,13190.0,0.29695048525747664,15503.691506595795,9.319808779398052e-07,43.40480677074201,56.42624880196462,10.0,274.0,9.319808779398052e-08,146.1684992132848,1.1754125478844424
,,,,,20211.225384470614,13200.0,0.29695141723835455,15547.096449592784,9.319808779398052e-07,43.40494299698823,56.4264258960847,10.0,274.0,9.319808779398052e-08,146.1684992132848,1.1778103370903623
,,,,,20267.65198746082,13210.0,0.29695234921923247,15590.501528816018,9.319808779398052e-07,43.40507922323446,56.4266029902048,10.0,274.0,9.319808779398052e-08,146.1684992132848,1.1802045063448916
,,,,,20324.078767545147,13220.0,0.2969532812001104,15633.906744265498,9.319808779398052e-07,43.40521544948068,56.42678008432488,10.0,274.0,9.319808779398052e-08,146.1684992132848,1.1825950638627456
,,,,,20380.505724723593,13230.0,0.2969542131809883,15677.312095941224,9.319808779398052e-07,43.4053516757269,56.42695717844497,10.0,274.0,9.319808779398052e-08,146.1684992132848,1.1849820178338037
,,,,,20436.93285899616,13240.0,0.2969551451618662,15720.717583843198,9.319808779398052e-07,43.40548790197312,56.427134272565056,10.0,274.0,9.319808779398052e-08,146.1684992132848,1.1873653764232022
,,,,,20493.360170362845,13250.0,0.29695607714274413,15764.123207971417,9.319808779398052e-07,43.40562412821934,56.42731136668514,10.0,274.0,9.319808779398052e-08,146.1684992132848,1.1897451477714278
,,,,,20549.78765882365,13260.0,0.29695700912362205,15807.528968325883,9.319808779398052e-07,43.405760354465556,56.42748846080522,10.0,274.0,9.319808779398052e-08,146.1684992132848,1.1921213399944106
,,,,,20606.215324378576,13270.0,0.29695794110449997,15850.934864906596,9.319808779398052e-07,43.405896580711776,56.42766555492531,10.0,274.0,9.319808779398052e-08,146.1684992132848,1.194493961183617
,,,,,20662.64316702762,13280.0,0.2969588730853779,15894.340897713553,9.319808779398052e-07,43.406032806958,56.4278426490454,10.0,274.0,9.319808779398052e-08,146.1684992132848,1.1968630194061411
,,,,,20719.071186770787,13290.0,0.2969598050662558,15937.747066746757,9.319808779398052e-07,43.40616903320422,56.42801974316549,10.0,274.0,9.319808779398052e-08,146.1684992132848,1.1992285227047974
,,,,,20775.499383608072,13300.0,0.2969607370471337,15981.153372006207,9.319808779398052e-07,43.40630525945044,56.428196837285576,10.0,274.0,9.319808779398052e-08,146.1684992132848,1.201590479098211
,,,,,20831.927757539477,13310.0,0.29696166902801163,16024.559813491904,9.319808779398052e-07,43.40644148569666,56.42837393140566,10.0,274.0,9.319808779398052e-08,146.1684992132848,1.2039488965809093
,,,,,20888.356308565002,13320.0,0.29696260100888955,16067.966391203847,9.319808779398052e-07,43.40657771194288,56.42855102552575,10.0,274.0,9.319808779398052e-08,146.1684992132848,1.206303783123412
,,,,,20944.785036684647,13330.0,0.29696353298976746,16111.373105142036,9.319808779398052e-07,43.4067139381891,56.42872811964583,10.0,274.0,9.319808779398052e-08,146.1684992132848,1.2086551466723208
,,,,,20974.76897280672,13340.0,0.2969679422987725,16134.437671389784,4.409309005014445e-06,23.0645662477478,29.983936122072137,10.0,251.0,4.409309005014445e-07,77.66685544981512,1.2094780863110783
,,,,,21004.753354123106,13350.0,0.2969723516077775,16157.502580094697,4.409309005014445e-06,23.064908704912927,29.984381316386806,10.0,251.0,4.409309005014445e-07,77.66685544981512,1.210299818733685
,,,,,21034.73818063381,13360.0,0.29697676091678255,16180.567831256774,4.409309005014445e-06,23.065251162078052,29.98482651070147,10.0,251.0,4.409309005014445e-07,77.66685544981512,1.2111203466509561
,,,,,21064.723452338825,13370.0,0.29698117022578757,16203.633424876018,4.409309005014445e-06,23.06559361924318,29.985271705016135,10.0,251.0,4.409309005014445e-07,77.66685544981512,1.211939672765596
,,,,,21094.709169238155,13380.0,0.2969855795347926,16226.699360952425,4.409309005014445e-06,23.065936076408306,29.9857168993308,10.0,251.0,4.409309005014445e-07,77.66685544981512,1.2127577997722292
,,,,,21124.6953313318,13390.0,0.2969899888437976,16249.765639485999,4.409309005014445e-06,23.066278533573435,29.986162093645465,10.0,251.0,4.409309005014445e-07,77.66685544981512,1.213574730357431
,,,,,21154.68193861976,13400.0,0.29699439815280265,16272.832260476738,4.409309005014445e-06,23.06662099073856,29.98660728796013,10.0,251.0,4.409309005014445e-07,77.66685544981512,1.2143904671997565
,,,,,21184.668991102037,13410.0,0.2969988074618077,16295.899223924642,4.409309005014445e-06,23.06696344790369,29.987052482274795,10.0,251.0,4.409309005014445e-07,77.66685544981512,1.215205012969772
,,,,,21214.656488778626,13420.0,0.2970032167708127,16318.966529829711,4.409309005014445e-06,23.067305905068814,29.98749767658946,10.0,251.0,4.409309005014445e-07,77.66685544981512,1.2160183703300829
,,,,,21244.64443164953,13430.0,0.29700762607981773,16342.034178191945,4.409309005014445e-06,23.067648362233943,29.987942870904128,10.0,251.0,4.409309005014445e-07,77.66685544981512,1.2168305419353644
,,,,,21274.63281971475,13440.0,0.29701203538882276,16365.102169011345,4.409309005014445e-06,23.067990819399068,29.98838806521879,10.0,251.0,4.409309005014445e-07,77.66685544981512,1.2176415304323918
,,,,,21304.62165297428,13450.0,0.2970164446978278,16388.17050228791,4.409309005014445e-06,23.068333276564196,29.988833259533457,10.0,251.0,4.409309005014445e-07,77.66685544981512,1.2184513384600677
,,,,,21334.61093142813,13460.0,0.2970208540068328,16411.23917802164,4.409309005014445e-06,23.06867573372932,29.98927845384812,10.0,251.0,4.409309005014445e-07,77.66685544981512,1.2192599686494532
,,,,,21364.600655076294,13470.0,0.29702526331583784,16434.308196212532,4.409309005014445e-06,23.06901819089445,29.989723648162787,10.0,251.0,4.409309005014445e-07,77.66685544981512,1.220067423623796
,,,,,21394.59082391877,13480.0,0.29702967262484287,16457.377556860592,4.409309005014445e-06,23.069360648059575,29.99016884247745,10.0,251.0,4.409309005014445e-07,77.66685544981512,1.2208737059985604
,,,,,21424.581437955563,13490.0,0.2970340819338479,16480.44725996582,4.409309005014445e-06,23.069703105224704,29.990614036792117,10.0,251.0,4.409309005014445e-07,77.66685544981512,1.2216788183814542
,,,,,21454.57249718667,13500.0,0.2970384912428529,16503.517305528207,4.409309005014445e-06,23.070045562389833,29.991059231106785,10.0,251.0,4.409309005014445e-07,77.66685544981512,1.2224827633724598
,,,,,21484.564001612092,13510.0,0.29704290055185795,16526.58769354776,4.409309005014445e-06,23.070388019554958,29.991504425421446,10.0,251.0,4.409309005014445e-07,77.66685544981512,1.223285543563861
,,,,,21514.55595123183,13520.0,0.297047309860863,16549.65842402448,4.409309005014445e-06,23.070730476720087,29.991949619736115,10.0,251.0,4.409309005014445e-07,77.66685544981512,1.2240871615402722
,,,,,21544.548346045878,13530.0,0.297051719169868,16572.729496958367,4.409309005014445e-06,23.071072933885212,29.992394814050776,10.0,251.0,4.409309005014445e-07,77.66685544981512,1.2248876198786671
,,,,,21574.541186054244,13540.0,0.297056128478873,16595.80091234942,4.409309005014445e-06,23.07141539105034,29.992840008365445,10.0,251.0,4.409309005014445e-07,77.66685544981512,1.225686921148406
,,,,,21604.534471256924,13550.0,0.29706053778787805,16618.872670197634,4.409309005014445e-06,23.071757848215466,29.993285202680106,10.0,251.0,4.409309005014445e-07,77.66685544981512,1.2264850679112644
,,,,,21634.52820165392,13560.0,0.2970649470968831,16641.944770503014,4.409309005014445e-06,23.072100305380594,29.993730396994774,10.0,251.0,4.409309005014445e-07,77.66685544981512,1.2272820627214613
,,,,,21683.727617103144,13570.0,0.2971691128921789,16679.790474694724,0.00010416579529580491,37.845704191710546,49.199415449223714,10.0,112.0,1.0416579529580491e-05,127.35409754863052,1.229166578827909
,,,,,21732.94427827548,13580.0,0.2972732786874747,16717.64944482729,0.00010416579529580491,37.85897013256588,49.21666117233565,10.0,112.0,1.0416579529580491e-05,127.35409754863052,1.2310492963790345
,,,,,21782.178185170927,13590.0,0.29737744448277054,16755.52168090071,0.00010416579529580491,37.87223607342121,49.23390689544758,10.0,112.0,1.0416579529580491e-05,127.35409754863052,1.232930219345159
,,,,,21831.429337789486,13600.0,0.29748161027806636,16793.407182914987,0.00010416579529580491,37.88550201427655,49.251152618559516,10.0,112.0,1.0416579529580491e-05,127.35409754863052,1.2348093516849254
,,,,,21880.69773613116,13610.0,0.2975857760733622,16831.30595087012,0.00010416579529580491,37.89876795513189,49.26839834167146,10.0,112.0,1.0416579529580491e-05,127.35409754863052,1.236686697345343
,,,,,21929.983380195943,13620.0,0.297689941868658,16869.217984766106,0.00010416579529580491,37.91203389598722,49.28564406478339,10.0,112.0,1.0416579529580491e-05,127.35409754863052,1.2385622602618287
,,,,,21979.286269983837,13630.0,0.2977941076639538,16907.14328460295,0.00010416579529580491,37.925299836842555,49.302889787895325,10.0,112.0,1.0416579529580491e-05,127.35409754863052,1.24043604435825
,,,,,22028.606405494844,13640.0,0.29789827345924963,16945.081850380648,0.00010416579529580491,37.93856577769789,49.32013551100726,10.0,112.0,1.0416579529580491e-05,127.35409754863052,1.2423080535469684
,,,,,22077.943786728963,13650.0,0.29800243925454545,16983.0336820992,0.00010416579529580491,37.95183171855322,49.33738123411919,10.0,112.0,1.0416579529580491e-05,127.35409754863052,1.2441782917288793
,,,,,22127.298413686196,13660.0,0.29810660504984127,17020.99877975861,0.00010416579529580491,37.965097659408556,49.354626957231126,10.0,112.0,1.0416579529580491e-05,127.35409754863052,1.2460467627934562
,,,,,22176.670286366538,13670.0,0.2982107708451371,17058.977143358876,0.00010416579529580491,37.97836360026389,49.37187268034306,10.0,112.0,1.0416579529580491e-05,127.35409754863052,1.247913470618791
,,,,,22226.059404769992,13680.0,0.2983149366404329,17096.968772899996,0.00010416579529580491,37.991629541119224,49.389118403454994,10.0,112.0,1.0416579529580491e-05,127.35409754863052,1.2497784190716372
,,,,,22275.46576889656,13690.0,0.2984191024357287,17134.973668381972,0.00010416579529580491,38.00489548197456,49.40636412656693,10.0,112.0,1.0416579529580491e-05,127.35409754863052,1.2516416120074487
,,,,,22324.88937874624,13700.0,0.29852326823102454,17172.991829804803,0.00010416579529580491,38.01816142282989,49.42360984967886,10.0,112.0,1.0416579529580491e-05,127.35409754863052,1.2535030532704237
,,,,,22374.33023431903,13710.0,0.29862743402632036,17211.02325716849,0.00010416579529580491,38.031427363685225,49.440855572790795,10.0,112.0,1.0416579529580491e-05,127.35409754863052,1.2553627466935442
,,,,,22383.4573933395,13720.0,0.2986455347508925,17218.044148722696,1.8100724572168472e-05,7.020891554207829,9.127159020470177,10.0,132.0,1.8100724572168474e-06,23.509112768299467,1.2549594860585056
,,,,,22392.585105551538,13730.0,0.29866363547546465,17225.06546580888,1.8100724572168472e-05,7.021317086182983,9.127712212037878,10.0,132.0,1.8100724572168474e-06,23.509112768299467,1.2545568438316737
,,,,,22401.71337095514,13740.0,0.2986817362000368,17232.087208427038,1.8100724572168472e-05,7.021742618158138,9.12826540360558,10.0,132.0,1.8100724572168474e-06,23.509112768299467,1.254154818662812
,,,,,22410.842189550316,13750.0,0.29869983692460894,17239.10937657717,1.8100724572168472e-05,7.022168150133292,9.12881859517328,10.0,132.0,1.8100724572168474e-06,23.509112768299467,1.2537534092056124
,,,,,22419.971561337057,13760.0,0.2987179376491811,17246.131970259277,1.8100724572168472e-05,7.022593682108447,9.12937178674098,10.0,132.0,1.8100724572168474e-06,23.509112768299467,1.25335261411768
,,,,,22429.101486315365,13770.0,0.29873603837375323,17253.15498947336,1.8100724572168472e-05,7.023019214083601,9.129924978308681,10.0,132.0,1.8100724572168474e-06,23.509112768299467,1.25295243206052
,,,,,22438.231964485243,13780.0,0.2987541390983254,17260.17843421942,1.8100724572168472e-05,7.023444746058756,9.130478169876383,10.0,132.0,1.8100724572168474e-06,23.509112768299467,1.2525528616995225
,,,,,22447.362995846688,13790.0,0.2987722398228975,17267.202304497452,1.8100724572168472e-05,7.02387027803391,9.131031361444084,10.0,132.0,1.8100724572168474e-06,23.509112768299467,1.2521539017039487
,,,,,22456.4945803997,13800.0,0.29879034054746967,17274.226600307462,1.8100724572168472e-05,7.024295810009065,9.131584553011784,10.0,132.0,1.8100724572168474e-06,23.509112768299467,1.2517555507469176
,,,,,22523.316213932114,13810.0,0.2988258497989511,17325.62785687086,3.550925148143027e-05,51.40125656339651,66.82163353241546,10.0,35.0,3.5509251481430274e-06,172.01074337437367,1.2545711699399609
,,,,,22590.145787829097,13820.0,0.29886135905043254,17377.035221407,3.550925148143027e-05,51.4073645361405,66.82957389698265,10.0,35.0,3.5509251481430274e-06,172.01074337437367,1.2573831563970332
,,,,,22656.983302090648,13830.0,0.298896868301914,17428.448693915885,3.550925148143027e-05,51.41347250888449,66.83751426154984,10.0,35.0,3.5509251481430274e-06,172.01074337437367,1.2601915179982563
,,,,,22723.828756716764,13840.0,0.2989323775533954,17479.868274397515,3.550925148143027e-05,51.41958048162848,66.84545462611703,10.0,35.0,3.5509251481430274e-06,172.01074337437367,1.2629962626009765
,,,,,22790.68215170745,13850.0,0.29896788680487685,17531.293962851887,3.550925148143027e-05,51.42568845437247,66.85339499068421,10.0,35.0,3.5509251481430274e-06,172.01074337437367,1.2657973980398474
,,,,,22857.5434870627,13860.0,0.2990033960563583,17582.725759279005,3.550925148143027e-05,51.43179642711646,66.8613353552514,10.0,35.0,3.5509251481430274e-06,172.01074337437367,1.2685949321269123
,,,,,22924.41276278252,13870.0,0.2990389053078397,17634.163663678864,3.550925148143027e-05,51.43790439986045,66.86927571981859,10.0,35.0,3.5509251481430274e-06,172.01074337437367,1.2713888726516844
,,,,,23032.988473104408,13880.0,0.2991569805567737,17717.68344084955,0.00011807524893396721,83.51977717068297,108.57571032188787,10.0,114.0,1.1807524893396721e-05,279.18378175645705,1.276490161444492
,,,,,23141.607037529182,13890.0,0.2992750558057077,17801.23618271476,0.00011807524893396721,83.5527418652122,108.61856442477585,10.0,114.0,1.1807524893396721e-05,279.18378175645705,1.281586478237204
,,,,,23250.268456056845,13900.0,0.29939313105464166,17884.821889274503,0.00011807524893396721,83.58570655974142,108.66141852766386,10.0,114.0,1.1807524893396721e-05,279.18378175645705,1.2866778337607556
,,,,,23358.972728687397,13910.0,0.29951120630357564,17968.440560528772,0.00011807524893396721,83.61867125427065,108.70427263055186,10.0,114.0,1.1807524893396721e-05,279.18378175645705,1.2917642387152244
,,,,,23467.719855420837,13920.0,0.2996292815525096,18052.092196477573,0.00011807524893396721,83.65163594879986,108.74712673343983,10.0,114.0,1.1807524893396721e-05,279.18378175645705,1.2968457037699406
,,,,,23576.509836257166,13930.0,0.2997473568014436,18135.776797120903,0.00011807524893396721,83.68460064332909,108.78998083632783,10.0,114.0,1.1807524893396721e-05,279.18378175645705,1.3019222395635968
,,,,,23685.34267119638,13940.0,0.2998654320503776,18219.49436245876,0.00011807524893396721,83.71756533785832,108.83283493921581,10.0,114.0,1.1807524893396721e-05,279.18378175645705,1.3069938567043589
,,,,,23794.218360238483,13950.0,0.29998350729931156,18303.244892491148,0.00011807524893396721,83.75053003238754,108.87568904210382,10.0,114.0,1.1807524893396721e-05,279.18378175645705,1.3120605657699747
,,,,,23903.10073365757,13960.0,0.3000019246601553,18387.000564351987,1.8417360843734738e-05,83.75567186083786,108.88237341908923,10.0,104.0,1.8417360843734737e-06,279.18378175645705,1.3171203842659016
,,,,,24011.989791453645,13970.0,0.30002034202099903,18470.761378041276,1.8417360843734738e-05,83.7608136892882,108.88905779607467,10.0,104.0,1.8417360843734737e-06,279.18378175645705,1.322173326989354
,,,,,24120.885533626704,13980.0,0.30003875938184277,18554.527333559014,1.8417360843734738e-05,83.76595551773852,108.89574217306007,10.0,104.0,1.8417360843734737e-06,279.18378175645705,1.3272194086952085
,,,,,24229.78796017675,13990.0,0.3000571767426865,18638.2984309052,1.8417360843734738e-05,83.77109734618885,108.90242655004552,10.0,104.0,1.8417360843734737e-06,279.18378175645705,1.3322586440961544
,,,,,24338.69707110378,14000.0,0.30007559410353024,18722.07467007984,1.8417360843734738e-05,83.77623917463917,108.90911092703092,10.0,104.0,1.8417360843734737e-06,279.18378175645705,1.3372910478628457
,,,,,24447.612866407795,14010.0,0.300094011464374,18805.85605108293,1.8417360843734738e-05,83.7813810030895,108.91579530401636,10.0,104.0,1.8417360843734737e-06,279.18378175645705,1.3423166346240494
,,,,,24551.131640632382,14020.0,0.30036124571977474,18885.485877409537,0.0002672342554007887,79.62982632660577,103.5187742245875,10.0,159.0,2.672342554007887e-05,265.11351734403604,1.3470389356212225
,,,,,24654.742516494396,14030.0,0.3006284799751755,18965.18655114955,0.0002672342554007887,79.70067374000988,103.61087586201285,10.0,159.0,2.672342554007887e-05,265.11351734403604,1.3517595546079508
,,,,,24758.445493993833,14040.0,0.30089571423057626,19044.95807230296,0.0002672342554007887,79.77152115341399,103.70297749943819,10.0,159.0,2.672342554007887e-05,265.11351734403604,1.3564784951782736
,,,,,24862.240573130697,14050.0,0.301162948485977,19124.800440869778,0.0002672342554007887,79.8423685668181,103.79507913686352,10.0,159.0,2.672342554007887e-05,265.11351734403604,1.3611957609159984
,,,,,24966.127753904984,14060.0,0.3014301827413778,19204.71365685,0.0002672342554007887,79.91321598022222,103.8871807742889,10.0,159.0,2.672342554007887e-05,265.11351734403604,1.3659113553947368
,,,,,25070.1070363167,14070.0,0.30169741699677854,19284.697720243625,0.0002672342554007887,79.98406339362633,103.97928241171424,10.0,159.0,2.672342554007887e-05,265.11351734403604,1.3706252821779406
,,,,,25174.17842036584,14080.0,0.3019646512521793,19364.752631050655,0.0002672342554007887,80.05491080703044,104.07138404913957,10.0,159.0,2.672342554007887e-05,265.11351734403604,1.3753375448189384
,,,,,25278.341906052403,14090.0,0.30223188550758007,19444.87838927109,0.0002672342554007887,80.12575822043455,104.16348568656491,10.0,159.0,2.672342554007887e-05,265.11351734403604,1.3800481468609715
,,,,,25382.597493376394,14100.0,0.30249911976298083,19525.074994904928,0.0002672342554007887,80.19660563383866,104.25558732399026,10.0,159.0,2.672342554007887e-05,265.11351734403604,1.384757091837229
,,,,,25486.945182337808,14110.0,0.3027663540183816,19605.34244795217,0.0002672342554007887,80.26745304724277,104.3476889614156,10.0,159.0,2.672342554007887e-05,265.11351734403604,1.3894643832708837
,,,,,25591.38497293665,14120.0,0.30303358827378235,19685.68074841282,0.0002672342554007887,80.33830046064688,104.43979059884094,10.0,159.0,2.672342554007887e-05,265.11351734403604,1.3941700246751287
,,,,,25695.916865172916,14130.0,0.3033008225291831,19766.08989628687,0.0002672342554007887,80.40914787405099,104.53189223626629,10.0,159.0,2.672342554007887e-05,265.11351734403604,1.398874019553211
,,,,,25800.540859046607,14140.0,0.3035680567845839,19846.569891574327,0.0002672342554007887,80.4799952874551,104.62399387369163,10.0,159.0,2.672342554007887e-05,265.11351734403604,1.4035763713984672
,,,,,25905.256954557724,14150.0,0.30383529103998463,19927.120734275188,0.0002672342554007887,80.5508427008592,104.71609551111698,10.0,159.0,2.672342554007887e-05,265.11351734403604,1.4082770836943597
,,,,,26015.537946683104,14160.0,0.3038555172167518,20011.952266679324,2.0226176767195363e-05,84.83153240413701,110.28099212537812,10.0,113.0,2.0226176767195364e-06,279.18378175645705,1.413273465160969
,,,,,26125.82627967516,14170.0,0.30387574339351897,20096.78944590398,2.0226176767195363e-05,84.83717922465735,110.28833299205455,10.0,113.0,2.0226176767195364e-06,279.18378175645705,1.418263193077204
,,,,,26236.12195353389,14180.0,0.30389596957028614,20181.632271949158,2.0226176767195363e-05,84.84282604517767,110.29567385873098,10.0,113.0,2.0226176767195364e-06,279.18378175645705,1.4232462815196867
,,,,,26346.424968259296,14190.0,0.3039161957470533,20266.480744814857,2.0226176767195363e-05,84.84847286569801,110.30301472540742,10.0,113.0,2.0226176767195364e-06,279.18378175645705,1.42822274452536
,,,,,26456.73532385138,14200.0,0.3039364219238205,20351.334864501074,2.0226176767195363e-05,84.85411968621834,110.31035559208385,10.0,113.0,2.0226176767195364e-06,279.18378175645705,1.433192596091625
,,,,,26567.05302031014,14210.0,0.30395664810058765,20436.194631007813,2.0226176767195363e-05,84.85976650673868,110.31769645876028,10.0,113.0,2.0226176767195364e-06,279.18378175645705,1.4381558501764822
,,,,,26588.51089603183,14220.0,0.30407452238504296,20452.700689255267,0.00011787428445532849,16.506058247453396,21.457875721689415,10.0,86.0,1.1787428445532849e-05,54.28293734702355,1.43830525240895
,,,,,26609.977089884636,14230.0,0.30419239666949827,20469.213146065118,0.00011787428445532849,16.512456809851308,21.4661938528067,10.0,86.0,1.1787428445532849e-05,54.28293734702355,1.4384548943123765
,,,,,26631.45160186856,14240.0,0.3043102709539536,20485.73200143737,0.00011787428445532849,16.51885537224922,21.474511983923986,10.0,86.0,1.1787428445532849e-05,54.28293734702355,1.4386047753818376
,,,,,26652.934431983602,14250.0,0.3044281452384089,20502.257255372017,0.00011787428445532849,16.525253934647136,21.482830115041278,10.0,86.0,1.1787428445532849e-05,54.28293734702355,1.4387548951138258
,,,,,26674.42558022976,14260.0,0.3045460195228642,20518.78890786906,0.00011787428445532849,16.531652497045048,21.491148246158563,10.0,86.0,1.1787428445532849e-05,54.28293734702355,1.4389052530062454
,,,,,26695.925046607033,14270.0,0.3046638938073195,20535.326958928505,0.00011787428445532849,16.53805105944296,21.499466377275848,10.0,86.0,1.1787428445532849e-05,54.28293734702355,1.4390558485584095
,,,,,26717.432831115428,14280.0,0.3047817680917748,20551.871408550345,0.00011787428445532849,16.544449621840872,21.507784508393136,10.0,86.0,1.1787428445532849e-05,54.28293734702355,1.4392066812710327
,,,,,26754.26957210763,14290.0,0.3047968809603607,20580.20736315973,1.511286858591028e-05,28.335954609386047,36.83674099220186,10.0,105.0,1.511286858591028e-06,92.96668168028654,1.4401824606829763
,,,,,26791.108139591048,14300.0,0.30481199382894664,20608.54472276236,1.511286858591028e-05,28.337359602629146,36.83856748341789,10.0,105.0,1.511286858591028e-06,92.96668168028654,1.4411569736197454
,,,,,26827.948533565683,14310.0,0.30482710669753255,20636.88348735823,1.511286858591028e-05,28.33876459587225,36.840393974633926,10.0,105.0,1.511286858591028e-06,92.96668168028654,1.4421302227364243
,,,,,26864.790754031532,14320.0,0.30484221956611846,20665.223656947346,1.511286858591028e-05,28.34016958911535,36.842220465849955,10.0,105.0,1.511286858591028e-06,92.96668168028654,1.4431022106806806
,,,,,26901.6348009886,14330.0,0.30485733243470436,20693.565231529705,1.511286858591028e-05,28.341574582358454,36.84404695706599,10.0,105.0,1.511286858591028e-06,92.96668168028654,1.4440729400927916
,,,,,26938.48067443688,14340.0,0.3048724453032903,20721.908211105307,1.511286858591028e-05,28.342979575601557,36.84587344828203,10.0,105.0,1.511286858591028e-06,92.96668168028654,1.4450424136056699
,,,,,26975.32837437638,14350.0,0.3048875581718762,20750.252595674152,1.511286858591028e-05,28.34438456884466,36.84769993949806,10.0,105.0,1.511286858591028e-06,92.96668168028654,1.4460106338448886
,,,,,27012.17790080709,14360.0,0.3049026710404621,20778.59838523624,1.511286858591028e-05,28.34578956208776,36.849526430714086,10.0,105.0,1.511286858591028e-06,92.96668168028654,1.4469776034287076
,,,,,27049.029253729022,14370.0,0.304917783909048,20806.945579791573,1.511286858591028e-05,28.347194555330862,36.85135292193012,10.0,105.0,1.511286858591028e-06,92.96668168028654,1.4479433249680982
,,,,,27085.882433142167,14380.0,0.3049328967776339,20835.294179340148,1.511286858591028e-05,28.348599548573965,36.85317941314616,10.0,105.0,1.511286858591028e-06,92.96668168028654,1.4489078010667698
,,,,,27196.562364997117,14390.0,0.3049547097025176,20920.432588459338,2.1812924883670593e-05,85.13840911919138,110.67993185494879,10.0,116.0,2.1812924883670592e-06,279.18378175645705,1.4538174140694466
,,,,,27307.250213611384,14400.0,0.30497652262740127,21005.57708739339,2.1812924883670593e-05,85.14449893405158,110.68784861426707,10.0,116.0,2.1812924883670592e-06,279.18378175645705,1.4587206310689855
,,,,,27417.945978984968,14410.0,0.30499833555228495,21090.7276761423,2.1812924883670593e-05,85.15058874891177,110.6957653735853,10.0,116.0,2.1812924883670592e-06,279.18378175645705,1.4636174653811451
,,,,,27528.64966111787,14420.0,0.30502014847716863,21175.884354706075,2.1812924883670593e-05,85.15667856377198,110.70368213290357,10.0,116.0,2.1812924883670592e-06,279.18378175645705,1.4685079302847486
,,,,,27639.361260010093,14430.0,0.3050419614020523,21261.047123084707,2.1812924883670593e-05,85.16276837863217,110.71159889222182,10.0,116.0,2.1812924883670592e-06,279.18378175645705,1.4733920390218092
,,,,,27750.080775661634,14440.0,0.305063774326936,21346.2159812782,2.1812924883670593e-05,85.16885819349237,110.71951565154008,10.0,116.0,2.1812924883670592e-06,279.18378175645705,1.4782698047976595
,,,,,27860.808208072493,14450.0,0.30508558725181967,21431.390929286554,2.1812924883670593e-05,85.17494800835256,110.72743241085833,10.0,116.0,2.1812924883670592e-06,279.18378175645705,1.4831412407810765
,,,,,27971.54355724267,14460.0,0.30510740017670335,21516.571967109765,2.1812924883670593e-05,85.18103782321275,110.73534917017658,10.0,116.0,2.1812924883670592e-06,279.18378175645705,1.4880063601044098
,,,,,28082.286823172162,14470.0,0.305129213101587,21601.75909474784,2.1812924883670593e-05,85.18712763807295,110.74326592949484,10.0,116.0,2.1812924883670592e-06,279.18378175645705,1.4928651758637068
,,,,,28193.038005860977,14480.0,0.3051510260264707,21686.95231220077,2.1812924883670593e-05,85.19321745293314,110.75118268881309,10.0,116.0,2.1812924883670592e-06,279.18378175645705,1.4977177011188378
,,,,,28303.79710530911,14490.0,0.3051728389513544,21772.151619468565,2.1812924883670593e-05,85.19930726779334,110.75909944813135,10.0,116.0,2.1812924883670592e-06,279.18378175645705,1.5025639488936207
,,,,,28414.56412151656,14500.0,0.30519465187623807,21857.357016551217,2.1812924883670593e-05,85.20539708265353,110.7670162074496,10.0,116.0,2.1812924883670592e-06,279.18378175645705,1.507403932175946
,,,,,28450.95325202899,14510.0,0.3053783069772422,21885.34865540693,0.0001836551010041423,27.99163885571497,36.38913051242946,10.0,222.0,1.836551010041423e-05,91.66217185754782,1.5082941871403812
,,,,,28487.36426703448,14520.0,0.3055619620782464,21913.357128488078,0.0001836551010041423,28.008473081145727,36.411015005489446,10.0,222.0,1.836551010041423e-05,91.66217185754782,1.5091843752402259
,,,,,28523.79716653303,14530.0,0.30574561717925053,21941.382435794654,0.0001836551010041423,28.025307306576487,36.43289949854943,10.0,222.0,1.836551010041423e-05,91.66217185754782,1.5100744966135344
,,,,,28560.25195052464,14540.0,0.3059292722802547,21969.424577326663,0.0001836551010041423,28.042141532007246,36.454783991609425,10.0,222.0,1.836551010041423e-05,91.66217185754782,1.5109645513979824
,,,,,28596.728619009307,14550.0,0.30611292738125884,21997.4835530841,0.0001836551010041423,28.058975757438002,36.4766684846694,10.0,222.0,1.836551010041423e-05,91.66217185754782,1.511854539730866
,,,,,28633.227171987037,14560.0,0.306296582482263,22025.55936306697,0.0001836551010041423,28.075809982868762,36.49855297772939,10.0,222.0,1.836551010041423e-05,91.66217185754782,1.512744461749105
,,,,,28669.747609457827,14570.0,0.30648023758326715,22053.65200727527,0.0001836551010041423,28.092644208299518,36.520437470789375,10.0,222.0,1.836551010041423e-05,91.66217185754782,1.5136343175892428
,,,,,28702.860052638036,14580.0,0.3067077573206639,22079.123117413892,0.00022751973739673832,25.471110138623104,33.112443180210036,10.0,280.0,2.2751973739673833e-05,83.04684029231441,1.5143431493425166
,,,,,28735.99705905213,14590.0,0.3069352770580607,22104.61312234781,0.00022751973739673832,25.49000493391804,33.137006414093456,10.0,280.0,2.2751973739673833e-05,83.04684029231441,1.5150523044789452
,,,,,28769.15862870011,14600.0,0.30716279679545744,22130.122022077023,0.00022751973739673832,25.50889972921298,33.161569647976876,10.0,280.0,2.2751973739673833e-05,83.04684029231441,1.5157617823340426
,,,,,28802.344761581968,14610.0,0.3073903165328542,22155.64981660153,0.00022751973739673832,25.527794524507918,33.186132881860296,10.0,280.0,2.2751973739673833e-05,83.04684029231441,1.5164715822451424
,,,,,28835.555457697712,14620.0,0.30761783627025097,22181.196505921333,0.00022751973739673832,25.546689319802855,33.210696115743715,10.0,280.0,2.2751973739673833e-05,83.04684029231441,1.5171817035513908
,,,,,28868.79071704734,14630.0,0.30784535600764773,22206.76209003643,0.00022751973739673832,25.565584115097796,33.235259349627135,10.0,280.0,2.2751973739673833e-05,83.04684029231441,1.517892145593741
,,,,,28914.803184208955,14640.0,0.30784662458598216,22242.156295545363,1.2685783344515215e-06,35.394205508932565,46.012467161612335,10.0,242.0,1.2685783344515214e-07,114.97350525292796,1.5192729710071968
,,,,,28960.815840979336,14650.0,0.3078478931643166,22277.55064690719,1.2685783344515215e-06,35.39435136183036,46.01265677037947,10.0,242.0,1.2685783344515214e-07,114.97350525292796,1.5206519212905933
,,,,,29006.828687358484,14660.0,0.30784916174265103,22312.94514412192,1.2685783344515215e-06,35.39449721472816,46.01284637914661,10.0,242.0,1.2685783344515214e-07,114.97350525292796,1.5220290002811678
,,,,,29052.8417233464,14670.0,0.30785043032098547,22348.339787189547,1.2685783344515215e-06,35.39464306762596,46.013035987913746,10.0,242.0,1.2685783344515214e-07,114.97350525292796,1.5234042118056952
,,,,,29098.85494894308,14680.0,0.3078516988993199,22383.73457611007,1.2685783344515215e-06,35.39478892052375,46.013225596680876,10.0,242.0,1.2685783344515214e-07,114.97350525292796,1.5247775596805224
,,,,,29144.86836414853,14690.0,0.30785296747765434,22419.129510883493,1.2685783344515215e-06,35.394934773421554,46.01341520544802,10.0,242.0,1.2685783344515214e-07,114.97350525292796,1.526149047711606
,,,,,29190.881968962745,14700.0,0.3078542360559888,22454.524591509813,1.2685783344515215e-06,35.39508062631935,46.01360481421516,10.0,242.0,1.2685783344515214e-07,114.97350525292796,1.527518679694545
,,,,,29236.895763385728,14710.0,0.3078555046343232,22489.91981798903,1.2685783344515215e-06,35.39522647921715,46.0137944229823,10.0,242.0,1.2685783344515214e-07,114.97350525292796,1.5288864594146179
,,,,,29282.909747417478,14720.0,0.30785677321265764,22525.315190321144,1.2685783344515215e-06,35.395372332114945,46.01398403174943,10.0,242.0,1.2685783344515214e-07,114.97350525292796,1.5302523906468168
,,,,,29328.923921057994,14730.0,0.3078580417909921,22560.710708506158,1.2685783344515215e-06,35.39551818501275,46.014173640516574,10.0,242.0,1.2685783344515214e-07,114.97350525292796,1.5316164771558831
,,,,,29374.938284307278,14740.0,0.3078593103693265,22596.10637254407,1.2685783344515215e-06,35.39566403791054,46.014363249283704,10.0,242.0,1.2685783344515214e-07,114.97350525292796,1.5329787226963412
,,,,,29420.95283716533,14750.0,0.30786057894766095,22631.502182434877,1.2685783344515215e-06,35.39580989080834,46.01455285805084,10.0,242.0,1.2685783344515214e-07,114.97350525292796,1.534339131012534
,,,,,29472.370617075005,14760.0,0.30809444380261025,22671.054320826937,0.00023386485494928885,39.55213839205896,51.417779909676646,10.0,256.0,2.3386485494928886e-05,128.3766688678073,1.5359792900289253
,,,,,29523.82742661304,14770.0,0.30832830865755956,22710.63648201004,0.00023386485494928885,39.582161183102606,51.45680953803339,10.0,256.0,2.3386485494928886e-05,128.3766688678073,1.5376192607995964
,,,,,29575.32326577943,14780.0,0.30856217351250886,22750.248665984185,0.00023386485494928885,39.61218397414625,51.49583916639013,10.0,256.0,2.3386485494928886e-05,128.3766688678073,1.5392590437066431
,,,,,29626.858134574177,14790.0,0.30879603836745817,22789.890872749376,0.00023386485494928885,39.6422067651899,51.53486879474687,10.0,256.0,2.3386485494928886e-05,128.3766688678073,1.5408986391311275
,,,,,29678.43203299728,14800.0,0.3090299032224075,22829.56310230561,0.00023386485494928885,39.67222955623354,51.5738984231036,10.0,256.0,2.3386485494928886e-05,128.3766688678073,1.5425380474530817
,,,,,29730.04496104874,14810.0,0.3092637680773568,22869.265354652885,0.00023386485494928885,39.70225234727719,51.612928051460344,10.0,256.0,2.3386485494928886e-05,128.3766688678073,1.5441772690515114
,,,,,29781.696918728558,14820.0,0.3094976329323061,22908.997629791207,0.00023386485494928885,39.73227513832083,51.65195767981708,10.0,256.0,2.3386485494928886e-05,128.3766688678073,1.5458163043044
,,,,,29833.387906036733,14830.0,0.3097314977872554,22948.75992772057,0.00023386485494928885,39.76229792936447,51.69098730817382,10.0,256.0,2.3386485494928886e-05,128.3766688678073,1.54745515358871
,,,,,29885.117922973262,14840.0,0.3099653626422047,22988.552248440978,0.00023386485494928885,39.79232072040812,51.73001693653056,10.0,256.0,2.3386485494928886e-05,128.3766688678073,1.5490938172803894
,,,,,29936.88696953815,14850.0,0.310199227497154,23028.37459195243,0.00023386485494928885,39.82234351145176,51.76904656488729,10.0,256.0,2.3386485494928886e-05,128.3766688678073,1.5507322957543723
,,,,,29988.695045731394,14860.0,0.3104330923521033,23068.226958254927,0.00023386485494928885,39.85236630249541,51.808076193244034,10.0,256.0,2.3386485494928886e-05,128.3766688678073,1.5523705893845845
,,,,,30040.542151552996,14870.0,0.3106669572070526,23108.109347348465,0.00023386485494928885,39.882389093539054,51.84710582160077,10.0,256.0,2.3386485494928886e-05,128.3766688678073,1.5540086985439452
,,,,,30092.428287002953,14880.0,0.3109008220620019,23148.02175923305,0.00023386485494928885,39.912411884582696,51.88613544995751,10.0,256.0,2.3386485494928886e-05,128.3766688678073,1.5556466236043716
,,,,,30144.35345208127,14890.0,0.31113468691695123,23187.964193908676,0.00023386485494928885,39.942434675626345,51.92516507831425,10.0,256.0,2.3386485494928886e-05,128.3766688678073,1.5572843649367814
,,,,,30196.31764678794,14900.0,0.31136855177190054,23227.936651375345,0.00023386485494928885,39.97245746666999,51.96419470667099,10.0,256.0,2.3386485494928886e-05,128.3766688678073,1.5589219229110969
,,,,,30248.320871122967,14910.0,0.31160241662684984,23267.93913163306,0.00023386485494928885,40.002480257713636,52.00322433502773,10.0,256.0,2.3386485494928886e-05,128.3766688678073,1.5605592978962481
,,,,,30300.36312508635,14920.0,0.31183628148179915,23307.971634681817,0.00023386485494928885,40.03250304875728,52.04225396338446,10.0,256.0,2.3386485494928886e-05,128.3766688678073,1.5621964902601755
,,,,,30352.444408678093,14930.0,0.31207014633674846,23348.034160521616,0.00023386485494928885,40.06252583980092,52.0812835917412,10.0,256.0,2.3386485494928886e-05,128.3766688678073,1.5638335003698336
,,,,,30389.1782154952,14940.0,0.31216474094127217,23376.290934996316,9.459460452373392e-05,28.256774474698013,36.733806817107414,10.0,95.0,9.459460452373392e-06,90.51878950036188,1.5646781080988164
,,,,,30425.923153678134,14950.0,0.3122593355457959,23404.55627206011,9.459460452373392e-05,28.265337063792764,36.744938182930596,10.0,95.0,9.459460452373392e-06,90.51878950036188,1.565522158666228
,,,,,30462.67922322689,14960.0,0.3123539301503196,23432.830171712994,9.459460452373392e-05,28.273899652887515,36.75606954875377,10.0,95.0,9.459460452373392e-06,90.51878950036188,1.5663656531893713
,,,,,30499.446424141464,14970.0,0.3124485247548433,23461.112633954977,9.459460452373392e-05,28.28246224198227,36.767200914576954,10.0,95.0,9.459460452373392e-06,90.51878950036188,1.5672085927825636
,,,,,30536.224756421863,14980.0,0.312543119359367,23489.403658786054,9.459460452373392e-05,28.29102483107702,36.77833228040013,10.0,95.0,9.459460452373392e-06,90.51878950036188,1.5680509785571464
,,,,,30573.014220068086,14990.0,0.31263771396389073,23517.703246206227,9.459460452373392e-05,28.299587420171772,36.789463646223304,10.0,95.0,9.459460452373392e-06,90.51878950036188,1.5688928116214962
,,,,,30609.81481508013,15000.0,0.31273230856841444,23546.011396215494,9.459460452373392e-05,28.308150009266523,36.80059501204648,10.0,95.0,9.459460452373392e-06,90.51878950036188,1.5697340930810328
,,,,,30646.626541458,15010.0,0.31282690317293815,23574.328108813854,9.459460452373392e-05,28.316712598361274,36.81172637786966,10.0,95.0,9.459460452373392e-06,90.51878950036188,1.5705748240382313
,,,,,30683.449399201694,15020.0,0.31292149777746187,23602.65338400131,9.459460452373392e-05,28.32527518745603,36.822857743692836,10.0,95.0,9.459460452373392e-06,90.51878950036188,1.5714150055926306
,,,,,30720.28338831121,15030.0,0.3130160923819856,23630.98722177786,9.459460452373392e-05,28.33383777655078,36.83398910951602,10.0,95.0,9.459460452373392e-06,90.51878950036188,1.5722546388408425
,,,,,30757.12850878655,15040.0,0.3131106869865093,23659.32962214351,9.459460452373392e-05,28.34240036564553,36.84512047533919,10.0,95.0,9.459460452373392e-06,90.51878950036188,1.573093724876563
,,,,,30793.984760627714,15050.0,0.313205281591033,23687.68058509825,9.459460452373392e-05,28.350962954740282,36.85625184116237,10.0,95.0,9.459460452373392e-06,90.51878950036188,1.5739322647905813
,,,,,30830.8521438347,15060.0,0.3132998761955567,23716.040110642083,9.459460452373392e-05,28.359525543835034,36.867383206985544,10.0,95.0,9.459460452373392e-06,90.51878950036188,1.574770259670789
,,,,,30867.73065840751,15070.0,0.3133944708000804,23744.408198775014,9.459460452373392e-05,28.36808813292979,36.878514572808726,10.0,95.0,9.459460452373392e-06,90.51878950036188,1.5756077106021906
,,,,,30904.62030434614,15080.0,0.31348906540460414,23772.78484949704,9.459460452373392e-05,28.37665072202454,36.8896459386319,10.0,95.0,9.459460452373392e-06,90.51878950036188,1.5764446186669123
,,,,,30941.521081650593,15090.0,0.31358366000912785,23801.170062808156,9.459460452373392e-05,28.38521331111929,36.900777304455076,10.0,95.0,9.459460452373392e-06,90.51878950036188,1.5772809849442118
,,,,,30978.43299032087,15100.0,0.31367825461365156,23829.56383870837,9.459460452373392e-05,28.39377590021404,36.91190867027826,10.0,95.0,9.459460452373392e-06,90.51878950036188,1.5781168105104881
,,,,,31017.052673432736,15110.0,0.3136987136793796,23859.27128725596,2.0459065728051974e-05,29.707448547589685,38.61968311186659,10.0,265.0,2.0459065728051974e-06,94.70057495343325,1.579038470367701
,,,,,31055.674875275476,15120.0,0.3137191727451077,23888.98067328884,2.0459065728051974e-05,29.709386032877145,38.62220184274029,10.0,265.0,2.0459065728051974e-06,94.70057495343325,1.5799590392386798
,,,,,31094.29959584909,15130.0,0.31373963181083575,23918.691996807003,2.0459065728051974e-05,29.7113235181646,38.624720573613985,10.0,265.0,2.0459065728051974e-06,94.70057495343325,1.5808785192866492
,,,,,31132.92683515358,15140.0,0.3137600908765638,23948.405257810457,2.0459065728051974e-05,29.713261003452057,38.627239304487674,10.0,265.0,2.0459065728051974e-06,94.70057495343325,1.5817969126691187
,,,,,31171.55659318894,15150.0,0.3137805499422919,23978.120456299195,2.0459065728051974e-05,29.715198488739517,38.62975803536138,10.0,265.0,2.0459065728051974e-06,94.70057495343325,1.5827142215379006
,,,,,31210.188869955175,15160.0,0.31380100900801994,24007.837592273223,2.0459065728051974e-05,29.717135974026974,38.632276766235066,10.0,265.0,2.0459065728051974e-06,94.70057495343325,1.5836304480391308
,,,,,31248.823665452284,15170.0,0.313821468073748,24037.556665732536,2.0459065728051974e-05,29.71907345931443,38.63479549710876,10.0,265.0,2.0459065728051974e-06,94.70057495343325,1.5845455943132851
,,,,,31287.460979680265,15180.0,0.31384192713947606,24067.27767667714,2.0459065728051974e-05,29.72101094460189,38.63731422798246,10.0,265.0,2.0459065728051974e-06,94.70057495343325,1.5854596624952002
,,,,,31326.10081263912,15190.0,0.3138623862052041,24097.000625107026,2.0459065728051974e-05,29.722948429889346,38.639832958856154,10.0,265.0,2.0459065728051974e-06,94.70057495343325,1.58637265471409
,,,,,31364.74316432885,15200.0,0.3138828452709322,24126.725511022203,2.0459065728051974e-05,29.724885915176802,38.64235168972984,10.0,265.0,2.0459065728051974e-06,94.70057495343325,1.587284573093566
,,,,,31425.768476649573,15210.0,0.31411674169221965,24173.66805896122,0.00023389642128747004,46.942547939015995,61.02531232072079,10.0,107.0,2.3389642128747004e-05,149.4429990777493,1.589327288557608
,,,,,31486.839229407768,15220.0,0.3143506381135071,24220.645561082907,0.00023389642128747004,46.97750212168675,61.070752758192775,10.0,107.0,2.3389642128747004e-05,149.4429990777493,1.5913696163654998
,,,,,31547.95542260343,15230.0,0.31458453453479457,24267.658017387264,0.00023389642128747004,47.0124563043575,61.11619319566475,10.0,107.0,2.3389642128747004e-05,149.4429990777493,1.5934115572808447
,,,,,31609.117056236566,15240.0,0.31481843095608203,24314.705427874294,0.00023389642128747004,47.04741048702825,61.16163363313673,10.0,107.0,2.3389642128747004e-05,149.4429990777493,1.5954531120652424
,,,,,31670.324130307174,15250.0,0.3150523273773695,24361.787792543993,0.00023389642128747004,47.082364669699004,61.207074070608705,10.0,107.0,2.3389642128747004e-05,149.4429990777493,1.5974942814782946
,,,,,31731.576644815254,15260.0,0.31528622379865695,24408.90511139636,0.00023389642128747004,47.11731885236975,61.25251450808067,10.0,107.0,2.3389642128747004e-05,149.4429990777493,1.5995350662776122
,,,,,31778.63521711298,15270.0,0.31538979941279394,24445.104013163844,0.00010357561413699054,36.19890176748289,47.05857229772776,10.0,263.0,1.0357561413699054e-05,114.77511902692964,1.6008581541037226
,,,,,31825.70924368518,15280.0,0.3154933750269309,24481.314802834768,0.00010357561413699054,36.21078967092375,47.07402657220088,10.0,263.0,1.0357561413699054e-05,114.77511902692964,1.6021802881436367
,,,,,31872.798724531855,15290.0,0.3155969506410679,24517.537480409133,0.00010357561413699054,36.22267757436461,47.08948084667399,10.0,263.0,1.0357561413699054e-05,114.77511902692964,1.6035014702687465
,,,,,31919.903659653002,15300.0,0.3157005262552049,24553.772045886937,0.00010357561413699054,36.23456547780547,47.10493512114711,10.0,263.0,1.0357561413699054e-05,114.77511902692964,1.6048217023455515
,,,,,31967.02404904862,15310.0,0.3158041018693419,24590.018499268182,0.00010357561413699054,36.246453381246326,47.12038939562022,10.0,263.0,1.0357561413699054e-05,114.77511902692964,1.6061409862356748
,,,,,32014.159892718715,15320.0,0.31590767748347887,24626.27684055287,0.00010357561413699054,36.25834128468719,47.13584367009335,10.0,263.0,1.0357561413699054e-05,114.77511902692964,1.6074593237958792
,,,,,32061.31119066328,15330.0,0.31601125309761585,24662.547069741,0.00010357561413699054,36.27022918812805,47.151297944566466,10.0,263.0,1.0357561413699054e-05,114.77511902692964,1.608776716878082
,,,,,32108.47794288232,15340.0,0.31611482871175284,24698.82918683257,0.00010357561413699054,36.28211709156891,47.16675221903958,10.0,263.0,1.0357561413699054e-05,114.77511902692964,1.6100931673293721
,,,,,32148.261897145683,15350.0,0.3161764014620041,24729.432228573616,6.157275025125623e-05,30.603041741049143,39.78395426336389,10.0,212.0,6.157275025125623e-06,96.79103690073089,1.6110379302002356
,,,,,32188.053599006493,15360.0,0.31623797421225536,24760.04123000501,6.157275025125623e-05,30.60900143139079,39.79170186080803,10.0,212.0,6.157275025125623e-06,96.79103690073089,1.6119818509117845
,,,,,32227.853048464745,15370.0,0.3162995469625066,24790.65619112674,6.157275025125623e-05,30.61496112173244,39.79944945825217,10.0,212.0,6.157275025125623e-06,96.79103690073089,1.6129249311077907
,,,,,32267.66024552044,15380.0,0.3163611197127579,24821.277111938816,6.157275025125623e-05,30.62092081207409,39.80719705569632,10.0,212.0,6.157275025125623e-06,96.79103690073089,1.6138671724277514
,,,,,32307.47519017358,15390.0,0.31642269246300914,24851.903992441232,6.157275025125623e-05,30.626880502415737,39.81494465314046,10.0,212.0,6.157275025125623e-06,96.79103690073089,1.6148085765069027
,,,,,32347.297882424165,15400.0,0.3164842652132604,24882.53683263399,6.157275025125623e-05,30.63284019275739,39.82269225058461,10.0,212.0,6.157275025125623e-06,96.79103690073089,1.6157491449762331
,,,,,32387.128322272194,15410.0,0.31654583796351166,24913.175632517086,6.157275025125623e-05,30.638799883099036,39.830439848028746,10.0,212.0,6.157275025125623e-06,96.79103690073089,1.6166888794624974
,,,,,32428.77309549306,15420.0,0.317016262747608,24945.210073456215,0.000470424784096392,32.034440939127336,41.64477322086554,10.0,19.0,4.7042478409639196e-05,101.04983467246127,1.6177179035963822
,,,,,32470.47966596458,15430.0,0.3174866875317044,24977.292050742002,0.000470424784096392,32.0819772857861,41.706570471521935,10.0,19.0,4.7042478409639196e-05,101.04983467246127,1.6187486747078421
,,,,,32512.24803368676,15440.0,0.31795711231580076,25009.421564374446,0.000470424784096392,32.12951363244487,41.76836772217833,10.0,19.0,4.7042478409639196e-05,101.04983467246127,1.61978118940249
,,,,,32554.078198659594,15450.0,0.31842753709989713,25041.59861435355,0.000470424784096392,32.177049979103636,41.83016497283473,10.0,19.0,4.7042478409639196e-05,101.04983467246127,1.620815444294728
,,,,,32595.970160883084,15460.0,0.3188979618839935,25073.82320067931,0.000470424784096392,32.2245863257624,41.89196222349113,10.0,19.0,4.7042478409639196e-05,101.04983467246127,1.6218514360077174
,,,,,32637.923920357232,15470.0,0.31936838666808987,25106.095323351732,0.000470424784096392,32.27212267242117,41.953759474147525,10.0,19.0,4.7042478409639196e-05,101.04983467246127,1.6228891611733505
,,,,,32679.939477082036,15480.0,0.31983881145218623,25138.41498237081,0.000470424784096392,32.319659019079936,42.015556724803915,10.0,19.0,4.7042478409639196e-05,101.04983467246127,1.6239286164322229
,,,,,32722.016831057495,15490.0,0.3203092362362826,25170.78217773655,0.000470424784096392,32.367195365738695,42.077353975460305,10.0,19.0,4.7042478409639196e-05,101.04983467246127,1.6249697984336056
,,,,,32764.155982283613,15500.0,0.32077966102037897,25203.196909448947,0.000470424784096392,32.41473171239746,42.1391512261167,10.0,19.0,4.7042478409639196e-05,101.04983467246127,1.626012703835416
,,,,,32828.17654733003,15510.0,0.32085149928834417,25252.443497946195,7.183826796521898e-05,49.24658849724841,64.02056504642293,10.0,153.0,7.183826796521898e-06,153.48716962980834,1.6281394905187747
,,,,,32892.2114465046,15520.0,0.32092333755630936,25301.701112695864,7.183826796521898e-05,49.25761474966949,64.03489917457034,10.0,153.0,7.183826796521898e-06,153.48716962980834,1.6302642469520532
,,,,,32956.260679807325,15530.0,0.32099517582427456,25350.969753697955,7.183826796521898e-05,49.26864100209058,64.04923330271777,10.0,153.0,7.183826796521898e-06,153.48716962980834,1.6323869770571768
,,,,,33020.32424723819,15540.0,0.32106701409223976,25400.249420952467,7.183826796521898e-05,49.279667254511665,64.06356743086516,10.0,153.0,7.183826796521898e-06,153.48716962980834,1.634507684745976
,,,,,33090.6342937415,15550.0,0.3211750922443976,25454.33407210886,0.00010807815215784224,54.084651156394294,70.31004650331259,10.0,156.0,1.0807815215784225e-05,168.39615668340394,1.636934667016647
,,,,,33160.968000173896,15560.0,0.32128317039655546,25508.4369232107,0.00010807815215784224,54.10285110183912,70.33370643239085,10.0,156.0,1.0807815215784225e-05,168.39615668340394,1.639359699435135
,,,,,33243.43848007612,15590.0,0.32175359518065183,25571.875753904715,0.000470424784096392,63.438830694016154,82.470479902221,10.0,98.0,4.7042478409639196e-05,197.16587986654127,1.6402742625981215
,,,,,33326.029537209746,15610.0,0.3222240199647482,25635.4073363152,0.000470424784096392,63.53158241048354,82.5910571336286,10.0,98.0,4.7042478409639196e-05,197.16587986654127,1.6422426224417168
,,,,,33335.38865393413,15620.0,0.3222405489638182,25642.606656872416,1.6528999070017804e-05,7.199320557219177,9.359116724384931,10.0,145.0,1.6528999070017805e-06,22.341448276354352,1.6416521547293481
,,,,,33343.04783531667,15630.0,0.32237487181591024,25648.49833485898,0.0001343228520920469,5.891677986566282,7.6591813825361665,10.0,198.0,1.3432285209204692e-05,18.275859881320653,1.640978780221304
,,,,,33350.71020802452,15640.0,0.32250919466800226,25654.39246771117,0.0001343228520920469,5.894132852189975,7.662372707846968,10.0,198.0,1.3432285209204692e-05,18.275859881320653,1.6403064237666989
,,,,,33358.375772057676,15650.0,0.3226435175200943,25660.289055428984,0.0001343228520920469,5.896587717813668,7.665564033157769,10.0,198.0,1.3432285209204692e-05,18.275859881320653,1.6396350834139926
,,,,,33366.04452741615,15660.0,0.3227778403721863,25666.188098012422,0.0001343228520920469,5.899042583437361,7.6687553584685695,10.0,198.0,1.3432285209204692e-05,18.275859881320653,1.6389647572166297
,,,,,33373.71647409993,15670.0,0.32291216322427835,25672.089595461483,0.0001343228520920469,5.901497449061055,7.671946683779372,10.0,198.0,1.3432285209204692e-05,18.275859881320653,1.6382954432330237
,,,,,33381.39161210902,15680.0,0.3230464860763704,25677.99354777617,0.0001343228520920469,5.903952314684748,7.675138009090173,10.0,198.0,1.3432285209204692e-05,18.275859881320653,1.6376271395265414
,,,,,33389.06994144342,15690.0,0.3231808089284624,25683.899954956476,0.0001343228520920469,5.906407180308442,7.678329334400974,10.0,198.0,1.3432285209204692e-05,18.275859881320653,1.636959844165486
,,,,,33396.75146210313,15700.0,0.32331513178055443,25689.80881700241,0.0001343228520920469,5.908862045932135,7.681520659711775,10.0,198.0,1.3432285209204692e-05,18.275859881320653,1.6362935552230835
,,,,,33404.43617408815,15710.0,0.32344945463264646,25695.720133913965,0.0001343228520920469,5.9113169115558275,7.684711985022576,10.0,198.0,1.3432285209204692e-05,18.275859881320653,1.6356282707774643
,,,,,33412.12407739848,15720.0,0.3235837774847385,25701.633905691146,0.0001343228520920469,5.913771777179521,7.687903310333378,10.0,198.0,1.3432285209204692e-05,18.275859881320653,1.6349639889116505
,,,,,33419.81517203413,15730.0,0.3237181003368305,25707.55013233395,0.0001343228520920469,5.916226642803214,7.691094635644179,10.0,198.0,1.3432285209204692e-05,18.275859881320653,1.6343007077135376
,,,,,33481.360672914976,15820.0,0.32387191574560364,25754.892825319217,0.00015381540877310387,47.342692985268116,61.54550088084855,10.0,213.0,1.538154087731039e-05,146.1772098277736,1.6279957538128456
,,,,,33542.93540339529,15830.0,0.3240257311543768,25802.25800261177,0.00015381540877310387,47.36517729255109,61.57473048031642,10.0,213.0,1.538154087731039e-05,146.1772098277736,1.629959444258482
,,,,,33604.53936347507,15840.0,0.3241795465631499,25849.645664211603,0.00015381540877310387,47.38766159983406,61.60396007978428,10.0,213.0,1.538154087731039e-05,146.1772098277736,1.6319220747608334
,,,,,33666.17255315433,15850.0,0.32433336197192303,25897.05581011872,0.00015381540877310387,47.41014590711704,61.633189679252155,10.0,213.0,1.538154087731039e-05,146.1772098277736,1.6338836473261023
,,,,,33727.83497243305,15860.0,0.32448717738069616,25944.48844033312,0.00015381540877310387,47.432630214400014,61.66241927872002,10.0,213.0,1.538154087731039e-05,146.1772098277736,1.63584416395543
,,,,,33789.52662131123,15870.0,0.3246409927894693,25991.943554854803,0.00015381540877310387,47.45511452168299,61.691648878187884,10.0,213.0,1.538154087731039e-05,146.1772098277736,1.6378036266449152
,,,,,33851.247499788886,15880.0,0.3247948081982424,26039.42115368377,0.00015381540877310387,47.47759882896596,61.72087847765575,10.0,213.0,1.538154087731039e-05,146.1772098277736,1.6397620373856276
,,,,,33912.99760786601,15890.0,0.32494862360701554,26086.921236820017,0.00015381540877310387,47.50008313624893,61.75010807712361,10.0,213.0,1.538154087731039e-05,146.1772098277736,1.641719398163626
,,,,,33974.7769455426,15900.0,0.32510243901578867,26134.44380426355,0.00015381540877310387,47.52256744353191,61.77933767659149,10.0,213.0,1.538154087731039e-05,146.1772098277736,1.6436757109599716
,,,,,34036.58551281866,15910.0,0.3252562544245618,26181.988856014363,0.00015381540877310387,47.545051750814885,61.80856727605935,10.0,213.0,1.538154087731039e-05,146.1772098277736,1.6456309777507456
,,,,,34098.42330969419,15920.0,0.3254100698333349,26229.55639207246,0.00015381540877310387,47.56753605809786,61.83779687552722,10.0,213.0,1.538154087731039e-05,146.1772098277736,1.6475852005070641
,,,,,34160.290336169186,15930.0,0.32556388524210805,26277.14641243784,0.00015381540877310387,47.59002036538083,61.86702647499508,10.0,213.0,1.538154087731039e-05,146.1772098277736,1.6495383811950934
,,,,,34222.18659224365,15940.0,0.3257177006508812,26324.758917110503,0.00015381540877310387,47.6125046726638,61.89625607446295,10.0,213.0,1.538154087731039e-05,146.1772098277736,1.6514905217760667
,,,,,34284.112077917576,15950.0,0.3258715160596543,26372.39390609045,0.00015381540877310387,47.63498897994678,61.92548567393082,10.0,213.0,1.538154087731039e-05,146.1772098277736,1.6534416242062977
,,,,,34346.06679319098,15960.0,0.32602533146842744,26420.051379377677,0.00015381540877310387,47.657473287229756,61.95471527339868,10.0,213.0,1.538154087731039e-05,146.1772098277736,1.655391690437198
,,,,,34408.050738063845,15970.0,0.32617914687720057,26467.73133697219,0.00015381540877310387,47.67995759451273,61.98394487286655,10.0,213.0,1.538154087731039e-05,146.1772098277736,1.6573407224152905
,,,,,34470.06391253618,15980.0,0.3263329622859737,26515.433778873983,0.00015381540877310387,47.7024419017957,62.01317447233441,10.0,213.0,1.538154087731039e-05,146.1772098277736,1.6592887220822268
,,,,,34532.10631660798,15990.0,0.3264867776947468,26563.15870508306,0.00015381540877310387,47.72492620907868,62.04240407180229,10.0,213.0,1.538154087731039e-05,146.1772098277736,1.6612356913748005
,,,,,34594.17795027925,16000.0,0.32664059310351995,26610.90611559942,0.00015381540877310387,47.747410516361654,62.07163367127015,10.0,213.0,1.538154087731039e-05,146.1772098277736,1.6631816322249637
,,,,,34656.27881354999,16010.0,0.3267944085122931,26658.676010423063,0.00015381540877310387,47.76989482364463,62.10086327073802,10.0,213.0,1.538154087731039e-05,146.1772098277736,1.6651265465598415
,,,,,34681.93183672282,16020.0,0.3272574955338736,26678.4091051714,0.0004630870215805401,19.733094748333855,25.65302317283401,10.0,207.0,4.630870215805401e-05,60.29837365876722,1.6653189204226841
,,,,,34707.6211603082,16030.0,0.32772058255545417,26698.170123313997,0.0004630870215805401,19.761018142597646,25.68932358537694,10.0,207.0,4.630870215805401e-05,60.29837365876722,1.665512796214223
,,,,,34733.346784306115,16040.0,0.3281836695770347,26717.95906485086,0.0004630870215805401,19.788941536861433,25.725623997919865,10.0,207.0,4.630870215805401e-05,60.29837365876722,1.6657081711253654
,,,,,34759.10870871658,16050.0,0.32864675659861525,26737.775929781987,0.0004630870215805401,19.816864931125224,25.761924410462793,10.0,207.0,4.630870215805401e-05,60.29837365876722,1.6659050423540178
,,,,,34784.90693353958,16060.0,0.3291098436201958,26757.620718107377,0.0004630870215805401,19.84478832538901,25.798224823005715,10.0,207.0,4.630870215805401e-05,60.29837365876722,1.666103407105067
,,,,,34796.950602784535,16070.0,0.32922794661739596,26766.885079065032,0.0001181029972001586,9.264360957654228,12.043669244950497,10.0,246.0,1.181029972001586e-05,28.13965537506624,1.665643128753269
,,,,,34808.998592420416,16080.0,0.3293460496145961,26776.152763400325,0.0001181029972001586,9.267684335294202,12.047989635882463,10.0,246.0,1.181029972001586e-05,28.13965537506624,1.665183629564697
,,,,,34821.05090244723,16090.0,0.3294641526117963,26785.42377111326,0.0001181029972001586,9.271007712934178,12.052310026814432,10.0,246.0,1.181029972001586e-05,28.13965537506624,1.6647249080865916
,,,,,34833.107532864975,16100.0,0.32958225560899646,26794.698102203834,0.0001181029972001586,9.274331090574153,12.0566304177464,10.0,246.0,1.181029972001586e-05,28.13965537506624,1.6642669628698035
,,,,,34845.16848367365,16110.0,0.3297003586061966,26803.975756672047,0.0001181029972001586,9.277654468214127,12.060950808678365,10.0,246.0,1.181029972001586e-05,28.13965537506624,1.66380979246878
,,,,,34857.23375487326,16120.0,0.3298184616033968,26813.2567345179,0.0001181029972001586,9.280977845854103,12.065271199610335,10.0,246.0,1.181029972001586e-05,28.13965537506624,1.6633533954415571
,,,,,34869.30334646381,16130.0,0.32993656460059695,26822.541035741397,0.0001181029972001586,9.284301223494078,12.069591590542302,10.0,246.0,1.181029972001586e-05,28.13965537506624,1.6628977703497456
,,,,,34881.37725844528,16140.0,0.3300546675977971,26831.82866034253,0.0001181029972001586,9.287624601134054,12.07391198147427,10.0,246.0,1.181029972001586e-05,28.13965537506624,1.662442915758521
,,,,,34893.45549081769,16150.0,0.3301727705949973,26841.119608321304,0.0001181029972001586,9.290947978774028,12.078232372406237,10.0,246.0,1.181029972001586e-05,28.13965537506624,1.6619888302366133
,,,,,34939.08141856383,16160.0,0.3302782986097589,26876.216475818335,0.00010552801476162483,35.09686749703321,45.62592774614318,10.0,157.0,1.0552801476162483e-05,106.26452795950121,1.6631322076620256
,,,,,34984.72192436005,16170.0,0.3303838266245205,26911.324557200045,0.00010552801476162483,35.10808138170836,45.64050579622087,10.0,157.0,1.0552801476162483e-05,106.26452795950121,1.66427486439085
,,,,,35030.37700820635,16180.0,0.3304893546392821,26946.44385246643,0.00010552801476162483,35.1192952663835,45.65508384629855,10.0,157.0,1.0552801476162483e-05,106.26452795950121,1.6654168017593591
,,,,,35076.046670102725,16230.0,0.3305948826540437,26981.574361617488,0.00010552801476162483,35.13050915105865,45.66966189637624,10.0,157.0,1.0552801476162483e-05,106.26452795950121,1.662450669230899
,,,,,35121.73091004918,16240.0,0.3307004106688053,27016.71608465322,0.00010552801476162483,35.14172303573379,45.68423994645393,10.0,157.0,1.0552801476162483e-05,106.26452795950121,1.663590891912144
,,,,,35167.42972804571,16250.0,0.3308059386835669,27051.869021573628,0.00010552801476162483,35.15293692040893,45.698817996531616,10.0,157.0,1.0552801476162483e-05,106.26452795950121,1.6647304013276079
,,,,,35186.70896900435,16260.0,0.33084780279449166,27066.69920692643,4.1864110924794385e-05,14.83018535280126,19.27924095864164,10.0,226.0,4.186411092479439e-06,44.82479625839658,1.6646186474124496
,,,,,35205.990649478306,16270.0,0.33088966690541644,27081.531268829476,4.1864110924794385e-05,14.832061903044002,19.281680473957202,10.0,226.0,4.186411092479439e-06,44.82479625839658,1.664507146209556
,,,,,35225.27476946758,16280.0,0.3309315310163412,27096.365207282764,4.1864110924794385e-05,14.833938453286743,19.284119989272767,10.0,226.0,4.186411092479439e-06,44.82479625839658,1.664395897253241
,,,,,35244.561328972166,16290.0,0.330973395127266,27111.201022286295,4.1864110924794385e-05,14.835815003529486,19.286559504588332,10.0,226.0,4.186411092479439e-06,44.82479625839658,1.6642849000789623
,,,,,35263.85032799207,16300.0,0.33101525923819075,27126.03871384007,4.1864110924794385e-05,14.837691553772228,19.288999019903898,10.0,226.0,4.186411092479439e-06,44.82479625839658,1.664174154223317
,,,,,35283.14176652729,16310.0,0.3310571233491155,27140.878281944086,4.1864110924794385e-05,14.839568104014969,19.29143853521946,10.0,226.0,4.186411092479439e-06,44.82479625839658,1.6640636592240396
,,,,,35302.435644577825,16320.0,0.3310989874600403,27155.719726598345,4.1864110924794385e-05,14.84144465425771,19.293878050535024,10.0,226.0,4.186411092479439e-06,44.82479625839658,1.6639534146199966
,,,,,35321.731962143676,16330.0,0.33114085157096507,27170.563047802847,4.1864110924794385e-05,14.843321204500453,19.29631756585059,10.0,226.0,4.186411092479439e-06,44.82479625839658,1.6638434199511847
,,,,,35341.030719224844,16340.0,0.33118271568188984,27185.40824555759,4.1864110924794385e-05,14.845197754743195,19.298757081166155,10.0,226.0,4.186411092479439e-06,44.82479625839658,1.6637336747587266
,,,,,35360.33191582133,16350.0,0.3312245797928146,27200.25531986258,4.1864110924794385e-05,14.847074304985936,19.301196596481716,10.0,226.0,4.186411092479439e-06,44.82479625839658,1.6636241785848673
,,,,,35379.63555193313,16360.0,0.3312664439037394,27215.10427071781,4.1864110924794385e-05,14.848950855228678,19.30363611179728,10.0,226.0,4.186411092479439e-06,44.82479625839658,1.6635149309729713
,,,,,35398.94162756024,16370.0,0.33130830801466415,27229.955098123282,4.1864110924794385e-05,14.85082740547142,19.306075627112847,10.0,226.0,4.186411092479439e-06,44.82479625839658,1.6634059314675187
,,,,,35418.25014270267,16380.0,0.3313501721255889,27244.807802078998,4.1864110924794385e-05,14.852703955714162,19.308515142428412,10.0,226.0,4.186411092479439e-06,44.82479625839658,1.6632971796141025
,,,,,35437.56109736042,16390.0,0.3313920362365137,27259.662382584957,4.1864110924794385e-05,14.854580505956903,19.310954657743974,10.0,226.0,4.186411092479439e-06,44.82479625839658,1.6631886749594238
,,,,,35456.87449153348,16400.0,0.33143390034743847,27274.518839641158,4.1864110924794385e-05,14.856457056199645,19.31339417305954,10.0,226.0,4.186411092479439e-06,44.82479625839658,1.66308041705129
,,,,,35476.190325221854,16410.0,0.33147576445836324,27289.3771732476,4.1864110924794385e-05,14.858333606442388,19.315833688375104,10.0,226.0,4.186411092479439e-06,44.82479625839658,1.6629724054386108
,,,,,35495.50859842554,16420.0,0.331517628569288,27304.23738340429,4.1864110924794385e-05,14.86021015668513,19.31827320369067,10.0,226.0,4.186411092479439e-06,44.82479625839658,1.662864639671394
,,,,,35514.829311144545,16430.0,0.3315594926802128,27319.099470111218,4.1864110924794385e-05,14.86208670692787,19.32071271900623,10.0,226.0,4.186411092479439e-06,44.82479625839658,1.6627571193007435
,,,,,35534.152463378865,16440.0,0.33160135679113756,27333.96343336839,4.1864110924794385e-05,14.863963257170612,19.323152234321796,10.0,226.0,4.186411092479439e-06,44.82479625839658,1.6626498438788557
,,,,,35553.4780551285,16450.0,0.33164322090206233,27348.829273175805,4.1864110924794385e-05,14.865839807413355,19.32559174963736,10.0,226.0,4.186411092479439e-06,44.82479625839658,1.6625428129590154
,,,,,35572.80608639345,16460.0,0.3316850850129871,27363.696989533462,4.1864110924794385e-05,14.867716357656096,19.328031264952926,10.0,226.0,4.186411092479439e-06,44.82479625839658,1.662436026095593
,,,,,35580.7490165309,16470.0,0.33206164718910586,27369.806935793036,0.0003765621761187818,6.109946259573265,7.942930137445245,10.0,146.0,3.7656217611878183e-05,18.400035991189643,1.6617976281598685
,,,,,35588.700954053216,16480.0,0.3324382093652246,27375.923810810204,0.0003765621761187818,6.1168750171667705,7.951937522316802,10.0,146.0,3.7656217611878183e-05,18.400035991189643,1.6611604254132406
,,,,,35596.6618989604,16490.0,0.33281477154134337,27382.047614584964,0.0003765621761187818,6.123803774760277,7.9609449071883605,10.0,146.0,3.7656217611878183e-05,18.400035991189643,1.66052441568132
,,,,,35604.63185125246,16500.0,0.3331913337174621,27388.17834711732,0.0003765621761187818,6.1307325323537825,7.969952292059918,10.0,146.0,3.7656217611878183e-05,18.400035991189643,1.659889596794989
,,,,,35612.61081092939,16510.0,0.3335678958935809,27394.316008407266,0.0003765621761187818,6.137661289947288,7.978959676931475,10.0,146.0,3.7656217611878183e-05,18.400035991189643,1.6592559665903857
,,,,,35620.598777991196,16520.0,0.33394445806969963,27400.460598454807,0.0003765621761187818,6.1445900475407935,7.987967061803032,10.0,146.0,3.7656217611878183e-05,18.400035991189643,1.6586235229088866
,,,,,35628.59575243787,16530.0,0.3343210202458184,27406.61211725994,0.0003765621761187818,6.1515188051343,7.9969744466745905,10.0,146.0,3.7656217611878183e-05,18.400035991189643,1.6579922635970927
,,,,,35636.60173426942,16540.0,0.33469758242193715,27412.77056482267,0.0003765621761187818,6.1584475627278055,8.005981831546148,10.0,146.0,3.7656217611878183e-05,18.400035991189643,1.657362186506812
,,,,,35758.157987310835,16550.0,0.3349220697691729,27506.275374854526,0.0002244873472357442,93.50481003185764,121.55625304141495,10.0,152.0,2.244873472357442e-05,279.18378175645705,1.6620105966679473
,,,,,35879.795715546774,16560.0,0.3351465571164086,27599.84285811294,0.0002244873472357442,93.5674832584154,121.63772823594002,10.0,152.0,2.244873472357442e-05,279.18378175645705,1.6666571774222791
,,,,,36001.51491897724,16570.0,0.33537104446364435,27693.473014597916,0.0002244873472357442,93.63015648497314,121.71920343046509,10.0,152.0,2.244873472357442e-05,279.18378175645705,1.6713019320819502
,,,,,36009.40414360764,16580.0,0.33544572601061745,27699.541648928986,7.468154697307446e-05,6.06863433107164,7.889224630393132,10.0,94.0,7.468154697307445e-06,18.091255486378017,1.6706599305747276
,,,,,36017.29512464586,16590.0,0.33552040755759055,27705.611634343004,7.468154697307446e-05,6.069985414018048,7.890981038223463,10.0,94.0,7.468154697307445e-06,18.091255486378017,1.6700187844691383
,,,,,36025.187862091916,16600.0,0.33559508910456365,27711.682970839967,7.468154697307446e-05,6.071336496964457,7.892737446053794,10.0,94.0,7.468154697307445e-06,18.091255486378017,1.6693784922192751
,,,,,36057.32409578846,16610.0,0.3358256068553055,27736.40315060654,0.00023051775074186084,24.72017976657306,32.13623369654498,10.0,225.0,2.3051775074186083e-05,73.61016927224388,1.6698617188805864
,,,,,36089.48238847085,16620.0,0.33605612460604734,27761.140298823764,0.00023051775074186084,24.737148217225425,32.15829268239305,10.0,225.0,2.3051775074186083e-05,73.61016927224388,1.6703453850074468
,,,,,36120.76830495148,16630.0,0.336258179166838,27785.206388424245,0.00020205456079066045,24.066089600482773,31.285916480627606,10.0,217.0,2.0205456079066044e-05,71.5702727592007,1.6707881171632137
,,,,,36152.073020862146,16640.0,0.3364602337276286,27809.286939124755,0.00020205456079066045,24.080550700510802,31.304715910664044,10.0,217.0,2.0205456079066044e-05,71.5702727592007,1.671231186245478
,,,,,36183.39653620285,16650.0,0.33666228828841926,27833.381950925293,0.00020205456079066045,24.095011800538828,31.323515340700478,10.0,217.0,2.0205456079066044e-05,71.5702727592007,1.6716745916471647
,,,,,36214.73885097358,16660.0,0.3368643428492099,27857.49142382586,0.00020205456079066045,24.109472900566853,31.34231477073691,10.0,217.0,2.0205456079066044e-05,71.5702727592007,1.6721183327626568
,,,,,36246.099965174355,16670.0,0.33706639741000055,27881.615357826457,0.00020205456079066045,24.123934000594883,31.361114200773347,10.0,217.0,2.0205456079066044e-05,71.5702727592007,1.6725624089877897
,,,,,36277.47987880516,16680.0,0.3372684519707912,27905.75375292708,0.00020205456079066045,24.13839510062291,31.37991363080978,10.0,217.0,2.0205456079066044e-05,71.5702727592007,1.673006819719849
,,,,,36308.87859186601,16690.0,0.33747050653158184,27929.90660912773,0.00020205456079066045,24.152856200650934,31.398713060846216,10.0,217.0,2.0205456079066044e-05,71.5702727592007,1.6734515643575634
,,,,,36340.29610435689,16700.0,0.3376725610923725,27954.07392642841,0.00020205456079066045,24.167317300678963,31.417512490882654,10.0,217.0,2.0205456079066044e-05,71.5702727592007,1.6738966423011024
,,,,,36382.23791272928,16710.0,0.33777428890953737,27986.336855945632,0.00010172781716491378,32.262929517223554,41.941808372390625,10.0,210.0,1.0172781716491377e-05,95.51623843656202,1.6748256646287032
,,,,,36424.192352757644,16720.0,0.33787601672670226,28018.609502121297,0.00010172781716491378,32.27264617566351,41.95444002836256,10.0,210.0,1.0172781716491377e-05,95.51623843656202,1.6757541568254364
,,,,,36466.159424441976,16730.0,0.33797774454386714,28050.8918649554,0.00010172781716491378,32.28236283410346,41.9670716843345,10.0,210.0,1.0172781716491377e-05,95.51623843656202,1.6766821198419246
,,,,,36508.139127782284,16740.0,0.33807947236103203,28083.183944447945,0.00010172781716491378,32.292079492543415,41.97970334030644,10.0,210.0,1.0172781716491377e-05,95.51623843656202,1.67760955462652
,,,,,36550.13146277856,16750.0,0.3381812001781969,28115.485740598928,0.00010172781716491378,32.301796150983364,41.99233499627837,10.0,210.0,1.0172781716491377e-05,95.51623843656202,1.6785364621253092
,,,,,36592.136429430815,16760.0,0.3382829279953618,28147.797253408353,0.00010172781716491378,32.31151280942332,42.00496665225032,10.0,210.0,1.0172781716491377e-05,95.51623843656202,1.6794628432821213
,,,,,36634.15402773904,16770.0,0.3383846558125267,28180.118482876216,0.00010172781716491378,32.32122946786327,42.017598308222254,10.0,210.0,1.0172781716491377e-05,95.51623843656202,1.6803886990385342
,,,,,36676.18425770323,16780.0,0.3384863836296916,28212.449429002518,0.00010172781716491378,32.330946126303225,42.03022996419419,10.0,210.0,1.0172781716491377e-05,95.51623843656202,1.6813140303338807
,,,,,36718.2271193234,16790.0,0.33858811144685647,28244.79009178726,0.00010172781716491378,32.340662784743174,42.04286162016613,10.0,210.0,1.0172781716491377e-05,95.51623843656202,1.6822388381052569
,,,,,36760.282612599534,16800.0,0.33868983926402135,28277.140471230443,0.00010172781716491378,32.35037944318313,42.05549327613807,10.0,210.0,1.0172781716491377e-05,95.51623843656202,1.6831631232875264
,,,,,36802.35073753165,16810.0,0.33879156708118624,28309.500567332067,0.00010172781716491378,32.36009610162308,42.06812493211,10.0,210.0,1.0172781716491377e-05,95.51623843656202,1.6840868868133294
,,,,,36844.43149411973,16820.0,0.3388932948983511,28341.87038009213,0.00010172781716491378,32.369812760063034,42.08075658808195,10.0,210.0,1.0172781716491377e-05,95.51623843656202,1.6850101296130873
,,,,,36886.52488236378,16830.0,0.338995022715516,28374.249909510632,0.00010172781716491378,32.37952941850298,42.09338824405388,10.0,210.0,1.0172781716491377e-05,95.51623843656202,1.6859328526150108
,,,,,36928.63090226381,16840.0,0.3390967505326809,28406.639155587574,0.00010172781716491378,32.38924607694294,42.10601990002582,10.0,210.0,1.0172781716491377e-05,95.51623843656202,1.6868550567451053
,,,,,36970.749553819805,16850.0,0.3391984783498458,28439.03811832296,0.00010172781716491378,32.39896273538289,42.11865155599776,10.0,210.0,1.0172781716491377e-05,95.51623843656202,1.6877767429271786
,,,,,37012.88083703178,16860.0,0.3393002061670107,28471.44679771678,0.00010172781716491378,32.408679393822844,42.1312832119697,10.0,210.0,1.0172781716491377e-05,95.51623843656202,1.6886979120828458
,,,,,37055.02475189972,16870.0,0.33940193398417556,28503.865193769045,0.00010172781716491378,32.41839605226279,42.14391486794163,10.0,210.0,1.0172781716491377e-05,95.51623843656202,1.6896185651315379
,,,,,37097.18129842363,16880.0,0.33950366180134045,28536.293306479747,0.00010172781716491378,32.42811271070275,42.156546523913576,10.0,210.0,1.0172781716491377e-05,95.51623843656202,1.6905387029905063
,,,,,37139.35047660352,16890.0,0.33960538961850534,28568.73113584889,0.00010172781716491378,32.4378293691427,42.169178179885506,10.0,210.0,1.0172781716491377e-05,95.51623843656202,1.6914583265748309
,,,,,37181.532286439375,16900.0,0.3397071174356702,28601.178681876474,0.00010172781716491378,32.44754602758265,42.18180983585745,10.0,210.0,1.0172781716491377e-05,95.51623843656202,1.6923774367974245
,,,,,37223.72672793121,16910.0,0.3398088452528351,28633.635944562495,0.00010172781716491378,32.4572626860226,42.19444149182939,10.0,210.0,1.0172781716491377e-05,95.51623843656202,1.6932960345690418
,,,,,37265.93380107901,16920.0,0.33991057307,28666.102923906958,0.00010172781716491378,32.46697934446256,42.207073147801324,10.0,210.0,1.0172781716491377e-05,95.51623843656202,1.6942141207982835
,,,,,37308.15350588278,16930.0,0.3400123008871649,28698.57961990986,0.00010172781716491378,32.47669600290251,42.21970480377326,10.0,210.0,1.0172781716491377e-05,95.51623843656202,1.695131696391604
,,,,,37350.385842342526,16940.0,0.3401140287043298,28731.0660325712,0.00010172781716491378,32.48641266134246,42.232336459745206,10.0,210.0,1.0172781716491377e-05,95.51623843656202,1.6960487622533176
,,,,,37392.63081045824,16950.0,0.34021575652149466,28763.562161890983,0.00010172781716491378,32.49612931978241,42.244968115717136,10.0,210.0,1.0172781716491377e-05,95.51623843656202,1.6969653192856038
,,,,,37434.888410229934,16960.0,0.34031748433865955,28796.068007869206,0.00010172781716491378,32.50584597822237,42.25759977168908,10.0,210.0,1.0172781716491377e-05,95.51623843656202,1.6978813683885146
,,,,,37477.158641657596,16970.0,0.34041921215582444,28828.583570505867,0.00010172781716491378,32.51556263666232,42.27023142766102,10.0,210.0,1.0172781716491377e-05,95.51623843656202,1.6987969104599805
,,,,,37519.441504741226,16980.0,0.3405209399729893,28861.10884980097,0.00010172781716491378,32.52527929510227,42.282863083632954,10.0,210.0,1.0172781716491377e-05,95.51623843656202,1.6997119463958168
,,,,,37561.73699948083,16990.0,0.3406226677901542,28893.643845754512,0.00010172781716491378,32.53499595354222,42.29549473960489,10.0,210.0,1.0172781716491377e-05,95.51623843656202,1.70062647708973
,,,,,37604.04512587641,17000.0,0.3407243956073191,28926.188558366495,0.00010172781716491378,32.54471261198218,42.308126395576835,10.0,210.0,1.0172781716491377e-05,95.51623843656202,1.7015405034333233
,,,,,37646.36588392796,17010.0,0.340826123424484,28958.742987636917,0.00010172781716491378,32.554429270422126,42.320758051548765,10.0,210.0,1.0172781716491377e-05,95.51623843656202,1.7024540263161032
,,,,,37688.69927363548,17020.0,0.34092785124164887,28991.30713356578,0.00010172781716491378,32.56414592886208,42.33338970752071,10.0,210.0,1.0172781716491377e-05,95.51623843656202,1.7033670466254864
,,,,,37731.04529499897,17030.0,0.34102957905881376,29023.880996153082,0.00010172781716491378,32.57386258730203,42.34602136349264,10.0,210.0,1.0172781716491377e-05,95.51623843656202,1.7042795652468046
,,,,,37773.40394801844,17040.0,0.34113130687597865,29056.464575398826,0.00010172781716491378,32.58357924574199,42.35865301946458,10.0,210.0,1.0172781716491377e-05,95.51623843656202,1.7051915830633113
,,,,,37815.77523269387,17050.0,0.34123303469314353,29089.057871303008,0.00010172781716491378,32.593295904181936,42.37128467543652,10.0,210.0,1.0172781716491377e-05,95.51623843656202,1.7061031009561882
,,,,,37858.15914902528,17060.0,0.3413347625103084,29121.66088386563,0.00010172781716491378,32.60301256262189,42.383916331408464,10.0,210.0,1.0172781716491377e-05,95.51623843656202,1.7070141198045503
,,,,,37900.55569701266,17070.0,0.3414364903274733,29154.27361308669,0.00010172781716491378,32.61272922106184,42.396547987380394,10.0,210.0,1.0172781716491377e-05,95.51623843656202,1.7079246404854536
,,,,,37942.96487665601,17080.0,0.3415382181446382,29186.89605896619,0.00010172781716491378,32.6224458795018,42.40917964335234,10.0,210.0,1.0172781716491377e-05,95.51623843656202,1.7088346638738987
,,,,,37951.96774405597,17090.0,0.34200864292873456,29193.82134158154,0.000470424784096392,6.9252826153483085,9.002867399952802,10.0,125.0,4.7042478409639196e-05,20.248852648999726,1.7082399848789667
,,,,,37960.982994686696,17100.0,0.34247906771283093,29200.756149759025,0.000470424784096392,6.934808177483913,9.015250630729087,10.0,125.0,4.7042478409639196e-05,20.248852648999726,1.7076465584654401
,,,,,37970.0106285482,17110.0,0.3429494924969273,29207.700483498644,0.000470424784096392,6.944333739619518,9.027633861505374,10.0,125.0,4.7042478409639196e-05,20.248852648999726,1.707054382437092
,,,,,37979.050645640484,17120.0,0.34341991728102367,29214.6543428004,0.000470424784096392,6.953859301755123,9.04001709228166,10.0,125.0,4.7042478409639196e-05,20.248852648999726,1.7064634546028272
,,,,,37988.103045963544,17130.0,0.34389034206512004,29221.617727664292,0.000470424784096392,6.963384863890727,9.052400323057945,10.0,125.0,4.7042478409639196e-05,20.248852648999726,1.7058737727766662
,,,,,37997.16782951738,17140.0,0.3443607668492164,29228.590638090318,0.000470424784096392,6.972910426026333,9.064783553834234,10.0,125.0,4.7042478409639196e-05,20.248852648999726,1.7052853347777315
,,,,,38006.24499630199,17150.0,0.3448311916333128,29235.57307407848,0.000470424784096392,6.982435988161938,9.077166784610519,10.0,125.0,4.7042478409639196e-05,20.248852648999726,1.704698138430232
,,,,,38015.334546317375,17160.0,0.34530161641740914,29242.565035628777,0.000470424784096392,6.9919615502975425,9.089550015386806,10.0,125.0,4.7042478409639196e-05,20.248852648999726,1.7041121815634486
,,,,,38024.43647956354,17170.0,0.3457720412015055,29249.56652274121,0.000470424784096392,7.001487112433147,9.101933246163092,10.0,125.0,4.7042478409639196e-05,20.248852648999726,1.7035274620117187
,,,,,38033.55079604048,17180.0,0.3462424659856019,29256.577535415778,0.000470424784096392,7.011012674568752,9.114316476939377,10.0,125.0,4.7042478409639196e-05,20.248852648999726,1.7029439776144224
,,,,,38042.6774957482,17190.0,0.34671289076969825,29263.598073652483,0.000470424784096392,7.020538236704357,9.126699707715664,10.0,125.0,4.7042478409639196e-05,20.248852648999726,1.7023617262159676
,,,,,38051.81657868669,17200.0,0.3471833155537946,29270.628137451324,0.000470424784096392,7.030063798839962,9.139082938491951,10.0,125.0,4.7042478409639196e-05,20.248852648999726,1.7017807056657746
,,,,,38060.96804485596,17210.0,0.347653740337891,29277.6677268123,0.000470424784096392,7.039589360975567,9.151466169268238,10.0,125.0,4.7042478409639196e-05,20.248852648999726,1.7012009138182627
,,,,,38070.131894256,17220.0,0.34812416512198735,29284.71684173541,0.000470424784096392,7.049114923111172,9.163849400044525,10.0,125.0,4.7042478409639196e-05,20.248852648999726,1.7006223485328347
,,,,,38079.308126886826,17230.0,0.3485945899060837,29291.77548222066,0.000470424784096392,7.058640485246777,9.17623263082081,10.0,125.0,4.7042478409639196e-05,20.248852648999726,1.700045007673863
,,,,,38088.49674274842,17240.0,0.3490650146901801,29298.84364826804,0.000470424784096392,7.068166047382381,9.188615861597096,10.0,125.0,4.7042478409639196e-05,20.248852648999726,1.6994688891106753
,,,,,38097.6977418408,17250.0,0.34953543947427645,29305.921339877557,0.000470424784096392,7.077691609517986,9.200999092373381,10.0,125.0,4.7042478409639196e-05,20.248852648999726,1.6988939907175395
,,,,,38106.91112416395,17260.0,0.3500058642583728,29313.008557049212,0.000470424784096392,7.087217171653591,9.213382323149668,10.0,125.0,4.7042478409639196e-05,20.248852648999726,1.6983203103736508
,,,,,38116.136889717876,17270.0,0.3504762890424692,29320.105299783,0.000470424784096392,7.096742733789196,9.225765553925955,10.0,125.0,4.7042478409639196e-05,20.248852648999726,1.6977478459631152
,,,,,38125.37503850258,17290.0,0.35094671382656556,29327.211568078925,0.000470424784096392,7.106268295924801,9.238148784702242,10.0,125.0,4.7042478409639196e-05,20.248852648999726,1.696195001045629
,,,,,38134.62557051806,17300.0,0.3514171386106619,29334.327361936987,0.000470424784096392,7.115793858060406,9.250532015478528,10.0,125.0,4.7042478409639196e-05,20.248852648999726,1.695625859071502
,,,,,38143.88848576431,17310.0,0.3518875633947583,29341.452681357183,0.000470424784096392,7.125319420196011,9.262915246254813,10.0,125.0,4.7042478409639196e-05,20.248852648999726,1.695057924977307
,,,,,38153.16378424135,17320.0,0.35235798817885466,29348.587526339514,0.000470424784096392,7.134844982331615,9.2752984770311,10.0,125.0,4.7042478409639196e-05,20.248852648999726,1.6944911966708727
,,,,,38162.451465949154,17330.0,0.35282841296295103,29355.731896883983,0.000470424784096392,7.14437054446722,9.287681707807387,10.0,125.0,4.7042478409639196e-05,20.248852648999726,1.6939256720648577
,,,,,38171.75153088774,17340.0,0.3532988377470474,29362.885792990586,0.000470424784096392,7.153896106602825,9.300064938583672,10.0,125.0,4.7042478409639196e-05,20.248852648999726,1.693361349076735
,,,,,38181.0639790571,17350.0,0.35376926253114377,29370.049214659324,0.000470424784096392,7.1634216687384304,9.31244816935996,10.0,125.0,4.7042478409639196e-05,20.248852648999726,1.6927982256287795
,,,,,38190.38881045724,17360.0,0.35423968731524014,29377.222161890197,0.000470424784096392,7.172947230874035,9.324831400136246,10.0,125.0,4.7042478409639196e-05,20.248852648999726,1.6922362996480529
,,,,,38199.72602508815,17370.0,0.3547101120993365,29384.404634683207,0.000470424784096392,7.18247279300964,9.337214630912532,10.0,125.0,4.7042478409639196e-05,20.248852648999726,1.6916755690663907
,,,,,38209.075622949844,17380.0,0.3551805368834329,29391.596633038353,0.000470424784096392,7.191998355145245,9.34959786168882,10.0,125.0,4.7042478409639196e-05,20.248852648999726,1.6911160318203886
,,,,,38218.43760404231,17390.0,0.35565096166752924,29398.798156955632,0.000470424784096392,7.201523917280849,9.361981092465104,10.0,125.0,4.7042478409639196e-05,20.248852648999726,1.6905576858513878
,,,,,38227.81196836555,17400.0,0.3561213864516256,29406.00920643505,0.000470424784096392,7.211049479416454,9.374364323241391,10.0,125.0,4.7042478409639196e-05,20.248852648999726,1.6900005291054627
,,,,,38237.19871591957,17410.0,0.356591811235722,29413.229781476603,0.000470424784096392,7.22057504155206,9.386747554017678,10.0,125.0,4.7042478409639196e-05,20.248852648999726,1.6894445595334062
,,,,,38246.59784670437,17420.0,0.35706223601981835,29420.45988208029,0.000470424784096392,7.2301006036876645,9.399130784793964,10.0,125.0,4.7042478409639196e-05,20.248852648999726,1.688889775090717
,,,,,38256.00936071994,17430.0,0.3575326608039147,29427.699508246114,0.000470424784096392,7.239626165823269,9.41151401557025,10.0,125.0,4.7042478409639196e-05,20.248852648999726,1.6883361737375855
,,,,,38265.43325796629,17440.0,0.3580030855880111,29434.948659974074,0.000470424784096392,7.249151727958874,9.423897246346536,10.0,125.0,4.7042478409639196e-05,20.248852648999726,1.6877837534388804
,,,,,38274.86953844341,17450.0,0.35847351037210745,29442.207337264168,0.000470424784096392,7.258677290094479,9.436280477122823,10.0,125.0,4.7042478409639196e-05,20.248852648999726,1.6872325121641356
,,,,,38284.31820215131,17460.0,0.3589439351562038,29449.475540116397,0.000470424784096392,7.268202852230083,9.448663707899108,10.0,125.0,4.7042478409639196e-05,20.248852648999726,1.686682447887537
,,,,,38293.77924908999,17470.0,0.3594143599403002,29456.753268530763,0.000470424784096392,7.277728414365688,9.461046938675395,10.0,125.0,4.7042478409639196e-05,20.248852648999726,1.6861335585879087
,,,,,38303.25267925944,17480.0,0.35988478472439656,29464.040522507265,0.000470424784096392,7.287253976501294,9.473430169451682,10.0,125.0,4.7042478409639196e-05,20.248852648999726,1.6855858422486993
,,,,,38312.73849265967,17490.0,0.3603552095084929,29471.3373020459,0.000470424784096392,7.2967795386368985,9.485813400227968,10.0,125.0,4.7042478409639196e-05,20.248852648999726,1.6850392968579704
,,,,,38322.23668929068,17500.0,0.3608256342925893,29478.643607146674,0.000470424784096392,7.306305100772503,9.498196631004255,10.0,125.0,4.7042478409639196e-05,20.248852648999726,1.6844939204083813
,,,,,38331.74726915246,17510.0,0.36129605907668566,29485.959437809583,0.000470424784096392,7.315830662908108,9.51057986178054,10.0,125.0,4.7042478409639196e-05,20.248852648999726,1.6839497108971777
,,,,,38341.27023224501,17520.0,0.36176648386078203,29493.284794034626,0.000470424784096392,7.325356225043713,9.522963092556827,10.0,125.0,4.7042478409639196e-05,20.248852648999726,1.6834066663261773
,,,,,38350.80557856835,17530.0,0.3622369086448784,29500.619675821807,0.000470424784096392,7.3348817871793175,9.535346323333114,10.0,125.0,4.7042478409639196e-05,20.248852648999726,1.6828647847017573
,,,,,38360.35330812245,17540.0,0.36270733342897477,29507.964083171122,0.000470424784096392,7.344407349314922,9.547729554109399,10.0,125.0,4.7042478409639196e-05,20.248852648999726,1.6823240640348416
,,,,,38369.91342090734,17550.0,0.36317775821307113,29515.318016082572,0.000470424784096392,7.353932911450528,9.560112784885687,10.0,125.0,4.7042478409639196e-05,20.248852648999726,1.6817845023408873
,,,,,38383.437030263885,17560.0,0.3636481829971675,29525.720792510685,0.000470424784096392,10.402776428112599,13.523609356546379,10.0,129.0,4.7042478409639196e-05,28.606705366636266,1.6814191795279434
,,,,,38396.978134114586,17570.0,0.36411860778126387,29536.137026241995,0.000470424784096392,10.416233731308408,13.54110385070093,10.0,129.0,4.7042478409639196e-05,28.606705366636266,1.681055038488446
,,,,,38410.53673245944,17580.0,0.36458903256536024,29546.5667172765,0.000470424784096392,10.429691034504215,13.55859834485548,10.0,129.0,4.7042478409639196e-05,28.606705366636266,1.6806920772057166
,,,,,38424.11282529845,17590.0,0.3650594573494566,29557.0098656142,0.000470424784096392,10.443148337700023,13.57609283901003,10.0,129.0,4.7042478409639196e-05,28.606705366636266,1.6803302936676634
,,,,,38437.70641263161,17600.0,0.365529882133553,29567.466471255095,0.000470424784096392,10.456605640895832,13.593587333164582,10.0,129.0,4.7042478409639196e-05,28.606705366636266,1.6799696858667668
,,,,,38451.31749445893,17610.0,0.36600030691764934,29577.936534199187,0.000470424784096392,10.470062944091639,13.611081827319131,10.0,129.0,4.7042478409639196e-05,28.606705366636266,1.6796102518000675
,,,,,38464.9460707804,17620.0,0.3664707317017457,29588.420054446473,0.000470424784096392,10.483520247287448,13.628576321473682,10.0,129.0,4.7042478409639196e-05,28.606705366636266,1.6792519894691529
,,,,,38478.59214159603,17630.0,0.3669411564858421,29598.917031996956,0.000470424784096392,10.496977550483257,13.646070815628233,10.0,129.0,4.7042478409639196e-05,28.606705366636266,1.678894896880145
,,,,,38492.25570690582,17640.0,0.36741158126993845,29609.427466850637,0.000470424784096392,10.510434853679065,13.663565309782784,10.0,129.0,4.7042478409639196e-05,28.606705366636266,1.678538972043687
,,,,,38505.936766709754,17650.0,0.3678820060540348,29619.95135900751,0.000470424784096392,10.523892156874872,13.681059803937334,10.0,129.0,4.7042478409639196e-05,28.606705366636266,1.6781842129749298
,,,,,38531.67595853371,17660.0,0.3683524308381312,29639.750737333638,0.000470424784096392,19.799378326124508,25.73919182396186,10.0,79.0,4.7042478409639196e-05,53.751181391891365,1.6783550813892207
,,,,,38557.448022011944,17670.0,0.36882285562222755,29659.575401547663,0.000470424784096392,19.824664214025713,25.772063478233427,10.0,79.0,4.7042478409639196e-05,53.751181391891365,1.6785271874107337
,,,,,38583.25295714445,17680.0,0.3692932804063239,29679.425351649592,0.000470424784096392,19.849950101926918,25.804935132504994,10.0,79.0,4.7042478409639196e-05,53.751181391891365,1.6787005289394565
,,,,,38609.09076393122,17690.0,0.3697637051904203,29699.30058763942,0.000470424784096392,19.875235989828123,25.83780678677656,10.0,79.0,4.7042478409639196e-05,53.751181391891365,1.6788751038801255
,,,,,38634.96144237227,17700.0,0.37023412997451666,29719.20110951715,0.000470424784096392,19.90052187772933,25.870678441048128,10.0,79.0,4.7042478409639196e-05,53.751181391891365,1.679050910142212
,,,,,38660.864992467585,17710.0,0.370704554758613,29739.12691728278,0.000470424784096392,19.925807765630534,25.903550095319694,10.0,79.0,4.7042478409639196e-05,53.751181391891365,1.6792279456399086
,,,,,38686.801414217174,17740.0,0.3711749795427094,29759.078010936315,0.000470424784096392,19.95109365353174,25.93642174959126,10.0,79.0,4.7042478409639196e-05,53.751181391891365,1.6775128529276389
,,,,,38712.770707621035,18390.0,0.37164540432680576,29779.054390477748,0.000470424784096392,19.976379541432944,25.969293403862828,10.0,79.0,4.7042478409639196e-05,53.751181391891365,1.619306927160291
,,,,,38738.77287267917,18420.0,0.37211582911090213,29799.056055907084,0.000470424784096392,20.00166542933415,26.002165058134395,10.0,79.0,4.7042478409639196e-05,53.751181391891365,1.6177554862055963
,,,,,38764.80790939157,18430.0,0.3725862538949985,29819.08300722432,0.000470424784096392,20.026951317235355,26.03503671240596,10.0,79.0,4.7042478409639196e-05,53.751181391891365,1.617964351992638
,,,,,38790.87581775825,18440.0,0.37305667867909487,29839.135244429457,0.000470424784096392,20.05223720513656,26.06790836667753,10.0,79.0,4.7042478409639196e-05,53.751181391891365,1.6181743624961744
,,,,,38816.9765977792,18450.0,0.37352710346319123,29859.212767522495,0.000470424784096392,20.077523093037765,26.100780020949095,10.0,79.0,4.7042478409639196e-05,53.751181391891365,1.6183855158548777
,,,,,38843.11024945442,18460.0,0.3739975282472876,29879.315576503435,0.000470424784096392,20.10280898093897,26.133651675220662,10.0,79.0,4.7042478409639196e-05,53.751181391891365,1.6185978102114538
,,,,,38869.27677278391,18470.0,0.37446795303138397,29899.443671372275,0.000470424784096392,20.128094868840176,26.16652332949223,10.0,79.0,4.7042478409639196e-05,53.751181391891365,1.6188112437126299
,,,,,38895.47616776767,18480.0,0.37493837781548034,29919.59705212902,0.000470424784096392,20.15338075674138,26.199394983763796,10.0,79.0,4.7042478409639196e-05,53.751181391891365,1.619025814509146
,,,,,38921.70843440571,18490.0,0.3754088025995767,29939.77571877366,0.000470424784096392,20.178666644642586,26.232266638035362,10.0,79.0,4.7042478409639196e-05,53.751181391891365,1.6192415207557416
,,,,,38947.973572698014,18500.0,0.3758792273836731,29959.979671306206,0.000470424784096392,20.20395253254379,26.26513829230693,10.0,79.0,4.7042478409639196e-05,53.751181391891365,1.6194583606111463
,,,,,38974.27158264459,18510.0,0.37634965216776944,29980.20890972665,0.000470424784096392,20.229238420444997,26.298009946578496,10.0,79.0,4.7042478409639196e-05,53.751181391891365,1.6196763322380687
,,,,,39000.60246424544,18520.0,0.3768200769518658,30000.463434035,0.000470424784096392,20.254524308346202,26.330881600850063,10.0,79.0,4.7042478409639196e-05,53.751181391891365,1.6198954338031857
,,,,,39026.966217500565,18530.0,0.3772905017359622,30020.743244231246,0.000470424784096392,20.279810196247407,26.36375325512163,10.0,79.0,4.7042478409639196e-05,53.751181391891365,1.6201156634771314
,,,,,39089.46249731292,18540.0,0.37776092652005855,30068.817305625365,0.000470424784096392,48.074061394118,62.4962798123534,10.0,91.0,4.7042478409639196e-05,127.2605450144811,1.6218348061286605
,,,,,39152.03660359401,18550.0,0.3782313513041549,30116.951233533895,0.000470424784096392,48.13392790853042,62.57410628108954,10.0,91.0,4.7042478409639196e-05,127.2605450144811,1.6235553225624741
,,,,,39214.688536343834,18560.0,0.3787017760882513,30165.145027956838,0.000470424784096392,48.193794422942844,62.6519327498257,10.0,91.0,4.7042478409639196e-05,127.2605450144811,1.6252772105580193
,,,,,39277.4182955624,18570.0,0.37917220087234765,30213.398688894194,0.000470424784096392,48.253660937355264,62.729759218561846,10.0,91.0,4.7042478409639196e-05,127.2605450144811,1.6270004678995258
,,,,,39340.225881249695,18580.0,0.379642625656444,30261.71221634596,0.000470424784096392,48.31352745176769,62.807585687298,10.0,91.0,4.7042478409639196e-05,127.2605450144811,1.6287250923759935
,,,,,39403.11129340573,18590.0,0.3801130504405404,30310.08561031214,0.000470424784096392,48.37339396618011,62.88541215603414,10.0,91.0,4.7042478409639196e-05,127.2605450144811,1.6304510817811801
,,,,,39466.0745320305,18600.0,0.38058347522463676,30358.518870792734,0.000470424784096392,48.43326048059254,62.9632386247703,10.0,91.0,4.7042478409639196e-05,127.2605450144811,1.6321784339135879
,,,,,39529.11559712401,18610.0,0.3810539000087331,30407.01199778774,0.000470424784096392,48.493126995004964,63.041065093506454,10.0,91.0,4.7042478409639196e-05,127.2605450144811,1.6339071465764503
,,,,,39592.23448868625,18620.0,0.3815243247928295,30455.564991297157,0.000470424784096392,48.552993509417384,63.1188915622426,10.0,91.0,4.7042478409639196e-05,127.2605450144811,1.6356372175777205
,,,,,39655.43120671723,18630.0,0.38199474957692586,30504.177851320987,0.000470424784096392,48.61286002382981,63.19671803097876,10.0,91.0,4.7042478409639196e-05,127.2605450144811,1.6373686447300584
,,,,,39664.57754638496,18640.0,0.3823713117530446,30511.21349721924,0.0003765621761187818,7.035645898254416,9.146339667730741,10.0,146.0,3.7656217611878183e-05,18.400035991189643,1.6368676768894441
,,,,,39727.914388844765,18650.0,0.382841736537141,30559.934145265248,0.000470424784096392,48.72064804600694,63.33684245980903,10.0,91.0,4.7042478409639196e-05,127.2605450144811,1.6386023670383512
,,,,,39791.32905777331,18660.0,0.38331216132123735,30608.714659825666,0.000470424784096392,48.78051456041936,63.414668928545176,10.0,91.0,4.7042478409639196e-05,127.2605450144811,1.6403384062071633
,,,,,39854.821553170594,18670.0,0.3837825861053337,30657.555040900497,0.000470424784096392,48.84038107483179,63.49249539728133,10.0,91.0,4.7042478409639196e-05,127.2605450144811,1.6420757922282
,,,,,39918.391875036614,18680.0,0.3842530108894301,30706.455288489742,0.000470424784096392,48.900247589244216,63.57032186601749,10.0,91.0,4.7042478409639196e-05,127.2605450144811,1.6438145229384231
,,,,,39982.040023371366,18690.0,0.38472343567352646,30755.4154025934,0.000470424784096392,48.960114103656636,63.64814833475363,10.0,91.0,4.7042478409639196e-05,127.2605450144811,1.6455545961794222
,,,,,40045.76599817486,18700.0,0.3851938604576228,30804.43538321147,0.000470424784096392,49.01998061806906,63.725974803489784,10.0,91.0,4.7042478409639196e-05,127.2605450144811,1.6472960097974048
,,,,,40109.56979944708,18710.0,0.3856642852417192,30853.51523034395,0.000470424784096392,49.07984713248148,63.80380127222593,10.0,91.0,4.7042478409639196e-05,127.2605450144811,1.6490387616431827
,,,,,40173.45142718805,18720.0,0.38613471002581556,30902.654943990845,0.000470424784096392,49.13971364689391,63.88162774096209,10.0,91.0,4.7042478409639196e-05,127.2605450144811,1.6507828495721606
,,,,,40237.410881397744,18730.0,0.38660513480991193,30951.85452415215,0.000470424784096392,49.19958016130633,63.95945420969823,10.0,91.0,4.7042478409639196e-05,127.2605450144811,1.652528271444322
,,,,,40301.44816207618,18740.0,0.3870755595940083,31001.113970827868,0.000470424784096392,49.259446675718756,64.03728067843439,10.0,91.0,4.7042478409639196e-05,127.2605450144811,1.6542750251242193
,,,,,40365.56326922335,18750.0,0.38754598437810467,31050.433284018,0.000470424784096392,49.319313190131176,64.11510714717053,10.0,91.0,4.7042478409639196e-05,127.2605450144811,1.65602310848096
,,,,,40429.75620283926,18760.0,0.38801640916220104,31099.812463722545,0.000470424784096392,49.3791797045436,64.19293361590668,10.0,91.0,4.7042478409639196e-05,127.2605450144811,1.6577725193881954
,,,,,40494.0269629239,18770.0,0.3884868339462974,31149.2515099415,0.000470424784096392,49.43904621895602,64.27076008464283,10.0,91.0,4.7042478409639196e-05,127.2605450144811,1.6595232557241075
,,,,,40558.37554947728,18780.0,0.3889572587303938,31198.750422674868,0.000470424784096392,49.49891273336845,64.348586553379,10.0,91.0,4.7042478409639196e-05,127.2605450144811,1.6612753153713986
,,,,,40622.80196249939,18790.0,0.38942768351449014,31248.30920192265,0.000470424784096392,49.55877924778087,64.42641302211513,10.0,91.0,4.7042478409639196e-05,127.2605450144811,1.6630286962172778
,,,,,40687.30620199024,18800.0,0.3898981082985865,31297.92784768484,0.000470424784096392,49.618645762193296,64.50423949085129,10.0,91.0,4.7042478409639196e-05,127.2605450144811,1.664783396153449
,,,,,40754.19576240588,18810.0,0.3903685330826829,31349.381355696867,0.000470424784096392,51.453508012026134,66.88956041563398,10.0,71.0,4.7042478409639196e-05,131.80751943735154,1.6666337775490094
,,,,,40821.16593000255,18820.0,0.39083895786677925,31400.896869232765,0.000470424784096392,51.51551353589973,66.97016759666965,10.0,71.0,4.7042478409639196e-05,131.80751943735154,1.668485487206842
,,,,,40888.21670478026,18830.0,0.3913093826508756,31452.47438829254,0.000470424784096392,51.57751905977332,67.05077477770533,10.0,71.0,4.7042478409639196e-05,131.80751943735154,1.6703385230107561
,,,,,40955.348086738995,18840.0,0.391779807434972,31504.113912876186,0.000470424784096392,51.63952458364692,67.13138195874099,10.0,71.0,4.7042478409639196e-05,131.80751943735154,1.6721928828490544
,,,,,41022.56007587877,18850.0,0.39225023221906835,31555.815442983705,0.000470424784096392,51.70153010752051,67.21198913977666,10.0,71.0,4.7042478409639196e-05,131.80751943735154,1.6740485646145202
,,,,,41089.85267219958,18860.0,0.3927206570031647,31607.5789786151,0.000470424784096392,51.763535631394106,67.29259632081234,10.0,71.0,4.7042478409639196e-05,131.80751943735154,1.6759055662044062
,,,,,41157.22587570143,18870.0,0.3931910817872611,31659.404519770367,0.000470424784096392,51.82554115526769,67.37320350184801,10.0,71.0,4.7042478409639196e-05,131.80751943735154,1.6777638855204222
,,,,,41224.67968638431,18880.0,0.39366150657135746,31711.292066449507,0.000470424784096392,51.88754667914129,67.45381068288367,10.0,71.0,4.7042478409639196e-05,131.80751943735154,1.679623520468724
,,,,,41292.21410424823,18890.0,0.3941319313554538,31763.241618652522,0.000470424784096392,51.94955220301488,67.53441786391934,10.0,71.0,4.7042478409639196e-05,131.80751943735154,1.6814844689599007
,,,,,41359.82912929319,18900.0,0.3946023561395502,31815.25317637941,0.000470424784096392,52.011557726888476,67.61502504495502,10.0,71.0,4.7042478409639196e-05,131.80751943735154,1.6833467289089634
,,,,,41427.524761519184,18910.0,0.39507278092364656,31867.32673963017,0.000470424784096392,52.07356325076207,67.69563222599069,10.0,71.0,4.7042478409639196e-05,131.80751943735154,1.6852102982353343
,,,,,41495.30100092621,18920.0,0.39554320570774293,31919.462308404807,0.000470424784096392,52.135568774635665,67.77623940702637,10.0,71.0,4.7042478409639196e-05,131.80751943735154,1.6870751748628334
,,,,,41563.15784751427,18930.0,0.3960136304918393,31971.659882703316,0.000470424784096392,52.19757429850926,67.85684658806204,10.0,71.0,4.7042478409639196e-05,131.80751943735154,1.688941356719668
,,,,,41631.09530128336,18940.0,0.39648405527593567,32023.919462525697,0.000470424784096392,52.259579822382854,67.93745376909771,10.0,71.0,4.7042478409639196e-05,131.80751943735154,1.6908088417384213
,,,,,41699.1133622335,18950.0,0.39695448006003203,32076.241047871954,0.000470424784096392,52.32158534625645,68.01806095013339,10.0,71.0,4.7042478409639196e-05,131.80751943735154,1.6926776278560398
,,,,,41767.212030364666,18960.0,0.3974249048441284,32128.624638742083,0.000470424784096392,52.38359087013004,68.09866813116906,10.0,71.0,4.7042478409639196e-05,131.80751943735154,1.694547713013823
,,,,,41835.39130567687,18970.0,0.39789532962822477,32181.07023513609,0.000470424784096392,52.44559639400364,68.17927531220474,10.0,71.0,4.7042478409639196e-05,131.80751943735154,1.6964190951574112
,,,,,41903.651188170115,18980.0,0.39836575441232114,32233.577837053967,0.000470424784096392,52.50760191787723,68.2598824932404,10.0,71.0,4.7042478409639196e-05,131.80751943735154,1.6982917722367739
,,,,,41971.991677844395,18990.0,0.3988361791964175,32286.147444495717,0.000470424784096392,52.569607441750826,68.34048967427607,10.0,71.0,4.7042478409639196e-05,131.80751943735154,1.7001657422061989
,,,,,42040.412774699704,19000.0,0.3993066039805139,32338.779057461343,0.000470424784096392,52.63161296562442,68.42109685531175,10.0,71.0,4.7042478409639196e-05,131.80751943735154,1.7020410030242812
,,,,,42108.91447873605,19010.0,0.39977702876461024,32391.47267595084,0.000470424784096392,52.693618489498014,68.50170403634742,10.0,71.0,4.7042478409639196e-05,131.80751943735154,1.7039175526539105
,,,,,42177.49678995343,19020.0,0.4002474535487066,32444.228299964212,0.000470424784096392,52.75562401337161,68.5823112173831,10.0,71.0,4.7042478409639196e-05,131.80751943735154,1.7057953890622615
,,,,,42246.15970835185,19030.0,0.400717878332803,32497.04592950146,0.000470424784096392,52.8176295372452,68.66291839841877,10.0,71.0,4.7042478409639196e-05,131.80751943735154,1.7076745102207809
,,,,,42314.903233931305,19040.0,0.40118830311689935,32549.925564562578,0.000470424784096392,52.87963506111879,68.74352557945443,10.0,71.0,4.7042478409639196e-05,131.80751943735154,1.7095549141051773
,,,,,42383.7273666918,19050.0,0.4016587279009957,32602.86720514757,0.000470424784096392,52.941640584992385,68.8241327604901,10.0,71.0,4.7042478409639196e-05,131.80751943735154,1.7114365986954105
,,,,,42452.632106633326,19060.0,0.4021291526850921,32655.870851256437,0.000470424784096392,53.00364610886598,68.90473994152578,10.0,71.0,4.7042478409639196e-05,131.80751943735154,1.7133195619756787
,,,,,42521.61745375588,19070.0,0.40259957746918845,32708.936502889177,0.000470424784096392,53.06565163273957,68.98534712256145,10.0,71.0,4.7042478409639196e-05,131.80751943735154,1.715203801934409
,,,,,42590.68340805948,19080.0,0.4030700022532848,32762.06416004579,0.000470424784096392,53.12765715661317,69.06595430359712,10.0,71.0,4.7042478409639196e-05,131.80751943735154,1.7170893165642447
,,,,,42659.82996954411,19090.0,0.4035404270373812,32815.25382272628,0.000470424784096392,53.18966268048676,69.1465614846328,10.0,71.0,4.7042478409639196e-05,131.80751943735154,1.7189761038620366
,,,,,42729.05713820978,19100.0,0.40401085182147756,32868.505490930635,0.000470424784096392,53.25166820436036,69.22716866566847,10.0,71.0,4.7042478409639196e-05,131.80751943735154,1.720864161828829
,,,,,42798.36491405648,19110.0,0.4044812766055739,32921.81916465887,0.000470424784096392,53.31367372823395,69.30777584670413,10.0,71.0,4.7042478409639196e-05,131.80751943735154,1.7227534884698519
,,,,,42867.75329708422,19120.0,0.4049517013896703,32975.19484391098,0.000470424784096392,53.375679252107545,69.3883830277398,10.0,71.0,4.7042478409639196e-05,131.80751943735154,1.7246440817945072
,,,,,42937.222287293,19130.0,0.40542212617376666,33028.632528686954,0.000470424784096392,53.43768477598114,69.46899020877548,10.0,71.0,4.7042478409639196e-05,131.80751943735154,1.7265359398163593
,,,,,43006.771884682814,19140.0,0.40589255095786303,33082.13221898681,0.000470424784096392,53.499690299854734,69.54959738981115,10.0,71.0,4.7042478409639196e-05,131.80751943735154,1.7284290605531247
,,,,,43076.40208925366,19150.0,0.4063629757419594,33135.69391481054,0.000470424784096392,53.56169582372833,69.63020457084683,10.0,71.0,4.7042478409639196e-05,131.80751943735154,1.73032344202666
,,,,,43146.11290100554,19160.0,0.40683340052605577,33189.317616158136,0.000470424784096392,53.62370134760192,69.7108117518825,10.0,71.0,4.7042478409639196e-05,131.80751943735154,1.7322190822629506
,,,,,43215.904319938454,19180.0,0.40730382531015213,33243.00332302961,0.000470424784096392,53.68570687147552,69.79141893291818,10.0,71.0,4.7042478409639196e-05,131.80751943735154,1.7332118520870496
,,,,,43285.77634605241,19190.0,0.4077742500942485,33296.75103542496,0.000470424784096392,53.74771239534911,69.87202611395385,10.0,71.0,4.7042478409639196e-05,131.80751943735154,1.7351094859523168
,,,,,43355.7289793474,19200.0,0.40824467487834487,33350.56075334418,0.000470424784096392,53.809717919222706,69.95263329498952,10.0,71.0,4.7042478409639196e-05,131.80751943735154,1.7370083725700094
,,,,,43425.762219823424,19210.0,0.40871509966244124,33404.432476787275,0.000470424784096392,53.8717234430963,70.0332404760252,10.0,71.0,4.7042478409639196e-05,131.80751943735154,1.7389085099837207
,,,,,43495.87606748049,19220.0,0.4091855244465376,33458.366205754246,0.000470424784096392,53.933728966969895,70.11384765706086,10.0,71.0,4.7042478409639196e-05,131.80751943735154,1.7408098962411158
,,,,,43566.07052231859,19230.0,0.409655949230634,33512.36194024509,0.000470424784096392,53.99573449084348,70.19445483809653,10.0,71.0,4.7042478409639196e-05,131.80751943735154,1.7427125293939205
,,,,,43636.345584337716,19240.0,0.41012637401473034,33566.41968025981,0.000470424784096392,54.057740014717076,70.2750620191322,10.0,71.0,4.7042478409639196e-05,131.80751943735154,1.7446164074979111
,,,,,43706.70125353788,19250.0,0.4105967987988267,33620.5394257984,0.000470424784096392,54.11974553859067,70.35566920016788,10.0,71.0,4.7042478409639196e-05,131.80751943735154,1.7465215286129039
,,,,,43777.137529919084,19260.0,0.4110672235829231,33674.72117686087,0.000470424784096392,54.181751062464265,70.43627638120354,10.0,71.0,4.7042478409639196e-05,131.80751943735154,1.748427890802745
,,,,,43847.65441348132,19270.0,0.41153764836701945,33728.964933447205,0.000470424784096392,54.24375658633786,70.51688356223922,10.0,71.0,4.7042478409639196e-05,131.80751943735154,1.7503354921352987
,,,,,43918.2519042246,19280.0,0.4120080731511158,33783.27069555742,0.000470424784096392,54.305762110211454,70.59749074327489,10.0,71.0,4.7042478409639196e-05,131.80751943735154,1.7522443306824387
,,,,,43988.93000214891,19290.0,0.4124784979352122,33837.638463191506,0.000470424784096392,54.36776763408505,70.67809792431056,10.0,71.0,4.7042478409639196e-05,131.80751943735154,1.7541544045200366
,,,,,44059.68870725426,19300.0,0.41294892271930855,33892.06823634946,0.000470424784096392,54.42977315795864,70.75870510534624,10.0,71.0,4.7042478409639196e-05,131.80751943735154,1.7560657117279515
,,,,,44130.528019540645,19310.0,0.4134193475034049,33946.5600150313,0.000470424784096392,54.49177868183224,70.83931228638191,10.0,71.0,4.7042478409639196e-05,131.80751943735154,1.7579782503900205
,,,,,44201.44793900806,19320.0,0.4138897722875013,34001.113799237006,0.000470424784096392,54.55378420570583,70.91991946741759,10.0,71.0,4.7042478409639196e-05,131.80751943735154,1.7598920185940479
,,,,,44253.93343546703,19330.0,0.41436019707159766,34041.487258051595,0.000470424784096392,40.373458814590606,52.48549645896779,10.0,73.0,4.7042478409639196e-05,97.4356588782451,1.7610702151087219
,,,,,44306.47851891942,19340.0,0.414830621855694,34081.906553014975,0.000470424784096392,40.419294963381695,52.545083452396206,10.0,73.0,4.7042478409639196e-05,97.4356588782451,1.7622495632375892
,,,,,44359.08318936525,19350.0,0.4153010466397904,34122.371684127145,0.000470424784096392,40.46513111217278,52.60467044582461,10.0,73.0,4.7042478409639196e-05,97.4356588782451,1.7634300611952014
,,,,,44411.747446804504,19360.0,0.41577147142388676,34162.88265138811,0.000470424784096392,40.51096726096387,52.66425743925303,10.0,73.0,4.7042478409639196e-05,97.4356588782451,1.7646117071997989
,,,,,44464.47129123718,19370.0,0.41624189620798313,34203.43945479786,0.000470424784096392,40.55680340975495,52.72384443268143,10.0,73.0,4.7042478409639196e-05,97.4356588782451,1.765794499473302
,,,,,44517.254722663296,19380.0,0.4167123209920795,34244.0420943564,0.000470424784096392,40.60263955854604,52.78343142610985,10.0,73.0,4.7042478409639196e-05,97.4356588782451,1.7669784362413004
,,,,,44570.097741082835,19390.0,0.41718274577617587,34284.690570063736,0.000470424784096392,40.64847570733712,52.84301841953826,10.0,73.0,4.7042478409639196e-05,97.4356588782451,1.7681635157330446
,,,,,44623.0003464958,19400.0,0.41765317056027224,34325.38488191986,0.000470424784096392,40.69431185612821,52.90260541296667,10.0,73.0,4.7042478409639196e-05,97.4356588782451,1.769349736181436
,,,,,44675.9625389022,19410.0,0.4181235953443686,34366.12502992478,0.000470424784096392,40.74014800491929,52.96219240639508,10.0,73.0,4.7042478409639196e-05,97.4356588782451,1.7705370958230178
,,,,,44728.98431830202,19420.0,0.41859402012846497,34406.91101407849,0.000470424784096392,40.78598415371038,53.021779399823494,10.0,73.0,4.7042478409639196e-05,97.4356588782451,1.7717255928979656
,,,,,44782.06568469527,19430.0,0.41906444491256134,34447.742834380995,0.000470424784096392,40.83182030250146,53.081366393251905,10.0,73.0,4.7042478409639196e-05,97.4356588782451,1.7729152256500769
,,,,,44835.20663808195,19450.0,0.4195348696966577,34488.62049083229,0.000470424784096392,40.87765645129255,53.140953386680316,10.0,73.0,4.7042478409639196e-05,97.4356588782451,1.7731938555697835
,,,,,44847.593921352025,19460.0,0.4200052944807541,34498.14917027081,0.000470424784096392,9.52867943851722,12.387283270072386,10.0,63.0,4.7042478409639196e-05,22.68704600568756,1.772772310908058
,,,,,44859.99507893543,19470.0,0.42047571926485044,34507.688522258046,0.000470424784096392,9.539351987236229,12.401157583407098,10.0,63.0,4.7042478409639196e-05,22.68704600568756,1.7723517474195196
,,,,,44872.41011083218,19480.0,0.4209461440489468,34517.238546794004,0.000470424784096392,9.550024535955238,12.41503189674181,10.0,63.0,4.7042478409639196e-05,22.68704600568756,1.7719321635931213
,,,,,44884.83901704226,19490.0,0.4214165688330432,34526.799243878675,0.000470424784096392,9.56069708467425,12.428906210076525,10.0,63.0,4.7042478409639196e-05,22.68704600568756,1.7715135579209171
,,,,,44897.281797565665,19500.0,0.42188699361713955,34536.37061351207,0.000470424784096392,9.571369633393259,12.442780523411237,10.0,63.0,4.7042478409639196e-05,22.68704600568756,1.7710959288980548
,,,,,44909.73845240241,19510.0,0.4223574184012359,34545.95265569418,0.000470424784096392,9.582042182112268,12.45665483674595,10.0,63.0,4.7042478409639196e-05,22.68704600568756,1.7706792750227667
,,,,,44922.20898155249,19520.0,0.4228278431853323,34555.54537042501,0.000470424784096392,9.592714730831279,12.470529150080663,10.0,63.0,4.7042478409639196e-05,22.68704600568756,1.7702635947963632
,,,,,44934.693385015904,19530.0,0.42329826796942865,34565.14875770456,0.000470424784096392,9.603387279550288,12.484403463415376,10.0,63.0,4.7042478409639196e-05,22.68704600568756,1.7698488867232238
,,,,,44986.012871836225,19540.0,0.423768692753525,34604.62528602789,0.000470424784096392,39.47652832332471,51.31948682032212,10.0,64.0,4.7042478409639196e-05,93.15583949068481,1.77096342303111
,,,,,45037.38932831693,19550.0,0.4242391175376214,34644.1456371669,0.000470424784096392,39.520351139004426,51.376456480705755,10.0,64.0,4.7042478409639196e-05,93.15583949068481,1.7720790607246495
,,,,,45088.82275445802,19560.0,0.42470954232171776,34683.70981112158,0.000470424784096392,39.56417395468415,51.4334261410894,10.0,64.0,4.7042478409639196e-05,93.15583949068481,1.7731957981146003
,,,,,45166.674375326256,19570.0,0.4251799671058141,34743.595673327916,0.000470424784096392,59.88586220633299,77.85162086823289,10.0,10.0,4.7042478409639196e-05,140.84826859076654,1.7753498044623361
,,,,,45244.612132265735,19580.0,0.4256503918899105,34803.54779405059,0.000470424784096392,59.95212072267515,77.9377569394777,10.0,10.0,4.7042478409639196e-05,140.84826859076654,1.7775049945888963
,,,,,45322.78460493393,19600.0,0.42612081667400686,34863.68046533381,0.000470424784096392,60.13267128322296,78.17247266818985,10.0,167.0,4.7042478409639196e-05,141.1164837066056,1.7787592074149903
,,,,,45401.04337770091,19610.0,0.42659124145810323,34923.879521308416,0.000470424784096392,60.199055974603084,78.25877276698401,10.0,167.0,4.7042478409639196e-05,141.1164837066056,1.7809219541717702
,,,,,45479.38845056669,19620.0,0.4270616662421996,34984.1449619744,0.000470424784096392,60.2654406659832,78.34507286577816,10.0,167.0,4.7042478409639196e-05,141.1164837066056,1.7830858798152092
,,,,,45557.81982353126,19630.0,0.42753209102629597,35044.47678733176,0.000470424784096392,60.33182535736332,78.43137296457232,10.0,167.0,4.7042478409639196e-05,141.1164837066056,1.7852509825436456
,,,,,45636.33749659463,19640.0,0.42800251581039234,35104.8749973805,0.000470424784096392,60.39821004874344,78.51767306336647,10.0,167.0,4.7042478409639196e-05,141.1164837066056,1.7874172605590888
,,,,,45714.94146975679,19650.0,0.4284729405944887,35165.339592120625,0.000470424784096392,60.46459474012356,78.60397316216063,10.0,167.0,4.7042478409639196e-05,141.1164837066056,1.7895847120672073
,,,,,45793.631743017744,19660.0,0.4289433653785851,35225.87057155213,0.000470424784096392,60.530979431503674,78.69027326095478,10.0,167.0,4.7042478409639196e-05,141.1164837066056,1.791753335277321
,,,,,45872.40831637749,19670.0,0.42941379016268144,35286.46793567501,0.000470424784096392,60.597364122883796,78.77657335974894,10.0,167.0,4.7042478409639196e-05,141.1164837066056,1.79392312840239
,,,,,45951.271189836036,19690.0,0.4298842149467778,35347.13168448928,0.000470424784096392,60.66374881426391,78.86287345854309,10.0,167.0,4.7042478409639196e-05,141.1164837066056,1.795181903732315
,,,,,46030.220363393375,19700.0,0.4303546397308742,35407.861817994926,0.000470424784096392,60.730133505644034,78.94917355733725,10.0,167.0,4.7042478409639196e-05,141.1164837066056,1.7973533917763922
,,,,,46064.590602457785,19710.0,0.43082506451497055,35434.300463429085,0.000470424784096392,26.43864543415956,34.37023906440743,10.0,165.0,4.7042478409639196e-05,61.3674728138777,1.797782874856879
,,,,,46098.99837093639,19720.0,0.4312954892990669,35460.767977643394,0.000470424784096392,26.46751421430857,34.40776847860114,10.0,165.0,4.7042478409639196e-05,61.3674728138777,1.798213386290233
,,,,,46133.44366882918,19730.0,0.4317659140831633,35487.264360637855,0.000470424784096392,26.496382994457576,34.44529789279485,10.0,165.0,4.7042478409639196e-05,61.3674728138777,1.7986449245128158
,,,,,46167.92649613617,19740.0,0.43223633886725965,35513.78961241246,0.000470424784096392,26.525251774606584,34.48282730698856,10.0,165.0,4.7042478409639196e-05,61.3674728138777,1.7990774879641571
,,,,,46202.44685285735,19750.0,0.432706763651356,35540.343732967216,0.000470424784096392,26.554120554755592,34.52035672118227,10.0,165.0,4.7042478409639196e-05,61.3674728138777,1.7995110750869476
,,,,,46246.99154567221,19760.0,0.4331771884354524,35574.60888128634,0.000470424784096392,34.26514831912368,44.54469281486079,10.0,170.0,4.7042478409639196e-05,79.10192234009922,1.8003344575549767
,,,,,46291.58461344323,19770.0,0.43364761321954876,35608.9112411102,0.000470424784096392,34.30235982386213,44.59306777102078,10.0,170.0,4.7042478409639196e-05,79.10192234009922,1.801158889282256
,,,,,46336.22605617041,19780.0,0.4341180380036451,35643.250812438804,0.000470424784096392,34.33957132860058,44.64144272718075,10.0,170.0,4.7042478409639196e-05,79.10192234009922,1.8019843686773915
,,,,,46356.23648376538,19790.0,0.4345884627877415,35658.64344905032,0.000470424784096392,15.392636611515703,20.010427594970416,10.0,168.0,4.7042478409639196e-05,35.418879996898724,1.8018516144037555
,,,,,46376.26857185502,19800.0,0.43505888757183786,35674.05274758081,0.000470424784096392,15.40929853049118,20.032088089638535,10.0,168.0,4.7042478409639196e-05,35.418879996898724,1.8017198357364046
,,,,,46396.32232043933,19810.0,0.43552931235593423,35689.47870803028,0.000470424784096392,15.425960449466656,20.053748584306653,10.0,168.0,4.7042478409639196e-05,35.418879996898724,1.801589031197894
,,,,,46416.39772951831,19820.0,0.4359997371400306,35704.92133039872,0.000470424784096392,15.442622368442132,20.075409078974772,10.0,168.0,4.7042478409639196e-05,35.418879996898724,1.8014591993137599
,,,,,46436.494799091946,19830.0,0.43647016192412696,35720.38061468614,0.000470424784096392,15.459284287417608,20.09706957364289,10.0,168.0,4.7042478409639196e-05,35.418879996898724,1.8013303386125132
,,,,,46456.613529160255,19840.0,0.43694058670822333,35735.856560892535,0.000470424784096392,15.475946206393084,20.11873006831101,10.0,168.0,4.7042478409639196e-05,35.418879996898724,1.8012024476256319
,,,,,46476.75391972323,19850.0,0.4374110114923197,35751.3491690179,0.000470424784096392,15.49260812536856,20.140390562979128,10.0,168.0,4.7042478409639196e-05,35.418879996898724,1.8010755248875516
,,,,,46496.91597078088,19860.0,0.43788143627641607,35766.85843906224,0.000470424784096392,15.509270044344037,20.162051057647247,10.0,168.0,4.7042478409639196e-05,35.418879996898724,1.8009495689356618
,,,,,46517.099682333195,19870.0,0.43835186106051244,35782.38437102556,0.000470424784096392,15.525931963319513,20.18371155231537,10.0,168.0,4.7042478409639196e-05,35.418879996898724,1.800824578310295
,,,,,46537.30505438018,19880.0,0.4388222858446088,35797.926964907856,0.000470424784096392,15.54259388229499,20.205372046983488,10.0,168.0,4.7042478409639196e-05,35.418879996898724,1.8007005515547212
,,,,,46557.532086921834,19890.0,0.4392927106287052,35813.48622070913,0.000470424784096392,15.559255801270465,20.227032541651607,10.0,168.0,4.7042478409639196e-05,35.418879996898724,1.8005774872151397
,,,,,46577.78077995816,19900.0,0.43976313541280154,35829.06213842938,0.000470424784096392,15.575917720245942,20.248693036319725,10.0,168.0,4.7042478409639196e-05,35.418879996898724,1.8004553838406723
,,,,,46598.05113348914,19910.0,0.4402335601968979,35844.654718068596,0.000470424784096392,15.592579639221418,20.270353530987844,10.0,168.0,4.7042478409639196e-05,35.418879996898724,1.8003342399833548
,,,,,46618.343147514795,19920.0,0.4407039849809943,35860.26395962679,0.000470424784096392,15.609241558196894,20.292014025655963,10.0,168.0,4.7042478409639196e-05,35.418879996898724,1.800214054198132
,,,,,46638.65682203512,19930.0,0.44117440976509065,35875.88986310396,0.000470424784096392,15.62590347717237,20.31367452032408,10.0,168.0,4.7042478409639196e-05,35.418879996898724,1.8000948250428481
,,,,,46658.99215705011,19940.0,0.441644834549187,35891.53242850011,0.000470424784096392,15.642565396147846,20.3353350149922,10.0,168.0,4.7042478409639196e-05,35.418879996898724,1.7999765510782404
,,,,,46679.34915255977,19950.0,0.4421152593332834,35907.19165581524,0.000470424784096392,15.659227315123323,20.35699550966032,10.0,168.0,4.7042478409639196e-05,35.418879996898724,1.7998592308679318
,,,,,46699.7278085641,19960.0,0.44258568411737975,35922.86754504934,0.000470424784096392,15.675889234098799,20.378656004328437,10.0,168.0,4.7042478409639196e-05,35.418879996898724,1.7997428629784238
,,,,,46720.1281250631,19970.0,0.4430561089014761,35938.56009620241,0.000470424784096392,15.692551153074275,20.40031649899656,10.0,168.0,4.7042478409639196e-05,35.418879996898724,1.799627445979089
,,,,,46740.55010205677,19980.0,0.4435265336855725,35954.26930927446,0.000470424784096392,15.709213072049751,20.42197699366468,10.0,168.0,4.7042478409639196e-05,35.418879996898724,1.799512978442165
,,,,,46760.9937395451,19990.0,0.44399695846966886,35969.995184265485,0.000470424784096392,15.725874991025227,20.443637488332797,10.0,168.0,4.7042478409639196e-05,35.418879996898724,1.7993994589427456
,,,,,46781.4590375281,20000.0,0.4444673832537652,35985.73772117549,0.000470424784096392,15.742536910000704,20.465297983000916,10.0,168.0,4.7042478409639196e-05,35.418879996898724,1.7992868860587743
,,,,,46801.945996005765,20010.0,0.4449378080378616,36001.496920004465,0.000470424784096392,15.75919882897618,20.486958477669035,10.0,168.0,4.7042478409639196e-05,35.418879996898724,1.7991752583710376
,,,,,46822.4546149781,20020.0,0.44540823282195796,36017.27278075241,0.000470424784096392,15.775860747951656,20.508618972337153,10.0,168.0,4.7042478409639196e-05,35.418879996898724,1.7990645744631575
,,,,,46842.98489444511,20030.0,0.44587865760605433,36033.06530341934,0.000470424784096392,15.792522666927132,20.530279467005272,10.0,168.0,4.7042478409639196e-05,35.418879996898724,1.7989548329215845
,,,,,46863.53683440678,20040.0,0.4463490823901507,36048.87448800524,0.000470424784096392,15.809184585902608,20.55193996167339,10.0,168.0,4.7042478409639196e-05,35.418879996898724,1.7988460323355908
,,,,,46884.11043486313,20050.0,0.44681950717424707,36064.70033451012,0.000470424784096392,15.825846504878085,20.57360045634151,10.0,168.0,4.7042478409639196e-05,35.418879996898724,1.7987381712972628
,,,,,46904.70569581414,20060.0,0.44728993195834343,36080.54284293397,0.000470424784096392,15.84250842385356,20.595260951009628,10.0,168.0,4.7042478409639196e-05,35.418879996898724,1.7986312484014941
,,,,,46925.322617259815,20070.0,0.4477603567424398,36096.402013276806,0.000470424784096392,15.859170342829039,20.61692144567775,10.0,168.0,4.7042478409639196e-05,35.418879996898724,1.7985252622459793
,,,,,46945.96119920016,20080.0,0.44823078152653617,36112.27784553861,0.000470424784096392,15.875832261804515,20.63858194034587,10.0,168.0,4.7042478409639196e-05,35.418879996898724,1.7984202114312056
,,,,,46966.62144163517,20090.0,0.44870120631063254,36128.170339719385,0.000470424784096392,15.892494180779991,20.660242435013988,10.0,168.0,4.7042478409639196e-05,35.418879996898724,1.7983160945604473
,,,,,46987.303344564854,20100.0,0.4491716310947289,36144.07949581914,0.000470424784096392,15.909156099755467,20.681902929682106,10.0,168.0,4.7042478409639196e-05,35.418879996898724,1.7982129102397582
,,,,,47008.006907989206,20110.0,0.4496420558788253,36160.00531383787,0.000470424784096392,15.925818018730943,20.70356342435023,10.0,168.0,4.7042478409639196e-05,35.418879996898724,1.7981106570779648
,,,,,47028.732131908226,20120.0,0.45011248066292164,36175.94779377558,0.000470424784096392,15.94247993770642,20.725223919018347,10.0,168.0,4.7042478409639196e-05,35.418879996898724,1.798009333686659
,,,,,47049.479016321915,20130.0,0.450582905447018,36191.906935632265,0.000470424784096392,15.959141856681896,20.746884413686466,10.0,168.0,4.7042478409639196e-05,35.418879996898724,1.797908938680192
,,,,,47070.247561230266,20140.0,0.4510533302311144,36207.88273940792,0.000470424784096392,15.975803775657372,20.768544908354585,10.0,168.0,4.7042478409639196e-05,35.418879996898724,1.7978094706756664
,,,,,47091.037766633286,20150.0,0.45152375501521075,36223.87520510255,0.000470424784096392,15.992465694632848,20.790205403022703,10.0,168.0,4.7042478409639196e-05,35.418879996898724,1.7977109282929307
,,,,,47111.849632530975,20160.0,0.4519941797993071,36239.88433271616,0.000470424784096392,16.009127613608324,20.811865897690822,10.0,168.0,4.7042478409639196e-05,35.418879996898724,1.7976133101545715
,,,,,47132.68315892333,20170.0,0.4524646045834035,36255.910122248744,0.000470424784096392,16.0257895325838,20.83352639235894,10.0,168.0,4.7042478409639196e-05,35.418879996898724,1.797516614885907
,,,,,47153.53834581036,20180.0,0.45293502936749985,36271.952573700306,0.000470424784096392,16.042451451559277,20.85518688702706,10.0,168.0,4.7042478409639196e-05,35.418879996898724,1.7974208411149806
,,,,,47174.41519319206,20190.0,0.4534054541515962,36288.01168707084,0.000470424784096392,16.059113370534753,20.87684738169518,10.0,168.0,4.7042478409639196e-05,35.418879996898724,1.7973259874725527
,,,,,47195.31370106842,20200.0,0.4538758789356926,36304.087462360345,0.000470424784096392,16.07577528951023,20.8985078763633,10.0,168.0,4.7042478409639196e-05,35.418879996898724,1.7972320525920962
,,,,,47216.23386943946,20210.0,0.45434630371978896,36320.17989956883,0.000470424784096392,16.092437208485705,20.92016837103142,10.0,168.0,4.7042478409639196e-05,35.418879996898724,1.7971390351097887
,,,,,47237.17569830515,20220.0,0.4548167285038853,36336.28899869629,0.000470424784096392,16.10909912746118,20.941828865699538,10.0,168.0,4.7042478409639196e-05,35.418879996898724,1.797046933664505
,,,,,47258.13918766552,20230.0,0.4552871532879817,36352.41475974273,0.000470424784096392,16.125761046436658,20.963489360367657,10.0,168.0,4.7042478409639196e-05,35.418879996898724,1.7969557468978117
,,,,,47279.12433752055,20240.0,0.45575757807207806,36368.557182708144,0.000470424784096392,16.142422965412134,20.985149855035775,10.0,168.0,4.7042478409639196e-05,35.418879996898724,1.7968654734539597
,,,,,47300.131147870256,20250.0,0.45622800285617443,36384.71626759253,0.000470424784096392,16.15908488438761,21.006810349703894,10.0,168.0,4.7042478409639196e-05,35.418879996898724,1.796776111979878
,,,,,47321.15961871463,20320.0,0.4566984276402708,36400.89201439589,0.000470424784096392,16.175746803363086,21.028470844372013,10.0,168.0,4.7042478409639196e-05,35.418879996898724,1.7913824810234198
,,,,,47342.20975005367,20330.0,0.45716885242436717,36417.08442311823,0.000470424784096392,16.192408722338563,21.05013133904013,10.0,168.0,4.7042478409639196e-05,35.418879996898724,1.7912978073348857
,,,,,47363.28154188738,20340.0,0.45763927720846354,36433.29349375954,0.000470424784096392,16.20907064131404,21.07179183370825,10.0,168.0,4.7042478409639196e-05,35.418879996898724,1.791214036074707
,,,,,47384.37499421576,20350.0,0.4581097019925599,36449.51922631983,0.000470424784096392,16.225732560289515,21.09345232837637,10.0,168.0,4.7042478409639196e-05,35.418879996898724,1.7911311659125224
,,,,,47405.4901070388,20360.0,0.45858012677665627,36465.7616207991,0.000470424784096392,16.24239447926499,21.11511282304449,10.0,168.0,4.7042478409639196e-05,35.418879996898724,1.7910491955205845
,,,,,47426.62688035651,20370.0,0.45905055156075264,36482.02067719734,0.000470424784096392,16.259056398240467,21.13677331771261,10.0,168.0,4.7042478409639196e-05,35.418879996898724,1.7909681235737525
,,,,,47447.78531416889,20380.0,0.459520976344849,36498.29639551455,0.000470424784096392,16.275718317215944,21.15843381238073,10.0,168.0,4.7042478409639196e-05,35.418879996898724,1.7908879487494873
,,,,,47468.96540847594,20390.0,0.4599914011289454,36514.588775750744,0.000470424784096392,16.29238023619142,21.180094307048847,10.0,168.0,4.7042478409639196e-05,35.418879996898724,1.7908086697278442
,,,,,47490.167163277656,20400.0,0.46046182591304174,36530.89781790591,0.000470424784096392,16.309042155166896,21.201754801716966,10.0,168.0,4.7042478409639196e-05,35.418879996898724,1.7907302851914664
,,,,,47511.39057857404,20410.0,0.4609322506971381,36547.22352198006,0.000470424784096392,16.325704074142372,21.223415296385085,10.0,168.0,4.7042478409639196e-05,35.418879996898724,1.7906527938255785
,,,,,47532.6356543651,20420.0,0.4614026754812345,36563.56588797318,0.000470424784096392,16.34236599311785,21.245075791053203,10.0,168.0,4.7042478409639196e-05,35.418879996898724,1.7905761943179812
,,,,,47553.90239065082,20430.0,0.46187310026533085,36579.92491588527,0.000470424784096392,16.359027912093325,21.266736285721322,10.0,168.0,4.7042478409639196e-05,35.418879996898724,1.790500485359044
,,,,,47575.19078743121,20440.0,0.4623435250494272,36596.30060571634,0.000470424784096392,16.3756898310688,21.28839678038944,10.0,168.0,4.7042478409639196e-05,35.418879996898724,1.7904256656416995
,,,,,47596.500844706265,20450.0,0.4628139498335236,36612.69295746638,0.000470424784096392,16.392351750044277,21.31005727505756,10.0,168.0,4.7042478409639196e-05,35.418879996898724,1.7903517338614368
,,,,,47617.83256247599,20460.0,0.46328437461761995,36629.1019711354,0.000470424784096392,16.409013669019753,21.33171776972568,10.0,168.0,4.7042478409639196e-05,35.418879996898724,1.7902786887162954
,,,,,47639.18594074038,20470.0,0.4637547994017163,36645.5276467234,0.000470424784096392,16.42567558799523,21.3533782643938,10.0,168.0,4.7042478409639196e-05,35.418879996898724,1.7902065289068587
,,,,,47660.560979499445,20480.0,0.4642252241858127,36661.96998423037,0.000470424784096392,16.442337506970706,21.37503875906192,10.0,168.0,4.7042478409639196e-05,35.418879996898724,1.7901352531362484
,,,,,47681.95767875318,20490.0,0.46469564896990906,36678.42898365631,0.000470424784096392,16.458999425946182,21.396699253730038,10.0,168.0,4.7042478409639196e-05,35.418879996898724,1.7900648601101177
,,,,,47703.37603850158,20500.0,0.4651660737540054,36694.90464500123,0.000470424784096392,16.475661344921658,21.418359748398156,10.0,168.0,4.7042478409639196e-05,35.418879996898724,1.7899953485366455
,,,,,47724.81605874465,20510.0,0.4656364985381018,36711.39696826513,0.000470424784096392,16.492323263897134,21.440020243066275,10.0,168.0,4.7042478409639196e-05,35.418879996898724,1.78992671712653
,,,,,47746.27773948238,20520.0,0.46610692332219816,36727.905953448004,0.000470424784096392,16.50898518287261,21.461680737734394,10.0,168.0,4.7042478409639196e-05,35.418879996898724,1.7898589645929825
,,,,,47767.76108071478,20530.0,0.46657734810629453,36744.431600549855,0.000470424784096392,16.525647101848087,21.483341232402513,10.0,168.0,4.7042478409639196e-05,35.418879996898724,1.789792089651722
,,,,,47789.26608244185,20540.0,0.4670477728903909,36760.973909570675,0.000470424784096392,16.542309020823563,21.50500172707063,10.0,168.0,4.7042478409639196e-05,35.418879996898724,1.7897260910209676
,,,,,47810.79274466359,20550.0,0.46751819767448727,36777.53288051047,0.000470424784096392,16.55897093979904,21.52666222173875,10.0,168.0,4.7042478409639196e-05,35.418879996898724,1.789660967421434
,,,,,47832.341067379995,20560.0,0.46798862245858364,36794.10851336925,0.000470424784096392,16.575632858774515,21.548322716406872,10.0,168.0,4.7042478409639196e-05,35.418879996898724,1.7895967175763252
,,,,,47853.91105059107,20570.0,0.46845904724268,36810.700808147,0.000470424784096392,16.59229477774999,21.56998321107499,10.0,168.0,4.7042478409639196e-05,35.418879996898724,1.7895333402113272
,,,,,47875.50269429682,20580.0,0.4689294720267764,36827.309764843725,0.000470424784096392,16.60895669672547,21.591643705743113,10.0,168.0,4.7042478409639196e-05,35.418879996898724,1.7894708340546028
,,,,,47916.02126690107,20590.0,0.46893852385469387,36858.47789761623,9.051827917499328e-06,31.168132772504702,40.518572604256114,10.0,273.0,9.051827917499328e-07,66.46528529219859,1.7901154879852466
,,,,,47956.54062162735,20600.0,0.46894757568261136,36889.64663202106,9.051827917499328e-06,31.168734404829653,40.51935472627855,10.0,273.0,9.051827917499328e-07,66.46528529219859,1.7907595452437408
,,,,,47997.06075847565,20610.0,0.46895662751052886,36920.81596805822,9.051827917499328e-06,31.169336037154604,40.520136848300986,10.0,273.0,9.051827917499328e-07,66.46528529219859,1.7914030066986035
,,,,,48037.581677445974,20620.0,0.46896567933844635,36951.9859057277,9.051827917499328e-06,31.169937669479555,40.52091897032342,10.0,273.0,9.051827917499328e-07,66.46528529219859,1.7920458732166682
,,,,,48078.10337853832,20630.0,0.46897473116636385,36983.156445029505,9.051827917499328e-06,31.17053930180451,40.521701092345864,10.0,273.0,9.051827917499328e-07,66.46528529219859,1.7926881456630879
,,,,,48118.625861752684,20640.0,0.46898378299428134,37014.327585963634,9.051827917499328e-06,31.17114093412946,40.5224832143683,10.0,273.0,9.051827917499328e-07,66.46528529219859,1.793329824901339
,,,,,48159.14912708908,20650.0,0.46899283482219883,37045.49932853009,9.051827917499328e-06,31.171742566454412,40.523265336390736,10.0,273.0,9.051827917499328e-07,66.46528529219859,1.7939709117932245
,,,,,48199.67317454749,20660.0,0.46900188665011633,37076.671672728866,9.051827917499328e-06,31.172344198779367,40.52404745841318,10.0,273.0,9.051827917499328e-07,66.46528529219859,1.7946114071988803
,,,,,48240.198004127924,20670.0,0.4690109384780338,37107.84461855997,9.051827917499328e-06,31.172945831104318,40.524829580435615,10.0,273.0,9.051827917499328e-07,66.46528529219859,1.7952513119767763
,,,,,48280.72361583038,20680.0,0.4690199903059513,37139.018166023394,9.051827917499328e-06,31.17354746342927,40.52561170245805,10.0,273.0,9.051827917499328e-07,66.46528529219859,1.7958906269837231
,,,,,48321.25000965486,20690.0,0.4690290421338688,37170.19231511915,9.051827917499328e-06,31.17414909575422,40.526393824480486,10.0,273.0,9.051827917499328e-07,66.46528529219859,1.7965293530748745
,,,,,48361.777185601364,20700.0,0.4690380939617863,37201.36706584723,9.051827917499328e-06,31.174750728079175,40.52717594650293,10.0,273.0,9.051827917499328e-07,66.46528529219859,1.797167491103731
,,,,,48402.30514366989,20710.0,0.4690471457897038,37232.54241820764,9.051827917499328e-06,31.175352360404126,40.527958068525365,10.0,273.0,9.051827917499328e-07,66.46528529219859,1.7978050419221459
,,,,,48442.83388386043,20720.0,0.4690561976176213,37263.71837220037,9.051827917499328e-06,31.175953992729077,40.5287401905478,10.0,273.0,9.051827917499328e-07,66.46528529219859,1.7984420063803266
,,,,,48483.363406173004,20730.0,0.4690652494455388,37294.89492782542,9.051827917499328e-06,31.176555625054032,40.52952231257024,10.0,273.0,9.051827917499328e-07,66.46528529219859,1.7990783853268415
,,,,,48523.8937106076,20740.0,0.4690743012734563,37326.0720850828,9.051827917499328e-06,31.177157257378983,40.53030443459268,10.0,273.0,9.051827917499328e-07,66.46528529219859,1.7997141796086211
,,,,,48564.42479716421,20750.0,0.4690833531013738,37357.2498439725,9.051827917499328e-06,31.177758889703934,40.531086556615115,10.0,273.0,9.051827917499328e-07,66.46528529219859,1.800349390070964
,,,,,48604.956665842845,20760.0,0.4690924049292913,37388.42820449453,9.051827917499328e-06,31.178360522028886,40.53186867863755,10.0,273.0,9.051827917499328e-07,66.46528529219859,1.80098401755754
,,,,,48645.48931664351,20800.0,0.46910145675720877,37419.60716664888,9.051827917499328e-06,31.17896215435384,40.532650800659994,10.0,273.0,9.051827917499328e-07,66.46528529219859,1.7990195753196576
,,,,,48686.02274956619,20810.0,0.46911050858512626,37450.78673043556,9.051827917499328e-06,31.17956378667879,40.53343292268243,10.0,273.0,9.051827917499328e-07,66.46528529219859,1.7996533748407286
,,,,,48726.55696461089,20820.0,0.46911956041304376,37481.966895854566,9.051827917499328e-06,31.180165419003742,40.534215044704865,10.0,273.0,9.051827917499328e-07,66.46528529219859,1.800286594421449
,,,,,48767.091961777616,20830.0,0.46912861224096125,37513.147662905896,9.051827917499328e-06,31.180767051328697,40.53499716672731,10.0,273.0,9.051827917499328e-07,66.46528529219859,1.8009192348970666
,,,,,48807.62774106637,20840.0,0.46913766406887875,37544.32903158955,9.051827917499328e-06,31.18136868365365,40.535779288749744,10.0,273.0,9.051827917499328e-07,66.46528529219859,1.801551297101226
,,,,,48848.16430247714,20850.0,0.46914671589679624,37575.51100190553,9.051827917499328e-06,31.1819703159786,40.53656141077218,10.0,273.0,9.051827917499328e-07,66.46528529219859,1.8021827818659726
,,,,,48888.70164600993,20860.0,0.46915576772471373,37606.69357385383,9.051827917499328e-06,31.18257194830355,40.537343532794615,10.0,273.0,9.051827917499328e-07,66.46528529219859,1.802813690021756
,,,,,48929.23977166475,20870.0,0.46916481955263123,37637.87674743446,9.051827917499328e-06,31.183173580628505,40.53812565481706,10.0,273.0,9.051827917499328e-07,66.46528529219859,1.8034440223974344
,,,,,48969.77867944159,20880.0,0.4691738713805487,37669.06052264741,9.051827917499328e-06,31.183775212953456,40.538907776839494,10.0,273.0,9.051827917499328e-07,66.46528529219859,1.8040737798202782
,,,,,49010.31836934045,20890.0,0.4691829232084662,37700.24489949269,9.051827917499328e-06,31.184376845278408,40.53968989886193,10.0,273.0,9.051827917499328e-07,66.46528529219859,1.8047029631159737
,,,,,49050.85884136133,20900.0,0.4691919750363837,37731.429877970295,9.051827917499328e-06,31.184978477603362,40.54047202088437,10.0,273.0,9.051827917499328e-07,66.46528529219859,1.8053315731086266
,,,,,49091.400095504236,20910.0,0.4692010268643012,37762.615458080225,9.051827917499328e-06,31.185580109928313,40.54125414290681,10.0,273.0,9.051827917499328e-07,66.46528529219859,1.8059596106207665
,,,,,49131.94213176917,20920.0,0.4692100786922187,37793.80163982248,9.051827917499328e-06,31.186181742253265,40.542036264929244,10.0,273.0,9.051827917499328e-07,66.46528529219859,1.8065870764733498
,,,,,49172.48495015612,20930.0,0.4692191305201362,37824.98842319706,9.051827917499328e-06,31.186783374578216,40.54281838695168,10.0,273.0,9.051827917499328e-07,66.46528529219859,1.807213971485765
,,,,,49213.02855066509,20940.0,0.4692281823480537,37856.17580820396,9.051827917499328e-06,31.18738500690317,40.54360050897412,10.0,273.0,9.051827917499328e-07,66.46528529219859,1.8078402964758338
,,,,,49253.57293329609,20950.0,0.4692372341759712,37887.363794843186,9.051827917499328e-06,31.18798663922812,40.54438263099656,10.0,273.0,9.051827917499328e-07,66.46528529219859,1.808466052259818
,,,,,49294.11809804911,20960.0,0.4692462860038887,37918.55238311474,9.051827917499328e-06,31.188588271553073,40.545164753018994,10.0,273.0,9.051827917499328e-07,66.46528529219859,1.8090912396524206
,,,,,49334.66404492415,20970.0,0.4692553378318062,37949.74157301861,9.051827917499328e-06,31.189189903878027,40.54594687504144,10.0,273.0,9.051827917499328e-07,66.46528529219859,1.8097158594667913
,,,,,49375.210773921215,20980.0,0.46926438965972367,37980.93136455482,9.051827917499328e-06,31.18979153620298,40.54672899706387,10.0,273.0,9.051827917499328e-07,66.46528529219859,1.810339912514529
,,,,,49415.758285040305,20990.0,0.46927344148764116,38012.12175772335,9.051827917499328e-06,31.19039316852793,40.54751111908631,10.0,273.0,9.051827917499328e-07,66.46528529219859,1.810963399605686
,,,,,49456.306578281416,21000.0,0.46928249331555866,38043.3127525242,9.051827917499328e-06,31.19099480085288,40.548293241108745,10.0,273.0,9.051827917499328e-07,66.46528529219859,1.8115863215487715
,,,,,49496.85565364455,21010.0,0.46929154514347615,38074.50434895738,9.051827917499328e-06,31.191596433177835,40.54907536313119,10.0,273.0,9.051827917499328e-07,66.46528529219859,1.812208679150756
,,,,,49537.4055111297,21020.0,0.46930059697139365,38105.69654702288,9.051827917499328e-06,31.192198065502787,40.54985748515362,10.0,273.0,9.051827917499328e-07,66.46528529219859,1.8128304732170735
,,,,,49577.95615073688,21030.0,0.46930964879931114,38136.88934672071,9.051827917499328e-06,31.192799697827738,40.55063960717606,10.0,273.0,9.051827917499328e-07,66.46528529219859,1.8134517045516267
,,,,,49618.50757246608,21040.0,0.46931870062722864,38168.08274805086,9.051827917499328e-06,31.193401330152692,40.5514217291985,10.0,273.0,9.051827917499328e-07,66.46528529219859,1.8140723739567899
,,,,,49659.0597763173,21050.0,0.46932775245514613,38199.276751013334,9.051827917499328e-06,31.194002962477644,40.55220385122094,10.0,273.0,9.051827917499328e-07,66.46528529219859,1.8146924822334125
,,,,,49699.61276229054,21060.0,0.4693368042830636,38230.47135560814,9.051827917499328e-06,31.194604594802595,40.55298597324337,10.0,273.0,9.051827917499328e-07,66.46528529219859,1.8153120301808234
,,,,,49740.16653038581,21070.0,0.4693458561109811,38261.66656183527,9.051827917499328e-06,31.195206227127546,40.55376809526581,10.0,273.0,9.051827917499328e-07,66.46528529219859,1.815931018596833
,,,,,49780.7210806031,21080.0,0.4693549079388986,38292.862369694725,9.051827917499328e-06,31.1958078594525,40.55455021728825,10.0,273.0,9.051827917499328e-07,66.46528529219859,1.8165494482777385
,,,,,49821.27641294241,21090.0,0.4693639597668161,38324.058779186504,9.051827917499328e-06,31.19640949177745,40.55533233931069,10.0,273.0,9.051827917499328e-07,66.46528529219859,1.8171673200183265
,,,,,49861.83252740374,21100.0,0.4693730115947336,38355.255790310606,9.051827917499328e-06,31.197011124102403,40.556114461333124,10.0,273.0,9.051827917499328e-07,66.46528529219859,1.8177846346118771
,,,,,49902.3894239871,21110.0,0.4693820634226511,38386.45340306703,9.051827917499328e-06,31.197612756427358,40.55689658335557,10.0,273.0,9.051827917499328e-07,66.46528529219859,1.8184013928501674
,,,,,49942.94710269248,21120.0,0.4693911152505686,38417.651617455784,9.051827917499328e-06,31.19821438875231,40.557678705378,10.0,273.0,9.051827917499328e-07,66.46528529219859,1.8190175955234746
,,,,,49983.50556351988,21130.0,0.4694001670784861,38448.85043347686,9.051827917499328e-06,31.19881602107726,40.55846082740044,10.0,273.0,9.051827917499328e-07,66.46528529219859,1.8196332434205802
,,,,,50024.0648064693,21140.0,0.4694092189064036,38480.04985113026,9.051827917499328e-06,31.19941765340221,40.559242949422874,10.0,273.0,9.051827917499328e-07,66.46528529219859,1.8202483373287728
,,,,,50064.62483154075,21150.0,0.4694182707343211,38511.24987041599,9.051827917499328e-06,31.200019285727166,40.56002507144532,10.0,273.0,9.051827917499328e-07,66.46528529219859,1.820862878033853
,,,,,50105.18563873422,21160.0,0.46942732256223857,38542.45049133404,9.051827917499328e-06,31.200620918052117,40.56080719346775,10.0,273.0,9.051827917499328e-07,66.46528529219859,1.8214768663201344
,,,,,50145.74722804971,21170.0,0.46943637439015606,38573.65171388442,9.051827917499328e-06,31.201222550377068,40.56158931549019,10.0,273.0,9.051827917499328e-07,66.46528529219859,1.8220903029704498
,,,,,50186.30959948722,21180.0,0.46944542621807356,38604.853538067124,9.051827917499328e-06,31.201824182702023,40.56237143751263,10.0,273.0,9.051827917499328e-07,66.46528529219859,1.8227031887661531
,,,,,50226.87275304676,21190.0,0.46945447804599105,38636.05596388215,9.051827917499328e-06,31.202425815026974,40.56315355953507,10.0,273.0,9.051827917499328e-07,66.46528529219859,1.8233155244871238
,,,,,50267.43668872832,21200.0,0.46946352987390855,38667.2589913295,9.051827917499328e-06,31.203027447351925,40.5639356815575,10.0,273.0,9.051827917499328e-07,66.46528529219859,1.8239273109117689
,,,,,50308.0014065319,21210.0,0.46947258170182604,38698.46262040918,9.051827917499328e-06,31.203629079676876,40.56471780357994,10.0,273.0,9.051827917499328e-07,66.46528529219859,1.8245385488170285
,,,,,50348.5669064575,21220.0,0.46948163352974354,38729.666851121176,9.051827917499328e-06,31.20423071200183,40.56549992560238,10.0,273.0,9.051827917499328e-07,66.46528529219859,1.8251492389783777
,,,,,50389.133188505126,21230.0,0.46949068535766103,38760.8716834655,9.051827917499328e-06,31.204832344326782,40.56628204762482,10.0,273.0,9.051827917499328e-07,66.46528529219859,1.8257593821698304
,,,,,50429.700252674775,21240.0,0.4694997371855785,38792.07711744215,9.051827917499328e-06,31.205433976651733,40.56706416964725,10.0,273.0,9.051827917499328e-07,66.46528529219859,1.8263689791639433
,,,,,50470.268098966444,21250.0,0.469508789013496,38823.28315305113,9.051827917499328e-06,31.206035608976688,40.567846291669696,10.0,273.0,9.051827917499328e-07,66.46528529219859,1.826978030731818
,,,,,50510.836727380134,21260.0,0.4695178408414135,38854.489790292435,9.051827917499328e-06,31.20663724130164,40.56862841369213,10.0,273.0,9.051827917499328e-07,66.46528529219859,1.827586537643106
,,,,,50551.40613791585,21270.0,0.469526892669331,38885.69702916606,9.051827917499328e-06,31.20723887362659,40.56941053571457,10.0,273.0,9.051827917499328e-07,66.46528529219859,1.8281945006660114
,,,,,50591.97633057359,21280.0,0.4695359444972485,38916.90486967201,9.051827917499328e-06,31.207840505951545,40.57019265773701,10.0,273.0,9.051827917499328e-07,66.46528529219859,1.8288019205672938
,,,,,50632.54730535335,21290.0,0.469544996325166,38948.11331181029,9.051827917499328e-06,31.208442138276496,40.570974779759446,10.0,273.0,9.051827917499328e-07,66.46528529219859,1.8294087981122729
,,,,,50673.11906225513,21300.0,0.4695540481530835,38979.32235558089,9.051827917499328e-06,31.209043770601447,40.57175690178188,10.0,273.0,9.051827917499328e-07,66.46528529219859,1.8300151340648303
,,,,,50713.69160127894,21310.0,0.469563099981001,39010.53200098381,9.051827917499328e-06,31.209645402926398,40.57253902380432,10.0,273.0,9.051827917499328e-07,66.46528529219859,1.830620929187415
,,,,,50754.264922424765,21320.0,0.4695721518089185,39041.742248019065,9.051827917499328e-06,31.210247035251353,40.57332114582676,10.0,273.0,9.051827917499328e-07,66.46528529219859,1.8312261842410444
,,,,,50794.839025692614,21330.0,0.469581203636836,39072.953096686644,9.051827917499328e-06,31.210848667576304,40.574103267849196,10.0,273.0,9.051827917499328e-07,66.46528529219859,1.8318308999853092
,,,,,50835.41391108248,21340.0,0.46959025546475347,39104.16454698655,9.051827917499328e-06,31.211450299901255,40.57488538987163,10.0,273.0,9.051827917499328e-07,66.46528529219859,1.8324350771783762
,,,,,50875.98957859438,21350.0,0.46959930729267096,39135.376598918774,9.051827917499328e-06,31.21205193222621,40.575667511894075,10.0,273.0,9.051827917499328e-07,66.46528529219859,1.8330387165769917
,,,,,50916.5660282283,21360.0,0.46960835912058846,39166.589252483325,9.051827917499328e-06,31.21265356455116,40.57644963391651,10.0,273.0,9.051827917499328e-07,66.46528529219859,1.8336418189364854
,,,,,50957.14325998424,21370.0,0.46961741094850595,39197.8025076802,9.051827917499328e-06,31.213255196876112,40.577231755938946,10.0,273.0,9.051827917499328e-07,66.46528529219859,1.8342443850107721
,,,,,50997.7212738622,21380.0,0.46962646277642345,39229.0163645094,9.051827917499328e-06,31.213856829201063,40.57801387796138,10.0,273.0,9.051827917499328e-07,66.46528529219859,1.8348464155523574
,,,,,51089.80302130697,21390.0,0.4696902827281874,39299.84847792846,6.381995176398214e-05,70.83211341906024,92.08174744477832,10.0,87.0,6.381995176398213e-06,150.80600136675855,1.8373000690943648
,,,,,51181.897280513,21400.0,0.4697541026799514,39370.69021577926,6.381995176398214e-05,70.84173785079318,92.09425920603114,10.0,87.0,6.381995176398213e-06,150.80600136675855,1.8397518792420213
,,,,,51274.00405148029,21410.0,0.46981792263171535,39441.541578061784,6.381995176398214e-05,70.85136228252613,92.10677096728396,10.0,87.0,6.381995176398213e-06,150.80600136675855,1.8422018485783178
,,,,,51366.12333420882,21420.0,0.4698817425834793,39512.40256477604,6.381995176398214e-05,70.86098671425907,92.11928272853679,10.0,87.0,6.381995176398213e-06,150.80600136675855,1.8446499796814213
,,,,,51458.25512869861,21430.0,0.4699455625352433,39583.27317592203,6.381995176398214e-05,70.87061114599202,92.13179448978963,10.0,87.0,6.381995176398213e-06,150.80600136675855,1.8470962751246867
,,,,,51550.39943494966,21440.0,0.47000938248700724,39654.153411499756,6.381995176398214e-05,70.88023557772496,92.14430625104245,10.0,87.0,6.381995176398213e-06,150.80600136675855,1.8495407374766677
,,,,,51642.55625296195,21450.0,0.4700732024387712,39725.04327150921,6.381995176398214e-05,70.8898600094579,92.15681801229528,10.0,87.0,6.381995176398213e-06,150.80600136675855,1.8519833693011287
,,,,,51734.7255827355,21460.0,0.4701370223905352,39795.942755950404,6.381995176398214e-05,70.89948444119084,92.16932977354809,10.0,87.0,6.381995176398213e-06,150.80600136675855,1.8544241731570552
,,,,,51826.9074242703,21470.0,0.47020084234229914,39866.85186482333,6.381995176398214e-05,70.90910887292378,92.18184153480092,10.0,87.0,6.381995176398213e-06,150.80600136675855,1.8568631515986647
,,,,,51919.10177756635,21480.0,0.4702646622940631,39937.77059812799,6.381995176398214e-05,70.91873330465673,92.19435329605375,10.0,87.0,6.381995176398213e-06,150.80600136675855,1.8593003071754184
,,,,,52011.308642623655,21490.0,0.4703284822458271,40008.698955864376,6.381995176398214e-05,70.92835773638967,92.20686505730657,10.0,87.0,6.381995176398213e-06,150.80600136675855,1.8617356424320324
,,,,,52103.528019442216,21500.0,0.47039230219759104,40079.6369380325,6.381995176398214e-05,70.93798216812262,92.21937681855941,10.0,87.0,6.381995176398213e-06,150.80600136675855,1.8641691599084882
,,,,,52195.75990802203,21510.0,0.470456122149355,40150.58454463235,6.381995176398214e-05,70.94760659985556,92.23188857981224,10.0,87.0,6.381995176398213e-06,150.80600136675855,1.8666008621400443
,,,,,52216.985211739935,21520.0,0.47059156302637906,40166.91170133843,0.00013544087702407513,16.32715670607896,21.225303717902648,10.0,272.0,1.3544087702407512e-05,34.69496265738138,1.8664921794302245
,,,,,52238.21662430886,21530.0,0.4707270039034031,40183.243557160684,0.00013544087702407513,16.33185582224959,21.23141256892447,10.0,272.0,1.3544087702407512e-05,34.69496265738138,1.866383815938722
,,,,,52259.45414572881,21540.0,0.47086244478042716,40199.5801120991,0.00013544087702407513,16.336554938420225,21.237521419946294,10.0,272.0,1.3544087702407512e-05,34.69496265738138,1.8662757712209426
,,,,,52280.697775999775,21550.0,0.4709978856574512,40215.92136615369,0.00013544087702407513,16.341254054590856,21.24363027096811,10.0,272.0,1.3544087702407512e-05,34.69496265738138,1.866168044833118
,,,,,52301.94751512176,21560.0,0.47113332653447526,40232.267319324455,0.00013544087702407513,16.345953170761486,21.249739121989933,10.0,272.0,1.3544087702407512e-05,34.69496265738138,1.8660606363323031
,,,,,52323.20336309478,21570.0,0.4712687674114993,40248.61797161139,0.00013544087702407513,16.35065228693212,21.255847973011758,10.0,272.0,1.3544087702407512e-05,34.69496265738138,1.8659535452763742
,,,,,52344.46531991881,21580.0,0.47140420828852336,40264.97332301449,0.00013544087702407513,16.355351403102752,21.26195682403358,10.0,272.0,1.3544087702407512e-05,34.69496265738138,1.8658467712240265
,,,,,52365.73338559386,21590.0,0.4715396491655474,40281.333373533766,0.00013544087702407513,16.360050519273386,21.268065675055404,10.0,272.0,1.3544087702407512e-05,34.69496265738138,1.8657403137347737
,,,,,52387.00756011994,21600.0,0.47167509004257147,40297.69812316921,0.00013544087702407513,16.364749635444017,21.274174526077225,10.0,272.0,1.3544087702407512e-05,34.69496265738138,1.865634172368945
,,,,,52408.28784349704,21610.0,0.4718105309195955,40314.06757192082,0.00013544087702407513,16.36944875161465,21.28028337709905,10.0,272.0,1.3544087702407512e-05,34.69496265738138,1.8655283466876826
,,,,,52429.57423572516,21620.0,0.47194597179661957,40330.44171978861,0.00013544087702407513,16.374147867785283,21.286392228120867,10.0,272.0,1.3544087702407512e-05,34.69496265738138,1.8654228362529421
,,,,,52450.8667368043,21630.0,0.4720814126736436,40346.82056677256,0.00013544087702407513,16.378846983955913,21.29250107914269,10.0,272.0,1.3544087702407512e-05,34.69496265738138,1.8653176406274878
,,,,,52472.165346734466,21640.0,0.47221685355066767,40363.20411287269,0.00013544087702407513,16.383546100126548,21.298609930164513,10.0,272.0,1.3544087702407512e-05,34.69496265738138,1.8652127593748933
,,,,,52493.470065515656,21650.0,0.4723522944276917,40379.59235808899,0.00013544087702407513,16.38824521629718,21.304718781186335,10.0,272.0,1.3544087702407512e-05,34.69496265738138,1.8651081920595376
,,,,,52514.780893147865,21660.0,0.4724877353047158,40395.98530242145,0.00013544087702407513,16.392944332467813,21.31082763220816,10.0,272.0,1.3544087702407512e-05,34.69496265738138,1.8650039382466046
,,,,,52536.09782963109,21670.0,0.4726231761817398,40412.38294587009,0.00013544087702407513,16.397643448638444,21.316936483229977,10.0,272.0,1.3544087702407512e-05,34.69496265738138,1.8648999975020808
,,,,,52557.42087496535,21680.0,0.4727586170587639,40428.785288434905,0.00013544087702407513,16.40234256480908,21.323045334251802,10.0,272.0,1.3544087702407512e-05,34.69496265738138,1.8647963693927538
,,,,,52578.75002915062,21690.0,0.4728940579357879,40445.19233011588,0.00013544087702407513,16.40704168097971,21.329154185273623,10.0,272.0,1.3544087702407512e-05,34.69496265738138,1.8646930534862094
,,,,,52668.609085400705,21700.0,0.47289498991666584,40514.314681077485,9.319808779398052e-07,69.1223509616005,89.85905625008066,10.0,274.0,9.319808779398052e-08,146.1684992132848,1.867019109727073
,,,,,52758.468318744905,21710.0,0.47289592189754376,40583.43716826533,9.319808779398052e-07,69.12248718784672,89.85923334420073,10.0,274.0,9.319808779398052e-08,146.1684992132848,1.8693430293996005
,,,,,52848.32772918323,21720.0,0.4728968538784217,40652.55979167942,9.319808779398052e-07,69.12262341409294,89.85941043832082,10.0,274.0,9.319808779398052e-08,146.1684992132848,1.8716648154548536
,,,,,52938.18731671567,21730.0,0.4728977858592996,40721.68255131976,9.319808779398052e-07,69.12275964033915,89.8595875324409,10.0,274.0,9.319808779398052e-08,146.1684992132848,1.8739844708384612
,,,,,53028.04708134223,21740.0,0.4728987178401775,40790.80544718635,9.319808779398052e-07,69.12289586658538,89.859764626561,10.0,274.0,9.319808779398052e-08,146.1684992132848,1.8763019984906324
,,,,,53117.90702306291,21750.0,0.4728996498210554,40859.92847927918,9.319808779398052e-07,69.1230320928316,89.85994172068108,10.0,274.0,9.319808779398052e-08,146.1684992132848,1.8786174013461692
,,,,,53207.76714187771,21760.0,0.47290058180193334,40929.05164759826,9.319808779398052e-07,69.12316831907782,89.86011881480117,10.0,274.0,9.319808779398052e-08,146.1684992132848,1.8809306823344787
,,,,,53297.62743778663,21780.0,0.47290151378281126,40998.174952143585,9.319808779398052e-07,69.12330454532405,89.86029590892126,10.0,274.0,9.319808779398052e-08,146.1684992132848,1.882377178702644
,,,,,53387.48791078967,21790.0,0.47290244576368917,41067.29839291515,9.319808779398052e-07,69.12344077157026,89.86047300304134,10.0,274.0,9.319808779398052e-08,146.1684992132848,1.884685561859346
,,,,,53477.34856088683,21800.0,0.4729033777445671,41136.42196991297,9.319808779398052e-07,69.12357699781649,89.86065009716144,10.0,274.0,9.319808779398052e-08,146.1684992132848,1.8869918334822462
,,,,,53567.20938807811,21810.0,0.472904309725445,41205.54568313703,9.319808779398052e-07,69.1237132240627,89.86082719128152,10.0,274.0,9.319808779398052e-08,146.1684992132848,1.8892959964757925
,,,,,53657.070392363516,21820.0,0.4729052417063229,41274.669532587344,9.319808779398052e-07,69.12384945030892,89.8610042854016,10.0,274.0,9.319808779398052e-08,146.1684992132848,1.8915980537391084
,,,,,53746.93157374304,21830.0,0.47290617368720084,41343.7935182639,9.319808779398052e-07,69.12398567655514,89.86118137952168,10.0,274.0,9.319808779398052e-08,146.1684992132848,1.8938980081660053
,,,,,53836.79293221668,21840.0,0.47290710566807875,41412.9176401667,9.319808779398052e-07,69.12412190280136,89.86135847364177,10.0,274.0,9.319808779398052e-08,146.1684992132848,1.8961958626449953
,,,,,53926.65446778444,21850.0,0.47290803764895667,41482.04189829575,9.319808779398052e-07,69.12425812904759,89.86153556776188,10.0,274.0,9.319808779398052e-08,146.1684992132848,1.898491620059302
,,,,,54016.51618044633,21860.0,0.4729089696298346,41551.16629265104,9.319808779398052e-07,69.1243943552938,89.86171266188195,10.0,274.0,9.319808779398052e-08,146.1684992132848,1.9007852832868728
,,,,,54106.37807020233,21870.0,0.4729099016107125,41620.29082323258,9.319808779398052e-07,69.12453058154003,89.86188975600204,10.0,274.0,9.319808779398052e-08,146.1684992132848,1.9030768552003923
,,,,,54196.24013705245,21880.0,0.4729108335915904,41689.41549004037,9.319808779398052e-07,69.12466680778624,89.86206685012212,10.0,274.0,9.319808779398052e-08,146.1684992132848,1.9053663386672928
,,,,,54286.102380996694,21890.0,0.47291176557246833,41758.5402930744,9.319808779398052e-07,69.12480303403247,89.86224394424221,10.0,274.0,9.319808779398052e-08,146.1684992132848,1.9076537365497672
,,,,,54375.96480203506,21900.0,0.47291269755334625,41827.66523233468,9.319808779398052e-07,69.12493926027868,89.86242103836229,10.0,274.0,9.319808779398052e-08,146.1684992132848,1.9099390517047798
,,,,,54465.82740016754,21910.0,0.47291362953422417,41896.790307821204,9.319808779398052e-07,69.1250754865249,89.86259813248238,10.0,274.0,9.319808779398052e-08,146.1684992132848,1.9122222869840806
,,,,,54555.69017539414,21920.0,0.4729145615151021,41965.91551953398,9.319808779398052e-07,69.12521171277113,89.86277522660248,10.0,274.0,9.319808779398052e-08,146.1684992132848,1.9145034452342142
,,,,,54645.55312771486,21930.0,0.47291549349598,42035.04086747299,9.319808779398052e-07,69.12534793901735,89.86295232072256,10.0,274.0,9.319808779398052e-08,146.1684992132848,1.9167825292965341
,,,,,54735.416257129706,21940.0,0.4729164254768579,42104.166351638254,9.319808779398052e-07,69.12548416526357,89.86312941484265,10.0,274.0,9.319808779398052e-08,146.1684992132848,1.919059542007213
,,,,,54825.279563638665,21950.0,0.47291735745773583,42173.291972029765,9.319808779398052e-07,69.12562039150978,89.86330650896272,10.0,274.0,9.319808779398052e-08,146.1684992132848,1.9213344861972559
,,,,,54915.14304724175,21960.0,0.47291828943861375,42242.417728647524,9.319808779398052e-07,69.12575661775601,89.86348360308281,10.0,274.0,9.319808779398052e-08,146.1684992132848,1.9236073646925103
,,,,,55005.00670793895,21970.0,0.47291922141949166,42311.543621491524,9.319808779398052e-07,69.12589284400222,89.86366069720289,10.0,274.0,9.319808779398052e-08,146.1684992132848,1.9258781803136789
,,,,,55094.87054573027,21980.0,0.4729201534003696,42380.66965056177,9.319808779398052e-07,69.12602907024845,89.863837791323,10.0,274.0,9.319808779398052e-08,146.1684992132848,1.928146935876332
,,,,,55184.73456061572,21990.0,0.4729210853812475,42449.79581585827,9.319808779398052e-07,69.12616529649468,89.86401488544308,10.0,274.0,9.319808779398052e-08,146.1684992132848,1.9304136341909173
,,,,,55232.48438746075,22000.0,0.4729254946902525,42486.52645189291,4.409309005014445e-06,36.73063603464015,47.749826845032196,10.0,251.0,4.409309005014445e-07,77.66685544981512,1.9312057478133142
,,,,,55280.23465950009,22010.0,0.47292990399925755,42523.257430384714,4.409309005014445e-06,36.730978491805274,47.75027203934686,10.0,251.0,4.409309005014445e-07,77.66685544981512,1.9319971572187513
,,,,,55327.985376733755,22020.0,0.4729343133082626,42559.98875133369,4.409309005014445e-06,36.73132094897041,47.75071723366153,10.0,251.0,4.409309005014445e-07,77.66685544981512,1.9327878633666524
,,,,,55375.736539161735,22030.0,0.4729387226172676,42596.72041473982,4.409309005014445e-06,36.73166340613553,47.75116242797619,10.0,251.0,4.409309005014445e-07,77.66685544981512,1.9335778672146993
,,,,,55423.488146784024,22040.0,0.47294313192627263,42633.45242060312,4.409309005014445e-06,36.73200586330066,47.751607622290855,10.0,251.0,4.409309005014445e-07,77.66685544981512,1.934367169718835
,,,,,55471.24019960063,22050.0,0.47294754123527766,42670.18476892359,4.409309005014445e-06,36.73234832046578,47.75205281660552,10.0,251.0,4.409309005014445e-07,77.66685544981512,1.9351557718332693
,,,,,55518.99269761155,22060.0,0.4729519505442827,42706.91745970122,4.409309005014445e-06,36.732690777630914,47.75249801092019,10.0,251.0,4.409309005014445e-07,77.66685544981512,1.9359436745104812
,,,,,55566.745640816785,22070.0,0.4729563598532877,42743.650492936016,4.409309005014445e-06,36.73303323479604,47.75294320523485,10.0,251.0,4.409309005014445e-07,77.66685544981512,1.936730878701224
,,,,,55614.499029216335,22080.0,0.47296076916229274,42780.38386862798,4.409309005014445e-06,36.733375691961164,47.753388399549515,10.0,251.0,4.409309005014445e-07,77.66685544981512,1.937517385354528
,,,,,55662.2528628102,22090.0,0.47296517847129776,42817.1175867771,4.409309005014445e-06,36.73371814912629,47.75383359386418,10.0,251.0,4.409309005014445e-07,77.66685544981512,1.938303195417705
,,,,,55710.00714159838,22100.0,0.4729695877803028,42853.851647383395,4.409309005014445e-06,36.73406060629142,47.75427878817885,10.0,251.0,4.409309005014445e-07,77.66685544981512,1.9390883098363527
,,,,,55757.76186558087,22110.0,0.4729739970893078,42890.58605044685,4.409309005014445e-06,36.73440306345655,47.754723982493516,10.0,251.0,4.409309005014445e-07,77.66685544981512,1.9398727295543579
,,,,,55805.51703475768,22120.0,0.47297840639831285,42927.32079596747,4.409309005014445e-06,36.73474552062167,47.755169176808174,10.0,251.0,4.409309005014445e-07,77.66685544981512,1.9406564555139
,,,,,55853.272649128805,22130.0,0.47298281570731787,42964.05588394526,4.409309005014445e-06,36.7350879777868,47.75561437112284,10.0,251.0,4.409309005014445e-07,77.66685544981512,1.9414394886554567
,,,,,55901.02870869424,22140.0,0.4729872250163229,43000.79131438021,4.409309005014445e-06,36.73543043495193,47.75605956543751,10.0,251.0,4.409309005014445e-07,77.66685544981512,1.9422218299178051
,,,,,55948.78521345399,22150.0,0.4729916343253279,43037.52708727233,4.409309005014445e-06,36.735772892117055,47.756504759752175,10.0,251.0,4.409309005014445e-07,77.66685544981512,1.9430034802380283
,,,,,55996.54216340806,22160.0,0.47299604363433295,43074.26320262161,4.409309005014445e-06,36.73611534928218,47.75694995406683,10.0,251.0,4.409309005014445e-07,77.66685544981512,1.9437844405515166
,,,,,56044.29955855644,22170.0,0.473000452943338,43110.99966042805,4.409309005014445e-06,36.736457806447305,47.7573951483815,10.0,251.0,4.409309005014445e-07,77.66685544981512,1.9445647117919735
,,,,,56092.05739889914,22180.0,0.473004862252343,43147.73646069167,4.409309005014445e-06,36.73680026361244,47.75784034269617,10.0,251.0,4.409309005014445e-07,77.66685544981512,1.9453442948914188
,,,,,56139.81568443615,22190.0,0.47300927156134803,43184.47360341244,4.409309005014445e-06,36.73714272077756,47.758285537010835,10.0,251.0,4.409309005014445e-07,77.66685544981512,1.9461231907801912
,,,,,56187.57441516747,22200.0,0.47301368087035306,43221.21108859039,4.409309005014445e-06,36.73748517794269,47.75873073132549,10.0,251.0,4.409309005014445e-07,77.66685544981512,1.9469014003869545
,,,,,56235.33359109311,22210.0,0.4730180901793581,43257.9489162255,4.409309005014445e-06,36.73782763510781,47.75917592564016,10.0,251.0,4.409309005014445e-07,77.66685544981512,1.9476789246386987
,,,,,56313.663866414885,22220.0,0.4731222559746539,43318.202974165324,0.00010416579529580491,60.254057939824214,78.33027532177148,10.0,112.0,1.0416579529580491e-05,127.35409754863052,1.9495140852459643
,,,,,56392.01138745977,22230.0,0.4732264217699497,43378.470298046006,0.00010416579529580491,60.26732388067955,78.34752104488342,10.0,112.0,1.0416579529580491e-05,127.35409754863052,1.9513481915450295
,,,,,56470.376154227764,22240.0,0.47333058756524554,43438.75088786754,0.00010416579529580491,60.28058982153488,78.36476676799535,10.0,112.0,1.0416579529580491e-05,127.35409754863052,1.953181244958073
,,,,,56548.75816671887,22250.0,0.47343475336054136,43499.04474362994,0.00010416579529580491,60.293855762390216,78.38201249110729,10.0,112.0,1.0416579529580491e-05,127.35409754863052,1.9550132469047163
,,,,,56627.15742493309,22260.0,0.4735389191558372,43559.351865333185,0.00010416579529580491,60.30712170324555,78.39925821421922,10.0,112.0,1.0416579529580491e-05,127.35409754863052,1.95684419880203
,,,,,56705.57392887042,22270.0,0.473643084951133,43619.67225297729,0.00010416579529580491,60.32038764410088,78.41650393733116,10.0,112.0,1.0416579529580491e-05,127.35409754863052,1.9586741020645393
,,,,,56784.00767853086,22280.0,0.4737472507464288,43680.00590656225,0.00010416579529580491,60.33365358495622,78.43374966044308,10.0,112.0,1.0416579529580491e-05,127.35409754863052,1.9605029581042301
,,,,,56862.45867391442,22290.0,0.47385141654172463,43740.35282608806,0.00010416579529580491,60.34691952581155,78.45099538355502,10.0,112.0,1.0416579529580491e-05,127.35409754863052,1.9623307683305546
,,,,,56940.92691502109,22300.0,0.47395558233702045,43800.71301155473,0.00010416579529580491,60.360185466666884,78.46824110666695,10.0,112.0,1.0416579529580491e-05,127.35409754863052,1.9641575341504365
,,,,,57019.41240185087,22310.0,0.47405974813231627,43861.08646296225,0.00010416579529580491,60.37345140752222,78.48548682977889,10.0,112.0,1.0416579529580491e-05,127.35409754863052,1.9659832569682767
,,,,,57097.91513440376,22320.0,0.4741639139276121,43921.473180310626,0.00010416579529580491,60.38671734837756,78.50273255289083,10.0,112.0,1.0416579529580491e-05,127.35409754863052,1.96780793818596
,,,,,57176.43511267976,22330.0,0.4742680797229079,43981.873163599856,0.00010416579529580491,60.39998328923289,78.51997827600276,10.0,112.0,1.0416579529580491e-05,127.35409754863052,1.9696315792028596
,,,,,57254.972336678875,22340.0,0.47437224551820373,44042.28641282994,0.00010416579529580491,60.413249230088226,78.5372239991147,10.0,112.0,1.0416579529580491e-05,127.35409754863052,1.9714541814158433
,,,,,57333.5268064011,22350.0,0.47447641131349955,44102.71292800088,0.00010416579529580491,60.42651517094356,78.55446972222663,10.0,112.0,1.0416579529580491e-05,127.35409754863052,1.9732757462192787
,,,,,57412.09852184644,22360.0,0.47458057710879537,44163.15270911268,0.00010416579529580491,60.439781111798894,78.57171544533857,10.0,112.0,1.0416579529580491e-05,127.35409754863052,1.9750962750050391
,,,,,57490.68748301489,22370.0,0.4746847429040912,44223.60575616533,0.00010416579529580491,60.45304705265423,78.5889611684505,10.0,112.0,1.0416579529580491e-05,127.35409754863052,1.9769157691625092
,,,,,57505.19527850187,22380.0,0.47470284362866333,44234.765598847625,1.8100724572168472e-05,11.159842682298674,14.507795486988277,10.0,132.0,1.8100724572168474e-06,23.509112768299467,1.976531081271118
,,,,,57519.70362718043,22390.0,0.4747209443532355,44245.9258670619,1.8100724572168472e-05,11.16026821427383,14.50834867855598,10.0,132.0,1.8100724572168474e-06,23.509112768299467,1.9761467560099109
,,,,,57534.21252905056,22400.0,0.4747390450778076,44257.08656080815,1.8100724572168472e-05,11.160693746248983,14.508901870123678,10.0,132.0,1.8100724572168474e-06,23.509112768299467,1.975762792893221
,,,,,57548.72198411225,22410.0,0.47475714580237977,44268.24768008637,1.8100724572168472e-05,11.161119278224138,14.50945506169138,10.0,132.0,1.8100724572168474e-06,23.509112768299467,1.9753791914362504
,,,,,57563.23199236551,22420.0,0.4747752465269519,44279.409224896575,1.8100724572168472e-05,11.161544810199292,14.51000825325908,10.0,132.0,1.8100724572168474e-06,23.509112768299467,1.9749959511550659
,,,,,57577.742553810334,22430.0,0.47479334725152406,44290.57119523875,1.8100724572168472e-05,11.161970342174447,14.510561444826783,10.0,132.0,1.8100724572168474e-06,23.509112768299467,1.9746130715665962
,,,,,57592.25366844673,22440.0,0.4748114479760962,44301.7335911129,1.8100724572168472e-05,11.1623958741496,14.511114636394481,10.0,132.0,1.8100724572168474e-06,23.509112768299467,1.9742305521886319
,,,,,57606.765336274686,22450.0,0.47482954870066835,44312.896412519025,1.8100724572168472e-05,11.162821406124756,14.511667827962183,10.0,132.0,1.8100724572168474e-06,23.509112768299467,1.973848392539823
,,,,,57712.95179538181,22460.0,0.4748650579521498,44394.57830413989,3.550925148143027e-05,81.68189162086432,106.18645910712362,10.0,35.0,3.5509251481430274e-06,172.01074337437367,1.976606335892248
,,,,,57819.1461948535,22470.0,0.4749005672036312,44476.2663037335,3.550925148143027e-05,81.68799959360831,106.1943994716908,10.0,35.0,3.5509251481430274e-06,172.01074337437367,1.9793620962943257
,,,,,57925.34853468976,22480.0,0.47493607645511265,44557.96041129985,3.550925148143027e-05,81.6941075663523,106.20233983625799,10.0,35.0,3.5509251481430274e-06,172.01074337437367,1.982115676659246
,,,,,58031.55881489058,22490.0,0.4749715857065941,44639.660626838944,3.550925148143027e-05,81.70021553909629,106.21028020082518,10.0,35.0,3.5509251481430274e-06,172.01074337437367,1.9848670798950174
,,,,,58137.777035455976,22500.0,0.4750070949580755,44721.366950350784,3.550925148143027e-05,81.70632351184028,106.21822056539237,10.0,35.0,3.5509251481430274e-06,172.01074337437367,1.9876163089044794
,,,,,58244.00319638594,22510.0,0.47504260420955696,44803.07938183537,3.550925148143027e-05,81.71243148458427,106.22616092995956,10.0,35.0,3.5509251481430274e-06,172.01074337437367,1.990363366585312
,,,,,58350.23729768046,22520.0,0.4750781134610384,44884.7979212927,3.550925148143027e-05,81.71853945732826,106.23410129452674,10.0,35.0,3.5509251481430274e-06,172.01074337437367,1.993108255830049
,,,,,58456.47933933955,22530.0,0.47511362271251983,44966.52256872277,3.550925148143027e-05,81.72464743007224,106.24204165909391,10.0,35.0,3.5509251481430274e-06,172.01074337437367,1.9958509795260884
,,,,,58628.9594167812,22540.0,0.4752316979614538,45099.19955137019,0.00011807524893396721,132.67698264742103,172.48007744164735,10.0,114.0,1.1807524893396721e-05,279.18378175645705,2.0008517990847468
,,,,,58801.482348325735,22550.0,0.4753497732103878,45231.90949871214,0.00011807524893396721,132.70994734195025,172.52293154453534,10.0,114.0,1.1807524893396721e-05,279.18378175645705,2.005849645175705
,,,,,58974.048133973156,22560.0,0.4754678484593218,45364.65241074862,0.00011807524893396721,132.74291203647948,172.56578564742333,10.0,114.0,1.1807524893396721e-05,279.18378175645705,2.0108445217530417
,,,,,59146.656773723465,22570.0,0.47558592370825575,45497.428287479626,0.00011807524893396721,132.7758767310087,172.60863975031134,10.0,114.0,1.1807524893396721e-05,279.18378175645705,2.0158364327638294
,,,,,59319.308267576664,22580.0,0.47570399895718973,45630.237128905166,0.00011807524893396721,132.80884142553793,172.65149385319933,10.0,114.0,1.1807524893396721e-05,279.18378175645705,2.020825382148147
,,,,,59492.00261553275,22590.0,0.4758220742061237,45763.07893502523,0.00011807524893396721,132.84180612006716,172.6943479560873,10.0,114.0,1.1807524893396721e-05,279.18378175645705,2.0258113738390984
,,,,,59664.739817591726,22600.0,0.4759401494550577,45895.95370583983,0.00011807524893396721,132.8747708145964,172.7372020589753,10.0,114.0,1.1807524893396721e-05,279.18378175645705,2.030794411762824
,,,,,59837.48370402768,22610.0,0.47595856681590143,46028.83361848287,1.8417360843734738e-05,132.8799126430467,172.74388643596072,10.0,104.0,1.8417360843734737e-06,279.18378175645705,2.0357732692827453
,,,,,60010.23427484063,22620.0,0.47597698417674517,46161.71867295437,1.8417360843734738e-05,132.88505447149703,172.75057081294614,10.0,104.0,1.8417360843734737e-06,279.18378175645705,2.040747951943164
,,,,,60182.99153003056,22630.0,0.4759954015375889,46294.60886925431,1.8417360843734738e-05,132.89019629994735,172.75725518993156,10.0,104.0,1.8417360843734737e-06,279.18378175645705,2.0457184652785823
,,,,,60355.755469597476,22640.0,0.47601381889843264,46427.50420738271,1.8417360843734738e-05,132.8953381283977,172.763939566917,10.0,104.0,1.8417360843734737e-06,279.18378175645705,2.050684814813724
,,,,,60528.526093541375,22650.0,0.4760322362592764,46560.404687339564,1.8417360843734738e-05,132.90047995684802,172.77062394390242,10.0,104.0,1.8417360843734737e-06,279.18378175645705,2.0556470060635568
,,,,,60701.303401862264,22660.0,0.4760506536201201,46693.31030912486,1.8417360843734738e-05,132.90562178529834,172.77730832088784,10.0,104.0,1.8417360843734737e-06,279.18378175645705,2.0606050445333124
,,,,,60874.087394560134,22670.0,0.47606907098096385,46826.22107273861,1.8417360843734738e-05,132.91076361374868,172.7839926978733,10.0,104.0,1.8417360843734737e-06,279.18378175645705,2.0655589357185096
,,,,,61038.255545875974,22680.0,0.4763363052363646,46952.50426605849,0.0002672342554007887,126.283193319875,164.1681513158375,10.0,159.0,2.672342554007887e-05,265.11351734403604,2.070216237480533
,,,,,61202.515798829234,22690.0,0.47660353949176537,47078.858306791764,0.0002672342554007887,126.3540407332791,164.26025295326284,10.0,159.0,2.672342554007887e-05,265.11351734403604,2.0748725564914836
,,,,,61366.86815341992,22700.0,0.47687077374716613,47205.28319493845,0.0002672342554007887,126.42488814668322,164.35235459068818,10.0,159.0,2.672342554007887e-05,265.11351734403604,2.079527894050152
,,,,,61531.312609648034,22710.0,0.4771380080025669,47331.778930498534,0.0002672342554007887,126.49573556008733,164.44445622811352,10.0,159.0,2.672342554007887e-05,265.11351734403604,2.08418225145304
,,,,,61695.849167513574,22720.0,0.47740524225796765,47458.34551347203,0.0002672342554007887,126.56658297349144,164.53655786553887,10.0,159.0,2.672342554007887e-05,265.11351734403604,2.0888356299943673
,,,,,61860.47782701654,22730.0,0.4776724765133684,47584.98294385892,0.0002672342554007887,126.63743038689555,164.6286595029642,10.0,159.0,2.672342554007887e-05,265.11351734403604,2.0934880309660766
,,,,,62025.19858815693,22740.0,0.4779397107687692,47711.691221659225,0.0002672342554007887,126.70827780029965,164.72076114038956,10.0,159.0,2.672342554007887e-05,265.11351734403604,2.0981394556578374
,,,,,62190.01145093474,22750.0,0.47820694502416994,47838.47034687293,0.0002672342554007887,126.77912521370376,164.8128627778149,10.0,159.0,2.672342554007887e-05,265.11351734403604,2.1027899053570516
,,,,,62354.91641534998,22760.0,0.4784741792795707,47965.32031950004,0.0002672342554007887,126.84997262710787,164.90496441524024,10.0,159.0,2.672342554007887e-05,265.11351734403604,2.1074393813488594
,,,,,62519.91348140265,22770.0,0.47874141353497146,48092.24113954055,0.0002672342554007887,126.92082004051198,164.9970660526656,10.0,159.0,2.672342554007887e-05,265.11351734403604,2.112087884916142
,,,,,62685.00264909274,22780.0,0.4790086477903722,48219.23280699446,0.0002672342554007887,126.9916674539161,165.08916769009093,10.0,159.0,2.672342554007887e-05,265.11351734403604,2.1167354173395285
,,,,,62850.183918420254,22790.0,0.479275882045773,48346.295321861784,0.0002672342554007887,127.0625148673202,165.18126932751628,10.0,159.0,2.672342554007887e-05,265.11351734403604,2.121381979897402
,,,,,63015.457289385195,22800.0,0.47954311630117374,48473.428684142506,0.0002672342554007887,127.13336228072431,165.27337096494162,10.0,159.0,2.672342554007887e-05,265.11351734403604,2.1260275738658994
,,,,,63189.509489193384,22810.0,0.4795633424779409,48607.314991687264,2.0226176767195363e-05,133.88630754475852,174.0521998081861,10.0,113.0,2.0226176767195364e-06,279.18378175645705,2.130965146500976
,,,,,63363.569029868246,22820.0,0.4795835686547081,48741.206946052545,2.0226176767195363e-05,133.89195436527885,174.05954067486252,10.0,113.0,2.0226176767195364e-06,279.18378175645705,2.135898639178464
,,,,,63537.63591140979,22830.0,0.47960379483147525,48875.10454723834,2.0226176767195363e-05,133.8976011857992,174.06688154153898,10.0,113.0,2.0226176767195364e-06,279.18378175645705,2.1408280572596734
,,,,,63711.710133818,22840.0,0.4796240210082424,49009.00779524466,2.0226176767195363e-05,133.90324800631953,174.0742224082154,10.0,113.0,2.0226176767195364e-06,279.18378175645705,2.145753406096526
,,,,,63885.79169709289,22850.0,0.4796442471850096,49142.9166900715,2.0226176767195363e-05,133.90889482683986,174.0815632748918,10.0,113.0,2.0226176767195364e-06,279.18378175645705,2.1506746910315755
,,,,,64059.88060123446,22860.0,0.47966447336177676,49276.83123171886,2.0226176767195363e-05,133.91454164736018,174.08890414156824,10.0,113.0,2.0226176767195364e-06,279.18378175645705,2.1555919173980254
,,,,,64093.737794887194,22870.0,0.47978234764623207,49302.875226836346,0.00011787428445532849,26.043995117488286,33.85719365273477,10.0,86.0,1.1787428445532849e-05,54.28293734702355,2.1557881603339024
,,,,,64127.603306671044,22880.0,0.4799002219306874,49328.92562051623,0.00011787428445532849,26.0503936798862,33.86551178385206,10.0,86.0,1.1787428445532849e-05,54.28293734702355,2.155984511386199
,,,,,64161.477136586014,22890.0,0.4800180962151427,49354.982412758516,0.00011787428445532849,26.05679224228411,33.87382991496934,10.0,86.0,1.1787428445532849e-05,54.28293734702355,2.156180970413216
,,,,,64195.359284632104,22900.0,0.480135970499598,49381.0456035632,0.00011787428445532849,26.063190804682026,33.882148046086634,10.0,86.0,1.1787428445532849e-05,54.28293734702355,2.156377537273502
,,,,,64229.24975080931,22910.0,0.4802538447840533,49407.11519293028,0.00011787428445532849,26.06958936707994,33.89046617720392,10.0,86.0,1.1787428445532849e-05,54.28293734702355,2.1565742118258524
,,,,,64263.14853511763,22920.0,0.4803717190685086,49433.19118085976,0.00011787428445532849,26.07598792947785,33.898784308321204,10.0,86.0,1.1787428445532849e-05,54.28293734702355,2.156770993929309
,,,,,64297.05563755707,22930.0,0.48048959335296393,49459.273567351636,0.00011787428445532849,26.082386491875763,33.907102439438496,10.0,86.0,1.1787428445532849e-05,54.28293734702355,2.156967883443159
,,,,,64355.127844047,22940.0,0.48050470622154984,49503.944495420816,1.511286858591028e-05,44.67092806917842,58.07220648993195,10.0,105.0,1.511286858591028e-06,92.96668168028654,2.1579749126164263
,,,,,64413.20187702814,22950.0,0.48051981909013575,49548.61682848324,1.511286858591028e-05,44.67233306242153,58.07403298114799,10.0,105.0,1.511286858591028e-06,92.96668168028654,2.158981125424106
,,,,,64471.27773650051,22960.0,0.48053493195872166,49593.290566538904,1.511286858591028e-05,44.67373805566463,58.075859472364016,10.0,105.0,1.511286858591028e-06,92.96668168028654,2.159986522932879
,,,,,64529.35542246409,22970.0,0.48055004482730757,49637.965709587814,1.511286858591028e-05,44.67514304890773,58.077685963580045,10.0,105.0,1.511286858591028e-06,92.96668168028654,2.160991106207567
,,,,,64587.434934918885,22980.0,0.4805651576958935,49682.64225762997,1.511286858591028e-05,44.676548042150834,58.07951245479609,10.0,105.0,1.511286858591028e-06,92.96668168028654,2.1619948763111387
,,,,,64645.516273864894,22990.0,0.4805802705644794,49727.32021066536,1.511286858591028e-05,44.677953035393934,58.08133894601212,10.0,105.0,1.511286858591028e-06,92.96668168028654,2.1629978343047136
,,,,,64703.599439302125,23000.0,0.4805953834330653,49771.999568694,1.511286858591028e-05,44.67935802863704,58.08316543722815,10.0,105.0,1.511286858591028e-06,92.96668168028654,2.1639999812475654
,,,,,64761.68443123057,23010.0,0.4806104963016512,49816.680331715885,1.511286858591028e-05,44.68076302188014,58.08499192844418,10.0,105.0,1.511286858591028e-06,92.96668168028654,2.1650013181971266
,,,,,64819.77124965023,23020.0,0.4806256091702371,49861.36249973101,1.511286858591028e-05,44.68216801512324,58.08681841966021,10.0,105.0,1.511286858591028e-06,92.96668168028654,2.1660018462089927
,,,,,64877.8598945611,23030.0,0.480640722038823,49906.04607273938,1.511286858591028e-05,44.683573008366345,58.08864491087625,10.0,105.0,1.511286858591028e-06,92.96668168028654,2.167001566336925
,,,,,65052.31103409886,23040.0,0.4806625349637067,50040.23925699919,2.1812924883670593e-05,134.1931842598129,174.4511395377568,10.0,116.0,2.1812924883670592e-06,279.18378175645705,2.171885384418368
,,,,,65226.770090395934,23050.0,0.4806843478885904,50174.438531073865,2.1812924883670593e-05,134.1992740746731,174.45905629707502,10.0,116.0,2.1812924883670592e-06,279.18378175645705,2.1767652291138337
,,,,,65401.237063452325,23060.0,0.48070616081347406,50308.643894963396,2.1812924883670593e-05,134.2053638895333,174.46697305639327,10.0,116.0,2.1812924883670592e-06,279.18378175645705,2.181641105592515
,,,,,65575.71195326804,23070.0,0.48072797373835774,50442.85534866779,2.1812924883670593e-05,134.21145370439348,174.47488981571152,10.0,116.0,2.1812924883670592e-06,279.18378175645705,2.186513019014642
,,,,,65750.19475984307,23080.0,0.4807497866632414,50577.07289218705,2.1812924883670593e-05,134.21754351925367,174.48280657502977,10.0,116.0,2.1812924883670592e-06,279.18378175645705,2.1913809745315014
,,,,,65924.68548317743,23090.0,0.4807715995881251,50711.29652552116,2.1812924883670593e-05,134.22363333411388,174.49072333434805,10.0,116.0,2.1812924883670592e-06,279.18378175645705,2.1962449772854553
,,,,,66099.18412327109,23100.0,0.4807934125130088,50845.52624867013,2.1812924883670593e-05,134.22972314897407,174.4986400936663,10.0,116.0,2.1812924883670592e-06,279.18378175645705,2.2011050324099624
,,,,,66273.69068012407,23110.0,0.48081522543789246,50979.76206163397,2.1812924883670593e-05,134.23581296383426,174.50655685298455,10.0,116.0,2.1812924883670592e-06,279.18378175645705,2.205961145029596
,,,,,66448.20515373637,23120.0,0.48083703836277614,51114.00396441267,2.1812924883670593e-05,134.24190277869445,174.5144736123028,10.0,116.0,2.1812924883670592e-06,279.18378175645705,2.2108133202600633
,,,,,66622.727544108,23130.0,0.4808588512876598,51248.25195700622,2.1812924883670593e-05,134.24799259355464,174.52239037162104,10.0,116.0,2.1812924883670592e-06,279.18378175645705,2.215661563208224
,,,,,66797.25785123894,23140.0,0.4808806642125435,51382.506039414635,2.1812924883670593e-05,134.25408240841486,174.53030713093932,10.0,116.0,2.1812924883670592e-06,279.18378175645705,2.2205058789721104
,,,,,66971.7960751292,23150.0,0.4809024771374272,51516.76621163791,2.1812924883670593e-05,134.26017222327505,174.53822389025757,10.0,116.0,2.1812924883670592e-06,279.18378175645705,2.2253462726409463
,,,,,67029.12269478018,23160.0,0.48108613223843133,51560.86361136943,0.0001836551010041423,44.09739973152207,57.32661965097869,10.0,222.0,1.836551010041423e-05,91.66217185754782,2.226289447813879
,,,,,67086.47119892422,23170.0,0.4812697873394355,51604.977845326386,0.0001836551010041423,44.11423395695282,57.34850414403867,10.0,222.0,1.836551010041423e-05,91.66217185754782,2.227232535404678
,,,,,67143.84158756131,23180.0,0.48145344244043964,51649.10891350877,0.0001836551010041423,44.131068182383586,57.370388637098664,10.0,222.0,1.836551010041423e-05,91.66217185754782,2.228175535526694
,,,,,67201.23386069147,23190.0,0.4816370975414438,51693.25681591658,0.0001836551010041423,44.14790240781434,57.39227313015865,10.0,222.0,1.836551010041423e-05,91.66217185754782,2.2291184482930824
,,,,,67258.64801831469,23200.0,0.48182075264244795,51737.42155254983,0.0001836551010041423,44.1647366332451,57.41415762321863,10.0,222.0,1.836551010041423e-05,91.66217185754782,2.230061273816803
,,,,,67316.08406043098,23210.0,0.4820044077434521,51781.6031234085,0.0001836551010041423,44.18157085867586,57.43604211627862,10.0,222.0,1.836551010041423e-05,91.66217185754782,2.2310040122106205
,,,,,67373.54198704031,23220.0,0.48218806284445626,51825.80152849261,0.0001836551010041423,44.19840508410662,57.45792660933861,10.0,222.0,1.836551010041423e-05,91.66217185754782,2.2319466635871064
,,,,,67431.02179814271,23230.0,0.4823717179454604,51870.016767802146,0.0001836551010041423,44.215239309537374,57.479811102398585,10.0,222.0,1.836551010041423e-05,91.66217185754782,2.2328892280586374
,,,,,67483.12364250487,23240.0,0.4825992376828572,51910.095109619186,0.00022751973739673832,40.07834181704092,52.1018443621532,10.0,280.0,2.2751973739673833e-05,83.04684029231441,2.233652973735765
,,,,,67535.2500501009,23250.0,0.48282675742025394,51950.192346231524,0.00022751973739673832,40.09723661233586,52.12640759603662,10.0,280.0,2.2751973739673833e-05,83.04684029231441,2.2344168751067324
,,,,,67587.40102093083,23260.0,0.4830542771576507,51990.308477639155,0.00022751973739673832,40.1161314076308,52.15097082992005,10.0,280.0,2.2751973739673833e-05,83.04684029231441,2.2351809319707288
,,,,,67639.57655499464,23270.0,0.48328179689504747,52030.44350384208,0.00022751973739673832,40.13502620292574,52.17553406380346,10.0,280.0,2.2751973739673833e-05,83.04684029231441,2.2359451441272915
,,,,,67691.77665229232,23280.0,0.48350931663244423,52070.5974248403,0.00022751973739673832,40.15392099822068,52.20009729768688,10.0,280.0,2.2751973739673833e-05,83.04684029231441,2.2367095113763016
,,,,,67744.0013128239,23290.0,0.483736836369841,52110.770240633814,0.00022751973739673832,40.17281579351562,52.22466053157031,10.0,280.0,2.2751973739673833e-05,83.04684029231441,2.2374740335179824
,,,,,67816.30349803928,23300.0,0.48373810494817543,52166.387306184115,1.2685783344515215e-06,55.61706555030047,72.30218521539061,10.0,242.0,1.2685783344515214e-07,114.97350525292796,2.238900742754683
,,,,,67888.60587286344,23310.0,0.48373937352650986,52222.00451758732,1.2685783344515215e-06,55.61721140319826,72.30237482415774,10.0,242.0,1.2685783344515214e-07,114.97350525292796,2.24032623413073
,,,,,67960.90843729637,23320.0,0.4837406421048443,52277.62187484341,1.2685783344515215e-06,55.617357256096064,72.30256443292488,10.0,242.0,1.2685783344515214e-07,114.97350525292796,2.241750509212839
,,,,,68033.21119133806,23330.0,0.48374191068317873,52333.239377952406,1.2685783344515215e-06,55.61750310899386,72.30275404169201,10.0,242.0,1.2685783344515214e-07,114.97350525292796,2.243173569565041
,,,,,68105.51413498852,23340.0,0.48374317926151317,52388.857026914295,1.2685783344515215e-06,55.61764896189166,72.30294365045916,10.0,242.0,1.2685783344515214e-07,114.97350525292796,2.2445954167486843
,,,,,68177.81726824775,23350.0,0.4837444478398476,52444.47482172908,1.2685783344515215e-06,55.617794814789455,72.3031332592263,10.0,242.0,1.2685783344515214e-07,114.97350525292796,2.2460160523224446
,,,,,68250.12059111574,23360.0,0.48374571641818204,52500.09276239677,1.2685783344515215e-06,55.61794066768725,72.30332286799343,10.0,242.0,1.2685783344515214e-07,114.97350525292796,2.2474354778423278
,,,,,68322.42410359251,23370.0,0.48374698499651647,52555.710848917355,1.2685783344515215e-06,55.61808652058505,72.30351247676057,10.0,242.0,1.2685783344515214e-07,114.97350525292796,2.2488536948616753
,,,,,68394.72780567803,23380.0,0.4837482535748509,52611.32908129084,1.2685783344515215e-06,55.61823237348285,72.3037020855277,10.0,242.0,1.2685783344515214e-07,114.97350525292796,2.2502707049311734
,,,,,68467.03169737232,23390.0,0.48374952215318534,52666.94745951722,1.2685783344515215e-06,55.61837822638065,72.30389169429485,10.0,242.0,1.2685783344515214e-07,114.97350525292796,2.251686509598855
,,,,,68539.33577867539,23400.0,0.4837507907315198,52722.5659835965,1.2685783344515215e-06,55.618524079278444,72.30408130306198,10.0,242.0,1.2685783344515214e-07,114.97350525292796,2.253101110410107
,,,,,68611.64004958722,23410.0,0.4837520593098542,52778.184653528675,1.2685783344515215e-06,55.618669932176246,72.30427091182912,10.0,242.0,1.2685783344515214e-07,114.97350525292796,2.254514508907675
,,,,,68692.41230052736,23420.0,0.4839859241648035,52840.31715425186,0.00023386485494928885,62.13250072318468,80.77225094014008,10.0,256.0,2.3386485494928886e-05,128.3766688678073,2.256204831522283
,,,,,68773.22358109585,23430.0,0.4842197890197528,52902.47967776609,0.00023386485494928885,62.16252351422832,80.81128056849681,10.0,256.0,2.3386485494928886e-05,128.3766688678073,2.2578949926490006
,,,,,68854.0738912927,23440.0,0.48445365387470213,52964.67222407136,0.00023386485494928885,62.19254630527197,80.85031019685356,10.0,256.0,2.3386485494928886e-05,128.3766688678073,2.2595849924945117
,,,,,68934.96323111792,23450.0,0.48468751872965143,53026.894793167674,0.00023386485494928885,62.22256909631561,80.8893398252103,10.0,256.0,2.3386485494928886e-05,128.3766688678073,2.261274831265146
,,,,,69015.89160057149,23460.0,0.48492138358460074,53089.14738505503,0.00023386485494928885,62.25259188735925,80.92836945356703,10.0,256.0,2.3386485494928886e-05,128.3766688678073,2.2629645091668813
,,,,,69096.85899965341,23470.0,0.48515524843955005,53151.42999973344,0.00023386485494928885,62.2826146784029,80.96739908192377,10.0,256.0,2.3386485494928886e-05,128.3766688678073,2.2646540264053447
,,,,,69177.8654283637,23480.0,0.48538911329449935,53213.742637202886,0.00023386485494928885,62.31263746944654,81.0064287102805,10.0,256.0,2.3386485494928886e-05,128.3766688678073,2.266343383185813
,,,,,69258.91088670233,23490.0,0.48562297814944866,53276.085297463374,0.00023386485494928885,62.34266026049019,81.04545833863725,10.0,256.0,2.3386485494928886e-05,128.3766688678073,2.2680325797132133
,,,,,69339.99537466932,23500.0,0.48585684300439796,53338.45798051491,0.00023386485494928885,62.37268305153383,81.08448796699399,10.0,256.0,2.3386485494928886e-05,128.3766688678073,2.269721616192124
,,,,,69421.11889226467,23510.0,0.48609070785934727,53400.86068635749,0.00023386485494928885,62.402705842577475,81.12351759535072,10.0,256.0,2.3386485494928886e-05,128.3766688678073,2.2714104928267753
,,,,,69502.28143948838,23520.0,0.4863245727142966,53463.29341499111,0.00023386485494928885,62.432728633621124,81.16254722370746,10.0,256.0,2.3386485494928886e-05,128.3766688678073,2.2730992098210505
,,,,,69583.48301634044,23530.0,0.4865584375692459,53525.75616641578,0.00023386485494928885,62.462751424664766,81.20157685206419,10.0,256.0,2.3386485494928886e-05,128.3766688678073,2.274787767378486
,,,,,69664.72362282086,23540.0,0.4867923024241952,53588.248940631485,0.00023386485494928885,62.492774215708415,81.24060648042094,10.0,256.0,2.3386485494928886e-05,128.3766688678073,2.276476165702272
,,,,,69746.00325892965,23550.0,0.4870261672791445,53650.771737638235,0.00023386485494928885,62.52279700675206,81.27963610877768,10.0,256.0,2.3386485494928886e-05,128.3766688678073,2.278164404995254
,,,,,69827.32192466679,23560.0,0.4872600321340938,53713.32455743603,0.00023386485494928885,62.5528197977957,81.31866573713441,10.0,256.0,2.3386485494928886e-05,128.3766688678073,2.2798524854599336
,,,,,69908.67962003227,23570.0,0.4874938969890431,53775.90740002487,0.00023386485494928885,62.58284258883935,81.35769536549115,10.0,256.0,2.3386485494928886e-05,128.3766688678073,2.281540407298467
,,,,,69990.07634502611,23580.0,0.4877277618439924,53838.52026540475,0.00023386485494928885,62.61286537988299,81.39672499384788,10.0,256.0,2.3386485494928886e-05,128.3766688678073,2.2832281707126696
,,,,,70047.48056098213,23590.0,0.4878223564485161,53882.677354601685,9.459460452373392e-05,44.15708919693373,57.40421595601386,10.0,95.0,9.459460452373392e-06,90.51878950036188,2.2841321472912965
,,,,,70104.89590830397,23600.0,0.48791695105303984,53926.84300638772,9.459460452373392e-05,44.165651786028484,57.41534732183703,10.0,95.0,9.459460452373392e-06,90.51878950036188,2.285035720609649
,,,,,70162.32238699163,23610.0,0.48801154565756355,53971.01722076284,9.459460452373392e-05,44.174214375123235,57.42647868766021,10.0,95.0,9.459460452373392e-06,90.51878950036188,2.285938891180129
,,,,,70219.75999704511,23620.0,0.48810614026208726,54015.19999772706,9.459460452373392e-05,44.182776964217986,57.43761005348338,10.0,95.0,9.459460452373392e-06,90.51878950036188,2.28684165951427
,,,,,70277.20873846443,23630.0,0.488200734866611,54059.39133728037,9.459460452373392e-05,44.19133955331274,57.44874141930656,10.0,95.0,9.459460452373392e-06,90.51878950036188,2.2877440261227413
,,,,,70334.66861124955,23640.0,0.4882953294711347,54103.59123942278,9.459460452373392e-05,44.19990214240749,57.45987278512974,10.0,95.0,9.459460452373392e-06,90.51878950036188,2.288645991515346
,,,,,70392.1396154005,23650.0,0.4883899240756584,54147.79970415428,9.459460452373392e-05,44.20846473150224,57.471004150952915,10.0,95.0,9.459460452373392e-06,90.51878950036188,2.2895475562010263
,,,,,70449.62175091729,23660.0,0.4884845186801821,54192.016731474876,9.459460452373392e-05,44.21702732059699,57.48213551677609,10.0,95.0,9.459460452373392e-06,90.51878950036188,2.2904487206878645
,,,,,70507.11501779988,23670.0,0.4885791132847058,54236.24232138457,9.459460452373392e-05,44.22558990969174,57.493266882599265,10.0,95.0,9.459460452373392e-06,90.51878950036188,2.291349485483083
,,,,,70564.6194160483,23680.0,0.48867370788922954,54280.476473883355,9.459460452373392e-05,44.2341524987865,57.504398248422454,10.0,95.0,9.459460452373392e-06,90.51878950036188,2.292249851093047
,,,,,70622.13494566255,23690.0,0.48876830249375325,54324.719188971234,9.459460452373392e-05,44.24271508788125,57.51552961424563,10.0,95.0,9.459460452373392e-06,90.51878950036188,2.293149818023269
,,,,,70679.66160664262,23700.0,0.48886289709827696,54368.97046664821,9.459460452373392e-05,44.251277676976,57.526660980068804,10.0,95.0,9.459460452373392e-06,90.51878950036188,2.2940493867784055
,,,,,70737.19939898851,23710.0,0.4889574917028007,54413.23030691428,9.459460452373392e-05,44.25984026607075,57.53779234589198,10.0,95.0,9.459460452373392e-06,90.51878950036188,2.294948557862264
,,,,,70794.74832270022,23720.0,0.4890520863073244,54457.49870976945,9.459460452373392e-05,44.268402855165505,57.548923711715155,10.0,95.0,9.459460452373392e-06,90.51878950036188,2.2958473317778014
,,,,,70852.30837777776,23730.0,0.4891466809118481,54501.77567521371,9.459460452373392e-05,44.276965444260256,57.56005507753834,10.0,95.0,9.459460452373392e-06,90.51878950036188,2.2967457090271264
,,,,,70909.87956422113,23740.0,0.4892412755163718,54546.06120324706,9.459460452373392e-05,44.28552803335501,57.57118644336151,10.0,95.0,9.459460452373392e-06,90.51878950036188,2.297643690111502
,,,,,70967.46188203031,23750.0,0.4893358701208955,54590.35529386951,9.459460452373392e-05,44.29409062244976,57.58231780918469,10.0,95.0,9.459460452373392e-06,90.51878950036188,2.2985412755313477
,,,,,71027.7069054807,23760.0,0.4893563291866236,54636.69761960058,2.0459065728051974e-05,46.3423257310748,60.24502345039724,10.0,265.0,2.0459065728051974e-06,94.70057495343325,2.2995243105892498
,,,,,71087.95444766198,23770.0,0.48937678825235165,54683.04188281694,2.0459065728051974e-05,46.34426321636226,60.24754218127094,10.0,265.0,2.0459065728051974e-06,94.70057495343325,2.300506600034369
,,,,,71148.20450857413,23780.0,0.4893972473180797,54729.38808351859,2.0459065728051974e-05,46.346200701649714,60.25006091214463,10.0,265.0,2.0459065728051974e-06,94.70057495343325,2.301488144807342
,,,,,71208.45708821714,23790.0,0.48941770638380777,54775.73622170553,2.0459065728051974e-05,46.34813818693717,60.25257964301832,10.0,265.0,2.0459065728051974e-06,94.70057495343325,2.302468945847227
,,,,,71268.71218659103,23800.0,0.48943816544953583,54822.086297377755,2.0459065728051974e-05,46.350075672224634,60.255098373892025,10.0,265.0,2.0459065728051974e-06,94.70057495343325,2.3034490040915023
,,,,,71328.9698036958,23810.0,0.4894586245152639,54868.43831053527,2.0459065728051974e-05,46.35201315751209,60.25761710476572,10.0,265.0,2.0459065728051974e-06,94.70057495343325,2.3044283204760716
,,,,,71389.22993953143,23820.0,0.48947908358099196,54914.79226117807,2.0459065728051974e-05,46.353950642799546,60.26013583563941,10.0,265.0,2.0459065728051974e-06,94.70057495343325,2.3054068959352674
,,,,,71449.49259409794,23830.0,0.48949954264672,54961.14814930615,2.0459065728051974e-05,46.355888128087,60.262654566513106,10.0,265.0,2.0459065728051974e-06,94.70057495343325,2.306384731401853
,,,,,71509.75776739533,23840.0,0.4895200017124481,55007.50597491953,2.0459065728051974e-05,46.35782561337446,60.265173297386795,10.0,265.0,2.0459065728051974e-06,94.70057495343325,2.307361827807027
,,,,,71570.02545942359,23850.0,0.48954046077817615,55053.86573801819,2.0459065728051974e-05,46.359763098661915,60.26769202826049,10.0,265.0,2.0459065728051974e-06,94.70057495343325,2.308338186080427
,,,,,71665.17681287823,23860.0,0.4897743571994636,55127.05908682945,0.00023389642128747004,73.1933488112647,95.15135345464411,10.0,107.0,2.3389642128747004e-05,149.4429990777493,2.3104383523398764
,,,,,71760.37360677034,23870.0,0.49000825362075107,55200.28738982339,0.00023389642128747004,73.22830299393544,95.19679389211608,10.0,107.0,2.3389642128747004e-05,149.4429990777493,2.3125382232854372
,,,,,71855.61584109993,23880.0,0.4902421500420385,55273.550647,0.00023389642128747004,73.2632571766062,95.24223432958807,10.0,107.0,2.3389642128747004e-05,149.4429990777493,2.314637799288107
,,,,,71950.903515867,23890.0,0.490476046463326,55346.84885835927,0.00023389642128747004,73.29821135927695,95.28767476706004,10.0,107.0,2.3389642128747004e-05,149.4429990777493,2.3167370807182617
,,,,,72046.23663107153,23900.0,0.49070994288461345,55420.182023901216,0.00023389642128747004,73.33316554194771,95.33311520453202,10.0,107.0,2.3389642128747004e-05,149.4429990777493,2.3188360679456577
,,,,,72141.61518671353,23910.0,0.4909438393059009,55493.550143625835,0.00023389642128747004,73.36811972461845,95.37855564200399,10.0,107.0,2.3389642128747004e-05,149.4429990777493,2.3209347613394327
,,,,,72214.88321985744,23920.0,0.4910474149200379,55549.91016912115,0.00010357561413699054,56.36002549531346,73.2680331439075,10.0,263.0,1.0357561413699054e-05,114.77511902692964,2.322320659244195
,,,,,72288.16670727581,23930.0,0.4911509905341749,55606.2820825199,0.00010357561413699054,56.371913398754316,73.28348741838062,10.0,263.0,1.0357561413699054e-05,114.77511902692964,2.3237058956339283
,,,,,72361.46564896866,23940.0,0.49125456614831187,55662.6658838221,0.00010357561413699054,56.383801302195174,73.29894169285373,10.0,263.0,1.0357561413699054e-05,114.77511902692964,2.325090471337598
,,,,,72434.780044936,23950.0,0.49135814176244885,55719.061573027735,0.00010357561413699054,56.39568920563604,73.31439596732686,10.0,263.0,1.0357561413699054e-05,114.77511902692964,2.3264743871827864
,,,,,72508.1098951778,23960.0,0.49146171737658584,55775.469150136814,0.00010357561413699054,56.4075771090769,73.32985024179997,10.0,263.0,1.0357561413699054e-05,114.77511902692964,2.3278576439956935
,,,,,72581.45519969407,23970.0,0.4915652929907228,55831.888615149335,0.00010357561413699054,56.419465012517755,73.34530451627309,10.0,263.0,1.0357561413699054e-05,114.77511902692964,2.3292402426011405
,,,,,72654.81595848482,23980.0,0.4916688686048598,55888.31996806529,0.00010357561413699054,56.43135291595862,73.3607587907462,10.0,263.0,1.0357561413699054e-05,114.77511902692964,2.3306221838225727
,,,,,72728.19217155004,23990.0,0.4917724442189968,55944.76320888469,0.00010357561413699054,56.44324081939948,73.37621306521932,10.0,263.0,1.0357561413699054e-05,114.77511902692964,2.3320034684820627
,,,,,72801.58383888972,24000.0,0.4918760198331338,56001.218337607526,0.00010357561413699054,56.455128722840335,73.39166733969243,10.0,263.0,1.0357561413699054e-05,114.77511902692964,2.3333840974003137
,,,,,72863.4835334693,24010.0,0.49193759258338504,56048.83348728412,6.157275025125623e-05,47.61514967659514,61.89969457957368,10.0,212.0,6.157275025125623e-06,96.79103690073089,2.3343953972213294
,,,,,72925.39097564633,24020.0,0.4919991653336363,56096.454596651056,6.157275025125623e-05,47.621109366936786,61.90744217701782,10.0,212.0,6.157275025125623e-06,96.79103690073089,2.3354061031078706
,,,,,72987.30616542078,24030.0,0.49206073808388756,56144.081665708334,6.157275025125623e-05,47.62706905727844,61.91518977446197,10.0,212.0,6.157275025125623e-06,96.79103690073089,2.336416215801429
,,,,,73049.22910279268,24040.0,0.4921223108341388,56191.71469445596,6.157275025125623e-05,47.63302874762009,61.922937371906116,10.0,212.0,6.157275025125623e-06,96.79103690073089,2.337425736042261
,,,,,73111.15978776204,24050.0,0.4921838835843901,56239.35368289392,6.157275025125623e-05,47.638988437961736,61.93068496935026,10.0,212.0,6.157275025125623e-06,96.79103690073089,2.3384346645693936
,,,,,73173.09822032883,24060.0,0.49224545633464134,56286.99863102222,6.157275025125623e-05,47.64494812830338,61.9384325667944,10.0,212.0,6.157275025125623e-06,96.79103690073089,2.3394430021206243
,,,,,73237.82373615463,24070.0,0.4927158811187377,56336.787489349765,0.000470424784096392,49.78885832754453,64.72551582580789,10.0,19.0,4.7042478409639196e-05,101.04983467246127,2.34053957163896
,,,,,73302.6110492311,24080.0,0.4931863059028341,56386.62388402397,0.000470424784096392,49.8363946742033,64.78731307646429,10.0,19.0,4.7042478409639196e-05,101.04983467246127,2.341637204486045
,,,,,73367.46015955822,24090.0,0.49365673068693045,56436.50781504483,0.000470424784096392,49.883931020862065,64.84911032712068,10.0,19.0,4.7042478409639196e-05,101.04983467246127,2.342735899337685
,,,,,73432.371067136,24100.0,0.4941271554710268,56486.43928241235,0.000470424784096392,49.931467367520824,64.91090757777707,10.0,19.0,4.7042478409639196e-05,101.04983467246127,2.343835654871882
,,,,,73497.34377196444,24110.0,0.4945975802551232,56536.41828612653,0.000470424784096392,49.97900371417959,64.97270482843346,10.0,19.0,4.7042478409639196e-05,101.04983467246127,2.3449364697688315
,,,,,73562.37827404353,24120.0,0.49506800503921955,56586.44482618737,0.000470424784096392,50.02654006083836,65.03450207908986,10.0,19.0,4.7042478409639196e-05,101.04983467246127,2.3460383427109193
,,,,,73627.47457337327,24130.0,0.4955384298233159,56636.518902594864,0.000470424784096392,50.074076407497124,65.09629932974626,10.0,19.0,4.7042478409639196e-05,101.04983467246127,2.347141272382713
,,,,,73692.63266995367,24140.0,0.4960088546074123,56686.64051534902,0.000470424784096392,50.12161275415589,65.15809658040266,10.0,19.0,4.7042478409639196e-05,101.04983467246127,2.348245257470962
,,,,,73757.85256378473,24150.0,0.49647927939150865,56736.80966444984,0.000470424784096392,50.16914910081466,65.21989383105905,10.0,19.0,4.7042478409639196e-05,101.04983467246127,2.3493502966645896
,,,,,73856.93105709863,24160.0,0.49655111765947385,56813.02389007591,7.183826796521898e-05,76.21422562607059,99.07849331389177,10.0,153.0,7.183826796521898e-06,153.48716962980834,2.3515324457812876
,,,,,73956.02388454067,24170.0,0.49662295592743905,56889.249141954395,7.183826796521898e-05,76.22525187849166,99.09282744203917,10.0,153.0,7.183826796521898e-06,153.48716962980834,2.35371324542633
,,,,,74055.13104611085,24180.0,0.49669479419540424,56965.48542008531,7.183826796521898e-05,76.23627813091275,99.10716157018658,10.0,153.0,7.183826796521898e-06,153.48716962980834,2.3558926972739993
,,,,,74154.25254180918,24190.0,0.49676663246336944,57041.73272446864,7.183826796521898e-05,76.24730438333384,99.121495698334,10.0,153.0,7.183826796521898e-06,153.48716962980834,2.35807080299581
,,,,,74263.02587091626,24200.0,0.4968747106155273,57125.404516089475,0.00010807815215784224,83.67179162083333,108.77332910708334,10.0,156.0,1.0807815215784225e-05,168.39615668340394,2.360553905623532
,,,,,74371.82285995242,24220.0,0.49698278876768515,57209.094507655755,0.00010807815215784224,83.68999156627815,108.7969890361616,10.0,156.0,1.0807815215784225e-05,168.39615668340394,2.3620600539907413
,,,,,74499.3279006575,24240.0,0.4974532135517815,57307.17530819813,0.000470424784096392,98.08080054237546,127.50504070508809,10.0,98.0,4.7042478409639196e-05,197.16587986654127,2.3641573972028933
,,,,,74626.953518594,24270.0,0.4979236383358779,57405.34886045697,0.000470424784096392,98.17355225884285,127.6256179364957,10.0,98.0,4.7042478409639196e-05,197.16587986654127,2.3652801343410372
,,,,,74638.78668735888,24280.0,0.4980579611879699,57414.45129796842,0.0001343228520920469,9.102437511447578,11.83316876488185,10.0,198.0,1.3432285209204692e-05,18.275859881320653,2.3646808607071015
,,,,,74650.62304744907,24290.0,0.49819228404006194,57423.556190345495,0.0001343228520920469,9.104892377071272,11.836360090192654,10.0,198.0,1.3432285209204692e-05,18.275859881320653,2.36408218157042
,,,,,74662.46259886457,24300.0,0.49832660689215397,57432.66353758819,0.0001343228520920469,9.107347242694965,11.839551415503456,10.0,198.0,1.3432285209204692e-05,18.275859881320653,2.3634840961970447
,,,,,74674.30534160539,24310.0,0.498460929744246,57441.773339696505,0.0001343228520920469,9.109802108318657,11.842742740814256,10.0,198.0,1.3432285209204692e-05,18.275859881320653,2.3628866038542373
,,,,,74686.15127567151,24320.0,0.498595252596338,57450.88559667045,0.0001343228520920469,9.112256973942351,11.845934066125057,10.0,198.0,1.3432285209204692e-05,18.275859881320653,2.3622897038104624
,,,,,74698.00040106295,24330.0,0.49872957544843005,57460.00030851002,0.0001343228520920469,9.114711839566045,11.849125391435859,10.0,198.0,1.3432285209204692e-05,18.275859881320653,2.361693395335389
,,,,,74709.8527177797,24340.0,0.4988638983005221,57469.11747521521,0.0001343228520920469,9.117166705189737,11.852316716746659,10.0,198.0,1.3432285209204692e-05,18.275859881320653,2.361097677699885
,,,,,74721.70822582176,24350.0,0.4989982211526141,57478.23709678602,0.0001343228520920469,9.11962157081343,11.85550804205746,10.0,198.0,1.3432285209204692e-05,18.275859881320653,2.360502550176017
,,,,,74733.56692518912,24360.0,0.49913254400470614,57487.35917322246,0.0001343228520920469,9.122076436437125,11.858699367368262,10.0,198.0,1.3432285209204692e-05,18.275859881320653,2.359908012037047
,,,,,74745.42881588181,24370.0,0.49926686685679816,57496.48370452452,0.0001343228520920469,9.124531302060817,11.861890692679061,10.0,198.0,1.3432285209204692e-05,18.275859881320653,2.359314062557428
,,,,,74757.2938978998,24380.0,0.4994011897088902,57505.61069069221,0.0001343228520920469,9.12698616768451,11.865082017989863,10.0,198.0,1.3432285209204692e-05,18.275859881320653,2.358720701012806
,,,,,74769.1621712431,24390.0,0.4995355125609822,57514.74013172551,0.0001343228520920469,9.129441033308204,11.868273343300666,10.0,198.0,1.3432285209204692e-05,18.275859881320653,2.358127926680013
,,,,,74864.11832050943,24470.0,0.49968932796975535,57587.783323468844,0.00015381540877310387,73.0431917433341,94.95614926633434,10.0,213.0,1.538154087731039e-05,146.1772098277736,2.3534034868601896
,,,,,74959.10369937524,24480.0,0.4998431433785285,57660.84899951946,0.00015381540877310387,73.06567605061709,94.98537886580222,10.0,213.0,1.538154087731039e-05,146.1772098277736,2.3554268382156645
,,,,,75054.1183078405,24490.0,0.4999969587873016,57733.93715987736,0.00015381540877310387,73.08816035790005,95.01460846527007,10.0,213.0,1.538154087731039e-05,146.1772098277736,2.3574494552828646
,,,,,75149.16214590524,24500.0,0.5001507741960747,57807.04780454254,0.00015381540877310387,73.11064466518302,95.04383806473793,10.0,213.0,1.538154087731039e-05,146.1772098277736,2.35947133896092
,,,,,75244.23521356945,24510.0,0.5003045896048478,57880.18093351501,0.00015381540877310387,73.133128972466,95.0730676642058,10.0,213.0,1.538154087731039e-05,146.1772098277736,2.361492490147491
,,,,,75339.33751083312,24520.0,0.5004584050136209,57953.33654679476,0.00015381540877310387,73.15561327974896,95.10229726367365,10.0,213.0,1.538154087731039e-05,146.1772098277736,2.363512909738775
,,,,,75434.46903769627,24530.0,0.5006122204223941,58026.514644381794,0.00015381540877310387,73.17809758703194,95.13152686314153,10.0,213.0,1.538154087731039e-05,146.1772098277736,2.3655325986295064
,,,,,75529.62979415887,24540.0,0.5007660358311672,58099.71522627611,0.00015381540877310387,73.20058189431492,95.1607564626094,10.0,213.0,1.538154087731039e-05,146.1772098277736,2.3675515577129627
,,,,,75624.81978022095,24550.0,0.5009198512399403,58172.93829247771,0.00015381540877310387,73.22306620159789,95.18998606207725,10.0,213.0,1.538154087731039e-05,146.1772098277736,2.3695697878809656
,,,,,75720.0389958825,24560.0,0.5010736666487134,58246.18384298659,0.00015381540877310387,73.24555050888087,95.21921566154514,10.0,213.0,1.538154087731039e-05,146.1772098277736,2.371587290023884
,,,,,75815.2874411435,24570.0,0.5012274820574866,58319.451877802756,0.00015381540877310387,73.26803481616383,95.24844526101299,10.0,213.0,1.538154087731039e-05,146.1772098277736,2.373604065030637
,,,,,75910.56511600399,24580.0,0.5013812974662597,58392.7423969262,0.00015381540877310387,73.29051912344681,95.27767486048086,10.0,213.0,1.538154087731039e-05,146.1772098277736,2.375620113788698
,,,,,76005.87202046394,24590.0,0.5015351128750328,58466.055400356934,0.00015381540877310387,73.3130034307298,95.30690445994874,10.0,213.0,1.538154087731039e-05,146.1772098277736,2.3776354371840966
,,,,,76101.20815452335,24600.0,0.501688928283806,58539.390888094946,0.00015381540877310387,73.33548773801276,95.3361340594166,10.0,213.0,1.538154087731039e-05,146.1772098277736,2.3796500361014203
,,,,,76196.57351818224,24610.0,0.5018427436925791,58612.748860140244,0.00015381540877310387,73.35797204529574,95.36536365888446,10.0,213.0,1.538154087731039e-05,146.1772098277736,2.3816639114238214
,,,,,76291.9681114406,24620.0,0.5019965591013522,58686.12931649282,0.00015381540877310387,73.3804563525787,95.39459325835232,10.0,213.0,1.538154087731039e-05,146.1772098277736,2.3836770640330145
,,,,,76387.39193429842,24630.0,0.5021503745101253,58759.532257152685,0.00015381540877310387,73.40294065986168,95.4238228578202,10.0,213.0,1.538154087731039e-05,146.1772098277736,2.385689494809285
,,,,,76482.8449867557,24640.0,0.5023041899188985,58832.95768211983,0.00015381540877310387,73.42542496714466,95.45305245728807,10.0,213.0,1.538154087731039e-05,146.1772098277736,2.3877012046314867
,,,,,76578.32726881246,24650.0,0.5024580053276716,58906.40559139426,0.00015381540877310387,73.44790927442763,95.48228205675592,10.0,213.0,1.538154087731039e-05,146.1772098277736,2.389712194377049
,,,,,76673.83878046868,24660.0,0.5026118207364447,58979.875984975966,0.00015381540877310387,73.47039358171061,95.5115116562238,10.0,213.0,1.538154087731039e-05,146.1772098277736,2.3917224649219775
,,,,,76713.27375886493,24670.0,0.5030749077580252,59010.21058374231,0.0004630870215805401,30.334598766343255,39.43497839624623,10.0,207.0,4.630870215805401e-05,60.29837365876722,2.3919825935850145
,,,,,76752.74503767373,24680.0,0.5035379947796057,59040.57310590291,0.0004630870215805401,30.362522160607043,39.47127880878916,10.0,207.0,4.630870215805401e-05,60.29837365876722,2.392243642864786
,,,,,76792.25261689506,24690.0,0.5040010818011862,59070.96355145778,0.0004630870215805401,30.390445554870826,39.50757922133207,10.0,207.0,4.630870215805401e-05,60.29837365876722,2.3925056116426804
,,,,,76831.79649652893,24700.0,0.5044641688227667,59101.381920406915,0.0004630870215805401,30.418368949134614,39.543879633875,10.0,207.0,4.630870215805401e-05,60.29837365876722,2.3927684988018996
,,,,,76871.37667657535,24710.0,0.5049272558443472,59131.82821275031,0.0004630870215805401,30.4462923433984,39.58018004641792,10.0,207.0,4.630870215805401e-05,60.29837365876722,2.393032303227451
,,,,,76889.8520196259,24720.0,0.5050453588415473,59146.04001509689,0.0001181029972001586,14.211802346577805,18.475343050551146,10.0,246.0,1.181029972001586e-05,28.13965537506624,2.3926391591867673
,,,,,76908.33168306739,24730.0,0.5051634618387475,59160.25514082111,0.0001181029972001586,14.215125724217781,18.479663441483115,10.0,246.0,1.181029972001586e-05,28.13965537506624,2.392246467481646
,,,,,76926.8156668998,24740.0,0.5052815648359477,59174.47358992296,0.0001181029972001586,14.218449101857756,18.483983832415085,10.0,246.0,1.181029972001586e-05,28.13965537506624,2.39185422756358
,,,,,76945.30397112314,24750.0,0.5053996678331478,59188.69536240246,0.0001181029972001586,14.22177247949773,18.48830422334705,10.0,246.0,1.181029972001586e-05,28.13965537506624,2.3914624388849477
,,,,,76963.79659573743,24760.0,0.505517770830348,59202.9204582596,0.0001181029972001586,14.225095857137706,18.49262461427902,10.0,246.0,1.181029972001586e-05,28.13965537506624,2.3910711008990146
,,,,,76982.29354074264,24770.0,0.5056358738275482,59217.14887749438,0.0001181029972001586,14.22841923477768,18.496945005210986,10.0,246.0,1.181029972001586e-05,28.13965537506624,2.3906802130599263
,,,,,77000.79480613879,24780.0,0.5057539768247483,59231.3806201068,0.0001181029972001586,14.231742612417657,18.501265396142955,10.0,246.0,1.181029972001586e-05,28.13965537506624,2.390289774822712
,,,,,77019.30039192586,24790.0,0.5058720798219485,59245.615686096855,0.0001181029972001586,14.235065990057631,18.50558578707492,10.0,246.0,1.181029972001586e-05,28.13965537506624,2.3898997856432778
,,,,,77037.81029810387,24800.0,0.5059901828191486,59259.85407546455,0.0001181029972001586,14.238389367697605,18.509906178006887,10.0,246.0,1.181029972001586e-05,28.13965537506624,2.389510244978409
,,,,,77107.7243264622,24810.0,0.5060957108339103,59313.63409727864,0.00010552801476162483,53.78002181409369,69.9140283583218,10.0,157.0,1.0552801476162483e-05,106.26452795950121,2.3907147963433553
,,,,,77177.6529328706,24820.0,0.5062012388486719,59367.42533297741,0.00010552801476162483,53.79123569876884,69.92860640839949,10.0,157.0,1.0552801476162483e-05,106.26452795950121,2.3919188288870834
,,,,,77247.59611732907,24830.0,0.5063067668634335,59421.227782560854,0.00010552801476162483,53.80244958344399,69.94318445847719,10.0,157.0,1.0552801476162483e-05,106.26452795950121,2.393122343236442
,,,,,77317.55387983762,24840.0,0.5064122948781951,59475.041446028976,0.00010552801476162483,53.81366346811913,69.95776250855488,10.0,157.0,1.0552801476162483e-05,106.26452795950121,2.3943253400172697
,,,,,77387.52622039625,24880.0,0.5065178228929567,59528.86632338177,0.00010552801476162483,53.824877352794275,69.97234055863255,10.0,157.0,1.0552801476162483e-05,106.26452795950121,2.3926393216793316
,,,,,77457.51313900496,24890.0,0.5066233509077183,59582.70241461924,0.00010552801476162483,53.83609123746942,69.98691860871024,10.0,157.0,1.0552801476162483e-05,106.26452795950121,2.393840996971444
,,,,,77527.51463566376,24900.0,0.5067288789224799,59636.549719741386,0.00010552801476162483,53.84730512214456,70.00149665878793,10.0,157.0,1.0552801476162483e-05,106.26452795950121,2.395042157419333
,,,,,77597.53071037262,24910.0,0.5068344069372415,59690.408238748205,0.00010552801476162483,53.85851900681971,70.01607470886563,10.0,157.0,1.0552801476162483e-05,106.26452795950121,2.396242803643043
,,,,,77627.06752362396,24920.0,0.5068762710481662,59713.12886432616,4.1864110924794385e-05,22.720625577949853,29.53681325133481,10.0,226.0,4.186411092479439e-06,44.82479625839658,2.396192972083714
,,,,,77656.60677639062,24930.0,0.506918135159091,59735.85136645435,4.1864110924794385e-05,22.722502128192595,29.539252766650375,10.0,226.0,4.186411092479439e-06,44.82479625839658,2.396143255774342
,,,,,77686.14846867259,24940.0,0.5069599992700158,59758.57574513279,4.1864110924794385e-05,22.724378678435336,29.541692281965936,10.0,226.0,4.186411092479439e-06,44.82479625839658,2.3960936545762945
,,,,,77715.69260046988,24950.0,0.5070018633809406,59781.302000361466,4.1864110924794385e-05,22.726255228678077,29.5441317972815,10.0,226.0,4.186411092479439e-06,44.82479625839658,2.396044168351161
,,,,,77745.23917178248,24960.0,0.5070437274918653,59804.03013214039,4.1864110924794385e-05,22.728131778920822,29.54657131259707,10.0,226.0,4.186411092479439e-06,44.82479625839658,2.395994796960753
,,,,,77774.7881826104,24970.0,0.5070855916027901,59826.76014046955,4.1864110924794385e-05,22.730008329163564,29.549010827912635,10.0,226.0,4.186411092479439e-06,44.82479625839658,2.395945540267103
,,,,,77804.33963295363,24980.0,0.5071274557137149,59849.49202534896,4.1864110924794385e-05,22.731884879406305,29.551450343228197,10.0,226.0,4.186411092479439e-06,44.82479625839658,2.3958963981324644
,,,,,77833.89352281218,24990.0,0.5071693198246396,59872.22578677861,4.1864110924794385e-05,22.733761429649046,29.553889858543762,10.0,226.0,4.186411092479439e-06,44.82479625839658,2.395847370419312
,,,,,77863.44985218604,25000.0,0.5072111839355644,59894.961424758505,4.1864110924794385e-05,22.735637979891788,29.556329373859324,10.0,226.0,4.186411092479439e-06,44.82479625839658,2.3957984569903403
,,,,,77893.0086210752,25010.0,0.5072530480464892,59917.69893928864,4.1864110924794385e-05,22.73751453013453,29.55876888917489,10.0,226.0,4.186411092479439e-06,44.82479625839658,2.3957496577084623
,,,,,77922.56982947969,25020.0,0.507294912157414,59940.43833036902,4.1864110924794385e-05,22.73939108037727,29.561208404490454,10.0,226.0,4.186411092479439e-06,44.82479625839658,2.3957009724368112
,,,,,77952.13347739949,25030.0,0.5073367762683387,59963.17959799964,4.1864110924794385e-05,22.741267630620012,29.563647919806016,10.0,226.0,4.186411092479439e-06,44.82479625839658,2.395652401038739
,,,,,77981.6995648346,25040.0,0.5073786403792635,59985.922742180504,4.1864110924794385e-05,22.743144180862757,29.566087435121585,10.0,226.0,4.186411092479439e-06,44.82479625839658,2.395603943377816
,,,,,78011.26809178504,25050.0,0.5074205044901883,60008.66776291161,4.1864110924794385e-05,22.745020731105498,29.56852695043715,10.0,226.0,4.186411092479439e-06,44.82479625839658,2.3955555993178286
,,,,,78040.83905825079,25060.0,0.507462368601113,60031.41466019296,4.1864110924794385e-05,22.74689728134824,29.57096646575271,10.0,226.0,4.186411092479439e-06,44.82479625839658,2.3955073687227837
,,,,,78070.41246423185,25070.0,0.5075042327120378,60054.16343402455,4.1864110924794385e-05,22.74877383159098,29.573405981068277,10.0,226.0,4.186411092479439e-06,44.82479625839658,2.3954592514569026
,,,,,78099.98830972823,25080.0,0.5075460968229626,60076.91408440639,4.1864110924794385e-05,22.750650381833722,29.575845496383838,10.0,226.0,4.186411092479439e-06,44.82479625839658,2.3954112473846245
,,,,,78129.56659473992,25090.0,0.5075879609338874,60099.66661133846,4.1864110924794385e-05,22.752526932076464,29.578285011699403,10.0,226.0,4.186411092479439e-06,44.82479625839658,2.3953633563706043
,,,,,78159.14731926694,25100.0,0.5076298250448121,60122.421014820786,4.1864110924794385e-05,22.754403482319205,29.58072452701497,10.0,226.0,4.186411092479439e-06,44.82479625839658,2.3953155782797126
,,,,,78188.73048330926,25110.0,0.5076716891557369,60145.17729485335,4.1864110924794385e-05,22.756280032561946,29.58316404233053,10.0,226.0,4.186411092479439e-06,44.82479625839658,2.395267912977035
,,,,,78218.31608686691,25120.0,0.5077135532666617,60167.935451436155,4.1864110924794385e-05,22.75815658280469,29.5856035576461,10.0,226.0,4.186411092479439e-06,44.82479625839658,2.3952203603278726
,,,,,78230.4696262011,25130.0,0.5080901154427805,60177.28432784707,0.0003765621761187818,9.348876410914862,12.15353933418932,10.0,146.0,3.7656217611878183e-05,18.400035991189643,2.394639249018984
,,,,,78242.63217292016,25140.0,0.5084666776188993,60186.64013301558,0.0003765621761187818,9.355805168508368,12.16254671906088,10.0,146.0,3.7656217611878183e-05,18.400035991189643,2.394058875617167
,,,,,78254.80372702409,25150.0,0.5088432397950181,60196.00286694168,0.0003765621761187818,9.362733926101875,12.171554103932438,10.0,146.0,3.7656217611878183e-05,18.400035991189643,2.3934792392422137
,,,,,78266.98428851289,25160.0,0.5092198019711369,60205.372529625376,0.0003765621761187818,9.369662683695383,12.180561488803999,10.0,146.0,3.7656217611878183e-05,18.400035991189643,2.392900339015317
,,,,,78279.17385738656,25170.0,0.5095963641472557,60214.74912106666,0.0003765621761187818,9.37659144128889,12.189568873675556,10.0,146.0,3.7656217611878183e-05,18.400035991189643,2.392322174059065
,,,,,78291.37243364511,25180.0,0.5099729263233745,60224.13264126555,0.0003765621761187818,9.383520198882396,12.198576258547115,10.0,146.0,3.7656217611878183e-05,18.400035991189643,2.39174474349744
,,,,,78303.58001728854,25190.0,0.5103494884994934,60233.52309022202,0.0003765621761187818,9.390448956475902,12.207583643418673,10.0,146.0,3.7656217611878183e-05,18.400035991189643,2.3911680464558165
,,,,,78488.88718276485,25200.0,0.5105739758467291,60376.06706366534,0.0002244873472357442,142.5439734433198,185.30716547631576,10.0,152.0,2.244873472357442e-05,279.18378175645705,2.395875677129577
,,,,,78674.2758234357,25210.0,0.5107984631939649,60518.67371033521,0.0002244873472357442,142.60664666987756,185.38864067084083,10.0,152.0,2.244873472357442e-05,279.18378175645705,2.400582059116827
,,,,,78859.74593930106,25220.0,0.5110229505412007,60661.34303023165,0.0002244873472357442,142.66931989643533,185.47011586536593,10.0,152.0,2.244873472357442e-05,279.18378175645705,2.4052871939029203
,,,,,78871.76625649384,25230.0,0.5110976320881738,60670.589428072235,7.468154697307446e-05,9.246397840589989,12.020317192766985,10.0,94.0,7.468154697307445e-06,18.091255486378017,2.404700334049633
,,,,,78883.78833009444,25240.0,0.5111723136351469,60679.837176995774,7.468154697307446e-05,9.247748923536397,12.022073600597317,10.0,94.0,7.468154697307445e-06,18.091255486378017,2.404113992749436
,,,,,78895.81216010287,25250.0,0.51124699518212,60689.08627700226,7.468154697307446e-05,9.249100006482804,12.023830008427646,10.0,94.0,7.468154697307445e-06,18.091255486378017,2.403528169386228
,,,,,78944.75709030058,25260.0,0.5114775129328619,60726.736223308195,0.00023051775074186084,37.64994630593427,48.944930197714555,10.0,225.0,2.3051775074186083e-05,73.61016927224388,2.404067150566437
,,,,,78993.72407948415,25270.0,0.5117080306836038,60764.40313806478,0.00023051775074186084,37.66691475658664,48.96698918356264,10.0,225.0,2.3051775074186083e-05,73.61016927224388,2.40460637665472
,,,,,79042.71312765357,25280.0,0.5119385484343457,60802.08702127202,0.00023051775074186084,37.68388320723901,48.98904816941072,10.0,225.0,2.3051775074186083e-05,73.61016927224388,2.4051458473604437
,,,,,79090.36338309522,25290.0,0.5121406029951364,60838.74106391944,0.00020205456079066045,36.65404264742344,47.65025544165047,10.0,217.0,2.0205456079066044e-05,71.5702727592007,2.4056441701826587
,,,,,79138.0324379669,25300.0,0.5123426575559271,60875.409567666895,0.00020205456079066045,36.66850374745147,47.66905487168691,10.0,217.0,2.0205456079066044e-05,71.5702727592007,2.4061426706587707
,,,,,79185.72029226863,25310.0,0.5125447121167178,60912.092532514376,0.00020205456079066045,36.6829648474795,47.68785430172335,10.0,217.0,2.0205456079066044e-05,71.5702727592007,2.4066413485782054
,,,,,79233.42694600039,25320.0,0.5127467666775085,60948.789958461886,0.00020205456079066045,36.697425947507526,47.706653731759786,10.0,217.0,2.0205456079066044e-05,71.5702727592007,2.407140203730722
,,,,,79281.15239916218,25330.0,0.5129488212382992,60985.501845509425,0.00020205456079066045,36.711887047535555,47.725453161796224,10.0,217.0,2.0205456079066044e-05,71.5702727592007,2.4076392359064123
,,,,,79328.89665175401,25340.0,0.5131508757990899,61022.228193656985,0.00020205456079066045,36.72634814756359,47.74425259183267,10.0,217.0,2.0205456079066044e-05,71.5702727592007,2.4081384448956977
,,,,,79376.65970377588,25350.0,0.5133529303598806,61058.969002904574,0.00020205456079066045,36.74080924759162,47.76305202186911,10.0,217.0,2.0205456079066044e-05,71.5702727592007,2.408637830489332
,,,,,79440.41593859972,25360.0,0.5134546581770455,61108.01226046138,0.00010172781716491378,49.043257556802125,63.75623482384277,10.0,210.0,1.0172781716491377e-05,95.51623843656202,2.40962193456078
,,,,,79504.18480507954,25370.0,0.5135563859942104,61157.06523467662,0.00010172781716491378,49.05297421524208,63.768866479814704,10.0,210.0,1.0172781716491377e-05,95.51623843656202,2.4106056458287988
,,,,,79567.96630321532,25380.0,0.5136581138113753,61206.1279255503,0.00010172781716491378,49.06269087368203,63.78149813578664,10.0,210.0,1.0172781716491377e-05,95.51623843656202,2.411588964757695
,,,,,79631.76043300708,25390.0,0.5137598416285402,61255.20033308242,0.00010172781716491378,49.072407532121986,63.794129791758586,10.0,210.0,1.0172781716491377e-05,95.51623843656202,2.412571891811045
,,,,,79695.56719445481,25400.0,0.513861569445705,61304.28245727299,0.00010172781716491378,49.082124190561935,63.806761447730516,10.0,210.0,1.0172781716491377e-05,95.51623843656202,2.4135544274516922
,,,,,79759.38658755852,25410.0,0.5139632972628699,61353.37429812199,0.00010172781716491378,49.09184084900189,63.81939310370246,10.0,210.0,1.0172781716491377e-05,95.51623843656202,2.414536572141755
,,,,,79823.21861231819,25420.0,0.5140650250800348,61402.47585562943,0.00010172781716491378,49.10155750744184,63.8320247596744,10.0,210.0,1.0172781716491377e-05,95.51623843656202,2.4155183263426214
,,,,,79887.06326873384,25430.0,0.5141667528971997,61451.58712979531,0.00010172781716491378,49.111274165881795,63.844656415646334,10.0,210.0,1.0172781716491377e-05,95.51623843656202,2.4164996905149554
,,,,,79950.92055680546,25440.0,0.5142684807143646,61500.70812061963,0.00010172781716491378,49.120990824321744,63.85728807161827,10.0,210.0,1.0172781716491377e-05,95.51623843656202,2.417480665118696
,,,,,80014.79047653305,25450.0,0.5143702085315295,61549.838828102394,0.00010172781716491378,49.1307074827617,63.869919727590215,10.0,210.0,1.0172781716491377e-05,95.51623843656202,2.4184612506130607
,,,,,80078.67302791661,25460.0,0.5144719363486944,61598.9792522436,0.00010172781716491378,49.14042414120165,63.882551383562145,10.0,210.0,1.0172781716491377e-05,95.51623843656202,2.4194414474565433
,,,,,80142.56821095615,25470.0,0.5145736641658593,61648.12939304324,0.00010172781716491378,49.150140799641605,63.89518303953409,10.0,210.0,1.0172781716491377e-05,95.51623843656202,2.4204212561069194
,,,,,80206.47602565165,25480.0,0.5146753919830241,61697.289250501315,0.00010172781716491378,49.159857458081554,63.90781469550602,10.0,210.0,1.0172781716491377e-05,95.51623843656202,2.4214006770212446
,,,,,80270.39647200312,25490.0,0.514777119800189,61746.45882461784,0.00010172781716491378,49.16957411652151,63.92044635147796,10.0,210.0,1.0172781716491377e-05,95.51623843656202,2.422379710655859
,,,,,80334.32955001057,25500.0,0.5148788476173539,61795.6381153928,0.00010172781716491378,49.17929077496146,63.9330780074499,10.0,210.0,1.0172781716491377e-05,95.51623843656202,2.4233583574663844
,,,,,80398.275259674,25510.0,0.5149805754345188,61844.8271228262,0.00010172781716491378,49.189007433401414,63.945709663421844,10.0,210.0,1.0172781716491377e-05,95.51623843656202,2.4243366179077306
,,,,,80462.2336009934,25520.0,0.5150823032516837,61894.02584691804,0.00010172781716491378,49.19872409184136,63.958341319393774,10.0,210.0,1.0172781716491377e-05,95.51623843656202,2.4253144924340924
,,,,,80526.20457396876,25530.0,0.5151840310688486,61943.234287668325,0.00010172781716491378,49.20844075028132,63.97097297536572,10.0,210.0,1.0172781716491377e-05,95.51623843656202,2.426291981498955
,,,,,80590.1881786001,25540.0,0.5152857588860135,61992.45244507705,0.00010172781716491378,49.21815740872127,63.98360463133765,10.0,210.0,1.0172781716491377e-05,95.51623843656202,2.427269085555092
,,,,,80654.18441488741,25550.0,0.5153874867031784,62041.68031914421,0.00010172781716491378,49.227874067161224,63.99623628730959,10.0,210.0,1.0172781716491377e-05,95.51623843656202,2.428245805054568
,,,,,80718.19328283069,25560.0,0.5154892145203432,62090.91790986981,0.00010172781716491378,49.23759072560117,64.00886794328153,10.0,210.0,1.0172781716491377e-05,95.51623843656202,2.4292221404487404
,,,,,80782.21478242995,25570.0,0.5155909423375081,62140.16521725385,0.00010172781716491378,49.24730738404113,64.02149959925347,10.0,210.0,1.0172781716491377e-05,95.51623843656202,2.4301980921882618
,,,,,80846.24891368517,25580.0,0.515692670154673,62189.422241296335,0.00010172781716491378,49.25702404248108,64.0341312552254,10.0,210.0,1.0172781716491377e-05,95.51623843656202,2.431173660723078
,,,,,80910.29567659636,25590.0,0.5157943979718379,62238.68898199726,0.00010172781716491378,49.266740700921034,64.04676291119735,10.0,210.0,1.0172781716491377e-05,95.51623843656202,2.432148846502433
,,,,,80974.35507116353,25600.0,0.5158961257890028,62287.965439356616,0.00010172781716491378,49.27645735936098,64.05939456716928,10.0,210.0,1.0172781716491377e-05,95.51623843656202,2.433123649974868
,,,,,81038.42709738668,25610.0,0.5159978536061677,62337.251613374414,0.00010172781716491378,49.28617401780094,64.07202622314122,10.0,210.0,1.0172781716491377e-05,95.51623843656202,2.434098071588224
,,,,,81102.51175526579,25620.0,0.5160995814233326,62386.54750405066,0.00010172781716491378,49.29589067624089,64.08465787911315,10.0,210.0,1.0172781716491377e-05,95.51623843656202,2.4350721117896432
,,,,,81166.60904480088,25630.0,0.5162013092404975,62435.85311138534,0.00010172781716491378,49.30560733468084,64.0972895350851,10.0,210.0,1.0172781716491377e-05,95.51623843656202,2.436045771025569
,,,,,81230.71896599194,25640.0,0.5163030370576623,62485.16843537846,0.00010172781716491378,49.31532399312079,64.10992119105703,10.0,210.0,1.0172781716491377e-05,95.51623843656202,2.4370190497417497
,,,,,81294.84151883896,25650.0,0.5164047648748272,62534.49347603002,0.00010172781716491378,49.32504065156075,64.12255284702897,10.0,210.0,1.0172781716491377e-05,95.51623843656202,2.4379919483832366
,,,,,81358.97670334196,25660.0,0.5165064926919921,62583.82823334002,0.00010172781716491378,49.3347573100007,64.13518450300091,10.0,210.0,1.0172781716491377e-05,95.51623843656202,2.438964467394389
,,,,,81423.12451950094,25670.0,0.516608220509157,62633.17270730846,0.00010172781716491378,49.34447396844065,64.14781615897284,10.0,210.0,1.0172781716491377e-05,95.51623843656202,2.439936607218873
,,,,,81487.28496731588,25680.0,0.5167099483263219,62682.52689793534,0.00010172781716491378,49.3541906268806,64.16044781494479,10.0,210.0,1.0172781716491377e-05,95.51623843656202,2.440908368299663
,,,,,81551.45804678679,25690.0,0.5168116761434868,62731.89080522066,0.00010172781716491378,49.36390728532056,64.17307947091673,10.0,210.0,1.0172781716491377e-05,95.51623843656202,2.441879751079045
,,,,,81615.64375791368,25700.0,0.5169134039606517,62781.264429164425,0.00010172781716491378,49.37362394376051,64.18571112688866,10.0,210.0,1.0172781716491377e-05,95.51623843656202,2.4428507559986157
,,,,,81679.84210069655,25710.0,0.5170151317778166,62830.64776976663,0.00010172781716491378,49.38334060220046,64.1983427828606,10.0,210.0,1.0172781716491377e-05,95.51623843656202,2.4438213834992855
,,,,,81744.05307513538,25720.0,0.5171168595949814,62880.04082702727,0.00010172781716491378,49.39305726064041,64.21097443883254,10.0,210.0,1.0172781716491377e-05,95.51623843656202,2.444791634021278
,,,,,81808.27668123019,25730.0,0.5172185874121463,62929.443600946346,0.00010172781716491378,49.40277391908037,64.22360609480448,10.0,210.0,1.0172781716491377e-05,95.51623843656202,2.445761508004133
,,,,,81821.90407231395,25740.0,0.5176890121962427,62939.926209472316,0.000470424784096392,10.482608525967942,13.627391083758326,10.0,125.0,4.7042478409639196e-05,20.248852648999726,2.445218578456578
,,,,,81835.54384662848,25750.0,0.5181594369803392,62950.41834356042,0.000470424784096392,10.492134088103548,13.639774314534613,10.0,125.0,4.7042478409639196e-05,20.248852648999726,2.444676440526618
,,,,,81849.19600417379,25760.0,0.5186298617644356,62960.92000321066,0.000470424784096392,10.501659650239153,13.6521575453109,10.0,125.0,4.7042478409639196e-05,20.248852648999726,2.4441350932923394
,,,,,81862.86054494987,25770.0,0.519100286548532,62971.431188423034,0.000470424784096392,10.511185212374759,13.664540776087186,10.0,125.0,4.7042478409639196e-05,20.248852648999726,2.443594535833257
,,,,,81876.53746895674,25780.0,0.5195707113326284,62981.95189919754,0.000470424784096392,10.520710774510366,13.676924006863477,10.0,125.0,4.7042478409639196e-05,20.248852648999726,2.443054767230316
,,,,,81890.22677619438,25790.0,0.5200411361167249,62992.482135534185,0.000470424784096392,10.530236336645972,13.689307237639763,10.0,125.0,4.7042478409639196e-05,20.248852648999726,2.4425157865658855
,,,,,81903.9284666628,25800.0,0.5205115609008213,63003.02189743297,0.000470424784096392,10.539761898781578,13.701690468416052,10.0,125.0,4.7042478409639196e-05,20.248852648999726,2.4419775929237586
,,,,,81917.64254036198,25810.0,0.5209819856849177,63013.57118489389,0.000470424784096392,10.549287460917183,13.714073699192339,10.0,125.0,4.7042478409639196e-05,20.248852648999726,2.441440185389147
,,,,,81931.36899729195,25820.0,0.5214524104690141,63024.12999791694,0.000470424784096392,10.558813023052789,13.726456929968625,10.0,125.0,4.7042478409639196e-05,20.248852648999726,2.440903563048681
,,,,,81945.1078374527,25830.0,0.5219228352531106,63034.69833650213,0.000470424784096392,10.568338585188396,13.738840160744916,10.0,125.0,4.7042478409639196e-05,20.248852648999726,2.440367724990404
,,,,,81958.85906084422,25840.0,0.522393260037207,63045.27620064945,0.000470424784096392,10.577864147324002,13.751223391521203,10.0,125.0,4.7042478409639196e-05,20.248852648999726,2.439832670303771
,,,,,81972.62266746651,25850.0,0.5228636848213034,63055.86359035891,0.000470424784096392,10.587389709459607,13.76360662229749,10.0,125.0,4.7042478409639196e-05,20.248852648999726,2.4392983980796483
,,,,,81986.39865731959,25860.0,0.5233341096053998,63066.46050563051,0.000470424784096392,10.596915271595213,13.775989853073778,10.0,125.0,4.7042478409639196e-05,20.248852648999726,2.438764907410306
,,,,,82000.18703040344,25870.0,0.5238045343894963,63077.06694646424,0.000470424784096392,10.606440833730819,13.788373083850065,10.0,125.0,4.7042478409639196e-05,20.248852648999726,2.438232197389418
,,,,,82013.98778671806,25880.0,0.5242749591735927,63087.68291286011,0.000470424784096392,10.615966395866426,13.800756314626355,10.0,125.0,4.7042478409639196e-05,20.248852648999726,2.43770026711206
,,,,,82027.80092626346,25890.0,0.5247453839576891,63098.30840481811,0.000470424784096392,10.625491958002032,13.813139545402642,10.0,125.0,4.7042478409639196e-05,20.248852648999726,2.437169115674705
,,,,,82041.62644903964,25900.0,0.5252158087417855,63108.94342233825,0.000470424784096392,10.635017520137637,13.825522776178929,10.0,125.0,4.7042478409639196e-05,20.248852648999726,2.436638742175222
,,,,,82055.4643550466,25910.0,0.525686233525882,63119.58796542052,0.000470424784096392,10.644543082273243,13.837906006955217,10.0,125.0,4.7042478409639196e-05,20.248852648999726,2.436109145712872
,,,,,82069.31464428433,25920.0,0.5261566583099784,63130.242034064926,0.000470424784096392,10.654068644408849,13.850289237731504,10.0,125.0,4.7042478409639196e-05,20.248852648999726,2.4355803253883073
,,,,,82083.17731675283,25930.0,0.5266270830940748,63140.905628271474,0.000470424784096392,10.663594206544456,13.862672468507792,10.0,125.0,4.7042478409639196e-05,20.248852648999726,2.4350522803035664
,,,,,82097.05237245212,25940.0,0.5270975078781712,63151.578748040156,0.000470424784096392,10.673119768680062,13.875055699284081,10.0,125.0,4.7042478409639196e-05,20.248852648999726,2.4345250095620723
,,,,,82110.93981138218,25950.0,0.5275679326622676,63162.26139337097,0.000470424784096392,10.682645330815667,13.887438930060368,10.0,125.0,4.7042478409639196e-05,20.248852648999726,2.433998512268631
,,,,,82124.83963354302,25960.0,0.5280383574463641,63172.953564263924,0.000470424784096392,10.692170892951273,13.899822160836655,10.0,125.0,4.7042478409639196e-05,20.248852648999726,2.433472787529427
,,,,,82138.75183893462,25970.0,0.5285087822304605,63183.65526071901,0.000470424784096392,10.70169645508688,13.912205391612945,10.0,125.0,4.7042478409639196e-05,20.248852648999726,2.432947834452022
,,,,,82152.67642755702,25980.0,0.5289792070145569,63194.36648273623,0.000470424784096392,10.711222017222486,13.924588622389232,10.0,125.0,4.7042478409639196e-05,20.248852648999726,2.4324236521453515
,,,,,82166.61339941018,25990.0,0.5294496317986533,63205.087230315585,0.000470424784096392,10.720747579358092,13.93697185316552,10.0,125.0,4.7042478409639196e-05,20.248852648999726,2.4319002397197225
,,,,,82180.56275449412,26000.0,0.5299200565827498,63215.81750345708,0.000470424784096392,10.730273141493697,13.949355083941807,10.0,125.0,4.7042478409639196e-05,20.248852648999726,2.431377596286811
,,,,,82194.52449280884,26010.0,0.5303904813668462,63226.55730216071,0.000470424784096392,10.739798703629303,13.961738314718094,10.0,125.0,4.7042478409639196e-05,20.248852648999726,2.4308557209596584
,,,,,82208.49861435434,26020.0,0.5308609061509426,63237.30662642648,0.000470424784096392,10.74932426576491,13.974121545494384,10.0,125.0,4.7042478409639196e-05,20.248852648999726,2.43033461285267
,,,,,82222.48511913061,26030.0,0.531331330935039,63248.06547625438,0.000470424784096392,10.758849827900516,13.986504776270671,10.0,125.0,4.7042478409639196e-05,20.248852648999726,2.4298142710816126
,,,,,82236.48400713765,26040.0,0.5318017557191355,63258.83385164441,0.000470424784096392,10.768375390036121,13.998888007046958,10.0,125.0,4.7042478409639196e-05,20.248852648999726,2.4292946947636103
,,,,,82250.49527837547,26050.0,0.5322721805032319,63269.61175259658,0.000470424784096392,10.777900952171727,14.011271237823246,10.0,125.0,4.7042478409639196e-05,20.248852648999726,2.4287758830171433
,,,,,82264.51893284408,26060.0,0.5327426052873283,63280.39917911089,0.000470424784096392,10.787426514307333,14.023654468599533,10.0,125.0,4.7042478409639196e-05,20.248852648999726,2.428257834962045
,,,,,82278.55497054345,26070.0,0.5332130300714247,63291.19613118734,0.000470424784096392,10.79695207644294,14.036037699375823,10.0,125.0,4.7042478409639196e-05,20.248852648999726,2.427740549719499
,,,,,82292.6033914736,26080.0,0.5336834548555212,63302.00260882592,0.000470424784096392,10.806477638578546,14.04842093015211,10.0,125.0,4.7042478409639196e-05,20.248852648999726,2.427224026412037
,,,,,82306.66419563453,26090.0,0.5341538796396176,63312.81861202663,0.000470424784096392,10.816003200714151,14.060804160928397,10.0,125.0,4.7042478409639196e-05,20.248852648999726,2.426708264163535
,,,,,82320.73738302624,26100.0,0.534624304423714,63323.64414078948,0.000470424784096392,10.825528762849757,14.073187391704684,10.0,125.0,4.7042478409639196e-05,20.248852648999726,2.426193262099214
,,,,,82334.82295364872,26110.0,0.5350947292078104,63334.479195114465,0.000470424784096392,10.835054324985363,14.085570622480972,10.0,125.0,4.7042478409639196e-05,20.248852648999726,2.4256790193456323
,,,,,82348.92090750198,26120.0,0.5355651539919069,63345.32377500158,0.000470424784096392,10.84457988712097,14.09795385325726,10.0,125.0,4.7042478409639196e-05,20.248852648999726,2.4251655350306884
,,,,,82363.031244586,26130.0,0.5360355787760033,63356.17788045084,0.000470424784096392,10.854105449256576,14.11033708403355,10.0,125.0,4.7042478409639196e-05,20.248852648999726,2.4246528082836143
,,,,,82377.15396490082,26140.0,0.5365060035600997,63367.04151146224,0.000470424784096392,10.863631011392181,14.122720314809836,10.0,125.0,4.7042478409639196e-05,20.248852648999726,2.4241408382349747
,,,,,82391.28906844641,26150.0,0.5369764283441961,63377.914668035766,0.000470424784096392,10.873156573527787,14.135103545586123,10.0,125.0,4.7042478409639196e-05,20.248852648999726,2.423629624016664
,,,,,82405.43655522277,26160.0,0.5374468531282925,63388.79735017143,0.000470424784096392,10.882682135663392,14.147486776362411,10.0,125.0,4.7042478409639196e-05,20.248852648999726,2.423119164761905
,,,,,82419.5964252299,26170.0,0.537917277912389,63399.68955786923,0.000470424784096392,10.892207697799,14.1598700071387,10.0,125.0,4.7042478409639196e-05,20.248852648999726,2.4226094596052437
,,,,,82433.76867846782,26180.0,0.5383877026964854,63410.59129112916,0.000470424784096392,10.901733259934606,14.172253237914987,10.0,125.0,4.7042478409639196e-05,20.248852648999726,2.42210050768255
,,,,,82447.95331493652,26190.0,0.5388581274805818,63421.50254995123,0.000470424784096392,10.911258822070211,14.184636468691275,10.0,125.0,4.7042478409639196e-05,20.248852648999726,2.4215923081310127
,,,,,82462.15033463598,26200.0,0.5393285522646782,63432.423334335435,0.000470424784096392,10.920784384205817,14.197019699467562,10.0,125.0,4.7042478409639196e-05,20.248852648999726,2.4210848600891386
,,,,,82482.22476601772,26210.0,0.5397989770487747,63447.86520462908,0.000470424784096392,15.441870293645948,20.074431381739732,10.0,129.0,4.7042478409639196e-05,28.606705366636266,2.4207502939576147
,,,,,82502.31669189362,26220.0,0.5402694018328711,63463.320532225924,0.000470424784096392,15.455327596841759,20.091925875894287,10.0,129.0,4.7042478409639196e-05,28.606705366636266,2.4204164962710117
,,,,,82522.42611226367,26230.0,0.5407398266169675,63478.789317125964,0.000470424784096392,15.46878490003757,20.10942037004884,10.0,129.0,4.7042478409639196e-05,28.606705366636266,2.420083466150437
,,,,,82542.55302712787,26240.0,0.5412102514010639,63494.271559329194,0.000470424784096392,15.482242203233378,20.126914864203393,10.0,129.0,4.7042478409639196e-05,28.606705366636266,2.4197512027183383
,,,,,82562.69743648623,26250.0,0.5416806761851604,63509.76725883562,0.000470424784096392,15.495699506429188,20.144409358357947,10.0,129.0,4.7042478409639196e-05,28.606705366636266,2.4194197050985
,,,,,82582.85934033873,26260.0,0.5421511009692568,63525.27641564525,0.000470424784096392,15.509156809624999,20.1619038525125,10.0,129.0,4.7042478409639196e-05,28.606705366636266,2.4190889724160414
,,,,,82603.0387386854,26270.0,0.5426215257533532,63540.79902975807,0.000470424784096392,15.522614112820808,20.17939834666705,10.0,129.0,4.7042478409639196e-05,28.606705366636266,2.418759003797414
,,,,,82623.23563152622,26280.0,0.5430919505374496,63556.33510117409,0.000470424784096392,15.536071416016618,20.196892840821604,10.0,129.0,4.7042478409639196e-05,28.606705366636266,2.4184297983703993
,,,,,82643.45001886119,26290.0,0.543562375321546,63571.8846298933,0.000470424784096392,15.549528719212427,20.214387334976156,10.0,129.0,4.7042478409639196e-05,28.606705366636266,2.418101355264104
,,,,,82663.68190069031,26300.0,0.5440328001056425,63587.447615915706,0.000470424784096392,15.562986022408237,20.23188182913071,10.0,129.0,4.7042478409639196e-05,28.606705366636266,2.4177736736089623
,,,,,82683.9312770136,26310.0,0.5445032248897389,63603.02405924131,0.000470424784096392,15.576443325604048,20.24937632328526,10.0,129.0,4.7042478409639196e-05,28.606705366636266,2.417446752536728
,,,,,82722.01214776025,26320.0,0.5449736496738353,63632.31703673873,0.000470424784096392,29.29297749741938,38.080870746645196,10.0,79.0,4.7042478409639196e-05,53.751181391891365,2.4176412248001036
,,,,,82760.12589016117,26330.0,0.5454440744579317,63661.63530012405,0.000470424784096392,29.318263385320588,38.11374240091676,10.0,79.0,4.7042478409639196e-05,53.751181391891365,2.4178365096894816
,,,,,82798.27250421637,26340.0,0.5459144992420282,63690.978849397274,0.000470424784096392,29.343549273221797,38.14661405518834,10.0,79.0,4.7042478409639196e-05,53.751181391891365,2.4180326062793194
,,,,,82836.45198992583,26350.0,0.5463849240261246,63720.347684558394,0.000470424784096392,29.368835161123005,38.17948570945991,10.0,79.0,4.7042478409639196e-05,53.751181391891365,2.4182295136454797
,,,,,82874.66434728957,26360.0,0.546855348810221,63749.74180560742,0.000470424784096392,29.394121049024214,38.21235736373148,10.0,79.0,4.7042478409639196e-05,53.751181391891365,2.418427230865228
,,,,,82912.90957630757,26390.0,0.5473257735943174,63779.16121254434,0.000470424784096392,29.419406936925423,38.24522901800305,10.0,79.0,4.7042478409639196e-05,53.751181391891365,2.4167927704639767
,,,,,82951.18767697985,26400.0,0.5477961983784139,63808.60590536917,0.000470424784096392,29.44469282482663,38.278100672274626,10.0,79.0,4.7042478409639196e-05,53.751181391891365,2.4169926479306505
,,,,,82989.4986493064,27040.0,0.5482666231625103,63838.075884081896,0.000470424784096392,29.469978712727837,38.31097232654619,10.0,79.0,4.7042478409639196e-05,53.751181391891365,2.360875587429064
,,,,,83027.84249328723,27050.0,0.5487370479466067,63867.571148682524,0.000470424784096392,29.495264600629046,38.34384398081776,10.0,79.0,4.7042478409639196e-05,53.751181391891365,2.361093203278467
,,,,,83066.21920892232,27080.0,0.5492074727307031,63897.091699171055,0.000470424784096392,29.520550488530255,38.37671563508933,10.0,79.0,4.7042478409639196e-05,53.751181391891365,2.359567640294352
,,,,,83104.62879621169,27090.0,0.5496778975147996,63926.63753554749,0.000470424784096392,29.545836376431463,38.40958728936091,10.0,79.0,4.7042478409639196e-05,53.751181391891365,2.359787284442506
,,,,,83143.07125515533,27100.0,0.550148322298896,63956.20865781182,0.000470424784096392,29.571122264332672,38.442458943632474,10.0,79.0,4.7042478409639196e-05,53.751181391891365,2.3600076995502515
,,,,,83181.54658575324,27110.0,0.5506187470829924,63985.80506596405,0.000470424784096392,29.59640815223388,38.47533059790405,10.0,79.0,4.7042478409639196e-05,53.751181391891365,2.360228884764443
,,,,,83220.05478800542,27120.0,0.5510891718670888,64015.426760004186,0.000470424784096392,29.621694040135086,38.508202252175614,10.0,79.0,4.7042478409639196e-05,53.751181391891365,2.360450839233193
,,,,,83258.59586191188,27130.0,0.5515595966511853,64045.073739932224,0.000470424784096392,29.646979928036295,38.54107390644718,10.0,79.0,4.7042478409639196e-05,53.751181391891365,2.3606735621058688
,,,,,83297.1698074726,27140.0,0.5520300214352817,64074.74600574816,0.000470424784096392,29.672265815937504,38.573945560718755,10.0,79.0,4.7042478409639196e-05,53.751181391891365,2.3608970525330935
,,,,,83335.7766246876,27150.0,0.5525004462193781,64104.443557451996,0.000470424784096392,29.697551703838712,38.60681721499033,10.0,79.0,4.7042478409639196e-05,53.751181391891365,2.36112130966674
,,,,,83374.41631355687,27160.0,0.5529708710034745,64134.166395043736,0.000470424784096392,29.72283759173992,38.639688869261896,10.0,79.0,4.7042478409639196e-05,53.751181391891365,2.3613463326599313
,,,,,83413.08887408041,27170.0,0.553441295787571,64163.91451852338,0.000470424784096392,29.74812347964113,38.67256052353347,10.0,79.0,4.7042478409639196e-05,53.751181391891365,2.3615721206670366
,,,,,83451.7943062582,27180.0,0.5539117205716674,64193.68792789092,0.000470424784096392,29.773409367542335,38.70543217780504,10.0,79.0,4.7042478409639196e-05,53.751181391891365,2.3617986728436686
,,,,,83490.53261009027,27190.0,0.5543821453557638,64223.48662314636,0.000470424784096392,29.798695255443544,38.73830383207661,10.0,79.0,4.7042478409639196e-05,53.751181391891365,2.362025988346685
,,,,,83582.32670271257,27200.0,0.5548525701398602,64294.09746362505,0.000470424784096392,70.61084047868421,91.79409262228948,10.0,91.0,4.7042478409639196e-05,127.2605450144811,2.363753583221509
,,,,,83674.19862180359,27210.0,0.5553229949239566,64364.76817061815,0.000470424784096392,70.67070699309664,91.87191909102565,10.0,91.0,4.7042478409639196e-05,127.2605450144811,2.365482108438741
,,,,,83766.14836736335,27220.0,0.5557934197080531,64435.49874412565,0.000470424784096392,70.73057350750908,91.94974555976181,10.0,91.0,4.7042478409639196e-05,127.2605450144811,2.3672115629730217
,,,,,83858.17593939185,27230.0,0.5562638444921495,64506.28918414757,0.000470424784096392,70.7904400219215,92.02757202849796,10.0,91.0,4.7042478409639196e-05,127.2605450144811,2.3689419458004983
,,,,,83950.28133788909,27240.0,0.5567342692762459,64577.139490683905,0.000470424784096392,70.85030653633393,92.10539849723412,10.0,91.0,4.7042478409639196e-05,127.2605450144811,2.3706732558988217
,,,,,84042.46456285505,27250.0,0.5572046940603423,64648.04966373465,0.000470424784096392,70.91017305074637,92.18322496597028,10.0,91.0,4.7042478409639196e-05,127.2605450144811,2.372405492247143
,,,,,84134.72561428975,27260.0,0.5576751188444388,64719.01970329981,0.000470424784096392,70.9700395651588,92.26105143470645,10.0,91.0,4.7042478409639196e-05,127.2605450144811,2.3741386538261118
,,,,,84227.0644921932,27270.0,0.5581455436285352,64790.049609379384,0.000470424784096392,71.02990607957122,92.3388779034426,10.0,91.0,4.7042478409639196e-05,127.2605450144811,2.3758727396178725
,,,,,84319.48119656538,27280.0,0.5586159684126316,64861.13938197337,0.000470424784096392,71.08977259398365,92.41670437217876,10.0,91.0,4.7042478409639196e-05,127.2605450144811,2.377607748606062
,,,,,84332.8523240515,27290.0,0.5589925305887504,64871.42486465501,0.0003765621761187818,10.285482681639186,13.371127486130943,10.0,146.0,3.7656217611878183e-05,18.400035991189643,2.377113406546538
,,,,,84425.40915285252,27300.0,0.5594629553728468,64942.62242527117,0.000470424784096392,71.1975606161608,92.55682880100905,10.0,91.0,4.7042478409639196e-05,127.2605450144811,2.378850638288321
,,,,,84518.04380812227,27310.0,0.5599333801569433,65013.87985240174,0.000470424784096392,71.25742713057323,92.63465526974521,10.0,91.0,4.7042478409639196e-05,127.2605450144811,2.380588789908522
,,,,,84610.75628986074,27320.0,0.5604038049410397,65085.197146046725,0.000470424784096392,71.31729364498567,92.71248173848137,10.0,91.0,4.7042478409639196e-05,127.2605450144811,2.3823278603970253
,,,,,84703.54659806796,27330.0,0.5608742297251361,65156.57430620612,0.000470424784096392,71.3771601593981,92.79030820721754,10.0,91.0,4.7042478409639196e-05,127.2605450144811,2.3840678487451927
,,,,,84796.41473274391,27340.0,0.5613446545092325,65228.011332879934,0.000470424784096392,71.43702667381052,92.86813467595368,10.0,91.0,4.7042478409639196e-05,127.2605450144811,2.3858087539458643
,,,,,84889.36069388861,27350.0,0.561815079293329,65299.50822606816,0.000470424784096392,71.49689318822296,92.94596114468985,10.0,91.0,4.7042478409639196e-05,127.2605450144811,2.387550574993351
,,,,,84982.38448150203,27360.0,0.5622855040774254,65371.0649857708,0.000470424784096392,71.55675970263539,93.02378761342601,10.0,91.0,4.7042478409639196e-05,127.2605450144811,2.3892933108834358
,,,,,85075.48609558419,27370.0,0.5627559288615218,65442.68161198784,0.000470424784096392,71.61662621704782,93.10161408216217,10.0,91.0,4.7042478409639196e-05,127.2605450144811,2.3910369606133663
,,,,,85168.66553613509,27380.0,0.5632263536456182,65514.3581047193,0.000470424784096392,71.67649273146024,93.17944055089832,10.0,91.0,4.7042478409639196e-05,127.2605450144811,2.392781523181859
,,,,,85261.92280315472,27390.0,0.5636967784297147,65586.09446396517,0.000470424784096392,71.73635924587268,93.25726701963448,10.0,91.0,4.7042478409639196e-05,127.2605450144811,2.39452699758909
,,,,,85355.25789664309,27400.0,0.5641672032138111,65657.89068972546,0.000470424784096392,71.79622576028511,93.33509348837065,10.0,91.0,4.7042478409639196e-05,127.2605450144811,2.3962733828366956
,,,,,85448.67081660019,27410.0,0.5646376279979075,65729.74678200016,0.000470424784096392,71.85609227469755,93.41291995710681,10.0,91.0,4.7042478409639196e-05,127.2605450144811,2.3980206779277693
,,,,,85542.16156302603,27420.0,0.5651080527820039,65801.66274078927,0.000470424784096392,71.91595878910996,93.49074642584296,10.0,91.0,4.7042478409639196e-05,127.2605450144811,2.3997688818668585
,,,,,85635.73013592062,27430.0,0.5655784775661004,65873.63856609279,0.000470424784096392,71.9758253035224,93.56857289457912,10.0,91.0,4.7042478409639196e-05,127.2605450144811,2.4015179936599633
,,,,,85729.37653528394,27440.0,0.5660489023501968,65945.67425791072,0.000470424784096392,72.03569181793483,93.64639936331528,10.0,91.0,4.7042478409639196e-05,127.2605450144811,2.403268012314531
,,,,,85823.10076111599,27450.0,0.5665193271342932,66017.76981624308,0.000470424784096392,72.09555833234727,93.72422583205145,10.0,91.0,4.7042478409639196e-05,127.2605450144811,2.4050189368394563
,,,,,85916.90281341677,27460.0,0.5669897519183896,66089.92524108983,0.000470424784096392,72.15542484675969,93.8020523007876,10.0,91.0,4.7042478409639196e-05,127.2605450144811,2.406770766245078
,,,,,86014.1369871686,27470.0,0.567460176702486,66164.72075936047,0.000470424784096392,74.79551827063587,97.23417375182663,10.0,71.0,4.7042478409639196e-05,131.80751943735154,2.408617428444138
,,,,,86111.45176810147,27480.0,0.5679306014865825,66239.57828315497,0.000470424784096392,74.85752379450948,97.31478093286232,10.0,71.0,4.7042478409639196e-05,131.80751943735154,2.410465003026018
,,,,,86208.84715621537,27490.0,0.5684010262706789,66314.49781247336,0.000470424784096392,74.91952931838307,97.395388113898,10.0,71.0,4.7042478409639196e-05,131.80751943735154,2.4123134889950295
,,,,,86306.32315151031,27500.0,0.5688714510547753,66389.47934731562,0.000470424784096392,74.98153484225668,97.47599529493368,10.0,71.0,4.7042478409639196e-05,131.80751943735154,2.4141628853569315
,,,,,86403.87975398629,27510.0,0.5693418758388717,66464.52288768174,0.000470424784096392,75.04354036613027,97.55660247596936,10.0,71.0,4.7042478409639196e-05,131.80751943735154,2.416013191118929
,,,,,86501.5169636433,27520.0,0.5698123006229682,66539.62843357175,0.000470424784096392,75.10554589000388,97.63720965700504,10.0,71.0,4.7042478409639196e-05,131.80751943735154,2.417864405289671
,,,,,86599.23478048133,27530.0,0.5702827254070646,66614.79598498563,0.000470424784096392,75.16755141387748,97.71781683804072,10.0,71.0,4.7042478409639196e-05,131.80751943735154,2.4197165268792453
,,,,,86697.0332045004,27540.0,0.570753150191161,66690.02554192337,0.000470424784096392,75.22955693775108,97.7984240190764,10.0,71.0,4.7042478409639196e-05,131.80751943735154,2.4215695548991785
,,,,,86794.91223570051,27550.0,0.5712235749752574,66765.317104385,0.000470424784096392,75.29156246162468,97.87903120011208,10.0,71.0,4.7042478409639196e-05,131.80751943735154,2.423423488362432
,,,,,86892.87187408165,27560.0,0.5716939997593539,66840.6706723705,0.000470424784096392,75.35356798549829,97.95963838114778,10.0,71.0,4.7042478409639196e-05,131.80751943735154,2.4252783262834
,,,,,86990.91211964384,27570.0,0.5721644245434503,66916.08624587987,0.000470424784096392,75.41557350937188,98.04024556218344,10.0,71.0,4.7042478409639196e-05,131.80751943735154,2.427134067677906
,,,,,87089.03297238705,27580.0,0.5726348493275467,66991.56382491312,0.000470424784096392,75.47757903324549,98.12085274321915,10.0,71.0,4.7042478409639196e-05,131.80751943735154,2.4289907115632023
,,,,,87187.2344323113,27590.0,0.5731052741116431,67067.10340947023,0.000470424784096392,75.53958455711908,98.20145992425482,10.0,71.0,4.7042478409639196e-05,131.80751943735154,2.4308482569579644
,,,,,87285.5164994166,27600.0,0.5735756988957396,67142.70499955122,0.000470424784096392,75.6015900809927,98.28206710529051,10.0,71.0,4.7042478409639196e-05,131.80751943735154,2.4327067028822906
,,,,,87383.87917370292,27610.0,0.574046123679836,67218.36859515609,0.000470424784096392,75.66359560486629,98.36267428632618,10.0,71.0,4.7042478409639196e-05,131.80751943735154,2.4345660483577
,,,,,87482.32245517029,27620.0,0.5745165484639324,67294.09419628483,0.000470424784096392,75.7256011287399,98.44328146736187,10.0,71.0,4.7042478409639196e-05,131.80751943735154,2.4364262924071265
,,,,,87580.84634381869,27630.0,0.5749869732480288,67369.88180293744,0.000470424784096392,75.78760665261349,98.52388864839754,10.0,71.0,4.7042478409639196e-05,131.80751943735154,2.43828743405492
,,,,,87679.45083964813,27640.0,0.5754573980321253,67445.73141511393,0.000470424784096392,75.8496121764871,98.60449582943323,10.0,71.0,4.7042478409639196e-05,131.80751943735154,2.4401494723268424
,,,,,87778.1359426586,27650.0,0.5759278228162217,67521.64303281429,0.000470424784096392,75.9116177003607,98.68510301046891,10.0,71.0,4.7042478409639196e-05,131.80751943735154,2.4420124062500648
,,,,,87876.90165285011,27660.0,0.5763982476003181,67597.61665603852,0.000470424784096392,75.9736232242343,98.7657101915046,10.0,71.0,4.7042478409639196e-05,131.80751943735154,2.443876234853164
,,,,,87975.74797022266,27680.0,0.5768686723844145,67673.65228478663,0.000470424784096392,76.0356287481079,98.84631737254027,10.0,71.0,4.7042478409639196e-05,131.80751943735154,2.4448573802307307
,,,,,88074.67489477622,27690.0,0.577339097168511,67749.74991905861,0.000470424784096392,76.0976342719815,98.92692455357596,10.0,71.0,4.7042478409639196e-05,131.80751943735154,2.4467226406305023
,,,,,88173.68242651083,27700.0,0.5778095219526074,67825.90955885446,0.000470424784096392,76.1596397958551,99.00753173461163,10.0,71.0,4.7042478409639196e-05,131.80751943735154,2.448588792738428
,,,,,88272.77056542647,27710.0,0.5782799467367038,67902.13120417419,0.000470424784096392,76.22164531972871,99.08813891564732,10.0,71.0,4.7042478409639196e-05,131.80751943735154,2.4504558355891084
,,,,,88371.93931152315,27720.0,0.5787503715208002,67978.41485501779,0.000470424784096392,76.2836508436023,99.168746096683,10.0,71.0,4.7042478409639196e-05,131.80751943735154,2.4523237682185353
,,,,,88471.18866480087,27730.0,0.5792207963048966,68054.76051138526,0.000470424784096392,76.34565636747591,99.24935327771868,10.0,71.0,4.7042478409639196e-05,131.80751943735154,2.4541925896640917
,,,,,88570.51862525962,27740.0,0.5796912210889931,68131.16817327662,0.000470424784096392,76.4076618913495,99.32996045875436,10.0,71.0,4.7042478409639196e-05,131.80751943735154,2.4560622989645498
,,,,,88669.9291928994,27750.0,0.5801616458730895,68207.63784069184,0.000470424784096392,76.4696674152231,99.41056763979003,10.0,71.0,4.7042478409639196e-05,131.80751943735154,2.457932895160066
,,,,,88769.42036772023,27760.0,0.5806320706571859,68284.16951363093,0.000470424784096392,76.53167293909671,99.49117482082572,10.0,71.0,4.7042478409639196e-05,131.80751943735154,2.4598043772921803
,,,,,88868.9921497221,27770.0,0.5811024954412823,68360.7631920939,0.000470424784096392,76.5936784629703,99.5717820018614,10.0,71.0,4.7042478409639196e-05,131.80751943735154,2.4616767444038135
,,,,,88968.64453890499,27780.0,0.5815729202253788,68437.41887608074,0.000470424784096392,76.65568398684391,99.65238918289708,10.0,71.0,4.7042478409639196e-05,131.80751943735154,2.4635499955392635
,,,,,89068.37753526893,27790.0,0.5820433450094752,68514.13656559146,0.000470424784096392,76.7176895107175,99.73299636393276,10.0,71.0,4.7042478409639196e-05,131.80751943735154,2.4654241297442048
,,,,,89168.1911388139,27800.0,0.5825137697935716,68590.91626062605,0.000470424784096392,76.77969503459111,99.81360354496846,10.0,71.0,4.7042478409639196e-05,131.80751943735154,2.4672991460656855
,,,,,89268.0853495399,27810.0,0.582984194577668,68667.75796118451,0.000470424784096392,76.84170055846471,99.89421072600412,10.0,71.0,4.7042478409639196e-05,131.80751943735154,2.4691750435521223
,,,,,89368.06016744695,27830.0,0.5834546193617645,68744.66166726685,0.000470424784096392,76.90370608233832,99.97481790703982,10.0,71.0,4.7042478409639196e-05,131.80751943735154,2.470163911867296
,,,,,89468.11559253503,27840.0,0.5839250441458609,68821.62737887306,0.000470424784096392,76.96571160621191,100.0554250880755,10.0,71.0,4.7042478409639196e-05,131.80751943735154,2.4720412133215897
,,,,,89568.25162480415,27850.0,0.5843954689299573,68898.65509600315,0.000470424784096392,77.02771713008552,100.13603226911118,10.0,71.0,4.7042478409639196e-05,131.80751943735154,2.4739193930342243
,,,,,89668.46826425429,27860.0,0.5848658937140537,68975.7448186571,0.000470424784096392,77.08972265395911,100.21663945014686,10.0,71.0,4.7042478409639196e-05,131.80751943735154,2.4757984500594796
,,,,,89768.76551088547,27870.0,0.5853363184981502,69052.89654683493,0.000470424784096392,77.15172817783272,100.29724663118255,10.0,71.0,4.7042478409639196e-05,131.80751943735154,2.477678383452994
,,,,,89869.14336469768,27880.0,0.5858067432822466,69130.11028053664,0.000470424784096392,77.21373370170632,100.37785381221822,10.0,71.0,4.7042478409639196e-05,131.80751943735154,2.479559192271759
,,,,,89969.60182569093,27890.0,0.586277168066343,69207.38601976221,0.000470424784096392,77.27573922557993,100.45846099325391,10.0,71.0,4.7042478409639196e-05,131.80751943735154,2.4814408755741204
,,,,,90070.14089386522,27900.0,0.5867475928504394,69284.72376451167,0.000470424784096392,77.33774474945352,100.53906817428958,10.0,71.0,4.7042478409639196e-05,131.80751943735154,2.4833234324197733
,,,,,90170.76056922054,27910.0,0.5872180176345358,69362.123514785,0.000470424784096392,77.39975027332713,100.61967535532527,10.0,71.0,4.7042478409639196e-05,131.80751943735154,2.48520686186976
,,,,,90271.4608517569,27920.0,0.5876884424186323,69439.58527058219,0.000470424784096392,77.46175579720072,100.70028253636094,10.0,71.0,4.7042478409639196e-05,131.80751943735154,2.4870911629864683
,,,,,90372.2417414743,27930.0,0.5881588672027287,69517.10903190327,0.000470424784096392,77.52376132107433,100.78088971739663,10.0,71.0,4.7042478409639196e-05,131.80751943735154,2.4889763348336293
,,,,,90473.10323837273,27940.0,0.5886292919868251,69594.69479874821,0.000470424784096392,77.58576684494793,100.8614968984323,10.0,71.0,4.7042478409639196e-05,131.80751943735154,2.490862376476314
,,,,,90574.0453424522,27950.0,0.5890997167709215,69672.34257111703,0.000470424784096392,77.64777236882153,100.942104079468,10.0,71.0,4.7042478409639196e-05,131.80751943735154,2.4927492869809313
,,,,,90675.0680537127,27960.0,0.589570141555018,69750.05234900973,0.000470424784096392,77.70977789269513,101.02271126050367,10.0,71.0,4.7042478409639196e-05,131.80751943735154,2.494637065415226
,,,,,90776.17137215425,27970.0,0.5900405663391144,69827.82413242629,0.000470424784096392,77.77178341656874,101.10331844153936,10.0,71.0,4.7042478409639196e-05,131.80751943735154,2.4965257108482763
,,,,,90850.96924789766,27980.0,0.5905109911232108,69885.36095992122,0.000470424784096392,57.536827494935594,74.79787574341627,10.0,73.0,4.7042478409639196e-05,97.4356588782451,2.4976898127205582
,,,,,90925.82671063452,27990.0,0.5909814159073072,69942.94362356495,0.000470424784096392,57.58266364372668,74.8574627368447,10.0,73.0,4.7042478409639196e-05,97.4356588782451,2.4988547203845997
,,,,,91000.74376036478,28000.0,0.5914518406914037,70000.57212335747,0.000470424784096392,57.62849979251778,74.91704973027312,10.0,73.0,4.7042478409639196e-05,97.4356588782451,2.5000204329770526
,,,,,91075.72039708849,28020.0,0.5919222654755001,70058.24645929878,0.000470424784096392,57.67433594130887,74.97663672370153,10.0,73.0,4.7042478409639196e-05,97.4356588782451,2.5002943061848244
,,,,,91150.75662080562,28030.0,0.5923926902595965,70115.96663138889,0.000470424784096392,57.72017209009996,75.03622371712994,10.0,73.0,4.7042478409639196e-05,97.4356588782451,2.501461528055258
,,,,,91225.85243151618,28040.0,0.5928631150436929,70173.73263962778,0.000470424784096392,57.76600823889105,75.09581071055837,10.0,73.0,4.7042478409639196e-05,97.4356588782451,2.502629552055199
,,,,,91301.00782922017,28050.0,0.5933335398277894,70231.54448401547,0.000470424784096392,57.81184438768214,75.1553977039868,10.0,73.0,4.7042478409639196e-05,97.4356588782451,2.5037983773267545
,,,,,91376.22281391759,28060.0,0.5938039646118858,70289.40216455194,0.000470424784096392,57.85768053647323,75.2149846974152,10.0,73.0,4.7042478409639196e-05,97.4356588782451,2.5049680030132553
,,,,,91451.49738560843,28070.0,0.5942743893959822,70347.30568123721,0.000470424784096392,57.90351668526432,75.27457169084362,10.0,73.0,4.7042478409639196e-05,97.4356588782451,2.506138428259252
,,,,,91526.8315442927,28080.0,0.5947448141800786,70405.25503407126,0.000470424784096392,57.94935283405542,75.33415868427204,10.0,73.0,4.7042478409639196e-05,97.4356588782451,2.507309652210515
,,,,,91602.2252899704,28100.0,0.595215238964175,70463.25022305411,0.000470424784096392,57.99518898284651,75.39374567770047,10.0,73.0,4.7042478409639196e-05,97.4356588782451,2.507588975909399
,,,,,91677.67862264153,28110.0,0.5956856637482715,70521.29124818575,0.000470424784096392,58.041025131637596,75.45333267112888,10.0,73.0,4.7042478409639196e-05,97.4356588782451,2.5087616950617484
,,,,,91695.26114943076,28120.0,0.5961560885323679,70534.81626879286,0.000470424784096392,13.525020607104576,17.58252678923595,10.0,63.0,4.7042478409639196e-05,22.68704600568756,2.508350507425066
,,,,,91712.85755053333,28130.0,0.5966265133164643,70548.35196194868,0.000470424784096392,13.535693155823587,17.596401102570663,10.0,63.0,4.7042478409639196e-05,22.68704600568756,2.5079399915374574
,,,,,91730.46782594924,28140.0,0.5970969381005607,70561.89832765322,0.000470424784096392,13.546365704542598,17.610275415905377,10.0,63.0,4.7042478409639196e-05,22.68704600568756,2.5075301466827726
,,,,,91748.09197567847,28150.0,0.5975673628846572,70575.45536590648,0.000470424784096392,13.55703825326161,17.62414972924009,10.0,63.0,4.7042478409639196e-05,22.68704600568756,2.5071209721458785
,,,,,91765.72999972105,28160.0,0.5980377876687536,70589.02307670846,0.000470424784096392,13.56771080198062,17.638024042574806,10.0,63.0,4.7042478409639196e-05,22.68704600568756,2.506712467212658
,,,,,91783.38189807696,28170.0,0.59850821245285,70602.60146005916,0.000470424784096392,13.578383350699632,17.651898355909523,10.0,63.0,4.7042478409639196e-05,22.68704600568756,2.5063046311700092
,,,,,91801.04767074621,28180.0,0.5989786372369464,70616.19051595857,0.000470424784096392,13.589055899418643,17.665772669244237,10.0,63.0,4.7042478409639196e-05,22.68704600568756,2.50589746330584
,,,,,91873.64250553203,28190.0,0.5994490620210429,70672.03269656305,0.000470424784096392,55.84218060447383,72.59483478581599,10.0,64.0,4.7042478409639196e-05,93.15583949068481,2.5069894535850676
,,,,,91946.29430997823,28200.0,0.5999194868051393,70727.9186999832,0.000470424784096392,55.886003420153564,72.65180444619963,10.0,64.0,4.7042478409639196e-05,93.15583949068481,2.5080822234036595
,,,,,92019.0030840848,28210.0,0.6003899115892357,70783.84852621904,0.000470424784096392,55.92982623583329,72.70877410658328,10.0,64.0,4.7042478409639196e-05,93.15583949068481,2.5091757719326138
,,,,,92129.02226354077,28220.0,0.6008603363733321,70868.47866426209,0.000470424784096392,84.63013804304941,110.01917945596423,10.0,10.0,4.7042478409639196e-05,140.84826859076654,2.511285565707374
,,,,,92239.12757906798,28230.0,0.6013307611574286,70953.17506082148,0.000470424784096392,84.69639655939157,110.10531552720904,10.0,10.0,4.7042478409639196e-05,140.84826859076654,2.5133962118604845
,,,,,92349.31903066643,28240.0,0.601801185941525,71037.9377158972,0.000470424784096392,84.76265507573375,110.19145159845388,10.0,10.0,4.7042478409639196e-05,140.84826859076654,2.515507709486445
,,,,,92459.80661819092,28260.0,0.6022716107256214,71122.92816783911,0.000470424784096392,84.99045194191326,110.48758752448725,10.0,167.0,4.7042478409639196e-05,141.1164837066056,2.516734896243422
,,,,,92570.3805058142,28270.0,0.6027420355097178,71207.9850044724,0.000470424784096392,85.0568366332934,110.57388762328142,10.0,167.0,4.7042478409639196e-05,141.1164837066056,2.5188533782975733
,,,,,92681.04069353628,28280.0,0.6032124602938143,71293.10822579707,0.000470424784096392,85.12322132467352,110.66018772207558,10.0,167.0,4.7042478409639196e-05,141.1164837066056,2.5209727095402075
,,,,,92791.78718135715,28290.0,0.6036828850779107,71378.29783181312,0.000470424784096392,85.18960601605365,110.74648782086975,10.0,167.0,4.7042478409639196e-05,141.1164837066056,2.523092889070807
,,,,,92902.61996927681,28300.0,0.6041533098620071,71463.55382252055,0.000470424784096392,85.25599070743377,110.8327879196639,10.0,167.0,4.7042478409639196e-05,141.1164837066056,2.5252139159901255
,,,,,93013.53905729527,28310.0,0.6046237346461035,71548.87619791937,0.000470424784096392,85.3223753988139,110.91908801845808,10.0,167.0,4.7042478409639196e-05,141.1164837066056,2.5273357894001895
,,,,,93124.54444541252,28320.0,0.6050941594302,71634.26495800956,0.000470424784096392,85.38876009019403,111.00538811725224,10.0,167.0,4.7042478409639196e-05,141.1164837066056,2.5294585084042924
,,,,,93235.63613362858,28330.0,0.6055645842142964,71719.72010279114,0.000470424784096392,85.45514478157415,111.09168821604639,10.0,167.0,4.7042478409639196e-05,141.1164837066056,2.531582072106994
,,,,,93346.81412194342,28340.0,0.6060350089983928,71805.2416322641,0.000470424784096392,85.52152947295428,111.17798831484058,10.0,167.0,4.7042478409639196e-05,141.1164837066056,2.5337064796141178
,,,,,93458.07841035705,28350.0,0.6065054337824892,71890.82954642843,0.000470424784096392,85.5879141643344,111.26428841363473,10.0,167.0,4.7042478409639196e-05,141.1164837066056,2.535831730032749
,,,,,93506.5015572061,28360.0,0.6069758585665856,71928.07812092769,0.000470424784096392,37.24857449926502,48.42314684904453,10.0,165.0,4.7042478409639196e-05,61.3674728138777,2.5362509915700877
,,,,,93554.96223346933,28370.0,0.6074462833506821,71965.3555642071,0.000470424784096392,37.27744327941403,48.46067626323824,10.0,165.0,4.7042478409639196e-05,61.3674728138777,2.5366709751218575
,,,,,93603.46043914676,28380.0,0.6079167081347785,72002.66187626666,0.000470424784096392,37.30631205956304,48.498205677431955,10.0,165.0,4.7042478409639196e-05,61.3674728138777,2.5370916799248295
,,,,,93651.99617423839,28390.0,0.6083871329188749,72039.99705710637,0.000470424784096392,37.33518083971205,48.53573509162567,10.0,165.0,4.7042478409639196e-05,61.3674728138777,2.53751310521685
,,,,,93700.5694387442,28400.0,0.6088575577029713,72077.36110672624,0.000470424784096392,37.36404961986106,48.57326450581938,10.0,165.0,4.7042478409639196e-05,61.3674728138777,2.5379352502368393
,,,,,93763.22815791964,28410.0,0.6093279824870678,72125.56012147658,0.000470424784096392,48.19901475034137,62.658719175443785,10.0,170.0,4.7042478409639196e-05,79.10192234009922,2.5387384766447227
,,,,,93825.93525205125,28420.0,0.6097984072711642,72173.79634773165,0.000470424784096392,48.23622625507983,62.70709413160378,10.0,170.0,4.7042478409639196e-05,79.10192234009922,2.539542447140452
,,,,,93888.690721139,28430.0,0.6102688320552606,72222.06978549148,0.000470424784096392,48.27343775981828,62.755469087763764,10.0,170.0,4.7042478409639196e-05,79.10192234009922,2.540347160938849
,,,,,93951.49456518293,28440.0,0.610739256839357,72270.38043475604,0.000470424784096392,48.31064926455673,62.80384404392375,10.0,170.0,4.7042478409639196e-05,79.10192234009922,2.5411526172558383
,,,,,93979.6374362592,28450.0,0.6112096816234535,72292.0287971224,0.000470424784096392,21.648362366363774,28.142871076272908,10.0,168.0,4.7042478409639196e-05,35.418879996898724,2.5410203443628263
,,,,,94007.80196783015,28460.0,0.6116801064075499,72313.69382140774,0.000470424784096392,21.66502428533925,28.164531570941026,10.0,168.0,4.7042478409639196e-05,35.418879996898724,2.5408887498737784
,,,,,94035.98815989576,28470.0,0.6121505311916463,72335.37550761206,0.000470424784096392,21.68168620431473,28.18619206560915,10.0,168.0,4.7042478409639196e-05,35.418879996898724,2.540757833073834
,,,,,94064.19601245603,28480.0,0.6126209559757427,72357.07385573535,0.000470424784096392,21.69834812329021,28.207852560277274,10.0,168.0,4.7042478409639196e-05,35.418879996898724,2.5406275932491345
,,,,,94092.42552551097,28490.0,0.6130913807598392,72378.7888657776,0.000470424784096392,21.715010042265686,28.229513054945393,10.0,168.0,4.7042478409639196e-05,35.418879996898724,2.5404980296868236
,,,,,94120.67669906058,28500.0,0.6135618055439356,72400.52053773885,0.000470424784096392,21.731671961241165,28.251173549613515,10.0,168.0,4.7042478409639196e-05,35.418879996898724,2.5403691416750473
,,,,,94148.94953310487,28510.0,0.614032230328032,72422.26887161906,0.000470424784096392,21.74833388021664,28.272834044281634,10.0,168.0,4.7042478409639196e-05,35.418879996898724,2.5402409285029486
,,,,,94177.24402764381,28520.0,0.6145026551121284,72444.03386741826,0.000470424784096392,21.76499579919212,28.29449453894976,10.0,168.0,4.7042478409639196e-05,35.418879996898724,2.540113389460668
,,,,,94205.56018267744,28530.0,0.6149730798962249,72465.81552513642,0.000470424784096392,21.781657718167597,28.31615503361788,10.0,168.0,4.7042478409639196e-05,35.418879996898724,2.539986523839342
,,,,,94233.89799820572,28540.0,0.6154435046803213,72487.61384477357,0.000470424784096392,21.798319637143077,28.337815528286,10.0,168.0,4.7042478409639196e-05,35.418879996898724,2.5398603309310994
,,,,,94262.25747422868,28550.0,0.6159139294644177,72509.42882632969,0.000470424784096392,21.814981556118557,28.359476022954127,10.0,168.0,4.7042478409639196e-05,35.418879996898724,2.539734810029061
,,,,,94290.6386107463,28560.0,0.6163843542485141,72531.26046980478,0.000470424784096392,21.831643475094033,28.381136517622245,10.0,168.0,4.7042478409639196e-05,35.418879996898724,2.539609960427338
,,,,,94319.04140775859,28570.0,0.6168547790326105,72553.10877519885,0.000470424784096392,21.848305394069513,28.402797012290367,10.0,168.0,4.7042478409639196e-05,35.418879996898724,2.539485781421031
,,,,,94347.46586526555,28580.0,0.617325203816707,72574.9737425119,0.000470424784096392,21.86496731304499,28.424457506958486,10.0,168.0,4.7042478409639196e-05,35.418879996898724,2.5393622723062244
,,,,,94375.91198326717,28590.0,0.6177956286008034,72596.85537174392,0.000470424784096392,21.88162923202047,28.446118001626612,10.0,168.0,4.7042478409639196e-05,35.418879996898724,2.5392394323799903
,,,,,94404.37976176347,28600.0,0.6182660533848998,72618.75366289492,0.000470424784096392,21.898291150995945,28.46777849629473,10.0,168.0,4.7042478409639196e-05,35.418879996898724,2.539117260940382
,,,,,94432.86920075443,28610.0,0.6187364781689962,72640.66861596488,0.000470424784096392,21.914953069971425,28.489438990962853,10.0,168.0,4.7042478409639196e-05,35.418879996898724,2.5389957572864343
,,,,,94461.38030024007,28620.0,0.6192069029530927,72662.60023095383,0.000470424784096392,21.931614988946905,28.511099485630975,10.0,168.0,4.7042478409639196e-05,35.418879996898724,2.5388749207181633
,,,,,94489.91306022037,28630.0,0.6196773277371891,72684.54850786175,0.000470424784096392,21.94827690792238,28.532759980299097,10.0,168.0,4.7042478409639196e-05,35.418879996898724,2.5387547505365613
,,,,,94518.46748069533,28640.0,0.6201477525212855,72706.51344668865,0.000470424784096392,21.96493882689786,28.55442047496722,10.0,168.0,4.7042478409639196e-05,35.418879996898724,2.538635246043598
,,,,,94547.04356166496,28650.0,0.6206181773053819,72728.49504743452,0.000470424784096392,21.981600745873337,28.57608096963534,10.0,168.0,4.7042478409639196e-05,35.418879996898724,2.538516406542217
,,,,,94575.64130312926,28660.0,0.6210886020894784,72750.49331009937,0.000470424784096392,21.998262664848816,28.59774146430346,10.0,168.0,4.7042478409639196e-05,35.418879996898724,2.5383982313363354
,,,,,94604.26070508824,28670.0,0.6215590268735748,72772.50823468319,0.000470424784096392,22.014924583824293,28.619401958971583,10.0,168.0,4.7042478409639196e-05,35.418879996898724,2.53828071973084
,,,,,94632.90176754187,28680.0,0.6220294516576712,72794.53982118599,0.000470424784096392,22.031586502799772,28.641062453639705,10.0,168.0,4.7042478409639196e-05,35.418879996898724,2.5381638710315895
,,,,,94661.56449049019,28690.0,0.6224998764417676,72816.58806960777,0.000470424784096392,22.048248421775252,28.662722948307827,10.0,168.0,4.7042478409639196e-05,35.418879996898724,2.5380476845454085
,,,,,94690.24887393316,28700.0,0.622970301225864,72838.65297994851,0.000470424784096392,22.06491034075073,28.684383442975946,10.0,168.0,4.7042478409639196e-05,35.418879996898724,2.5379321595800874
,,,,,94718.95491787081,28710.0,0.6234407260099605,72860.73455220825,0.000470424784096392,22.081572259726208,28.706043937644072,10.0,168.0,4.7042478409639196e-05,35.418879996898724,2.537817295444383
,,,,,94747.68262230312,28720.0,0.6239111507940569,72882.83278638695,0.000470424784096392,22.098234178701684,28.72770443231219,10.0,168.0,4.7042478409639196e-05,35.418879996898724,2.5377030914480136
,,,,,94776.4319872301,28730.0,0.6243815755781533,72904.94768248462,0.000470424784096392,22.114896097677164,28.749364926980313,10.0,168.0,4.7042478409639196e-05,35.418879996898724,2.5375895469016574
,,,,,94805.20301265175,28740.0,0.6248520003622497,72927.07924050128,0.000470424784096392,22.13155801665264,28.77102542164843,10.0,168.0,4.7042478409639196e-05,35.418879996898724,2.537476661116955
,,,,,94833.99569856806,28750.0,0.6253224251463462,72949.2274604369,0.000470424784096392,22.14821993562812,28.792685916316557,10.0,168.0,4.7042478409639196e-05,35.418879996898724,2.537364433406501
,,,,,94862.81004497905,28760.0,0.6257928499304426,72971.39234229151,0.000470424784096392,22.1648818546036,28.81434641098468,10.0,168.0,4.7042478409639196e-05,35.418879996898724,2.5372528630838493
,,,,,94891.6460518847,28770.0,0.626263274714539,72993.57388606509,0.000470424784096392,22.181543773579076,28.8360069056528,10.0,168.0,4.7042478409639196e-05,35.418879996898724,2.5371419494635066
,,,,,94920.50371928503,28780.0,0.6267336994986354,73015.77209175764,0.000470424784096392,22.198205692554556,28.857667400320924,10.0,168.0,4.7042478409639196e-05,35.418879996898724,2.5370316918609324
,,,,,94949.38304718002,28790.0,0.6272041242827319,73037.98695936917,0.000470424784096392,22.214867611530032,28.879327894989043,10.0,168.0,4.7042478409639196e-05,35.418879996898724,2.536922089592538
,,,,,94978.28403556967,28800.0,0.6276745490668283,73060.21848889967,0.000470424784096392,22.23152953050551,28.900988389657165,10.0,168.0,4.7042478409639196e-05,35.418879996898724,2.536813141975683
,,,,,95007.206684454,28810.0,0.6281449738509247,73082.46668034916,0.000470424784096392,22.248191449480988,28.922648884325284,10.0,168.0,4.7042478409639196e-05,35.418879996898724,2.536704848328676
,,,,,95036.15099383298,28820.0,0.6286153986350211,73104.73153371761,0.000470424784096392,22.264853368456468,28.94430937899341,10.0,168.0,4.7042478409639196e-05,35.418879996898724,2.536597207970771
,,,,,95065.11696370665,28830.0,0.6290858234191176,73127.01304900505,0.000470424784096392,22.281515287431947,28.965969873661532,10.0,168.0,4.7042478409639196e-05,35.418879996898724,2.536490220222166
,,,,,95094.10459407498,28840.0,0.629556248203214,73149.31122621146,0.000470424784096392,22.298177206407424,28.98763036832965,10.0,168.0,4.7042478409639196e-05,35.418879996898724,2.5363838844040036
,,,,,95123.11388493798,28850.0,0.6300266729873104,73171.62606533684,0.000470424784096392,22.314839125382903,29.009290862997776,10.0,168.0,4.7042478409639196e-05,35.418879996898724,2.536278199838365
,,,,,95152.14483629564,28860.0,0.6304970977714068,73193.9575663812,0.000470424784096392,22.33150104435838,29.030951357665895,10.0,168.0,4.7042478409639196e-05,35.418879996898724,2.5361731658482745
,,,,,95181.19744814798,28870.0,0.6309675225555033,73216.30572934453,0.000470424784096392,22.34816296333386,29.052611852334017,10.0,168.0,4.7042478409639196e-05,35.418879996898724,2.536068781757691
,,,,,95210.27172049499,28880.0,0.6314379473395997,73238.67055422685,0.000470424784096392,22.364824882309335,29.074272347002136,10.0,168.0,4.7042478409639196e-05,35.418879996898724,2.535965046891511
,,,,,95239.36765333665,28890.0,0.6319083721236961,73261.05204102813,0.000470424784096392,22.381486801284815,29.095932841670262,10.0,168.0,4.7042478409639196e-05,35.418879996898724,2.5358619605755672
,,,,,95268.485246673,28900.0,0.6323787969077925,73283.45018974839,0.000470424784096392,22.398148720260295,29.117593336338384,10.0,168.0,4.7042478409639196e-05,35.418879996898724,2.5357595221366225
,,,,,95297.624500504,28970.0,0.632849221691889,73305.86500038762,0.000470424784096392,22.41481063923577,29.139253831006503,10.0,168.0,4.7042478409639196e-05,35.418879996898724,2.5304061097821067
,,,,,95326.78541482968,28980.0,0.6333196464759854,73328.29647294583,0.000470424784096392,22.43147255821125,29.16091432567463,10.0,168.0,4.7042478409639196e-05,35.418879996898724,2.5303069866440935
,,,,,95355.96798965002,29000.0,0.6337900712600818,73350.74460742302,0.000470424784096392,22.448134477186727,29.182574820342747,10.0,168.0,4.7042478409639196e-05,35.418879996898724,2.5293360209456215
,,,,,95385.17222496503,29010.0,0.6342604960441782,73373.20940381919,0.000470424784096392,22.464796396162207,29.20423531501087,10.0,168.0,4.7042478409639196e-05,35.418879996898724,2.5292385178841497
,,,,,95414.39812077471,29020.0,0.6347309208282746,73395.69086213432,0.000470424784096392,22.481458315137683,29.22589580967899,10.0,168.0,4.7042478409639196e-05,35.418879996898724,2.529141656172788
,,,,,95443.64567707905,29030.0,0.6352013456123711,73418.18898236843,0.000470424784096392,22.498120234113163,29.247556304347114,10.0,168.0,4.7042478409639196e-05,35.418879996898724,2.5290454351487575
,,,,,95472.91489387807,29040.0,0.6356717703964675,73440.70376452152,0.000470424784096392,22.514782153088643,29.269216799015236,10.0,168.0,4.7042478409639196e-05,35.418879996898724,2.52894985415019
,,,,,95502.20577117175,29050.0,0.6361421951805639,73463.23520859359,0.000470424784096392,22.53144407206412,29.290877293683355,10.0,168.0,4.7042478409639196e-05,35.418879996898724,2.52885491251613
,,,,,95531.5183089601,29060.0,0.6366126199646603,73485.78331458462,0.000470424784096392,22.5481059910396,29.312537788351477,10.0,168.0,4.7042478409639196e-05,35.418879996898724,2.528760609586532
,,,,,95560.85250724312,29070.0,0.6370830447487568,73508.34808249465,0.000470424784096392,22.564767910015075,29.3341982830196,10.0,168.0,4.7042478409639196e-05,35.418879996898724,2.528666944702258
,,,,,95590.20836602082,29080.0,0.6375534695328532,73530.92951232364,0.000470424784096392,22.581429828990554,29.355858777687722,10.0,168.0,4.7042478409639196e-05,35.418879996898724,2.528573917205077
,,,,,95619.58588529317,29090.0,0.6380238943169496,73553.5276040716,0.000470424784096392,22.59809174796603,29.37751927235584,10.0,168.0,4.7042478409639196e-05,35.418879996898724,2.5284815264376626
,,,,,95648.98506506019,29100.0,0.638494319101046,73576.14235773854,0.000470424784096392,22.61475366694151,29.399179767023963,10.0,168.0,4.7042478409639196e-05,35.418879996898724,2.5283897717435924
,,,,,95678.40590532188,29110.0,0.6389647438851425,73598.77377332446,0.000470424784096392,22.63141558591699,29.42084026169209,10.0,168.0,4.7042478409639196e-05,35.418879996898724,2.5282986524673468
,,,,,95707.84840607824,29120.0,0.6394351686692389,73621.42185082936,0.000470424784096392,22.648077504892466,29.442500756360207,10.0,168.0,4.7042478409639196e-05,35.418879996898724,2.528208167954305
,,,,,95737.31256732927,29130.0,0.6399055934533353,73644.08659025322,0.000470424784096392,22.664739423867946,29.46416125102833,10.0,168.0,4.7042478409639196e-05,35.418879996898724,2.528118317550746
,,,,,95766.79838907496,29140.0,0.6403760182374317,73666.76799159606,0.000470424784096392,22.681401342843422,29.485821745696448,10.0,168.0,4.7042478409639196e-05,35.418879996898724,2.528029100603846
,,,,,95796.30587131533,29150.0,0.6408464430215282,73689.46605485788,0.000470424784096392,22.698063261818902,29.507482240364574,10.0,168.0,4.7042478409639196e-05,35.418879996898724,2.527940516461677
,,,,,95825.83501405036,29160.0,0.6413168678056246,73712.18078003867,0.000470424784096392,22.714725180794378,29.529142735032693,10.0,168.0,4.7042478409639196e-05,35.418879996898724,2.5278525644732057
,,,,,95855.38581728007,29170.0,0.641787292589721,73734.91216713845,0.000470424784096392,22.731387099769858,29.550803229700815,10.0,168.0,4.7042478409639196e-05,35.418879996898724,2.527765243988291
,,,,,95884.95828100444,29180.0,0.6422577173738174,73757.6602161572,0.000470424784096392,22.748049018745338,29.57246372436894,10.0,168.0,4.7042478409639196e-05,35.418879996898724,2.527678554357683
,,,,,95914.55240522347,29190.0,0.6427281421579139,73780.42492709491,0.000470424784096392,22.764710937720814,29.59412421903706,10.0,168.0,4.7042478409639196e-05,35.418879996898724,2.527592494933022
,,,,,95944.16818993718,29200.0,0.6431985669420103,73803.2062999516,0.000470424784096392,22.781372856696294,29.61578471370518,10.0,168.0,4.7042478409639196e-05,35.418879996898724,2.527507065066836
,,,,,95973.80563514555,29210.0,0.6436689917261067,73826.00433472727,0.000470424784096392,22.79803477567177,29.6374452083733,10.0,168.0,4.7042478409639196e-05,35.418879996898724,2.5274222641125395
,,,,,96003.46474084859,29220.0,0.6441394165102031,73848.81903142192,0.000470424784096392,22.81469669464725,29.659105703041426,10.0,168.0,4.7042478409639196e-05,35.418879996898724,2.5273380914244328
,,,,,96033.1455070463,29230.0,0.6446098412942995,73871.65039003555,0.000470424784096392,22.831358613622726,29.680766197709545,10.0,168.0,4.7042478409639196e-05,35.418879996898724,2.527254546357699
,,,,,96062.84793373868,29240.0,0.645080266078396,73894.49841056815,0.000470424784096392,22.848020532598206,29.702426692377667,10.0,168.0,4.7042478409639196e-05,35.418879996898724,2.5271716282684045
,,,,,96118.58679295835,29250.0,0.6450893179063135,73937.37445612175,9.051827917499328e-06,42.87604555359292,55.73885921967079,10.0,273.0,9.051827917499328e-07,66.46528529219859,2.527773485679376
,,,,,96174.32643430003,29260.0,0.6450983697342311,73980.25110330766,9.051827917499328e-06,42.876647185917875,55.739641341693236,10.0,273.0,9.051827917499328e-07,66.46528529219859,2.528374952266154
,,,,,96230.06685776376,29270.0,0.6451074215621486,74023.1283521259,9.051827917499328e-06,42.87724881824283,55.740423463715686,10.0,273.0,9.051827917499328e-07,66.46528529219859,2.52897602842931
,,,,,96285.8080633495,29280.0,0.6451164733900662,74066.00620257646,9.051827917499328e-06,42.877850450567784,55.74120558573812,10.0,273.0,9.051827917499328e-07,66.46528529219859,2.529576714568868
,,,,,96341.55005105726,29290.0,0.6451255252179837,74108.88465465936,9.051827917499328e-06,42.87845208289274,55.741987707760565,10.0,273.0,9.051827917499328e-07,66.46528529219859,2.530177011084307
,,,,,96397.29282088704,29300.0,0.6451345770459013,74151.76370837458,9.051827917499328e-06,42.8790537152177,55.742769829783015,10.0,273.0,9.051827917499328e-07,66.46528529219859,2.530776918374559
,,,,,96453.03637283885,29310.0,0.6451436288738188,74194.64336372212,9.051827917499328e-06,42.87965534754265,55.74355195180545,10.0,273.0,9.051827917499328e-07,66.46528529219859,2.5313764368380114
,,,,,96508.78070691267,29320.0,0.6451526807017364,74237.52362070199,9.051827917499328e-06,42.88025697986761,55.74433407382789,10.0,273.0,9.051827917499328e-07,66.46528529219859,2.53197556687251
,,,,,96564.52582310852,29330.0,0.6451617325296539,74280.40447931418,9.051827917499328e-06,42.88085861219257,55.74511619585034,10.0,273.0,9.051827917499328e-07,66.46528529219859,2.5325743088753554
,,,,,96620.27172142638,29340.0,0.6451707843575715,74323.2859395587,9.051827917499328e-06,42.88146024451752,55.74589831787278,10.0,273.0,9.051827917499328e-07,66.46528529219859,2.5331726632433096
,,,,,96676.01840186628,29350.0,0.645179836185489,74366.16800143554,9.051827917499328e-06,42.88206187684248,55.74668043989522,10.0,273.0,9.051827917499328e-07,66.46528529219859,2.5337706303725906
,,,,,96731.7658644282,29360.0,0.6451888880134066,74409.0506649447,9.051827917499328e-06,42.882663509167436,55.74746256191767,10.0,273.0,9.051827917499328e-07,66.46528529219859,2.5343682106588794
,,,,,96787.51410911215,29370.0,0.6451979398413241,74451.9339300862,9.051827917499328e-06,42.88326514149239,55.74824468394011,10.0,273.0,9.051827917499328e-07,66.46528529219859,2.534965404497317
,,,,,96843.26313591811,29380.0,0.6452069916692417,74494.81779686002,9.051827917499328e-06,42.883866773817346,55.74902680596255,10.0,273.0,9.051827917499328e-07,66.46528529219859,2.535562212282506
,,,,,96899.0129448461,29390.0,0.6452160434971592,74537.70226526617,9.051827917499328e-06,42.884468406142304,55.74980892798499,10.0,273.0,9.051827917499328e-07,66.46528529219859,2.536158634408512
,,,,,96954.7635358961,29400.0,0.6452250953250768,74580.58733530463,9.051827917499328e-06,42.885070038467255,55.750591050007436,10.0,273.0,9.051827917499328e-07,66.46528529219859,2.536754671268865
,,,,,97010.51490906812,29410.0,0.6452341471529943,74623.47300697543,9.051827917499328e-06,42.88567167079221,55.75137317202988,10.0,273.0,9.051827917499328e-07,66.46528529219859,2.53735032325656
,,,,,97066.26706436217,29420.0,0.6452431989809119,74666.35928027854,9.051827917499328e-06,42.886273303117164,55.752155294052315,10.0,273.0,9.051827917499328e-07,66.46528529219859,2.5379455907640565
,,,,,97122.02000177825,29460.0,0.6452522508088294,74709.24615521399,9.051827917499328e-06,42.88687493544212,55.75293741607476,10.0,273.0,9.051827917499328e-07,66.46528529219859,2.535955402417311
,,,,,97177.77372131635,29470.0,0.645261302636747,74752.13363178175,9.051827917499328e-06,42.88747656776708,55.75371953809721,10.0,273.0,9.051827917499328e-07,66.46528529219859,2.5365501741357908
,,,,,97233.52822297647,29480.0,0.6452703544646645,74795.02170998184,9.051827917499328e-06,42.88807820009203,55.754501660119644,10.0,273.0,9.051827917499328e-07,66.46528529219859,2.537144562753794
,,,,,97289.28350675861,29490.0,0.6452794062925821,74837.91038981426,9.051827917499328e-06,42.88867983241699,55.75528378214209,10.0,273.0,9.051827917499328e-07,66.46528529219859,2.5377385686610467
,,,,,97345.03957266278,29500.0,0.6452884581204996,74880.799671279,9.051827917499328e-06,42.88928146474195,55.75606590416454,10.0,273.0,9.051827917499328e-07,66.46528529219859,2.538332192246746
,,,,,97400.79642068896,29510.0,0.6452975099484172,74923.68955437608,9.051827917499328e-06,42.8898830970669,55.75684802618697,10.0,273.0,9.051827917499328e-07,66.46528529219859,2.538925433899562
,,,,,97456.55405083716,29520.0,0.6453065617763347,74966.58003910547,9.051827917499328e-06,42.89048472939186,55.757630148209415,10.0,273.0,9.051827917499328e-07,66.46528529219859,2.5395182940076375
,,,,,97512.31246310739,29530.0,0.6453156136042523,75009.47112546719,9.051827917499328e-06,42.891086361716816,55.758412270231865,10.0,273.0,9.051827917499328e-07,66.46528529219859,2.540110772958591
,,,,,97568.07165749965,29540.0,0.6453246654321698,75052.36281346122,9.051827917499328e-06,42.89168799404177,55.7591943922543,10.0,273.0,9.051827917499328e-07,66.46528529219859,2.5407028711395134
,,,,,97623.83163401393,29550.0,0.6453337172600874,75095.25510308759,9.051827917499328e-06,42.892289626366725,55.759976514276744,10.0,273.0,9.051827917499328e-07,66.46528529219859,2.5412945889369745
,,,,,97679.59239265023,29560.0,0.6453427690880049,75138.14799434628,9.051827917499328e-06,42.892891258691684,55.760758636299194,10.0,273.0,9.051827917499328e-07,66.46528529219859,2.541885926737019
,,,,,97735.35393340855,29570.0,0.6453518209159225,75181.0414872373,9.051827917499328e-06,42.893492891016635,55.76154075832163,10.0,273.0,9.051827917499328e-07,66.46528529219859,2.5424768849251707
,,,,,97791.1162562889,29580.0,0.64536087274384,75223.93558176064,9.051827917499328e-06,42.89409452334159,55.76232288034407,10.0,273.0,9.051827917499328e-07,66.46528529219859,2.5430674638864312
,,,,,97846.87936129126,29590.0,0.6453699245717576,75266.8302779163,9.051827917499328e-06,42.89469615566655,55.763105002366515,10.0,273.0,9.051827917499328e-07,66.46528529219859,2.5436576640052824
,,,,,97902.64324841564,29600.0,0.6453789763996751,75309.7255757043,9.051827917499328e-06,42.8952977879915,55.76388712438896,10.0,273.0,9.051827917499328e-07,66.46528529219859,2.544247485665686
,,,,,97958.40791766206,29610.0,0.6453880282275927,75352.62147512462,9.051827917499328e-06,42.89589942031646,55.7646692464114,10.0,273.0,9.051827917499328e-07,66.46528529219859,2.5448369292510846
,,,,,98014.1733690305,29620.0,0.6453970800555102,75395.51797617726,9.051827917499328e-06,42.89650105264142,55.765451368433844,10.0,273.0,9.051827917499328e-07,66.46528529219859,2.5454259951444045
,,,,,98069.93960252096,29630.0,0.6454061318834278,75438.41507886222,9.051827917499328e-06,42.89710268496637,55.76623349045628,10.0,273.0,9.051827917499328e-07,66.46528529219859,2.5460146837280533
,,,,,98125.70661813344,29640.0,0.6454151837113453,75481.31278317951,9.051827917499328e-06,42.89770431729133,55.76701561247873,10.0,273.0,9.051827917499328e-07,66.46528529219859,2.546602995383924
,,,,,98181.47441586794,29650.0,0.6454242355392629,75524.21108912912,9.051827917499328e-06,42.89830594961629,55.76779773450117,10.0,273.0,9.051827917499328e-07,66.46528529219859,2.5471909304933935
,,,,,98237.24299572446,29660.0,0.6454332873671804,75567.10999671106,9.051827917499328e-06,42.89890758194124,55.76857985652361,10.0,273.0,9.051827917499328e-07,66.46528529219859,2.547778489437325
,,,,,98293.012357703,29670.0,0.645442339195098,75610.00950592534,9.051827917499328e-06,42.899509214266196,55.76936197854606,10.0,273.0,9.051827917499328e-07,66.46528529219859,2.548365672596068
,,,,,98348.78250180357,29680.0,0.6454513910230155,75652.90961677193,9.051827917499328e-06,42.900110846591154,55.7701441005685,10.0,273.0,9.051827917499328e-07,66.46528529219859,2.5489524803494583
,,,,,98404.55342802616,29690.0,0.6454604428509331,75695.81032925085,9.051827917499328e-06,42.900712478916105,55.77092622259094,10.0,273.0,9.051827917499328e-07,66.46528529219859,2.5495389130768222
,,,,,98460.32513637078,29700.0,0.6454694946788506,75738.71164336208,9.051827917499328e-06,42.901314111241064,55.77170834461339,10.0,273.0,9.051827917499328e-07,66.46528529219859,2.5501249711569725
,,,,,98516.09762683742,29710.0,0.6454785465067682,75781.61355910565,9.051827917499328e-06,42.90191574356602,55.77249046663583,10.0,273.0,9.051827917499328e-07,66.46528529219859,2.5507106549682144
,,,,,98571.87089942608,29720.0,0.6454875983346857,75824.51607648154,9.051827917499328e-06,42.90251737589097,55.773272588658266,10.0,273.0,9.051827917499328e-07,66.46528529219859,2.5512959648883426
,,,,,98627.64495413676,29730.0,0.6454966501626033,75867.41919548975,9.051827917499328e-06,42.90311900821593,55.774054710680716,10.0,273.0,9.051827917499328e-07,66.46528529219859,2.5518809012946435
,,,,,98683.41979096946,29740.0,0.6455057019905208,75910.32291613029,9.051827917499328e-06,42.90372064054089,55.77483683270316,10.0,273.0,9.051827917499328e-07,66.46528529219859,2.552465464563897
,,,,,98739.19540992418,29750.0,0.6455147538184384,75953.22723840315,9.051827917499328e-06,42.90432227286584,55.775618954725594,10.0,273.0,9.051827917499328e-07,66.46528529219859,2.5530496550723747
,,,,,98794.97181100093,29760.0,0.6455238056463559,75996.13216230835,9.051827917499328e-06,42.9049239051908,55.77640107674804,10.0,273.0,9.051827917499328e-07,66.46528529219859,2.553633473195845
,,,,,98850.7489941997,29770.0,0.6455328574742735,76039.03768784586,9.051827917499328e-06,42.90552553751576,55.77718319877049,10.0,273.0,9.051827917499328e-07,66.46528529219859,2.5542169193095687
,,,,,98906.5269595205,29780.0,0.645541909302191,76081.94381501571,9.051827917499328e-06,42.90612716984071,55.77796532079292,10.0,273.0,9.051827917499328e-07,66.46528529219859,2.5547999937883046
,,,,,98962.30570696332,29790.0,0.6455509611301086,76124.85054381787,9.051827917499328e-06,42.90672880216567,55.778747442815366,10.0,273.0,9.051827917499328e-07,66.46528529219859,2.5553826970063063
,,,,,99018.08523652816,29800.0,0.6455600129580261,76167.75787425236,9.051827917499328e-06,42.907330434490625,55.779529564837816,10.0,273.0,9.051827917499328e-07,66.46528529219859,2.5559650293373277
,,,,,99073.86554821502,29810.0,0.6455690647859437,76210.66580631917,9.051827917499328e-06,42.907932066815576,55.78031168686025,10.0,273.0,9.051827917499328e-07,66.46528529219859,2.5565469911546184
,,,,,99129.6466420239,29820.0,0.6455781166138612,76253.57434001831,9.051827917499328e-06,42.908533699140534,55.781093808882694,10.0,273.0,9.051827917499328e-07,66.46528529219859,2.5571285828309294
,,,,,99185.4285179548,29830.0,0.6455871684417788,76296.48347534979,9.051827917499328e-06,42.90913533146549,55.781875930905144,10.0,273.0,9.051827917499328e-07,66.46528529219859,2.557709804738511
,,,,,99241.21117600772,29840.0,0.6455962202696963,76339.39321231357,9.051827917499328e-06,42.909736963790444,55.78265805292758,10.0,273.0,9.051827917499328e-07,66.46528529219859,2.5582906572491146
,,,,,99296.99461618268,29850.0,0.6456052720976139,76382.3035509097,9.051827917499328e-06,42.9103385961154,55.78344017495002,10.0,273.0,9.051827917499328e-07,66.46528529219859,2.5588711407339932
,,,,,99352.77883847966,29860.0,0.6456143239255314,76425.21449113813,9.051827917499328e-06,42.91094022844036,55.78422229697247,10.0,273.0,9.051827917499328e-07,66.46528529219859,2.5594512555639026
,,,,,99408.56384289866,29870.0,0.645623375753449,76468.1260329989,9.051827917499328e-06,42.91154186076531,55.78500441899491,10.0,273.0,9.051827917499328e-07,66.46528529219859,2.560031002109103
,,,,,99464.34962943968,29880.0,0.6456324275813665,76511.03817649199,9.051827917499328e-06,42.91214349309027,55.78578654101735,10.0,273.0,9.051827917499328e-07,66.46528529219859,2.560610380739357
,,,,,99520.13619810271,29890.0,0.6456414794092841,76553.9509216174,9.051827917499328e-06,42.91274512541523,55.786568663039795,10.0,273.0,9.051827917499328e-07,66.46528529219859,2.561189391823935
,,,,,99575.92354888777,29900.0,0.6456505312372016,76596.86426837514,9.051827917499328e-06,42.91334675774018,55.78735078506224,10.0,273.0,9.051827917499328e-07,66.46528529219859,2.56176803573161
,,,,,99631.71168179486,29910.0,0.6456595830651192,76639.7782167652,9.051827917499328e-06,42.91394839006514,55.78813290708468,10.0,273.0,9.051827917499328e-07,66.46528529219859,2.5623463128306656
,,,,,99687.50059682396,29920.0,0.6456686348930367,76682.6927667876,9.051827917499328e-06,42.914550022390095,55.78891502910712,10.0,273.0,9.051827917499328e-07,66.46528529219859,2.5629242234888903
,,,,,99743.2902939751,29930.0,0.6456776867209543,76725.60791844231,9.051827917499328e-06,42.91515165471505,55.78969715112956,10.0,273.0,9.051827917499328e-07,66.46528529219859,2.563501768073582
,,,,,99799.08077324825,29940.0,0.6456867385488718,76768.52367172936,9.051827917499328e-06,42.915753287040005,55.79047927315201,10.0,273.0,9.051827917499328e-07,66.46528529219859,2.5640789469515486
,,,,,99854.87203464343,29950.0,0.6456957903767894,76811.44002664872,9.051827917499328e-06,42.91635491936496,55.79126139517445,10.0,273.0,9.051827917499328e-07,66.46528529219859,2.564655760489106
,,,,,99910.66407816063,29960.0,0.6457048422047069,76854.35698320041,9.051827917499328e-06,42.916956551689914,55.79204351719689,10.0,273.0,9.051827917499328e-07,66.46528529219859,2.565232209052083
,,,,,99966.45690379984,29970.0,0.6457138940326245,76897.27454138442,9.051827917499328e-06,42.91755818401487,55.79282563921934,10.0,273.0,9.051827917499328e-07,66.46528529219859,2.56580829300582
,,,,,100022.25051156108,29980.0,0.645722945860542,76940.19270120077,9.051827917499328e-06,42.91815981633983,55.79360776124178,10.0,273.0,9.051827917499328e-07,66.46528529219859,2.566384012715169
,,,,,100078.04490144434,29990.0,0.6457319976884596,76983.11146264942,9.051827917499328e-06,42.91876144866478,55.794389883264216,10.0,273.0,9.051827917499328e-07,66.46528529219859,2.5669593685444956
,,,,,100133.84007344962,30000.0,0.6457410495163771,77026.03082573041,9.051827917499328e-06,42.91936308098974,55.795172005286666,10.0,273.0,9.051827917499328e-07,66.46528529219859,2.5675343608576804
,,,,,100189.63602757694,30010.0,0.6457501013442947,77068.95079044373,9.051827917499328e-06,42.9199647133147,55.79595412730911,10.0,273.0,9.051827917499328e-07,66.46528529219859,2.5681089900181187
,,,,,100245.43276382628,30020.0,0.6457591531722122,77111.87135678937,9.051827917499328e-06,42.92056634563965,55.796736249331545,10.0,273.0,9.051827917499328e-07,66.46528529219859,2.56868325638872
,,,,,100301.23028219763,30030.0,0.6457682050001298,77154.79252476734,9.051827917499328e-06,42.92116797796461,55.797518371353995,10.0,273.0,9.051827917499328e-07,66.46528529219859,2.569257160331913
,,,,,100357.02858269101,30040.0,0.6457772568280473,77197.71429437763,9.051827917499328e-06,42.921769610289566,55.79830049337644,10.0,273.0,9.051827917499328e-07,66.46528529219859,2.569830702209641
,,,,,100483.64430609085,30050.0,0.6458410767798113,77295.1110046852,6.381995176398214e-05,97.39671030756503,126.61572339983455,10.0,87.0,6.381995176398213e-06,150.80600136675855,2.5722166723688917
,,,,,100610.27254125194,30060.0,0.6459048967315753,77392.51733942449,6.381995176398214e-05,97.40633473929798,126.62823516108737,10.0,87.0,6.381995176398213e-06,150.80600136675855,2.5746013752303556
,,,,,100736.91328817427,30070.0,0.6459687166833392,77489.93329859553,6.381995176398214e-05,97.41595917103092,126.6407469223402,10.0,87.0,6.381995176398213e-06,150.80600136675855,2.5769848120583814
,,,,,100863.56654685787,30080.0,0.6460325366351032,77587.35888219828,6.381995176398214e-05,97.42558360276387,126.65325868359302,10.0,87.0,6.381995176398213e-06,150.80600136675855,2.5793669841156346
,,,,,100990.23231730271,30090.0,0.6460963565868671,77684.79409023278,6.381995176398214e-05,97.43520803449681,126.66577044484586,10.0,87.0,6.381995176398213e-06,150.80600136675855,2.5817478926631034
,,,,,101116.9105995088,30100.0,0.6461601765386311,77782.238922699,6.381995176398214e-05,97.44483246622976,126.67828220609869,10.0,87.0,6.381995176398213e-06,150.80600136675855,2.5841275389600997
,,,,,101243.60139347616,30110.0,0.6462239964903951,77879.69337959697,6.381995176398214e-05,97.4544568979627,126.69079396735151,10.0,87.0,6.381995176398213e-06,150.80600136675855,2.586505924264263
,,,,,101370.30469920476,30120.0,0.646287816442159,77977.15746092667,6.381995176398214e-05,97.46408132969563,126.70330572860432,10.0,87.0,6.381995176398213e-06,150.80600136675855,2.5888830498315625
,,,,,101497.02051669461,30130.0,0.646351636393923,78074.6311666881,6.381995176398214e-05,97.47370576142858,126.71581748985716,10.0,87.0,6.381995176398213e-06,150.80600136675855,2.591258916916299
,,,,,101623.74884594572,30140.0,0.646415456345687,78172.11449688126,6.381995176398214e-05,97.48333019316152,126.72832925110998,10.0,87.0,6.381995176398213e-06,150.80600136675855,2.59363352677111
,,,,,101750.48968695808,30150.0,0.6464792762974509,78269.60745150615,6.381995176398214e-05,97.49295462489447,126.74084101236281,10.0,87.0,6.381995176398213e-06,150.80600136675855,2.59600688064697
,,,,,101877.2430397317,30160.0,0.6465430962492149,78367.11003056278,6.381995176398214e-05,97.50257905662741,126.75335277361565,10.0,87.0,6.381995176398213e-06,150.80600136675855,2.5983789797931953
,,,,,102004.00890426656,30170.0,0.6466069162009789,78464.62223405113,6.381995176398214e-05,97.51220348836036,126.76586453486847,10.0,87.0,6.381995176398213e-06,150.80600136675855,2.6007498254574455
,,,,,102033.17921677267,30180.0,0.646742357078003,78487.0609359789,0.00013544087702407513,22.43870192776813,29.17031250609857,10.0,272.0,1.3544087702407512e-05,34.69496265738138,2.600631575082137
,,,,,102062.35563812978,30190.0,0.6468777979550271,78509.50433702284,0.00013544087702407513,22.443401043938763,29.176421357120393,10.0,272.0,1.3544087702407512e-05,34.69496265738138,2.6005135586956887
,,,,,102091.53816833792,30200.0,0.6470132388320512,78531.95243718295,0.00013544087702407513,22.448100160109398,29.182530208142218,10.0,272.0,1.3544087702407512e-05,34.69496265738138,2.6003957760656604
,,,,,102120.72680739709,30210.0,0.6471486797090753,78554.40523645922,0.00013544087702407513,22.452799276280032,29.188639059164043,10.0,272.0,1.3544087702407512e-05,34.69496265738138,2.6002782269599214
,,,,,102149.92155530727,30220.0,0.6472841205860994,78576.86273485167,0.00013544087702407513,22.457498392450667,29.194747910185868,10.0,272.0,1.3544087702407512e-05,34.69496265738138,2.6001609111466473
,,,,,102179.12241206848,30230.0,0.6474195614631235,78599.3249323603,0.00013544087702407513,22.4621975086213,29.200856761207692,10.0,272.0,1.3544087702407512e-05,34.69496265738138,2.60004382839432
,,,,,102208.32937768071,30240.0,0.6475550023401476,78621.7918289851,0.00013544087702407513,22.466896624791936,29.206965612229517,10.0,272.0,1.3544087702407512e-05,34.69496265738138,2.5999269784717294
,,,,,102237.54245214396,30250.0,0.6476904432171717,78644.26342472606,0.00013544087702407513,22.47159574096257,29.213074463251342,10.0,272.0,1.3544087702407512e-05,34.69496265738138,2.599810361147969
,,,,,102266.76163545823,30260.0,0.6478258840941958,78666.73971958319,0.00013544087702407513,22.476294857133205,29.219183314273167,10.0,272.0,1.3544087702407512e-05,34.69496265738138,2.5996939761924382
,,,,,102295.98692762353,30270.0,0.6479613249712199,78689.2207135565,0.00013544087702407513,22.48099397330384,29.22529216529499,10.0,272.0,1.3544087702407512e-05,34.69496265738138,2.599577823374843
,,,,,102325.21832863984,30280.0,0.648096765848244,78711.70640664597,0.00013544087702407513,22.485693089474474,29.231401016316816,10.0,272.0,1.3544087702407512e-05,34.69496265738138,2.599461902465191
,,,,,102354.45583850717,30290.0,0.6482322067252682,78734.19679885161,0.00013544087702407513,22.490392205645108,29.23750986733864,10.0,272.0,1.3544087702407512e-05,34.69496265738138,2.599346213233794
,,,,,102383.69945722554,30300.0,0.6483676476022923,78756.69189017343,0.00013544087702407513,22.495091321815742,29.243618718360466,10.0,272.0,1.3544087702407512e-05,34.69496265738138,2.5992307554512686
,,,,,102412.94918479492,30310.0,0.6485030884793164,78779.19168061142,0.00013544087702407513,22.499790437986377,29.24972756938229,10.0,272.0,1.3544087702407512e-05,34.69496265738138,2.5991155288885324
,,,,,102442.20502121533,30320.0,0.6486385293563405,78801.69617016557,0.00013544087702407513,22.50448955415701,29.255836420404115,10.0,272.0,1.3544087702407512e-05,34.69496265738138,2.5990005333168065
,,,,,102471.46696648675,30330.0,0.6487739702333646,78824.2053588359,0.00013544087702407513,22.509188670327646,29.26194527142594,10.0,272.0,1.3544087702407512e-05,34.69496265738138,2.5988857685076128
,,,,,102500.73502060921,30340.0,0.6489094111103887,78846.7192466224,0.00013544087702407513,22.51388778649828,29.268054122447765,10.0,272.0,1.3544087702407512e-05,34.69496265738138,2.598771234232775
,,,,,102530.00918358268,30350.0,0.6490448519874128,78869.23783352507,0.00013544087702407513,22.518586902668915,29.27416297346959,10.0,272.0,1.3544087702407512e-05,34.69496265738138,2.5986569302644176
,,,,,102653.34024619503,30360.0,0.6490457839682907,78964.10788168843,9.319808779398052e-07,94.87004816335492,123.3310626123614,10.0,274.0,9.319808779398052e-08,146.1684992132848,2.6009258195549547
,,,,,102776.67148590152,30370.0,0.6490467159491686,79058.97806607802,9.319808779398052e-07,94.87018438960114,123.33123970648148,10.0,274.0,9.319808779398052e-08,146.1684992132848,2.6031932191662173
,,,,,102900.00290270212,30380.0,0.6490476479300465,79153.84838669388,9.319808779398052e-07,94.87032061584736,123.33141680060157,10.0,274.0,9.319808779398052e-08,146.1684992132848,2.605459130569252
,,,,,103023.33449659684,30390.0,0.6490485799109245,79248.71884353597,9.319808779398052e-07,94.87045684209357,123.33159389472165,10.0,274.0,9.319808779398052e-08,146.1684992132848,2.607723555233168
,,,,,103146.66626758568,30400.0,0.6490495118918024,79343.5894366043,9.319808779398052e-07,94.8705930683398,123.33177098884174,10.0,274.0,9.319808779398052e-08,146.1684992132848,2.609986494625142
,,,,,103269.99821566865,30410.0,0.6490504438726803,79438.4601658989,9.319808779398052e-07,94.87072929458603,123.33194808296184,10.0,274.0,9.319808779398052e-08,146.1684992132848,2.612247950210421
,,,,,103393.33034084573,30420.0,0.6490513758535582,79533.33103141973,9.319808779398052e-07,94.87086552083224,123.33212517708192,10.0,274.0,9.319808779398052e-08,146.1684992132848,2.614507923452325
,,,,,103516.66264311693,30430.0,0.6490523078344361,79628.2020331668,9.319808779398052e-07,94.87100174707847,123.33230227120201,10.0,274.0,9.319808779398052e-08,146.1684992132848,2.616766415812251
,,,,,103639.99512248224,30440.0,0.649053239815314,79723.07317114013,9.319808779398052e-07,94.87113797332468,123.33247936532209,10.0,274.0,9.319808779398052e-08,146.1684992132848,2.6190234287496756
,,,,,103763.32777894169,30450.0,0.649054171796192,79817.9444453397,9.319808779398052e-07,94.8712741995709,123.33265645944218,10.0,274.0,9.319808779398052e-08,146.1684992132848,2.621278963722158
,,,,,103886.66061249525,30460.0,0.6490551037770699,79912.81585576551,9.319808779398052e-07,94.87141042581713,123.33283355356228,10.0,274.0,9.319808779398052e-08,146.1684992132848,2.6235330221853417
,,,,,104009.99362314293,30470.0,0.6490560357579478,80007.68740241758,9.319808779398052e-07,94.87154665206334,123.33301064768236,10.0,274.0,9.319808779398052e-08,146.1684992132848,2.625785605592963
,,,,,104133.32681088474,30480.0,0.6490569677388257,80102.55908529588,9.319808779398052e-07,94.87168287830957,123.33318774180245,10.0,274.0,9.319808779398052e-08,146.1684992132848,2.6280367153968465
,,,,,104256.66017572067,30490.0,0.6490578997197036,80197.43090440045,9.319808779398052e-07,94.87181910455578,123.33336483592252,10.0,274.0,9.319808779398052e-08,146.1684992132848,2.630286353046915
,,,,,104379.99371765071,30500.0,0.6490588317005815,80292.30285973125,9.319808779398052e-07,94.87195533080201,123.33354193004261,10.0,274.0,9.319808779398052e-08,146.1684992132848,2.6325345199911885
,,,,,104503.32743667487,30510.0,0.6490597636814595,80387.1749512883,9.319808779398052e-07,94.87209155704822,123.33371902416269,10.0,274.0,9.319808779398052e-08,146.1684992132848,2.6347812176757883
,,,,,104626.66133279316,30520.0,0.6490606956623374,80482.0471790716,9.319808779398052e-07,94.87222778329445,123.33389611828278,10.0,274.0,9.319808779398052e-08,146.1684992132848,2.6370264475449408
,,,,,104749.99540600556,30530.0,0.6490616276432153,80576.91954308114,9.319808779398052e-07,94.87236400954068,123.33407321240288,10.0,274.0,9.319808779398052e-08,146.1684992132848,2.6392702110409805
,,,,,104873.32965631208,30540.0,0.6490625596240932,80671.79204331692,9.319808779398052e-07,94.87250023578689,123.33425030652296,10.0,274.0,9.319808779398052e-08,146.1684992132848,2.641512509604352
,,,,,104996.66408371272,30550.0,0.6490634916049711,80766.66467977896,9.319808779398052e-07,94.87263646203311,123.33442740064305,10.0,274.0,9.319808779398052e-08,146.1684992132848,2.6437533446736157
,,,,,105119.99868820749,30560.0,0.649064423585849,80861.53745246724,9.319808779398052e-07,94.87277268827933,123.33460449476313,10.0,274.0,9.319808779398052e-08,146.1684992132848,2.6459927176854463
,,,,,105243.33346979637,30570.0,0.649065355566727,80956.41036138176,9.319808779398052e-07,94.87290891452555,123.33478158888322,10.0,274.0,9.319808779398052e-08,146.1684992132848,2.6482306300746403
,,,,,105366.66842847937,30580.0,0.6490662875476049,81051.28340652253,9.319808779398052e-07,94.87304514077177,123.3349586830033,10.0,274.0,9.319808779398052e-08,146.1684992132848,2.650467083274118
,,,,,105490.00356425649,30590.0,0.6490672195284828,81146.15658788955,9.319808779398052e-07,94.87318136701799,123.3351357771234,10.0,274.0,9.319808779398052e-08,146.1684992132848,2.652702078714925
,,,,,105613.33887712774,30600.0,0.6490681515093607,81241.0299054828,9.319808779398052e-07,94.87331759326422,123.33531287124349,10.0,274.0,9.319808779398052e-08,146.1684992132848,2.6549356178262355
,,,,,105736.6743670931,30610.0,0.6490690834902386,81335.90335930232,9.319808779398052e-07,94.87345381951043,123.33548996536356,10.0,274.0,9.319808779398052e-08,146.1684992132848,2.6571677020353586
,,,,,105860.01003415258,30620.0,0.6490700154711165,81430.77694934807,9.319808779398052e-07,94.87359004575666,123.33566705948365,10.0,274.0,9.319808779398052e-08,146.1684992132848,2.659398332767736
,,,,,105983.34587830618,30630.0,0.6490709474519945,81525.65067562008,9.319808779398052e-07,94.87372627200287,123.33584415360373,10.0,274.0,9.319808779398052e-08,146.1684992132848,2.6616275114469503
,,,,,106106.6818995539,30640.0,0.6490718794328724,81620.52453811833,9.319808779398052e-07,94.8738624982491,123.33602124772383,10.0,274.0,9.319808779398052e-08,146.1684992132848,2.663855239494724
,,,,,106172.21712813561,30650.0,0.6490762887418774,81670.93625241195,4.409309005014445e-06,50.41171429361785,65.53522858170321,10.0,251.0,4.409309005014445e-07,77.66685544981512,2.6646308728356263
,,,,,106237.75280191163,30660.0,0.6490806980508824,81721.34830916273,4.409309005014445e-06,50.41205675078298,65.53567377601787,10.0,251.0,4.409309005014445e-07,77.66685544981512,2.665406011388217
,,,,,106303.28892088195,30670.0,0.6490851073598874,81771.76070837068,4.409309005014445e-06,50.412399207948106,65.53611897033254,10.0,251.0,4.409309005014445e-07,77.66685544981512,2.6661806556364747
,,,,,106368.8254850466,30680.0,0.6490895166688925,81822.1734500358,4.409309005014445e-06,50.41274166511323,65.5365641646472,10.0,251.0,4.409309005014445e-07,77.66685544981512,2.6669548060637482
,,,,,106434.36249440556,30690.0,0.6490939259778975,81872.58653415808,4.409309005014445e-06,50.413084122278356,65.53700935896187,10.0,251.0,4.409309005014445e-07,77.66685544981512,2.667728463152756
,,,,,106499.89994895885,30700.0,0.6490983352869025,81922.99996073752,4.409309005014445e-06,50.41342657944349,65.53745455327653,10.0,251.0,4.409309005014445e-07,77.66685544981512,2.668501627385587
,,,,,106565.43784870644,30710.0,0.6491027445959076,81973.41372977413,4.409309005014445e-06,50.41376903660861,65.5378997475912,10.0,251.0,4.409309005014445e-07,77.66685544981512,2.6692742992437033
,,,,,106630.97619364834,30720.0,0.6491071539049126,82023.82784126789,4.409309005014445e-06,50.41411149377374,65.53834494190586,10.0,251.0,4.409309005014445e-07,77.66685544981512,2.6700464792079392
,,,,,106696.51498378457,30730.0,0.6491115632139176,82074.24229521884,4.409309005014445e-06,50.414453950938864,65.53879013622053,10.0,251.0,4.409309005014445e-07,77.66685544981512,2.670818167758504
,,,,,106762.0542191151,30740.0,0.6491159725229226,82124.65709162694,4.409309005014445e-06,50.414796408103996,65.53923533053519,10.0,251.0,4.409309005014445e-07,77.66685544981512,2.671589365374982
,,,,,106827.59389963995,30750.0,0.6491203818319277,82175.07223049221,4.409309005014445e-06,50.41513886526912,65.53968052484986,10.0,251.0,4.409309005014445e-07,77.66685544981512,2.672360072536332
,,,,,106893.13402535912,30760.0,0.6491247911409327,82225.48771181464,4.409309005014445e-06,50.415481322434246,65.54012571916452,10.0,251.0,4.409309005014445e-07,77.66685544981512,2.673130289720892
,,,,,106958.6745962726,30770.0,0.6491292004499377,82275.90353559423,4.409309005014445e-06,50.41582377959937,65.54057091347919,10.0,251.0,4.409309005014445e-07,77.66685544981512,2.6739000174063774
,,,,,107024.21561238039,30780.0,0.6491336097589427,82326.319701831,4.409309005014445e-06,50.416166236764504,65.54101610779385,10.0,251.0,4.409309005014445e-07,77.66685544981512,2.6746692560698833
,,,,,107089.7570736825,30790.0,0.6491380190679478,82376.73621052493,4.409309005014445e-06,50.41650869392963,65.54146130210852,10.0,251.0,4.409309005014445e-07,77.66685544981512,2.6754380061878837
,,,,,107155.29898017892,30800.0,0.6491424283769528,82427.15306167603,4.409309005014445e-06,50.416851151094754,65.54190649642318,10.0,251.0,4.409309005014445e-07,77.66685544981512,2.6762062682362346
,,,,,107220.84133186965,30810.0,0.6491468376859578,82477.57025528428,4.409309005014445e-06,50.41719360825988,65.54235169073785,10.0,251.0,4.409309005014445e-07,77.66685544981512,2.676974042690175
,,,,,107286.38412875471,30820.0,0.6491512469949628,82527.9877913497,4.409309005014445e-06,50.41753606542501,65.54279688505251,10.0,251.0,4.409309005014445e-07,77.66685544981512,2.6777413300243254
,,,,,107351.92737083408,30830.0,0.6491556563039679,82578.4056698723,4.409309005014445e-06,50.41787852259014,65.54324207936718,10.0,251.0,4.409309005014445e-07,77.66685544981512,2.678508130712692
,,,,,107417.47105810775,30840.0,0.6491600656129729,82628.82389085206,4.409309005014445e-06,50.41822097975526,65.54368727368184,10.0,251.0,4.409309005014445e-07,77.66685544981512,2.679274445228666
,,,,,107483.01519057575,30850.0,0.6491644749219779,82679.24245428898,4.409309005014445e-06,50.41856343692039,65.5441324679965,10.0,251.0,4.409309005014445e-07,77.66685544981512,2.6800402740450235
,,,,,107548.55976823806,30860.0,0.649168884230983,82729.66136018306,4.409309005014445e-06,50.41890589408552,65.54457766231118,10.0,251.0,4.409309005014445e-07,77.66685544981512,2.680805617633929
,,,,,107656.05362659143,30870.0,0.6492730500262788,82812.3489435318,0.00010416579529580491,82.68758334874357,107.49385835336665,10.0,112.0,1.0416579529580491e-05,127.35409754863052,2.6826157740049177
,,,,,107763.5647306679,30880.0,0.6493772158215746,82895.0497928214,0.00010416579529580491,82.7008492895989,107.51110407647859,10.0,112.0,1.0416579529580491e-05,127.35409754863052,2.6844251875913665
,,,,,107871.09308046749,30890.0,0.6494813816168704,82977.76390805186,0.00010416579529580491,82.71411523045424,107.52834979959052,10.0,112.0,1.0416579529580491e-05,127.35409754863052,2.6862338591146604
,,,,,107978.6386759902,30900.0,0.6495855474121662,83060.49128922317,0.00010416579529580491,82.72738117130957,107.54559552270246,10.0,112.0,1.0416579529580491e-05,127.35409754863052,2.688041789295248
,,,,,108086.20151723601,30910.0,0.649689713207462,83143.23193633533,0.00010416579529580491,82.74064711216491,107.56284124581438,10.0,112.0,1.0416579529580491e-05,127.35409754863052,2.6898489788526474
,,,,,108193.78160420494,30920.0,0.6497938790027579,83225.98584938835,0.00010416579529580491,82.75391305302024,107.58008696892632,10.0,112.0,1.0416579529580491e-05,127.35409754863052,2.691655428505445
,,,,,108301.37893689697,30930.0,0.6498980447980537,83308.75302838223,0.00010416579529580491,82.76717899387558,107.59733269203825,10.0,112.0,1.0416579529580491e-05,127.35409754863052,2.6934611389712972
,,,,,108408.99351531212,30940.0,0.6500022105933495,83391.53347331696,0.00010416579529580491,82.78044493473091,107.61457841515019,10.0,112.0,1.0416579529580491e-05,127.35409754863052,2.6952661109669345
,,,,,108516.62533945039,30950.0,0.6501063763886453,83474.32718419255,0.00010416579529580491,82.79371087558624,107.63182413826212,10.0,112.0,1.0416579529580491e-05,127.35409754863052,2.69707034520816
,,,,,108624.27440931177,30960.0,0.6502105421839411,83557.13416100899,0.00010416579529580491,82.80697681644158,107.64906986137406,10.0,112.0,1.0416579529580491e-05,127.35409754863052,2.698873842409851
,,,,,108731.94072489625,30970.0,0.650314707979237,83639.95440376629,0.00010416579529580491,82.82024275729691,107.66631558448599,10.0,112.0,1.0416579529580491e-05,127.35409754863052,2.7006766032859635
,,,,,108839.62428620385,30980.0,0.6504188737745328,83722.78791246444,0.00010416579529580491,82.83350869815224,107.68356130759793,10.0,112.0,1.0416579529580491e-05,127.35409754863052,2.70247862854953
,,,,,108947.32509323455,30990.0,0.6505230395698286,83805.63468710345,0.00010416579529580491,82.84677463900758,107.70080703070985,10.0,112.0,1.0416579529580491e-05,127.35409754863052,2.704279918912664
,,,,,109055.04314598837,31000.0,0.6506272053651244,83888.49472768331,0.00010416579529580491,82.86004057986291,107.7180527538218,10.0,112.0,1.0416579529580491e-05,127.35409754863052,2.7060804750865586
,,,,,109162.77844446531,31010.0,0.6507313711604202,83971.36803420403,0.00010416579529580491,82.87330652071824,107.73529847693372,10.0,112.0,1.0416579529580491e-05,127.35409754863052,2.707880297781491
,,,,,109270.53098866536,31020.0,0.650835536955716,84054.2546066656,0.00010416579529580491,82.88657246157359,107.75254420004568,10.0,112.0,1.0416579529580491e-05,127.35409754863052,2.7096793877068217
,,,,,109290.42227769841,31030.0,0.6508536376802883,84069.55559822949,1.8100724572168472e-05,15.30099156388382,19.891289033048967,10.0,132.0,1.8100724572168474e-06,23.509112768299467,2.709299245834015
,,,,,109310.31411992303,31040.0,0.6508717384048605,84084.85701532535,1.8100724572168472e-05,15.301417095858975,19.891842224616667,10.0,132.0,1.8100724572168474e-06,23.509112768299467,2.7089193626071313
,,,,,109330.20651533922,31050.0,0.6508898391294327,84100.15885795318,1.8100724572168472e-05,15.301842627834132,19.89239541618437,10.0,132.0,1.8100724572168474e-06,23.509112768299467,2.70853973777627
,,,,,109350.09946394697,31060.0,0.6509079398540049,84115.46112611299,1.8100724572168472e-05,15.302268159809287,19.892948607752075,10.0,132.0,1.8100724572168474e-06,23.509112768299467,2.708160371091854
,,,,,109369.99296574629,31070.0,0.6509260405785771,84130.76381980478,1.8100724572168472e-05,15.302693691784443,19.893501799319775,10.0,132.0,1.8100724572168474e-06,23.509112768299467,2.7077812623046276
,,,,,109389.88702073718,31080.0,0.6509441413031493,84146.06693902853,1.8100724572168472e-05,15.303119223759598,19.89405499088748,10.0,132.0,1.8100724572168474e-06,23.509112768299467,2.707402411165654
,,,,,109409.78162891963,31090.0,0.6509622420277215,84161.37048378427,1.8100724572168472e-05,15.303544755734753,19.89460818245518,10.0,132.0,1.8100724572168474e-06,23.509112768299467,2.7070238174263195
,,,,,109429.67679029366,31100.0,0.6509803427522937,84176.67445407198,1.8100724572168472e-05,15.30397028770991,19.895161374022884,10.0,132.0,1.8100724572168474e-06,23.509112768299467,2.7066454808383273
,,,,,109575.25302714083,31110.0,0.6510158520037751,84288.65617472366,3.550925148143027e-05,111.98172065167059,145.57623684717177,10.0,35.0,3.5509251481430274e-06,172.01074337437367,2.709374997580317
,,,,,109720.83720435257,31120.0,0.6510513612552565,84400.64400334808,3.550925148143027e-05,111.98782862441458,145.58417721173896,10.0,35.0,3.5509251481430274e-06,172.01074337437367,2.7121029564057864
,,,,,109866.42932192888,31130.0,0.651086870506738,84512.63793994523,3.550925148143027e-05,111.99393659715857,145.59211757630615,10.0,35.0,3.5509251481430274e-06,172.01074337437367,2.714829358816101
,,,,,110012.02937986975,31140.0,0.6511223797582194,84624.63798451512,3.550925148143027e-05,112.00004456990256,145.60005794087334,10.0,35.0,3.5509251481430274e-06,172.01074337437367,2.7175542063106977
,,,,,110157.63737817519,31150.0,0.6511578890097008,84736.64413705777,3.550925148143027e-05,112.00615254264655,145.6079983054405,10.0,35.0,3.5509251481430274e-06,172.01074337437367,2.720277500387087
,,,,,110303.25331684519,31160.0,0.6511933982611823,84848.65639757316,3.550925148143027e-05,112.01226051539054,145.6159386700077,10.0,35.0,3.5509251481430274e-06,172.01074337437367,2.7229992425408587
,,,,,110448.87719587977,31170.0,0.6512289075126637,84960.67476606129,3.550925148143027e-05,112.01836848813453,145.62387903457488,10.0,35.0,3.5509251481430274e-06,172.01074337437367,2.7257194342656814
,,,,,110594.50901527892,31180.0,0.6512644167641451,85072.69924252217,3.550925148143027e-05,112.02447646087852,145.63181939914207,10.0,35.0,3.5509251481430274e-06,172.01074337437367,2.7284380770533088
,,,,,110830.92107101613,31190.0,0.6513824920130791,85254.55467001232,0.00011807524893396721,181.8554274901566,236.41205573720356,10.0,114.0,1.1807524893396721e-05,279.18378175645705,2.733393865662466
,,,,,111067.37598085622,31200.0,0.651500567262013,85436.44306219701,0.00011807524893396721,181.8883921846858,236.45490984009157,10.0,114.0,1.1807524893396721e-05,279.18378175645705,2.738347534044776
,,,,,111303.8737447992,31210.0,0.6516186425109469,85618.36441907623,0.00011807524893396721,181.921356879215,236.49776394297953,10.0,114.0,1.1807524893396721e-05,279.18378175645705,2.7432990842382643
,,,,,111540.41436284507,31220.0,0.6517367177598808,85800.31874064998,0.00011807524893396721,181.9543215737442,236.5406180458675,10.0,114.0,1.1807524893396721e-05,279.18378175645705,2.7482485182783467
,,,,,111776.99783499383,31230.0,0.6518547930088148,85982.30602691825,0.00011807524893396721,181.98728626827344,236.58347214875548,10.0,114.0,1.1807524893396721e-05,279.18378175645705,2.7531958381978305
,,,,,112013.62416124548,31240.0,0.6519728682577487,86164.32627788105,0.00011807524893396721,182.02025096280263,236.62632625164343,10.0,114.0,1.1807524893396721e-05,279.18378175645705,2.758141046026922
,,,,,112250.2933416,31250.0,0.6520909435066826,86346.37949353838,0.00011807524893396721,182.05321565733183,236.6691803545314,10.0,114.0,1.1807524893396721e-05,279.18378175645705,2.763084143793228
,,,,,112487.00537605742,31260.0,0.6522090187556165,86528.46567389024,0.00011807524893396721,182.08618035186106,236.71203445741938,10.0,114.0,1.1807524893396721e-05,279.18378175645705,2.768025133521761
,,,,,112723.72409489183,31270.0,0.6522274361164603,86710.55699607055,1.8417360843734738e-05,182.09132218031138,236.7187188344048,10.0,104.0,1.8417360843734737e-06,279.18378175645705,2.772963127472675
,,,,,112960.44949810322,31280.0,0.652245853477304,86892.65346007931,1.8417360843734738e-05,182.0964640087617,236.72540321139022,10.0,104.0,1.8417360843734737e-06,279.18378175645705,2.7778981285191593
,,,,,113197.1815856916,31290.0,0.6522642708381478,87074.75506591653,1.8417360843734738e-05,182.10160583721205,236.73208758837566,10.0,104.0,1.8417360843734737e-06,279.18378175645705,2.7828301395307298
,,,,,113433.92035765696,31300.0,0.6522826881989915,87256.86181358219,1.8417360843734738e-05,182.10674766566237,236.73877196536108,10.0,104.0,1.8417360843734737e-06,279.18378175645705,2.787759163373233
,,,,,113670.66581399931,31310.0,0.6523011055598352,87438.9737030763,1.8417360843734738e-05,182.1118894941127,236.7454563423465,10.0,104.0,1.8417360843734737e-06,279.18378175645705,2.792685202908857
,,,,,113907.41795471864,31320.0,0.652319522920679,87621.09073439887,1.8417360843734738e-05,182.117031322563,236.75214071933192,10.0,104.0,1.8417360843734737e-06,279.18378175645705,2.7976082609961326
,,,,,114132.33039645586,31330.0,0.6525867571760797,87794.10030496595,0.0002672342554007887,173.00957056708884,224.91244173721552,10.0,159.0,2.672342554007887e-05,265.11351734403604,2.8022374818054883
,,,,,114357.3349398305,31340.0,0.6528539914314805,87967.18072294645,0.0002672342554007887,173.08041798049297,225.00454337464086,10.0,159.0,2.672342554007887e-05,265.11351734403604,2.8068660090282846
,,,,,114582.43158484256,31350.0,0.6531212256868812,88140.33198834035,0.0002672342554007887,173.15126539389706,225.09664501206618,10.0,159.0,2.672342554007887e-05,265.11351734403604,2.8114938433282406
,,,,,114807.62033149206,31360.0,0.653388459942282,88313.55410114765,0.0002672342554007887,173.2221128073012,225.18874664949155,10.0,159.0,2.672342554007887e-05,265.11351734403604,2.8161209853682285
,,,,,115032.90117977897,31370.0,0.6536556941976828,88486.84706136835,0.0002672342554007887,173.29296022070528,225.28084828691686,10.0,159.0,2.672342554007887e-05,265.11351734403604,2.8207474358102758
,,,,,115258.27412970332,31380.0,0.6539229284530835,88660.21086900246,0.0002672342554007887,173.3638076341094,225.37294992434224,10.0,159.0,2.672342554007887e-05,265.11351734403604,2.825373195315566
,,,,,115483.73918126509,31390.0,0.6541901627084843,88833.64552404998,0.0002672342554007887,173.4346550475135,225.46505156176755,10.0,159.0,2.672342554007887e-05,265.11351734403604,2.8299982645444404
,,,,,115709.29633446428,31400.0,0.654457396963885,89007.1510265109,0.0002672342554007887,173.50550246091763,225.55715319919292,10.0,159.0,2.672342554007887e-05,265.11351734403604,2.834622644156398
,,,,,115934.9455893009,31410.0,0.6547246312192858,89180.72737638521,0.0002672342554007887,173.57634987432172,225.64925483661824,10.0,159.0,2.672342554007887e-05,265.11351734403604,2.839246334810099
,,,,,116160.68694577494,31420.0,0.6549918654746866,89354.37457367293,0.0002672342554007887,173.64719728772585,225.7413564740436,10.0,159.0,2.672342554007887e-05,265.11351734403604,2.843869337163365
,,,,,116386.52040388642,31430.0,0.6552590997300873,89528.09261837407,0.0002672342554007887,173.71804470112994,225.83345811146893,10.0,159.0,2.672342554007887e-05,265.11351734403604,2.8484916518731804
,,,,,116612.44596363531,31440.0,0.6555263339854881,89701.8815104886,0.0002672342554007887,173.78889211453406,225.9255597488943,10.0,159.0,2.672342554007887e-05,265.11351734403604,2.8531132795956933
,,,,,116838.46362502163,31450.0,0.6557935682408889,89875.74125001654,0.0002672342554007887,173.85973952793816,226.01766138631962,10.0,159.0,2.672342554007887e-05,265.11351734403604,2.8577342209862175
,,,,,117076.48397285127,31460.0,0.6558137944176561,90058.8338252701,2.0226176767195363e-05,183.09257525357287,238.02034782964475,10.0,113.0,2.0226176767195364e-06,279.18378175645705,2.8626457032825843
,,,,,117314.5116615476,31470.0,0.6558340205944233,90241.9320473442,2.0226176767195363e-05,183.09822207409323,238.0276886963212,10.0,113.0,2.0226176767195364e-06,279.18378175645705,2.8675542436397903
,,,,,117552.54669111059,31480.0,0.6558542467711905,90425.03591623882,2.0226176767195363e-05,183.10386889461358,238.03502956299766,10.0,113.0,2.0226176767195364e-06,279.18378175645705,2.8724598448614618
,,,,,117790.58906154026,31490.0,0.6558744729479578,90608.14543195395,2.0226176767195363e-05,183.10951571513394,238.04237042967412,10.0,113.0,2.0226176767195364e-06,279.18378175645705,2.8773625097476643
,,,,,118028.63877283661,31500.0,0.655894699124725,90791.2605944896,2.0226176767195363e-05,183.1151625356543,238.04971129635058,10.0,113.0,2.0226176767195364e-06,279.18378175645705,2.882262241094908
,,,,,118266.69582499964,31510.0,0.6559149253014922,90974.38140384578,2.0226176767195363e-05,183.12080935617462,238.057052163027,10.0,113.0,2.0226176767195364e-06,279.18378175645705,2.887159041696153
,,,,,118312.99062856441,31520.0,0.6560327995859475,91009.9927912033,0.00011787428445532849,35.61138735751644,46.29480356477138,10.0,86.0,1.1787428445532849e-05,54.28293734702355,2.8873728677412216
,,,,,118359.2937502603,31530.0,0.6561506738704028,91045.61057712321,0.00011787428445532849,35.617785919914354,46.30312169588866,10.0,86.0,1.1787428445532849e-05,54.28293734702355,2.887586761088589
,,,,,118405.60519008731,31540.0,0.6562685481548581,91081.23476160552,0.00011787428445532849,35.62418448231227,46.311439827005955,10.0,86.0,1.1787428445532849e-05,54.28293734702355,2.88780072167424
,,,,,118451.92494804543,31550.0,0.6563864224393134,91116.86534465023,0.00011787428445532849,35.630583044710185,46.31975795812324,10.0,86.0,1.1787428445532849e-05,54.28293734702355,2.8880147494342387
,,,,,118498.25302413467,31560.0,0.6565042967237688,91152.50232625734,0.00011787428445532849,35.6369816071081,46.328076089240525,10.0,86.0,1.1787428445532849e-05,54.28293734702355,2.8882288443047317
,,,,,118544.58941835503,31570.0,0.6566221710082241,91188.14570642685,0.00011787428445532849,35.64338016950601,46.33639422035782,10.0,86.0,1.1787428445532849e-05,54.28293734702355,2.888443006221946
,,,,,118590.9341307065,31580.0,0.6567400452926794,91223.79548515876,0.00011787428445532849,35.64977873190392,46.3447123514751,10.0,86.0,1.1787428445532849e-05,54.28293734702355,2.88865723512219
,,,,,118637.2871611891,31590.0,0.6568579195771347,91259.45166245305,0.00011787428445532849,35.656177294301834,46.35303048259239,10.0,86.0,1.1787428445532849e-05,54.28293734702355,2.8888715309418505
,,,,,118716.67465913437,31600.0,0.6568730324457206,91320.5189685648,1.511286858591028e-05,61.06730611174584,79.3874979452696,10.0,105.0,1.511286858591028e-06,92.96668168028654,2.889889840777367
,,,,,118796.06398357086,31610.0,0.6568881453143065,91381.58767966978,1.511286858591028e-05,61.06871110498894,79.38932443648562,10.0,105.0,1.511286858591028e-06,92.96668168028654,2.8909075507646245
,,,,,118875.45513449855,31620.0,0.6569032581828924,91442.65779576801,1.511286858591028e-05,61.07011609823204,79.39115092770166,10.0,105.0,1.511286858591028e-06,92.96668168028654,2.891924661472739
,,,,,118954.84811191747,31630.0,0.6569183710514783,91503.72931685949,1.511286858591028e-05,61.07152109147515,79.3929774189177,10.0,105.0,1.511286858591028e-06,92.96668168028654,2.892941173470107
,,,,,119034.2429158276,31640.0,0.6569334839200642,91564.8022429442,1.511286858591028e-05,61.07292608471825,79.39480391013372,10.0,105.0,1.511286858591028e-06,92.96668168028654,2.893957087324406
,,,,,119113.63954622895,31650.0,0.6569485967886501,91625.87657402217,1.511286858591028e-05,61.074331077961354,79.39663040134977,10.0,105.0,1.511286858591028e-06,92.96668168028654,2.8949724036025963
,,,,,119193.03800312152,31660.0,0.656963709657236,91686.95231009337,1.511286858591028e-05,61.07573607120445,79.39845689256579,10.0,105.0,1.511286858591028e-06,92.96668168028654,2.8959871228709213
,,,,,119272.4382865053,31670.0,0.656978822525822,91748.02945115782,1.511286858591028e-05,61.07714106444755,79.40028338378183,10.0,105.0,1.511286858591028e-06,92.96668168028654,2.8970012456949106
,,,,,119351.8403963803,31680.0,0.6569939353944079,91809.10799721551,1.511286858591028e-05,61.07854605769066,79.40210987499786,10.0,105.0,1.511286858591028e-06,92.96668168028654,2.8980147726393786
,,,,,119590.29698005643,31690.0,0.6570157483192915,91992.53613850485,2.1812924883670593e-05,183.4281412893284,238.45658367612694,10.0,116.0,2.1812924883670592e-06,279.18378175645705,2.9028884865416487
,,,,,119828.76148049187,31700.0,0.6570375612441752,92175.97036960903,2.1812924883670593e-05,183.4342311041886,238.4645004354452,10.0,116.0,2.1812924883670592e-06,279.18378175645705,2.907759317653282
,,,,,120067.23389768663,31710.0,0.6570593741690589,92359.41069052808,2.1812924883670593e-05,183.4403209190488,238.47241719476344,10.0,116.0,2.1812924883670592e-06,279.18378175645705,2.912627268701611
,,,,,120305.71423164071,31720.0,0.6570811870939426,92542.857101262,2.1812924883670593e-05,183.446410733909,238.48033395408171,10.0,116.0,2.1812924883670592e-06,279.18378175645705,2.9174923424105295
,,,,,120544.20248235411,31730.0,0.6571030000188263,92726.30960181076,2.1812924883670593e-05,183.4525005487692,238.48825071339996,10.0,116.0,2.1812924883670592e-06,279.18378175645705,2.922354541500497
,,,,,120782.69864982684,31740.0,0.65712481294371,92909.7681921744,2.1812924883670593e-05,183.45859036362938,238.4961674727182,10.0,116.0,2.1812924883670592e-06,279.18378175645705,2.9272138686885443
,,,,,121021.20273405887,31750.0,0.6571466258685936,93093.23287235288,2.1812924883670593e-05,183.46468017848957,238.50408423203646,10.0,116.0,2.1812924883670592e-06,279.18378175645705,2.9320703266882795
,,,,,121259.71473505022,31760.0,0.6571684387934773,93276.70364234623,2.1812924883670593e-05,183.47076999334976,238.5120009913547,10.0,116.0,2.1812924883670592e-06,279.18378175645705,2.9369239182098936
,,,,,121498.2346528009,31770.0,0.657190251718361,93460.18050215444,2.1812924883670593e-05,183.47685980820998,238.519917750673,10.0,116.0,2.1812924883670592e-06,279.18378175645705,2.941774645960165
,,,,,121736.76248731089,31780.0,0.6572120646432447,93643.66345177751,2.1812924883670593e-05,183.48294962307017,238.52783450999124,10.0,116.0,2.1812924883670592e-06,279.18378175645705,2.946622512642464
,,,,,121975.2982385802,31790.0,0.6572338775681283,93827.15249121544,2.1812924883670593e-05,183.48903943793036,238.5357512693095,10.0,116.0,2.1812924883670592e-06,279.18378175645705,2.9514675209567613
,,,,,122213.84190660882,31800.0,0.657255690493012,94010.64762046823,2.1812924883670593e-05,183.49512925279055,238.5436680286277,10.0,116.0,2.1812924883670592e-06,279.18378175645705,2.95630967359963
,,,,,122452.39349139677,31810.0,0.6572775034178957,94194.14883953588,2.1812924883670593e-05,183.50121906765074,238.55158478794596,10.0,116.0,2.1812924883670592e-06,279.18378175645705,2.9611489732642524
,,,,,122530.73710440914,31820.0,0.6574611585188999,94254.4131572377,0.0001836551010041423,60.26431770182189,78.34361301236845,10.0,222.0,1.836551010041423e-05,91.66217185754782,2.962112292810738
,,,,,122609.10260191456,31830.0,0.657644813619904,94314.69430916494,0.0001836551010041423,60.281151927252644,78.36549750542844,10.0,222.0,1.836551010041423e-05,91.66217185754782,2.963075535946118
,,,,,122687.48998391305,31840.0,0.6578284687209082,94374.99229531763,0.0001836551010041423,60.29798615268341,78.38738199848844,10.0,222.0,1.836551010041423e-05,91.66217185754782,2.964038702742388
,,,,,122765.8992504046,31850.0,0.6580121238219123,94435.30711569574,0.0001836551010041423,60.31482037811416,78.40926649154841,10.0,222.0,1.836551010041423e-05,91.66217185754782,2.965001793271452
,,,,,122844.33040138922,31860.0,0.6581957789229165,94495.6387702993,0.0001836551010041423,60.33165460354492,78.4311509846084,10.0,222.0,1.836551010041423e-05,91.66217185754782,2.9659648076051255
,,,,,122922.78343686688,31870.0,0.6583794340239206,94555.98725912828,0.0001836551010041423,60.348488828975675,78.45303547766838,10.0,222.0,1.836551010041423e-05,91.66217185754782,2.9669277458151324
,,,,,123001.25835683761,31880.0,0.6585630891249248,94616.35258218268,0.0001836551010041423,60.36532305440644,78.47491997072838,10.0,222.0,1.836551010041423e-05,91.66217185754782,2.967890607973108
,,,,,123072.38197886196,31890.0,0.6587906088623215,94671.06306066294,0.00022751973739673832,54.71047848026579,71.12362202434554,10.0,280.0,2.2751973739673833e-05,83.04684029231441,2.968675542824175
,,,,,123143.53016412018,31900.0,0.6590181285997183,94725.7924339385,0.00022751973739673832,54.729373275560725,71.14818525822895,10.0,280.0,2.2751973739673833e-05,83.04684029231441,2.969460577866411
,,,,,123214.7029126123,31910.0,0.6592456483371151,94780.54070200936,0.00022751973739673832,54.748268070855666,71.17274849211236,10.0,280.0,2.2751973739673833e-05,83.04684029231441,2.9702457130056206
,,,,,123285.90022433829,31920.0,0.6594731680745118,94835.3078648755,0.00022751973739673832,54.767162866150606,71.19731172599579,10.0,280.0,2.2751973739673833e-05,83.04684029231441,2.9710309481477286
,,,,,123357.12209929817,31930.0,0.6597006878119086,94890.09392253695,0.00022751973739673832,54.78605766144555,71.22187495987922,10.0,280.0,2.2751973739673833e-05,83.04684029231441,2.971816283198777
,,,,,123428.36853749193,31940.0,0.6599282075493054,94944.8988749937,0.00022751973739673832,54.80495245674048,71.24643819376263,10.0,280.0,2.2751973739673833e-05,83.04684029231441,2.972601718064925
,,,,,123527.00526410909,31950.0,0.6599294761276399,95020.77328008383,1.2685783344515215e-06,75.8744050901232,98.63672661716016,10.0,242.0,1.2685783344515214e-07,114.97350525292796,2.9740461120527018
,,,,,123625.64218033501,31960.0,0.6599307447059743,95096.64783102684,1.2685783344515215e-06,75.874550943021,98.63691622592731,10.0,242.0,1.2685783344515214e-07,114.97350525292796,2.975489606727999
,,,,,123724.27928616971,31970.0,0.6599320132843088,95172.52252782276,1.2685783344515215e-06,75.87469679591881,98.63710583469445,10.0,242.0,1.2685783344515214e-07,114.97350525292796,2.9769322029347127
,,,,,123822.91658161317,31980.0,0.6599332818626433,95248.39737047158,1.2685783344515215e-06,75.87484264881661,98.6372954434616,10.0,242.0,1.2685783344515214e-07,114.97350525292796,2.978373901515684
,,,,,123921.5540666654,31990.0,0.6599345504409778,95324.27235897329,1.2685783344515215e-06,75.87498850171441,98.63748505222874,10.0,242.0,1.2685783344515214e-07,114.97350525292796,2.9798147033127007
,,,,,124020.19174132639,32000.0,0.6599358190193123,95400.14749332791,1.2685783344515215e-06,75.87513435461223,98.6376746609959,10.0,242.0,1.2685783344515214e-07,114.97350525292796,2.981254609166497
,,,,,124118.82960559615,32010.0,0.6599370875976468,95476.02277353541,1.2685783344515215e-06,75.87528020751003,98.63786426976304,10.0,242.0,1.2685783344515214e-07,114.97350525292796,2.9826936199167577
,,,,,124217.46765947469,32020.0,0.6599383561759813,95551.89819959582,1.2685783344515215e-06,75.87542606040783,98.63805387853019,10.0,242.0,1.2685783344515214e-07,114.97350525292796,2.984131736402118
,,,,,124316.10590296198,32030.0,0.6599396247543158,95627.77377150912,1.2685783344515215e-06,75.87557191330563,98.63824348729733,10.0,242.0,1.2685783344515214e-07,114.97350525292796,2.985568959460166
,,,,,124414.74433605804,32040.0,0.6599408933326503,95703.64948927533,1.2685783344515215e-06,75.87571776620344,98.63843309606447,10.0,242.0,1.2685783344515214e-07,114.97350525292796,2.9870052899274446
,,,,,124513.38295876287,32050.0,0.6599421619109848,95779.52535289443,1.2685783344515215e-06,75.87586361910124,98.63862270483162,10.0,242.0,1.2685783344515214e-07,114.97350525292796,2.9884407286394516
,,,,,124612.02177107647,32060.0,0.6599434304893192,95855.40136236644,1.2685783344515215e-06,75.87600947199904,98.63881231359876,10.0,242.0,1.2685783344515214e-07,114.97350525292796,2.9898752764306438
,,,,,124722.19854172647,32070.0,0.6601772953442685,95940.15272440489,0.00023386485494928885,84.75136203845578,110.17677064999252,10.0,256.0,2.3386485494928886e-05,128.3766688678073,2.9915856789649173
,,,,,124832.41434200482,32080.0,0.6604111601992178,96024.9341092344,0.00023386485494928885,84.78138482949942,110.21580027834925,10.0,256.0,2.3386485494928886e-05,128.3766688678073,2.993295951035985
,,,,,124942.66917191153,32090.0,0.660645025054167,96109.74551685493,0.00023386485494928885,84.81140762054305,110.25482990670596,10.0,256.0,2.3386485494928886e-05,128.3766688678073,2.995006092765813
,,,,,125052.96303144659,32100.0,0.6608788899091163,96194.58694726652,0.00023386485494928885,84.84143041158669,110.2938595350627,10.0,256.0,2.3386485494928886e-05,128.3766688678073,2.996716104276216
,,,,,125163.29592061,32110.0,0.6611127547640655,96279.45840046916,0.00023386485494928885,84.87145320263033,110.33288916341944,10.0,256.0,2.3386485494928886e-05,128.3766688678073,2.9984259856888555
,,,,,125273.66783940178,32120.0,0.6613466196190148,96364.35987646283,0.00023386485494928885,84.90147599367397,110.37191879177617,10.0,256.0,2.3386485494928886e-05,128.3766688678073,3.0001357371252437
,,,,,125384.07878782191,32130.0,0.661580484473964,96449.29137524754,0.00023386485494928885,84.9314987847176,110.41094842013288,10.0,256.0,2.3386485494928886e-05,128.3766688678073,3.0018453587067397
,,,,,125494.5287658704,32140.0,0.6618143493289133,96534.25289682331,0.00023386485494928885,84.96152157576124,110.44997804848961,10.0,256.0,2.3386485494928886e-05,128.3766688678073,3.0035548505545524
,,,,,125605.01777354725,32150.0,0.6620482141838625,96619.24444119011,0.00023386485494928885,84.99154436680487,110.48900767684634,10.0,256.0,2.3386485494928886e-05,128.3766688678073,3.005264212789739
,,,,,125715.54581085246,32160.0,0.6622820790388118,96704.26600834796,0.00023386485494928885,85.02156715784852,110.52803730520309,10.0,256.0,2.3386485494928886e-05,128.3766688678073,3.0069734455332076
,,,,,125826.11287778603,32170.0,0.662515943893761,96789.31759829685,0.00023386485494928885,85.05158994889216,110.56706693355981,10.0,256.0,2.3386485494928886e-05,128.3766688678073,3.008682548905715
,,,,,125936.71897434794,32180.0,0.6627498087487103,96874.39921103678,0.00023386485494928885,85.08161273993579,110.60609656191653,10.0,256.0,2.3386485494928886e-05,128.3766688678073,3.010391523027868
,,,,,126047.36410053821,32190.0,0.6629836736036595,96959.51084656776,0.00023386485494928885,85.11163553097943,110.64512619027326,10.0,256.0,2.3386485494928886e-05,128.3766688678073,3.012100368020123
,,,,,126158.04825635684,32200.0,0.6632175384586088,97044.65250488979,0.00023386485494928885,85.14165832202306,110.68415581862999,10.0,256.0,2.3386485494928886e-05,128.3766688678073,3.0138090840027885
,,,,,126268.77144180382,32210.0,0.663451403313558,97129.82418600285,0.00023386485494928885,85.17168111306671,110.72318544698673,10.0,256.0,2.3386485494928886e-05,128.3766688678073,3.0155176710960214
,,,,,126379.53365687917,32220.0,0.6636852681685073,97215.02588990696,0.00023386485494928885,85.20170390411035,110.76221507534345,10.0,256.0,2.3386485494928886e-05,128.3766688678073,3.0172261294198313
,,,,,126490.33490158287,32230.0,0.6639191330234565,97300.25761660212,0.00023386485494928885,85.23172669515398,110.80124470370018,10.0,256.0,2.3386485494928886e-05,128.3766688678073,3.0189344590940776
,,,,,126601.17517591493,32240.0,0.6641529978784058,97385.51936608831,0.00023386485494928885,85.26174948619762,110.84027433205691,10.0,256.0,2.3386485494928886e-05,128.3766688678073,3.020642660238471
,,,,,126679.34013031505,32250.0,0.6642475924829295,97445.6462540884,9.459460452373392e-05,60.126888000084456,78.16495440010979,10.0,95.0,9.459460452373392e-06,90.51878950036188,3.021570426483361
,,,,,126757.51621608099,32260.0,0.6643421870874533,97505.78170467757,9.459460452373392e-05,60.135450589179214,78.17608576593298,10.0,95.0,9.459460452373392e-06,90.51878950036188,3.0224978829720266
,,,,,126835.70343321274,32270.0,0.6644367816919771,97565.92571785585,9.459460452373392e-05,60.14401317827397,78.18721713175617,10.0,95.0,9.459460452373392e-06,90.51878950036188,3.023425029992434
,,,,,126913.90178171032,32280.0,0.6645313762965008,97626.07829362321,9.459460452373392e-05,60.152575767368724,78.19834849757935,10.0,95.0,9.459460452373392e-06,90.51878950036188,3.024351867832194
,,,,,126992.11126157372,32290.0,0.6646259709010246,97686.23943197967,9.459460452373392e-05,60.16113835646348,78.20947986340254,10.0,95.0,9.459460452373392e-06,90.51878950036188,3.025278396778559
,,,,,127070.33187280294,32300.0,0.6647205655055484,97746.40913292523,9.459460452373392e-05,60.16970094555824,78.22061122922571,10.0,95.0,9.459460452373392e-06,90.51878950036188,3.0262046171184283
,,,,,127148.56361539799,32310.0,0.6648151601100721,97806.58739645987,9.459460452373392e-05,60.178263534653,78.2317425950489,10.0,95.0,9.459460452373392e-06,90.51878950036188,3.0271305291383435
,,,,,127226.80648935886,32320.0,0.6649097547145959,97866.77422258363,9.459460452373392e-05,60.18682612374776,78.24287396087209,10.0,95.0,9.459460452373392e-06,90.51878950036188,3.0280561331244935
,,,,,127305.06049468556,32330.0,0.6650043493191197,97926.96961129647,9.459460452373392e-05,60.19538871284251,78.25400532669526,10.0,95.0,9.459460452373392e-06,90.51878950036188,3.028981429362712
,,,,,127383.32563137807,32340.0,0.6650989439236434,97987.17356259841,9.459460452373392e-05,60.203951301937266,78.26513669251845,10.0,95.0,9.459460452373392e-06,90.51878950036188,3.029906418138479
,,,,,127461.60189943641,32350.0,0.6651935385281672,98047.38607648945,9.459460452373392e-05,60.212513891032025,78.27626805834163,10.0,95.0,9.459460452373392e-06,90.51878950036188,3.0308310997369228
,,,,,127539.88929886058,32360.0,0.665288133132691,98107.60715296958,9.459460452373392e-05,60.22107648012678,78.28739942416482,10.0,95.0,9.459460452373392e-06,90.51878950036188,3.0317554744428175
,,,,,127618.18782965057,32370.0,0.6653827277372147,98167.8367920388,9.459460452373392e-05,60.22963906922154,78.298530789988,10.0,95.0,9.459460452373392e-06,90.51878950036188,3.032679542540587
,,,,,127696.49749180638,32380.0,0.6654773223417385,98228.07499369711,9.459460452373392e-05,60.23820165831629,78.30966215581118,10.0,95.0,9.459460452373392e-06,90.51878950036188,3.0336033043143025
,,,,,127774.81828532802,32390.0,0.6655719169462623,98288.32175794452,9.459460452373392e-05,60.24676424741105,78.32079352163437,10.0,95.0,9.459460452373392e-06,90.51878950036188,3.034526760047685
,,,,,127853.15021021548,32400.0,0.665666511550786,98348.57708478102,9.459460452373392e-05,60.25532683650581,78.33192488745756,10.0,95.0,9.459460452373392e-06,90.51878950036188,3.0354499100241057
,,,,,127931.49326646875,32410.0,0.6657611061553098,98408.84097420661,9.459460452373392e-05,60.26388942560057,78.34305625328074,10.0,95.0,9.459460452373392e-06,90.51878950036188,3.036372754526585
,,,,,128013.45813259453,32420.0,0.6657815652210378,98471.89087122644,2.0459065728051974e-05,63.049897019829,81.9648661257777,10.0,265.0,2.0459065728051974e-06,94.70057495343325,3.037380964565899
,,,,,128095.42551745118,32430.0,0.6658020242867658,98534.94270573155,2.0459065728051974e-05,63.05183450511645,81.96738485665139,10.0,265.0,2.0459065728051974e-06,94.70057495343325,3.038388612572666
,,,,,128177.3954210387,32440.0,0.6658224833524938,98597.99647772196,2.0459065728051974e-05,63.0537719904039,81.96990358752508,10.0,265.0,2.0459065728051974e-06,94.70057495343325,3.039395699066645
,,,,,128259.3678433571,32450.0,0.6658429424182218,98661.05218719765,2.0459065728051974e-05,63.05570947569135,81.97242231839876,10.0,265.0,2.0459065728051974e-06,94.70057495343325,3.0404022245669537
,,,,,128341.34278440637,32460.0,0.6658634014839498,98724.10983415863,2.0459065728051974e-05,63.05764696097881,81.97494104927246,10.0,265.0,2.0459065728051974e-06,94.70057495343325,3.041408189592071
,,,,,128423.32024418651,32470.0,0.6658838605496779,98787.1694186049,2.0459065728051974e-05,63.05958444626626,81.97745978014613,10.0,265.0,2.0459065728051974e-06,94.70057495343325,3.0424135946598367
,,,,,128505.30022269754,32480.0,0.6659043196154059,98850.23094053645,2.0459065728051974e-05,63.06152193155371,81.97997851101982,10.0,265.0,2.0459065728051974e-06,94.70057495343325,3.0434184402874522
,,,,,128587.28271993942,32490.0,0.6659247786811339,98913.29439995329,2.0459065728051974e-05,63.06345941684116,81.98249724189351,10.0,265.0,2.0459065728051974e-06,94.70057495343325,3.044422726991483
,,,,,128669.26773591219,32500.0,0.6659452377468619,98976.35979685541,2.0459065728051974e-05,63.06539690212862,81.9850159727672,10.0,265.0,2.0459065728051974e-06,94.70057495343325,3.045426455287859
,,,,,128751.25527061583,32510.0,0.6659656968125899,99039.42713124283,2.0459065728051974e-05,63.06733438741607,81.98753470364089,10.0,265.0,2.0459065728051974e-06,94.70057495343325,3.046429625691874
,,,,,128880.68179537225,32520.0,0.6661995932338773,99138.98599644008,0.00023389642128747004,99.5588651972473,129.4265247564215,10.0,107.0,2.3389642128747004e-05,149.4429990777493,3.0485543049335817
,,,,,129010.15376056614,32530.0,0.6664334896551648,99238.57981582,0.00023389642128747004,99.59381937991805,129.47196519389345,10.0,107.0,2.3389642128747004e-05,149.4429990777493,3.0506787524076238
,,,,,129139.67116619751,32540.0,0.6666673860764523,99338.2085893826,0.00023389642128747004,99.62877356258879,129.51740563136542,10.0,107.0,2.3389642128747004e-05,149.4429990777493,3.0528029683276765
,,,,,129269.23401226634,32550.0,0.6669012824977397,99437.87231712785,0.00023389642128747004,99.66372774525955,129.56284606883742,10.0,107.0,2.3389642128747004e-05,149.4429990777493,3.0549269529071537
,,,,,129398.84229877265,32560.0,0.6671351789190272,99537.57099905578,0.00023389642128747004,99.6986819279303,129.60828650630938,10.0,107.0,2.3389642128747004e-05,149.4429990777493,3.057050706359207
,,,,,129528.49602571643,32570.0,0.6673690753403146,99637.30463516638,0.00023389642128747004,99.73363611060105,129.65372694378138,10.0,107.0,2.3389642128747004e-05,149.4429990777493,3.0591742288967265
,,,,,129628.0880545651,32580.0,0.6674726509544516,99713.9138881269,0.00010357561413699054,76.60925296051745,99.5920288486727,10.0,263.0,1.0357561413699054e-05,114.77511902692964,3.060586675510341
,,,,,129727.69553768825,32590.0,0.6675762265685886,99790.53502899087,0.00010357561413699054,76.62114086395832,99.60748312314581,10.0,263.0,1.0357561413699054e-05,114.77511902692964,3.0619986200979095
,,,,,129827.31847508588,32600.0,0.6676798021827256,99867.16805775827,0.00010357561413699054,76.63302876739917,99.62293739761893,10.0,263.0,1.0357561413699054e-05,114.77511902692964,3.0634100631214194
,,,,,129926.95686675797,32610.0,0.6677833777968626,99943.8129744291,0.00010357561413699054,76.64491667084003,99.63839167209204,10.0,263.0,1.0357561413699054e-05,114.77511902692964,3.064821005042291
,,,,,130026.61071270454,32620.0,0.6678869534109996,100020.46977900338,0.00010357561413699054,76.65680457428088,99.65384594656516,10.0,263.0,1.0357561413699054e-05,114.77511902692964,3.066231446321379
,,,,,130126.28001292558,32630.0,0.6679905290251366,100097.1384714811,0.00010357561413699054,76.66869247772175,99.66930022103827,10.0,263.0,1.0357561413699054e-05,114.77511902692964,3.0676413874189734
,,,,,130225.96476742109,32640.0,0.6680941046392735,100173.81905186226,0.00010357561413699054,76.68058038116261,99.6847544955114,10.0,263.0,1.0357561413699054e-05,114.77511902692964,3.0690508287947997
,,,,,130325.66497619107,32650.0,0.6681976802534105,100250.51152014686,0.00010357561413699054,76.69246828460346,99.70020876998451,10.0,263.0,1.0357561413699054e-05,114.77511902692964,3.07045977090802
,,,,,130409.75093401282,32660.0,0.6682592530036617,100315.19302616359,6.157275025125623e-05,64.68150601673229,84.08595782175198,10.0,212.0,6.157275025125623e-06,96.79103690073089,3.0715000926565703
,,,,,130493.844639432,32670.0,0.6683208257539129,100379.88049187066,6.157275025125623e-05,64.68746570707393,84.09370541919611,10.0,212.0,6.157275025125623e-06,96.79103690073089,3.07253995995931
,,,,,130577.94609244865,32680.0,0.6683823985041641,100444.57391726808,6.157275025125623e-05,64.69342539741557,84.10145301664024,10.0,212.0,6.157275025125623e-06,96.79103690073089,3.073579373233417
,,,,,130662.05529306273,32690.0,0.6684439712544153,100509.27330235584,6.157275025125623e-05,64.69938508775721,84.10920061408437,10.0,212.0,6.157275025125623e-06,96.79103690073089,3.0746183328955596
,,,,,130746.17224127425,32700.0,0.6685055440046666,100573.97864713393,6.157275025125623e-05,64.70534477809886,84.11694821152852,10.0,212.0,6.157275025125623e-06,96.79103690073089,3.075656839361894
,,,,,130830.29693708323,32710.0,0.6685671167549178,100638.68995160237,6.157275025125623e-05,64.7113044684405,84.12469580897266,10.0,212.0,6.157275025125623e-06,96.79103690073089,3.07669489304807
,,,,,130914.42938048964,32720.0,0.668628689505169,100703.40721576115,6.157275025125623e-05,64.71726415878214,84.13244340641678,10.0,212.0,6.157275025125623e-06,96.79103690073089,3.0777324943692284
,,,,,131002.32544183159,32730.0,0.6690991142892654,100771.01957063958,0.000470424784096392,67.61235487842053,87.89606134194669,10.0,19.0,4.7042478409639196e-05,101.04983467246127,3.078857915387705
,,,,,131090.2833004242,32740.0,0.6695695390733618,100838.67946186465,0.000470424784096392,67.6598912250793,87.9578585926031,10.0,19.0,4.7042478409639196e-05,101.04983467246127,3.079984100851089
,,,,,131178.30295626746,32750.0,0.6700399638574582,100906.38688943638,0.000470424784096392,67.70742757173808,88.01965584325951,10.0,19.0,4.7042478409639196e-05,101.04983467246127,3.081111050059126
,,,,,131266.38440936137,32760.0,0.6705103886415547,100974.14185335478,0.000470424784096392,67.75496391839685,88.08145309391591,10.0,19.0,4.7042478409639196e-05,101.04983467246127,3.082238762312417
,,,,,131354.52765970596,32770.0,0.6709808134256511,101041.94435361984,0.000470424784096392,67.80250026505563,88.14325034457232,10.0,19.0,4.7042478409639196e-05,101.04983467246127,3.083367236912415
,,,,,131442.73270730118,32780.0,0.6714512382097475,101109.79439023155,0.000470424784096392,67.8500366117144,88.20504759522872,10.0,19.0,4.7042478409639196e-05,101.04983467246127,3.084496473161426
,,,,,131530.99955214706,32790.0,0.6719216629938439,101177.69196318992,0.000470424784096392,67.89757295837317,88.26684484588513,10.0,19.0,4.7042478409639196e-05,101.04983467246127,3.085626470362608
,,,,,131619.3281942436,32800.0,0.6723920877779404,101245.63707249495,0.000470424784096392,67.94510930503193,88.32864209654151,10.0,19.0,4.7042478409639196e-05,101.04983467246127,3.086757227819968
,,,,,131707.7186335908,32810.0,0.6728625125620368,101313.62971814664,0.000470424784096392,67.99264565169071,88.39043934719793,10.0,19.0,4.7042478409639196e-05,101.04983467246127,3.087888744838361
,,,,,131841.99145910304,32820.0,0.672934350830002,101416.9165070022,7.183826796521898e-05,103.28678885556947,134.2728255122403,10.0,153.0,7.183826796521898e-06,153.48716962980834,3.090094957556435
,,,,,131976.27861874344,32830.0,0.6730061890979672,101520.21432211019,7.183826796521898e-05,103.29781510799054,134.2871596403877,10.0,153.0,7.183826796521898e-06,153.48716962980834,3.0923001621111843
,,,,,132110.58011251196,32840.0,0.6730780273659324,101623.5231634706,7.183826796521898e-05,103.30884136041163,134.30149376853512,10.0,153.0,7.183826796521898e-06,153.48716962980834,3.094504359423587
,,,,,132244.89594040863,32850.0,0.6731498656338976,101726.84303108344,7.183826796521898e-05,103.31986761283272,134.31582789668255,10.0,153.0,7.183826796521898e-06,153.48716962980834,3.0967075504134987
,,,,,132392.28220565582,32860.0,0.6732579437860554,101840.21708127359,0.00010807815215784224,113.37405019014295,147.38626524718583,10.0,156.0,1.0807815215784225e-05,168.39615668340394,3.0992153707021783
,,,,,132539.6921308321,32870.0,0.6733660219382133,101953.60933140917,0.00010807815215784224,113.39225013558777,147.4099251762641,10.0,156.0,1.0807815215784225e-05,168.39615668340394,3.101722218783364
,,,,,132712.40695350748,32900.0,0.6738364467223097,102086.46688731332,0.000470424784096392,132.85755590414794,172.71482267539233,10.0,98.0,4.7042478409639196e-05,197.16587986654127,3.102932124234447
,,,,,132885.24235341427,32920.0,0.6743068715064061,102219.41719493394,0.000470424784096392,132.95030762061535,172.83539990679995,10.0,98.0,4.7042478409639196e-05,197.16587986654127,3.1050855770028534
,,,,,132901.26614401044,32930.0,0.6744411943584981,102231.74318770022,0.0001343228520920469,12.325992766286461,16.0237905961724,10.0,198.0,1.3432285209204692e-05,18.275859881320653,3.104516950734899
,,,,,132917.29312593193,32940.0,0.6745755172105902,102244.07163533213,0.0001343228520920469,12.328447631910155,16.026981921483202,10.0,198.0,1.3432285209204692e-05,18.275859881320653,3.10394874424202
,,,,,132933.32329917874,32950.0,0.6747098400626822,102256.40253782966,0.0001343228520920469,12.330902497533847,16.030173246794003,10.0,198.0,1.3432285209204692e-05,18.275859881320653,3.103380957142023
,,,,,132949.35666375083,32960.0,0.6748441629147742,102268.73589519282,0.0001343228520920469,12.33335736315754,16.033364572104805,10.0,198.0,1.3432285209204692e-05,18.275859881320653,3.1028135890531803
,,,,,132965.39321964825,32970.0,0.6749784857668663,102281.0717074216,0.0001343228520920469,12.335812228781235,16.036555897415607,10.0,198.0,1.3432285209204692e-05,18.275859881320653,3.1022466395942248
,,,,,132981.43296687098,32980.0,0.6751128086189583,102293.409974516,0.0001343228520920469,12.338267094404927,16.039747222726405,10.0,198.0,1.3432285209204692e-05,18.275859881320653,3.1016801083843544
,,,,,132997.475905419,32990.0,0.6752471314710503,102305.75069647604,0.0001343228520920469,12.34072196002862,16.042938548037206,10.0,198.0,1.3432285209204692e-05,18.275859881320653,3.1011139950432263
,,,,,133013.52203529235,33000.0,0.6753814543231423,102318.0938733017,0.0001343228520920469,12.343176825652314,16.046129873348008,10.0,198.0,1.3432285209204692e-05,18.275859881320653,3.1005482991909603
,,,,,133029.571356491,33010.0,0.6755157771752344,102330.43950499297,0.0001343228520920469,12.345631691276006,16.04932119865881,10.0,198.0,1.3432285209204692e-05,18.275859881320653,3.099983020448136
,,,,,133045.623869015,33020.0,0.6756501000273264,102342.78759154987,0.0001343228520920469,12.3480865568997,16.05251252396961,10.0,198.0,1.3432285209204692e-05,18.275859881320653,3.0994181584357925
,,,,,133061.67957286426,33030.0,0.6757844228794184,102355.1381329724,0.0001343228520920469,12.350541422523394,16.055703849280412,10.0,198.0,1.3432285209204692e-05,18.275859881320653,3.098853712775428
,,,,,133077.73846803885,33040.0,0.6759187457315105,102367.49112926054,0.0001343228520920469,12.352996288147088,16.058895174591214,10.0,198.0,1.3432285209204692e-05,18.275859881320653,3.0982896830889994
,,,,,133206.21278885604,33130.0,0.6760725611402836,102466.31752988914,0.00015381540877310387,98.82640062860352,128.47432081718458,10.0,213.0,1.538154087731039e-05,146.1772098277736,3.0928559471744386
,,,,,133334.71633927268,33140.0,0.6762263765490567,102565.16641482503,0.00015381540877310387,98.8488849358865,128.50355041665244,10.0,213.0,1.538154087731039e-05,146.1772098277736,3.094905444020067
,,,,,133463.2491192888,33150.0,0.6763801919578298,102664.03778406819,0.00015381540877310387,98.87136924316947,128.5327800161203,10.0,213.0,1.538154087731039e-05,146.1772098277736,3.0969543826264916
,,,,,133591.8111289044,33160.0,0.676534007366603,102762.93163761865,0.00015381540877310387,98.89385355045245,128.56200961558818,10.0,213.0,1.538154087731039e-05,146.1772098277736,3.099002763498753
,,,,,133720.40236811945,33170.0,0.6766878227753761,102861.84797547638,0.00015381540877310387,98.91633785773543,128.59123921505605,10.0,213.0,1.538154087731039e-05,146.1772098277736,3.101050587141284
,,,,,133849.022836934,33180.0,0.6768416381841492,102960.7867976414,0.00015381540877310387,98.9388221650184,128.62046881452392,10.0,213.0,1.538154087731039e-05,146.1772098277736,3.1030978540579084
,,,,,133977.67253534799,33190.0,0.6769954535929223,103059.74810411369,0.00015381540877310387,98.96130647230137,128.64969841399179,10.0,213.0,1.538154087731039e-05,146.1772098277736,3.1051445647518436
,,,,,134106.35146336144,33200.0,0.6771492690016955,103158.73189489328,0.00015381540877310387,98.98379077958434,128.67892801345965,10.0,213.0,1.538154087731039e-05,146.1772098277736,3.1071907197257014
,,,,,134235.05962097435,33210.0,0.6773030844104686,103257.73816998015,0.00015381540877310387,99.00627508686732,128.70815761292752,10.0,213.0,1.538154087731039e-05,146.1772098277736,3.109236319481486
,,,,,134363.79700818675,33220.0,0.6774568998192417,103356.7669293743,0.00015381540877310387,99.0287593941503,128.7373872123954,10.0,213.0,1.538154087731039e-05,146.1772098277736,3.111281364520599
,,,,,134492.5636249986,33230.0,0.6776107152280149,103455.81817307574,0.00015381540877310387,99.05124370143326,128.76661681186326,10.0,213.0,1.538154087731039e-05,146.1772098277736,3.113325855343838
,,,,,134621.35947140993,33240.0,0.677764530636788,103554.89190108445,0.00015381540877310387,99.07372800871624,128.79584641133113,10.0,213.0,1.538154087731039e-05,146.1772098277736,3.1153697924513977
,,,,,134750.18454742074,33250.0,0.6779183460455611,103653.98811340045,0.00015381540877310387,99.09621231599921,128.82507601079897,10.0,213.0,1.538154087731039e-05,146.1772098277736,3.117413176342871
,,,,,134879.038853031,33260.0,0.6780721614543342,103753.10681002373,0.00015381540877310387,99.11869662328219,128.85430561026686,10.0,213.0,1.538154087731039e-05,146.1772098277736,3.11945600751725
,,,,,135007.92238824072,33270.0,0.6782259768631074,103852.2479909543,0.00015381540877310387,99.14118093056517,128.88353520973473,10.0,213.0,1.538154087731039e-05,146.1772098277736,3.1214982864729275
,,,,,135136.83515304993,33280.0,0.6783797922718805,103951.41165619215,0.00015381540877310387,99.16366523784814,128.91276480920257,10.0,213.0,1.538154087731039e-05,146.1772098277736,3.123540013707697
,,,,,135265.7771474586,33290.0,0.6785336076806536,104050.59780573728,0.00015381540877310387,99.18614954513112,128.94199440867047,10.0,213.0,1.538154087731039e-05,146.1772098277736,3.125581189718753
,,,,,135394.74837146673,33300.0,0.6786874230894268,104149.8064395897,0.00015381540877310387,99.2086338524141,128.97122400813834,10.0,213.0,1.538154087731039e-05,146.1772098277736,3.1276218150026933
,,,,,135523.74882507435,33310.0,0.6788412384981999,104249.0375577494,0.00015381540877310387,99.23111815969706,129.00045360760618,10.0,213.0,1.538154087731039e-05,146.1772098277736,3.129661890055521
,,,,,135652.77850828142,33320.0,0.678995053906973,104348.29116021638,0.00015381540877310387,99.25360246698004,129.02968320707407,10.0,213.0,1.538154087731039e-05,146.1772098277736,3.1317014153726404
,,,,,135706.03979540878,33330.0,0.6794581409285535,104389.26138108358,0.0004630870215805401,40.970220867201235,53.261287127361605,10.0,207.0,4.630870215805401e-05,60.29837365876722,3.131991040536561
,,,,,135759.3373829487,33340.0,0.679921227950134,104430.25952534504,0.0004630870215805401,40.99814426146502,53.297587539904534,10.0,207.0,4.630870215805401e-05,60.29837365876722,3.1322813294944525
,,,,,135812.67127090113,33350.0,0.6803843149717145,104471.28559300076,0.0004630870215805401,41.02606765572881,53.333887952447455,10.0,207.0,4.630870215805401e-05,60.29837365876722,3.1325722816491983
,,,,,135866.04145926613,33360.0,0.680847401993295,104512.33958405076,0.0004630870215805401,41.05399104999259,53.37018836499037,10.0,207.0,4.630870215805401e-05,60.29837365876722,3.132863896404399
,,,,,135890.95223428868,33370.0,0.6809655049904951,104531.5017186835,0.0001181029972001586,19.162134632740482,24.91077502256263,10.0,246.0,1.181029972001586e-05,28.13965537506624,3.132499302327944
,,,,,135915.86732970216,33380.0,0.6810836079876953,104550.66717669388,0.0001181029972001586,19.16545801038046,24.915095413494598,10.0,246.0,1.181029972001586e-05,28.13965537506624,3.132135026264047
,,,,,135940.7867455066,33390.0,0.6812017109848955,104569.83595808191,0.0001181029972001586,19.168781388020435,24.919415804426567,10.0,246.0,1.181029972001586e-05,28.13965537506624,3.1317710679269815
,,,,,135965.71048170197,33400.0,0.6813198139820956,104589.00806284757,0.0001181029972001586,19.172104765660407,24.92373619535853,10.0,246.0,1.181029972001586e-05,28.13965537506624,3.1314074270313643
,,,,,135990.63853828827,33410.0,0.6814379169792958,104608.18349099086,0.0001181029972001586,19.175428143300383,24.9280565862905,10.0,246.0,1.181029972001586e-05,28.13965537506624,3.131044103292154
,,,,,136015.5709152655,33420.0,0.681556019976496,104627.36224251181,0.0001181029972001586,19.17875152094036,24.932376977222468,10.0,246.0,1.181029972001586e-05,28.13965537506624,3.13068109642465
,,,,,136040.50761263366,33430.0,0.6816741229736961,104646.54431741039,0.0001181029972001586,19.182074898580332,24.936697368154434,10.0,246.0,1.181029972001586e-05,28.13965537506624,3.1303184061444926
,,,,,136065.44863039276,33440.0,0.6817922259708963,104665.72971568661,0.0001181029972001586,19.185398276220308,24.941017759086403,10.0,246.0,1.181029972001586e-05,28.13965537506624,3.129956032167662
,,,,,136090.39396854278,33450.0,0.6819103289680964,104684.91843734047,0.0001181029972001586,19.188721653860284,24.94533815001837,10.0,246.0,1.181029972001586e-05,28.13965537506624,3.1295939742104775
,,,,,136184.6102895769,33460.0,0.682015856982858,104757.39253044366,0.00010552801476162483,72.47409310317809,94.21632103413152,10.0,157.0,1.0552801476162483e-05,106.26452795950121,3.1308246422726733
,,,,,136278.8411886611,33470.0,0.6821213849976197,104829.87783743152,0.00010552801476162483,72.48530698785324,94.23089908420921,10.0,157.0,1.0552801476162483e-05,106.26452795950121,3.1320549099919783
,,,,,136373.0866657954,33480.0,0.6822269130123813,104902.37435830405,0.00010552801476162483,72.4965208725284,94.24547713428692,10.0,157.0,1.0552801476162483e-05,106.26452795950121,3.133284777727122
,,,,,136467.34672097975,33490.0,0.6823324410271429,104974.88209306126,0.00010552801476162483,72.50773475720354,94.2600551843646,10.0,157.0,1.0552801476162483e-05,106.26452795950121,3.1345142458364066
,,,,,136561.6213542142,33540.0,0.6824379690419045,105047.40104170314,0.00010552801476162483,72.51894864187868,94.27463323444229,10.0,157.0,1.0552801476162483e-05,106.26452795950121,3.1320036088760626
,,,,,136655.91056549872,33550.0,0.6825434970566661,105119.9312042297,0.00010552801476162483,72.53016252655382,94.28921128451998,10.0,157.0,1.0552801476162483e-05,106.26452795950121,3.133231928591049
,,,,,136750.21435483333,33560.0,0.6826490250714277,105192.47258064093,0.00010552801476162483,72.54137641122897,94.30378933459767,10.0,157.0,1.0552801476162483e-05,106.26452795950121,3.134459850436261
,,,,,136789.9962788529,33570.0,0.6826908891823524,105223.07406065598,4.1864110924794385e-05,30.601480015062545,39.78192401958131,10.0,226.0,4.186411092479439e-06,44.82479625839658,3.134437714049925
,,,,,136829.78064238778,33580.0,0.6827327532932772,105253.67741722129,4.1864110924794385e-05,30.603356565305287,39.784363534896876,10.0,226.0,4.186411092479439e-06,44.82479625839658,3.1344156467308304
,,,,,136869.56744543798,33590.0,0.682774617404202,105284.28265033684,4.1864110924794385e-05,30.60523311554803,39.78680305021244,10.0,226.0,4.186411092479439e-06,44.82479625839658,3.134393648417292
,,,,,136909.3566880035,33600.0,0.6828164815151267,105314.88976000264,4.1864110924794385e-05,30.607109665790773,39.789242565528006,10.0,226.0,4.186411092479439e-06,44.82479625839658,3.1343717190476976
,,,,,136949.14837008432,33610.0,0.6828583456260515,105345.49874621867,4.1864110924794385e-05,30.608986216033514,39.79168208084357,10.0,226.0,4.186411092479439e-06,44.82479625839658,3.134349858560508
,,,,,136988.94249168047,33620.0,0.6829002097369763,105376.10960898495,4.1864110924794385e-05,30.610862766276256,39.79412159615914,10.0,226.0,4.186411092479439e-06,44.82479625839658,3.1343280668942577
,,,,,137028.73905279193,33630.0,0.6829420738479011,105406.72234830147,4.1864110924794385e-05,30.612739316518997,39.796561111474695,10.0,226.0,4.186411092479439e-06,44.82479625839658,3.134306343987555
,,,,,137068.5380534187,33640.0,0.6829839379588258,105437.33696416824,4.1864110924794385e-05,30.61461586676174,39.79900062679026,10.0,226.0,4.186411092479439e-06,44.82479625839658,3.1342846897790797
,,,,,137108.3394935608,33650.0,0.6830258020697506,105467.95345658524,4.1864110924794385e-05,30.61649241700448,39.801440142105825,10.0,226.0,4.186411092479439e-06,44.82479625839658,3.134263104207585
,,,,,137148.14337321822,33660.0,0.6830676661806754,105498.57182555248,4.1864110924794385e-05,30.618368967247225,39.80387965742139,10.0,226.0,4.186411092479439e-06,44.82479625839658,3.134241587211898
,,,,,137187.94969239095,33670.0,0.6831095302916002,105529.19207106998,4.1864110924794385e-05,30.620245517489966,39.806319172736956,10.0,226.0,4.186411092479439e-06,44.82479625839658,3.134220138730917
,,,,,137227.758451079,33680.0,0.6831513944025249,105559.81419313772,4.1864110924794385e-05,30.622122067732708,39.80875868805252,10.0,226.0,4.186411092479439e-06,44.82479625839658,3.1341987587036138
,,,,,137267.56964928235,33690.0,0.6831932585134497,105590.43819175569,4.1864110924794385e-05,30.62399861797545,39.811198203368086,10.0,226.0,4.186411092479439e-06,44.82479625839658,3.1341774470690322
,,,,,137307.38328700102,33700.0,0.6832351226243745,105621.06406692391,4.1864110924794385e-05,30.62587516821819,39.81363771868365,10.0,226.0,4.186411092479439e-06,44.82479625839658,3.1341562037662882
,,,,,137347.199364235,33710.0,0.6832769867352992,105651.69181864237,4.1864110924794385e-05,30.62775171846093,39.81607723399921,10.0,226.0,4.186411092479439e-06,44.82479625839658,3.1341350287345704
,,,,,137387.01788098432,33720.0,0.683318850846224,105682.32144691108,4.1864110924794385e-05,30.629628268703673,39.818516749314774,10.0,226.0,4.186411092479439e-06,44.82479625839658,3.13411392191314
,,,,,137426.83883724894,33730.0,0.6833607149571488,105712.95295173003,4.1864110924794385e-05,30.631504818946414,39.82095626463034,10.0,226.0,4.186411092479439e-06,44.82479625839658,3.134092883241329
,,,,,137466.66223302888,33740.0,0.6834025790680736,105743.58633309921,4.1864110924794385e-05,30.63338136918916,39.823395779945905,10.0,226.0,4.186411092479439e-06,44.82479625839658,3.134071912658542
,,,,,137506.48806832414,33750.0,0.6834444431789983,105774.22159101865,4.1864110924794385e-05,30.6352579194319,39.82583529526147,10.0,226.0,4.186411092479439e-06,44.82479625839658,3.1340510101042565
,,,,,137546.3163431347,33760.0,0.6834863072899231,105804.85872548833,4.1864110924794385e-05,30.637134469674642,39.828274810577035,10.0,226.0,4.186411092479439e-06,44.82479625839658,3.1340301755180193
,,,,,137586.1470574606,33770.0,0.6835281714008479,105835.49773650824,4.1864110924794385e-05,30.639011019917383,39.8307143258926,10.0,226.0,4.186411092479439e-06,44.82479625839658,3.1340094088394506
,,,,,137602.50609068666,33780.0,0.6839047335769667,105848.0816082206,0.0003765621761187818,12.583871712361152,16.3590332260695,10.0,146.0,3.7656217611878183e-05,18.400035991189643,3.1334541624695262
,,,,,137618.8741312976,33790.0,0.6842812957530855,105860.67240869056,0.0003765621761187818,12.590800469954658,16.368040610941055,10.0,146.0,3.7656217611878183e-05,18.400035991189643,3.1328994497984777
,,,,,137635.2511792934,33800.0,0.6846578579292043,105873.27013791811,0.0003765621761187818,12.597729227548164,16.377047995812614,10.0,146.0,3.7656217611878183e-05,18.400035991189643,3.132345270352607
,,,,,137651.6372346741,33810.0,0.6850344201053231,105885.87479590325,0.0003765621761187818,12.604657985141671,16.386055380684173,10.0,146.0,3.7656217611878183e-05,18.400035991189643,3.131791623658777
,,,,,137668.03229743964,33820.0,0.6854109822814419,105898.48638264598,0.0003765621761187818,12.611586742735179,16.395062765555732,10.0,146.0,3.7656217611878183e-05,18.400035991189643,3.131238509244411
,,,,,137684.43636759007,33830.0,0.6857875444575607,105911.10489814631,0.0003765621761187818,12.618515500328686,16.40407015042729,10.0,146.0,3.7656217611878183e-05,18.400035991189643,3.130685926637491
,,,,,137700.84944512538,33840.0,0.6861641066336795,105923.73034240423,0.0003765621761187818,12.625444257922192,16.41307753529885,10.0,146.0,3.7656217611878183e-05,18.400035991189643,3.1301338753665555
,,,,,137949.9665775741,33850.0,0.6863885939809153,106115.35890582632,0.0002244873472357442,191.6285634220893,249.1171324487161,10.0,152.0,2.244873472357442e-05,279.18378175645705,3.134870277867838
,,,,,138199.16518521734,33860.0,0.6866130813281511,106307.05014247497,0.0002244873472357442,191.69123664864705,249.19860764324116,10.0,152.0,2.244873472357442e-05,279.18378175645705,3.1396057336820724
,,,,,138448.4452680551,33870.0,0.6868375686753869,106498.80405235017,0.0002244873472357442,191.7539098752048,249.28008283776626,10.0,152.0,2.244873472357442e-05,279.18378175645705,3.144340243647776
,,,,,138697.80682608738,33880.0,0.6870620560226227,106690.62063545194,0.0002244873472357442,191.81658310176257,249.36155803229136,10.0,152.0,2.244873472357442e-05,279.18378175645705,3.1490738086024774
,,,,,138713.96734224286,33890.0,0.6871367375695958,106703.05180172539,7.468154697307446e-05,12.431166273447841,16.160516155482195,10.0,94.0,7.468154697307445e-06,18.091255486378017,3.1485114134471934
,,,,,138730.12961480618,33900.0,0.6872114191165689,106715.48431908179,7.468154697307446e-05,12.43251735639425,16.162272563312527,10.0,94.0,7.468154697307445e-06,18.091255486378017,3.147949389943416
,,,,,138795.91314734513,33910.0,0.6874419368673108,106766.08703641943,0.00023051775074186084,50.60271733764194,65.78353253893452,10.0,225.0,2.3051775074186083e-05,73.61016927224388,3.148513330475359
,,,,,138861.7187388699,33920.0,0.6876724546180527,106816.70672220772,0.00023051775074186084,50.619685788294305,65.8055915247826,10.0,225.0,2.3051775074186083e-05,73.61016927224388,3.149077438744331
,,,,,138927.54638938053,33930.0,0.6879029723687946,106867.34337644666,0.00023051775074186084,50.636654238946676,65.82765051063068,10.0,225.0,2.3051775074186083e-05,73.61016927224388,3.1496417146020237
,,,,,138991.56861318415,33940.0,0.6881050269295853,106916.59124091099,0.00020205456079066045,49.24786446432757,64.02222380362585,10.0,217.0,2.0205456079066044e-05,71.5702727592007,3.1501647389779315
,,,,,139055.60963641782,33950.0,0.688307081490376,106965.85356647534,0.00020205456079066045,49.2623255643556,64.04102323366229,10.0,217.0,2.0205456079066044e-05,71.5702727592007,3.1506878811922046
,,,,,139119.66945908152,33960.0,0.6885091360511667,107015.13035313973,0.00020205456079066045,49.27678666438363,64.05982266369872,10.0,217.0,2.0205456079066044e-05,71.5702727592007,3.1512111411407457
,,,,,139183.74808117526,33970.0,0.6887111906119574,107064.42160090414,0.00020205456079066045,49.29124776441166,64.07862209373516,10.0,217.0,2.0205456079066044e-05,71.5702727592007,3.1517345187195804
,,,,,139247.84550269903,33980.0,0.6889132451727481,107113.72730976858,0.00020205456079066045,49.30570886443969,64.0974215237716,10.0,217.0,2.0205456079066044e-05,71.5702727592007,3.1522580138248553
,,,,,139311.96172365284,33990.0,0.6891152997335388,107163.04747973305,0.00020205456079066045,49.32016996446772,64.11622095380804,10.0,217.0,2.0205456079066044e-05,71.5702727592007,3.1527816263528408
,,,,,139376.09674403668,34000.0,0.6893173542943295,107212.38211079755,0.00020205456079066045,49.33463106449575,64.13502038384448,10.0,217.0,2.0205456079066044e-05,71.5702727592007,3.153305356199928
,,,,,139461.70267669525,34010.0,0.6894190821114944,107278.23282822724,0.00010172781716491378,65.85071742967723,85.6059326585804,10.0,210.0,1.0172781716491377e-05,95.51623843656202,3.154314402476543
,,,,,139547.3212410098,34020.0,0.6895208099286593,107344.09326231535,0.00010172781716491378,65.86043408811717,85.61856431455233,10.0,210.0,1.0172781716491377e-05,95.51623843656202,3.155323141161533
,,,,,139632.95243698033,34030.0,0.6896225377458242,107409.96341306191,0.00010172781716491378,65.87015074655713,85.63119597052427,10.0,210.0,1.0172781716491377e-05,95.51623843656202,3.1563315725260623
,,,,,139718.59626460684,34040.0,0.689724265562989,107475.8432804669,0.00010172781716491378,65.87986740499709,85.64382762649622,10.0,210.0,1.0172781716491377e-05,95.51623843656202,3.157339696840978
,,,,,139804.2527238893,34050.0,0.6898259933801539,107541.73286453034,0.00010172781716491378,65.88958406343704,85.65645928246816,10.0,210.0,1.0172781716491377e-05,95.51623843656202,3.1583475143768087
,,,,,139889.92181482774,34060.0,0.6899277211973188,107607.63216525222,0.00010172781716491378,65.89930072187698,85.66909093844008,10.0,210.0,1.0172781716491377e-05,95.51623843656202,3.1593550254037646
,,,,,139975.60353742217,34070.0,0.6900294490144837,107673.54118263253,0.00010172781716491378,65.90901738031694,85.68172259441202,10.0,210.0,1.0172781716491377e-05,95.51623843656202,3.1603622301917382
,,,,,140061.29789167256,34080.0,0.6901311768316486,107739.45991667129,0.00010172781716491378,65.9187340387569,85.69435425038397,10.0,210.0,1.0172781716491377e-05,95.51623843656202,3.161369129010308
,,,,,140147.0048775789,34090.0,0.6902329046488135,107805.38836736849,0.00010172781716491378,65.92845069719685,85.70698590635591,10.0,210.0,1.0172781716491377e-05,95.51623843656202,3.1623757221287323
,,,,,140232.72449514124,34100.0,0.6903346324659784,107871.32653472412,0.00010172781716491378,65.93816735563679,85.71961756232784,10.0,210.0,1.0172781716491377e-05,95.51623843656202,3.163382009815957
,,,,,140318.45674435954,34110.0,0.6904363602831433,107937.2744187382,0.00010172781716491378,65.94788401407675,85.73224921829977,10.0,210.0,1.0172781716491377e-05,95.51623843656202,3.1643879923406097
,,,,,140404.2016252338,34120.0,0.6905380881003081,108003.23201941072,0.00010172781716491378,65.9576006725167,85.74488087427171,10.0,210.0,1.0172781716491377e-05,95.51623843656202,3.1653936699710057
,,,,,140489.95913776406,34130.0,0.690639815917473,108069.19933674167,0.00010172781716491378,65.96731733095666,85.75751253024366,10.0,210.0,1.0172781716491377e-05,95.51623843656202,3.166399042975144
,,,,,140575.72928195028,34140.0,0.6907415437346379,108135.17637073107,0.00010172781716491378,65.9770339893966,85.77014418621559,10.0,210.0,1.0172781716491377e-05,95.51623843656202,3.1674041116207112
,,,,,140661.51205779245,34150.0,0.6908432715518028,108201.16312137891,0.00010172781716491378,65.98675064783656,85.78277584218753,10.0,210.0,1.0172781716491377e-05,95.51623843656202,3.1684088761750777
,,,,,140747.30746529062,34160.0,0.6909449993689677,108267.15958868519,0.00010172781716491378,65.99646730627651,85.79540749815948,10.0,210.0,1.0172781716491377e-05,95.51623843656202,3.169413336905304
,,,,,140833.11550444475,34170.0,0.6910467271861326,108333.1657726499,0.00010172781716491378,66.00618396471647,85.80803915413142,10.0,210.0,1.0172781716491377e-05,95.51623843656202,3.170417494078136
,,,,,140918.93617525484,34180.0,0.6911484550032975,108399.18167327305,0.00010172781716491378,66.01590062315641,85.82067081010334,10.0,210.0,1.0172781716491377e-05,95.51623843656202,3.1714213479600075
,,,,,141004.76947772093,34190.0,0.6912501828204624,108465.20729055465,0.00010172781716491378,66.02561728159637,85.83330246607528,10.0,210.0,1.0172781716491377e-05,95.51623843656202,3.1724248988170416
,,,,,141090.61541184297,34200.0,0.6913519106376272,108531.24262449468,0.00010172781716491378,66.03533394003632,85.84593412204723,10.0,210.0,1.0172781716491377e-05,95.51623843656202,3.1734281469150494
,,,,,141176.47397762098,34210.0,0.6914536384547921,108597.28767509316,0.00010172781716491378,66.04505059847628,85.85856577801917,10.0,210.0,1.0172781716491377e-05,95.51623843656202,3.1744310925195314
,,,,,141262.34517505497,34220.0,0.691555366271957,108663.34244235008,0.00010172781716491378,66.05476725691622,85.87119743399109,10.0,210.0,1.0172781716491377e-05,95.51623843656202,3.1754337358956777
,,,,,141348.22900414493,34230.0,0.6916570940891219,108729.40692626544,0.00010172781716491378,66.06448391535618,85.88382908996303,10.0,210.0,1.0172781716491377e-05,95.51623843656202,3.176436077308368
,,,,,141434.12546489088,34240.0,0.6917588219062868,108795.48112683924,0.00010172781716491378,66.07420057379613,85.89646074593497,10.0,210.0,1.0172781716491377e-05,95.51623843656202,3.177438117022174
,,,,,141520.0345572928,34250.0,0.6918605497234517,108861.56504407147,0.00010172781716491378,66.08391723223609,85.90909240190692,10.0,210.0,1.0172781716491377e-05,95.51623843656202,3.178439855301357
,,,,,141605.95628135066,34260.0,0.6919622775406166,108927.65867796214,0.00010172781716491378,66.09363389067603,85.92172405787885,10.0,210.0,1.0172781716491377e-05,95.51623843656202,3.17944129240987
,,,,,141691.89063706453,34270.0,0.6920640053577815,108993.76202851126,0.00010172781716491378,66.10335054911599,85.93435571385079,10.0,210.0,1.0172781716491377e-05,95.51623843656202,3.1804424286113586
,,,,,141777.83762443435,34280.0,0.6921657331749463,109059.87509571882,0.00010172781716491378,66.11306720755594,85.94698736982274,10.0,210.0,1.0172781716491377e-05,95.51623843656202,3.1814432641691606
,,,,,141863.79724346014,34290.0,0.6922674609921112,109125.99787958481,0.00010172781716491378,66.1227838659959,85.95961902579467,10.0,210.0,1.0172781716491377e-05,95.51623843656202,3.1824437993463053
,,,,,141949.76949414192,34300.0,0.6923691888092761,109192.13038010924,0.00010172781716491378,66.13250052443584,85.9722506817666,10.0,210.0,1.0172781716491377e-05,95.51623843656202,3.1834440344055173
,,,,,142035.75437647966,34310.0,0.692470916626441,109258.27259729212,0.00010172781716491378,66.1422171828758,85.98488233773854,10.0,210.0,1.0172781716491377e-05,95.51623843656202,3.1844439696092137
,,,,,142121.75189047336,34320.0,0.6925726444436059,109324.42453113344,0.00010172781716491378,66.15193384131575,85.99751399371048,10.0,210.0,1.0172781716491377e-05,95.51623843656202,3.185443605219506
,,,,,142207.76203612305,34330.0,0.6926743722607708,109390.58618163319,0.00010172781716491378,66.16165049975571,86.01014564968243,10.0,210.0,1.0172781716491377e-05,95.51623843656202,3.1864429414981994
,,,,,142293.7848134287,34340.0,0.6927761000779357,109456.75754879139,0.00010172781716491378,66.17136715819565,86.02277730565434,10.0,210.0,1.0172781716491377e-05,95.51623843656202,3.1874419787067962
,,,,,142379.82022239032,34350.0,0.6928778278951006,109522.93863260803,0.00010172781716491378,66.1810838166356,86.03540896162629,10.0,210.0,1.0172781716491377e-05,95.51623843656202,3.188440717106493
,,,,,142465.86826300793,34360.0,0.6929795557122654,109589.1294330831,0.00010172781716491378,66.19080047507556,86.04804061759823,10.0,210.0,1.0172781716491377e-05,95.51623843656202,3.1894391569581813
,,,,,142551.9289352815,34370.0,0.6930812835294303,109655.32995021662,0.00010172781716491378,66.20051713351552,86.06067227357018,10.0,210.0,1.0172781716491377e-05,95.51623843656202,3.1904372985224505
,,,,,142638.00223921103,34380.0,0.6931830113465952,109721.54018400857,0.00010172781716491378,66.21023379195546,86.0733039295421,10.0,210.0,1.0172781716491377e-05,95.51623843656202,3.191435142059586
,,,,,142724.08817479655,34390.0,0.6932847391637601,109787.76013445896,0.00010172781716491378,66.21995045039542,86.08593558551405,10.0,210.0,1.0172781716491377e-05,95.51623843656202,3.1924326878295717
,,,,,142742.35024471258,34400.0,0.6937551639478565,109801.80788054822,0.000470424784096392,14.047746089262795,18.262069916041632,10.0,125.0,4.7042478409639196e-05,20.248852648999726,3.1919130197833785
,,,,,142760.6246978594,34410.0,0.694225588731953,109815.86515219962,0.000470424784096392,14.0572716513984,18.274453146817923,10.0,125.0,4.7042478409639196e-05,20.248852648999726,3.1913939306073704
,,,,,142778.911534237,34420.0,0.6946960135160494,109829.93194941315,0.000470424784096392,14.066797213534006,18.28683637759421,10.0,125.0,4.7042478409639196e-05,20.248852648999726,3.190875419797012
,,,,,142797.21075384537,34430.0,0.6951664383001458,109844.00827218882,0.000470424784096392,14.076322775669611,18.299219608370496,10.0,125.0,4.7042478409639196e-05,20.248852648999726,3.1903574868483537
,,,,,142815.52235668452,34440.0,0.6956368630842422,109858.09412052663,0.000470424784096392,14.085848337805217,18.311602839146783,10.0,125.0,4.7042478409639196e-05,20.248852648999726,3.1898401312580322
,,,,,142833.84634275443,34450.0,0.6961072878683386,109872.18949442657,0.000470424784096392,14.095373899940824,18.323986069923073,10.0,125.0,4.7042478409639196e-05,20.248852648999726,3.1893233525232674
,,,,,142852.18271205513,34460.0,0.6965777126524351,109886.29439388865,0.000470424784096392,14.10489946207643,18.33636930069936,10.0,125.0,4.7042478409639196e-05,20.248852648999726,3.1888071501418644
,,,,,142870.53146458662,34470.0,0.6970481374365315,109900.40881891285,0.000470424784096392,14.114425024212036,18.348752531475647,10.0,125.0,4.7042478409639196e-05,20.248852648999726,3.188291523612209
,,,,,142888.89260034886,34480.0,0.6975185622206279,109914.5327694992,0.000470424784096392,14.123950586347641,18.361135762251934,10.0,125.0,4.7042478409639196e-05,20.248852648999726,3.1877764724332716
,,,,,142907.2661193419,34490.0,0.6979889870047243,109928.66624564769,0.000470424784096392,14.133476148483249,18.373518993028224,10.0,125.0,4.7042478409639196e-05,20.248852648999726,3.187261996104601
,,,,,142925.6520215657,34500.0,0.6984594117888208,109942.80924735831,0.000470424784096392,14.143001710618854,18.38590222380451,10.0,125.0,4.7042478409639196e-05,20.248852648999726,3.1867480941263278
,,,,,142944.05030702028,34510.0,0.6989298365729172,109956.96177463107,0.000470424784096392,14.15252727275446,18.398285454580797,10.0,125.0,4.7042478409639196e-05,20.248852648999726,3.1862347659991617
,,,,,142962.46097570565,34520.0,0.6994002613570136,109971.12382746596,0.000470424784096392,14.162052834890066,18.410668685357084,10.0,125.0,4.7042478409639196e-05,20.248852648999726,3.1857220112243905
,,,,,142980.88402762177,34530.0,0.69987068614111,109985.29540586298,0.000470424784096392,14.171578397025671,18.423051916133375,10.0,125.0,4.7042478409639196e-05,20.248852648999726,3.18520982930388
,,,,,142999.31946276868,34540.0,0.7003411109252065,109999.47650982214,0.000470424784096392,14.181103959161279,18.43543514690966,10.0,125.0,4.7042478409639196e-05,20.248852648999726,3.1846982197400737
,,,,,143017.76728114637,34550.0,0.7008115357093029,110013.66713934344,0.000470424784096392,14.190629521296884,18.44781837768595,10.0,125.0,4.7042478409639196e-05,20.248852648999726,3.1841871820359895
,,,,,143036.22748275482,34560.0,0.7012819604933993,110027.86729442688,0.000470424784096392,14.20015508343249,18.46020160846224,10.0,125.0,4.7042478409639196e-05,20.248852648999726,3.183676715695222
,,,,,143054.70006759407,34570.0,0.7017523852774957,110042.07697507244,0.000470424784096392,14.209680645568096,18.472584839238525,10.0,125.0,4.7042478409639196e-05,20.248852648999726,3.183166820221939
,,,,,143073.1850356641,34580.0,0.7022228100615922,110056.29618128015,0.000470424784096392,14.219206207703701,18.484968070014812,10.0,125.0,4.7042478409639196e-05,20.248852648999726,3.1826574951208837
,,,,,143091.68238696488,34600.0,0.7026932348456886,110070.52491304999,0.000470424784096392,14.228731769839309,18.497351300791102,10.0,125.0,4.7042478409639196e-05,20.248852648999726,3.1812290437297683
,,,,,143110.19212149645,34610.0,0.703163659629785,110084.76317038196,0.000470424784096392,14.238257331974914,18.50973453156739,10.0,125.0,4.7042478409639196e-05,20.248852648999726,3.180721270453105
,,,,,143128.71423925878,34620.0,0.7036340844138814,110099.01095327607,0.000470424784096392,14.24778289411052,18.522117762343676,10.0,125.0,4.7042478409639196e-05,20.248852648999726,3.1802140656636646
,,,,,143147.2487402519,34630.0,0.7041045091979778,110113.26826173232,0.000470424784096392,14.257308456246125,18.534500993119963,10.0,125.0,4.7042478409639196e-05,20.248852648999726,3.1797074288689666
,,,,,143165.7956244758,34640.0,0.7045749339820743,110127.5350957507,0.000470424784096392,14.266834018381731,18.54688422389625,10.0,125.0,4.7042478409639196e-05,20.248852648999726,3.1792013595770987
,,,,,143184.35489193047,34650.0,0.7050453587661707,110141.81145533122,0.000470424784096392,14.276359580517338,18.55926745467254,10.0,125.0,4.7042478409639196e-05,20.248852648999726,3.178695857296716
,,,,,143202.92654261593,34660.0,0.7055157835502671,110156.09734047388,0.000470424784096392,14.285885142652944,18.571650685448827,10.0,125.0,4.7042478409639196e-05,20.248852648999726,3.178190921537042
,,,,,143221.51057653216,34670.0,0.7059862083343635,110170.39275117866,0.000470424784096392,14.29541070478855,18.584033916225117,10.0,125.0,4.7042478409639196e-05,20.248852648999726,3.1776865518078643
,,,,,143240.10699367916,34680.0,0.70645663311846,110184.69768744559,0.000470424784096392,14.304936266924155,18.596417147001404,10.0,125.0,4.7042478409639196e-05,20.248852648999726,3.1771827476195384
,,,,,143258.71579405695,34690.0,0.7069270579025564,110199.01214927464,0.000470424784096392,14.314461829059761,18.60880037777769,10.0,125.0,4.7042478409639196e-05,20.248852648999726,3.176679508482982
,,,,,143277.3369776655,34700.0,0.7073974826866528,110213.33613666584,0.000470424784096392,14.323987391195368,18.62118360855398,10.0,125.0,4.7042478409639196e-05,20.248852648999726,3.176176833909678
,,,,,143295.97054450482,34710.0,0.7078679074707492,110227.66964961917,0.000470424784096392,14.333512953330974,18.633566839330268,10.0,125.0,4.7042478409639196e-05,20.248852648999726,3.175674723411673
,,,,,143314.61649457493,34720.0,0.7083383322548457,110242.01268813464,0.000470424784096392,14.34303851546658,18.645950070106554,10.0,125.0,4.7042478409639196e-05,20.248852648999726,3.175173176501574
,,,,,143333.2748278758,34730.0,0.7088087570389421,110256.36525221224,0.000470424784096392,14.352564077602185,18.65833330088284,10.0,125.0,4.7042478409639196e-05,20.248852648999726,3.1746721926925496
,,,,,143351.94554440747,34740.0,0.7092791818230385,110270.72734185198,0.000470424784096392,14.362089639737793,18.67071653165913,10.0,125.0,4.7042478409639196e-05,20.248852648999726,3.17417177149833
,,,,,143370.62864416992,34750.0,0.7097496066071349,110285.09895705385,0.000470424784096392,14.371615201873398,18.68309976243542,10.0,125.0,4.7042478409639196e-05,20.248852648999726,3.1736719124332042
,,,,,143389.32412716313,34760.0,0.7102200313912314,110299.48009781785,0.000470424784096392,14.381140764009004,18.695482993211705,10.0,125.0,4.7042478409639196e-05,20.248852648999726,3.173172615012021
,,,,,143408.03199338712,34770.0,0.7106904561753278,110313.870764144,0.000470424784096392,14.39066632614461,18.707866223987992,10.0,125.0,4.7042478409639196e-05,20.248852648999726,3.172673878750187
,,,,,143426.75224284187,34780.0,0.7111608809594242,110328.27095603228,0.000470424784096392,14.400191888280215,18.72024945476428,10.0,125.0,4.7042478409639196e-05,20.248852648999726,3.1721757031636653
,,,,,143445.4848755274,34790.0,0.7116313057435206,110342.6806734827,0.000470424784096392,14.409717450415823,18.73263268554057,10.0,125.0,4.7042478409639196e-05,20.248852648999726,3.1716780877689765
,,,,,143464.22989144374,34800.0,0.712101730527617,110357.09991649525,0.000470424784096392,14.419243012551428,18.745015916316856,10.0,125.0,4.7042478409639196e-05,20.248852648999726,3.171181032083197
,,,,,143482.98729059083,34810.0,0.7125721553117135,110371.52868506993,0.000470424784096392,14.428768574687034,18.757399147093146,10.0,125.0,4.7042478409639196e-05,20.248852648999726,3.170684535623957
,,,,,143501.7570729687,34820.0,0.7130425800958099,110385.96697920676,0.000470424784096392,14.43829413682264,18.769782377869433,10.0,125.0,4.7042478409639196e-05,20.248852648999726,3.1701885979094415
,,,,,143520.53923857736,34830.0,0.7135130048799063,110400.41479890571,0.000470424784096392,14.447819698958245,18.78216560864572,10.0,125.0,4.7042478409639196e-05,20.248852648999726,3.1696932184583897
,,,,,143539.33378741678,34840.0,0.7139834296640027,110414.8721441668,0.000470424784096392,14.457345261093852,18.79454883942201,10.0,125.0,4.7042478409639196e-05,20.248852648999726,3.169198396790092
,,,,,143558.14071948698,34850.0,0.7144538544480992,110429.33901499004,0.000470424784096392,14.466870823229458,18.806932070198297,10.0,125.0,4.7042478409639196e-05,20.248852648999726,3.1687041324243914
,,,,,143576.96003478795,34860.0,0.7149242792321956,110443.8154113754,0.000470424784096392,14.476396385365064,18.819315300974583,10.0,125.0,4.7042478409639196e-05,20.248852648999726,3.168210424881681
,,,,,143603.56464596218,34870.0,0.715394704016292,110464.28049689405,0.000470424784096392,20.465085518646024,26.60461117423983,10.0,129.0,4.7042478409639196e-05,28.606705366636266,3.167888743816864
,,,,,143630.18675163056,34880.0,0.7158651288003884,110484.7590397159,0.000470424784096392,20.478542821841835,26.622105668394386,10.0,129.0,4.7042478409639196e-05,28.606705366636266,3.167567633019378
,,,,,143656.8263517931,34890.0,0.7163355535844849,110505.25103984094,0.000470424784096392,20.492000125037645,26.63960016254894,10.0,129.0,4.7042478409639196e-05,28.606705366636266,3.16724709199888
,,,,,143683.4834464498,34900.0,0.7168059783685813,110525.75649726918,0.000470424784096392,20.505457428233452,26.65709465670349,10.0,129.0,4.7042478409639196e-05,28.606705366636266,3.1669271202655924
,,,,,143710.15803560065,34910.0,0.7172764031526777,110546.2754120006,0.000470424784096392,20.518914731429263,26.674589150858043,10.0,129.0,4.7042478409639196e-05,28.606705366636266,3.166607717330295
,,,,,143736.85011924565,34920.0,0.7177468279367741,110566.80778403522,0.000470424784096392,20.532372034625073,26.692083645012595,10.0,129.0,4.7042478409639196e-05,28.606705366636266,3.1662888827043303
,,,,,143763.5596973848,34930.0,0.7182172527208706,110587.35361337304,0.000470424784096392,20.545829337820884,26.70957813916715,10.0,129.0,4.7042478409639196e-05,28.606705366636266,3.1659706158996004
,,,,,143790.2867700181,34940.0,0.718687677504967,110607.91290001405,0.000470424784096392,20.559286641016694,26.727072633321704,10.0,129.0,4.7042478409639196e-05,28.606705366636266,3.1656529164285647
,,,,,143817.03133714557,34950.0,0.7191581022890634,110628.48564395827,0.000470424784096392,20.572743944212505,26.744567127476255,10.0,129.0,4.7042478409639196e-05,28.606705366636266,3.165335783804242
,,,,,143843.79339876721,34960.0,0.7196285270731598,110649.07184520568,0.000470424784096392,20.58620124740831,26.762061621630806,10.0,129.0,4.7042478409639196e-05,28.606705366636266,3.165019217540208
,,,,,143894.11141896303,34970.0,0.7200989518572563,110687.77801458706,0.000470424784096392,38.706169381390225,50.31802019580729,10.0,79.0,4.7042478409639196e-05,53.751181391891365,3.1652209898366332
,,,,,143944.4623108131,34980.0,0.7205693766413527,110726.50946985635,0.000470424784096392,38.73145526929144,50.350891850078874,10.0,79.0,4.7042478409639196e-05,53.751181391891365,3.1654233696356875
,,,,,143994.84607431747,34990.0,0.7210398014254491,110765.26621101354,0.000470424784096392,38.75674115719264,50.38376350435044,10.0,79.0,4.7042478409639196e-05,53.751181391891365,3.165626356416506
,,,,,144045.26270947608,35000.0,0.7215102262095455,110804.04823805863,0.000470424784096392,38.782027045093855,50.416635158622015,10.0,79.0,4.7042478409639196e-05,53.751181391891365,3.1658299496588183
,,,,,144095.712216289,35010.0,0.721980650993642,110842.85555099163,0.000470424784096392,38.80731293299506,50.44950681289358,10.0,79.0,4.7042478409639196e-05,53.751181391891365,3.166034148842949
,,,,,144146.19459475615,35020.0,0.7224510757777384,110881.68814981253,0.000470424784096392,38.832598820896266,50.48237846716515,10.0,79.0,4.7042478409639196e-05,53.751181391891365,3.1662389534498154
,,,,,144196.7098448776,35050.0,0.7229215005618348,110920.54603452132,0.000470424784096392,38.85788470879748,50.51525012143672,10.0,79.0,4.7042478409639196e-05,53.751181391891365,3.164637547347256
,,,,,144247.2579666533,35700.0,0.7233919253459312,110959.42920511802,0.000470424784096392,38.88317059669868,50.54812177570829,10.0,79.0,4.7042478409639196e-05,53.751181391891365,3.1081072606475635
,,,,,144297.8389600833,35730.0,0.7238623501300276,110998.33766160262,0.000470424784096392,38.908456484599895,50.58099342997986,10.0,79.0,4.7042478409639196e-05,53.751181391891365,3.10658655644004
,,,,,144348.45282516754,35740.0,0.7243327749141241,111037.27140397513,0.000470424784096392,38.9337423725011,50.61386508425143,10.0,79.0,4.7042478409639196e-05,53.751181391891365,3.106806698488392
,,,,,144399.09956190607,35750.0,0.7248031996982205,111076.23043223553,0.000470424784096392,38.95902826040231,50.64673673852301,10.0,79.0,4.7042478409639196e-05,53.751181391891365,3.107027424677917
,,,,,144449.77917029886,35760.0,0.7252736244823169,111115.21474638383,0.000470424784096392,38.98431414830352,50.67960839279458,10.0,79.0,4.7042478409639196e-05,53.751181391891365,3.1072487345185635
,,,,,144500.49165034594,35770.0,0.7257440492664133,111154.22434642004,0.000470424784096392,39.00960003620472,50.712480047066144,10.0,79.0,4.7042478409639196e-05,53.751181391891365,3.107470627520829
,,,,,144551.23700204727,35780.0,0.7262144740505098,111193.25923234415,0.000470424784096392,39.034885924105936,50.74535170133772,10.0,79.0,4.7042478409639196e-05,53.751181391891365,3.107693103195756
,,,,,144602.0152254029,35790.0,0.7266848988346062,111232.31940415615,0.000470424784096392,39.06017181200714,50.778223355609285,10.0,79.0,4.7042478409639196e-05,53.751181391891365,3.107916161054936
,,,,,144652.82632041277,35800.0,0.7271553236187026,111271.40486185606,0.000470424784096392,39.08545769990835,50.81109500988086,10.0,79.0,4.7042478409639196e-05,53.751181391891365,3.1081398006105045
,,,,,144703.67028707694,35810.0,0.727625748402799,111310.51560544387,0.000470424784096392,39.11074358780956,50.843966664152425,10.0,79.0,4.7042478409639196e-05,53.751181391891365,3.108364021375143
,,,,,144754.54712539536,35820.0,0.7280961731868955,111349.65163491959,0.000470424784096392,39.136029475710764,50.87683831842399,10.0,79.0,4.7042478409639196e-05,53.751181391891365,3.108588822862077
,,,,,144805.45683536807,35830.0,0.7285665979709919,111388.8129502832,0.000470424784096392,39.161315363611976,50.90970997269557,10.0,79.0,4.7042478409639196e-05,53.751181391891365,3.108814204585074
,,,,,144856.39941699503,35840.0,0.7290370227550883,111427.99955153471,0.000470424784096392,39.18660125151318,50.94258162696714,10.0,79.0,4.7042478409639196e-05,53.751181391891365,3.1090401660584464
,,,,,144977.08818697077,35850.0,0.7295074475391847,111520.83706690067,0.000470424784096392,92.83751536595962,120.6887699757475,10.0,91.0,4.7042478409639196e-05,127.2605450144811,3.110762540220381
,,,,,145097.85478341524,35860.0,0.7299778723232812,111613.73444878105,0.000470424784096392,92.89738188037205,120.76659644448367,10.0,91.0,4.7042478409639196e-05,127.2605450144811,3.112485623223119
,,,,,145218.69920632846,35870.0,0.7304482971073776,111706.69169717583,0.000470424784096392,92.95724839478449,120.84442291321983,10.0,91.0,4.7042478409639196e-05,127.2605450144811,3.1142094144738173
,,,,,145339.6214557104,35880.0,0.730918721891474,111799.70881208502,0.000470424784096392,93.01711490919692,120.922249381956,10.0,91.0,4.7042478409639196e-05,127.2605450144811,3.115933913380296
,,,,,145460.6215315611,35890.0,0.7313891466755704,111892.78579350864,0.000470424784096392,93.07698142360934,121.00007585069214,10.0,91.0,4.7042478409639196e-05,127.2605450144811,3.1176591193510346
,,,,,145581.69943388054,35900.0,0.7318595714596668,111985.92264144665,0.000470424784096392,93.13684793802177,121.0779023194283,10.0,91.0,4.7042478409639196e-05,127.2605450144811,3.1193850317951712
,,,,,145702.8551626687,35910.0,0.7323299962437633,112079.11935589909,0.000470424784096392,93.19671445243421,121.15572878816447,10.0,91.0,4.7042478409639196e-05,127.2605450144811,3.1211116501225034
,,,,,145824.08871792562,35920.0,0.7328004210278597,112172.37593686594,0.000470424784096392,93.25658096684664,121.23355525690064,10.0,91.0,4.7042478409639196e-05,127.2605450144811,3.122838973743484
,,,,,145945.40009965125,35930.0,0.7332708458119561,112265.6923843472,0.000470424784096392,93.31644748125908,121.3113817256368,10.0,91.0,4.7042478409639196e-05,127.2605450144811,3.1245670020692238
,,,,,145962.94897997662,35940.0,0.7336474079880749,112279.19152305902,0.0003765621761187818,13.499138711823571,17.548880325370643,10.0,146.0,3.7656217611878183e-05,18.400035991189643,3.1240732198959105
,,,,,145980.50686768687,35950.0,0.7340239701641937,112292.69759052843,0.0003765621761187818,13.506067469417077,17.557887710242202,10.0,146.0,3.7656217611878183e-05,18.400035991189643,3.123579905160735
,,,,,146102.02067180144,35960.0,0.7344943949482902,112386.16974753964,0.000470424784096392,93.47215701120093,121.51380411456122,10.0,91.0,4.7042478409639196e-05,127.2605450144811,3.1253106158937607
,,,,,146223.61230238475,35970.0,0.7349648197323866,112479.70177106524,0.000470424784096392,93.53202352561337,121.59163058329739,10.0,91.0,4.7042478409639196e-05,127.2605450144811,3.1270420286645884
,,,,,146345.28175943677,35980.0,0.735435244516483,112573.29366110527,0.000470424784096392,93.5918900400258,121.66945705203355,10.0,91.0,4.7042478409639196e-05,127.2605450144811,3.128774142887862
,,,,,146467.02904295753,35990.0,0.7359056693005794,112666.9454176597,0.000470424784096392,93.65175655443822,121.7472835207697,10.0,91.0,4.7042478409639196e-05,127.2605450144811,3.130506957978875
,,,,,146588.85415294702,36000.0,0.7363760940846759,112760.65704072856,0.000470424784096392,93.71162306885066,121.82510998950586,10.0,91.0,4.7042478409639196e-05,127.2605450144811,3.1322404733535714
,,,,,146710.75708940526,36010.0,0.7368465188687723,112854.42853031182,0.000470424784096392,93.77148958326309,121.90293645824202,10.0,91.0,4.7042478409639196e-05,127.2605450144811,3.133974688428543
,,,,,146832.73785233224,36020.0,0.7373169436528687,112948.2598864095,0.000470424784096392,93.83135609767552,121.98076292697819,10.0,91.0,4.7042478409639196e-05,127.2605450144811,3.1357096026210303
,,,,,146954.79644172796,36030.0,0.7377873684369651,113042.1511090216,0.000470424784096392,93.89122261208794,122.05858939571434,10.0,91.0,4.7042478409639196e-05,127.2605450144811,3.13744521534892
,,,,,147076.93285759242,36040.0,0.7382577932210616,113136.10219814809,0.000470424784096392,93.95108912650038,122.1364158644505,10.0,91.0,4.7042478409639196e-05,127.2605450144811,3.139181526030746
,,,,,147199.1470999256,36050.0,0.738728218005158,113230.113153789,0.000470424784096392,94.01095564091281,122.21424233318666,10.0,91.0,4.7042478409639196e-05,127.2605450144811,3.1409185340856864
,,,,,147321.43916872755,36060.0,0.7391986427892544,113324.18397594432,0.000470424784096392,94.07082215532525,122.29206880192282,10.0,91.0,4.7042478409639196e-05,127.2605450144811,3.142656238933564
,,,,,147443.8090639982,36070.0,0.7396690675733508,113418.31466461407,0.000470424784096392,94.13068866973767,122.36989527065897,10.0,91.0,4.7042478409639196e-05,127.2605450144811,3.1443946399948453
,,,,,147566.25678573758,36080.0,0.7401394923574472,113512.50521979821,0.000470424784096392,94.1905551841501,122.44772173939513,10.0,91.0,4.7042478409639196e-05,127.2605450144811,3.1461337366906377
,,,,,147688.7823339457,36090.0,0.7406099171415437,113606.75564149678,0.000470424784096392,94.25042169856253,122.5255482081313,10.0,91.0,4.7042478409639196e-05,127.2605450144811,3.147873528442693
,,,,,147811.38570862258,36100.0,0.7410803419256401,113701.06592970976,0.000470424784096392,94.31028821297497,122.60337467686746,10.0,91.0,4.7042478409639196e-05,127.2605450144811,3.1496140146734004
,,,,,147934.06690976818,36110.0,0.7415507667097365,113795.43608443714,0.000470424784096392,94.37015472738739,122.68120114560361,10.0,91.0,4.7042478409639196e-05,127.2605450144811,3.1513551948057916
,,,,,148061.21207417516,36120.0,0.7420211914938329,113893.24005705789,0.000470424784096392,97.80397262075014,127.1451644069752,10.0,71.0,4.7042478409639196e-05,131.80751943735154,3.153190477770152
,,,,,148188.43784576317,36130.0,0.7424916162779294,113991.10603520251,0.000470424784096392,97.86597814462374,127.22577158801087,10.0,71.0,4.7042478409639196e-05,131.80751943735154,3.155026460979865
,,,,,148315.74422453222,36140.0,0.7429620410620258,114089.03401887101,0.000470424784096392,97.92798366849735,127.30637876904656,10.0,71.0,4.7042478409639196e-05,131.80751943735154,3.156863143853653
,,,,,148443.1312104823,36150.0,0.7434324658461222,114187.02400806338,0.000470424784096392,97.98998919237094,127.38698595008223,10.0,71.0,4.7042478409639196e-05,131.80751943735154,3.158700525810882
,,,,,148570.59880361342,36160.0,0.7439028906302186,114285.07600277962,0.000470424784096392,98.05199471624454,127.46759313111791,10.0,71.0,4.7042478409639196e-05,131.80751943735154,3.1605386062715604
,,,,,148698.14700392558,36170.0,0.7443733154143151,114383.19000301974,0.000470424784096392,98.11400024011814,127.5482003121536,10.0,71.0,4.7042478409639196e-05,131.80751943735154,3.162377384656338
,,,,,148825.77581141877,36180.0,0.7448437401984115,114481.36600878373,0.000470424784096392,98.17600576399174,127.62880749318927,10.0,71.0,4.7042478409639196e-05,131.80751943735154,3.1642168603865044
,,,,,148953.485226093,36190.0,0.7453141649825079,114579.6040200716,0.000470424784096392,98.23801128786535,127.70941467422496,10.0,71.0,4.7042478409639196e-05,131.80751943735154,3.16605703288399
,,,,,149081.27524794827,36200.0,0.7457845897666043,114677.90403688334,0.000470424784096392,98.30001681173894,127.79002185526063,10.0,71.0,4.7042478409639196e-05,131.80751943735154,3.167897901571363
,,,,,149209.14587698458,36210.0,0.7462550145507008,114776.26605921895,0.000470424784096392,98.36202233561255,127.87062903629632,10.0,71.0,4.7042478409639196e-05,131.80751943735154,3.1697394658718294
,,,,,149337.09711320192,36220.0,0.7467254393347972,114874.69008707843,0.000470424784096392,98.42402785948615,127.951236217332,10.0,71.0,4.7042478409639196e-05,131.80751943735154,3.1715817252092333
,,,,,149465.1289566003,36230.0,0.7471958641188936,114973.1761204618,0.000470424784096392,98.48603338335975,128.0318433983677,10.0,71.0,4.7042478409639196e-05,131.80751943735154,3.173424679008054
,,,,,149593.2414071797,36240.0,0.74766628890299,115071.72415936903,0.000470424784096392,98.54803890723335,128.11245057940334,10.0,71.0,4.7042478409639196e-05,131.80751943735154,3.1752683266934056
,,,,,149721.43446494016,36250.0,0.7481367136870865,115170.33420380013,0.000470424784096392,98.61004443110696,128.19305776043905,10.0,71.0,4.7042478409639196e-05,131.80751943735154,3.177112667691038
,,,,,149849.70812988165,36260.0,0.7486071384711829,115269.00625375511,0.000470424784096392,98.67204995498055,128.27366494147472,10.0,71.0,4.7042478409639196e-05,131.80751943735154,3.1789577014273336
,,,,,149978.06240200417,36270.0,0.7490775632552793,115367.74030923397,0.000470424784096392,98.73405547885416,128.35427212251042,10.0,71.0,4.7042478409639196e-05,131.80751943735154,3.180803427329307
,,,,,150106.49728130773,36280.0,0.7495479880393757,115466.53637023669,0.000470424784096392,98.79606100272775,128.4348793035461,10.0,71.0,4.7042478409639196e-05,131.80751943735154,3.1826498448246054
,,,,,150235.0127677923,36290.0,0.7500184128234721,115565.3944367633,0.000470424784096392,98.85806652660136,128.51548648458177,10.0,71.0,4.7042478409639196e-05,131.80751943735154,3.1844969533415073
,,,,,150363.6088614579,36300.0,0.7504888376075686,115664.31450881377,0.000470424784096392,98.92007205047496,128.59609366561745,10.0,71.0,4.7042478409639196e-05,131.80751943735154,3.1863447523089192
,,,,,150492.28556230455,36310.0,0.750959262391665,115763.29658638811,0.000470424784096392,98.98207757434857,128.67670084665315,10.0,71.0,4.7042478409639196e-05,131.80751943735154,3.188193241156379
,,,,,150621.04287033222,36320.0,0.7514296871757614,115862.34066948634,0.000470424784096392,99.04408309822216,128.75730802768882,10.0,71.0,4.7042478409639196e-05,131.80751943735154,3.190042419314051
,,,,,150749.88078554094,36330.0,0.7519001119598578,115961.44675810843,0.000470424784096392,99.10608862209577,128.8379152087245,10.0,71.0,4.7042478409639196e-05,131.80751943735154,3.191892286212729
,,,,,150878.7993079307,36340.0,0.7523705367439543,116060.6148522544,0.000470424784096392,99.16809414596936,128.91852238976017,10.0,71.0,4.7042478409639196e-05,131.80751943735154,3.1937428412838305
,,,,,151007.79843750148,36350.0,0.7528409615280507,116159.84495192424,0.000470424784096392,99.23009966984297,128.99912957079587,10.0,71.0,4.7042478409639196e-05,131.80751943735154,3.1955940839594015
,,,,,151136.8781742533,36360.0,0.7533113863121471,116259.13705711796,0.000470424784096392,99.29210519371657,129.07973675183155,10.0,71.0,4.7042478409639196e-05,131.80751943735154,3.1974460136721112
,,,,,151266.03851818616,36370.0,0.7537818110962435,116358.49116783554,0.000470424784096392,99.35411071759017,129.16034393286722,10.0,71.0,4.7042478409639196e-05,131.80751943735154,3.1992986298552526
,,,,,151395.27946930006,36380.0,0.75425223588034,116457.90728407701,0.000470424784096392,99.41611624146377,129.2409511139029,10.0,71.0,4.7042478409639196e-05,131.80751943735154,3.2011519319427437
,,,,,151524.601027595,36390.0,0.7547226606644364,116557.38540584235,0.000470424784096392,99.47812176533738,129.3215582949386,10.0,71.0,4.7042478409639196e-05,131.80751943735154,3.203005919369122
,,,,,151654.00319307097,36400.0,0.7551930854485328,116656.92553313155,0.000470424784096392,99.54012728921097,129.40216547597427,10.0,71.0,4.7042478409639196e-05,131.80751943735154,3.204860591569548
,,,,,151783.48596572797,36410.0,0.7556635102326292,116756.52766594464,0.000470424784096392,99.60213281308458,129.48277265700995,10.0,71.0,4.7042478409639196e-05,131.80751943735154,3.2067159479798035
,,,,,151913.04934556602,36420.0,0.7561339350167257,116856.1918042816,0.000470424784096392,99.66413833695817,129.56337983804562,10.0,71.0,4.7042478409639196e-05,131.80751943735154,3.2085719880362875
,,,,,152042.6933325851,36430.0,0.7566043598008221,116955.91794814242,0.000470424784096392,99.72614386083178,129.64398701908132,10.0,71.0,4.7042478409639196e-05,131.80751943735154,3.2104287111760206
,,,,,152172.41792678522,36440.0,0.7570747845849185,117055.70609752713,0.000470424784096392,99.78814938470538,129.724594200117,10.0,71.0,4.7042478409639196e-05,131.80751943735154,3.2122861168366392
,,,,,152302.22312816637,36450.0,0.7575452093690149,117155.55625243571,0.000470424784096392,99.85015490857899,129.8052013811527,10.0,71.0,4.7042478409639196e-05,131.80751943735154,3.214144204456398
,,,,,152432.10893672856,36460.0,0.7580156341531114,117255.46841286815,0.000470424784096392,99.91216043245258,129.88580856218837,10.0,71.0,4.7042478409639196e-05,131.80751943735154,3.2160029734741675
,,,,,152562.0753524718,36490.0,0.7584860589372078,117355.44257882448,0.000470424784096392,99.97416595632619,129.96641574322405,10.0,71.0,4.7042478409639196e-05,131.80751943735154,3.216098727838435
,,,,,152692.12237539605,36500.0,0.7589564837213042,117455.47875030468,0.000470424784096392,100.03617148019978,130.04702292425972,10.0,71.0,4.7042478409639196e-05,131.80751943735154,3.217958321926156
,,,,,152822.25000550135,36510.0,0.7594269085054006,117555.57692730875,0.000470424784096392,100.09817700407339,130.12763010529542,10.0,71.0,4.7042478409639196e-05,131.80751943735154,3.2198185956534853
,,,,,152952.4582427877,36520.0,0.759897333289497,117655.7371098367,0.000470424784096392,100.16018252794699,130.2082372863311,10.0,71.0,4.7042478409639196e-05,131.80751943735154,3.2216795484621223
,,,,,153082.74708725506,36530.0,0.7603677580735935,117755.95929788852,0.000470424784096392,100.2221880518206,130.28884446736677,10.0,71.0,4.7042478409639196e-05,131.80751943735154,3.223541179794375
,,,,,153213.11653890347,36540.0,0.7608381828576899,117856.2434914642,0.000470424784096392,100.28419357569419,130.36945164840245,10.0,71.0,4.7042478409639196e-05,131.80751943735154,3.2254034890931638
,,,,,153343.56659773292,36550.0,0.7613086076417863,117956.58969056378,0.000470424784096392,100.34619909956778,130.45005882943812,10.0,71.0,4.7042478409639196e-05,131.80751943735154,3.2272664758020184
,,,,,153474.0972637434,36560.0,0.7617790324258827,118056.99789518722,0.000470424784096392,100.40820462344139,130.53066601047382,10.0,71.0,4.7042478409639196e-05,131.80751943735154,3.229130139365077
,,,,,153604.70853693492,36570.0,0.7622494572099792,118157.46810533453,0.000470424784096392,100.47021014731499,130.6112731915095,10.0,71.0,4.7042478409639196e-05,131.80751943735154,3.230994479227086
,,,,,153735.40041730748,36580.0,0.7627198819940756,118258.00032100572,0.000470424784096392,100.5322156711886,130.69188037254517,10.0,71.0,4.7042478409639196e-05,131.80751943735154,3.2328594948333986
,,,,,153866.17290486107,36590.0,0.763190306778172,118358.59454220078,0.000470424784096392,100.59422119506219,130.77248755358085,10.0,71.0,4.7042478409639196e-05,131.80751943735154,3.234725185629975
,,,,,153997.0259995957,36600.0,0.7636607315622684,118459.25076891971,0.000470424784096392,100.6562267189358,130.85309473461655,10.0,71.0,4.7042478409639196e-05,131.80751943735154,3.23659155106338
,,,,,154127.95970151137,36610.0,0.7641311563463649,118559.96900116252,0.000470424784096392,100.71823224280939,130.93370191565222,10.0,71.0,4.7042478409639196e-05,131.80751943735154,3.2384585905807843
,,,,,154258.97401060804,36620.0,0.7646015811304613,118660.7492389292,0.000470424784096392,100.780237766683,131.0143090966879,10.0,71.0,4.7042478409639196e-05,131.80751943735154,3.2403263036299617
,,,,,154390.06892688575,36630.0,0.7650720059145577,118761.59148221975,0.000470424784096392,100.8422432905566,131.09491627772357,10.0,71.0,4.7042478409639196e-05,131.80751943735154,3.242194689659289
,,,,,154487.03739736043,36640.0,0.7655424306986541,118836.18261335413,0.000470424784096392,74.59113113437665,96.96847047468965,10.0,73.0,4.7042478409639196e-05,97.4356588782451,3.2433455953426344
,,,,,154584.06545482855,36650.0,0.7660128554827506,118910.8195806373,0.000470424784096392,74.63696728316775,97.02805746811808,10.0,73.0,4.7042478409639196e-05,97.4356588782451,3.2444971236190256
,,,,,154681.1530992901,36670.0,0.766483280266847,118985.50238406926,0.000470424784096392,74.68280343195885,97.0876444615465,10.0,73.0,4.7042478409639196e-05,97.4356588782451,3.244764177367583
,,,,,154778.30033074506,36680.0,0.7669537050509434,119060.23102365,0.000470424784096392,74.72863958074993,97.14723145497491,10.0,73.0,4.7042478409639196e-05,97.4356588782451,3.245916876326336
,,,,,154875.50714919347,36690.0,0.7674241298350398,119135.00549937955,0.000470424784096392,74.77447572954102,97.20681844840334,10.0,73.0,4.7042478409639196e-05,97.4356588782451,3.2470701962218467
,,,,,154972.7735546353,36700.0,0.7678945546191362,119209.82581125788,0.000470424784096392,74.82031187833212,97.26640544183176,10.0,73.0,4.7042478409639196e-05,97.4356588782451,3.2482241365465363
,,,,,155070.09954707054,36710.0,0.7683649794032327,119284.691959285,0.000470424784096392,74.8661480271232,97.32599243526016,10.0,73.0,4.7042478409639196e-05,97.4356588782451,3.2493786967933804
,,,,,155167.48512649923,36720.0,0.7688354041873291,119359.60394346091,0.000470424784096392,74.9119841759143,97.38557942868859,10.0,73.0,4.7042478409639196e-05,97.4356588782451,3.2505338764559073
,,,,,155264.93029292134,36730.0,0.7693058289714255,119434.56176378562,0.000470424784096392,74.9578203247054,97.44516642211701,10.0,73.0,4.7042478409639196e-05,97.4356588782451,3.2516896750281954
,,,,,155362.43504633688,36740.0,0.7697762537555219,119509.56542025911,0.000470424784096392,75.00365647349648,97.50475341554542,10.0,73.0,4.7042478409639196e-05,97.4356588782451,3.252846092004875
,,,,,155459.99938674585,36750.0,0.7702466785396184,119584.6149128814,0.000470424784096392,75.04949262228757,97.56434040897385,10.0,73.0,4.7042478409639196e-05,97.4356588782451,3.2540031268811265
,,,,,155557.62331414825,36760.0,0.7707171033237148,119659.71024165247,0.000470424784096392,75.09532877107867,97.62392740240227,10.0,73.0,4.7042478409639196e-05,97.4356588782451,3.255160779152679
,,,,,155580.3680711562,36770.0,0.7711875281078112,119677.20620858167,0.000470424784096392,17.49596692919438,22.744757007952696,10.0,63.0,4.7042478409639196e-05,22.68704600568756,3.254751324682667
,,,,,155603.1267024775,36780.0,0.7716579528919076,119694.71284805959,0.000470424784096392,17.506639477913392,22.75863132128741,10.0,63.0,4.7042478409639196e-05,22.68704600568756,3.254342383035878
,,,,,155625.8992081121,36790.0,0.7721283776760041,119712.23016008621,0.000470424784096392,17.517312026632403,22.772505634622124,10.0,63.0,4.7042478409639196e-05,22.68704600568756,3.2539339537941347
,,,,,155648.68558806006,36800.0,0.7725988024601005,119729.75814466157,0.000470424784096392,17.527984575351415,22.78637994795684,10.0,63.0,4.7042478409639196e-05,22.68704600568756,3.2535260365397165
,,,,,155671.48584232136,36810.0,0.7730692272441969,119747.29680178563,0.000470424784096392,17.538657124070426,22.800254261291553,10.0,63.0,4.7042478409639196e-05,22.68704600568756,3.2531186308553552
,,,,,155694.29997089598,36820.0,0.7735396520282933,119764.84613145843,0.000470424784096392,17.549329672789437,22.81412857462627,10.0,63.0,4.7042478409639196e-05,22.68704600568756,3.2527117363242377
,,,,,155717.12797378394,36830.0,0.7740100768123898,119782.40613367994,0.000470424784096392,17.560002221508448,22.828002887960984,10.0,63.0,4.7042478409639196e-05,22.68704600568756,3.252305352530001
,,,,,155810.91956946795,36840.0,0.7744805015964862,119854.55351497533,0.000470424784096392,72.14738129538733,93.79159568400354,10.0,64.0,4.7042478409639196e-05,93.15583949068481,3.2533809314596995
,,,,,155904.76813481233,36850.0,0.7749509263805826,119926.74471908639,0.000470424784096392,72.19120411106705,93.84856534438717,10.0,64.0,4.7042478409639196e-05,93.15583949068481,3.254457115850377
,,,,,155998.6736698171,36860.0,0.775421351164679,119998.97974601314,0.000470424784096392,72.23502692674678,93.90553500477083,10.0,64.0,4.7042478409639196e-05,93.15583949068481,3.255533905209255
,,,,,156092.63617448226,36870.0,0.7758917759487755,120071.25859575557,0.000470424784096392,72.2788497424265,93.96250466515446,10.0,64.0,4.7042478409639196e-05,93.15583949068481,3.2566112990440894
,,,,,156234.79022778658,36880.0,0.7763622007328719,120180.60786752812,0.000470424784096392,109.34927177254214,142.1540533043048,10.0,10.0,4.7042478409639196e-05,140.84826859076654,3.2586932718960986
,,,,,156377.03041716214,36890.0,0.7768326255169683,120290.023397817,0.000470424784096392,109.41553028888431,142.24018937554962,10.0,10.0,4.7042478409639196e-05,140.84826859076654,3.2607759121121442
,,,,,156519.6277723649,36910.0,0.7773030503010647,120399.7136710499,0.000470424784096392,109.69027323290504,142.59735520277655,10.0,167.0,4.7042478409639196e-05,141.1164837066056,3.261980863480084
,,,,,156662.3114276665,36920.0,0.7777734750851611,120509.47032897419,0.000470424784096392,109.75665792428516,142.68365530157072,10.0,167.0,4.7042478409639196e-05,141.1164837066056,3.2640701605897666
,,,,,156805.08138306686,36930.0,0.7782438998692576,120619.29337158985,0.000470424784096392,109.82304261566529,142.76995540036486,10.0,167.0,4.7042478409639196e-05,141.1164837066056,3.266160123790681
,,,,,156947.937638566,36940.0,0.778714324653354,120729.1827988969,0.000470424784096392,109.88942730704542,142.85625549915906,10.0,167.0,4.7042478409639196e-05,141.1164837066056,3.268250752541876
,,,,,157090.88019416397,36950.0,0.7791847494374504,120839.13861089533,0.000470424784096392,109.95581199842555,142.9425555979532,10.0,167.0,4.7042478409639196e-05,141.1164837066056,3.2703420463029858
,,,,,157233.90904986073,36960.0,0.7796551742215468,120949.16080758514,0.000470424784096392,110.02219668980567,143.02885569674737,10.0,167.0,4.7042478409639196e-05,141.1164837066056,3.27243400453423
,,,,,157377.02420565626,36970.0,0.7801255990056433,121059.24938896633,0.000470424784096392,110.08858138118579,143.11515579554154,10.0,167.0,4.7042478409639196e-05,141.1164837066056,3.2745266266964115
,,,,,157520.2256615506,36980.0,0.7805960237897397,121169.4043550389,0.000470424784096392,110.15496607256593,143.2014558943357,10.0,167.0,4.7042478409639196e-05,141.1164837066056,3.2766199122509168
,,,,,157663.51341754373,37000.0,0.7810664485738361,121279.62570580284,0.000470424784096392,110.22135076394605,143.28775599312988,10.0,167.0,4.7042478409639196e-05,141.1164837066056,3.277827721778455
,,,,,157806.88747363564,37010.0,0.7815368733579325,121389.91344125816,0.000470424784096392,110.28773545532617,143.37405609192402,10.0,167.0,4.7042478409639196e-05,141.1164837066056,3.2799220059783347
,,,,,157869.27422872733,37020.0,0.782007298142029,121437.90325286715,0.000470424784096392,47.989811608984915,62.38675509168039,10.0,165.0,4.7042478409639196e-05,61.3674728138777,3.280332340704137
,,,,,157931.6985132332,37030.0,0.7824777229261254,121485.9219332563,0.000470424784096392,48.01868038913393,62.424284505874105,10.0,165.0,4.7042478409639196e-05,61.3674728138777,3.2807432334122684
,,,,,157994.16032715325,37040.0,0.7829481477102218,121533.96948242557,0.000470424784096392,48.04754916928294,62.46181392006782,10.0,165.0,4.7042478409639196e-05,61.3674728138777,3.2811546836507985
,,,,,158056.6596704875,37050.0,0.7834185724943182,121582.045900375,0.000470424784096392,48.07641794943195,62.49934333426154,10.0,165.0,4.7042478409639196e-05,61.3674728138777,3.281566690968286
,,,,,158119.19654323597,37060.0,0.7838889972784147,121630.15118710458,0.000470424784096392,48.10528672958096,62.53687274845525,10.0,165.0,4.7042478409639196e-05,61.3674728138777,3.281979254913777
,,,,,158199.8541827539,37070.0,0.7843594220625111,121692.19552519529,0.000470424784096392,62.04433809071386,80.65763951792802,10.0,170.0,4.7042478409639196e-05,79.10192234009922,3.282767616002031
,,,,,158280.56019722798,37080.0,0.7848298468466075,121754.27707479075,0.000470424784096392,62.081549595452316,80.70601447408801,10.0,170.0,4.7042478409639196e-05,79.10192234009922,3.2835565554150685
,,,,,158361.31458665823,37090.0,0.7853002716307039,121816.39583589094,0.000470424784096392,62.11876110019077,80.754389430248,10.0,170.0,4.7042478409639196e-05,79.10192234009922,3.284346072685116
,,,,,158397.49504006005,37100.0,0.7857706964148004,121844.22695389234,0.000470424784096392,27.831118001395353,36.18045340181396,10.0,168.0,4.7042478409639196e-05,35.418879996898724,3.2842109691076105
,,,,,158433.69715395654,37110.0,0.7862411211988968,121872.07473381271,0.000470424784096392,27.84777992037083,36.20211389648208,10.0,168.0,4.7042478409639196e-05,35.418879996898724,3.2840763873299035
,,,,,158469.92092834768,37120.0,0.7867115459829932,121899.93917565206,0.000470424784096392,27.86444183934631,36.2237743911502,10.0,168.0,4.7042478409639196e-05,35.418879996898724,3.283942326930282
,,,,,158506.1663632335,37130.0,0.7871819707670896,121927.82027941039,0.000470424784096392,27.881103758321785,36.24543488581832,10.0,168.0,4.7042478409639196e-05,35.418879996898724,3.283808787487487
,,,,,158542.433458614,37140.0,0.787652395551186,121955.71804508768,0.000470424784096392,27.897765677297265,36.267095380486445,10.0,168.0,4.7042478409639196e-05,35.418879996898724,3.283675768580713
,,,,,158578.72221448916,37150.0,0.7881228203352825,121983.63247268395,0.000470424784096392,27.914427596272745,36.28875587515457,10.0,168.0,4.7042478409639196e-05,35.418879996898724,3.2835432697896083
,,,,,158615.03263085897,37160.0,0.7885932451193789,122011.5635621992,0.000470424784096392,27.93108951524822,36.31041636982269,10.0,168.0,4.7042478409639196e-05,35.418879996898724,3.283411290694273
,,,,,158651.36470772346,37170.0,0.7890636699034753,122039.51131363343,0.000470424784096392,27.9477514342237,36.332076864490816,10.0,168.0,4.7042478409639196e-05,35.418879996898724,3.2832798308752604
,,,,,158687.71844508263,37180.0,0.7895340946875717,122067.47572698662,0.000470424784096392,27.964413353199177,36.353737359158934,10.0,168.0,4.7042478409639196e-05,35.418879996898724,3.2831488899135723
,,,,,158724.09384293645,37190.0,0.7900045194716682,122095.45680225879,0.000470424784096392,27.981075272174657,36.37539785382705,10.0,168.0,4.7042478409639196e-05,35.418879996898724,3.2830184673906637
,,,,,158760.49090128494,37200.0,0.7904749442557646,122123.45453944994,0.000470424784096392,27.997737191150133,36.39705834849517,10.0,168.0,4.7042478409639196e-05,35.418879996898724,3.282888562888439
,,,,,158796.9096201281,37210.0,0.790945369039861,122151.46893856006,0.000470424784096392,28.014399110125613,36.4187188431633,10.0,168.0,4.7042478409639196e-05,35.418879996898724,3.282759175989252
,,,,,158833.34999946595,37220.0,0.7914157938239574,122179.49999958917,0.000470424784096392,28.031061029101092,36.44037933783142,10.0,168.0,4.7042478409639196e-05,35.418879996898724,3.282630306275905
,,,,,158869.81203929844,37230.0,0.7918862186080539,122207.54772253725,0.000470424784096392,28.04772294807657,36.46203983249954,10.0,168.0,4.7042478409639196e-05,35.418879996898724,3.2825019533316477
,,,,,158906.2957396256,37240.0,0.7923566433921503,122235.6121074043,0.000470424784096392,28.06438486705205,36.48370032716766,10.0,168.0,4.7042478409639196e-05,35.418879996898724,3.28237411674018
,,,,,158942.80110044745,37250.0,0.7928270681762467,122263.69315419033,0.000470424784096392,28.081046786027525,36.50536082183579,10.0,168.0,4.7042478409639196e-05,35.418879996898724,3.2822467960856465
,,,,,158979.32812176395,37260.0,0.7932974929603431,122291.79086289533,0.000470424784096392,28.097708705003004,36.527021316503905,10.0,168.0,4.7042478409639196e-05,35.418879996898724,3.282119990952639
,,,,,159015.8768035751,37270.0,0.7937679177444396,122319.90523351931,0.000470424784096392,28.11437062397848,36.548681811172024,10.0,168.0,4.7042478409639196e-05,35.418879996898724,3.2819937009261957
,,,,,159052.44714588096,37280.0,0.794238342528536,122348.03626606226,0.000470424784096392,28.13103254295396,36.57034230584015,10.0,168.0,4.7042478409639196e-05,35.418879996898724,3.281867925591799
,,,,,159089.03914868148,37290.0,0.7947087673126324,122376.1839605242,0.000470424784096392,28.14769446192944,36.592002800508276,10.0,168.0,4.7042478409639196e-05,35.418879996898724,3.281742664535377
,,,,,159125.65281197664,37300.0,0.7951791920967288,122404.3483169051,0.000470424784096392,28.164356380904916,36.613663295176394,10.0,168.0,4.7042478409639196e-05,35.418879996898724,3.2816179173433
,,,,,159162.2881357665,37310.0,0.7956496168808253,122432.52933520498,0.000470424784096392,28.181018299880396,36.63532378984451,10.0,168.0,4.7042478409639196e-05,35.418879996898724,3.2814936836023847
,,,,,159198.945120051,37320.0,0.7961200416649217,122460.72701542384,0.000470424784096392,28.197680218855872,36.65698428451263,10.0,168.0,4.7042478409639196e-05,35.418879996898724,3.2813699628998885
,,,,,159235.62376483018,37330.0,0.7965904664490181,122488.94135756166,0.000470424784096392,28.214342137831352,36.67864477918076,10.0,168.0,4.7042478409639196e-05,35.418879996898724,3.281246754823511
,,,,,159272.32407010402,37340.0,0.7970608912331145,122517.17236161848,0.000470424784096392,28.231004056806828,36.700305273848876,10.0,168.0,4.7042478409639196e-05,35.418879996898724,3.2811240589613946
,,,,,159309.04603587254,37350.0,0.797531316017211,122545.42002759426,0.000470424784096392,28.247665975782308,36.721965768517,10.0,168.0,4.7042478409639196e-05,35.418879996898724,3.281001874902122
,,,,,159345.78966213574,37360.0,0.7980017408013074,122573.68435548901,0.000470424784096392,28.264327894757788,36.74362626318513,10.0,168.0,4.7042478409639196e-05,35.418879996898724,3.2808802022347163
,,,,,159382.55494889358,37370.0,0.7984721655854038,122601.96534530274,0.000470424784096392,28.280989813733264,36.76528675785325,10.0,168.0,4.7042478409639196e-05,35.418879996898724,3.2807590405486415
,,,,,159419.3418961461,37380.0,0.7989425903695002,122630.26299703545,0.000470424784096392,28.297651732708744,36.786947252521365,10.0,168.0,4.7042478409639196e-05,35.418879996898724,3.2806383894338
,,,,,159456.1505038933,37390.0,0.7994130151535966,122658.57731068713,0.000470424784096392,28.31431365168422,36.808607747189484,10.0,168.0,4.7042478409639196e-05,35.418879996898724,3.2805182484805333
,,,,,159492.98077213514,37400.0,0.7998834399376931,122686.90828625779,0.000470424784096392,28.3309755706597,36.83026824185761,10.0,168.0,4.7042478409639196e-05,35.418879996898724,3.2803986172796202
,,,,,159529.83270087166,37410.0,0.8003538647217895,122715.25592374743,0.000470424784096392,28.347637489635176,36.85192873652573,10.0,168.0,4.7042478409639196e-05,35.418879996898724,3.2802794954222785
,,,,,159566.70629010285,37420.0,0.8008242895058859,122743.62022315605,0.000470424784096392,28.364299408610655,36.873589231193854,10.0,168.0,4.7042478409639196e-05,35.418879996898724,3.2801608825001614
,,,,,159603.60153982873,37430.0,0.8012947142899823,122772.00118448363,0.000470424784096392,28.380961327586135,36.89524972586198,10.0,168.0,4.7042478409639196e-05,35.418879996898724,3.28004277810536
,,,,,159640.51845004925,37440.0,0.8017651390740788,122800.39880773019,0.000470424784096392,28.39762324656161,36.9169102205301,10.0,168.0,4.7042478409639196e-05,35.418879996898724,3.2799251818304005
,,,,,159677.45702076444,37450.0,0.8022355638581752,122828.81309289573,0.000470424784096392,28.41428516553709,36.93857071519822,10.0,168.0,4.7042478409639196e-05,35.418879996898724,3.279808093268244
,,,,,159714.41725197432,37460.0,0.8027059886422716,122857.24403998024,0.000470424784096392,28.430947084512567,36.960231209866336,10.0,168.0,4.7042478409639196e-05,35.418879996898724,3.2796915120122865
,,,,,159751.39914367886,37470.0,0.803176413426368,122885.69164898373,0.000470424784096392,28.447609003488047,36.98189170453446,10.0,168.0,4.7042478409639196e-05,35.418879996898724,3.2795754376563577
,,,,,159788.40269587806,37480.0,0.8036468382104645,122914.15591990619,0.000470424784096392,28.464270922463523,37.00355219920258,10.0,168.0,4.7042478409639196e-05,35.418879996898724,3.279459869794722
,,,,,159825.42790857193,37490.0,0.8041172629945609,122942.63685274763,0.000470424784096392,28.480932841439003,37.02521269387071,10.0,168.0,4.7042478409639196e-05,35.418879996898724,3.279344808022076
,,,,,159862.47478176048,37500.0,0.8045876877786573,122971.13444750804,0.000470424784096392,28.497594760414483,37.04687318853883,10.0,168.0,4.7042478409639196e-05,35.418879996898724,3.279230251933548
,,,,,159899.54331544368,37510.0,0.8050581125627537,122999.64870418744,0.000470424784096392,28.51425667938996,37.06853368320695,10.0,168.0,4.7042478409639196e-05,35.418879996898724,3.2791162011246984
,,,,,159936.63350962155,37520.0,0.8055285373468501,123028.1796227858,0.000470424784096392,28.53091859836544,37.09019417787507,10.0,168.0,4.7042478409639196e-05,35.418879996898724,3.279002655191519
,,,,,159973.7453642941,37530.0,0.8059989621309466,123056.72720330313,0.000470424784096392,28.547580517340915,37.11185467254319,10.0,168.0,4.7042478409639196e-05,35.418879996898724,3.2788896137304326
,,,,,160010.87887946132,37540.0,0.806469386915043,123085.29144573945,0.000470424784096392,28.564242436316395,37.133515167211314,10.0,168.0,4.7042478409639196e-05,35.418879996898724,3.278777076338291
,,,,,160048.0340551232,37550.0,0.8069398116991394,123113.87235009474,0.000470424784096392,28.58090435529187,37.15517566187943,10.0,168.0,4.7042478409639196e-05,35.418879996898724,3.2786650426123765
,,,,,160085.21089127974,37630.0,0.8074102364832358,123142.46991636901,0.000470424784096392,28.59756627426735,37.17683615654756,10.0,168.0,4.7042478409639196e-05,35.418879996898724,3.272454688184135
,,,,,160122.40938793097,37650.0,0.8078806612673323,123171.08414456225,0.000470424784096392,28.614228193242827,37.19849665121568,10.0,168.0,4.7042478409639196e-05,35.418879996898724,3.2714763385009893
,,,,,160159.62954507684,37660.0,0.8083510860514287,123199.71503467447,0.000470424784096392,28.630890112218307,37.2201571458838,10.0,168.0,4.7042478409639196e-05,35.418879996898724,3.2713678978936396
,,,,,160196.8713627174,37670.0,0.8088215108355251,123228.36258670567,0.000470424784096392,28.647552031193786,37.24181764055192,10.0,168.0,4.7042478409639196e-05,35.418879996898724,3.2712599571729672
,,,,,160234.1348408526,37680.0,0.8092919356196215,123257.02680065583,0.000470424784096392,28.664213950169263,37.26347813522004,10.0,168.0,4.7042478409639196e-05,35.418879996898724,3.271152515940972
,,,,,160271.4199794825,37690.0,0.809762360403718,123285.70767652498,0.000470424784096392,28.680875869144742,37.285138629888166,10.0,168.0,4.7042478409639196e-05,35.418879996898724,3.271045573800079
,,,,,160308.72677860706,37700.0,0.8102327851878144,123314.4052143131,0.000470424784096392,28.69753778812022,37.306799124556285,10.0,168.0,4.7042478409639196e-05,35.418879996898724,3.2709391303531326
,,,,,160346.05523822628,37710.0,0.8107032099719108,123343.1194140202,0.000470424784096392,28.7141997070957,37.32845961922441,10.0,168.0,4.7042478409639196e-05,35.418879996898724,3.2708331852033994
,,,,,160383.40535834018,37720.0,0.8111736347560072,123371.85027564627,0.000470424784096392,28.730861626071174,37.35012011389253,10.0,168.0,4.7042478409639196e-05,35.418879996898724,3.270727737954567
,,,,,160420.77713894873,37730.0,0.8116440595401037,123400.59779919131,0.000470424784096392,28.747523545046654,37.37178060856065,10.0,168.0,4.7042478409639196e-05,35.418879996898724,3.2706227882107424
,,,,,160458.17058005196,37740.0,0.8121144843242001,123429.36198465533,0.000470424784096392,28.764185464022134,37.393441103228774,10.0,168.0,4.7042478409639196e-05,35.418879996898724,3.270518335576453
,,,,,160495.58568164986,37750.0,0.8125849091082965,123458.14283203833,0.000470424784096392,28.78084738299761,37.41510159789689,10.0,168.0,4.7042478409639196e-05,35.418879996898724,3.2704143796566445
,,,,,160533.02244374243,37760.0,0.8130553338923929,123486.9403413403,0.000470424784096392,28.79750930197309,37.43676209256502,10.0,168.0,4.7042478409639196e-05,35.418879996898724,3.270310920056682
,,,,,160570.48086632966,37770.0,0.8135257586764894,123515.75451256125,0.000470424784096392,28.814171220948566,37.45842258723314,10.0,168.0,4.7042478409639196e-05,35.418879996898724,3.270207956382347
,,,,,160607.96094941156,37780.0,0.8139961834605858,123544.58534570118,0.000470424784096392,28.830833139924046,37.48008308190126,10.0,168.0,4.7042478409639196e-05,35.418879996898724,3.2701054882398406
,,,,,160645.46269298813,37790.0,0.8144666082446822,123573.43284076008,0.000470424784096392,28.847495058899522,37.50174357656938,10.0,168.0,4.7042478409639196e-05,35.418879996898724,3.270003515235779
,,,,,160682.98609705936,37800.0,0.8149370330287786,123602.29699773795,0.000470424784096392,28.864156977875002,37.5234040712375,10.0,168.0,4.7042478409639196e-05,35.418879996898724,3.2699020369771947
,,,,,160720.53116162526,37810.0,0.815407457812875,123631.17781663481,0.000470424784096392,28.88081889685048,37.545064565905626,10.0,168.0,4.7042478409639196e-05,35.418879996898724,3.2698010530715367
,,,,,160758.09788668583,37820.0,0.8158778825969715,123660.07529745063,0.000470424784096392,28.897480815825958,37.566725060573745,10.0,168.0,4.7042478409639196e-05,35.418879996898724,3.269700563126669
,,,,,160795.6862722411,37830.0,0.8163483073810679,123688.98944018544,0.000470424784096392,28.914142734801437,37.58838555524187,10.0,168.0,4.7042478409639196e-05,35.418879996898724,3.2696005667508707
,,,,,160833.296318291,37840.0,0.8168187321651643,123717.92024483922,0.000470424784096392,28.930804653776914,37.61004604990999,10.0,168.0,4.7042478409639196e-05,35.418879996898724,3.2695010635528337
,,,,,160870.92802483556,37850.0,0.8172891569492607,123746.86771141196,0.000470424784096392,28.947466572752393,37.631706544578115,10.0,168.0,4.7042478409639196e-05,35.418879996898724,3.2694020531416634
,,,,,160908.58139187482,37860.0,0.8177595817333572,123775.8318399037,0.000470424784096392,28.96412849172787,37.653367039246234,10.0,168.0,4.7042478409639196e-05,35.418879996898724,3.2693035351268804
,,,,,160946.25641940872,37870.0,0.8182300065174536,123804.8126303144,0.000470424784096392,28.98079041070335,37.67502753391435,10.0,168.0,4.7042478409639196e-05,35.418879996898724,3.2692055091184153
,,,,,160983.9531074373,37880.0,0.81870043130155,123833.81008264408,0.000470424784096392,28.99745232967883,37.69668802858248,10.0,168.0,4.7042478409639196e-05,35.418879996898724,3.2691079747266123
,,,,,161021.67145596055,37890.0,0.8191708560856464,123862.82419689273,0.000470424784096392,29.014114248654305,37.7183485232506,10.0,168.0,4.7042478409639196e-05,35.418879996898724,3.2690109315622258
,,,,,161092.4525901312,37900.0,0.819179907913564,123917.27122317784,9.051827917499328e-06,54.447026285111995,70.7811341706456,10.0,273.0,9.051827917499328e-07,66.46528529219859,3.2695849926959855
,,,,,161163.23450642388,37910.0,0.8191889597414815,123971.71885109528,9.051827917499328e-06,54.447627917436954,70.78191629266804,10.0,273.0,9.051827917499328e-07,66.46528529219859,3.2701587668450354
,,,,,161234.01720483857,37920.0,0.8191980115693991,124026.16708064504,9.051827917499328e-06,54.44822954976191,70.78269841469049,10.0,273.0,9.051827917499328e-07,66.46528529219859,3.2707322542364197
,,,,,161304.8006853753,37930.0,0.8192070633973166,124080.61591182713,9.051827917499328e-06,54.44883118208686,70.78348053671293,10.0,273.0,9.051827917499328e-07,66.46528529219859,3.2713054550969454
,,,,,161375.58494803403,37940.0,0.8192161152252342,124135.06534464154,9.051827917499328e-06,54.44943281441182,70.78426265873537,10.0,273.0,9.051827917499328e-07,66.46528529219859,3.271878369653177
,,,,,161446.36999281478,37950.0,0.8192251670531517,124189.51537908828,9.051827917499328e-06,54.45003444673678,70.78504478075781,10.0,273.0,9.051827917499328e-07,66.46528529219859,3.2724509981314434
,,,,,161517.15581971756,37960.0,0.8192342188810693,124243.96601516733,9.051827917499328e-06,54.45063607906173,70.78582690278026,10.0,273.0,9.051827917499328e-07,66.46528529219859,3.273023340757833
,,,,,161587.94242874236,37970.0,0.8192432707089868,124298.41725287872,9.051827917499328e-06,54.45123771138669,70.7866090248027,10.0,273.0,9.051827917499328e-07,66.46528529219859,3.2735953977581964
,,,,,161658.72981988918,37980.0,0.8192523225369044,124352.86909222243,9.051827917499328e-06,54.45183934371165,70.78739114682514,10.0,273.0,9.051827917499328e-07,66.46528529219859,3.2741671693581473
,,,,,161729.51799315802,37990.0,0.8192613743648219,124407.32153319847,9.051827917499328e-06,54.4524409760366,70.78817326884759,10.0,273.0,9.051827917499328e-07,66.46528529219859,3.2747386557830604
,,,,,161800.30694854888,38000.0,0.8192704261927395,124461.77457580683,9.051827917499328e-06,54.45304260836156,70.78895539087003,10.0,273.0,9.051827917499328e-07,66.46528529219859,3.2753098572580748
,,,,,161871.09668606176,38010.0,0.819279478020657,124516.22822004752,9.051827917499328e-06,54.453644240686515,70.78973751289247,10.0,273.0,9.051827917499328e-07,66.46528529219859,3.2758807740080904
,,,,,161941.88720569666,38020.0,0.8192885298485746,124570.68246592053,9.051827917499328e-06,54.454245873011466,70.79051963491492,10.0,273.0,9.051827917499328e-07,66.46528529219859,3.276451406257773
,,,,,162012.67850745362,38030.0,0.8192975816764921,124625.13731342586,9.051827917499328e-06,54.454847505336424,70.79130175693736,10.0,273.0,9.051827917499328e-07,66.46528529219859,3.2770217542315505
,,,,,162083.4705913326,38040.0,0.8193066335044097,124679.59276256352,9.051827917499328e-06,54.45544913766138,70.7920838789598,10.0,273.0,9.051827917499328e-07,66.46528529219859,3.277591818153615
,,,,,162154.26345733358,38050.0,0.8193156853323272,124734.04881333352,9.051827917499328e-06,54.456050769986334,70.79286600098223,10.0,273.0,9.051827917499328e-07,66.46528529219859,3.2781615982479244
,,,,,162225.0571054566,38060.0,0.8193247371602448,124788.50546573583,9.051827917499328e-06,54.45665240231129,70.79364812300469,10.0,273.0,9.051827917499328e-07,66.46528529219859,3.2787310947381982
,,,,,162295.85153570163,38070.0,0.8193337889881623,124842.96271977047,9.051827917499328e-06,54.45725403463625,70.79443024502713,10.0,273.0,9.051827917499328e-07,66.46528529219859,3.279300307847924
,,,,,162366.64674806868,38110.0,0.8193428408160799,124897.42057543743,9.051827917499328e-06,54.4578556669612,70.79521236704956,10.0,273.0,9.051827917499328e-07,66.46528529219859,3.277287341260494
,,,,,162437.44274255776,38120.0,0.8193518926439974,124951.87903273672,9.051827917499328e-06,54.45845729928616,70.79599448907202,10.0,273.0,9.051827917499328e-07,66.46528529219859,3.277856218067595
,,,,,162508.23951916886,38130.0,0.819360944471915,125006.33809166832,9.051827917499328e-06,54.45905893161111,70.79677661109444,10.0,273.0,9.051827917499328e-07,66.46528529219859,3.2784248122651016
,,,,,162579.03707790197,38140.0,0.8193699962998325,125060.79775223226,9.051827917499328e-06,54.45966056393607,70.79755873311689,10.0,273.0,9.051827917499328e-07,66.46528529219859,3.2789931240753085
,,,,,162649.8354187571,38150.0,0.8193790481277501,125115.25801442852,9.051827917499328e-06,54.46026219626103,70.79834085513934,10.0,273.0,9.051827917499328e-07,66.46528529219859,3.279561153720276
,,,,,162720.63454173427,38160.0,0.8193880999556676,125169.7188782571,9.051827917499328e-06,54.46086382858598,70.79912297716177,10.0,273.0,9.051827917499328e-07,66.46528529219859,3.2801289014218318
,,,,,162791.43444683345,38170.0,0.8193971517835852,125224.18034371802,9.051827917499328e-06,54.46146546091094,70.79990509918422,10.0,273.0,9.051827917499328e-07,66.46528529219859,3.2806963674015726
,,,,,162862.23513405464,38180.0,0.8194062036115027,125278.64241081126,9.051827917499328e-06,54.462067093235895,70.80068722120667,10.0,273.0,9.051827917499328e-07,66.46528529219859,3.2812635518808606
,,,,,162933.03660339786,38190.0,0.8194152554394203,125333.10507953682,9.051827917499328e-06,54.462668725560846,70.8014693432291,10.0,273.0,9.051827917499328e-07,66.46528529219859,3.281830455080828
,,,,,163003.8388548631,38200.0,0.8194243072673378,125387.5683498947,9.051827917499328e-06,54.463270357885804,70.80225146525154,10.0,273.0,9.051827917499328e-07,66.46528529219859,3.2823970772223743
,,,,,163074.64188845037,38210.0,0.8194333590952554,125442.03222188492,9.051827917499328e-06,54.46387199021076,70.80303358727399,10.0,273.0,9.051827917499328e-07,66.46528529219859,3.282963418526169
,,,,,163145.44570415968,38220.0,0.8194424109231729,125496.49669550745,9.051827917499328e-06,54.464473622535714,70.80381570929643,10.0,273.0,9.051827917499328e-07,66.46528529219859,3.2835294792126493
,,,,,163216.250301991,38230.0,0.8194514627510905,125550.96177076231,9.051827917499328e-06,54.46507525486067,70.80459783131887,10.0,273.0,9.051827917499328e-07,66.46528529219859,3.2840952595020223
,,,,,163287.05568194436,38240.0,0.819460514579008,125605.42744764949,9.051827917499328e-06,54.46567688718563,70.80537995334132,10.0,273.0,9.051827917499328e-07,66.46528529219859,3.284660759614265
,,,,,163357.86184401973,38250.0,0.8194695664069256,125659.893726169,9.051827917499328e-06,54.46627851951058,70.80616207536376,10.0,273.0,9.051827917499328e-07,66.46528529219859,3.285225979769124
,,,,,163428.66878821712,38260.0,0.8194786182348431,125714.36060632084,9.051827917499328e-06,54.46688015183554,70.8069441973862,10.0,273.0,9.051827917499328e-07,66.46528529219859,3.285790920186117
,,,,,163499.47651453654,38270.0,0.8194876700627607,125768.828088105,9.051827917499328e-06,54.4674817841605,70.80772631940864,10.0,273.0,9.051827917499328e-07,66.46528529219859,3.286355581084531
,,,,,163570.28502297797,38280.0,0.8194967218906782,125823.29617152149,9.051827917499328e-06,54.46808341648545,70.80850844143109,10.0,273.0,9.051827917499328e-07,66.46528529219859,3.2869199626834247
,,,,,163641.09431354143,38290.0,0.8195057737185958,125877.7648565703,9.051827917499328e-06,54.46868504881041,70.80929056345353,10.0,273.0,9.051827917499328e-07,66.46528529219859,3.287484065201627
,,,,,163711.9043862269,38300.0,0.8195148255465133,125932.23414325144,9.051827917499328e-06,54.469286681135365,70.81007268547597,10.0,273.0,9.051827917499328e-07,66.46528529219859,3.28804788885774
,,,,,163782.7152410344,38310.0,0.8195238773744309,125986.70403156489,9.051827917499328e-06,54.46988831346032,70.81085480749842,10.0,273.0,9.051827917499328e-07,66.46528529219859,3.2886114338701353
,,,,,163853.52687796392,38320.0,0.8195329292023484,126041.17452151068,9.051827917499328e-06,54.470489945785275,70.81163692952086,10.0,273.0,9.051827917499328e-07,66.46528529219859,3.289174700456959
,,,,,163924.33929701545,38330.0,0.819541981030266,126095.64561308878,9.051827917499328e-06,54.47109157811023,70.8124190515433,10.0,273.0,9.051827917499328e-07,66.46528529219859,3.289737688836128
,,,,,163995.152498189,38340.0,0.8195510328581835,126150.11730629922,9.051827917499328e-06,54.471693210435184,70.81320117356574,10.0,273.0,9.051827917499328e-07,66.46528529219859,3.2903003992253317
,,,,,164065.9664814846,38350.0,0.8195600846861011,126204.58960114198,9.051827917499328e-06,54.47229484276014,70.81398329558819,10.0,273.0,9.051827917499328e-07,66.46528529219859,3.2908628318420337
,,,,,164136.7812469022,38360.0,0.8195691365140186,126259.06249761707,9.051827917499328e-06,54.4728964750851,70.81476541761063,10.0,273.0,9.051827917499328e-07,66.46528529219859,3.291424986903469
,,,,,164207.5967944418,38370.0,0.8195781883419362,126313.53599572448,9.051827917499328e-06,54.47349810741005,70.81554753963307,10.0,273.0,9.051827917499328e-07,66.46528529219859,3.2919868646266477
,,,,,164278.41312410348,38380.0,0.8195872401698537,126368.01009546421,9.051827917499328e-06,54.47409973973501,70.81632966165552,10.0,273.0,9.051827917499328e-07,66.46528529219859,3.2925484652283536
,,,,,164349.23023588717,38390.0,0.8195962919977713,126422.48479683627,9.051827917499328e-06,54.47470137205997,70.81711178367796,10.0,273.0,9.051827917499328e-07,66.46528529219859,3.2931097889251437
,,,,,164420.04812979288,38400.0,0.8196053438256888,126476.96009984065,9.051827917499328e-06,54.47530300438492,70.8178939057004,10.0,273.0,9.051827917499328e-07,66.46528529219859,3.29367083593335
,,,,,164490.8668058206,38410.0,0.8196143956536064,126531.43600447736,9.051827917499328e-06,54.47590463670988,70.81867602772284,10.0,273.0,9.051827917499328e-07,66.46528529219859,3.29423160646908
,,,,,164561.68626397036,38420.0,0.8196234474815239,126585.91251074639,9.051827917499328e-06,54.476506269034836,70.81945814974529,10.0,273.0,9.051827917499328e-07,66.46528529219859,3.2947921007482144
,,,,,164632.50650424213,38430.0,0.8196324993094415,126640.38961864775,9.051827917499328e-06,54.47710790135979,70.82024027176773,10.0,273.0,9.051827917499328e-07,66.46528529219859,3.2953523189864105
,,,,,164703.32752663593,38440.0,0.819641551137359,126694.86732818144,9.051827917499328e-06,54.477709533684745,70.82102239379017,10.0,273.0,9.051827917499328e-07,66.46528529219859,3.295912261399101
,,,,,164774.14933115174,38450.0,0.8196506029652766,126749.34563934745,9.051827917499328e-06,54.4783111660097,70.82180451581262,10.0,273.0,9.051827917499328e-07,66.46528529219859,3.2964719282014943
,,,,,164844.97191778957,38460.0,0.8196596547931941,126803.82455214579,9.051827917499328e-06,54.478912798334655,70.82258663783506,10.0,273.0,9.051827917499328e-07,66.46528529219859,3.2970313196085748
,,,,,164915.79528654943,38470.0,0.8196687066211117,126858.30406657644,9.051827917499328e-06,54.47951443065961,70.8233687598575,10.0,273.0,9.051827917499328e-07,66.46528529219859,3.2975904358351036
,,,,,164986.6194374313,38480.0,0.8196777584490292,126912.78418263943,9.051827917499328e-06,54.48011606298457,70.82415088187994,10.0,273.0,9.051827917499328e-07,66.46528529219859,3.2981492770956193
,,,,,165057.4443704352,38490.0,0.8196868102769468,126967.26490033473,9.051827917499328e-06,54.48071769530952,70.82493300390239,10.0,273.0,9.051827917499328e-07,66.46528529219859,3.298707843604436
,,,,,165128.27008556112,38500.0,0.8196958621048643,127021.74621966237,9.051827917499328e-06,54.48131932763448,70.82571512592483,10.0,273.0,9.051827917499328e-07,66.46528529219859,3.299266135575646
,,,,,165199.09658280906,38510.0,0.8197049139327819,127076.22814062233,9.051827917499328e-06,54.48192095995944,70.82649724794727,10.0,273.0,9.051827917499328e-07,66.46528529219859,3.2998241532231196
,,,,,165269.923862179,38520.0,0.8197139657606994,127130.71066321462,9.051827917499328e-06,54.48252259228439,70.82727936996972,10.0,273.0,9.051827917499328e-07,66.46528529219859,3.300381896760504
,,,,,165340.751923671,38530.0,0.819723017588617,127185.19378743923,9.051827917499328e-06,54.48312422460935,70.82806149199216,10.0,273.0,9.051827917499328e-07,66.46528529219859,3.300939366401226
,,,,,165411.58076728502,38540.0,0.8197320694165345,127239.67751329616,9.051827917499328e-06,54.483725856934306,70.8288436140146,10.0,273.0,9.051827917499328e-07,66.46528529219859,3.301496562358489
,,,,,165482.41039302107,38550.0,0.8197411212444521,127294.16184078543,9.051827917499328e-06,54.48432748925926,70.82962573603703,10.0,273.0,9.051827917499328e-07,66.46528529219859,3.3020534848452767
,,,,,165553.24080087914,38560.0,0.8197501730723696,127348.646769907,9.051827917499328e-06,54.484929121584216,70.83040785805949,10.0,273.0,9.051827917499328e-07,66.46528529219859,3.3026101340743517
,,,,,165624.07199085923,38570.0,0.8197592249002872,127403.13230066092,9.051827917499328e-06,54.485530753909174,70.83118998008193,10.0,273.0,9.051827917499328e-07,66.46528529219859,3.3031665102582557
,,,,,165694.90396296134,38580.0,0.8197682767282047,127457.61843304714,9.051827917499328e-06,54.486132386234125,70.83197210210436,10.0,273.0,9.051827917499328e-07,66.46528529219859,3.303722613609309
,,,,,165765.73671718547,38590.0,0.8197773285561223,127512.1051670657,9.051827917499328e-06,54.48673401855908,70.83275422412682,10.0,273.0,9.051827917499328e-07,66.46528529219859,3.304278444339614
,,,,,165836.57025353162,38600.0,0.8197863803840398,127566.5925027166,9.051827917499328e-06,54.48733565088404,70.83353634614926,10.0,273.0,9.051827917499328e-07,66.46528529219859,3.304834002661052
,,,,,165907.4045719998,38610.0,0.8197954322119574,127621.0804399998,9.051827917499328e-06,54.48793728320899,70.83431846817169,10.0,273.0,9.051827917499328e-07,66.46528529219859,3.3053892887852836
,,,,,165978.23967259,38620.0,0.8198044840398749,127675.56897891534,9.051827917499328e-06,54.48853891553395,70.83510059019414,10.0,273.0,9.051827917499328e-07,66.46528529219859,3.305944302923753
,,,,,166049.0755553022,38630.0,0.8198135358677925,127730.0581194632,9.051827917499328e-06,54.48914054785891,70.83588271221659,10.0,273.0,9.051827917499328e-07,66.46528529219859,3.306499045287683
,,,,,166119.91222013644,38640.0,0.81982258769571,127784.54786164338,9.051827917499328e-06,54.48974218018386,70.83666483423902,10.0,273.0,9.051827917499328e-07,66.46528529219859,3.307053516088079
,,,,,166190.7496670927,38650.0,0.8198316395236276,127839.03820545589,9.051827917499328e-06,54.49034381250882,70.83744695626147,10.0,273.0,9.051827917499328e-07,66.46528529219859,3.307607715535728
,,,,,166261.58789617097,38660.0,0.8198406913515451,127893.52915090072,9.051827917499328e-06,54.49094544483378,70.83822907828392,10.0,273.0,9.051827917499328e-07,66.46528529219859,3.3081616438411983
,,,,,166332.42690737126,38670.0,0.8198497431794627,127948.02069797787,9.051827917499328e-06,54.49154707715873,70.83901120030635,10.0,273.0,9.051827917499328e-07,66.46528529219859,3.3087153012148405
,,,,,166403.26670069358,38680.0,0.8198587950073802,128002.51284668736,9.051827917499328e-06,54.492148709483686,70.83979332232879,10.0,273.0,9.051827917499328e-07,66.46528529219859,3.309268687866788
,,,,,166474.10727613792,38690.0,0.8198678468352978,128057.00559702917,9.051827917499328e-06,54.492750341808645,70.84057544435124,10.0,273.0,9.051827917499328e-07,66.46528529219859,3.3098218040069574
,,,,,166634.8530770187,38700.0,0.8199316667870618,128180.65621309131,6.381995176398214e-05,123.65061606213825,160.74580088077974,10.0,87.0,6.381995176398213e-06,150.80600136675855,3.312161659253005
,,,,,166795.6113896607,38710.0,0.8199954867388257,128304.31645358518,6.381995176398214e-05,123.6602404938712,160.75831264203256,10.0,87.0,6.381995176398213e-06,150.80600136675855,3.314500554212999
,,,,,166956.382214064,38720.0,0.8200593066905897,128427.98631851078,6.381995176398214e-05,123.66986492560413,160.7708244032854,10.0,87.0,6.381995176398213e-06,150.80600136675855,3.3168384896309604
,,,,,167117.16555022856,38730.0,0.8201231266423537,128551.66580786812,6.381995176398214e-05,123.67948935733708,160.7833361645382,10.0,87.0,6.381995176398213e-06,150.80600136675855,3.319175466250145
,,,,,167277.96139815435,38740.0,0.8201869465941176,128675.35492165718,6.381995176398214e-05,123.68911378907002,160.79584792579104,10.0,87.0,6.381995176398213e-06,150.80600136675855,3.3215114848130405
,,,,,167438.7697578414,38750.0,0.8202507665458816,128799.05365987799,6.381995176398214e-05,123.69873822080297,160.80835968704386,10.0,87.0,6.381995176398213e-06,150.80600136675855,3.3238465460613673
,,,,,167599.59062928968,38760.0,0.8203145864976455,128922.76202253053,6.381995176398214e-05,123.70836265253591,160.82087144829669,10.0,87.0,6.381995176398213e-06,150.80600136675855,3.326180650736082
,,,,,167760.42401249922,38770.0,0.8203784064494095,129046.4800096148,6.381995176398214e-05,123.71798708426886,160.8333832095495,10.0,87.0,6.381995176398213e-06,150.80600136675855,3.328513799577374
,,,,,167921.26990747004,38780.0,0.8204422264011735,129170.2076211308,6.381995176398214e-05,123.7276115160018,160.84589497080233,10.0,87.0,6.381995176398213e-06,150.80600136675855,3.3308459933246723
,,,,,168082.1283142021,38790.0,0.8205060463529374,129293.94485707853,6.381995176398214e-05,123.73723594773475,160.8584067320552,10.0,87.0,6.381995176398213e-06,150.80600136675855,3.3331772327166416
,,,,,168242.9992326954,38800.0,0.8205698663047014,129417.691717458,6.381995176398214e-05,123.74686037946768,160.87091849330798,10.0,87.0,6.381995176398213e-06,150.80600136675855,3.3355075184911858
,,,,,168403.88266294997,38810.0,0.8206336862564654,129541.4482022692,6.381995176398214e-05,123.75648481120062,160.8834302545608,10.0,87.0,6.381995176398213e-06,150.80600136675855,3.337836851385447
,,,,,168564.77860496577,38820.0,0.8206975062082293,129665.21431151213,6.381995176398214e-05,123.76610924293357,160.89594201581363,10.0,87.0,6.381995176398213e-06,150.80600136675855,3.3401652321358095
,,,,,168601.80100394695,38830.0,0.8208329470852535,129693.6930799592,0.00013544087702407513,28.478768447071175,37.02239898119253,10.0,272.0,1.3544087702407512e-05,34.69496265738138,3.3400384517115427
,,,,,168638.82951177916,38840.0,0.8209683879622776,129722.17654752244,0.00013544087702407513,28.48346756324181,37.02850783221435,10.0,272.0,1.3544087702407512e-05,34.69496265738138,3.33991185755722
,,,,,168675.8641284624,38850.0,0.8211038288393017,129750.66471420185,0.00013544087702407513,28.488166679412444,37.03461668323618,10.0,272.0,1.3544087702407512e-05,34.69496265738138,3.339785449529005
,,,,,168712.90485399665,38860.0,0.8212392697163258,129779.15757999744,0.00013544087702407513,28.49286579558308,37.040725534258,10.0,272.0,1.3544087702407512e-05,34.69496265738138,3.3396592274832075
,,,,,168749.95168838193,38870.0,0.8213747105933499,129807.6551449092,0.00013544087702407513,28.497564911753713,37.04683438527983,10.0,272.0,1.3544087702407512e-05,34.69496265738138,3.339533191276285
,,,,,168787.00463161824,38880.0,0.821510151470374,129836.15740893711,0.00013544087702407513,28.502264027924348,37.05294323630165,10.0,272.0,1.3544087702407512e-05,34.69496265738138,3.3394073407648435
,,,,,168824.06368370558,38890.0,0.8216455923473981,129864.66437208121,0.00013544087702407513,28.506963144094982,37.05905208732348,10.0,272.0,1.3544087702407512e-05,34.69496265738138,3.339281675805637
,,,,,168861.1288446439,38900.0,0.8217810332244222,129893.17603434148,0.00013544087702407513,28.511662260265616,37.0651609383453,10.0,272.0,1.3544087702407512e-05,34.69496265738138,3.339156196255565
,,,,,168898.20011443328,38910.0,0.8219164741014463,129921.69239571791,0.00013544087702407513,28.51636137643625,37.07126978936713,10.0,272.0,1.3544087702407512e-05,34.69496265738138,3.3390309019716757
,,,,,168935.27749307366,38920.0,0.8220519149784704,129950.21345621052,0.00013544087702407513,28.521060492606885,37.07737864038895,10.0,272.0,1.3544087702407512e-05,34.69496265738138,3.3389057928111643
,,,,,168972.36098056508,38930.0,0.8221873558554945,129978.7392158193,0.00013544087702407513,28.52575960877752,37.08348749141078,10.0,272.0,1.3544087702407512e-05,34.69496265738138,3.3387808686313716
,,,,,169009.45057690752,38940.0,0.8223227967325186,130007.26967454424,0.00013544087702407513,28.530458724948154,37.0895963424326,10.0,272.0,1.3544087702407512e-05,34.69496265738138,3.3386561292897854
,,,,,169046.546282101,38950.0,0.8224582376095427,130035.80483238536,0.00013544087702407513,28.53515784111879,37.09570519345443,10.0,272.0,1.3544087702407512e-05,34.69496265738138,3.33853157464404
,,,,,169083.64809614545,38960.0,0.8225936784865668,130064.34468934264,0.00013544087702407513,28.539856957289423,37.10181404447625,10.0,272.0,1.3544087702407512e-05,34.69496265738138,3.338407204551916
,,,,,169120.75601904094,38970.0,0.8227291193635909,130092.88924541611,0.00013544087702407513,28.544556073460058,37.10792289549808,10.0,272.0,1.3544087702407512e-05,34.69496265738138,3.3382830188713397
,,,,,169157.87005078746,38980.0,0.822864560240615,130121.43850060574,0.00013544087702407513,28.549255189630692,37.1140317465199,10.0,272.0,1.3544087702407512e-05,34.69496265738138,3.3381590174603835
,,,,,169194.990191385,38990.0,0.8230000011176392,130149.99245491154,0.00013544087702407513,28.553954305801327,37.12014059754173,10.0,272.0,1.3544087702407512e-05,34.69496265738138,3.338035200177264
,,,,,169232.11644083358,39000.0,0.8231354419946633,130178.55110833352,0.00013544087702407513,28.55865342197196,37.12624944856355,10.0,272.0,1.3544087702407512e-05,34.69496265738138,3.3379115668803467
,,,,,169388.528031795,39010.0,0.8231363739755412,130298.86771676538,9.319808779398052e-07,120.31660843187,156.411590961431,10.0,274.0,9.319808779398052e-08,146.1684992132848,3.3401401619268234
,,,,,169544.93979985054,39020.0,0.8231373059564191,130419.1844614235,9.319808779398052e-07,120.31674465811622,156.41176805555108,10.0,274.0,9.319808779398052e-08,146.1684992132848,3.3423676181810227
,,,,,169701.35174500023,39030.0,0.823138237937297,130539.50134230786,9.319808779398052e-07,120.31688088436243,156.41194514967117,10.0,274.0,9.319808779398052e-08,146.1684992132848,3.3445939365182644
,,,,,169857.763867244,39040.0,0.8231391699181749,130659.81835941847,9.319808779398052e-07,120.31701711060866,156.41212224379126,10.0,274.0,9.319808779398052e-08,146.1684992132848,3.346819117812973
,,,,,170014.17616658192,39050.0,0.8231401018990528,130780.13551275533,9.319808779398052e-07,120.31715333685487,156.41229933791135,10.0,274.0,9.319808779398052e-08,146.1684992132848,3.3490431629386768
,,,,,170170.58864301397,39060.0,0.8231410338799308,130900.45280231842,9.319808779398052e-07,120.3172895631011,156.41247643203144,10.0,274.0,9.319808779398052e-08,146.1684992132848,3.351266072768009
,,,,,170327.0012965401,39070.0,0.8231419658608087,131020.77022810777,9.319808779398052e-07,120.31742578934733,156.41265352615153,10.0,274.0,9.319808779398052e-08,146.1684992132848,3.3534878481727097
,,,,,170483.4141271604,39090.0,0.8231428978416866,131141.08779012336,9.319808779398052e-07,120.31756201559354,156.4128306202716,10.0,274.0,9.319808779398052e-08,146.1684992132848,3.3548500330039235
,,,,,170639.82713487477,39100.0,0.8231438298225645,131261.4054883652,9.319808779398052e-07,120.31769824183976,156.4130077143917,10.0,274.0,9.319808779398052e-08,146.1684992132848,3.357069194075837
,,,,,170796.24031968327,39110.0,0.8231447618034424,131381.7233228333,9.319808779398052e-07,120.31783446808598,156.41318480851177,10.0,274.0,9.319808779398052e-08,146.1684992132848,3.3592872238003912
,,,,,170952.6536815859,39120.0,0.8231456937843203,131502.04129352764,9.319808779398052e-07,120.3179706943322,156.41336190263186,10.0,274.0,9.319808779398052e-08,146.1684992132848,3.361504123045185
,,,,,171109.06722058266,39130.0,0.8231466257651983,131622.35940044821,9.319808779398052e-07,120.31810692057842,156.41353899675195,10.0,274.0,9.319808779398052e-08,146.1684992132848,3.3637198926769285
,,,,,171265.48093667353,39140.0,0.8231475577460762,131742.67764359503,9.319808779398052e-07,120.31824314682464,156.41371609087204,10.0,274.0,9.319808779398052e-08,146.1684992132848,3.365934533561447
,,,,,171421.89482985853,39150.0,0.8231484897269541,131862.9960229681,9.319808779398052e-07,120.31837937307087,156.41389318499213,10.0,274.0,9.319808779398052e-08,146.1684992132848,3.3681480465636806
,,,,,171578.30890013764,39160.0,0.823149421707832,131983.3145385674,9.319808779398052e-07,120.31851559931708,156.41407027911222,10.0,274.0,9.319808779398052e-08,146.1684992132848,3.370360432547687
,,,,,171734.72314751087,39170.0,0.8231503536887099,132103.63319039298,9.319808779398052e-07,120.31865182556331,156.4142473732323,10.0,274.0,9.319808779398052e-08,146.1684992132848,3.37257169237664
,,,,,171891.13757197824,39180.0,0.8231512856695878,132223.9519784448,9.319808779398052e-07,120.31878805180952,156.41442446735238,10.0,274.0,9.319808779398052e-08,146.1684992132848,3.374781826912833
,,,,,172047.5521735397,39190.0,0.8231522176504658,132344.27090272284,9.319808779398052e-07,120.31892427805575,156.41460156147247,10.0,274.0,9.319808779398052e-08,146.1684992132848,3.376990837017679
,,,,,172203.9669521953,39200.0,0.8231531496313437,132464.58996322713,9.319808779398052e-07,120.31906050430197,156.41477865559256,10.0,274.0,9.319808779398052e-08,146.1684992132848,3.3791987235517125
,,,,,172360.381907945,39210.0,0.8231540816122216,132584.9091599577,9.319808779398052e-07,120.31919673054819,156.41495574971265,10.0,274.0,9.319808779398052e-08,146.1684992132848,3.3814054873745905
,,,,,172516.79704078884,39220.0,0.8231550135930995,132705.2284929145,9.319808779398052e-07,120.31933295679441,156.41513284383274,10.0,274.0,9.319808779398052e-08,146.1684992132848,3.3836111293450917
,,,,,172673.2123507268,39230.0,0.8231559455739774,132825.54796209754,9.319808779398052e-07,120.31946918304062,156.41530993795283,10.0,274.0,9.319808779398052e-08,146.1684992132848,3.38581565032112
,,,,,172829.62783775886,39240.0,0.8231568775548553,132945.86756750682,9.319808779398052e-07,120.31960540928685,156.41548703207292,10.0,274.0,9.319808779398052e-08,146.1684992132848,3.388019051159705
,,,,,172986.04350188505,39250.0,0.8231578095357333,133066.18730914235,9.319808779398052e-07,120.31974163553306,156.41566412619298,10.0,274.0,9.319808779398052e-08,146.1684992132848,3.3902213327170023
,,,,,173142.45934310538,39260.0,0.8231587415166112,133186.5071870041,9.319808779398052e-07,120.31987786177929,156.41584122031307,10.0,274.0,9.319808779398052e-08,146.1684992132848,3.3924224958482965
,,,,,173298.8753614198,39270.0,0.8231596734974891,133306.82720109215,9.319808779398052e-07,120.32001408802552,156.4160183144332,10.0,274.0,9.319808779398052e-08,146.1684992132848,3.394622541408
,,,,,173455.29155682836,39280.0,0.823160605478367,133427.14735140643,9.319808779398052e-07,120.32015031427173,156.41619540855325,10.0,274.0,9.319808779398052e-08,146.1684992132848,3.3968214702496544
,,,,,173611.70792933102,39290.0,0.8231615374592449,133547.46763794695,9.319808779398052e-07,120.32028654051796,156.41637250267334,10.0,274.0,9.319808779398052e-08,146.1684992132848,3.399019283225934
,,,,,173694.82045310954,39300.0,0.82316594676825,133611.4003485458,4.409309005014445e-06,63.93271059885987,83.11252377851784,10.0,251.0,4.409309005014445e-07,77.66685544981512,3.3997811793523107
,,,,,173777.93342208237,39310.0,0.823170356077255,133675.33340160182,4.409309005014445e-06,63.933053056025,83.1129689728325,10.0,251.0,4.409309005014445e-07,77.66685544981512,3.4005426965556302
,,,,,173861.0468362495,39320.0,0.82317476538626,133739.266797115,4.409309005014445e-06,63.93339551319013,83.11341416714717,10.0,251.0,4.409309005014445e-07,77.66685544981512,3.4013038351250002
,,,,,173944.16069561098,39330.0,0.823179174695265,133803.20053508537,4.409309005014445e-06,63.93373797035525,83.11385936146183,10.0,251.0,4.409309005014445e-07,77.66685544981512,3.402064595349234
,,,,,174027.27500016676,39340.0,0.82318358400427,133867.13461551288,4.409309005014445e-06,63.93408042752038,83.1143045557765,10.0,251.0,4.409309005014445e-07,77.66685544981512,3.40282497751685
,,,,,174110.38974991685,39350.0,0.8231879933132751,133931.06903839757,4.409309005014445e-06,63.93442288468551,83.11474975009116,10.0,251.0,4.409309005014445e-07,77.66685544981512,3.4035849819160755
,,,,,174193.50494486126,39360.0,0.8231924026222801,133995.0038037394,4.409309005014445e-06,63.934765341850635,83.11519494440583,10.0,251.0,4.409309005014445e-07,77.66685544981512,3.4043446088348426
,,,,,174276.62058499997,39370.0,0.8231968119312851,134058.93891153843,4.409309005014445e-06,63.93510779901576,83.1156401387205,10.0,251.0,4.409309005014445e-07,77.66685544981512,3.405103858560793
,,,,,174359.736670333,39380.0,0.8232012212402902,134122.87436179462,4.409309005014445e-06,63.93545025618089,83.11608533303516,10.0,251.0,4.409309005014445e-07,77.66685544981512,3.405862731381275
,,,,,174442.85320086035,39390.0,0.8232056305492952,134186.81015450796,4.409309005014445e-06,63.93579271334602,83.11653052734982,10.0,251.0,4.409309005014445e-07,77.66685544981512,3.406621227583345
,,,,,174525.97017658202,39400.0,0.8232100398583002,134250.74628967847,4.409309005014445e-06,63.93613517051114,83.11697572166449,10.0,251.0,4.409309005014445e-07,77.66685544981512,3.407379347453768
,,,,,174609.087597498,39410.0,0.8232144491673052,134314.68276730613,4.409309005014445e-06,63.93647762767627,83.11742091597915,10.0,251.0,4.409309005014445e-07,77.66685544981512,3.408137091279019
,,,,,174692.2054636083,39420.0,0.8232188584763103,134378.61958739097,4.409309005014445e-06,63.9368200848414,83.11786611029382,10.0,251.0,4.409309005014445e-07,77.66685544981512,3.408894459345281
,,,,,174775.3237749129,39430.0,0.8232232677853153,134442.556749933,4.409309005014445e-06,63.937162542006526,83.11831130460848,10.0,251.0,4.409309005014445e-07,77.66685544981512,3.4096514519384478
,,,,,174858.4425314118,39440.0,0.8232276770943203,134506.49425493216,4.409309005014445e-06,63.93750499917165,83.11875649892315,10.0,251.0,4.409309005014445e-07,77.66685544981512,3.4104080693441214
,,,,,174941.56173310505,39450.0,0.8232320864033253,134570.4321023885,4.409309005014445e-06,63.937847456336776,83.11920169323781,10.0,251.0,4.409309005014445e-07,77.66685544981512,3.4111643118476174
,,,,,175024.6813799926,39460.0,0.8232364957123304,134634.370292302,4.409309005014445e-06,63.93818991350191,83.11964688755248,10.0,251.0,4.409309005014445e-07,77.66685544981512,3.4119201797339582
,,,,,175107.80147207447,39470.0,0.8232409050213354,134698.30882467265,4.409309005014445e-06,63.93853237066703,83.12009208186714,10.0,251.0,4.409309005014445e-07,77.66685544981512,3.4126756732878807
,,,,,175190.92200935064,39480.0,0.8232453143303404,134762.2476995005,4.409309005014445e-06,63.93887482783216,83.1205372761818,10.0,251.0,4.409309005014445e-07,77.66685544981512,3.4134307927938323
,,,,,175274.04299182113,39490.0,0.8232497236393455,134826.1869167855,4.409309005014445e-06,63.939217284997284,83.12098247049647,10.0,251.0,4.409309005014445e-07,77.66685544981512,3.4141855385359707
,,,,,175357.16441948595,39500.0,0.8232541329483505,134890.12647652766,4.409309005014445e-06,63.939559742162416,83.12142766481114,10.0,251.0,4.409309005014445e-07,77.66685544981512,3.4149399107981684
,,,,,175440.2862923451,39510.0,0.8232585422573555,134954.06637872697,4.409309005014445e-06,63.93990219932754,83.1218728591258,10.0,251.0,4.409309005014445e-07,77.66685544981512,3.4156939098640082
,,,,,175523.40861039853,39520.0,0.8232629515663605,135018.00662338347,4.409309005014445e-06,63.940244656492666,83.12231805344047,10.0,251.0,4.409309005014445e-07,77.66685544981512,3.416447536016788
,,,,,175659.7255394362,39530.0,0.8233671173616564,135122.86579956627,0.00010416579529580491,104.8591761828111,136.31692903765443,10.0,112.0,1.0416579529580491e-05,127.35409754863052,3.418235917014072
,,,,,175796.05971419695,39540.0,0.8234712831569522,135227.73824168992,0.00010416579529580491,104.87244212366643,136.33417476076636,10.0,112.0,1.0416579529580491e-05,127.35409754863052,3.420023728924884
,,,,,175932.41113468082,39550.0,0.823575448952248,135332.62394975443,0.00010416579529580491,104.88570806452176,136.3514204838783,10.0,112.0,1.0416579529580491e-05,127.35409754863052,3.421810972180896
,,,,,176068.7798008878,39560.0,0.8236796147475438,135437.5229237598,0.00010416579529580491,104.8989740053771,136.36866620699024,10.0,112.0,1.0416579529580491e-05,127.35409754863052,3.4235976472133416
,,,,,176205.1657128179,39570.0,0.8237837805428396,135542.43516370602,0.00010416579529580491,104.91223994623243,136.38591193010217,10.0,112.0,1.0416579529580491e-05,127.35409754863052,3.4253837544530206
,,,,,176341.5688704711,39580.0,0.8238879463381354,135647.3606695931,0.00010416579529580491,104.92550588708777,136.4031576532141,10.0,112.0,1.0416579529580491e-05,127.35409754863052,3.4271692943302954
,,,,,176477.98927384743,39590.0,0.8239921121334313,135752.29944142103,0.00010416579529580491,104.9387718279431,136.42040337632602,10.0,112.0,1.0416579529580491e-05,127.35409754863052,3.4289542672750954
,,,,,176614.42692294688,39600.0,0.8240962779287271,135857.2514791898,0.00010416579529580491,104.95203776879843,136.43764909943798,10.0,112.0,1.0416579529580491e-05,127.35409754863052,3.4307386737169145
,,,,,176750.88181776943,39610.0,0.8242004437240229,135962.21678289946,0.00010416579529580491,104.96530370965377,136.4548948225499,10.0,112.0,1.0416579529580491e-05,127.35409754863052,3.4325225140848135
,,,,,176887.3539583151,39620.0,0.8243046095193187,136067.19535254996,0.00010416579529580491,104.9785696505091,136.47214054566183,10.0,112.0,1.0416579529580491e-05,127.35409754863052,3.4343057888074195
,,,,,177023.84334458387,39630.0,0.8244087753146145,136172.1871881413,0.00010416579529580491,104.99183559136443,136.48938626877376,10.0,112.0,1.0416579529580491e-05,127.35409754863052,3.436088498312927
,,,,,177160.34997657576,39640.0,0.8245129411099104,136277.19228967352,0.00010416579529580491,105.00510153221977,136.5066319918857,10.0,112.0,1.0416579529580491e-05,127.35409754863052,3.4378706430291
,,,,,177296.87385429075,39650.0,0.8246171069052062,136382.21065714658,0.00010416579529580491,105.01836747307512,136.52387771499767,10.0,112.0,1.0416579529580491e-05,127.35409754863052,3.439652223383268
,,,,,177433.41497772885,39660.0,0.824721272700502,136487.2422905605,0.00010416579529580491,105.03163341393045,136.5411234381096,10.0,112.0,1.0416579529580491e-05,127.35409754863052,3.4414332398023326
,,,,,177569.97334689007,39670.0,0.8248254384957978,136592.28718991528,0.00010416579529580491,105.04489935478578,136.55836916122152,10.0,112.0,1.0416579529580491e-05,127.35409754863052,3.4432136927127623
,,,,,177595.18208860373,39680.0,0.82484353922037,136611.67852969503,1.8100724572168472e-05,19.391339779734924,25.208741713655403,10.0,132.0,1.8100724572168474e-06,23.509112768299467,3.442834640365298
,,,,,177620.39138350895,39690.0,0.8248616399449422,136631.07029500674,1.8100724572168472e-05,19.391765311710078,25.209294905223103,10.0,132.0,1.8100724572168474e-06,23.509112768299467,3.4424557897456975
,,,,,177645.60123160575,39700.0,0.8248797406695144,136650.4624858504,1.8100724572168472e-05,19.392190843685235,25.209848096790807,10.0,132.0,1.8100724572168474e-06,23.509112768299467,3.442077140701522
,,,,,177670.8116328941,39710.0,0.8248978413940866,136669.85510222608,1.8100724572168472e-05,19.39261637566039,25.210401288358504,10.0,132.0,1.8100724572168474e-06,23.509112768299467,3.4416986930804856
,,,,,177696.02258737403,39720.0,0.8249159421186588,136689.24814413371,1.8100724572168472e-05,19.393041907635546,25.21095447992621,10.0,132.0,1.8100724572168474e-06,23.509112768299467,3.441320446730456
,,,,,177721.2340950455,39730.0,0.824934042843231,136708.64161157332,1.8100724572168472e-05,19.393467439610703,25.211507671493916,10.0,132.0,1.8100724572168474e-06,23.509112768299467,3.4409424014994543
,,,,,177746.44615590858,39740.0,0.8249521435678032,136728.0355045449,1.8100724572168472e-05,19.393892971585856,25.212060863061613,10.0,132.0,1.8100724572168474e-06,23.509112768299467,3.4405645572356547
,,,,,177771.6587699632,39750.0,0.8249702442923754,136747.42982304847,1.8100724572168472e-05,19.394318503561014,25.21261405462932,10.0,132.0,1.8100724572168474e-06,23.509112768299467,3.440186913787383
,,,,,177796.8719372094,39760.0,0.8249883450169476,136766.824567084,1.8100724572168472e-05,19.39474403553617,25.213167246197024,10.0,132.0,1.8100724572168474e-06,23.509112768299467,3.4398094710031186
,,,,,177981.358793626,39770.0,0.8250238542684291,136908.7375335583,3.550925148143027e-05,141.9129664743034,184.48685641659443,10.0,35.0,3.5509251481430274e-06,172.01074337437367,3.442512887441748
,,,,,178165.85359040715,39780.0,0.8250593635199105,137050.65660800535,3.550925148143027e-05,141.9190744470474,184.49479678116163,10.0,35.0,3.5509251481430274e-06,172.01074337437367,3.4452150982404564
,,,,,178350.35632755287,39790.0,0.8250948727713919,137192.58179042515,3.550925148143027e-05,141.92518241979138,184.50273714572882,10.0,35.0,3.5509251481430274e-06,172.01074337437367,3.447916104308247
,,,,,178534.86700506316,39800.0,0.8251303820228734,137334.51308081768,3.550925148143027e-05,141.93129039253537,184.510677510296,10.0,35.0,3.5509251481430274e-06,172.01074337437367,3.450615906553208
,,,,,178719.38562293802,39810.0,0.8251658912743548,137476.45047918297,3.550925148143027e-05,141.93739836527936,184.51861787486317,10.0,35.0,3.5509251481430274e-06,172.01074337437367,3.453314505882516
,,,,,178903.91218117744,39820.0,0.8252014005258362,137618.393985521,3.550925148143027e-05,141.94350633802335,184.52655823943036,10.0,35.0,3.5509251481430274e-06,172.01074337437367,3.4560119032024357
,,,,,179088.44667978142,39830.0,0.8252369097773177,137760.34359983174,3.550925148143027e-05,141.94961431076734,184.53449860399755,10.0,35.0,3.5509251481430274e-06,172.01074337437367,3.4587080994183212
,,,,,179388.00012359594,39840.0,0.8253549850262516,137990.7693258429,0.00011807524893396721,230.4257260111729,299.55344381452477,10.0,114.0,1.1807524893396721e-05,279.18378175645705,3.4636237280583058
,,,,,179687.59642151336,39850.0,0.8254730602751855,138221.22801654862,0.00011807524893396721,230.4586907057021,299.59629791741276,10.0,114.0,1.1807524893396721e-05,279.18378175645705,3.4685377168519103
,,,,,179987.23557353366,39860.0,0.8255911355241194,138451.71967194884,0.00011807524893396721,230.4916554002313,299.6391520203007,10.0,114.0,1.1807524893396721e-05,279.18378175645705,3.4734500670333377
,,,,,180286.91757965685,39870.0,0.8257092107730534,138682.24429204362,0.00011807524893396721,230.52462009476054,299.6820061231887,10.0,114.0,1.1807524893396721e-05,279.18378175645705,3.478360779835556
,,,,,180586.6424398829,39880.0,0.8258272860219873,138912.8018768329,0.00011807524893396721,230.55758478928973,299.72486022607666,10.0,114.0,1.1807524893396721e-05,279.18378175645705,3.4832698564902933
,,,,,180886.4101542119,39890.0,0.8259453612709212,139143.3924263167,0.00011807524893396721,230.59054948381893,299.76771432896464,10.0,114.0,1.1807524893396721e-05,279.18378175645705,3.488177298228045
,,,,,181186.22072264375,39900.0,0.8260634365198551,139374.01594049507,0.00011807524893396721,230.62351417834816,299.81056843185263,10.0,114.0,1.1807524893396721e-05,279.18378175645705,3.493083106278072
,,,,,181486.07414517849,39910.0,0.8261815117687891,139604.67241936794,0.00011807524893396721,230.65647887287736,299.85342253474056,10.0,114.0,1.1807524893396721e-05,279.18378175645705,3.4979872818684026
,,,,,181785.9342520902,39920.0,0.8261999291296328,139835.33404006925,1.8417360843734738e-05,230.66162070132768,299.860106911726,10.0,104.0,1.8417360843734737e-06,279.18378175645705,3.502889129260252
,,,,,182085.80104337892,39930.0,0.8262183464904765,140066.00080259904,1.8417360843734738e-05,230.66676252977803,299.86679128871145,10.0,104.0,1.8417360843734737e-06,279.18378175645705,3.507788650202831
,,,,,182385.6745190446,39940.0,0.8262367638513203,140296.67270695727,1.8417360843734738e-05,230.67190435822835,299.87347566569684,10.0,104.0,1.8417360843734737e-06,279.18378175645705,3.5126858464435973
,,,,,182685.5546790873,39950.0,0.826255181212164,140527.34975314394,1.8417360843734738e-05,230.67704618667867,299.8801600426823,10.0,104.0,1.8417360843734737e-06,279.18378175645705,3.517580719728259
,,,,,182985.44152350698,39960.0,0.8262735985730078,140758.03194115908,1.8417360843734738e-05,230.682188015129,299.8868444196677,10.0,104.0,1.8417360843734737e-06,279.18378175645705,3.5224732718007776
,,,,,183285.33505230362,39970.0,0.8262920159338515,140988.71927100266,1.8417360843734738e-05,230.68732984357933,299.89352879665313,10.0,104.0,1.8417360843734737e-06,279.18378175645705,3.527363504403369
,,,,,183570.20669144782,39980.0,0.8265592501892522,141207.85130111358,0.0002672342554007887,219.13203011092176,284.8716391441983,10.0,159.0,2.672342554007887e-05,265.11351734403604,3.5319622636596693
,,,,,183855.17043222944,39990.0,0.826826484444653,141427.05417863792,0.0002672342554007887,219.20287752432586,284.96374078162364,10.0,159.0,2.672342554007887e-05,265.11351734403604,3.536560494589595
,,,,,184140.22627464848,40000.0,0.8270937187000538,141646.32790357564,0.0002672342554007887,219.27372493772998,285.055842419049,10.0,159.0,2.672342554007887e-05,265.11351734403604,3.541158197589391
,,,,,184425.37421870496,40010.0,0.8273609529554545,141865.67247592678,0.0002672342554007887,219.34457235113408,285.14794405647433,10.0,159.0,2.672342554007887e-05,265.11351734403604,3.545755373054906
,,,,,184710.61426439887,40020.0,0.8276281872108553,142085.0878956913,0.0002672342554007887,219.4154197645382,285.2400456938997,10.0,159.0,2.672342554007887e-05,265.11351734403604,3.550352021381592
,,,,,184995.9464117302,40030.0,0.827895421466256,142304.57416286925,0.0002672342554007887,219.4862671779423,285.332147331325,10.0,159.0,2.672342554007887e-05,265.11351734403604,3.554948142964508
,,,,,185281.37066069894,40040.0,0.8281626557216568,142524.1312774606,0.0002672342554007887,219.55711459134642,285.42424896875036,10.0,159.0,2.672342554007887e-05,265.11351734403604,3.559543738198317
,,,,,185566.8870113051,40050.0,0.8284298899770576,142743.75923946535,0.0002672342554007887,219.62796200475051,285.5163506061757,10.0,159.0,2.672342554007887e-05,265.11351734403604,3.564138807477287
,,,,,185852.49546354872,40060.0,0.8286971242324583,142963.4580488835,0.0002672342554007887,219.69880941815464,285.60845224360105,10.0,159.0,2.672342554007887e-05,265.11351734403604,3.5687333511952946
,,,,,186138.19601742976,40070.0,0.8289643584878591,143183.22770571508,0.0002672342554007887,219.76965683155873,285.70055388102634,10.0,159.0,2.672342554007887e-05,265.11351734403604,3.573327369745822
,,,,,186423.9886729482,40080.0,0.8292315927432599,143403.06820996004,0.0002672342554007887,219.84050424496286,285.79265551845174,10.0,159.0,2.672342554007887e-05,265.11351734403604,3.577920863521957
,,,,,186709.87343010408,40090.0,0.8294988269986606,143622.9795616184,0.0002672342554007887,219.91135165836695,285.884757155877,10.0,159.0,2.672342554007887e-05,265.11351734403604,3.5825138329163986
,,,,,186995.85028889737,40100.0,0.8297660612540614,143842.96176069017,0.0002672342554007887,219.98219907177108,285.9768587933024,10.0,159.0,2.672342554007887e-05,265.11351734403604,3.5871062783214507
,,,,,187281.91924932812,40110.0,0.8300332955094621,144063.01480717535,0.0002672342554007887,220.05304648517517,286.0689604307277,10.0,159.0,2.672342554007887e-05,265.11351734403604,3.591698200129029
,,,,,187583.17797494613,40120.0,0.8300535216862294,144294.75228842,2.0226176767195363e-05,231.73748124462685,301.2587256180149,10.0,113.0,2.0226176767195364e-06,279.18378175645705,3.596579070000498
,,,,,187884.4440414308,40130.0,0.8300737478629966,144526.49541648512,2.0226176767195363e-05,231.7431280651472,301.26606648469135,10.0,113.0,2.0226176767195364e-06,279.18378175645705,3.601457648055946
,,,,,188185.71744878218,40140.0,0.8300939740397638,144758.2441913708,2.0226176767195363e-05,231.74877488566756,301.27340735136784,10.0,113.0,2.0226176767195364e-06,279.18378175645705,3.606333936008241
,,,,,188486.9981970002,40150.0,0.830114200216531,144989.99861307698,2.0226176767195363e-05,231.75442170618788,301.28074821804427,10.0,113.0,2.0226176767195364e-06,279.18378175645705,3.6112079355685425
,,,,,188788.28628608494,40160.0,0.8301344263932983,145221.75868160368,2.0226176767195363e-05,231.76006852670824,301.2880890847207,10.0,113.0,2.0226176767195364e-06,279.18378175645705,3.616079648446307
,,,,,189089.58171603634,40170.0,0.8301546525700655,145453.5243969509,2.0226176767195363e-05,231.7657153472286,301.2954299513972,10.0,113.0,2.0226176767195364e-06,279.18378175645705,3.620949076349288
,,,,,189148.1722370594,40180.0,0.8302725268545208,145498.5940285071,0.00011787428445532849,45.06963155619888,58.59052102305854,10.0,86.0,1.1787428445532849e-05,54.28293734702355,3.6211695875686187
,,,,,189206.77107621357,40190.0,0.8303904011389761,145543.6700586257,0.00011787428445532849,45.07603011859679,58.59883915417583,10.0,86.0,1.1787428445532849e-05,54.28293734702355,3.621390148261401
,,,,,189265.37823349886,40200.0,0.8305082754234314,145588.7524873067,0.00011787428445532849,45.0824286809947,58.60715728529311,10.0,86.0,1.1787428445532849e-05,54.28293734702355,3.621610758390714
,,,,,189323.99370891528,40210.0,0.8306261497078867,145633.84131455008,0.00011787428445532849,45.088827243392615,58.6154754164104,10.0,86.0,1.1787428445532849e-05,54.28293734702355,3.621831417919674
,,,,,189382.61750246282,40220.0,0.830744023992342,145678.93654035588,0.00011787428445532849,45.09522580579053,58.62379354752769,10.0,86.0,1.1787428445532849e-05,54.28293734702355,3.622052126811434
,,,,,189441.24961414147,40230.0,0.8308618982767974,145724.03816472407,0.00011787428445532849,45.101624368188446,58.63211167864498,10.0,86.0,1.1787428445532849e-05,54.28293734702355,3.622272885029184
,,,,,189499.89004395122,40240.0,0.8309797725612527,145769.14618765467,0.00011787428445532849,45.10802293058636,58.64042980976227,10.0,86.0,1.1787428445532849e-05,54.28293734702355,3.6224936925361497
,,,,,189600.32133204045,40250.0,0.8309948854298386,145846.40102464636,1.511286858591028e-05,77.25483699170199,100.4312880892126,10.0,105.0,1.511286858591028e-06,92.96668168028654,3.6235130689353134
,,,,,189700.75444662088,40260.0,0.8310099982984245,145923.65726663131,1.511286858591028e-05,77.25624198494509,100.43311458042862,10.0,105.0,1.511286858591028e-06,92.96668168028654,3.62453197383585
,,,,,189801.18938769252,40270.0,0.8310251111670104,146000.9149136095,1.511286858591028e-05,77.25764697818819,100.43494107164466,10.0,105.0,1.511286858591028e-06,92.96668168028654,3.625550407589012
,,,,,189901.6261552554,40280.0,0.8310402240355963,146078.17396558094,1.511286858591028e-05,77.25905197143129,100.43676756286068,10.0,105.0,1.511286858591028e-06,92.96668168028654,3.6265683705457037
,,,,,190002.06474930947,40290.0,0.8310553369041822,146155.4344225456,1.511286858591028e-05,77.26045696467439,100.43859405407672,10.0,105.0,1.511286858591028e-06,92.96668168028654,3.6275858630564803
,,,,,190102.50516985476,40300.0,0.8310704497727681,146232.69628450353,1.511286858591028e-05,77.2618619579175,100.44042054529275,10.0,105.0,1.511286858591028e-06,92.96668168028654,3.6286028854715515
,,,,,190202.94741689126,40310.0,0.831085562641354,146309.9595514547,1.511286858591028e-05,77.2632669511606,100.44224703650879,10.0,105.0,1.511286858591028e-06,92.96668168028654,3.6296194381407765
,,,,,190303.391490419,40320.0,0.8311006755099399,146387.2242233991,1.511286858591028e-05,77.2646719444037,100.44407352772481,10.0,105.0,1.511286858591028e-06,92.96668168028654,3.630635521413668
,,,,,190403.83739043793,40330.0,0.8311157883785258,146464.49030033674,1.511286858591028e-05,77.2660769376468,100.44590001894085,10.0,105.0,1.511286858591028e-06,92.96668168028654,3.6316511356393932
,,,,,190504.28511694807,40340.0,0.8311309012471118,146541.75778226764,1.511286858591028e-05,77.2674819308899,100.44772651015687,10.0,105.0,1.511286858591028e-06,92.96668168028654,3.6326662811667734
,,,,,190805.94278229566,40350.0,0.8311527141719954,146773.80214022732,2.1812924883670593e-05,232.0443579596813,301.6576653475857,10.0,116.0,2.1812924883670592e-06,279.18378175645705,3.6375167816661045
,,,,,191107.60836440258,40360.0,0.8311745270968791,147005.85258800184,2.1812924883670593e-05,232.05044777454148,301.6655821069039,10.0,116.0,2.1812924883670592e-06,279.18378175645705,3.6423650294351297
,,,,,191409.2818632688,40370.0,0.8311963400217628,147237.90912559125,2.1812924883670593e-05,232.0565375894017,301.67349886622225,10.0,116.0,2.1812924883670592e-06,279.18378175645705,3.647211026147913
,,,,,191710.96327889434,40380.0,0.8312181529466465,147469.9717529955,2.1812924883670593e-05,232.0626274042619,301.68141562554047,10.0,116.0,2.1812924883670592e-06,279.18378175645705,3.6520547734768574
,,,,,192012.6526112792,40390.0,0.8312399658715302,147702.04047021462,2.1812924883670593e-05,232.06871721912208,301.6893323848587,10.0,116.0,2.1812924883670592e-06,279.18378175645705,3.6568962730927117
,,,,,192314.34986042336,40400.0,0.8312617787964138,147934.1152772486,2.1812924883670593e-05,232.07480703398227,301.69724914417696,10.0,116.0,2.1812924883670592e-06,279.18378175645705,3.6617355266645695
,,,,,192616.05502632685,40410.0,0.8312835917212975,148166.19617409745,2.1812924883670593e-05,232.08089684884249,301.70516590349524,10.0,116.0,2.1812924883670592e-06,279.18378175645705,3.6665725358598724
,,,,,192917.76810898967,40420.0,0.8313054046461812,148398.28316076114,2.1812924883670593e-05,232.08698666370267,301.71308266281346,10.0,116.0,2.1812924883670592e-06,279.18378175645705,3.6714073023444125
,,,,,193219.4891084118,40430.0,0.8313272175710649,148630.37623723972,2.1812924883670593e-05,232.09307647856286,301.72099942213174,10.0,116.0,2.1812924883670592e-06,279.18378175645705,3.6762398277823327
,,,,,193521.21802459325,40440.0,0.8313490304959485,148862.47540353314,2.1812924883670593e-05,232.09916629342305,301.72891618144996,10.0,116.0,2.1812924883670592e-06,279.18378175645705,3.6810701138361313
,,,,,193822.95485753403,40450.0,0.8313708434208322,149094.58065964142,2.1812924883670593e-05,232.10525610828324,301.73683294076824,10.0,116.0,2.1812924883670592e-06,279.18378175645705,3.6858981621666604
,,,,,194124.69960723413,40460.0,0.8313926563457159,149326.69200556458,2.1812924883670593e-05,232.11134592314346,301.7447497000865,10.0,116.0,2.1812924883670592e-06,279.18378175645705,3.6907239744331335
,,,,,194223.79092523837,40470.0,0.8315763114467201,149402.91609633708,0.0001836551010041423,76.22409077249496,99.09131800424345,10.0,222.0,1.836551010041423e-05,91.66217185754782,3.6916954805124065
,,,,,194322.90412773567,40480.0,0.8317599665477242,149479.157021335,0.0001836551010041423,76.24092499792572,99.11320249730343,10.0,222.0,1.836551010041423e-05,91.66217185754782,3.6926669224638093
,,,,,194422.03921472604,40490.0,0.8319436216487284,149555.41478055835,0.0001836551010041423,76.25775922335647,99.13508699036342,10.0,222.0,1.836551010041423e-05,91.66217185754782,3.6936383003348565
,,,,,194521.19618620948,40500.0,0.8321272767497325,149631.68937400714,0.0001836551010041423,76.27459344878724,99.15697148342342,10.0,222.0,1.836551010041423e-05,91.66217185754782,3.694609614173016
,,,,,194620.37504218597,40510.0,0.8323109318507367,149707.98080168135,0.0001836551010041423,76.291427674218,99.1788559764834,10.0,222.0,1.836551010041423e-05,91.66217185754782,3.6955808640257057
,,,,,194719.5757826555,40520.0,0.8324945869517408,149784.289063581,0.0001836551010041423,76.30826189964876,99.20074046954339,10.0,222.0,1.836551010041423e-05,91.66217185754782,3.6965520499403013
,,,,,194818.7984076181,40530.0,0.832678242052745,149860.61415970608,0.0001836551010041423,76.32509612507951,99.22262496260336,10.0,222.0,1.836551010041423e-05,91.66217185754782,3.6975231719641273
,,,,,194918.04291707376,40540.0,0.8328618971537491,149936.9560900566,0.0001836551010041423,76.34193035051027,99.24450945566335,10.0,222.0,1.836551010041423e-05,91.66217185754782,3.6984942301444645
,,,,,195007.98399395368,40550.0,0.8330894168911459,150006.14153381038,0.00022751973739673832,69.18544375377634,89.94107687990925,10.0,280.0,2.2751973739673833e-05,83.04684029231441,3.699288323891748
,,,,,195097.94963406748,40560.0,0.8333169366285427,150075.34587235947,0.00022751973739673832,69.20433854907128,89.96564011379267,10.0,280.0,2.2751973739673833e-05,83.04684029231441,3.7000824919220774
,,,,,195187.93983741515,40570.0,0.8335444563659394,150144.56910570382,0.00022751973739673832,69.22323334436621,89.99020334767607,10.0,280.0,2.2751973739673833e-05,83.04684029231441,3.700876734180523
,,,,,195277.9546039967,40580.0,0.8337719761033362,150213.81123384347,0.00022751973739673832,69.24212813966115,90.0147665815595,10.0,280.0,2.2751973739673833e-05,83.04684029231441,3.7016710506122097
,,,,,195367.99393381216,40590.0,0.833999495840733,150283.07225677843,0.00022751973739673832,69.26102293495609,90.03932981544291,10.0,280.0,2.2751973739673833e-05,83.04684029231441,3.7024654411623166
,,,,,195458.05782686148,40600.0,0.8342270155781297,150352.35217450868,0.00022751973739673832,69.27991773025103,90.06389304932634,10.0,280.0,2.2751973739673833e-05,83.04684029231441,3.7032599057760756
,,,,,195582.74622187528,40610.0,0.8342282841564642,150448.26632451927,1.2685783344515215e-06,95.91415001060432,124.68839501378561,10.0,242.0,1.2685783344515214e-07,114.97350525292796,3.7047098331573323
,,,,,195707.43480649783,40620.0,0.8342295527347987,150544.18062038277,1.2685783344515215e-06,95.91429586350212,124.68858462255275,10.0,242.0,1.2685783344515214e-07,114.97350525292796,3.706159050230989
,,,,,195832.12358072915,40630.0,0.8342308213131332,150640.09506209916,1.2685783344515215e-06,95.91444171639993,124.68877423131993,10.0,242.0,1.2685783344515214e-07,114.97350525292796,3.707607557521515
,,,,,195956.81254456923,40640.0,0.8342320898914677,150736.00964966847,1.2685783344515215e-06,95.91458756929774,124.68896384008706,10.0,242.0,1.2685783344515214e-07,114.97350525292796,3.709055355552866
,,,,,196081.50169801808,40650.0,0.8342333584698022,150831.92438309066,1.2685783344515215e-06,95.91473342219554,124.6891534488542,10.0,242.0,1.2685783344515214e-07,114.97350525292796,3.710502444848479
,,,,,196206.1910410757,40660.0,0.8342346270481367,150927.83926236577,1.2685783344515215e-06,95.91487927509334,124.68934305762134,10.0,242.0,1.2685783344515214e-07,114.97350525292796,3.711948825931278
,,,,,196330.8805737421,40670.0,0.8342358956264712,151023.75428749376,1.2685783344515215e-06,95.91502512799114,124.68953266638849,10.0,242.0,1.2685783344515214e-07,114.97350525292796,3.7133944993236727
,,,,,196455.57029601725,40680.0,0.8342371642048056,151119.66945847464,1.2685783344515215e-06,95.91517098088894,124.68972227515563,10.0,242.0,1.2685783344515214e-07,114.97350525292796,3.7148394655475574
,,,,,196580.26020790118,40690.0,0.8342384327831401,151215.58477530844,1.2685783344515215e-06,95.91531683378676,124.68991188392279,10.0,242.0,1.2685783344515214e-07,114.97350525292796,3.7162837251243164
,,,,,196704.95030939387,40700.0,0.8342397013614746,151311.50023799512,1.2685783344515215e-06,95.91546268668456,124.69010149268993,10.0,242.0,1.2685783344515214e-07,114.97350525292796,3.7177272785748188
,,,,,196829.64060049533,40710.0,0.8342409699398091,151407.4158465347,1.2685783344515215e-06,95.91560853958237,124.69029110145708,10.0,242.0,1.2685783344515214e-07,114.97350525292796,3.719170126419423
,,,,,196968.9058299038,40720.0,0.8344748347947584,151514.5429460797,0.00023386485494928885,107.12709954496489,139.26522940845436,10.0,256.0,2.3386485494928886e-05,128.3766688678073,3.7208875969076542
,,,,,197108.2100889406,40730.0,0.8347086996497076,151621.7000684157,0.00023386485494928885,107.15712233600853,139.3042590368111,10.0,256.0,2.3386485494928886e-05,128.3766688678073,3.7226049611690573
,,,,,197247.55337760577,40740.0,0.8349425645046569,151728.88721354274,0.00023386485494928885,107.18714512705218,139.34328866516785,10.0,256.0,2.3386485494928886e-05,128.3766688678073,3.724322219281854
,,,,,197386.9356958993,40750.0,0.8351764293596061,151836.10438146084,0.00023386485494928885,107.21716791809581,139.38231829352455,10.0,256.0,2.3386485494928886e-05,128.3766688678073,3.7260393713241924
,,,,,197526.3570438212,40760.0,0.8354102942145554,151943.35157216998,0.00023386485494928885,107.24719070913945,139.42134792188128,10.0,256.0,2.3386485494928886e-05,128.3766688678073,3.727756417374141
,,,,,197665.81742137144,40770.0,0.8356441590695046,152050.62878567015,0.00023386485494928885,107.27721350018308,139.460377550238,10.0,256.0,2.3386485494928886e-05,128.3766688678073,3.729473357509692
,,,,,197805.31682855004,40780.0,0.8358780239244539,152157.9360219614,0.00023386485494928885,107.30723629122672,139.49940717859474,10.0,256.0,2.3386485494928886e-05,128.3766688678073,3.7311901918087638
,,,,,197944.855265357,40790.0,0.8361118887794031,152265.27328104366,0.00023386485494928885,107.33725908227036,139.53843680695147,10.0,256.0,2.3386485494928886e-05,128.3766688678073,3.732906920349195
,,,,,198084.4327317923,40800.0,0.8363457536343524,152372.64056291696,0.00023386485494928885,107.367281873314,139.5774664353082,10.0,256.0,2.3386485494928886e-05,128.3766688678073,3.734623543208749
,,,,,198224.04922785595,40810.0,0.8365796184893016,152480.03786758133,0.00023386485494928885,107.39730466435763,139.61649606366493,10.0,256.0,2.3386485494928886e-05,128.3766688678073,3.7363400604651145
,,,,,198363.70475354797,40820.0,0.8368134833442509,152587.46519503673,0.00023386485494928885,107.42732745540127,139.65552569202166,10.0,256.0,2.3386485494928886e-05,128.3766688678073,3.738056472195902
,,,,,198503.39930886833,40830.0,0.8370473481992001,152694.92254528316,0.00023386485494928885,107.4573502464449,139.69455532037838,10.0,256.0,2.3386485494928886e-05,128.3766688678073,3.739772778478647
,,,,,198643.13289381706,40840.0,0.8372812130541494,152802.40991832066,0.00023386485494928885,107.48737303748855,139.7335849487351,10.0,256.0,2.3386485494928886e-05,128.3766688678073,3.7414889793908093
,,,,,198782.90550839415,40850.0,0.8375150779090986,152909.9273141492,0.00023386485494928885,107.51739582853219,139.77261457709184,10.0,256.0,2.3386485494928886e-05,128.3766688678073,3.743205075009772
,,,,,198922.7171525996,40860.0,0.8377489427640479,153017.47473276875,0.00023386485494928885,107.54741861957582,139.81164420544857,10.0,256.0,2.3386485494928886e-05,128.3766688678073,3.744921065412843
,,,,,199062.5678264334,40870.0,0.8379828076189971,153125.05217417938,0.00023386485494928885,107.57744141061946,139.8506738338053,10.0,256.0,2.3386485494928886e-05,128.3766688678073,3.7466369506772543
,,,,,199202.45752989556,40880.0,0.8382166724739464,153232.65963838104,0.00023386485494928885,107.60746420166309,139.88970346216203,10.0,256.0,2.3386485494928886e-05,128.3766688678073,3.7483527308801623
,,,,,199342.38626298608,40890.0,0.8384505373288956,153340.29712537373,0.00023386485494928885,107.63748699270674,139.92873309051876,10.0,256.0,2.3386485494928886e-05,128.3766688678073,3.750068406098648
,,,,,199441.06158035534,40900.0,0.8385451319334194,153416.20121565775,9.459460452373392e-05,75.90409028403437,98.67531736924468,10.0,95.0,9.459460452373392e-06,90.51878950036188,3.7510073646860085
,,,,,199539.7480290904,40910.0,0.8386397265379432,153492.1138685309,9.459460452373392e-05,75.91265287312912,98.68644873506786,10.0,95.0,9.459460452373392e-06,90.51878950036188,3.7519460735402324
,,,,,199638.4456091913,40920.0,0.8387343211424669,153568.03508399313,9.459460452373392e-05,75.92121546222388,98.69758010089106,10.0,95.0,9.459460452373392e-06,90.51878950036188,3.752884532844407
,,,,,199737.154320658,40930.0,0.8388289157469907,153643.96486204446,9.459460452373392e-05,75.92977805131864,98.70871146671423,10.0,95.0,9.459460452373392e-06,90.51878950036188,3.753822742781443
,,,,,199835.87416349055,40940.0,0.8389235103515145,153719.9032026849,9.459460452373392e-05,75.9383406404134,98.71984283253742,10.0,95.0,9.459460452373392e-06,90.51878950036188,3.7547607035340715
,,,,,199934.6051376889,40950.0,0.8390181049560382,153795.8501059144,9.459460452373392e-05,75.94690322950815,98.7309741983606,10.0,95.0,9.459460452373392e-06,90.51878950036188,3.755698415284845
,,,,,200033.34724325308,40960.0,0.839112699560562,153871.805571733,9.459460452373392e-05,75.9554658186029,98.74210556418377,10.0,95.0,9.459460452373392e-06,90.51878950036188,3.756635878216138
,,,,,200132.1004801831,40970.0,0.8392072941650858,153947.76960014072,9.459460452373392e-05,75.96402840769767,98.75323693000698,10.0,95.0,9.459460452373392e-06,90.51878950036188,3.757573092510147
,,,,,200230.86484847893,40980.0,0.8393018887696095,154023.7421911375,9.459460452373392e-05,75.97259099679242,98.76436829583015,10.0,95.0,9.459460452373392e-06,90.51878950036188,3.75851005834889
,,,,,200329.6403481406,40990.0,0.8393964833741333,154099.7233447234,9.459460452373392e-05,75.98115358588718,98.77549966165334,10.0,95.0,9.459460452373392e-06,90.51878950036188,3.7594467759142085
,,,,,200428.42697916806,41000.0,0.8394910779786571,154175.7130608984,9.459460452373392e-05,75.98971617498194,98.78663102747652,10.0,95.0,9.459460452373392e-06,90.51878950036188,3.7603832453877657
,,,,,200527.22474156137,41010.0,0.8395856725831808,154251.71133966246,9.459460452373392e-05,75.99827876407669,98.79776239329969,10.0,95.0,9.459460452373392e-06,90.51878950036188,3.7613194669510475
,,,,,200626.0336353205,41020.0,0.8396802671877046,154327.71818101563,9.459460452373392e-05,76.00684135317145,98.8088937591229,10.0,95.0,9.459460452373392e-06,90.51878950036188,3.762255440785364
,,,,,200724.85366044543,41030.0,0.8397748617922284,154403.7335849579,9.459460452373392e-05,76.0154039422662,98.82002512494607,10.0,95.0,9.459460452373392e-06,90.51878950036188,3.7631911670718474
,,,,,200823.6848169362,41040.0,0.8398694563967521,154479.75755148925,9.459460452373392e-05,76.02396653136097,98.83115649076926,10.0,95.0,9.459460452373392e-06,90.51878950036188,3.7641266459914533
,,,,,200922.5271047928,41050.0,0.8399640510012759,154555.7900806097,9.459460452373392e-05,76.03252912045572,98.84228785659243,10.0,95.0,9.459460452373392e-06,90.51878950036188,3.7650618777249623
,,,,,201021.3805240152,41060.0,0.8400586456057997,154631.83117231925,9.459460452373392e-05,76.04109170955049,98.85341922241564,10.0,95.0,9.459460452373392e-06,90.51878950036188,3.7659968624529774
,,,,,201124.80329049958,41070.0,0.8400791046715277,154711.387146538,2.0459065728051974e-05,79.5559742187591,103.42276648438684,10.0,265.0,2.0459065728051974e-06,94.70057495343325,3.7670169745930853
,,,,,201228.22857571483,41080.0,0.8400995637372557,154790.94505824204,2.0459065728051974e-05,79.55791170404656,103.42528521526053,10.0,265.0,2.0459065728051974e-06,94.70057495343325,3.768036637250293
,,,,,201331.65637966097,41090.0,0.8401200228029837,154870.50490743137,2.0459065728051974e-05,79.559849189334,103.4278039461342,10.0,265.0,2.0459065728051974e-06,94.70057495343325,3.769055850752771
,,,,,201435.08670233798,41100.0,0.8401404818687117,154950.066694106,2.0459065728051974e-05,79.56178667462146,103.4303226770079,10.0,265.0,2.0459065728051974e-06,94.70057495343325,3.7700746154283697
,,,,,201538.51954374588,41110.0,0.8401609409344397,155029.6304182659,2.0459065728051974e-05,79.56372415990892,103.4328414078816,10.0,265.0,2.0459065728051974e-06,94.70057495343325,3.7710929316046196
,,,,,201641.95490388462,41120.0,0.8401814000001677,155109.1960799111,2.0459065728051974e-05,79.56566164519636,103.43536013875527,10.0,265.0,2.0459065728051974e-06,94.70057495343325,3.772110799608733
,,,,,201745.39278275424,41130.0,0.8402018590658957,155188.76367904159,2.0459065728051974e-05,79.56759913048381,103.43787886962896,10.0,265.0,2.0459065728051974e-06,94.70057495343325,3.773128219767605
,,,,,201848.83318035473,41140.0,0.8402223181316237,155268.33321565736,2.0459065728051974e-05,79.56953661577127,103.44039760050265,10.0,265.0,2.0459065728051974e-06,94.70057495343325,3.7741451924078113
,,,,,201952.2760966861,41150.0,0.8402427771973517,155347.9046897584,2.0459065728051974e-05,79.57147410105873,103.44291633137635,10.0,265.0,2.0459065728051974e-06,94.70057495343325,3.775161717855611
,,,,,202055.72153174836,41160.0,0.8402632362630797,155427.47810134475,2.0459065728051974e-05,79.57341158634617,103.44543506225003,10.0,265.0,2.0459065728051974e-06,94.70057495343325,3.776177796436947
,,,,,202219.00986764036,41170.0,0.8404971326843672,155553.08451356934,0.00023389642128747004,125.60641222460083,163.2883358919811,10.0,107.0,2.3389642128747004e-05,149.4429990777493,3.7783115014226216
,,,,,202382.3436439698,41180.0,0.8407310291056547,155678.7258799766,0.00023389642128747004,125.64136640727158,163.33377632945306,10.0,107.0,2.3389642128747004e-05,149.4429990777493,3.7804450189406658
,,,,,202545.7228607367,41190.0,0.8409649255269421,155804.40220056655,0.00023389642128747004,125.67632058994232,163.37921676692503,10.0,107.0,2.3389642128747004e-05,149.4429990777493,3.782578349127617
,,,,,202709.1475179411,41200.0,0.8411988219482296,155930.11347533917,0.00023389642128747004,125.71127477261308,163.42465720439702,10.0,107.0,2.3389642128747004e-05,149.4429990777493,3.784711492119883
,,,,,202872.61761558297,41210.0,0.841432718369517,156055.85970429445,0.00023389642128747004,125.74622895528383,163.470097641869,10.0,107.0,2.3389642128747004e-05,149.4429990777493,3.7868444480537358
,,,,,203036.13315366232,41220.0,0.8416666147908045,156181.6408874324,0.00023389642128747004,125.78118313795459,163.51553807934096,10.0,107.0,2.3389642128747004e-05,149.4429990777493,3.788977217065318
,,,,,203161.73170959848,41230.0,0.8417701904049415,156278.25516122946,0.00010357561413699054,96.61427379704838,125.59855593616291,10.0,263.0,1.0357561413699054e-05,114.77511902692964,3.7904015319240716
,,,,,203287.34571980912,41240.0,0.8418737660190785,156374.88132292996,0.00010357561413699054,96.62616170048925,125.61401021063602,10.0,263.0,1.0357561413699054e-05,114.77511902692964,3.7918254442999504
,,,,,203412.97518429422,41250.0,0.8419773416332155,156471.5193725339,0.00010357561413699054,96.63804960393011,125.62946448510915,10.0,263.0,1.0357561413699054e-05,114.77511902692964,3.7932489544856702
,,,,,203538.6201030538,41260.0,0.8420809172473525,156568.16931004127,0.00010357561413699054,96.64993750737096,125.64491875958225,10.0,263.0,1.0357561413699054e-05,114.77511902692964,3.794672062773661
,,,,,203664.28047608785,41270.0,0.8421844928614894,156664.83113545208,0.00010357561413699054,96.66182541081183,125.66037303405538,10.0,263.0,1.0357561413699054e-05,114.77511902692964,3.796094769456072
,,,,,203789.95630339638,41280.0,0.8422880684756264,156761.50484876634,0.00010357561413699054,96.6737133142527,125.67582730852851,10.0,263.0,1.0357561413699054e-05,114.77511902692964,3.797517074824766
,,,,,203915.6475849794,41290.0,0.8423916440897634,156858.19044998405,0.00010357561413699054,96.68560121769355,125.69128158300161,10.0,263.0,1.0357561413699054e-05,114.77511902692964,3.798938979171326
,,,,,204041.35432083686,41300.0,0.8424952197039004,156954.8879391052,0.00010357561413699054,96.69748912113441,125.70673585747474,10.0,263.0,1.0357561413699054e-05,114.77511902692964,3.8003604827870507
,,,,,204167.07651096882,41310.0,0.8425987953180374,157051.59731612977,0.00010357561413699054,96.70937702457528,125.72219013194787,10.0,263.0,1.0357561413699054e-05,114.77511902692964,3.8017815859629573
,,,,,204273.10707298346,41320.0,0.8426603680682886,157133.15928691026,6.157275025125623e-05,81.56197078048119,106.03056201462554,10.0,212.0,6.157275025125623e-06,96.79103690073089,3.802835413526386
,,,,,204379.14538259554,41330.0,0.8427219408185398,157214.7272173811,6.157275025125623e-05,81.56793047082283,106.03830961206968,10.0,212.0,6.157275025125623e-06,96.79103690073089,3.803888875329811
,,,,,204485.19143980506,41340.0,0.842783513568791,157296.30110754227,6.157275025125623e-05,81.57389016116448,106.04605720951383,10.0,212.0,6.157275025125623e-06,96.79103690073089,3.8049419716386614
,,,,,204591.24524461202,41350.0,0.8428450863190422,157377.88095739376,6.157275025125623e-05,81.57984985150613,106.05380480695797,10.0,212.0,6.157275025125623e-06,96.79103690073089,3.805994702718108
,,,,,204697.3067970164,41360.0,0.8429066590692934,157459.4667669356,6.157275025125623e-05,81.58580954184777,106.0615524044021,10.0,212.0,6.157275025125623e-06,96.79103690073089,3.8070470688330658
,,,,,204803.37609701825,41370.0,0.8429682318195446,157541.05853616778,6.157275025125623e-05,81.5917692321894,106.06930000184623,10.0,212.0,6.157275025125623e-06,96.79103690073089,3.808099070248194
,,,,,204914.17423486625,41380.0,0.843438656603641,157626.28787297395,0.000470424784096392,85.22933680616076,110.79813784800899,10.0,19.0,4.7042478409639196e-05,101.04983467246127,3.8092384696223767
,,,,,205025.03416996493,41390.0,0.8439090813877375,157711.56474612677,0.000470424784096392,85.27687315281953,110.8599350986654,10.0,19.0,4.7042478409639196e-05,101.04983467246127,3.8103784669274408
,,,,,205135.95590231425,41400.0,0.8443795061718339,157796.88915562624,0.000470424784096392,85.3244094994783,110.9217323493218,10.0,19.0,4.7042478409639196e-05,101.04983467246127,3.8115190617301025
,,,,,205246.93943191422,41410.0,0.8448499309559303,157882.26110147237,0.000470424784096392,85.37194584613708,110.98352959997821,10.0,19.0,4.7042478409639196e-05,101.04983467246127,3.8126602535974974
,,,,,205357.98475876485,41420.0,0.8453203557400267,157967.68058366518,0.000470424784096392,85.41948219279585,111.04532685063461,10.0,19.0,4.7042478409639196e-05,101.04983467246127,3.8138020420971794
,,,,,205469.09188286614,41430.0,0.8457907805241232,158053.14760220464,0.000470424784096392,85.46701853945463,111.10712410129102,10.0,19.0,4.7042478409639196e-05,101.04983467246127,3.814944426797119
,,,,,205580.2608042181,41440.0,0.8462612053082196,158138.66215709076,0.000470424784096392,85.51455488611339,111.1689213519474,10.0,19.0,4.7042478409639196e-05,101.04983467246127,3.816087407265704
,,,,,205691.4915228207,41450.0,0.846731630092316,158224.22424832353,0.000470424784096392,85.56209123277216,111.23071860260382,10.0,19.0,4.7042478409639196e-05,101.04983467246127,3.8172309830717377
,,,,,205802.78403867397,41460.0,0.8472020548764124,158309.83387590296,0.000470424784096392,85.60962757943093,111.29251585326021,10.0,19.0,4.7042478409639196e-05,101.04983467246127,3.8183751537844417
,,,,,205971.84341196192,41470.0,0.8472738931443776,158439.87954766292,7.183826796521898e-05,130.0456717599592,169.05937328794695,10.0,153.0,7.183826796521898e-06,153.48716962980834,3.820590295337905
,,,,,206140.91711937802,41480.0,0.8473457314123428,158569.9362456753,7.183826796521898e-05,130.05669801238028,169.07370741609438,10.0,153.0,7.183826796521898e-06,153.48716962980834,3.8228046346594815
,,,,,206310.00516092227,41490.0,0.847417569680308,158700.0039699401,7.183826796521898e-05,130.06772426480137,169.08804154424178,10.0,153.0,7.183826796521898e-06,153.48716962980834,3.8250181723292385
,,,,,206479.10753659467,41500.0,0.8474894079482732,158830.0827204573,7.183826796521898e-05,130.07875051722246,169.1023756723892,10.0,153.0,7.183826796521898e-06,153.48716962980834,3.827230908926682
,,,,,206664.65934339064,41510.0,0.8475974861004311,158972.81487953113,0.00010807815215784224,142.7321590738275,185.55180679597575,10.0,156.0,1.0807815215784225e-05,168.39615668340394,3.829747407360422
,,,,,206850.23481011568,41530.0,0.8477055642525889,159115.5652385504,0.00010807815215784224,142.7503590192723,185.575466725054,10.0,156.0,1.0807815215784225e-05,168.39615668340394,3.83134036211294
,,,,,207067.6355848238,41550.0,0.8481759890366853,159282.79660371048,0.000470424784096392,167.23136516009194,217.40077470811954,10.0,98.0,4.7042478409639196e-05,197.16587986654127,3.833520977225282
,,,,,207285.15693676332,41570.0,0.8486464138207818,159450.12072058703,0.000470424784096392,167.32411687655934,217.52135193952716,10.0,98.0,4.7042478409639196e-05,197.16587986654127,3.835701725296777
,,,,,207305.32279392073,41590.0,0.8487807366728738,159465.63291840043,0.0001343228520920469,15.512197813397563,20.165857157416834,10.0,198.0,1.3432285209204692e-05,18.275859881320653,3.8342301735609623
,,,,,207325.49184240345,41600.0,0.8489150595249658,159481.14757107946,0.0001343228520920469,15.514652679021257,20.169048482727636,10.0,198.0,1.3432285209204692e-05,18.275859881320653,3.8336814319971024
,,,,,207345.6640822115,41610.0,0.8490493823770578,159496.6646786241,0.0001343228520920469,15.517107544644949,20.172239808038434,10.0,198.0,1.3432285209204692e-05,18.275859881320653,3.83313301318491
,,,,,207365.83951334484,41620.0,0.8491837052291499,159512.18424103438,0.0001343228520920469,15.519562410268643,20.175431133349235,10.0,198.0,1.3432285209204692e-05,18.275859881320653,3.832584916891744
,,,,,207386.0181358035,41630.0,0.8493180280812419,159527.70625831027,0.0001343228520920469,15.522017275892336,20.178622458660037,10.0,198.0,1.3432285209204692e-05,18.275859881320653,3.832037142885185
,,,,,207406.19994958746,41640.0,0.8494523509333339,159543.2307304518,0.0001343228520920469,15.52447214151603,20.18181378397084,10.0,198.0,1.3432285209204692e-05,18.275859881320653,3.83148969093304
,,,,,207426.38495469675,41650.0,0.849586673785426,159558.75765745892,0.0001343228520920469,15.526927007139722,20.18500510928164,10.0,198.0,1.3432285209204692e-05,18.275859881320653,3.830942560803335
,,,,,207446.57315113134,41660.0,0.849720996637518,159574.28703933168,0.0001343228520920469,15.529381872763416,20.18819643459244,10.0,198.0,1.3432285209204692e-05,18.275859881320653,3.8303957522643226
,,,,,207466.76453889124,41670.0,0.84985531948961,159589.81887607006,0.0001343228520920469,15.53183673838711,20.191387759903243,10.0,198.0,1.3432285209204692e-05,18.275859881320653,3.8298492650844747
,,,,,207486.95911797645,41680.0,0.849989642341702,159605.35316767407,0.0001343228520920469,15.534291604010802,20.194579085214045,10.0,198.0,1.3432285209204692e-05,18.275859881320653,3.8293030990324874
,,,,,207507.156888387,41690.0,0.8501239651937941,159620.8899141437,0.0001343228520920469,15.536746469634496,20.197770410524846,10.0,198.0,1.3432285209204692e-05,18.275859881320653,3.828757253877278
,,,,,207668.73549199814,41780.0,0.8502777806025672,159745.18114769075,0.00015381540877310387,124.2912335470351,161.57860361114564,10.0,213.0,1.538154087731039e-05,146.1772098277736,3.823484469786758
,,,,,207830.34332520876,41790.0,0.8504315960113403,159869.49486554507,0.00015381540877310387,124.31371785431809,161.6078332106135,10.0,213.0,1.538154087731039e-05,146.1772098277736,3.825544265746472
,,,,,207991.98038801883,41800.0,0.8505854114201135,159993.83106770666,0.00015381540877310387,124.33620216160105,161.63706281008137,10.0,213.0,1.538154087731039e-05,146.1772098277736,3.827603614059968
,,,,,208153.64668042838,41810.0,0.8507392268288866,160118.18975417555,0.00015381540877310387,124.35868646888403,161.66629240954924,10.0,213.0,1.538154087731039e-05,146.1772098277736,3.8296625150484465
,,,,,208315.3422024374,41820.0,0.8508930422376597,160242.57092495172,0.00015381540877310387,124.38117077616701,161.6955220090171,10.0,213.0,1.538154087731039e-05,146.1772098277736,3.8317209690328005
,,,,,208477.06695404588,41830.0,0.8510468576464328,160366.97458003517,0.00015381540877310387,124.40365508344998,161.72475160848498,10.0,213.0,1.538154087731039e-05,146.1772098277736,3.8337789763336163
,,,,,208638.82093525384,41840.0,0.851200673055206,160491.4007194259,0.00015381540877310387,124.42613939073296,161.75398120795285,10.0,213.0,1.538154087731039e-05,146.1772098277736,3.835836537271174
,,,,,208800.60414606126,41850.0,0.8513544884639791,160615.84934312393,0.00015381540877310387,124.44862369801592,161.78321080742072,10.0,213.0,1.538154087731039e-05,146.1772098277736,3.8378936521654463
,,,,,208962.41658646814,41860.0,0.8515083038727522,160740.32045112923,0.00015381540877310387,124.4711080052989,161.81244040688858,10.0,213.0,1.538154087731039e-05,146.1772098277736,3.839950321336102
,,,,,209124.2582564745,41870.0,0.8516621192815254,160864.81404344182,0.00015381540877310387,124.49359231258188,161.84167000635645,10.0,213.0,1.538154087731039e-05,146.1772098277736,3.842006545102503
,,,,,209286.12915608034,41880.0,0.8518159346902985,160989.33012006167,0.00015381540877310387,124.51607661986485,161.87089960582432,10.0,213.0,1.538154087731039e-05,146.1772098277736,3.8440623237837075
,,,,,209448.02928528562,41890.0,0.8519697500990716,161113.86868098882,0.00015381540877310387,124.53856092714783,161.9001292052922,10.0,213.0,1.538154087731039e-05,146.1772098277736,3.8461176576984677
,,,,,209609.9586440904,41900.0,0.8521235655078447,161238.42972622326,0.00015381540877310387,124.5610452344308,161.92935880476003,10.0,213.0,1.538154087731039e-05,146.1772098277736,3.848172547165233
,,,,,209771.91723249463,41910.0,0.8522773809166179,161363.01325576496,0.00015381540877310387,124.58352954171377,161.9585884042279,10.0,213.0,1.538154087731039e-05,146.1772098277736,3.8502269925021464
,,,,,209933.90505049832,41920.0,0.852431196325391,161487.61926961396,0.00015381540877310387,124.60601384899675,161.9878180036958,10.0,213.0,1.538154087731039e-05,146.1772098277736,3.852280994027051
,,,,,210095.9220981015,41930.0,0.8525850117341641,161612.24776777026,0.00015381540877310387,124.62849815627972,162.01704760316363,10.0,213.0,1.538154087731039e-05,146.1772098277736,3.854334552057483
,,,,,210257.96837530413,41940.0,0.8527388271429373,161736.8987502338,0.00015381540877310387,124.6509824635627,162.0462772026315,10.0,213.0,1.538154087731039e-05,146.1772098277736,3.8563876669106776
,,,,,210420.04388210623,41950.0,0.8528926425517104,161861.57221700466,0.00015381540877310387,124.67346677084566,162.07550680209937,10.0,213.0,1.538154087731039e-05,146.1772098277736,3.8584403389035677
,,,,,210582.14861850778,41960.0,0.8530464579604835,161986.26816808278,0.00015381540877310387,124.69595107812864,162.10473640156724,10.0,213.0,1.538154087731039e-05,146.1772098277736,3.8604925683527833
,,,,,210744.28258450882,41970.0,0.8532002733692566,162110.9866034682,0.00015381540877310387,124.71843538541162,162.1339660010351,10.0,213.0,1.538154087731039e-05,146.1772098277736,3.862544355574653
,,,,,210811.19945047755,41980.0,0.8536633603908371,162162.46111575182,0.0004630870215805401,51.47451228364556,66.91686596873923,10.0,207.0,4.630870215805401e-05,60.29837365876722,3.8628504315329164
,,,,,210878.15261685883,41990.0,0.8541264474124176,162213.96355142974,0.0004630870215805401,51.50243567790935,66.95316638128216,10.0,207.0,4.630870215805401e-05,60.29837365876722,3.863157026707067
,,,,,210945.14208365267,42000.0,0.8545895344339981,162265.49391050191,0.0004630870215805401,51.530359072173134,66.98946679382507,10.0,207.0,4.630870215805401e-05,60.29837365876722,3.863464140726236
,,,,,211012.16785085903,42010.0,0.8550526214555786,162317.05219296835,0.0004630870215805401,51.558282466436914,67.02576720636799,10.0,207.0,4.630870215805401e-05,60.29837365876722,3.8637717732199084
,,,,,211079.22991847794,42020.0,0.8555157084771591,162368.63839882903,0.0004630870215805401,51.5862058607007,67.06206761891092,10.0,207.0,4.630870215805401e-05,60.29837365876722,3.8640799238179206
,,,,,211110.53033123474,42030.0,0.8556338114743592,162392.71563941118,0.0001181029972001586,24.077240582142867,31.30041275678573,10.0,246.0,1.181029972001586e-05,28.13965537506624,3.86373341992413
,,,,,211141.83506438247,42040.0,0.8557519144715594,162416.79620337096,0.0001181029972001586,24.080563959782843,31.304733147717698,10.0,246.0,1.181029972001586e-05,28.13965537506624,3.8633871599279486
,,,,,211173.14411792113,42050.0,0.8558700174687596,162440.88009070838,0.0001181029972001586,24.083887337422816,31.30905353864966,10.0,246.0,1.181029972001586e-05,28.13965537506624,3.8630411436553715
,,,,,211204.4574918507,42060.0,0.8559881204659597,162464.96730142343,0.0001181029972001586,24.087210715062792,31.31337392958163,10.0,246.0,1.181029972001586e-05,28.13965537506624,3.862695370932559
,,,,,211235.77518617123,42070.0,0.8561062234631599,162489.05783551614,0.0001181029972001586,24.090534092702768,31.3176943205136,10.0,246.0,1.181029972001586e-05,28.13965537506624,3.8623498415858366
,,,,,211267.09720088268,42080.0,0.8562243264603601,162513.1516929865,0.0001181029972001586,24.093857470342744,31.32201471144557,10.0,246.0,1.181029972001586e-05,28.13965537506624,3.862004555441694
,,,,,211298.42353598506,42090.0,0.8563424294575602,162537.24887383447,0.0001181029972001586,24.097180847982717,31.326335102377534,10.0,246.0,1.181029972001586e-05,28.13965537506624,3.861659512326787
,,,,,211329.75419147837,42100.0,0.8564605324547604,162561.34937806008,0.0001181029972001586,24.100504225622693,31.330655493309504,10.0,246.0,1.181029972001586e-05,28.13965537506624,3.8613147120679354
,,,,,211361.0891673626,42110.0,0.8565786354519606,162585.45320566333,0.0001181029972001586,24.10382760326267,31.33497588424147,10.0,246.0,1.181029972001586e-05,28.13965537506624,3.860970154492124
,,,,,211479.43484707613,42120.0,0.8566841634667222,162676.4883439045,0.00010552801476162483,91.0351382411714,118.34567971352281,10.0,157.0,1.0552801476162483e-05,106.26452795950121,3.8622148229796887
,,,,,211597.79510483972,42130.0,0.8567896914814838,162767.53469603034,0.00010552801476162483,91.04635212584654,118.3602577636005,10.0,157.0,1.0552801476162483e-05,106.26452795950121,3.863459166770243
,,,,,211716.1699406534,42140.0,0.8568952194962454,162858.59226204085,0.00010552801476162483,91.0575660105217,118.3748358136782,10.0,157.0,1.0552801476162483e-05,106.26452795950121,3.864703186094942
,,,,,211834.55935451717,42150.0,0.857000747511007,162949.66104193605,0.00010552801476162483,91.06877989519684,118.38941386375589,10.0,157.0,1.0552801476162483e-05,106.26452795950121,3.8659468811847226
,,,,,211952.963346431,42190.0,0.8571062755257686,163040.7410357159,0.00010552801476162483,91.07999377987198,118.40399191383358,10.0,157.0,1.0552801476162483e-05,106.26452795950121,3.864440413266554
,,,,,212071.38191639492,42200.0,0.8572118035405302,163131.83224338046,0.00010552801476162483,91.09120766454713,118.41856996391127,10.0,157.0,1.0552801476162483e-05,106.26452795950121,3.8656832285161244
,,,,,212189.8150644089,42210.0,0.8573173315552918,163222.9346649297,0.00010552801476162483,91.10242154922227,118.43314801398895,10.0,157.0,1.0552801476162483e-05,106.26452795950121,3.8669257205621816
,,,,,212239.7753010547,42220.0,0.8573591956662165,163261.3656161957,4.1864110924794385e-05,38.430951266000925,49.9602366458012,10.0,226.0,4.186411092479439e-06,44.82479625839658,3.866920076177065
,,,,,212289.73797721582,42230.0,0.8574010597771413,163299.79844401195,4.1864110924794385e-05,38.432827816243666,49.96267616111677,10.0,226.0,4.186411092479439e-06,44.82479625839658,3.866914478901538
,,,,,212339.70309289225,42240.0,0.8574429238880661,163338.23314837844,4.1864110924794385e-05,38.43470436648641,49.96511567643233,10.0,226.0,4.186411092479439e-06,44.82479625839658,3.866908928702141
,,,,,212389.670648084,42250.0,0.8574847879989909,163376.66972929516,4.1864110924794385e-05,38.43658091672915,49.9675551917479,10.0,226.0,4.186411092479439e-06,44.82479625839658,3.8669034255454475
,,,,,212439.64064279106,42260.0,0.8575266521099156,163415.10818676214,4.1864110924794385e-05,38.43845746697189,49.96999470706346,10.0,226.0,4.186411092479439e-06,44.82479625839658,3.866897969398063
,,,,,212489.61307701343,42270.0,0.8575685162208404,163453.54852077935,4.1864110924794385e-05,38.44033401721464,49.97243422237903,10.0,226.0,4.186411092479439e-06,44.82479625839658,3.866892560226623
,,,,,212539.58795075113,42280.0,0.8576103803317652,163491.9907313468,4.1864110924794385e-05,38.44221056745738,49.974873737694594,10.0,226.0,4.186411092479439e-06,44.82479625839658,3.8668871979977957
,,,,,212589.56526400414,42290.0,0.85765224444269,163530.4348184645,4.1864110924794385e-05,38.44408711770012,49.97731325301016,10.0,226.0,4.186411092479439e-06,44.82479625839658,3.866881882678281
,,,,,212639.54501677246,42300.0,0.8576941085536147,163568.88078213244,4.1864110924794385e-05,38.44596366794286,49.979752768325724,10.0,226.0,4.186411092479439e-06,44.82479625839658,3.8668766142348097
,,,,,212689.5272090561,42310.0,0.8577359726645395,163607.32862235064,4.1864110924794385e-05,38.447840218185604,49.98219228364129,10.0,226.0,4.186411092479439e-06,44.82479625839658,3.8668713926341445
,,,,,212739.51184085506,42320.0,0.8577778367754643,163645.77833911908,4.1864110924794385e-05,38.449716768428345,49.98463179895685,10.0,226.0,4.186411092479439e-06,44.82479625839658,3.866866217843078
,,,,,212789.49891216934,42330.0,0.857819700886389,163684.22993243774,4.1864110924794385e-05,38.45159331867109,49.98707131427241,10.0,226.0,4.186411092479439e-06,44.82479625839658,3.866861089828437
,,,,,212839.48842299893,42340.0,0.8578615649973138,163722.68340230666,4.1864110924794385e-05,38.45346986891383,49.98951082958798,10.0,226.0,4.186411092479439e-06,44.82479625839658,3.8668560085570776
,,,,,212889.48037334383,42350.0,0.8579034291082386,163761.13874872582,4.1864110924794385e-05,38.45534641915657,49.99195034490354,10.0,226.0,4.186411092479439e-06,44.82479625839658,3.866850973995887
,,,,,212939.47476320405,42360.0,0.8579452932191634,163799.5959716952,4.1864110924794385e-05,38.45722296939931,49.99438986021911,10.0,226.0,4.186411092479439e-06,44.82479625839658,3.8668459861117848
,,,,,212989.4715925796,42370.0,0.8579871573300881,163838.05507121485,4.1864110924794385e-05,38.45909951964205,49.996829375534666,10.0,226.0,4.186411092479439e-06,44.82479625839658,3.866841044871722
,,,,,213039.47086147044,42380.0,0.8580290214410129,163876.51604728473,4.1864110924794385e-05,38.460976069884794,49.99926889085023,10.0,226.0,4.186411092479439e-06,44.82479625839658,3.866836150242679
,,,,,213089.4725698766,42390.0,0.8580708855519377,163914.97889990488,4.1864110924794385e-05,38.462852620127535,50.0017084061658,10.0,226.0,4.186411092479439e-06,44.82479625839658,3.86683130219167
,,,,,213139.4767177981,42400.0,0.8581127496628624,163953.44362907525,4.1864110924794385e-05,38.464729170370276,50.00414792148136,10.0,226.0,4.186411092479439e-06,44.82479625839658,3.866826500685737
,,,,,213189.4833052349,42410.0,0.8581546137737872,163991.91023479585,4.1864110924794385e-05,38.46660572061302,50.00658743679693,10.0,226.0,4.186411092479439e-06,44.82479625839658,3.866821745691956
,,,,,213239.49233218702,42420.0,0.858196477884712,164030.37871706672,4.1864110924794385e-05,38.46848227085576,50.009026952112485,10.0,226.0,4.186411092479439e-06,44.82479625839658,3.8668170371774333
,,,,,213289.50379865445,42430.0,0.8582383419956368,164068.84907588782,4.1864110924794385e-05,38.47035882109851,50.011466467428065,10.0,226.0,4.186411092479439e-06,44.82479625839658,3.8668123751093053
,,,,,213310.04190733557,42440.0,0.8586149041717556,164084.64762102714,0.0003765621761187818,15.798545139332148,20.538108681131792,10.0,146.0,3.7656217611878183e-05,18.400035991189643,3.8662735066217517
,,,,,213330.58902340158,42450.0,0.8589914663478744,164100.45309492407,0.0003765621761187818,15.805473896925657,20.547116066003355,10.0,146.0,3.7656217611878183e-05,18.400035991189643,3.865735055239672
,,,,,213351.14514685245,42460.0,0.8593680285239932,164116.2654975786,0.0003765621761187818,15.812402654519163,20.556123450874914,10.0,146.0,3.7656217611878183e-05,18.400035991189643,3.8651970206683606
,,,,,213371.7102776882,42470.0,0.859744590700112,164132.08482899072,0.0003765621761187818,15.81933141211267,20.56513083574647,10.0,146.0,3.7656217611878183e-05,18.400035991189643,3.864659402613391
,,,,,213392.28441590883,42480.0,0.8601211528762308,164147.91108916042,0.0003765621761187818,15.826260169706176,20.57413822061803,10.0,146.0,3.7656217611878183e-05,18.400035991189643,3.8641222007806126
,,,,,213412.86756151431,42490.0,0.8604977150523496,164163.74427808772,0.0003765621761187818,15.833188927299682,20.583145605489587,10.0,146.0,3.7656217611878183e-05,18.400035991189643,3.8635854148761526
,,,,,213433.4597145047,42500.0,0.8608742772284684,164179.5843957726,0.0003765621761187818,15.84011768489319,20.592152990361146,10.0,146.0,3.7656217611878183e-05,18.400035991189643,3.8630490446064143
,,,,,213745.98596693276,42510.0,0.8610987645757042,164419.98920533265,0.0002244873472357442,240.4048095600582,312.5262524280757,10.0,152.0,2.244873472357442e-05,279.18378175645705,3.867795558817517
,,,,,214058.59369455537,42520.0,0.86132325192294,164660.45668811927,0.0002244873472357442,240.46748278661596,312.60772762260075,10.0,152.0,2.244873472357442e-05,279.18378175645705,3.872541314396032
,,,,,214371.2828973725,42530.0,0.8615477392701758,164900.98684413245,0.0002244873472357442,240.53015601317372,312.6892028171259,10.0,152.0,2.244873472357442e-05,279.18378175645705,3.8772863118770857
,,,,,214391.54707812463,42540.0,0.8616224208171489,164916.57467548025,7.468154697307446e-05,15.587831347794554,20.26418075213292,10.0,94.0,7.468154697307445e-06,18.091255486378017,3.8767412946751354
,,,,,214411.8130152846,42550.0,0.861697102364122,164932.163857911,7.468154697307446e-05,15.589182430740962,20.26593715996325,10.0,94.0,7.468154697307445e-06,18.091255486378017,3.8761965654033133
,,,,,214432.0807088524,42560.0,0.8617717839110951,164947.75439142468,7.468154697307446e-05,15.59053351368737,20.267693567793582,10.0,94.0,7.468154697307445e-06,18.091255486378017,3.8756521238586625
,,,,,214514.56848479228,42570.0,0.862002301661837,165011.20652676307,0.00023051775074186084,63.452135338391656,82.48777593990916,10.0,225.0,2.3051775074186083e-05,73.61016927224388,3.876232241643483
,,,,,214597.07831971804,42580.0,0.8622328194125789,165074.6756305521,0.00023051775074186084,63.46910378904402,82.50983492575723,10.0,225.0,2.3051775074186083e-05,73.61016927224388,3.87681248545214
,,,,,214679.61021362964,42590.0,0.8624633371633208,165138.1617027918,0.00023051775074186084,63.48607223969639,82.53189391160531,10.0,225.0,2.3051775074186083e-05,73.61016927224388,3.877392855195863
,,,,,214759.87377023094,42600.0,0.8626653917241115,165199.90290017743,0.00020205456079066045,61.74119738561738,80.2635566013026,10.0,217.0,2.0205456079066044e-05,71.5702727592007,3.8779319929619116
,,,,,214840.15612626227,42610.0,0.8628674462849022,165261.65855866307,0.00020205456079066045,61.75565848564541,80.28235603133903,10.0,217.0,2.0205456079066044e-05,71.5702727592007,3.878471217053815
,,,,,214920.45728172365,42620.0,0.8630695008456929,165323.42867824875,0.00020205456079066045,61.77011958567344,80.30115546137547,10.0,217.0,2.0205456079066044e-05,71.5702727592007,3.8790105274108106
,,,,,215000.77723661505,42630.0,0.8632715554064836,165385.21325893444,0.00020205456079066045,61.78458068570148,80.31995489141192,10.0,217.0,2.0205456079066044e-05,71.5702727592007,3.8795499239721893
,,,,,215081.1159909365,42640.0,0.8634736099672743,165447.01230072018,0.00020205456079066045,61.79904178572951,80.33875432144836,10.0,217.0,2.0205456079066044e-05,71.5702727592007,3.8800894066773024
,,,,,215161.473544688,42650.0,0.863675664528065,165508.82580360593,0.00020205456079066045,61.813502885757536,80.3575537514848,10.0,217.0,2.0205456079066044e-05,71.5702727592007,3.880628975465555
,,,,,215241.8498978695,42660.0,0.8638777190888557,165570.65376759172,0.00020205456079066045,61.827963985785566,80.37635318152124,10.0,217.0,2.0205456079066044e-05,71.5702727592007,3.8811686302764117
,,,,,215349.13118478097,42670.0,0.8639794469060206,165653.1778344467,0.00010172781716491378,82.52406685496443,107.28128691145376,10.0,210.0,1.0172781716491377e-05,95.51623843656202,3.882193059162097
,,,,,215456.4251033484,42680.0,0.8640811747231855,165735.7116179601,0.00010172781716491378,82.53378351340439,107.2939185674257,10.0,210.0,1.0172781716491377e-05,95.51623843656202,3.8832172356597963
,,,,,215563.7316535718,42690.0,0.8641829025403504,165818.25511813196,0.00010172781716491378,82.54350017184434,107.30655022339765,10.0,210.0,1.0172781716491377e-05,95.51623843656202,3.884241159946872
,,,,,215671.05083545117,42700.0,0.8642846303575152,165900.80833496223,0.00010172781716491378,82.5532168302843,107.3191818793696,10.0,210.0,1.0172781716491377e-05,95.51623843656202,3.8852648322005208
,,,,,215778.3826489865,42710.0,0.8643863581746801,165983.37126845095,0.00010172781716491378,82.56293348872424,107.33181353534151,10.0,210.0,1.0172781716491377e-05,95.51623843656202,3.8862882525977747
,,,,,215885.72709417783,42720.0,0.864488085991845,166065.94391859812,0.00010172781716491378,82.5726501471642,107.34444519131345,10.0,210.0,1.0172781716491377e-05,95.51623843656202,3.887311421315499
,,,,,215993.0841710251,42730.0,0.8645898138090099,166148.52628540373,0.00010172781716491378,82.58236680560415,107.3570768472854,10.0,210.0,1.0172781716491377e-05,95.51623843656202,3.888334338530394
,,,,,216100.45387952836,42740.0,0.8646915416261748,166231.11836886778,0.00010172781716491378,82.59208346404411,107.36970850325734,10.0,210.0,1.0172781716491377e-05,95.51623843656202,3.8893570044189936
,,,,,216207.8362196876,42750.0,0.8647932694433397,166313.72016899026,0.00010172781716491378,82.60180012248405,107.38234015922927,10.0,210.0,1.0172781716491377e-05,95.51623843656202,3.890379419157667
,,,,,216315.2311915028,42760.0,0.8648949972605046,166396.33168577118,0.00010172781716491378,82.611516780924,107.39497181520122,10.0,210.0,1.0172781716491377e-05,95.51623843656202,3.8914015829226187
,,,,,216422.63879497396,42770.0,0.8649967250776694,166478.95291921054,0.00010172781716491378,82.62123343936396,107.40760347117316,10.0,210.0,1.0172781716491377e-05,95.51623843656202,3.8924234958898887
,,,,,216530.0590301011,42780.0,0.8650984528948343,166561.58386930835,0.00010172781716491378,82.63095009780392,107.42023512714509,10.0,210.0,1.0172781716491377e-05,95.51623843656202,3.8934451582353518
,,,,,216637.49189688422,42790.0,0.8652001807119992,166644.2245360646,0.00010172781716491378,82.64066675624386,107.43286678311702,10.0,210.0,1.0172781716491377e-05,95.51623843656202,3.8944665701347185
,,,,,216744.9373953233,42800.0,0.8653019085291641,166726.87491947928,0.00010172781716491378,82.65038341468382,107.44549843908896,10.0,210.0,1.0172781716491377e-05,95.51623843656202,3.8954877317635344
,,,,,216852.39552541837,42810.0,0.865403636346329,166809.5350195524,0.00010172781716491378,82.66010007312377,107.45813009506091,10.0,210.0,1.0172781716491377e-05,95.51623843656202,3.896508643297183
,,,,,216959.8662871694,42820.0,0.8655053641634939,166892.20483628396,0.00010172781716491378,82.66981673156373,107.47076175103285,10.0,210.0,1.0172781716491377e-05,95.51623843656202,3.897529304910882
,,,,,217067.34968057642,42830.0,0.8656070919806588,166974.88436967396,0.00010172781716491378,82.67953339000367,107.48339340700477,10.0,210.0,1.0172781716491377e-05,95.51623843656202,3.8985497167796863
,,,,,217174.8457056394,42840.0,0.8657088197978237,167057.57361972242,0.00010172781716491378,82.68925004844363,107.49602506297671,10.0,210.0,1.0172781716491377e-05,95.51623843656202,3.899569879078488
,,,,,217282.35436235834,42850.0,0.8658105476149885,167140.2725864293,0.00010172781716491378,82.69896670688358,107.50865671894866,10.0,210.0,1.0172781716491377e-05,95.51623843656202,3.900589791982014
,,,,,217389.87565073327,42860.0,0.8659122754321534,167222.9812697946,0.00010172781716491378,82.70868336532354,107.5212883749206,10.0,210.0,1.0172781716491377e-05,95.51623843656202,3.90160945566483
,,,,,217497.40957076417,42870.0,0.8660140032493183,167305.69966981836,0.00010172781716491378,82.71840002376348,107.53392003089253,10.0,210.0,1.0172781716491377e-05,95.51623843656202,3.902628870301338
,,,,,217604.95612245103,42880.0,0.8661157310664832,167388.42778650057,0.00010172781716491378,82.72811668220344,107.54655168686448,10.0,210.0,1.0172781716491377e-05,95.51623843656202,3.9036480360657784
,,,,,217712.51530579387,42890.0,0.8662174588836481,167471.16561984122,0.00010172781716491378,82.73783334064339,107.5591833428364,10.0,210.0,1.0172781716491377e-05,95.51623843656202,3.904666953132227
,,,,,217820.08712079268,42900.0,0.866319186700813,167553.91316984032,0.00010172781716491378,82.74754999908335,107.57181499880835,10.0,210.0,1.0172781716491377e-05,95.51623843656202,3.9056856216745994
,,,,,217927.67156744745,42910.0,0.8664209145179779,167636.67043649784,0.00010172781716491378,82.75726665752329,107.58444665478028,10.0,210.0,1.0172781716491377e-05,95.51623843656202,3.9067040418666474
,,,,,218035.26864575822,42920.0,0.8665226423351428,167719.4374198138,0.00010172781716491378,82.76698331596324,107.59707831075222,10.0,210.0,1.0172781716491377e-05,95.51623843656202,3.9077222138819616
,,,,,218142.87835572494,42930.0,0.8666243701523076,167802.2141197882,0.00010172781716491378,82.7766999744032,107.60970996672417,10.0,210.0,1.0172781716491377e-05,95.51623843656202,3.9087401378939717
,,,,,218250.50069734763,42940.0,0.8667260979694725,167885.00053642105,0.00010172781716491378,82.78641663284316,107.62234162269611,10.0,210.0,1.0172781716491377e-05,95.51623843656202,3.9097578140759444
,,,,,218358.1356706263,42950.0,0.8668278257866374,167967.79666971235,0.00010172781716491378,82.7961332912831,107.63497327866803,10.0,210.0,1.0172781716491377e-05,95.51623843656202,3.910775242600986
,,,,,218465.78327556094,42960.0,0.8669295536038023,168050.60251966206,0.00010172781716491378,82.80584994972305,107.64760493463997,10.0,210.0,1.0172781716491377e-05,95.51623843656202,3.9117924236420407
,,,,,218573.44351215154,42970.0,0.8670312814209672,168133.41808627022,0.00010172781716491378,82.81556660816301,107.66023659061192,10.0,210.0,1.0172781716491377e-05,95.51623843656202,3.9128093573718923
,,,,,218681.11638039813,42980.0,0.8671330092381321,168216.24336953682,0.00010172781716491378,82.82528326660297,107.67286824658386,10.0,210.0,1.0172781716491377e-05,95.51623843656202,3.913826043963165
,,,,,218788.80188030069,42990.0,0.867234737055297,168299.07836946187,0.00010172781716491378,82.83499992504291,107.68549990255579,10.0,210.0,1.0172781716491377e-05,95.51623843656202,3.9148424835883198
,,,,,218896.5000118592,43000.0,0.8673364648724619,168381.92308604537,0.00010172781716491378,82.84471658348286,107.69813155852772,10.0,210.0,1.0172781716491377e-05,95.51623843656202,3.91585867641966
,,,,,219004.2107750737,43010.0,0.8674381926896267,168464.77751928728,0.00010172781716491378,82.85443324192282,107.71076321449966,10.0,210.0,1.0172781716491377e-05,95.51623843656202,3.9168746226293254
,,,,,219111.93416994417,43020.0,0.8675399205067916,168547.64166918764,0.00010172781716491378,82.86414990036278,107.72339487047161,10.0,210.0,1.0172781716491377e-05,95.51623843656202,3.9178903223892987
,,,,,219219.67019647063,43030.0,0.8676416483239565,168630.51553574644,0.00010172781716491378,82.87386655880272,107.73602652644354,10.0,210.0,1.0172781716491377e-05,95.51623843656202,3.9189057758714023
,,,,,219327.41885465305,43040.0,0.8677433761411214,168713.3991189637,0.00010172781716491378,82.88358321724267,107.74865818241548,10.0,210.0,1.0172781716491377e-05,95.51623843656202,3.9199209832472977
,,,,,219350.27328797264,43050.0,0.8682138009252178,168730.97945228644,0.000470424784096392,17.58033332276272,22.854433319591536,10.0,125.0,4.7042478409639196e-05,20.248852648999726,3.9194188026082797
,,,,,219373.14010452302,43060.0,0.8686842257093143,168748.56931117133,0.000470424784096392,17.589858884898323,22.866816550367822,10.0,125.0,4.7042478409639196e-05,20.248852648999726,3.9189170764322188
,,,,,219396.01930430415,43070.0,0.8691546504934107,168766.16869561837,0.000470424784096392,17.59938444703393,22.87919978114411,10.0,125.0,4.7042478409639196e-05,20.248852648999726,3.9184158044025628
,,,,,219418.91088731607,43080.0,0.8696250752775071,168783.77760562755,0.000470424784096392,17.608910009169534,22.891583011920396,10.0,125.0,4.7042478409639196e-05,20.248852648999726,3.9179149862030536
,,,,,219441.81485355878,43090.0,0.8700955000616035,168801.39604119887,0.000470424784096392,17.61843557130514,22.903966242696686,10.0,125.0,4.7042478409639196e-05,20.248852648999726,3.917414621517727
,,,,,219464.73120303225,43100.0,0.8705659248457,168819.0240023323,0.000470424784096392,17.62796113344075,22.916349473472973,10.0,125.0,4.7042478409639196e-05,20.248852648999726,3.9169147100309116
,,,,,219487.6599357365,43110.0,0.8710363496297964,168836.66148902787,0.000470424784096392,17.637486695576353,22.92873270424926,10.0,125.0,4.7042478409639196e-05,20.248852648999726,3.91641525142723
,,,,,219510.60105167152,43120.0,0.8715067744138928,168854.3085012856,0.000470424784096392,17.64701225771196,22.94111593502555,10.0,125.0,4.7042478409639196e-05,20.248852648999726,3.915916245391595
,,,,,219533.55455083732,43130.0,0.8719771991979892,168871.96503910545,0.000470424784096392,17.656537819847564,22.953499165801833,10.0,125.0,4.7042478409639196e-05,20.248852648999726,3.915417691609215
,,,,,219556.5204332339,43140.0,0.8724476239820856,168889.63110248742,0.000470424784096392,17.66606338198317,22.965882396578124,10.0,125.0,4.7042478409639196e-05,20.248852648999726,3.914919589765587
,,,,,219579.49869886125,43150.0,0.8729180487661821,168907.30669143153,0.000470424784096392,17.67558894411878,22.978265627354414,10.0,125.0,4.7042478409639196e-05,20.248852648999726,3.9144219395465014
,,,,,219602.48934771938,43160.0,0.8733884735502785,168924.99180593778,0.000470424784096392,17.685114506254383,22.990648858130697,10.0,125.0,4.7042478409639196e-05,20.248852648999726,3.9139247406380395
,,,,,219625.4923798083,43170.0,0.8738588983343749,168942.68644600618,0.000470424784096392,17.69464006838999,23.003032088906988,10.0,125.0,4.7042478409639196e-05,20.248852648999726,3.9134279927265734
,,,,,219648.50779512798,43180.0,0.8743293231184713,168960.3906116367,0.000470424784096392,17.704165630525598,23.015415319683278,10.0,125.0,4.7042478409639196e-05,20.248852648999726,3.912931695498766
,,,,,219671.53559367845,43190.0,0.8747997479025678,168978.10430282936,0.000470424784096392,17.7136911926612,23.02779855045956,10.0,125.0,4.7042478409639196e-05,20.248852648999726,3.912435848641569
,,,,,219694.57577545967,43200.0,0.8752701726866642,168995.82751958416,0.000470424784096392,17.72321675479681,23.04018178123585,10.0,125.0,4.7042478409639196e-05,20.248852648999726,3.911940451842226
,,,,,219717.62834047168,43210.0,0.8757405974707606,169013.5602619011,0.000470424784096392,17.732742316932413,23.05256501201214,10.0,125.0,4.7042478409639196e-05,20.248852648999726,3.9114455047882686
,,,,,219740.69328871448,43220.0,0.876211022254857,169031.30252978017,0.000470424784096392,17.74226787906802,23.06494824278843,10.0,125.0,4.7042478409639196e-05,20.248852648999726,3.910951007167519
,,,,,219763.77062018804,43230.0,0.8766814470389535,169049.05432322138,0.000470424784096392,17.751793441203628,23.077331473564715,10.0,125.0,4.7042478409639196e-05,20.248852648999726,3.9104569586680866
,,,,,219786.86033489238,43240.0,0.8771518718230499,169066.8156422247,0.000470424784096392,17.76131900333923,23.089714704341002,10.0,125.0,4.7042478409639196e-05,20.248852648999726,3.90996335897837
,,,,,219809.9624328275,43250.0,0.8776222966071463,169084.58648679018,0.000470424784096392,17.77084456547484,23.102097935117293,10.0,125.0,4.7042478409639196e-05,20.248852648999726,3.9094702077870562
,,,,,219833.0769139934,43260.0,0.8780927213912427,169102.3668569178,0.000470424784096392,17.780370127610443,23.114481165893576,10.0,125.0,4.7042478409639196e-05,20.248852648999726,3.908977504783121
,,,,,219856.20377839007,43270.0,0.8785631461753391,169120.15675260755,0.000470424784096392,17.78989568974605,23.126864396669866,10.0,125.0,4.7042478409639196e-05,20.248852648999726,3.908485249655825
,,,,,219879.3430260175,43280.0,0.8790335709594356,169137.95617385942,0.000470424784096392,17.799421251881657,23.139247627446156,10.0,125.0,4.7042478409639196e-05,20.248852648999726,3.9079934420947184
,,,,,219902.49465687573,43290.0,0.879503995743532,169155.76512067343,0.000470424784096392,17.80894681401726,23.15163085822244,10.0,125.0,4.7042478409639196e-05,20.248852648999726,3.907502081789638
,,,,,219925.65867096474,43300.0,0.8799744205276284,169173.58359304958,0.000470424784096392,17.81847237615287,23.16401408899873,10.0,125.0,4.7042478409639196e-05,20.248852648999726,3.907011168430706
,,,,,219948.8350682845,43310.0,0.8804448453117248,169191.41159098787,0.000470424784096392,17.827997938288473,23.176397319775017,10.0,125.0,4.7042478409639196e-05,20.248852648999726,3.9065207017083323
,,,,,219972.02384883506,43320.0,0.8809152700958213,169209.2491144883,0.000470424784096392,17.83752350042408,23.188780550551304,10.0,125.0,4.7042478409639196e-05,20.248852648999726,3.906030681313211
,,,,,219995.2250126164,43330.0,0.8813856948799177,169227.09616355086,0.000470424784096392,17.847049062559687,23.201163781327594,10.0,125.0,4.7042478409639196e-05,20.248852648999726,3.9055411069363224
,,,,,220018.4385596285,43340.0,0.8818561196640141,169244.95273817555,0.000470424784096392,17.85657462469529,23.21354701210388,10.0,125.0,4.7042478409639196e-05,20.248852648999726,3.905051978268933
,,,,,220041.6644898714,43350.0,0.8823265444481105,169262.81883836238,0.000470424784096392,17.8661001868309,23.225930242880167,10.0,125.0,4.7042478409639196e-05,20.248852648999726,3.904563295002592
,,,,,220064.90280334503,43360.0,0.882796969232207,169280.69446411135,0.000470424784096392,17.875625748966502,23.238313473656454,10.0,125.0,4.7042478409639196e-05,20.248852648999726,3.9040750568291362
,,,,,220088.15350004946,43370.0,0.8832673940163034,169298.57961542247,0.000470424784096392,17.88515131110211,23.250696704432745,10.0,125.0,4.7042478409639196e-05,20.248852648999726,3.903587263440684
,,,,,220111.41657998468,43380.0,0.8837378188003998,169316.4742922957,0.000470424784096392,17.894676873237717,23.263079935209035,10.0,125.0,4.7042478409639196e-05,20.248852648999726,3.903099914529638
,,,,,220134.69204315066,43390.0,0.8842082435844962,169334.37849473106,0.000470424784096392,17.90420243537332,23.275463165985318,10.0,125.0,4.7042478409639196e-05,20.248852648999726,3.9026130097886855
,,,,,220157.97988954742,43400.0,0.8846786683685927,169352.29222272857,0.000470424784096392,17.91372799750893,23.28784639676161,10.0,125.0,4.7042478409639196e-05,20.248852648999726,3.902126548910797
,,,,,220181.28011917497,43410.0,0.8851490931526891,169370.21547628823,0.000470424784096392,17.923253559644532,23.30022962753789,10.0,125.0,4.7042478409639196e-05,20.248852648999726,3.901640531589224
,,,,,220204.59273203328,43420.0,0.8856195179367855,169388.14825541,0.000470424784096392,17.93277912178014,23.312612858314182,10.0,125.0,4.7042478409639196e-05,20.248852648999726,3.901154957517503
,,,,,220227.91772812238,43430.0,0.8860899427208819,169406.0905600939,0.000470424784096392,17.942304683915747,23.324996089090472,10.0,125.0,4.7042478409639196e-05,20.248852648999726,3.900669826389452
,,,,,220251.25510744224,43440.0,0.8865603675049784,169424.04239033995,0.000470424784096392,17.95183024605135,23.337379319866756,10.0,125.0,4.7042478409639196e-05,20.248852648999726,3.9001851378991703
,,,,,220274.60486999288,43450.0,0.8870307922890748,169442.00374614814,0.000470424784096392,17.96135580818696,23.349762550643046,10.0,125.0,4.7042478409639196e-05,20.248852648999726,3.899700891741039
,,,,,220297.9670157743,43460.0,0.8875012170731712,169459.97462751847,0.000470424784096392,17.970881370322562,23.362145781419333,10.0,125.0,4.7042478409639196e-05,20.248852648999726,3.899217087609721
,,,,,220321.3415447865,43470.0,0.8879716418572676,169477.95503445092,0.000470424784096392,17.98040693245817,23.374529012195623,10.0,125.0,4.7042478409639196e-05,20.248852648999726,3.898733725200159
,,,,,220344.72845702947,43480.0,0.888442066641364,169495.9449669455,0.000470424784096392,17.989932494593777,23.38691224297191,10.0,125.0,4.7042478409639196e-05,20.248852648999726,3.8982508042075783
,,,,,220368.12775250323,43490.0,0.8889124914254605,169513.94442500224,0.000470424784096392,17.99945805672938,23.399295473748197,10.0,125.0,4.7042478409639196e-05,20.248852648999726,3.8977683243274828
,,,,,220391.53943120776,43500.0,0.8893829162095569,169531.9534086211,0.000470424784096392,18.00898361886499,23.411678704524487,10.0,125.0,4.7042478409639196e-05,20.248852648999726,3.8972862852556576
,,,,,220414.96349314306,43510.0,0.8898533409936533,169549.97191780212,0.000470424784096392,18.018509181000592,23.42406193530077,10.0,125.0,4.7042478409639196e-05,20.248852648999726,3.8968046866881663
,,,,,220448.07349168614,43520.0,0.8903237657777497,169575.44114745065,0.000470424784096392,25.469229648518162,33.109998543073615,10.0,129.0,4.7042478409639196e-05,28.606705366636266,3.8964945116601712
,,,,,220481.20098472337,43530.0,0.8907941905618462,169600.92383440238,0.000470424784096392,25.482686951713973,33.12749303722816,10.0,129.0,4.7042478409639196e-05,28.606705366636266,3.8961847882931857
,,,,,220514.34597225476,43540.0,0.8912646153459426,169626.41997865727,0.000470424784096392,25.496144254909783,33.14498753138272,10.0,129.0,4.7042478409639196e-05,28.606705366636266,3.8958755162760053
,,,,,220547.5084542803,43550.0,0.891735040130039,169651.92958021536,0.000470424784096392,25.509601558105594,33.16248202553727,10.0,129.0,4.7042478409639196e-05,28.606705366636266,3.8955666952977124
,,,,,220580.6884308,43560.0,0.8922054649141354,169677.45263907666,0.000470424784096392,25.523058861301404,33.17997651969183,10.0,129.0,4.7042478409639196e-05,28.606705366636266,3.8952583250476733
,,,,,220613.88590181383,43570.0,0.8926758896982319,169702.98915524114,0.000470424784096392,25.53651616449721,33.197471013846375,10.0,129.0,4.7042478409639196e-05,28.606705366636266,3.8949504052155417
,,,,,220647.10086732183,43580.0,0.8931463144823283,169728.53912870883,0.000470424784096392,25.54997346769302,33.21496550800093,10.0,129.0,4.7042478409639196e-05,28.606705366636266,3.8946429354912535
,,,,,220680.33332732398,43590.0,0.8936167392664247,169754.1025594797,0.000470424784096392,25.563430770888832,33.232460002155484,10.0,129.0,4.7042478409639196e-05,28.606705366636266,3.8943359155650312
,,,,,220713.5832818203,43600.0,0.8940871640505211,169779.6794475538,0.000470424784096392,25.576888074084643,33.24995449631004,10.0,129.0,4.7042478409639196e-05,28.606705366636266,3.8940293451273806
,,,,,220746.85073081075,43610.0,0.8945575888346176,169805.26979293107,0.000470424784096392,25.590345377280453,33.267448990464594,10.0,129.0,4.7042478409639196e-05,28.606705366636266,3.8937232238690913
,,,,,220809.39218785486,43620.0,0.895028013618714,169853.37860604192,0.000470424784096392,48.10881311084371,62.54145704409683,10.0,79.0,4.7042478409639196e-05,53.751181391891365,3.893933484778586
,,,,,220871.96651655322,43630.0,0.8954984384028104,169901.51270504066,0.000470424784096392,48.13409899874492,62.5743286983684,10.0,79.0,4.7042478409639196e-05,53.751181391891365,3.8941442288572237
,,,,,220934.57371690587,43640.0,0.8959688631869068,169949.6720899273,0.000470424784096392,48.15938488664612,62.607200352639964,10.0,79.0,4.7042478409639196e-05,53.751181391891365,3.894355455772853
,,,,,220997.21378891278,43650.0,0.8964392879710033,169997.85676070186,0.000470424784096392,48.184670774547335,62.64007200691154,10.0,79.0,4.7042478409639196e-05,53.751181391891365,3.894567165193628
,,,,,221059.88673257397,43660.0,0.8969097127550997,170046.0667173643,0.000470424784096392,48.20995666244854,62.672943661183105,10.0,79.0,4.7042478409639196e-05,53.751181391891365,3.894779356788005
,,,,,221122.59254788942,43670.0,0.8973801375391961,170094.30195991465,0.000470424784096392,48.23524255034975,62.70581531545468,10.0,79.0,4.7042478409639196e-05,53.751181391891365,3.8949920302247456
,,,,,221185.33123485916,43700.0,0.8978505623232925,170142.5624883529,0.000470424784096392,48.26052843825096,62.738686969726245,10.0,79.0,4.7042478409639196e-05,53.751181391891365,3.8934224825710047
,,,,,221248.10279348315,44350.0,0.898320987107389,170190.84830267905,0.000470424784096392,48.28581432615217,62.77155862399783,10.0,79.0,4.7042478409639196e-05,53.751181391891365,3.8374486652238793
,,,,,221310.90722376143,44380.0,0.8987914118914854,170239.1594028931,0.000470424784096392,48.311100214053376,62.80443027826939,10.0,79.0,4.7042478409639196e-05,53.751181391891365,3.835943204211201
,,,,,221373.74452569397,44390.0,0.8992618366755818,170287.49578899506,0.000470424784096392,48.33638610195458,62.83730193254096,10.0,79.0,4.7042478409639196e-05,53.751181391891365,3.8361679610046195
,,,,,221436.6146992808,44400.0,0.8997322614596782,170335.8574609849,0.000470424784096392,48.36167198985579,62.870173586812534,10.0,79.0,4.7042478409639196e-05,53.751181391891365,3.8363931860582183
,,,,,221499.51774452187,44410.0,0.9002026862437746,170384.24441886265,0.000470424784096392,48.386957877757,62.9030452410841,10.0,79.0,4.7042478409639196e-05,53.751181391891365,3.8366188790556777
,,,,,221562.45366141724,44420.0,0.9006731110278711,170432.65666262832,0.000470424784096392,48.41224376565821,62.935916895355675,10.0,79.0,4.7042478409639196e-05,53.751181391891365,3.8368450396809615
,,,,,221625.42244996686,44430.0,0.9011435358119675,170481.0941922819,0.000470424784096392,48.437529653559416,62.96878854962724,10.0,79.0,4.7042478409639196e-05,53.751181391891365,3.8370716676183183
,,,,,221688.42411017077,44440.0,0.9016139605960639,170529.55700782334,0.000470424784096392,48.46281554146062,63.00166020389881,10.0,79.0,4.7042478409639196e-05,53.751181391891365,3.8372987625522805
,,,,,221751.45864202894,44450.0,0.9020843853801603,170578.0451092527,0.000470424784096392,48.48810142936183,63.03453185817039,10.0,79.0,4.7042478409639196e-05,53.751181391891365,3.837526324167665
,,,,,221814.5260455414,44460.0,0.9025548101642568,170626.55849656998,0.000470424784096392,48.51338731726304,63.067403512441956,10.0,79.0,4.7042478409639196e-05,53.751181391891365,3.837754352149572
,,,,,221877.6263207081,44470.0,0.9030252349483532,170675.09716977514,0.000470424784096392,48.53867320516425,63.10027516671353,10.0,79.0,4.7042478409639196e-05,53.751181391891365,3.8379828461833854
,,,,,221940.7594675291,44480.0,0.9034956597324496,170723.6611288682,0.000470424784096392,48.563959093065456,63.1331468209851,10.0,79.0,4.7042478409639196e-05,53.751181391891365,3.8382118059547707
,,,,,222003.92548600436,44490.0,0.903966084516546,170772.25037384918,0.000470424784096392,48.58924498096667,63.16601847525667,10.0,79.0,4.7042478409639196e-05,53.751181391891365,3.838441231149678
,,,,,222067.1243761339,44500.0,0.9044365093006425,170820.86490471804,0.000470424784096392,48.614530868867874,63.19889012952824,10.0,79.0,4.7042478409639196e-05,53.751181391891365,3.838671121454338
,,,,,222216.83101063862,44510.0,0.9049069340847389,170936.02385433705,0.000470424784096392,115.15894961900699,149.7066345047091,10.0,91.0,4.7042478409639196e-05,127.2605450144811,3.8403959526923623
,,,,,222366.61547161205,44520.0,0.9053773588688353,171051.24267047047,0.000470424784096392,115.21881613341942,149.78446097344525,10.0,91.0,4.7042478409639196e-05,127.2605450144811,3.8421213537841523
,,,,,222516.47775905422,44530.0,0.9058477836529317,171166.5213531183,0.000470424784096392,115.27868264783186,149.8622874421814,10.0,91.0,4.7042478409639196e-05,127.2605450144811,3.843847324345796
,,,,,222666.41787296513,44540.0,0.9063182084370281,171281.85990228053,0.000470424784096392,115.33854916224428,149.94011391091757,10.0,91.0,4.7042478409639196e-05,127.2605450144811,3.8455738639937254
,,,,,222816.43581334478,44550.0,0.9067886332211246,171397.2583179572,0.000470424784096392,115.39841567665671,150.01794037965374,10.0,91.0,4.7042478409639196e-05,127.2605450144811,3.8473009723447182
,,,,,222966.53158019317,44560.0,0.907259058005221,171512.71660014827,0.000470424784096392,115.45828219106915,150.0957668483899,10.0,91.0,4.7042478409639196e-05,127.2605450144811,3.849028649015895
,,,,,223116.7051735103,44570.0,0.9077294827893174,171628.23474885375,0.000470424784096392,115.51814870548158,150.17359331712606,10.0,91.0,4.7042478409639196e-05,127.2605450144811,3.8507568936247196
,,,,,223266.95659329617,44580.0,0.9081999075734138,171743.81276407363,0.000470424784096392,115.578015219894,150.2514197858622,10.0,91.0,4.7042478409639196e-05,127.2605450144811,3.8524857057890003
,,,,,223417.28583955078,44590.0,0.9086703323575103,171859.45064580793,0.000470424784096392,115.63788173430643,150.32924625459836,10.0,91.0,4.7042478409639196e-05,127.2605450144811,3.8542150851268877
,,,,,223439.030283801,44600.0,0.9090468945336291,171876.17714138504,0.0003765621761187818,16.72649557709795,21.744444250227335,10.0,146.0,3.7656217611878183e-05,18.400035991189643,3.853725944874104
,,,,,223589.49965448442,44610.0,0.9095173193177255,171991.92281114153,0.000470424784096392,115.74566975648358,150.46937068342865,10.0,91.0,4.7042478409639196e-05,127.2605450144811,3.8554566870912694
,,,,,223740.04685163658,44620.0,0.9099877441018219,172107.72834741243,0.000470424784096392,115.80553627089601,150.5471971521648,10.0,91.0,4.7042478409639196e-05,127.2605450144811,3.857187995235599
,,,,,223890.67187525748,44630.0,0.9104581688859184,172223.59375019773,0.000470424784096392,115.86540278530845,150.62502362090098,10.0,91.0,4.7042478409639196e-05,127.2605450144811,3.85891986892668
,,,,,224041.37472534712,44640.0,0.9109285936700148,172339.51901949744,0.000470424784096392,115.92526929972088,150.70285008963714,10.0,91.0,4.7042478409639196e-05,127.2605450144811,3.860652307784441
,,,,,224192.1554019055,44650.0,0.9113990184541112,172455.5041553116,0.000470424784096392,115.9851358141333,150.7806765583733,10.0,91.0,4.7042478409639196e-05,127.2605450144811,3.862385311429151
,,,,,224343.01390493262,44660.0,0.9118694432382076,172571.54915764014,0.000470424784096392,116.04500232854573,150.85850302710946,10.0,91.0,4.7042478409639196e-05,127.2605450144811,3.8641188794814183
,,,,,224493.95023442846,44670.0,0.912339868022304,172687.6540264831,0.000470424784096392,116.10486884295817,150.93632949584563,10.0,91.0,4.7042478409639196e-05,127.2605450144811,3.8658530115621916
,,,,,224644.96439039303,44680.0,0.9128102928064005,172803.81876184046,0.000470424784096392,116.1647353573706,151.0141559645818,10.0,91.0,4.7042478409639196e-05,127.2605450144811,3.867587707292759
,,,,,224796.05637282634,44690.0,0.9132807175904969,172920.04336371223,0.000470424784096392,116.22460187178302,151.09198243331792,10.0,91.0,4.7042478409639196e-05,127.2605450144811,3.869322966294747
,,,,,224947.2261817284,44700.0,0.9137511423745933,173036.32783209844,0.000470424784096392,116.28446838619546,151.1698089020541,10.0,91.0,4.7042478409639196e-05,127.2605450144811,3.8710587881901217
,,,,,225098.47381709918,44710.0,0.9142215671586897,173152.67216699905,0.000470424784096392,116.34433490060789,151.24763537079025,10.0,91.0,4.7042478409639196e-05,127.2605450144811,3.8727951726011867
,,,,,225249.7992789387,44720.0,0.9146919919427862,173269.07636841407,0.000470424784096392,116.40420141502032,151.32546183952644,10.0,91.0,4.7042478409639196e-05,127.2605450144811,3.874532119150583
,,,,,225401.20256724698,44730.0,0.9151624167268826,173385.5404363435,0.000470424784096392,116.46406792943274,151.40328830826257,10.0,91.0,4.7042478409639196e-05,127.2605450144811,3.87626962746129
,,,,,225552.68368202398,44740.0,0.915632841510979,173502.06437078735,0.000470424784096392,116.52393444384518,151.48111477699874,10.0,91.0,4.7042478409639196e-05,127.2605450144811,3.8780076971566237
,,,,,225704.24262326973,44750.0,0.9161032662950754,173618.64817174562,0.000470424784096392,116.58380095825761,151.5589412457349,10.0,91.0,4.7042478409639196e-05,127.2605450144811,3.879746327860237
,,,,,225855.8793909842,44760.0,0.9165736910791719,173735.2918392183,0.000470424784096392,116.64366747267005,151.63676771447106,10.0,91.0,4.7042478409639196e-05,127.2605450144811,3.881485519196119
,,,,,226007.5939851674,44770.0,0.9170441158632683,173851.99537320537,0.000470424784096392,116.70353398708247,151.7145941832072,10.0,91.0,4.7042478409639196e-05,127.2605450144811,3.883225270788594
,,,,,226164.80989551294,44780.0,0.9175145406473647,173972.9306888558,0.000470424784096392,120.9353156504302,157.21591034555925,10.0,71.0,4.7042478409639196e-05,131.80751943735154,3.8850587469597095
,,,,,226322.10641303952,44790.0,0.9179849654314611,174093.9280100301,0.000470424784096392,120.99732117430379,157.29651752659493,10.0,71.0,4.7042478409639196e-05,131.80751943735154,3.886892788792813
,,,,,226479.48353774715,44800.0,0.9184553902155576,174214.98733672829,0.000470424784096392,121.0593266981774,157.37712470763063,10.0,71.0,4.7042478409639196e-05,131.80751943735154,3.8887273959091133
,,,,,226636.9412696358,44810.0,0.918925814999654,174336.10866895033,0.000470424784096392,121.121332222051,157.4577318886663,10.0,71.0,4.7042478409639196e-05,131.80751943735154,3.8905625679301568
,,,,,226794.4796087055,44820.0,0.9193962397837504,174457.29200669625,0.000470424784096392,121.1833377459246,157.53833906970198,10.0,71.0,4.7042478409639196e-05,131.80751943735154,3.892398304477828
,,,,,226952.09855495623,44830.0,0.9198666645678468,174578.53734996606,0.000470424784096392,121.2453432697982,157.61894625073765,10.0,71.0,4.7042478409639196e-05,131.80751943735154,3.894234605174349
,,,,,227109.798108388,44840.0,0.9203370893519432,174699.84469875973,0.000470424784096392,121.3073487936718,157.69955343177335,10.0,71.0,4.7042478409639196e-05,131.80751943735154,3.8960714696422776
,,,,,227267.5782690008,44850.0,0.9208075141360397,174821.21405307727,0.000470424784096392,121.3693543175454,157.78016061280903,10.0,71.0,4.7042478409639196e-05,131.80751943735154,3.89790889750451
,,,,,227425.43903679465,44860.0,0.9212779389201361,174942.6454129187,0.000470424784096392,121.43135984141901,157.86076779384473,10.0,71.0,4.7042478409639196e-05,131.80751943735154,3.8997468883842776
,,,,,227583.38041176953,44870.0,0.9217483637042325,175064.138778284,0.000470424784096392,121.4933653652926,157.9413749748804,10.0,71.0,4.7042478409639196e-05,131.80751943735154,3.901585441905148
,,,,,227741.40239392544,44880.0,0.9222187884883289,175185.69414917316,0.000470424784096392,121.55537088916621,158.02198215591608,10.0,71.0,4.7042478409639196e-05,131.80751943735154,3.903424557691024
,,,,,227899.5049832624,44890.0,0.9226892132724254,175307.3115255862,0.000470424784096392,121.6173764130398,158.10258933695175,10.0,71.0,4.7042478409639196e-05,131.80751943735154,3.905264235366144
,,,,,228057.68817978038,44900.0,0.9231596380565218,175428.9909075231,0.000470424784096392,121.67938193691342,158.18319651798745,10.0,71.0,4.7042478409639196e-05,131.80751943735154,3.9071044745550805
,,,,,228215.9519834794,44910.0,0.9236300628406182,175550.7322949839,0.000470424784096392,121.74138746078701,158.26380369902313,10.0,71.0,4.7042478409639196e-05,131.80751943735154,3.908945274882741
,,,,,228374.29639435947,44920.0,0.9241004876247146,175672.53568796857,0.000470424784096392,121.80339298466062,158.3444108800588,10.0,71.0,4.7042478409639196e-05,131.80751943735154,3.9107866359743673
,,,,,228532.72141242056,44930.0,0.9245709124088111,175794.4010864771,0.000470424784096392,121.86539850853421,158.42501806109448,10.0,71.0,4.7042478409639196e-05,131.80751943735154,3.912628557455533
,,,,,228691.2270376627,44940.0,0.9250413371929075,175916.3284905095,0.000470424784096392,121.92740403240782,158.50562524213018,10.0,71.0,4.7042478409639196e-05,131.80751943735154,3.9144710389521475
,,,,,228849.81327008587,44950.0,0.9255117619770039,176038.3179000658,0.000470424784096392,121.98940955628142,158.58623242316585,10.0,71.0,4.7042478409639196e-05,131.80751943735154,3.9163140800904515
,,,,,229008.48010969008,44960.0,0.9259821867611003,176160.36931514594,0.000470424784096392,122.05141508015502,158.66683960420153,10.0,71.0,4.7042478409639196e-05,131.80751943735154,3.918157680497018
,,,,,229167.22755647532,44970.0,0.9264526115451968,176282.48273574997,0.000470424784096392,122.11342060402862,158.7474467852372,10.0,71.0,4.7042478409639196e-05,131.80751943735154,3.920001839798754
,,,,,229326.0556104416,44980.0,0.9269230363292932,176404.6581618779,0.000470424784096392,122.17542612790223,158.8280539662729,10.0,71.0,4.7042478409639196e-05,131.80751943735154,3.9218465576228967
,,,,,229484.96427158892,44990.0,0.9273934611133896,176526.89559352965,0.000470424784096392,122.23743165177582,158.90866114730858,10.0,71.0,4.7042478409639196e-05,131.80751943735154,3.923691833597014
,,,,,229643.95353991727,45000.0,0.927863885897486,176649.1950307053,0.000470424784096392,122.29943717564943,158.98926832834425,10.0,71.0,4.7042478409639196e-05,131.80751943735154,3.9255376673490066
,,,,,229803.02341542667,45010.0,0.9283343106815825,176771.55647340484,0.000470424784096392,122.36144269952302,159.06987550937993,10.0,71.0,4.7042478409639196e-05,131.80751943735154,3.927384058507106
,,,,,229962.1738981171,45020.0,0.9288047354656789,176893.97992162823,0.000470424784096392,122.42344822339663,159.15048269041563,10.0,71.0,4.7042478409639196e-05,131.80751943735154,3.929231006699872
,,,,,230121.40498798856,45030.0,0.9292751602497753,177016.4653753755,0.000470424784096392,122.48545374727023,159.2310898714513,10.0,71.0,4.7042478409639196e-05,131.80751943735154,3.931078511556196
,,,,,230280.71668504106,45040.0,0.9297455850338717,177139.01283464665,0.000470424784096392,122.54745927114384,159.311697052487,10.0,71.0,4.7042478409639196e-05,131.80751943735154,3.932926572705299
,,,,,230440.10898927457,45050.0,0.9302160098179681,177261.62229944166,0.000470424784096392,122.60946479501743,159.39230423352265,10.0,71.0,4.7042478409639196e-05,131.80751943735154,3.9347751897767296
,,,,,230599.5819006891,45060.0,0.9306864346020646,177384.29376976055,0.000470424784096392,122.67147031889104,159.47291141455835,10.0,71.0,4.7042478409639196e-05,131.80751943735154,3.936624362400367
,,,,,230759.1354192847,45070.0,0.931156859386161,177507.02724560333,0.000470424784096392,122.73347584276463,159.55351859559403,10.0,71.0,4.7042478409639196e-05,131.80751943735154,3.9384740902064195
,,,,,230918.7695450613,45080.0,0.9316272841702574,177629.82272696996,0.000470424784096392,122.79548136663824,159.63412577662973,10.0,71.0,4.7042478409639196e-05,131.80751943735154,3.9403243728254207
,,,,,231078.48427801896,45090.0,0.9320977089543538,177752.68021386047,0.000470424784096392,122.85748689051184,159.7147329576654,10.0,71.0,4.7042478409639196e-05,131.80751943735154,3.942175209888234
,,,,,231238.27961815766,45100.0,0.9325681337384503,177875.59970627486,0.000470424784096392,122.91949241438545,159.79534013870108,10.0,71.0,4.7042478409639196e-05,131.80751943735154,3.9440266010260503
,,,,,231398.15556547738,45110.0,0.9330385585225467,177998.58120421311,0.000470424784096392,122.98149793825904,159.87594731973675,10.0,71.0,4.7042478409639196e-05,131.80751943735154,3.9458785458703862
,,,,,231558.11211997815,45120.0,0.9335089833066431,178121.62470767525,0.000470424784096392,123.04350346213263,159.95655450077243,10.0,71.0,4.7042478409639196e-05,131.80751943735154,3.947731044053086
,,,,,231718.14928165995,45140.0,0.9339794080907395,178244.73021666126,0.000470424784096392,123.10550898600624,160.03716168180813,10.0,71.0,4.7042478409639196e-05,131.80751943735154,3.948709131959709
,,,,,231878.2670505228,45150.0,0.934449832874836,178367.89773117114,0.000470424784096392,123.16751450987984,160.1177688628438,10.0,71.0,4.7042478409639196e-05,131.80751943735154,3.950562518962816
,,,,,232038.46542656666,45160.0,0.9349202576589324,178491.1272512049,0.000470424784096392,123.22952003375345,160.19837604387948,10.0,71.0,4.7042478409639196e-05,131.80751943735154,3.9524164581754846
,,,,,232198.74440979157,45170.0,0.9353906824430288,178614.41877676253,0.000470424784096392,123.29152555762704,160.27898322491515,10.0,71.0,4.7042478409639196e-05,131.80751943735154,3.9542709492309616
,,,,,232359.10400019752,45180.0,0.9358611072271252,178737.77230784402,0.000470424784096392,123.35353108150065,160.35959040595085,10.0,71.0,4.7042478409639196e-05,131.80751943735154,3.956125991762816
,,,,,232519.5441977845,45190.0,0.9363315320112217,178861.1878444494,0.000470424784096392,123.41553660537424,160.44019758698653,10.0,71.0,4.7042478409639196e-05,131.80751943735154,3.9579815854049434
,,,,,232680.06500255252,45200.0,0.9368019567953181,178984.66538657865,0.000470424784096392,123.47754212924785,160.5208047680222,10.0,71.0,4.7042478409639196e-05,131.80751943735154,3.959837729791563
,,,,,232840.66641450158,45210.0,0.9372723815794145,179108.20493423176,0.000470424784096392,123.53954765312145,160.60141194905788,10.0,71.0,4.7042478409639196e-05,131.80751943735154,3.9616944245572165
,,,,,233001.34843363168,45220.0,0.9377428063635109,179231.80648740876,0.000470424784096392,123.60155317699505,160.68201913009358,10.0,71.0,4.7042478409639196e-05,131.80751943735154,3.9635516693367703
,,,,,233162.1110599428,45230.0,0.9382132311476074,179355.47004610964,0.000470424784096392,123.66355870086865,160.76262631112925,10.0,71.0,4.7042478409639196e-05,131.80751943735154,3.965409463765413
,,,,,233322.95429343497,45240.0,0.9386836559317038,179479.19561033437,0.000470424784096392,123.72556422474226,160.84323349216493,10.0,71.0,4.7042478409639196e-05,131.80751943735154,3.9672678074786556
,,,,,233483.87813410818,45250.0,0.9391540807158002,179602.98318008299,0.000470424784096392,123.78756974861585,160.9238406732006,10.0,71.0,4.7042478409639196e-05,131.80751943735154,3.9691267001123314
,,,,,233644.88258196242,45260.0,0.9396245054998966,179726.83275535548,0.000470424784096392,123.84957527248946,161.0044478542363,10.0,71.0,4.7042478409639196e-05,131.80751943735154,3.9709861413025958
,,,,,233805.9676369977,45270.0,0.940094930283993,179850.74433615184,0.000470424784096392,123.91158079636305,161.08505503527198,10.0,71.0,4.7042478409639196e-05,131.80751943735154,3.9728461306859253
,,,,,233967.133299214,45280.0,0.9405653550680895,179974.71792247207,0.000470424784096392,123.97358632023666,161.16566221630768,10.0,71.0,4.7042478409639196e-05,131.80751943735154,3.974706667899118
,,,,,234086.33087282328,45290.0,0.9410357798521859,180066.40836370998,0.000470424784096392,91.69044123790094,119.19757360927123,10.0,73.0,4.7042478409639196e-05,97.4356588782451,3.97585357393928
,,,,,234205.58803342597,45300.0,0.9415062046362823,180158.14464109667,0.000470424784096392,91.73627738669204,119.25716060269966,10.0,73.0,4.7042478409639196e-05,97.4356588782451,3.977000985454673
,,,,,234324.9047810221,45310.0,0.9419766294203787,180249.92675463215,0.000470424784096392,91.78211353548312,119.31674759612805,10.0,73.0,4.7042478409639196e-05,97.4356588782451,3.978148902110619
,,,,,234444.28111561167,45320.0,0.9424470542044752,180341.75470431644,0.000470424784096392,91.82794968427422,119.37633458955648,10.0,73.0,4.7042478409639196e-05,97.4356588782451,3.979297323572737
,,,,,234563.71703719464,45330.0,0.9429174789885716,180433.6284901495,0.000470424784096392,91.87378583306531,119.4359215829849,10.0,73.0,4.7042478409639196e-05,97.4356588782451,3.9804462495069384
,,,,,234683.21254577106,45340.0,0.943387903772668,180525.54811213136,0.000470424784096392,91.9196219818564,119.49550857641331,10.0,73.0,4.7042478409639196e-05,97.4356588782451,3.98159567957943
,,,,,234802.7676413409,45350.0,0.9438583285567644,180617.513570262,0.000470424784096392,91.96545813064749,119.55509556984174,10.0,73.0,4.7042478409639196e-05,97.4356588782451,3.9827456134567143
,,,,,234922.38232390417,45360.0,0.9443287533408609,180709.52486454145,0.000470424784096392,92.01129427943859,119.61468256327016,10.0,73.0,4.7042478409639196e-05,97.4356588782451,3.9838960508055874
,,,,,235042.05659346087,45370.0,0.9447991781249573,180801.5819949697,0.000470424784096392,92.05713042822967,119.67426955669858,10.0,73.0,4.7042478409639196e-05,97.4356588782451,3.9850469912931383
,,,,,235161.790450011,45380.0,0.9452696029090537,180893.6849615467,0.000470424784096392,92.10296657702077,119.733856550127,10.0,73.0,4.7042478409639196e-05,97.4356588782451,3.98619843458675
,,,,,235281.58389355455,45390.0,0.9457400276931501,180985.8337642725,0.000470424784096392,92.14880272581186,119.79344354355543,10.0,73.0,4.7042478409639196e-05,97.4356588782451,3.987350380354098
,,,,,235401.43692409154,45410.0,0.9462104524772466,181078.02840314712,0.000470424784096392,92.19463887460294,119.85303053698384,10.0,73.0,4.7042478409639196e-05,97.4356588782451,3.9876244968761756
,,,,,235521.34954162195,45420.0,0.946680877261343,181170.26887817052,0.000470424784096392,92.24047502339404,119.91261753041226,10.0,73.0,4.7042478409639196e-05,97.4356588782451,3.9887773861332128
,,,,,235549.28402633496,45430.0,0.9471513020454394,181191.75694333436,0.000470424784096392,21.488065163851758,27.934484713007286,10.0,63.0,4.7042478409639196e-05,22.68704600568756,3.988372373835227
,,,,,235577.2323853613,45440.0,0.9476217268295358,181213.25568104693,0.000470424784096392,21.49873771257077,27.948359026342,10.0,63.0,4.7042478409639196e-05,22.68704600568756,3.9879677746709272
,,,,,235605.19461870097,45450.0,0.9480921516136323,181234.76509130822,0.000470424784096392,21.50941026128978,27.962233339676715,10.0,63.0,4.7042478409639196e-05,22.68704600568756,3.9875635883676175
,,,,,235633.17072635397,45460.0,0.9485625763977287,181256.28517411824,0.000470424784096392,21.52008281000879,27.97610765301143,10.0,63.0,4.7042478409639196e-05,22.68704600568756,3.987159814652843
,,,,,235661.16070832033,45470.0,0.9490330011818251,181277.81592947696,0.000470424784096392,21.530755358727802,27.989981966346143,10.0,63.0,4.7042478409639196e-05,22.68704600568756,3.9867564532543867
,,,,,235689.1645646,45480.0,0.9495034259659215,181299.3573573844,0.000470424784096392,21.541427907446813,28.003856279680857,10.0,63.0,4.7042478409639196e-05,22.68704600568756,3.986353503900273
,,,,,235717.18229519302,45490.0,0.949973850750018,181320.90945784058,0.000470424784096392,21.552100456165824,28.01773059301557,10.0,63.0,4.7042478409639196e-05,22.68704600568756,3.985950966318764
,,,,,235832.28355988246,45500.0,0.9504442755341144,181409.44889221707,0.000470424784096392,88.53943437649617,115.10126468944503,10.0,64.0,4.7042478409639196e-05,93.15583949068481,3.9870208547740016
,,,,,235947.4417942323,45510.0,0.9509147003182108,181498.03214940923,0.000470424784096392,88.58325719217589,115.15823434982866,10.0,64.0,4.7042478409639196e-05,93.15583949068481,3.9880912359791085
,,,,,236062.6569982425,45520.0,0.9513851251023072,181586.6592294171,0.000470424784096392,88.62708000785562,115.21520401021232,10.0,64.0,4.7042478409639196e-05,93.15583949068481,3.989162109609339
,,,,,236236.94436623753,45530.0,0.9518555498864036,181720.7264355671,0.000470424784096392,134.06720615001197,174.28736799501556,10.0,10.0,4.7042478409639196e-05,140.84826859076654,3.9912305388879226
,,,,,236411.31787030378,45540.0,0.9523259746705001,181854.85990023345,0.000470424784096392,134.13346466635412,174.37350406626035,10.0,10.0,4.7042478409639196e-05,140.84826859076654,3.9932995147174672
,,,,,236586.10973115693,45560.0,0.9527963994545965,181989.3151778128,0.000470424784096392,134.45527757934704,174.79186085315115,10.0,167.0,4.7042478409639196e-05,141.1164837066056,3.994497699249622
,,,,,236760.98789210888,45570.0,0.9532668242386929,182123.83684008353,0.000470424784096392,134.52166227072718,174.87816095194535,10.0,167.0,4.7042478409639196e-05,141.1164837066056,3.996573114770321
,,,,,236935.95235315964,45580.0,0.9537372490227893,182258.42488704564,0.000470424784096392,134.5880469621073,174.96446105073952,10.0,167.0,4.7042478409639196e-05,141.1164837066056,3.9986490760650644
,,,,,237111.00311430916,45590.0,0.9542076738068858,182393.07931869914,0.000470424784096392,134.65443165348742,175.05076114953366,10.0,167.0,4.7042478409639196e-05,141.1164837066056,4.000725582774712
,,,,,237286.1401755575,45600.0,0.9546780985909822,182527.800135044,0.000470424784096392,134.72081634486756,175.13706124832783,10.0,167.0,4.7042478409639196e-05,141.1164837066056,4.002802634540439
,,,,,237461.36353690462,45610.0,0.9551485233750786,182662.58733608024,0.000470424784096392,134.7872010362477,175.22336134712202,10.0,167.0,4.7042478409639196e-05,141.1164837066056,4.004880231003733
,,,,,237636.67319835053,45620.0,0.955618948159175,182797.44092180787,0.000470424784096392,134.8535857276278,175.30966144591616,10.0,167.0,4.7042478409639196e-05,141.1164837066056,4.006958371806398
,,,,,237812.06915989524,45630.0,0.9560893729432715,182932.36089222686,0.000470424784096392,134.91997041900794,175.39596154471033,10.0,167.0,4.7042478409639196e-05,141.1164837066056,4.009037056590551
,,,,,237987.55142153875,45640.0,0.9565597977273679,183067.34724733725,0.000470424784096392,134.98635511038808,175.4822616435045,10.0,167.0,4.7042478409639196e-05,141.1164837066056,4.011116284998625
,,,,,238163.11998328104,45650.0,0.9570302225114643,183202.399987139,0.000470424784096392,135.05273980176818,175.56856174229864,10.0,167.0,4.7042478409639196e-05,141.1164837066056,4.013196056673363
,,,,,238338.77484512213,45660.0,0.9575006472955607,183337.51911163217,0.000470424784096392,135.11912449314832,175.6548618410928,10.0,167.0,4.7042478409639196e-05,141.1164837066056,4.015276371257822
,,,,,238415.19958796116,45670.0,0.9579710720796571,183396.3073753545,0.000470424784096392,58.78826372232963,76.42474283902853,10.0,165.0,4.7042478409639196e-05,61.3674728138777,4.01568441811593
,,,,,238491.6618602144,45680.0,0.9584414968637536,183455.12450785696,0.000470424784096392,58.81713250247864,76.46227225322224,10.0,165.0,4.7042478409639196e-05,61.3674728138777,4.016092918298095
,,,,,238568.1616618818,45690.0,0.95891192164785,183513.9705091396,0.000470424784096392,58.846001282627654,76.49980166741595,10.0,165.0,4.7042478409639196e-05,61.3674728138777,4.016501871506667
,,,,,238644.69899296341,45700.0,0.9593823464319464,183572.84537920236,0.000470424784096392,58.874870062776665,76.53733108160966,10.0,165.0,4.7042478409639196e-05,61.3674728138777,4.016911277444253
,,,,,238721.27385345922,45710.0,0.9598527712160428,183631.7491180453,0.000470424784096392,58.90373884292568,76.57486049580338,10.0,165.0,4.7042478409639196e-05,61.3674728138777,4.017321135813724
,,,,,238820.02628759205,45720.0,0.9603231960001393,183707.7125289167,0.000470424784096392,75.9634108713989,98.75243413281858,10.0,170.0,4.7042478409639196e-05,79.10192234009922,4.0181039485764805
,,,,,238918.82709668102,45730.0,0.9607936207842357,183783.71315129282,0.000470424784096392,76.00062237613736,98.80080908897857,10.0,170.0,4.7042478409639196e-05,79.10192234009922,4.01888723269829
,,,,,239017.67628072615,45740.0,0.9612640455683321,183859.75098517368,0.000470424784096392,76.03783388087581,98.84918404513856,10.0,170.0,4.7042478409639196e-05,79.10192234009922,4.019670987869998
,,,,,239061.95890585874,45750.0,0.9617344703524285,183893.81454296797,0.000470424784096392,34.06355779429362,44.282625132581714,10.0,168.0,4.7042478409639196e-05,35.418879996898724,4.019536929900939
,,,,,239106.26319148598,45760.0,0.962204895136525,183927.89476268124,0.000470424784096392,34.080219713269095,44.304285627249826,10.0,168.0,4.7042478409639196e-05,35.418879996898724,4.019403294639013
,,,,,239150.5891376079,45770.0,0.9626753199206214,183961.9916443135,0.000470424784096392,34.096881632244575,44.32594612191795,10.0,168.0,4.7042478409639196e-05,35.418879996898724,4.019270081807155
,,,,,239194.93674422448,45780.0,0.9631457447047178,183996.1051878647,0.000470424784096392,34.113543551220054,44.34760661658607,10.0,168.0,4.7042478409639196e-05,35.418879996898724,4.019137291128543
,,,,,239239.30601133575,45790.0,0.9636161694888142,184030.2353933349,0.000470424784096392,34.130205470195534,44.369267111254196,10.0,168.0,4.7042478409639196e-05,35.418879996898724,4.019004922326598
,,,,,239283.69693894166,45800.0,0.9640865942729107,184064.3822607241,0.000470424784096392,34.146867389171014,44.39092760592232,10.0,168.0,4.7042478409639196e-05,35.418879996898724,4.01887297512498
,,,,,239328.10952704225,45810.0,0.9645570190570071,184098.54579003222,0.000470424784096392,34.16352930814649,44.41258810059043,10.0,168.0,4.7042478409639196e-05,35.418879996898724,4.018741449247592
,,,,,239372.54377563752,45820.0,0.9650274438411035,184132.72598125934,0.000470424784096392,34.180191227121966,44.43424859525856,10.0,168.0,4.7042478409639196e-05,35.418879996898724,4.01861034441858
,,,,,239416.99968472743,45830.0,0.9654978686251999,184166.92283440544,0.000470424784096392,34.196853146097446,44.455909089926685,10.0,168.0,4.7042478409639196e-05,35.418879996898724,4.018479660362327
,,,,,239461.47725431202,45840.0,0.9659682934092964,184201.13634947053,0.000470424784096392,34.213515065072926,44.477569584594804,10.0,168.0,4.7042478409639196e-05,35.418879996898724,4.018349396803458
,,,,,239505.97648439129,45850.0,0.9664387181933928,184235.36652645457,0.000470424784096392,34.230176984048406,44.49923007926293,10.0,168.0,4.7042478409639196e-05,35.418879996898724,4.018219553466839
,,,,,239550.49737496523,45860.0,0.9669091429774892,184269.6133653576,0.000470424784096392,34.24683890302388,44.52089057393104,10.0,168.0,4.7042478409639196e-05,35.418879996898724,4.018090130077575
,,,,,239595.03992603382,45870.0,0.9673795677615856,184303.8768661796,0.000470424784096392,34.26350082199936,44.54255106859917,10.0,168.0,4.7042478409639196e-05,35.418879996898724,4.017961126361012
,,,,,239639.60413759708,45880.0,0.967849992545682,184338.15702892057,0.000470424784096392,34.28016274097484,44.56421156326729,10.0,168.0,4.7042478409639196e-05,35.418879996898724,4.017832542042733
,,,,,239684.19000965502,45890.0,0.9683204173297785,184372.45385358052,0.000470424784096392,34.29682465995032,44.58587205793541,10.0,168.0,4.7042478409639196e-05,35.418879996898724,4.017704376848562
,,,,,239728.79754220764,45900.0,0.9687908421138749,184406.76734015945,0.000470424784096392,34.31348657892579,44.60753255260353,10.0,168.0,4.7042478409639196e-05,35.418879996898724,4.017576630504563
,,,,,239773.4267352549,45910.0,0.9692612668979713,184441.09748865734,0.000470424784096392,34.33014849790127,44.629193047271656,10.0,168.0,4.7042478409639196e-05,35.418879996898724,4.017449302737036
,,,,,239818.07758879685,45920.0,0.9697316916820677,184475.4442990742,0.000470424784096392,34.34681041687675,44.650853541939775,10.0,168.0,4.7042478409639196e-05,35.418879996898724,4.017322393272522
,,,,,239862.75010283347,45930.0,0.9702021164661642,184509.80777141007,0.000470424784096392,34.36347233585223,44.6725140366079,10.0,168.0,4.7042478409639196e-05,35.418879996898724,4.017195901837798
,,,,,239907.44427736473,45940.0,0.9706725412502606,184544.1879056649,0.000470424784096392,34.38013425482771,44.694174531276026,10.0,168.0,4.7042478409639196e-05,35.418879996898724,4.0170698281598805
,,,,,239952.16011239067,45950.0,0.971142966034357,184578.5847018387,0.000470424784096392,34.39679617380318,44.71583502594414,10.0,168.0,4.7042478409639196e-05,35.418879996898724,4.0169441719660215
,,,,,239996.8976079113,45960.0,0.9716133908184534,184612.99815993148,0.000470424784096392,34.41345809277866,44.73749552061226,10.0,168.0,4.7042478409639196e-05,35.418879996898724,4.016818932983713
,,,,,240041.65676392658,45970.0,0.9720838156025499,184647.42827994324,0.000470424784096392,34.43012001175414,44.75915601528038,10.0,168.0,4.7042478409639196e-05,35.418879996898724,4.0166941109406835
,,,,,240086.43758043653,45980.0,0.9725542403866463,184681.87506187396,0.000470424784096392,34.44678193072962,44.78081650994851,10.0,168.0,4.7042478409639196e-05,35.418879996898724,4.016569705564897
,,,,,240131.24005744114,45990.0,0.9730246651707427,184716.33850572366,0.000470424784096392,34.4634438497051,44.802477004616634,10.0,168.0,4.7042478409639196e-05,35.418879996898724,4.016445716584554
,,,,,240176.06419494044,46000.0,0.9734950899548391,184750.81861149234,0.000470424784096392,34.48010576868057,44.824137499284745,10.0,168.0,4.7042478409639196e-05,35.418879996898724,4.016322143728094
,,,,,240220.90999293438,46010.0,0.9739655147389356,184785.31537918,0.000470424784096392,34.49676768765605,44.84579799395287,10.0,168.0,4.7042478409639196e-05,35.418879996898724,4.0161989867241905
,,,,,240265.777451423,46020.0,0.974435939523032,184819.82880878664,0.000470424784096392,34.51342960663153,44.867458488621,10.0,168.0,4.7042478409639196e-05,35.418879996898724,4.016076245301752
,,,,,240310.6665704063,46030.0,0.9749063643071284,184854.35890031225,0.000470424784096392,34.53009152560701,44.889118983289116,10.0,168.0,4.7042478409639196e-05,35.418879996898724,4.015953919189925
,,,,,240355.57734988426,46040.0,0.9753767890912248,184888.90565375684,0.000470424784096392,34.546753444582485,44.910779477957234,10.0,168.0,4.7042478409639196e-05,35.418879996898724,4.01583200811809
,,,,,240400.50978985688,46050.0,0.9758472138753213,184923.4690691204,0.000470424784096392,34.563415363557965,44.93243997262535,10.0,168.0,4.7042478409639196e-05,35.418879996898724,4.015710511815861
,,,,,240445.46389032417,46060.0,0.9763176386594177,184958.04914640292,0.000470424784096392,34.580077282533445,44.95410046729348,10.0,168.0,4.7042478409639196e-05,35.418879996898724,4.015589430013089
,,,,,240490.43965128614,46070.0,0.9767880634435141,184992.64588560443,0.000470424784096392,34.596739201508925,44.975760961961605,10.0,168.0,4.7042478409639196e-05,35.418879996898724,4.015468762439862
,,,,,240535.43707274276,46080.0,0.9772584882276105,185027.2592867249,0.000470424784096392,34.613401120484404,44.99742145662973,10.0,168.0,4.7042478409639196e-05,35.418879996898724,4.015348508826495
,,,,,240580.45615469405,46090.0,0.977728913011707,185061.88934976436,0.000470424784096392,34.63006303945988,45.01908195129784,10.0,168.0,4.7042478409639196e-05,35.418879996898724,4.015228668903545
,,,,,240625.49689714002,46100.0,0.9781993377958034,185096.5360747228,0.000470424784096392,34.64672495843536,45.04074244596597,10.0,168.0,4.7042478409639196e-05,35.418879996898724,4.015109242401796
,,,,,240670.55930008067,46110.0,0.9786697625798998,185131.19946160022,0.000470424784096392,34.66338687741084,45.06240294063409,10.0,168.0,4.7042478409639196e-05,35.418879996898724,4.014990229052271
,,,,,240715.64336351596,46120.0,0.9791401873639962,185165.8795103966,0.000470424784096392,34.680048796386316,45.08406343530221,10.0,168.0,4.7042478409639196e-05,35.418879996898724,4.0148716285862225
,,,,,240760.74908744593,46130.0,0.9796106121480926,185200.57622111196,0.000470424784096392,34.696710715361796,45.10572392997034,10.0,168.0,4.7042478409639196e-05,35.418879996898724,4.014753440735139
,,,,,240805.87647187058,46140.0,0.9800810369321891,185235.2895937463,0.000470424784096392,34.71337263433727,45.12738442463845,10.0,168.0,4.7042478409639196e-05,35.418879996898724,4.014635665230739
,,,,,240851.02551678987,46150.0,0.9805514617162855,185270.0196282996,0.000470424784096392,34.73003455331275,45.149044919306576,10.0,168.0,4.7042478409639196e-05,35.418879996898724,4.0145183018049755
,,,,,240896.19622220384,46160.0,0.9810218865003819,185304.7663247719,0.000470424784096392,34.74669647228823,45.1707054139747,10.0,168.0,4.7042478409639196e-05,35.418879996898724,4.014401350190032
,,,,,240941.3885881125,46170.0,0.9814923112844783,185339.52968316316,0.000470424784096392,34.76335839126371,45.19236590864282,10.0,168.0,4.7042478409639196e-05,35.418879996898724,4.014284810118327
,,,,,240986.6026145158,46180.0,0.9819627360685748,185374.3097034734,0.000470424784096392,34.78002031023918,45.21402640331094,10.0,168.0,4.7042478409639196e-05,35.418879996898724,4.0141686813225075
,,,,,241031.83830141378,46190.0,0.9824331608526712,185409.10638570262,0.000470424784096392,34.79668222921466,45.23568689797906,10.0,168.0,4.7042478409639196e-05,35.418879996898724,4.014052963535454
,,,,,241077.09564880643,46200.0,0.9829035856367676,185443.9197298508,0.000470424784096392,34.81334414819014,45.25734739264718,10.0,168.0,4.7042478409639196e-05,35.418879996898724,4.013937656490278
,,,,,241122.37465669375,46210.0,0.983374010420864,185478.74973591798,0.000470424784096392,34.83000606716562,45.27900788731531,10.0,168.0,4.7042478409639196e-05,35.418879996898724,4.01382275992032
,,,,,241167.67532507572,46280.0,0.9838444352049605,185513.5964039041,0.000470424784096392,34.8466679861411,45.30066838198343,10.0,168.0,4.7042478409639196e-05,35.418879996898724,4.00850467597027
,,,,,241212.99765395236,46290.0,0.9843148599890569,185548.45973380923,0.000470424784096392,34.86332990511657,45.32232887665155,10.0,168.0,4.7042478409639196e-05,35.418879996898724,4.008391871544809
,,,,,241258.34164332369,46310.0,0.9847852847731533,185583.33972563333,0.000470424784096392,34.87999182409205,45.34398937131967,10.0,168.0,4.7042478409639196e-05,35.418879996898724,4.00741394354639
,,,,,241303.70729318968,46320.0,0.9852557095572497,185618.23637937638,0.000470424784096392,34.89665374306753,45.36564986598779,10.0,168.0,4.7042478409639196e-05,35.418879996898724,4.007302167084982
,,,,,241349.09460355033,46330.0,0.9857261343413461,185653.14969503842,0.000470424784096392,34.91331566204301,45.38731036065592,10.0,168.0,4.7042478409639196e-05,35.418879996898724,4.007190798511513
,,,,,241394.50357440565,46340.0,0.9861965591254426,185688.07967261944,0.000470424784096392,34.92997758101849,45.40897085532404,10.0,168.0,4.7042478409639196e-05,35.418879996898724,4.007079837561921
,,,,,241439.93420575565,46350.0,0.986666983909539,185723.02631211944,0.000470424784096392,34.946639499993964,45.430631349992154,10.0,168.0,4.7042478409639196e-05,35.418879996898724,4.006969283972372
,,,,,241485.38649760032,46360.0,0.9871374086936354,185757.9896135384,0.000470424784096392,34.96330141896944,45.45229184466028,10.0,168.0,4.7042478409639196e-05,35.418879996898724,4.006859137479258
,,,,,241530.86044993965,46370.0,0.9876078334777318,185792.96957687635,0.000470424784096392,34.97996333794492,45.4739523393284,10.0,168.0,4.7042478409639196e-05,35.418879996898724,4.006749397819201
,,,,,241576.35606277364,46380.0,0.9880782582618283,185827.96620213328,0.000470424784096392,34.9966252569204,45.495612833996525,10.0,168.0,4.7042478409639196e-05,35.418879996898724,4.006640064729049
,,,,,241621.87333610232,46390.0,0.9885486830459247,185862.97948930916,0.000470424784096392,35.013287175895876,45.51727332866464,10.0,168.0,4.7042478409639196e-05,35.418879996898724,4.006531137945875
,,,,,241667.41226992564,46400.0,0.9890191078300211,185898.00943840403,0.000470424784096392,35.029949094871355,45.53893382333276,10.0,168.0,4.7042478409639196e-05,35.418879996898724,4.006422617206983
,,,,,241712.97286424364,46410.0,0.9894895326141175,185933.05604941788,0.000470424784096392,35.046611013846835,45.56059431800089,10.0,168.0,4.7042478409639196e-05,35.418879996898724,4.0063145022499
,,,,,241758.5551190563,46420.0,0.989959957398214,185968.1193223507,0.000470424784096392,35.063272932822315,45.582254812669014,10.0,168.0,4.7042478409639196e-05,35.418879996898724,4.006206792812381
,,,,,241804.15903436366,46430.0,0.9904303821823104,186003.1992572025,0.000470424784096392,35.079934851797795,45.60391530733713,10.0,168.0,4.7042478409639196e-05,35.418879996898724,4.006099488632404
,,,,,241849.78461016566,46440.0,0.9909008069664068,186038.29585397328,0.000470424784096392,35.09659677077327,45.62557580200525,10.0,168.0,4.7042478409639196e-05,35.418879996898724,4.005992589448176
,,,,,241895.43184646234,46450.0,0.9913712317505032,186073.40911266304,0.000470424784096392,35.11325868974875,45.64723629667337,10.0,168.0,4.7042478409639196e-05,35.418879996898724,4.005886094998128
,,,,,241941.1007432537,46460.0,0.9918416565345997,186108.53903327175,0.000470424784096392,35.12992060872423,45.668896791341496,10.0,168.0,4.7042478409639196e-05,35.418879996898724,4.005780005020916
,,,,,241986.79130053968,46470.0,0.9923120813186961,186143.68561579945,0.000470424784096392,35.14658252769971,45.69055728600962,10.0,168.0,4.7042478409639196e-05,35.418879996898724,4.005674319255422
,,,,,242032.50351832036,46480.0,0.9927825061027925,186178.84886024613,0.000470424784096392,35.163244446675186,45.71221778067775,10.0,168.0,4.7042478409639196e-05,35.418879996898724,4.005569037440751
,,,,,242078.2373965957,46490.0,0.9932529308868889,186214.02876661177,0.000470424784096392,35.17990636565066,45.73387827534586,10.0,168.0,4.7042478409639196e-05,35.418879996898724,4.005464159316235
,,,,,242123.99293536574,46500.0,0.9937233556709854,186249.2253348964,0.000470424784096392,35.19656828462614,45.755538770013985,10.0,168.0,4.7042478409639196e-05,35.418879996898724,4.005359684621427
,,,,,242169.7701346304,46510.0,0.9941937804550818,186284.4385651,0.000470424784096392,35.21323020360162,45.7771992646821,10.0,168.0,4.7042478409639196e-05,35.418879996898724,4.005255613096108
,,,,,242215.56899438976,46520.0,0.9946642052391782,186319.66845722258,0.000470424784096392,35.2298921225771,45.79885975935023,10.0,168.0,4.7042478409639196e-05,35.418879996898724,4.005151944480279
,,,,,242261.3895146438,46530.0,0.9951346300232746,186354.91501126412,0.000470424784096392,35.24655404155257,45.82052025401834,10.0,168.0,4.7042478409639196e-05,35.418879996898724,4.005048678514165
,,,,,242307.23169539246,46540.0,0.995605054807371,186390.17822722465,0.000470424784096392,35.26321596052805,45.84218074868647,10.0,168.0,4.7042478409639196e-05,35.418879996898724,4.0049458149382176
,,,,,242353.0955366358,46550.0,0.9960754795914675,186425.45810510416,0.000470424784096392,35.27987787950353,45.86384124335459,10.0,168.0,4.7042478409639196e-05,35.418879996898724,4.004843353493108
,,,,,242439.16209195854,46560.0,0.996084531419385,186491.6631476601,9.051827917499328e-06,66.20504255593538,86.066555322716,10.0,273.0,9.051827917499328e-07,66.46528529219859,4.0054051363329055
,,,,,242525.2294294033,46570.0,0.9960935832473026,186557.86879184836,9.051827917499328e-06,66.20564418826032,86.06733744473843,10.0,273.0,9.051827917499328e-07,66.46528529219859,4.005966690827751
,,,,,242611.29754897006,46580.0,0.9961026350752201,186624.07503766895,9.051827917499328e-06,66.20624582058528,86.06811956676087,10.0,273.0,9.051827917499328e-07,66.46528529219859,4.006528017124709
,,,,,242697.36645065885,46590.0,0.9961116869031377,186690.28188512186,9.051827917499328e-06,66.20684745291024,86.06890168878331,10.0,273.0,9.051827917499328e-07,66.46528529219859,4.007089115370721
,,,,,242783.43613446967,46600.0,0.9961207387310552,186756.4893342071,9.051827917499328e-06,66.2074490852352,86.06968381080576,10.0,273.0,9.051827917499328e-07,66.46528529219859,4.0076499857125985
,,,,,242869.5066004025,46610.0,0.9961297905589728,186822.69738492466,9.051827917499328e-06,66.20805071756016,86.0704659328282,10.0,273.0,9.051827917499328e-07,66.46528529219859,4.008210628297032
,,,,,242955.57784845735,46620.0,0.9961388423868903,186888.90603727454,9.051827917499328e-06,66.20865234988511,86.07124805485066,10.0,273.0,9.051827917499328e-07,66.46528529219859,4.008771043270582
,,,,,243041.64987863423,46630.0,0.9961478942148079,186955.11529125675,9.051827917499328e-06,66.20925398221006,86.07203017687308,10.0,273.0,9.051827917499328e-07,66.46528529219859,4.009331230779686
,,,,,243127.72269093312,46640.0,0.9961569460427254,187021.32514687127,9.051827917499328e-06,66.20985561453502,86.07281229889553,10.0,273.0,9.051827917499328e-07,66.46528529219859,4.009891190970653
,,,,,243213.79628535404,46650.0,0.996165997870643,187087.53560411814,9.051827917499328e-06,66.21045724685997,86.07359442091797,10.0,273.0,9.051827917499328e-07,66.46528529219859,4.010450923989671
,,,,,243299.87066189697,46660.0,0.9961750496985605,187153.74666299732,9.051827917499328e-06,66.21105887918493,86.07437654294041,10.0,273.0,9.051827917499328e-07,66.46528529219859,4.0110104299827976
,,,,,243385.94582056193,46670.0,0.9961841015264781,187219.95832350882,9.051827917499328e-06,66.21166051150989,86.07515866496286,10.0,273.0,9.051827917499328e-07,66.46528529219859,4.011569709095968
,,,,,243472.0217613489,46680.0,0.9961931533543956,187286.17058565267,9.051827917499328e-06,66.21226214383485,86.07594078698531,10.0,273.0,9.051827917499328e-07,66.46528529219859,4.012128761474993
,,,,,243558.0984842579,46690.0,0.9962022051823132,187352.38344942883,9.051827917499328e-06,66.2128637761598,86.07672290900773,10.0,273.0,9.051827917499328e-07,66.46528529219859,4.012687587265557
,,,,,243644.17598928892,46700.0,0.9962112570102307,187418.5969148373,9.051827917499328e-06,66.21346540848475,86.07750503103019,10.0,273.0,9.051827917499328e-07,66.46528529219859,4.013246186613219
,,,,,243730.25427644196,46710.0,0.9962203088381483,187484.8109818781,9.051827917499328e-06,66.21406704080971,86.07828715305263,10.0,273.0,9.051827917499328e-07,66.46528529219859,4.013804559663415
,,,,,243816.33334571705,46720.0,0.9962293606660658,187551.02565055125,9.051827917499328e-06,66.21466867313467,86.07906927507507,10.0,273.0,9.051827917499328e-07,66.46528529219859,4.014362706561457
,,,,,243902.41319711416,46760.0,0.9962384124939834,187617.2409208567,9.051827917499328e-06,66.21527030545963,86.07985139709751,10.0,273.0,9.051827917499328e-07,66.46528529219859,4.012344758786499
,,,,,243988.4938306333,46770.0,0.9962474643219009,187683.4567927945,9.051827917499328e-06,66.21587193778458,86.08063351911996,10.0,273.0,9.051827917499328e-07,66.46528529219859,4.012902646841875
,,,,,244074.57524627444,46780.0,0.9962565161498185,187749.6732663646,9.051827917499328e-06,66.21647357010953,86.08141564114239,10.0,273.0,9.051827917499328e-07,66.46528529219859,4.01346030924251
,,,,,244160.6574440376,46790.0,0.996265567977736,187815.89034156705,9.051827917499328e-06,66.21707520243449,86.08219776316484,10.0,273.0,9.051827917499328e-07,66.46528529219859,4.014017746133085
,,,,,244246.7404239228,46800.0,0.9962746198056536,187882.1080184018,9.051827917499328e-06,66.21767683475944,86.08297988518729,10.0,273.0,9.051827917499328e-07,66.46528529219859,4.014574957658159
,,,,,244332.82418593002,46810.0,0.9962836716335711,187948.32629686888,9.051827917499328e-06,66.2182784670844,86.08376200720973,10.0,273.0,9.051827917499328e-07,66.46528529219859,4.015131943962164
,,,,,244418.90873005925,46820.0,0.9962927234614887,188014.5451769683,9.051827917499328e-06,66.21888009940936,86.08454412923217,10.0,273.0,9.051827917499328e-07,66.46528529219859,4.015688705189413
,,,,,244504.9940563105,46830.0,0.9963017752894062,188080.76465870003,9.051827917499328e-06,66.21948173173432,86.08532625125461,10.0,273.0,9.051827917499328e-07,66.46528529219859,4.016245241484092
,,,,,244591.08016468378,46840.0,0.9963108271173238,188146.9847420641,9.051827917499328e-06,66.22008336405926,86.08610837327704,10.0,273.0,9.051827917499328e-07,66.46528529219859,4.016801552990267
,,,,,244677.16705517907,46850.0,0.9963198789452413,188213.2054270605,9.051827917499328e-06,66.22068499638422,86.08689049529949,10.0,273.0,9.051827917499328e-07,66.46528529219859,4.017357639851878
,,,,,244763.2547277964,46860.0,0.9963289307731589,188279.4267136892,9.051827917499328e-06,66.22128662870918,86.08767261732194,10.0,273.0,9.051827917499328e-07,66.46528529219859,4.017913502212744
,,,,,244849.34318253573,46870.0,0.9963379826010764,188345.64860195023,9.051827917499328e-06,66.22188826103414,86.08845473934439,10.0,273.0,9.051827917499328e-07,66.46528529219859,4.0184691402165615
,,,,,244935.43241939708,46880.0,0.996347034428994,188411.87109184358,9.051827917499328e-06,66.2224898933591,86.08923686136683,10.0,273.0,9.051827917499328e-07,66.46528529219859,4.0190245540069025
,,,,,245021.52243838046,46890.0,0.9963560862569115,188478.09418336928,9.051827917499328e-06,66.22309152568405,86.09001898338927,10.0,273.0,9.051827917499328e-07,66.46528529219859,4.019579743727219
,,,,,245107.61323948586,46900.0,0.9963651380848291,188544.3178765273,9.051827917499328e-06,66.223693158009,86.0908011054117,10.0,273.0,9.051827917499328e-07,66.46528529219859,4.020134709520837
,,,,,245193.7048227133,46910.0,0.9963741899127466,188610.54217131762,9.051827917499328e-06,66.22429479033396,86.09158322743414,10.0,273.0,9.051827917499328e-07,66.46528529219859,4.020689451530966
,,,,,245279.79718806277,46920.0,0.9963832417406642,188676.76706774026,9.051827917499328e-06,66.22489642265892,86.0923653494566,10.0,273.0,9.051827917499328e-07,66.46528529219859,4.021243969900688
,,,,,245365.89033553426,46930.0,0.9963922935685817,188742.99256579526,9.051827917499328e-06,66.22549805498387,86.09314747147904,10.0,273.0,9.051827917499328e-07,66.46528529219859,4.021798264772965
,,,,,245451.98426512777,46940.0,0.9964013453964993,188809.21866548256,9.051827917499328e-06,66.22609968730883,86.09392959350149,10.0,273.0,9.051827917499328e-07,66.46528529219859,4.022352336290639
,,,,,245538.0789768433,46950.0,0.9964103972244168,188875.4453668022,9.051827917499328e-06,66.22670131963379,86.09471171552393,10.0,273.0,9.051827917499328e-07,66.46528529219859,4.022906184596426
,,,,,245624.17447068085,46960.0,0.9964194490523344,188941.67266975416,9.051827917499328e-06,66.22730295195873,86.09549383754636,10.0,273.0,9.051827917499328e-07,66.46528529219859,4.023459809832925
,,,,,245710.27074664042,46970.0,0.9964285008802519,189007.90057433845,9.051827917499328e-06,66.22790458428369,86.0962759595688,10.0,273.0,9.051827917499328e-07,66.46528529219859,4.024013212142611
,,,,,245796.36780472202,46980.0,0.9964375527081695,189074.12908055505,9.051827917499328e-06,66.22850621660865,86.09705808159124,10.0,273.0,9.051827917499328e-07,66.46528529219859,4.024566391667839
,,,,,245882.46564492563,46990.0,0.996446604536087,189140.35818840397,9.051827917499328e-06,66.22910784893361,86.0978402036137,10.0,273.0,9.051827917499328e-07,66.46528529219859,4.02511934855084
,,,,,245968.56426725126,47000.0,0.9964556563640046,189206.58789788524,9.051827917499328e-06,66.22970948125857,86.09862232563614,10.0,273.0,9.051827917499328e-07,66.46528529219859,4.0256720829337285
,,,,,246054.66367169892,47010.0,0.9964647081919221,189272.81820899883,9.051827917499328e-06,66.23031111358351,86.09940444765857,10.0,273.0,9.051827917499328e-07,66.46528529219859,4.026224594958494
,,,,,246140.7638582686,47020.0,0.9964737600198397,189339.04912174473,9.051827917499328e-06,66.23091274590847,86.10018656968101,10.0,273.0,9.051827917499328e-07,66.46528529219859,4.026776884767008
,,,,,246226.86482696029,47030.0,0.9964828118477572,189405.28063612297,9.051827917499328e-06,66.23151437823343,86.10096869170346,10.0,273.0,9.051827917499328e-07,66.46528529219859,4.02732895250102
,,,,,246312.966577774,47040.0,0.9964918636756748,189471.51275213354,9.051827917499328e-06,66.23211601055839,86.1017508137259,10.0,273.0,9.051827917499328e-07,66.46528529219859,4.027880798302158
,,,,,246399.06911070974,47050.0,0.9965009155035923,189537.74546977642,9.051827917499328e-06,66.23271764288334,86.10253293574836,10.0,273.0,9.051827917499328e-07,66.46528529219859,4.0284324223119325
,,,,,246485.1724257675,47060.0,0.9965099673315099,189603.97878905162,9.051827917499328e-06,66.2333192752083,86.1033150577708,10.0,273.0,9.051827917499328e-07,66.46528529219859,4.02898382467173
,,,,,246571.2765229473,47070.0,0.9965190191594274,189670.21270995916,9.051827917499328e-06,66.23392090753325,86.10409717979323,10.0,273.0,9.051827917499328e-07,66.46528529219859,4.0295350055228205
,,,,,246657.38140224913,47080.0,0.996528070987345,189736.44723249902,9.051827917499328e-06,66.2345225398582,86.10487930181567,10.0,273.0,9.051827917499328e-07,66.46528529219859,4.030085965006351
,,,,,246743.48706367298,47090.0,0.9965371228152625,189802.6823566712,9.051827917499328e-06,66.23512417218316,86.10566142383811,10.0,273.0,9.051827917499328e-07,66.46528529219859,4.030636703263351
,,,,,246829.59350721884,47100.0,0.9965461746431801,189868.9180824757,9.051827917499328e-06,66.23572580450812,86.10644354586056,10.0,273.0,9.051827917499328e-07,66.46528529219859,4.031187220434728
,,,,,246915.70073288673,47110.0,0.9965552264710976,189935.15440991253,9.051827917499328e-06,66.23632743683308,86.107225667883,10.0,273.0,9.051827917499328e-07,66.46528529219859,4.031737516661273
,,,,,247001.80874067664,47120.0,0.9965642782990152,190001.3913389817,9.051827917499328e-06,66.23692906915804,86.10800778990546,10.0,273.0,9.051827917499328e-07,66.46528529219859,4.0322875920836525
,,,,,247087.91753058857,47130.0,0.9965733301269327,190067.62886968316,9.051827917499328e-06,66.23753070148298,86.10878991192789,10.0,273.0,9.051827917499328e-07,66.46528529219859,4.032837446842418
,,,,,247174.02710262252,47140.0,0.9965823819548503,190133.86700201698,9.051827917499328e-06,66.23813233380794,86.10957203395033,10.0,273.0,9.051827917499328e-07,66.46528529219859,4.0333870810780015
,,,,,247260.1374567785,47150.0,0.9965914337827678,190200.10573598312,9.051827917499328e-06,66.2387339661329,86.11035415597277,10.0,273.0,9.051827917499328e-07,66.46528529219859,4.033936494930713
,,,,,247346.2485930565,47160.0,0.9966004856106854,190266.34507158157,9.051827917499328e-06,66.23933559845786,86.11113627799521,10.0,273.0,9.051827917499328e-07,66.46528529219859,4.034485688540745
,,,,,247432.3605114565,47170.0,0.9966095374386029,190332.58500881234,9.051827917499328e-06,66.23993723078281,86.11191840001766,10.0,273.0,9.051827917499328e-07,66.46528529219859,4.035034662048173
,,,,,247518.47321197853,47180.0,0.9966185892665205,190398.82554767546,9.051827917499328e-06,66.24053886310777,86.11270052204011,10.0,273.0,9.051827917499328e-07,66.46528529219859,4.035583415592952
,,,,,247604.5866946226,47190.0,0.996627641094438,190465.0666881709,9.051827917499328e-06,66.24114049543272,86.11348264406253,10.0,273.0,9.051827917499328e-07,66.46528529219859,4.036131949314916
,,,,,247690.70095938866,47200.0,0.9966366929223556,190531.30843029864,9.051827917499328e-06,66.24174212775768,86.11426476608499,10.0,273.0,9.051827917499328e-07,66.46528529219859,4.036680263353785
,,,,,247776.81600627676,47210.0,0.9966457447502731,190597.55077405873,9.051827917499328e-06,66.24234376008263,86.11504688810743,10.0,273.0,9.051827917499328e-07,66.46528529219859,4.037228357849158
,,,,,247862.93183528687,47220.0,0.9966547965781907,190663.79371945115,9.051827917499328e-06,66.24294539240759,86.11582901012987,10.0,273.0,9.051827917499328e-07,66.46528529219859,4.037776232940516
,,,,,247949.04844641904,47230.0,0.9966638484061082,190730.03726647588,9.051827917499328e-06,66.24354702473255,86.11661113215231,10.0,273.0,9.051827917499328e-07,66.46528529219859,4.038323888767222
,,,,,248035.16583967322,47240.0,0.9966729002340258,190796.28141513292,9.051827917499328e-06,66.24414865705751,86.11739325417476,10.0,273.0,9.051827917499328e-07,66.46528529219859,4.038871325468521
,,,,,248121.28401504943,47250.0,0.9966819520619433,190862.5261654223,9.051827917499328e-06,66.24475028938245,86.11817537619719,10.0,273.0,9.051827917499328e-07,66.46528529219859,4.039418543183541
,,,,,248207.40297254766,47260.0,0.9966910038898609,190928.77151734402,9.051827917499328e-06,66.24535192170741,86.11895749821964,10.0,273.0,9.051827917499328e-07,66.46528529219859,4.039965542051291
,,,,,248293.5227121679,47270.0,0.9967000557177784,190995.01747089805,9.051827917499328e-06,66.24595355403237,86.11973962024209,10.0,273.0,9.051827917499328e-07,66.46528529219859,4.040512322210663
,,,,,248379.64323391017,47280.0,0.996709107545696,191061.26402608442,9.051827917499328e-06,66.24655518635733,86.12052174226453,10.0,273.0,9.051827917499328e-07,66.46528529219859,4.0410588838004315
,,,,,248465.76453777446,47290.0,0.9967181593736135,191127.5111829031,9.051827917499328e-06,66.24715681868229,86.12130386428697,10.0,273.0,9.051827917499328e-07,66.46528529219859,4.041605226959254
,,,,,248551.88662376077,47300.0,0.9967272112015311,191193.7589413541,9.051827917499328e-06,66.24775845100724,86.12208598630941,10.0,273.0,9.051827917499328e-07,66.46528529219859,4.042151351825669
,,,,,248638.0094918691,47310.0,0.9967362630294486,191260.00730143744,9.051827917499328e-06,66.24836008333219,86.12286810833184,10.0,273.0,9.051827917499328e-07,66.46528529219859,4.042697258538098
,,,,,248724.13314209945,47320.0,0.9967453148573662,191326.2562631531,9.051827917499328e-06,66.24896171565715,86.12365023035429,10.0,273.0,9.051827917499328e-07,66.46528529219859,4.04324294723485
,,,,,248810.25757445183,47330.0,0.9967543666852837,191392.5058265011,9.051827917499328e-06,66.2495633479821,86.12443235237674,10.0,273.0,9.051827917499328e-07,66.46528529219859,4.0437884180541115
,,,,,248896.38278892622,47340.0,0.9967634185132013,191458.7559914814,9.051827917499328e-06,66.25016498030706,86.12521447439919,10.0,273.0,9.051827917499328e-07,66.46528529219859,4.044333671133955
,,,,,248982.50878552263,47350.0,0.9967724703411188,191525.006758094,9.051827917499328e-06,66.25076661263202,86.12599659642163,10.0,273.0,9.051827917499328e-07,66.46528529219859,4.044878706612334
,,,,,249177.9363489659,47360.0,0.9968362902928828,191675.33565305034,6.381995176398214e-05,150.328894956343,195.4275634432459,10.0,87.0,6.381995176398213e-06,150.80600136675855,4.047198810241772
,,,,,249373.3764241704,47370.0,0.9969001102446468,191825.67417243842,6.381995176398214e-05,150.33851938807595,195.44007520449875,10.0,87.0,6.381995176398213e-06,150.80600136675855,4.049518137480228
,,,,,249568.82901113614,47380.0,0.9969639301964107,191976.02231625823,6.381995176398214e-05,150.34814381980888,195.45258696575155,10.0,87.0,6.381995176398213e-06,150.80600136675855,4.051836688819296
,,,,,249764.29410986314,47390.0,0.9970277501481747,192126.38008450976,6.381995176398214e-05,150.35776825154184,195.4650987270044,10.0,87.0,6.381995176398213e-06,150.80600136675855,4.0541544647501535
,,,,,249959.7717203514,47400.0,0.9970915700999387,192276.74747719304,6.381995176398214e-05,150.36739268327477,195.4776104882572,10.0,87.0,6.381995176398213e-06,150.80600136675855,4.0564714657635665
,,,,,250155.2618426009,47410.0,0.9971553900517026,192427.12449430805,6.381995176398214e-05,150.37701711500773,195.49012224951005,10.0,87.0,6.381995176398213e-06,150.80600136675855,4.058787692349885
,,,,,250350.7644766117,47420.0,0.9972192100034666,192577.5111358548,6.381995176398214e-05,150.38664154674066,195.50263401076288,10.0,87.0,6.381995176398213e-06,150.80600136675855,4.061103144999047
,,,,,250546.2796223837,47430.0,0.9972830299552305,192727.90740183325,6.381995176398214e-05,150.3962659784736,195.51514577201567,10.0,87.0,6.381995176398213e-06,150.80600136675855,4.063417824200575
,,,,,250741.80727991697,47440.0,0.9973468499069945,192878.31329224346,6.381995176398214e-05,150.40589041020655,195.52765753326852,10.0,87.0,6.381995176398213e-06,150.80600136675855,4.065731730443581
,,,,,250937.3474492115,47450.0,0.9974106698587585,193028.7288070854,6.381995176398214e-05,150.41551484193948,195.54016929452135,10.0,87.0,6.381995176398213e-06,150.80600136675855,4.068044864216763
,,,,,251132.90013026726,47460.0,0.9974744898105224,193179.15394635906,6.381995176398214e-05,150.42513927367244,195.55268105577417,10.0,87.0,6.381995176398213e-06,150.80600136675855,4.070357226008408
,,,,,251328.4653230843,47470.0,0.9975383097622864,193329.58871006448,6.381995176398214e-05,150.43476370540537,195.565192817027,10.0,87.0,6.381995176398213e-06,150.80600136675855,4.072668816306393
,,,,,251524.04302766258,47480.0,0.9976021297140504,193480.03309820162,6.381995176398214e-05,150.44438813713833,195.57770457827985,10.0,87.0,6.381995176398213e-06,150.80600136675855,4.07497963559818
,,,,,251569.04443574217,47490.0,0.9977375705910745,193514.64956595513,0.00013544087702407513,34.61646775352375,45.00140807958088,10.0,272.0,1.3544087702407512e-05,34.69496265738138,4.074850485701308
,,,,,251614.05195267277,47500.0,0.9978730114680986,193549.27073282484,0.00013544087702407513,34.621166869694385,45.007516930602705,10.0,272.0,1.3544087702407512e-05,34.69496265738138,4.074721489112102
,,,,,251659.0655784544,47510.0,0.9980084523451227,193583.8965988107,0.00013544087702407513,34.62586598586502,45.013625781624526,10.0,272.0,1.3544087702407512e-05,34.69496265738138,4.074592645733755
,,,,,251704.08531308707,47520.0,0.9981438932221468,193618.52716391275,0.00013544087702407513,34.63056510203565,45.019734632646355,10.0,272.0,1.3544087702407512e-05,34.69496265738138,4.074463955469544
,,,,,251749.11115657073,47530.0,0.9982793340991709,193653.16242813095,0.00013544087702407513,34.63526421820629,45.025843483668176,10.0,272.0,1.3544087702407512e-05,34.69496265738138,4.074335418222827
,,,,,251794.1431089054,47540.0,0.998414774976195,193687.80239146532,0.00013544087702407513,34.63996333437692,45.031952334690004,10.0,272.0,1.3544087702407512e-05,34.69496265738138,4.074207033897041
,,,,,251839.18117009112,47550.0,0.9985502158532191,193722.44705391585,0.00013544087702407513,34.64466245054756,45.038061185711825,10.0,272.0,1.3544087702407512e-05,34.69496265738138,4.074078802395706
,,,,,251884.22534012786,47560.0,0.9986856567302432,193757.09641548258,0.00013544087702407513,34.64936156671819,45.044170036733654,10.0,272.0,1.3544087702407512e-05,34.69496265738138,4.073950723622426
,,,,,251929.27561901562,47570.0,0.9988210976072673,193791.75047616547,0.00013544087702407513,34.654060682888826,45.050278887755475,10.0,272.0,1.3544087702407512e-05,34.69496265738138,4.07382279748088
,,,,,251974.3320067544,47580.0,0.9989565384842914,193826.40923596453,0.00013544087702407513,34.65875979905946,45.0563877387773,10.0,272.0,1.3544087702407512e-05,34.69496265738138,4.073695023874833
,,,,,252019.3945033442,47590.0,0.9990919793613156,193861.07269487975,0.00013544087702407513,34.663458915230095,45.062496589799125,10.0,272.0,1.3544087702407512e-05,34.69496265738138,4.073567402708127
,,,,,252064.463108785,47600.0,0.9992274202383397,193895.74085291114,0.00013544087702407513,34.66815803140073,45.06860544082095,10.0,272.0,1.3544087702407512e-05,34.69496265738138,4.073439933884688
,,,,,252109.53782307685,47610.0,0.9993628611153638,193930.41371005872,0.00013544087702407513,34.672857147571364,45.074714291842774,10.0,272.0,1.3544087702407512e-05,34.69496265738138,4.073312617308522
,,,,,252154.61864621972,47620.0,0.9994983019923879,193965.09126632247,0.00013544087702407513,34.677556263742,45.0808231428646,10.0,272.0,1.3544087702407512e-05,34.69496265738138,4.073185452883714
,,,,,252199.70557821362,47630.0,0.999633742869412,193999.7735217024,0.00013544087702407513,34.68225537991263,45.086931993886424,10.0,272.0,1.3544087702407512e-05,34.69496265738138,4.073058440514432
,,,,,252244.79861905854,47640.0,0.9997691837464361,194034.46047619847,0.00013544087702407513,34.68695449608327,45.09304084490825,10.0,272.0,1.3544087702407512e-05,34.69496265738138,4.072931580104922
,,,,,252289.89776875445,47650.0,0.9999046246234602,194069.1521298107,0.00013544087702407513,34.6916536122539,45.09914969593007,10.0,272.0,1.3544087702407512e-05,34.69496265738138,4.072804871559511
,,,,,252335.0030273014,47660.0,1.0000400655004842,194103.84848253915,0.00013544087702407513,34.69635272842453,45.10525854695189,10.0,272.0,1.3544087702407512e-05,34.69496265738138,4.072678314782609
,,,,,252525.02986658108,47670.0,1.0000409974813622,194250.02297429275,9.319808779398052e-07,146.17449175360704,190.02683927968917,10.0,274.0,9.319808779398052e-08,146.1684992132848,4.074890349785877
,,,,,252715.0568829549,47680.0,1.0000419294622402,194396.1976022726,9.319808779398052e-07,146.17462797985328,190.0270163738093,10.0,274.0,9.319808779398052e-08,146.1684992132848,4.077101459779207
,,,,,252905.08407642282,47690.0,1.0000428614431183,194542.3723664787,9.319808779398052e-07,146.17476420609952,190.02719346792938,10.0,274.0,9.319808779398052e-08,146.1684992132848,4.0793116453444895
,,,,,253095.11144698487,47700.0,1.0000437934239963,194688.54726691105,9.319808779398052e-07,146.17490043234577,190.0273705620495,10.0,274.0,9.319808779398052e-08,146.1684992132848,4.081520907063124
,,,,,253285.13899464105,47710.0,1.0000447254048743,194834.72230356964,9.319808779398052e-07,146.17503665859198,190.0275476561696,10.0,274.0,9.319808779398052e-08,146.1684992132848,4.083729245516027
,,,,,253475.16671939133,47720.0,1.0000456573857524,194980.89747645447,9.319808779398052e-07,146.17517288483822,190.02772475028968,10.0,274.0,9.319808779398052e-08,146.1684992132848,4.085936661283623
,,,,,253665.19462123574,47740.0,1.0000465893666304,195127.07278556554,9.319808779398052e-07,146.17530911108446,190.0279018444098,10.0,274.0,9.319808779398052e-08,146.1684992132848,4.087286819974142
,,,,,253855.2227001743,47750.0,1.0000475213475084,195273.2482309029,9.319808779398052e-07,146.1754453373307,190.02807893852992,10.0,274.0,9.319808779398052e-08,146.1684992132848,4.089492109547704
,,,,,254045.25095620693,47760.0,1.0000484533283864,195419.42381246647,9.319808779398052e-07,146.17558156357694,190.02825603265003,10.0,274.0,9.319808779398052e-08,146.1684992132848,4.091696478485479
,,,,,254235.2793893337,47770.0,1.0000493853092645,195565.5995302563,9.319808779398052e-07,146.17571778982318,190.02843312677015,10.0,274.0,9.319808779398052e-08,146.1684992132848,4.093899927365634
,,,,,254425.30799955458,47780.0,1.0000503172901425,195711.77538427236,9.319808779398052e-07,146.17585401606942,190.02861022089024,10.0,274.0,9.319808779398052e-08,146.1684992132848,4.096102456765851
,,,,,254615.3367868696,47790.0,1.0000512492710205,195857.95137451467,9.319808779398052e-07,146.17599024231563,190.02878731501033,10.0,274.0,9.319808779398052e-08,146.1684992132848,4.098304067263332
,,,,,254805.36575127873,47800.0,1.0000521812518985,196004.12750098322,9.319808779398052e-07,146.17612646856188,190.02896440913045,10.0,274.0,9.319808779398052e-08,146.1684992132848,4.100504759434795
,,,,,254995.39489278197,47810.0,1.0000531132327766,196150.30376367804,9.319808779398052e-07,146.17626269480812,190.02914150325057,10.0,274.0,9.319808779398052e-08,146.1684992132848,4.102704533856475
,,,,,255185.42421137934,47820.0,1.0000540452136546,196296.4801625991,9.319808779398052e-07,146.17639892105436,190.02931859737066,10.0,274.0,9.319808779398052e-08,146.1684992132848,4.104903391104122
,,,,,255375.45370707085,47830.0,1.0000549771945326,196442.6566977464,9.319808779398052e-07,146.1765351473006,190.02949569149078,10.0,274.0,9.319808779398052e-08,146.1684992132848,4.107101331753008
,,,,,255565.48337985645,47840.0,1.0000559091754107,196588.83336911994,9.319808779398052e-07,146.17667137354684,190.0296727856109,10.0,274.0,9.319808779398052e-08,146.1684992132848,4.109298356377925
,,,,,255755.51322973619,47850.0,1.0000568411562887,196735.01017671972,9.319808779398052e-07,146.17680759979308,190.02984987973102,10.0,274.0,9.319808779398052e-08,146.1684992132848,4.111494465553181
,,,,,255945.54325671005,47860.0,1.0000577731371667,196881.18712054577,9.319808779398052e-07,146.1769438260393,190.03002697385108,10.0,274.0,9.319808779398052e-08,146.1684992132848,4.113689659852607
,,,,,256135.57346077802,47870.0,1.0000587051180447,197027.36420059807,9.319808779398052e-07,146.17708005228553,190.0302040679712,10.0,274.0,9.319808779398052e-08,146.1684992132848,4.115883939849552
,,,,,256325.60384194012,47880.0,1.0000596370989228,197173.5414168766,9.319808779398052e-07,146.17721627853177,190.03038116209132,10.0,274.0,9.319808779398052e-08,146.1684992132848,4.118077306116888
,,,,,256515.63440019632,47890.0,1.0000605690798008,197319.71876938138,9.319808779398052e-07,146.177352504778,190.03055825621144,10.0,274.0,9.319808779398052e-08,146.1684992132848,4.120269759227007
,,,,,256705.66513554665,47900.0,1.0000615010606788,197465.8962581124,9.319808779398052e-07,146.17748873102425,190.03073535033153,10.0,274.0,9.319808779398052e-08,146.1684992132848,4.122461299751825
,,,,,256895.6960479911,47910.0,1.0000624330415568,197612.07388306965,9.319808779398052e-07,146.1776249572705,190.03091244445164,10.0,274.0,9.319808779398052e-08,146.1684992132848,4.124651928262777
,,,,,257085.72713752967,47920.0,1.0000633650224349,197758.25164425318,9.319808779398052e-07,146.17776118351674,190.03108953857176,10.0,274.0,9.319808779398052e-08,146.1684992132848,4.126841645330826
,,,,,257275.75840416236,47930.0,1.000064297003313,197904.42954166295,9.319808779398052e-07,146.17789740976295,190.03126663269185,10.0,274.0,9.319808779398052e-08,146.1684992132848,4.129030451526454
,,,,,257465.7898478892,47940.0,1.000065228984191,198050.60757529896,9.319808779398052e-07,146.1780336360092,190.03144372681194,10.0,274.0,9.319808779398052e-08,146.1684992132848,4.1312183474196695
,,,,,257655.8214687101,47950.0,1.000066160965069,198196.7857451612,9.319808779398052e-07,146.17816986225543,190.03162082093206,10.0,274.0,9.319808779398052e-08,146.1684992132848,4.133405333580004
,,,,,257756.79550605753,47960.0,1.000070570274074,198274.4580815823,4.409309005014445e-06,77.67233642109068,100.97403734741788,10.0,251.0,4.409309005014445e-07,77.66685544981512,4.134163012543417
,,,,,257857.76998859926,47970.0,1.000074979583079,198352.13076046057,4.409309005014445e-06,77.6726788782558,100.97448254173254,10.0,251.0,4.409309005014445e-07,77.66685544981512,4.134920382748813
,,,,,257958.7449163353,47980.0,1.000079388892084,198429.80378179598,4.409309005014445e-06,77.67302133542093,100.9749277360472,10.0,251.0,4.409309005014445e-07,77.66685544981512,4.135677444389245
,,,,,258059.72028926565,47990.0,1.000083798201089,198507.47714558858,4.409309005014445e-06,77.67336379258606,100.97537293036189,10.0,251.0,4.409309005014445e-07,77.66685544981512,4.136434197657607
,,,,,258160.69610739034,48000.0,1.000088207510094,198585.15085183832,4.409309005014445e-06,77.67370624975118,100.97581812467654,10.0,251.0,4.409309005014445e-07,77.66685544981512,4.137190642746631
,,,,,258261.67237070933,48010.0,1.0000926168190991,198662.82490054524,4.409309005014445e-06,77.67404870691631,100.9762633189912,10.0,251.0,4.409309005014445e-07,77.66685544981512,4.137946779848891
,,,,,258362.64907922264,48020.0,1.0000970261281041,198740.49929170933,4.409309005014445e-06,77.67439116408144,100.97670851330588,10.0,251.0,4.409309005014445e-07,77.66685544981512,4.1387026091567956
,,,,,258463.62623293026,48030.0,1.0001014354371092,198818.17402533058,4.409309005014445e-06,77.67473362124656,100.97715370762053,10.0,251.0,4.409309005014445e-07,77.66685544981512,4.1394581308625975
,,,,,258564.60383183218,48040.0,1.0001058447461142,198895.849101409,4.409309005014445e-06,77.67507607841169,100.97759890193521,10.0,251.0,4.409309005014445e-07,77.66685544981512,4.140213345158389
,,,,,258665.58187592844,48050.0,1.0001102540551192,198973.52451994456,4.409309005014445e-06,77.67541853557681,100.97804409624986,10.0,251.0,4.409309005014445e-07,77.66685544981512,4.1409682522360995
,,,,,258766.56036521902,48060.0,1.0001146633641242,199051.2002809373,4.409309005014445e-06,77.67576099274194,100.97848929056453,10.0,251.0,4.409309005014445e-07,77.66685544981512,4.141722852287502
,,,,,258867.5392997039,48070.0,1.0001190726731293,199128.87638438723,4.409309005014445e-06,77.67610344990707,100.9789344848792,10.0,251.0,4.409309005014445e-07,77.66685544981512,4.142477145504207
,,,,,258968.5186793831,48080.0,1.0001234819821343,199206.5528302943,4.409309005014445e-06,77.67644590707219,100.97937967919385,10.0,251.0,4.409309005014445e-07,77.66685544981512,4.143231132077668
,,,,,259069.4985042566,48090.0,1.0001278912911393,199284.22961865854,4.409309005014445e-06,77.67678836423732,100.97982487350852,10.0,251.0,4.409309005014445e-07,77.66685544981512,4.14398481219918
,,,,,259170.4787743244,48100.0,1.0001323006001444,199361.90674947994,4.409309005014445e-06,77.67713082140246,100.9802700678232,10.0,251.0,4.409309005014445e-07,77.66685544981512,4.1447381860598735
,,,,,259271.45948958656,48110.0,1.0001367099091494,199439.5842227585,4.409309005014445e-06,77.67747327856758,100.98071526213785,10.0,251.0,4.409309005014445e-07,77.66685544981512,4.145491253850728
,,,,,259372.44065004302,48120.0,1.0001411192181544,199517.26203849423,4.409309005014445e-06,77.67781573573271,100.98116045645253,10.0,251.0,4.409309005014445e-07,77.66685544981512,4.146244015762557
,,,,,259473.4222556938,48130.0,1.0001455285271594,199594.94019668712,4.409309005014445e-06,77.67815819289784,100.9816056507672,10.0,251.0,4.409309005014445e-07,77.66685544981512,4.14699647198602
,,,,,259574.40430653887,48140.0,1.0001499378361645,199672.6186973372,4.409309005014445e-06,77.67850065006296,100.98205084508184,10.0,251.0,4.409309005014445e-07,77.66685544981512,4.147748622711616
,,,,,259675.38680257826,48150.0,1.0001543471451695,199750.29754044442,4.409309005014445e-06,77.67884310722809,100.98249603939652,10.0,251.0,4.409309005014445e-07,77.66685544981512,4.148500468129686
,,,,,259776.36974381196,48160.0,1.0001587564541745,199827.9767260088,4.409309005014445e-06,77.67918556439321,100.98294123371117,10.0,251.0,4.409309005014445e-07,77.66685544981512,4.149252008430415
,,,,,259877.35313024,48170.0,1.0001631657631795,199905.65625403036,4.409309005014445e-06,77.67952802155834,100.98338642802585,10.0,251.0,4.409309005014445e-07,77.66685544981512,4.150003243803827
,,,,,260042.9577165534,48180.0,1.0002673315584754,200033.04439734836,0.00010416579529580491,127.38814331800641,165.60458631340833,10.0,112.0,1.0416579529580491e-05,127.35409754863052,4.1517858945070225
,,,,,260208.57954858994,48190.0,1.0003714973537712,200160.44580660723,0.00010416579529580491,127.40140925886175,165.6218320365203,10.0,112.0,1.0416579529580491e-05,127.35409754863052,4.153568080651738
,,,,,260374.21862634958,48200.0,1.000475663149067,200287.86048180694,0.00010416579529580491,127.41467519971708,165.63907775963222,10.0,112.0,1.0416579529580491e-05,127.35409754863052,4.155349802527115
,,,,,260539.87494983233,48210.0,1.0005798289443628,200415.28842294752,0.00010416579529580491,127.42794114057241,165.65632348274414,10.0,112.0,1.0416579529580491e-05,127.35409754863052,4.15713106042206
,,,,,260705.5485190382,48220.0,1.0006839947396586,200542.72963002895,0.00010416579529580491,127.44120708142776,165.6735692058561,10.0,112.0,1.0416579529580491e-05,127.35409754863052,4.158911854625237
,,,,,260871.23933396715,48230.0,1.0007881605349545,200670.18410305123,0.00010416579529580491,127.4544730222831,165.69081492896802,10.0,112.0,1.0416579529580491e-05,127.35409754863052,4.160692185425072
,,,,,261036.94739461923,48240.0,1.0008923263302503,200797.65184201437,0.00010416579529580491,127.46773896313843,165.70806065207995,10.0,112.0,1.0416579529580491e-05,127.35409754863052,4.1624720531097505
,,,,,261202.67270099442,48250.0,1.000996492125546,200925.13284691836,0.00010416579529580491,127.48100490399376,165.7253063751919,10.0,112.0,1.0416579529580491e-05,127.35409754863052,4.16425145796722
,,,,,261368.4152530927,48260.0,1.001100657920842,201052.62711776322,0.00010416579529580491,127.4942708448491,165.74255209830383,10.0,112.0,1.0416579529580491e-05,127.35409754863052,4.166030400285189
,,,,,261534.1750509141,48270.0,1.0012048237161377,201180.13465454892,0.00010416579529580491,127.50753678570443,165.75979782141576,10.0,112.0,1.0416579529580491e-05,127.35409754863052,4.167808880351127
,,,,,261699.95209445865,48280.0,1.0013089895114335,201307.65545727548,0.00010416579529580491,127.52080272655977,165.7770435445277,10.0,112.0,1.0416579529580491e-05,127.35409754863052,4.169586898452268
,,,,,261865.7463837263,48290.0,1.0014131553067294,201435.1895259429,0.00010416579529580491,127.5340686674151,165.79428926763964,10.0,112.0,1.0416579529580491e-05,127.35409754863052,4.1713644548756035
,,,,,262031.55791871707,48300.0,1.0015173211020252,201562.73686055117,0.00010416579529580491,127.54733460827043,165.81153499075157,10.0,112.0,1.0416579529580491e-05,127.35409754863052,4.173141549907892
,,,,,262197.38669943094,48310.0,1.001621486897321,201690.2974611003,0.00010416579529580491,127.56060054912577,165.8287807138635,10.0,112.0,1.0416579529580491e-05,127.35409754863052,4.174918183835651
,,,,,262363.2327258679,48320.0,1.0017256526926168,201817.87132759028,0.00010416579529580491,127.5738664899811,165.84602643697542,10.0,112.0,1.0416579529580491e-05,127.35409754863052,4.1766943569451636
,,,,,262529.09599802794,48330.0,1.0018298184879126,201945.45846002112,0.00010416579529580491,127.58713243083643,165.86327216008738,10.0,112.0,1.0416579529580491e-05,127.35409754863052,4.178470069522473
,,,,,262559.7143204502,48340.0,1.0018479192124847,201969.0110157306,1.8100724572168472e-05,23.552555709452477,30.61832242228822,10.0,132.0,1.8100724572168474e-06,23.509112768299467,4.178092904752392
,,,,,262590.33319606405,48350.0,1.0018660199370568,201992.56399697202,1.8100724572168472e-05,23.55298124142763,30.61887561385592,10.0,132.0,1.8100724572168474e-06,23.509112768299467,4.1777159047977666
,,,,,262620.9526248695,48360.0,1.001884120661629,202016.11740374542,1.8100724572168472e-05,23.553406773402784,30.61942880542362,10.0,132.0,1.8100724572168474e-06,23.509112768299467,4.177339069556357
,,,,,262651.5726068665,48370.0,1.001902221386201,202039.6712360508,1.8100724572168472e-05,23.553832305377938,30.61998199699132,10.0,132.0,1.8100724572168474e-06,23.509112768299467,4.176962398926004
,,,,,262682.19314205507,48380.0,1.001920322110773,202063.22549388817,1.8100724572168472e-05,23.55425783735309,30.62053518855902,10.0,132.0,1.8100724572168474e-06,23.509112768299467,4.176585892804633
,,,,,262712.8142304352,48390.0,1.0019384228353452,202086.7801772575,1.8100724572168472e-05,23.55468336932824,30.621088380126714,10.0,132.0,1.8100724572168474e-06,23.509112768299467,4.176209551090256
,,,,,262743.43587200687,48400.0,1.0019565235599173,202110.3352861588,1.8100724572168472e-05,23.555108901303395,30.621641571694415,10.0,132.0,1.8100724572168474e-06,23.509112768299467,4.175833373680967
,,,,,262774.05806677014,48410.0,1.0019746242844894,202133.8908205921,1.8100724572168472e-05,23.55553443327855,30.622194763262115,10.0,132.0,1.8100724572168474e-06,23.509112768299467,4.175457360474945
,,,,,262998.1215270898,48420.0,1.0020101335359708,202306.24732853027,3.550925148143027e-05,172.35650793817777,224.0634603196311,10.0,35.0,3.5509251481430274e-06,172.01074337437367,4.178154632972538
,,,,,263222.192927774,48430.0,1.0020456427874522,202478.60994444118,3.550925148143027e-05,172.36261591092176,224.0714006841983,10.0,35.0,3.5509251481430274e-06,172.01074337437367,4.180850917704753
,,,,,263446.27226882277,48440.0,1.0020811520389337,202650.97866832485,3.550925148143027e-05,172.36872388366575,224.07934104876549,10.0,35.0,3.5509251481430274e-06,172.01074337437367,4.183546215283338
,,,,,263670.3595502361,48450.0,1.002116661290415,202823.35350018126,3.550925148143027e-05,172.37483185640974,224.08728141333268,10.0,35.0,3.5509251481430274e-06,172.01074337437367,4.186240526319531
,,,,,263894.454772014,48460.0,1.0021521705418965,202995.73444001042,3.550925148143027e-05,172.38093982915373,224.09522177789987,10.0,35.0,3.5509251481430274e-06,172.01074337437367,4.1889338514240695
,,,,,264118.55793415644,48470.0,1.002187679793378,203168.1214878123,3.550925148143027e-05,172.38704780189772,224.10316214246706,10.0,35.0,3.5509251481430274e-06,172.01074337437367,4.191626191207186
,,,,,264342.6690366635,48480.0,1.0022231890448594,203340.51464358697,3.550925148143027e-05,172.3931557746417,224.11110250703425,10.0,35.0,3.5509251481430274e-06,172.01074337437367,4.194317546278609
,,,,,264566.78807953506,48490.0,1.0022586982963408,203512.91390733435,3.550925148143027e-05,172.3992637473857,224.1190428716014,10.0,35.0,3.5509251481430274e-06,172.01074337437367,4.197007917247563
,,,,,264930.5896194332,48500.0,1.0023767735452749,203792.76124571756,0.00011807524893396721,279.84733838320557,363.8015398981673,10.0,114.0,1.1807524893396721e-05,279.18378175645705,4.2019126030044855
,,,,,265294.4340134343,48510.0,1.002494848794209,204072.6415487953,0.00011807524893396721,279.8803030777348,363.84439400105526,10.0,114.0,1.1807524893396721e-05,279.18378175645705,4.206815946171827
,,,,,265658.3212615382,48520.0,1.002612924043143,204352.55481656757,0.00011807524893396721,279.9132677722641,363.8872481039433,10.0,114.0,1.1807524893396721e-05,279.18378175645705,4.211717947579711
,,,,,266022.251363745,48530.0,1.002730999292077,204632.50104903436,0.00011807524893396721,279.94623246679333,363.93010220683135,10.0,114.0,1.1807524893396721e-05,279.18378175645705,4.21661860805758
,,,,,266386.22432005475,48540.0,1.002849074541011,204912.4802461957,0.00011807524893396721,279.97919716132253,363.9729563097193,10.0,114.0,1.1807524893396721e-05,279.18378175645705,4.221517928434192
,,,,,266750.24013046734,48550.0,1.002967149789945,205192.49240805153,0.00011807524893396721,280.0121618558518,364.0158104126073,10.0,114.0,1.1807524893396721e-05,279.18378175645705,4.2264159095376215
,,,,,267114.29879498284,48560.0,1.003085225038879,205472.53753460193,0.00011807524893396721,280.04512655038104,364.05866451549537,10.0,114.0,1.1807524893396721e-05,279.18378175645705,4.231312552195262
,,,,,267478.3641438753,48570.0,1.0031036423997228,205752.58780298076,1.8417360843734738e-05,280.05026837883133,364.06534889248076,10.0,104.0,1.8417360843734737e-06,279.18378175645705,4.236207284393263
,,,,,267842.43617714476,48580.0,1.0031220597605666,206032.64321318804,1.8417360843734738e-05,280.0554102072817,364.0720332694662,10.0,104.0,1.8417360843734737e-06,279.18378175645705,4.2411001073114045
,,,,,268206.51489479124,48590.0,1.0031404771214103,206312.70376522376,1.8417360843734738e-05,280.06055203573203,364.07871764645165,10.0,104.0,1.8417360843734737e-06,279.18378175645705,4.245991022128499
,,,,,268570.6002968147,48600.0,1.003158894482254,206592.76945908795,1.8417360843734738e-05,280.0656938641823,364.08540202343704,10.0,104.0,1.8417360843734737e-06,279.18378175645705,4.250880030022386
,,,,,268934.6923832151,48610.0,1.0031773118430978,206872.8402947806,1.8417360843734738e-05,280.07083569263267,364.0920864004225,10.0,104.0,1.8417360843734737e-06,279.18378175645705,4.255767132169936
,,,,,269298.7911539925,48620.0,1.0031957292039415,207152.91627230166,1.8417360843734738e-05,280.075977521083,364.09877077740794,10.0,104.0,1.8417360843734737e-06,279.18378175645705,4.260652329747052
,,,,,269662.8966091469,48630.0,1.0032141465647852,207432.9973916512,1.8417360843734738e-05,280.0811193495333,364.1054551543933,10.0,104.0,1.8417360843734737e-06,279.18378175645705,4.2655356239286695
,,,,,270008.74403114297,48640.0,1.0034813808201861,207699.0338701097,0.0002672342554007887,266.0364784584896,345.84742199603653,10.0,159.0,2.672342554007887e-05,265.11351734403604,4.270128163447979
,,,,,270354.6835547764,48650.0,1.003748615075587,207965.1411959816,0.0002672342554007887,266.1073258718938,345.939523633462,10.0,159.0,2.672342554007887e-05,265.11351734403604,4.274720271243198
,,,,,270700.7151800473,48660.0,1.0040158493309879,208231.3193692669,0.0002672342554007887,266.17817328529793,346.03162527088733,10.0,159.0,2.672342554007887e-05,265.11351734403604,4.279311947580495
,,,,,271046.8389069556,48670.0,1.0042830835863887,208497.5683899656,0.0002672342554007887,266.24902069870205,346.1237269083127,10.0,159.0,2.672342554007887e-05,265.11351734403604,4.283903192725819
,,,,,271393.05473550136,48680.0,1.0045503178417896,208763.8882580777,0.0002672342554007887,266.3198681121062,346.215828545738,10.0,159.0,2.672342554007887e-05,265.11351734403604,4.288494006944899
,,,,,271739.36266568454,48690.0,1.0048175520971905,209030.2789736032,0.0002672342554007887,266.39071552551036,346.3079301831635,10.0,159.0,2.672342554007887e-05,265.11351734403604,4.29308439050325
,,,,,272085.7626975051,48700.0,1.0050847863525914,209296.74053654211,0.0002672342554007887,266.4615629389145,346.4000318205888,10.0,159.0,2.672342554007887e-05,265.11351734403604,4.297674343666163
,,,,,272432.25483096315,48710.0,1.0053520206079922,209563.27294689443,0.0002672342554007887,266.5324103523186,346.4921334580142,10.0,159.0,2.672342554007887e-05,265.11351734403604,4.302263866698715
,,,,,272778.8390660586,48720.0,1.005619254863393,209829.87620466016,0.0002672342554007887,266.6032577657228,346.5842350954396,10.0,159.0,2.672342554007887e-05,265.11351734403604,4.3068529598657666
,,,,,273125.51540279144,48730.0,1.005886489118794,210096.55030983928,0.0002672342554007887,266.6741051791269,346.676336732865,10.0,159.0,2.672342554007887e-05,265.11351734403604,4.311441623431957
,,,,,273472.28384116176,48740.0,1.0061537233741948,210363.2952624318,0.0002672342554007887,266.74495259253104,346.76843837029037,10.0,159.0,2.672342554007887e-05,265.11351734403604,4.316029857661712
,,,,,273819.14438116946,48750.0,1.0064209576295957,210630.11106243776,0.0002672342554007887,266.81580000593516,346.8605400077157,10.0,159.0,2.672342554007887e-05,265.11351734403604,4.320617662819236
,,,,,274166.0970228146,48760.0,1.0066881918849966,210896.9977098571,0.0002672342554007887,266.88664741933934,346.95264164514117,10.0,159.0,2.672342554007887e-05,265.11351734403604,4.325205039168521
,,,,,274531.47068507934,48770.0,1.0067084180617638,211178.05437313765,2.0226176767195363e-05,281.0566632805436,365.3736622647067,10.0,113.0,2.0226176767195364e-06,279.18378175645705,4.3300810820819695
,,,,,274896.85168821074,48780.0,1.006728644238531,211459.1166832387,2.0226176767195363e-05,281.06231010106393,365.3810031313831,10.0,113.0,2.0226176767195364e-06,279.18378175645705,4.334955241558809
,,,,,275262.2400322088,48790.0,1.0067488704152983,211740.1846401603,2.0226176767195363e-05,281.0679569215843,365.3883439980596,10.0,113.0,2.0226176767195364e-06,279.18378175645705,4.3398275187571285
,,,,,275627.6357170735,48800.0,1.0067690965920655,212021.2582439024,2.0226176767195363e-05,281.07360374210464,365.39568486473604,10.0,113.0,2.0226176767195364e-06,279.18378175645705,4.344697914834065
,,,,,275993.0387428049,48810.0,1.0067893227688327,212302.33749446503,2.0226176767195363e-05,281.07925056262496,365.40302573141247,10.0,113.0,2.0226176767195364e-06,279.18378175645705,4.349566430945811
,,,,,276358.449109403,48820.0,1.0068095489456,212583.42239184817,2.0226176767195363e-05,281.08489738314535,365.41036659808896,10.0,113.0,2.0226176767195364e-06,279.18378175645705,4.354433068247607
,,,,,276429.50578109967,48830.0,1.0069274232300554,212638.08137007637,0.00011787428445532849,54.65897822819696,71.05667169665605,10.0,86.0,1.1787428445532849e-05,54.28293734702355,4.354660687488765
,,,,,276500.5707709274,48840.0,1.0070452975145108,212692.74674686696,0.00011787428445532849,54.66537679059488,71.06498982777335,10.0,86.0,1.1787428445532849e-05,54.28293734702355,4.354888344530446
,,,,,276571.6440788863,48850.0,1.0071631717989662,212747.41852221996,0.00011787428445532849,54.671775352992796,71.07330795889064,10.0,86.0,1.1787428445532849e-05,54.28293734702355,4.355116039349436
,,,,,276642.7257049763,48860.0,1.0072810460834216,212802.09669613536,0.00011787428445532849,54.678173915390715,71.08162609000793,10.0,86.0,1.1787428445532849e-05,54.28293734702355,4.355343771922541
,,,,,276713.81564919744,48870.0,1.007398920367877,212856.78126861315,0.00011787428445532849,54.684572477788635,71.08994422112522,10.0,86.0,1.1787428445532849e-05,54.28293734702355,4.355571542226584
,,,,,276784.91391154967,48880.0,1.0075167946523325,212911.47223965335,0.00011787428445532849,54.690971040186554,71.09826235224253,10.0,86.0,1.1787428445532849e-05,54.28293734702355,4.355799350238407
,,,,,276856.02049203304,48890.0,1.0076346689367879,212966.16960925594,0.00011787428445532849,54.69736960258447,71.10658048335982,10.0,86.0,1.1787428445532849e-05,54.28293734702355,4.356027195934873
,,,,,276927.1353906475,48900.0,1.0077525432212433,213020.87337742094,0.00011787428445532849,54.70376816498239,71.11489861447711,10.0,86.0,1.1787428445532849e-05,54.28293734702355,4.356255079292862
,,,,,277048.93085000635,48910.0,1.0077676560898292,213114.56219231233,1.511286858591028e-05,93.68881489139163,121.79545935880913,10.0,105.0,1.511286858591028e-06,92.96668168028654,4.357279946683957
,,,,,277170.7281358564,48920.0,1.0077827689584151,213208.25241219695,1.511286858591028e-05,93.69021988463473,121.79728585002515,10.0,105.0,1.511286858591028e-06,92.96668168028654,4.358304423797975
,,,,,277292.52724819764,48930.0,1.007797881827001,213301.94403707483,1.511286858591028e-05,93.69162487787784,121.7991123412412,10.0,105.0,1.511286858591028e-06,92.96668168028654,4.359328510874205
,,,,,277414.3281870301,48940.0,1.007812994695587,213395.63706694596,1.511286858591028e-05,93.69302987112094,121.80093883245723,10.0,105.0,1.511286858591028e-06,92.96668168028654,4.360352208151736
,,,,,277536.13095235376,48950.0,1.0078281075641728,213489.33150181032,1.511286858591028e-05,93.69443486436404,121.80276532367326,10.0,105.0,1.511286858591028e-06,92.96668168028654,4.361375515869465
,,,,,277657.93554416863,48960.0,1.0078432204327588,213583.0273416679,1.511286858591028e-05,93.69583985760714,121.80459181488929,10.0,105.0,1.511286858591028e-06,92.96668168028654,4.362398434266093
,,,,,277779.7419624747,48970.0,1.0078583333013447,213676.72458651877,1.511286858591028e-05,93.69724485085024,121.80641830610531,10.0,105.0,1.511286858591028e-06,92.96668168028654,4.363420963580126
,,,,,277901.55020727206,48980.0,1.0078734461699306,213770.42323636287,1.511286858591028e-05,93.69864984409335,121.80824479732136,10.0,105.0,1.511286858591028e-06,92.96668168028654,4.364443104049875
,,,,,278023.3602785606,48990.0,1.0078885590385165,213864.1232912002,1.511286858591028e-05,93.70005483733645,121.81007128853739,10.0,105.0,1.511286858591028e-06,92.96668168028654,4.365464855913456
,,,,,278389.1701766718,49000.0,1.0079103719634002,214145.5155205165,2.1812924883670593e-05,281.39222931629934,365.80989811118917,10.0,116.0,2.1812924883670592e-06,279.18378175645705,4.370316643275847
,,,,,278754.9879915423,49010.0,1.0079321848882838,214426.91383964766,2.1812924883670593e-05,281.39831913115955,365.81781487050745,10.0,116.0,2.1812924883670592e-06,279.18378175645705,4.3751665749775075
,,,,,279120.8137231721,49020.0,1.0079539978131675,214708.31824859368,2.1812924883670593e-05,281.40440894601977,365.8257316298257,10.0,116.0,2.1812924883670592e-06,279.18378175645705,4.380014652154094
,,,,,279486.64737156127,49030.0,1.0079758107380512,214989.72874735456,2.1812924883670593e-05,281.41049876087993,365.83364838914395,10.0,116.0,2.1812924883670592e-06,279.18378175645705,4.384860875940333
,,,,,279852.4889367097,49040.0,1.0079976236629349,215271.1453359303,2.1812924883670593e-05,281.41658857574015,365.8415651484622,10.0,116.0,2.1812924883670592e-06,279.18378175645705,4.38970524747003
,,,,,280218.3384186175,49050.0,1.0080194365878186,215552.56801432092,2.1812924883670593e-05,281.4226783906003,365.84948190778044,10.0,116.0,2.1812924883670592e-06,279.18378175645705,4.394547767876063
,,,,,280584.1958172846,49060.0,1.0080412495127022,215833.99678252637,2.1812924883670593e-05,281.4287682054605,365.8573986670987,10.0,116.0,2.1812924883670592e-06,279.18378175645705,4.399388438290387
,,,,,280950.061132711,49070.0,1.008063062437586,216115.43164054668,2.1812924883670593e-05,281.43485802032075,365.865315426417,10.0,116.0,2.1812924883670592e-06,279.18378175645705,4.404227259844033
,,,,,281315.93436489673,49080.0,1.0080848753624696,216396.87258838187,2.1812924883670593e-05,281.4409478351809,365.8732321857352,10.0,116.0,2.1812924883670592e-06,279.18378175645705,4.409064233667112
,,,,,281681.8155138418,49090.0,1.0081066882873533,216678.3196260319,2.1812924883670593e-05,281.4470376500411,365.8811489450535,10.0,116.0,2.1812924883670592e-06,279.18378175645705,4.413899360888815
,,,,,282047.7045795462,49100.0,1.008128501212237,216959.7727534968,2.1812924883670593e-05,281.4531274649013,365.88906570437166,10.0,116.0,2.1812924883670592e-06,279.18378175645705,4.418732642637409
,,,,,282413.6015620099,49110.0,1.0081503141371206,217241.23197077657,2.1812924883670593e-05,281.4592172797615,365.89698246369,10.0,116.0,2.1812924883670592e-06,279.18378175645705,4.423564080040248
,,,,,282533.7554680614,49120.0,1.0083339692381248,217333.65805235467,0.0001836551010041423,92.42608157810832,120.15390605154083,10.0,222.0,1.836551010041423e-05,91.66217185754782,4.424545155788979
,,,,,282653.931258606,49130.0,1.008517624339129,217426.10096815822,0.0001836551010041423,92.4429158035391,120.17579054460083,10.0,222.0,1.836551010041423e-05,91.66217185754782,4.425526174804768
,,,,,282774.1289336437,49140.0,1.008701279440133,217518.5607181872,0.0001836551010041423,92.45975002896985,120.19767503766082,10.0,222.0,1.836551010041423e-05,91.66217185754782,4.426507137122247
,,,,,282894.3484931744,49150.0,1.0088849345411373,217611.0373024416,0.0001836551010041423,92.4765842544006,120.21955953072079,10.0,222.0,1.836551010041423e-05,91.66217185754782,4.427488042776025
,,,,,283014.5899371982,49160.0,1.0090685896421414,217703.53072092144,0.0001836551010041423,92.49341847983136,120.24144402378077,10.0,222.0,1.836551010041423e-05,91.66217185754782,4.42846889180068
,,,,,283134.85326571506,49170.0,1.0092522447431456,217796.0409736267,0.0001836551010041423,92.51025270526212,120.26332851684076,10.0,222.0,1.836551010041423e-05,91.66217185754782,4.4294496842307645
,,,,,283255.138478725,49180.0,1.0094358998441497,217888.5680605574,0.0001836551010041423,92.52708693069287,120.28521300990074,10.0,222.0,1.836551010041423e-05,91.66217185754782,4.430430420100801
,,,,,283375.44557622797,49190.0,1.0096195549451539,217981.1119817135,0.0001836551010041423,92.54392115612363,120.30709750296073,10.0,222.0,1.836551010041423e-05,91.66217185754782,4.431411099445284
,,,,,283484.46956757805,49200.0,1.0098470746825505,218064.97659044433,0.00022751973739673832,83.86460873082268,109.0239913500695,10.0,280.0,2.2751973739673833e-05,83.04684029231441,4.432214971350494
,,,,,283593.51812216203,49210.0,1.0100745944199472,218148.86009397046,0.00022751973739673832,83.88350352611761,109.04855458395289,10.0,280.0,2.2751973739673833e-05,83.04684029231441,4.4330189005074265
,,,,,283702.59123997984,49220.0,1.0103021141573438,218232.76249229186,0.00022751973739673832,83.90239832141253,109.07311781783629,10.0,280.0,2.2751973739673833e-05,83.04684029231441,4.433822886881184
,,,,,283811.68892103154,49230.0,1.0105296338947405,218316.68378540856,0.00022751973739673832,83.92129311670747,109.09768105171972,10.0,280.0,2.2751973739673833e-05,83.04684029231441,4.4346269304369
,,,,,283920.81116531714,49240.0,1.0107571536321371,218400.62397332056,0.00022751973739673832,83.9401879120024,109.12224428560313,10.0,280.0,2.2751973739673833e-05,83.04684029231441,4.435431031139736
,,,,,284029.9579728366,49250.0,1.0109846733695338,218484.58305602786,0.00022751973739673832,83.95908270729733,109.14680751948653,10.0,280.0,2.2751973739673833e-05,83.04684029231441,4.43623518895488
,,,,,284181.065549596,49260.0,1.0109859419478682,218600.81965353503,1.2685783344515215e-06,116.23659750717955,151.10757675933343,10.0,242.0,1.2685783344515214e-07,114.97350525292796,4.437694268240662
,,,,,284332.17331596406,49270.0,1.0109872105262026,218717.05639689512,1.2685783344515215e-06,116.23674336007734,151.10776636810056,10.0,242.0,1.2685783344515214e-07,114.97350525292796,4.439152758207736
,,,,,284483.2812719409,49280.0,1.010988479104537,218833.2932861081,1.2685783344515215e-06,116.23688921297513,151.1079559768677,10.0,242.0,1.2685783344515214e-07,114.97350525292796,4.4406106592148555
,,,,,284634.38941752655,49290.0,1.0109897476828713,218949.53032117395,1.2685783344515215e-06,116.23703506587292,151.1081455856348,10.0,242.0,1.2685783344515214e-07,114.97350525292796,4.44206797162049
,,,,,284785.49775272096,49300.0,1.0109910162612057,219065.76750209273,1.2685783344515215e-06,116.23718091877072,151.10833519440195,10.0,242.0,1.2685783344515214e-07,114.97350525292796,4.443524695782814
,,,,,284936.60627752414,49310.0,1.01099228483954,219182.0048288644,1.2685783344515215e-06,116.2373267716685,151.10852480316908,10.0,242.0,1.2685783344515214e-07,114.97350525292796,4.444980832059712
,,,,,285087.71499193605,49320.0,1.0109935534178744,219298.24230148896,1.2685783344515215e-06,116.2374726245663,151.10871441193618,10.0,242.0,1.2685783344515214e-07,114.97350525292796,4.446436380808779
,,,,,285238.82389595674,49330.0,1.0109948219962088,219414.47991996643,1.2685783344515215e-06,116.23761847746408,151.1089040207033,10.0,242.0,1.2685783344515214e-07,114.97350525292796,4.447891342387319
,,,,,285389.9329895862,49340.0,1.0109960905745432,219530.71768429677,1.2685783344515215e-06,116.23776433036188,151.10909362947046,10.0,242.0,1.2685783344515214e-07,114.97350525292796,4.4493457171523465
,,,,,285541.04227282444,49350.0,1.0109973591528776,219646.95559448004,1.2685783344515215e-06,116.23791018325967,151.10928323823757,10.0,242.0,1.2685783344515214e-07,114.97350525292796,4.450799505460588
,,,,,285692.15174567146,49360.0,1.010998627731212,219763.1936505162,1.2685783344515215e-06,116.23805603615746,151.1094728470047,10.0,242.0,1.2685783344515214e-07,114.97350525292796,4.45225270766848
,,,,,285843.26140812726,49370.0,1.0109998963095463,219879.43185240525,1.2685783344515215e-06,116.23820188905525,151.10966245577183,10.0,242.0,1.2685783344515214e-07,114.97350525292796,4.45370532413217
,,,,,286012.0258763437,49380.0,1.0112337611644957,220009.25067411023,0.00023386485494928885,129.8188217049618,168.76446821645035,10.0,256.0,2.3386485494928886e-05,128.3766688678073,4.455432374931354
,,,,,286180.8293741885,49390.0,1.011467626019445,220139.09951860624,0.00023386485494928885,129.84884449600546,168.8034978448071,10.0,256.0,2.3386485494928886e-05,128.3766688678073,4.457159334249974
,,,,,286349.67190166167,49400.0,1.0117014908743944,220268.97838589328,0.00023386485494928885,129.8788672870491,168.84252747316384,10.0,256.0,2.3386485494928886e-05,128.3766688678073,4.458886202143589
,,,,,286518.55345876317,49410.0,1.0119353557293438,220398.88727597138,0.00023386485494928885,129.90889007809275,168.8815571015206,10.0,256.0,2.3386485494928886e-05,128.3766688678073,4.460612978667706
,,,,,286687.47404549306,49420.0,1.0121692205842932,220528.82618884052,0.00023386485494928885,129.9389128691364,168.92058672987733,10.0,256.0,2.3386485494928886e-05,128.3766688678073,4.462339663877793
,,,,,286856.4336618513,49430.0,1.0124030854392425,220658.7951245007,0.00023386485494928885,129.96893566018005,168.9596163582341,10.0,256.0,2.3386485494928886e-05,128.3766688678073,4.464066257829268
,,,,,287025.4323078379,49440.0,1.0126369502941919,220788.79408295194,0.00023386485494928885,129.9989584512237,168.99864598659082,10.0,256.0,2.3386485494928886e-05,128.3766688678073,4.465792760577507
,,,,,287194.4699834528,49450.0,1.0128708151491412,220918.8230641942,0.00023386485494928885,130.02898124226735,169.03767561494757,10.0,256.0,2.3386485494928886e-05,128.3766688678073,4.46751917217784
,,,,,287363.54668869614,49460.0,1.0131046800040906,221048.8820682275,0.00023386485494928885,130.059004033311,169.0767052433043,10.0,256.0,2.3386485494928886e-05,128.3766688678073,4.4692454926855545
,,,,,287532.6624235678,49470.0,1.01333854485904,221178.97109505188,0.00023386485494928885,130.08902682435468,169.1157348716611,10.0,256.0,2.3386485494928886e-05,128.3766688678073,4.47097172215589
,,,,,287701.8171880678,49480.0,1.0135724097139893,221309.09014466728,0.00023386485494928885,130.11904961539832,169.15476450001782,10.0,256.0,2.3386485494928886e-05,128.3766688678073,4.472697860644043
,,,,,287871.0109821962,49490.0,1.0138062745689387,221439.23921707371,0.00023386485494928885,130.14907240644197,169.19379412837458,10.0,256.0,2.3386485494928886e-05,128.3766688678073,4.474423908205167
,,,,,288040.24380595295,49500.0,1.014040139423888,221569.4183122712,0.00023386485494928885,130.17909519748562,169.2328237567313,10.0,256.0,2.3386485494928886e-05,128.3766688678073,4.476149864894368
,,,,,288209.51565933804,49510.0,1.0142740042788374,221699.62743025974,0.00023386485494928885,130.20911798852927,169.27185338508806,10.0,256.0,2.3386485494928886e-05,128.3766688678073,4.4778757307667085
,,,,,288378.8265423515,49520.0,1.0145078691337868,221829.8665710393,0.00023386485494928885,130.23914077957292,169.3108830134448,10.0,256.0,2.3386485494928886e-05,128.3766688678073,4.479601505877207
,,,,,288548.1764549933,49530.0,1.0147417339887361,221960.13573460994,0.00023386485494928885,130.26916357061657,169.34991264180155,10.0,256.0,2.3386485494928886e-05,128.3766688678073,4.4813271902808385
,,,,,288717.56539726345,49540.0,1.0149755988436855,222090.4349209716,0.00023386485494928885,130.29918636166022,169.38894227015828,10.0,256.0,2.3386485494928886e-05,128.3766688678073,4.483052784032531
,,,,,288886.99336916197,49550.0,1.0152094636986349,222220.7641301243,0.00023386485494928885,130.32920915270387,169.42797189851504,10.0,256.0,2.3386485494928886e-05,128.3766688678073,4.48477828718717
,,,,,289006.4686917941,49560.0,1.0153040583031585,222312.6682244567,9.459460452373392e-05,91.90409433240674,119.47532263212877,10.0,95.0,9.459460452373392e-06,90.51878950036188,4.4857277688550585
,,,,,289125.95514579205,49570.0,1.0153986529076822,222404.5808813782,9.459460452373392e-05,91.9126569215015,119.48645399795194,10.0,95.0,9.459460452373392e-06,90.51878950036188,4.486677040173053
,,,,,289245.45273115585,49580.0,1.0154932475122058,222496.5021008888,9.459460452373392e-05,91.92121951059625,119.49758536377512,10.0,95.0,9.459460452373392e-06,90.51878950036188,4.4876261012684315
,,,,,289364.96144788543,49590.0,1.0155878421167295,222588.43188298852,9.459460452373392e-05,91.92978209969098,119.50871672959828,10.0,95.0,9.459460452373392e-06,90.51878950036188,4.488574952268371
,,,,,289484.48129598086,49600.0,1.0156824367212531,222680.3702276773,9.459460452373392e-05,91.93834468878573,119.51984809542145,10.0,95.0,9.459460452373392e-06,90.51878950036188,4.489523593299946
,,,,,289604.01227544213,49610.0,1.0157770313257768,222772.3171349552,9.459460452373392e-05,91.94690727788048,119.53097946124463,10.0,95.0,9.459460452373392e-06,90.51878950036188,4.490472024490127
,,,,,289723.5543862692,49620.0,1.0158716259303004,222864.27260482218,9.459460452373392e-05,91.95546986697522,119.54211082706779,10.0,95.0,9.459460452373392e-06,90.51878950036188,4.4914202459657835
,,,,,289843.1076284621,49630.0,1.015966220534824,222956.23663727826,9.459460452373392e-05,91.96403245606997,119.55324219289096,10.0,95.0,9.459460452373392e-06,90.51878950036188,4.492368257853682
,,,,,289962.6720020208,49640.0,1.0160608151393478,223048.20923232342,9.459460452373392e-05,91.97259504516472,119.56437355871414,10.0,95.0,9.459460452373392e-06,90.51878950036188,4.493316060280488
,,,,,290082.24750694534,49650.0,1.0161554097438714,223140.1903899577,9.459460452373392e-05,91.98115763425947,119.57550492453733,10.0,95.0,9.459460452373392e-06,90.51878950036188,4.494263653372763
,,,,,290201.8341432357,49660.0,1.016250004348395,223232.18011018104,9.459460452373392e-05,91.98972022335421,119.58663629036047,10.0,95.0,9.459460452373392e-06,90.51878950036188,4.4952110372569685
,,,,,290321.4319108919,49670.0,1.0163445989529187,223324.1783929935,9.459460452373392e-05,91.99828281244896,119.59776765618365,10.0,95.0,9.459460452373392e-06,90.51878950036188,4.496158212059462
,,,,,290441.0408099139,49680.0,1.0164391935574424,223416.18523839503,9.459460452373392e-05,92.00684540154371,119.60889902200684,10.0,95.0,9.459460452373392e-06,90.51878950036188,4.497105177906502
,,,,,290560.6608403017,49690.0,1.016533788161966,223508.20064638567,9.459460452373392e-05,92.01540799063845,119.62003038782998,10.0,95.0,9.459460452373392e-06,90.51878950036188,4.498051934924244
,,,,,290680.2920020554,49700.0,1.0166283827664897,223600.2246169654,9.459460452373392e-05,92.0239705797332,119.63116175365316,10.0,95.0,9.459460452373392e-06,90.51878950036188,4.49899848323874
,,,,,290799.93429517484,49710.0,1.0167229773710134,223692.25715013422,9.459460452373392e-05,92.03253316882795,119.64229311947635,10.0,95.0,9.459460452373392e-06,90.51878950036188,4.4999448229759444
,,,,,290919.58771966014,49720.0,1.016817571975537,223784.29824589213,9.459460452373392e-05,92.04109575792269,119.6534244852995,10.0,95.0,9.459460452373392e-06,90.51878950036188,4.500890954261708
,,,,,291044.7714096865,49730.0,1.016838031041265,223880.59339206625,2.0459065728051974e-05,96.2951461741248,125.18369002636224,10.0,265.0,2.0459065728051974e-06,94.70057495343325,4.501922247980419
,,,,,291169.9576184437,49740.0,1.016858490106993,223976.89047572567,2.0459065728051974e-05,96.29708365941225,125.18620875723593,10.0,265.0,2.0459065728051974e-06,94.70057495343325,4.502953165977597
,,,,,291295.1463459318,49750.0,1.016878949172721,224073.18949687036,2.0459065728051974e-05,96.29902114469971,125.18872748810962,10.0,265.0,2.0459065728051974e-06,94.70057495343325,4.503983708479806
,,,,,291420.3375921508,49760.0,1.016899408238449,224169.49045550034,2.0459065728051974e-05,96.30095862998716,125.19124621898332,10.0,265.0,2.0459065728051974e-06,94.70057495343325,4.5050138757134315
,,,,,291545.53135710064,49770.0,1.016919867304177,224265.79335161563,2.0459065728051974e-05,96.3028961152746,125.193764949857,10.0,265.0,2.0459065728051974e-06,94.70057495343325,4.506043667904674
,,,,,291670.7276407814,49780.0,1.016940326369905,224362.0981852162,2.0459065728051974e-05,96.30483360056206,125.19628368073069,10.0,265.0,2.0459065728051974e-06,94.70057495343325,4.507073085279554
,,,,,291795.926443193,49790.0,1.016960785435633,224458.40495630205,2.0459065728051974e-05,96.30677108584952,125.19880241160438,10.0,265.0,2.0459065728051974e-06,94.70057495343325,4.50810212806391
,,,,,291921.1277643355,49800.0,1.016981244501361,224554.71366487318,2.0459065728051974e-05,96.30870857113696,125.20132114247805,10.0,265.0,2.0459065728051974e-06,94.70057495343325,4.509130796483397
,,,,,292046.33160420886,49810.0,1.017001703567089,224651.0243109296,2.0459065728051974e-05,96.31064605642442,125.20383987335175,10.0,265.0,2.0459065728051974e-06,94.70057495343325,4.510159090763493
,,,,,292171.5379628131,49820.0,1.017022162632817,224747.33689447131,2.0459065728051974e-05,96.31258354171187,125.20635860422544,10.0,265.0,2.0459065728051974e-06,94.70057495343325,4.5111870111294925
,,,,,292369.1662979967,49830.0,1.0172560590541047,224899.35869076638,0.00023389642128747004,152.02179629505744,197.62833518357468,10.0,107.0,2.3389642128747004e-05,149.4429990777493,4.51333250433005
,,,,,292566.84007361776,49840.0,1.0174899554753922,225051.4154412441,0.00023389642128747004,152.05675047772823,197.6737756210467,10.0,107.0,2.3389642128747004e-05,149.4429990777493,4.515477837906182
,,,,,292764.55928967625,49850.0,1.0177238518966798,225203.5071459045,0.00023389642128747004,152.091704660399,197.7192160585187,10.0,107.0,2.3389642128747004e-05,149.4429990777493,4.517623011953952
,,,,,292962.32394617226,49860.0,1.0179577483179674,225355.63380474757,0.00023389642128747004,152.12665884306975,197.7646564959907,10.0,107.0,2.3389642128747004e-05,149.4429990777493,4.519768026569346
,,,,,293160.1340431057,49870.0,1.018191644739255,225507.7954177733,0.00023389642128747004,152.16161302574054,197.81009693346272,10.0,107.0,2.3389642128747004e-05,149.4429990777493,4.521912881848271
,,,,,293357.98958047666,49880.0,1.0184255411605425,225659.99198498172,0.00023389642128747004,152.1965672084113,197.85553737093468,10.0,107.0,2.3389642128747004e-05,149.4429990777493,4.524057577886563
,,,,,293509.96192126995,49890.0,1.0185291167746795,225776.89378559194,0.00010357561413699054,116.90180061020736,151.97234079326958,10.0,263.0,1.0357561413699054e-05,114.77511902692964,4.525493962429183
,,,,,293661.94971633767,49900.0,1.0186326923888165,225893.8074741056,0.00010357561413699054,116.91368851364822,151.9877950677427,10.0,263.0,1.0357561413699054e-05,114.77511902692964,4.526930009501114
,,,,,293813.95296567987,49910.0,1.0187362680029535,226010.7330505227,0.00010357561413699054,116.92557641708908,152.0032493422158,10.0,263.0,1.0357561413699054e-05,114.77511902692964,4.528365719305203
,,,,,293965.97166929656,49920.0,1.0188398436170905,226127.67051484322,0.00010357561413699054,116.93746432052994,152.01870361668892,10.0,263.0,1.0357561413699054e-05,114.77511902692964,4.529801092044135
,,,,,294118.00582718774,49930.0,1.0189434192312274,226244.6198670672,0.00010357561413699054,116.9493522239708,152.03415789116204,10.0,263.0,1.0357561413699054e-05,114.77511902692964,4.531236127920432
,,,,,294270.0554393534,49940.0,1.0190469948453644,226361.58110719462,0.00010357561413699054,116.96124012741166,152.04961216563515,10.0,263.0,1.0357561413699054e-05,114.77511902692964,4.532670827136457
,,,,,294422.1205057935,49950.0,1.0191505704595014,226478.55423522549,0.00010357561413699054,116.97312803085252,152.0650664401083,10.0,263.0,1.0357561413699054e-05,114.77511902692964,4.5341051898944045
,,,,,294574.20102650806,49960.0,1.0192541460736384,226595.5392511598,0.00010357561413699054,116.98501593429339,152.0805207145814,10.0,263.0,1.0357561413699054e-05,114.77511902692964,4.535539216396312
,,,,,294702.4598394685,49970.0,1.0193157188238897,226694.19987651397,6.157275025125623e-05,98.66062535417814,128.25881296043158,10.0,212.0,6.157275025125623e-06,96.79103690073089,4.536605961106944
,,,,,294830.72640002635,49980.0,1.019377291574141,226792.8664615585,6.157275025125623e-05,98.66658504451979,128.26656055787572,10.0,212.0,6.157275025125623e-06,96.79103690073089,4.5376723981904465
,,,,,294959.00070818164,49990.0,1.0194388643243923,226891.53900629337,6.157275025125623e-05,98.67254473486145,128.2743081553199,10.0,212.0,6.157275025125623e-06,96.79103690073089,4.538738527831434
,,,,,295087.2827639344,50000.0,1.0195004370746437,226990.2175107186,6.157275025125623e-05,98.6785044252031,128.28205575276402,10.0,212.0,6.157275025125623e-06,96.79103690073089,4.5398043502143715
,,,,,295215.57256728463,50010.0,1.019562009824895,227088.90197483412,6.157275025125623e-05,98.68446411554476,128.2898033502082,10.0,212.0,6.157275025125623e-06,96.79103690073089,4.540869865523578
,,,,,295343.87011823227,50020.0,1.0196235825751463,227187.59239864,6.157275025125623e-05,98.69042380588641,128.29755094765233,10.0,212.0,6.157275025125623e-06,96.79103690073089,4.541935073943223
,,,,,295477.8745482645,50030.0,1.0200940073592426,227290.672729434,0.000470424784096392,103.08033079401996,134.00443003222594,10.0,19.0,4.7042478409639196e-05,101.04983467246127,4.543087602027463
,,,,,295611.94077554735,50040.0,1.020564432143339,227393.8005965747,0.000470424784096392,103.12786714067872,134.06622728288232,10.0,19.0,4.7042478409639196e-05,101.04983467246127,4.5442406194359455
,,,,,295746.0688000809,50050.0,1.0210348569274352,227496.97600006204,0.000470424784096392,103.17540348733748,134.12802453353873,10.0,19.0,4.7042478409639196e-05,101.04983467246127,4.545394125875365
,,,,,295880.2586218651,50060.0,1.0215052817115315,227600.19893989604,0.000470424784096392,103.22293983399624,134.18982178419512,10.0,19.0,4.7042478409639196e-05,101.04983467246127,4.546548121052657
,,,,,296014.5102409,50070.0,1.0219757064956279,227703.4694160767,0.000470424784096392,103.270476180655,134.2516190348515,10.0,19.0,4.7042478409639196e-05,101.04983467246127,4.547702604674989
,,,,,296148.8236571855,50080.0,1.0224461312797242,227806.787428604,0.000470424784096392,103.31801252731375,134.31341628550788,10.0,19.0,4.7042478409639196e-05,101.04983467246127,4.548857576449761
,,,,,296283.1988707216,50090.0,1.0229165560638205,227910.15297747796,0.000470424784096392,103.36554887397253,134.3752135361643,10.0,19.0,4.7042478409639196e-05,101.04983467246127,4.550013036084607
,,,,,296417.63588150847,50100.0,1.0233869808479168,228013.5660626986,0.000470424784096392,103.41308522063129,134.43701078682068,10.0,19.0,4.7042478409639196e-05,101.04983467246127,4.551168983287397
,,,,,296552.13468954596,50110.0,1.023857405632013,228117.0266842659,0.000470424784096392,103.46062156729005,134.49880803747706,10.0,19.0,4.7042478409639196e-05,101.04983467246127,4.552325417766232
,,,,,296756.4426915576,50120.0,1.0239292438999783,228274.1866858133,7.183826796521898e-05,157.16000154739737,204.3080020116166,10.0,153.0,7.183826796521898e-06,153.48716962980834,4.554552806979515
,,,,,296960.7650276973,50130.0,1.0240010821679435,228431.3577136131,7.183826796521898e-05,157.17102779981846,204.32233613976402,10.0,153.0,7.183826796521898e-06,153.48716962980834,4.55677952750076
,,,,,297165.10169796523,50140.0,1.0240729204359087,228588.53976766535,7.183826796521898e-05,157.18205405223952,204.3366702679114,10.0,153.0,7.183826796521898e-06,153.48716962980834,4.559005579730063
,,,,,297369.4527023613,50150.0,1.024144758703874,228745.73284797,7.183826796521898e-05,157.1930803046606,204.3510043960588,10.0,153.0,7.183826796521898e-06,153.48716962980834,4.561230964067199
,,,,,297593.6770159195,50160.0,1.0242528368560317,228918.21308916862,0.00010807815215784224,172.4802411986293,224.22431355821809,10.0,156.0,1.0807815215784225e-05,168.39615668340394,4.563760229050411
,,,,,297817.9249894068,50180.0,1.0243609150081896,229090.7115303127,0.00010807815215784224,172.49844114407412,224.24797348729638,10.0,156.0,1.0807815215784225e-05,168.39615668340394,4.565378866686183
,,,,,298080.6052940792,50210.0,1.024831339792286,229292.77330313766,0.000470424784096392,202.06177282495239,262.6803046724381,10.0,98.0,4.7042478409639196e-05,197.16587986654127,4.5666754292598615
,,,,,298343.4061759831,50230.0,1.0253017645763822,229494.9278276791,0.000470424784096392,202.15452454141976,262.8008819038457,10.0,98.0,4.7042478409639196e-05,197.16587986654127,4.5688817007302225
,,,,,298367.7691201095,50240.0,1.0254360874284743,229513.66855393018,0.0001343228520920469,18.740726251092468,24.36294412642021,10.0,198.0,1.3432285209204692e-05,18.275859881320653,4.5683453135734515
,,,,,298392.1352555612,50250.0,1.0255704102805663,229532.4117350469,0.0001343228520920469,18.743181116716162,24.36613545173101,10.0,198.0,1.3432285209204692e-05,18.275859881320653,4.567809188757152
,,,,,298416.50458233827,50260.0,1.0257047331326583,229551.15737102923,0.0001343228520920469,18.745635982339856,24.369326777041813,10.0,198.0,1.3432285209204692e-05,18.275859881320653,4.567273326124736
,,,,,298440.8771004406,50270.0,1.0258390559847503,229569.9054618772,0.0001343228520920469,18.74809084796355,24.372518102352615,10.0,198.0,1.3432285209204692e-05,18.275859881320653,4.5667377255197374
,,,,,298465.25280986825,50280.0,1.0259733788368424,229588.6560075908,0.0001343228520920469,18.750545713587243,24.375709427663416,10.0,198.0,1.3432285209204692e-05,18.275859881320653,4.5662023867858155
,,,,,298489.63171062124,50290.0,1.0261077016889344,229607.40900817,0.0001343228520920469,18.753000579210937,24.378900752974218,10.0,198.0,1.3432285209204692e-05,18.275859881320653,4.565667309766753
,,,,,298514.0138026995,50300.0,1.0262420245410264,229626.16446361484,0.0001343228520920469,18.75545544483463,24.38209207828502,10.0,198.0,1.3432285209204692e-05,18.275859881320653,4.565132494306458
,,,,,298538.39908610313,50310.0,1.0263763473931184,229644.9223739253,0.0001343228520920469,18.75791031045832,24.385283403595817,10.0,198.0,1.3432285209204692e-05,18.275859881320653,4.564597940248962
,,,,,298562.78756083205,50320.0,1.0265106702452105,229663.68273910138,0.0001343228520920469,18.760365176082015,24.38847472890662,10.0,198.0,1.3432285209204692e-05,18.275859881320653,4.564063647438422
,,,,,298587.17922688625,50330.0,1.0266449930973025,229682.4455591431,0.0001343228520920469,18.76282004170571,24.39166605421742,10.0,198.0,1.3432285209204692e-05,18.275859881320653,4.563529615719116
,,,,,298611.5740842658,50340.0,1.0267793159493945,229701.2108340504,0.0001343228520920469,18.765274907329403,24.394857379528226,10.0,198.0,1.3432285209204692e-05,18.275859881320653,4.562995844935447
,,,,,298635.97213297064,50350.0,1.0269136388014866,229719.97856382336,0.0001343228520920469,18.767729772953096,24.398048704839027,10.0,198.0,1.3432285209204692e-05,18.275859881320653,4.5624623349319435
,,,,,298831.1461441604,50430.0,1.0270674542102596,229870.11241858473,0.00015381540877310387,150.13385476137037,195.17401118978148,10.0,213.0,1.538154087731039e-05,146.1772098277736,4.558201713634438
,,,,,299026.34938494966,50440.0,1.0272212696190326,230020.2687576534,0.00015381540877310387,150.15633906865332,195.20324078924932,10.0,213.0,1.538154087731039e-05,146.1772098277736,4.560274955544278
,,,,,299221.58185533836,50450.0,1.0273750850278056,230170.44758102932,0.00015381540877310387,150.17882337593628,195.23247038871716,10.0,213.0,1.538154087731039e-05,146.1772098277736,4.562347821229521
,,,,,299416.8435553265,50460.0,1.0275289004365786,230320.64888871255,0.00015381540877310387,150.20130768321923,195.261699988185,10.0,213.0,1.538154087731039e-05,146.1772098277736,4.564420310913843
,,,,,299612.1344849142,50470.0,1.0276827158453516,230470.87268070306,0.00015381540877310387,150.2237919905022,195.29092958765287,10.0,213.0,1.538154087731039e-05,146.1772098277736,4.566492424820746
,,,,,299807.4546441013,50480.0,1.0278365312541247,230621.11895700084,0.00015381540877310387,150.24627629778516,195.3201591871207,10.0,213.0,1.538154087731039e-05,146.1772098277736,4.5685641631735505
,,,,,300002.8040328879,50490.0,1.0279903466628977,230771.38771760592,0.00015381540877310387,150.2687606050681,195.34938878658855,10.0,213.0,1.538154087731039e-05,146.1772098277736,4.570635526195403
