Timestamp,NS Substation HX Primary Control Valve 1N1 V-09 Position,HX3 supply_dt,HX3 lmtd,HX3 primary chw dt,HX3 secondary chw dt,HX3 primary_dp,HX3_running_hour
2024-01-22 09:48:00,48.32176,2.8645830000000005,1.0860145331878486,7.465282,4.861109,32.69673999999999,0.0
2024-02-02 13:33:00,40.39352,0.694445,1.169302240595078,7.696763,8.825228,43.40280000000001,0.0
2024-03-06 14:12:00,73.81366,0.0,0.2786743809943901,3.0671300000000006,7.320606,72.62730000000002,0.0
2024-03-06 14:15:00,100.0,-0.05787099999999956,,2.517361,6.7708379999999995,91.14589999999998,0.0
2024-03-06 14:18:00,100.0,0.05787000000000031,1.0637199803881612,2.806712,7.494216999999999,94.9074,0.0
2024-03-06 14:21:00,68.48958,0.05787000000000031,1.4766919637783542,1.5335650000000003,8.651620000000001,76.09960000000001,0.0
2024-03-13 00:18:00,32.69676,2.2569440000000007,2.2132587963626342,0.2025459999999999,0.11574099999999987,43.98150000000001,0.0
2024-03-13 00:21:00,34.78009,2.2569440000000007,,0.11574000000000062,0.11574099999999987,42.53469999999999,0.0
2024-03-13 00:24:00,34.78009,2.4016200000000003,2.387124272636884,0.14467599999999958,0.11574099999999987,46.2963,0.0
2024-03-13 00:27:00,34.75116,2.4884260000000005,2.473931298182205,0.14467600000000047,0.11574099999999987,41.955899999999986,0.0
2024-03-19 15:24:00,37.35532,-0.8680560000000002,,4.398145,7.581021,41.37730000000002,0.0
2024-03-19 15:27:00,83.76736,0.08680600000000016,1.3467412349681969,2.835648,8.478006,70.8912,0.0
2024-03-20 11:45:00,100.0,0.4050919999999998,0.4737549285135237,0.11574099999999987,0.26041700000000034,78.125,0.0
2024-03-20 11:51:00,100.0,2.2280089999999992,2.1843200379382535,0.3472219999999995,0.26041700000000034,78.4143,0.0
2024-03-22 23:51:00,100.0,2.3148150000000003,2.4146728607883583,0.05787100000000045,0.2604159999999993,81.88659999999999,0.0
2024-03-22 23:54:00,100.0,2.5752309999999996,2.6326784848237916,0.11573999999999973,0.2314809999999996,80.15039999999999,0.0
2024-03-24 01:33:00,100.0,2.546296,2.646278221081245,0.08680500000000002,0.2893509999999999,87.0949,0.0
2024-03-24 01:39:00,100.0,2.5752319999999997,2.66109420608521,0.08680600000000016,0.2604159999999993,85.0694,0.0
2024-03-24 01:42:00,100.0,2.6620369999999998,2.7479295156652657,0.05787000000000031,0.2314809999999996,89.40969999999999,0.0
2024-03-24 23:51:00,76.38889,2.3726849999999997,2.5145879832847675,0.0,0.28935200000000005,85.3588,0.0
2024-03-24 23:54:00,100.0,2.459491,2.5594293962937398,0.08680600000000016,0.28935200000000005,101.8519,0.0
2024-03-24 23:57:00,100.0,2.459491,2.5594293962937398,0.08680600000000016,0.28935200000000005,105.32409999999999,0.0
2024-03-25 00:00:00,100.0,2.3726849999999997,2.500634915228327,0.02893499999999971,0.28935200000000005,101.5625,0.0
2024-03-25 00:03:00,100.0,2.5173609999999993,2.6314062834661227,0.05786999999999942,0.28935200000000005,101.27319999999997,0.0
2024-03-25 00:06:00,76.38889,2.5752309999999996,2.6893128081991566,0.05787000000000031,0.28935200000000005,89.12029999999999,0.0
2024-03-25 00:24:00,72.22222,2.430555,2.55855605032498,0.05787000000000031,0.31828700000000065,83.91210000000001,0.0
2024-03-25 00:27:00,100.0,2.430555,2.5304786057774735,0.08680500000000002,0.28935200000000005,111.68979999999999,0.05
2024-03-25 00:30:00,100.0,2.430555,2.544542377789356,0.08680500000000002,0.31828700000000065,109.0857,0.1
2024-03-25 00:33:00,100.0,2.430555,2.5304786057774735,0.08680500000000002,0.28935200000000005,109.0857,0.15000000000000002
2024-03-25 00:36:00,100.0,2.4884259999999996,2.6024519259091243,0.05787099999999956,0.28935200000000005,111.97919999999999,0.2
2024-03-25 00:39:00,100.0,2.546296,2.6603597446360343,0.05786999999999942,0.28935200000000005,107.6389,0.25
2024-03-25 00:42:00,100.0,2.546296,2.6603597446360343,0.05786999999999942,0.28935200000000005,113.42590000000001,0.3
2024-03-25 00:45:00,100.0,2.517361,2.6454345540253614,0.02893499999999971,0.28935200000000005,116.89819999999997,0.35
2024-03-25 00:54:00,100.0,2.8067130000000002,2.906810981476118,0.05787099999999956,0.26041699999999945,118.63419999999999,0.5
2024-03-25 00:57:00,100.0,2.7777770000000004,2.8637069526138395,0.08680500000000002,0.26041699999999945,117.1874,0.55
2024-03-25 01:03:00,100.0,2.6909720000000004,2.8191771512227186,0.02893499999999971,0.28935200000000005,117.1875,0.65
2024-03-25 01:06:00,100.0,2.6620370000000007,2.776170251928629,0.05787100000000045,0.28935200000000005,114.58330000000001,0.7000000000000001
2024-06-11 08:09:00,53.96412,1.9965270000000004,1.5214494880206153,9.693290000000001,8.825233,47.1644,0.7000000000000001
2024-06-11 08:15:00,41.00116,1.2442130000000002,1.410707981536377,8.969909,9.317126,39.93050000000002,0.7000000000000001
2024-06-11 08:18:00,51.41782,1.0416670000000003,1.3347502035140497,8.449072000000001,9.085645,45.428200000000004,0.7000000000000001
2024-06-11 08:21:00,31.59722,1.0127309999999996,1.3783640202296599,8.651623999999998,9.461803,41.95599999999999,0.7000000000000001
2024-06-11 08:27:00,33.70949,1.2442130000000002,1.410707981536377,8.969909,9.317126,41.66659999999999,0.7000000000000001
2024-06-11 08:30:00,39.95949,0.5787040000000001,1.3466506311513504,7.378472,9.403938,45.13890000000001,0.7000000000000001
2024-06-11 08:36:00,30.58449,1.0416669999999995,1.3960455431992531,8.622689999999999,9.403933,40.79860000000002,0.7000000000000001
2024-06-11 08:39:00,31.07639,1.070601,1.3265537153801947,8.680558,9.230327,40.219899999999996,0.7000000000000001
2024-06-11 09:51:00,33.68055,1.070601,1.401310513475894,8.912036,9.635415,40.50919999999999,0.7000000000000001
2024-06-11 09:57:00,30.06366,0.983797,1.3959511278131647,8.825232,9.751155,41.37730000000002,0.7000000000000001
2024-06-11 10:12:00,30.55556,1.1863419999999998,1.4181016791894945,9.143517,9.635415000000002,37.905099999999976,0.7000000000000001
2024-06-11 10:18:00,30.55556,1.3020829999999997,1.4009179685562043,9.288198,9.490745,37.615700000000004,0.7000000000000001
2024-06-11 10:36:00,31.10532,1.2442129999999993,1.3973210013037467,9.288198,9.606485,39.0625,0.7000000000000001
2024-06-11 10:42:00,32.60995,1.2152779999999996,1.434328950411169,9.172453,9.635415000000002,39.6413,0.8
2024-06-11 10:45:00,33.68055,1.1863419999999998,1.378989285674522,9.143517,9.548615000000002,39.3519,0.8500000000000001
2024-06-11 10:48:00,35.21412,1.2152770000000004,1.4343283919787184,9.085652,9.548615,37.615700000000004,0.9000000000000001
2024-06-11 10:54:00,35.21412,1.2152770000000004,1.408126362814188,9.085652,9.490745,40.219899999999996,1.0000000000000002
2024-06-11 10:57:00,35.21412,1.070602,1.3766505529859898,8.883102000000001,9.54861,40.79860000000002,1.0500000000000003
2024-06-11 11:00:00,31.59722,1.0995370000000007,1.3936783785158946,9.027782,9.664355,38.194500000000005,1.1000000000000003
2024-06-11 11:03:00,32.11805,1.157407,1.3759327499894825,9.085652,9.548615000000002,39.3519,1.1500000000000004
2024-06-11 11:09:00,32.66782,1.157407,1.3759327499894825,9.027781999999998,9.490745,38.4838,1.2500000000000004
2024-06-11 11:12:00,31.59722,1.186343,1.378989838452963,9.114581999999999,9.519679,37.615700000000004,1.3000000000000005
2024-06-11 11:18:00,33.15972,1.157407,1.4017346215135846,9.027781999999998,9.548615,39.9306,1.4000000000000006
2024-06-11 11:30:00,30.00578,1.2152779999999996,1.381625828867176,9.172453,9.519675,38.1944,1.4000000000000006
2024-06-11 12:18:00,35.15625,0.8680560000000002,1.6923662885613253,7.957174,10.011578,52.37269999999998,1.4000000000000006
2024-06-11 12:21:00,31.53935,0.78125,1.69065942181168,7.754633999999999,10.098384,47.4537,1.4000000000000006
2024-06-11 12:24:00,44.53125,1.3310190000000004,1.5900968360847743,9.056714,9.606485,59.317199999999985,1.4000000000000006
2024-06-11 12:27:00,37.76041,2.604166,1.3719151423017757,10.416669,8.420143,52.08329999999998,1.4000000000000006
2024-06-11 12:45:00,37.76041,1.0995370000000007,1.689247623359401,8.535884,9.895837,54.108799999999974,1.4000000000000006
2024-06-11 12:48:00,35.15625,2.835648,1.3379476655332656,10.532409,8.188661,49.18990000000002,1.4000000000000006
2024-06-11 13:09:00,39.26505,1.5335650000000003,1.5623248432247727,9.693284000000002,9.751159000000001,55.2662,1.4000000000000006
2024-06-11 13:12:00,40.85648,1.6493060000000002,1.5907322291292523,9.895834,9.780088,54.39810000000003,1.4000000000000006
2024-06-11 13:24:00,32.55209,1.5914359999999999,1.5476282777588994,9.780094,9.693287999999999,46.0069,1.4000000000000006
2024-06-11 13:36:00,36.71875,1.6203710000000004,1.5469040038064756,9.722224,9.577542999999999,50.636600000000016,1.4000000000000006
2024-06-11 14:18:00,40.33565,1.9097220000000004,1.4321169764581676,10.011574,9.143521999999999,52.08329999999998,1.4000000000000006
2024-06-11 14:33:00,30.98958,2.141203,1.4496394748135129,10.185188,8.969905,41.66660000000002,1.4000000000000006
2024-06-11 14:42:00,38.31018,1.9386580000000002,1.4619276064708182,10.069444,9.201386000000001,47.1644,1.4000000000000006
2024-06-11 15:06:00,33.27546,2.4594910000000008,1.4186532236904266,10.416664,8.680553,42.82400000000001,1.4000000000000006
2024-06-11 15:12:00,32.55209,2.3726850000000006,1.432587615562466,10.416664,8.825229,43.40270000000001,1.4000000000000006
2024-06-11 15:18:00,34.11459,1.0995370000000007,1.6553017808195423,8.767364,10.040507,48.90040000000002,1.4000000000000006
2024-06-11 15:24:00,30.43982,2.835648000000001,1.4201428027699274,10.503474,8.246526,42.24539999999999,1.4000000000000006
2024-07-04 08:09:00,51.41782,0.7233799999999997,1.3783674586623604,7.812496,9.432866,47.4537,1.4000000000000006
2024-07-04 08:12:00,61.80556,0.7233800000000006,1.428644719201485,7.812496,9.577545999999998,52.662000000000006,1.4000000000000006
2024-07-04 08:15:00,46.73032,1.0127319999999997,1.4726685684465697,8.7963,9.837958,43.98150000000001,1.4000000000000006
2024-07-04 08:18:00,35.76389,1.157407,1.4775299443400407,8.91204,9.606483,45.717600000000004,1.4000000000000006
2024-07-04 08:21:00,35.76389,1.1863419999999998,1.430994960185672,8.883104,9.403932000000001,45.13889999999998,1.4000000000000006
2024-07-04 08:27:00,33.68055,0.8969910000000008,1.3854648888442136,8.275467,9.403935999999998,48.61110000000002,1.4000000000000006
2024-07-04 08:30:00,32.60995,1.0127310000000005,1.4494072418111201,8.593748,9.577547,44.84949999999998,1.4000000000000006
2024-07-04 08:36:00,30.00578,1.4467590000000001,,9.375,9.375001000000001,41.08789999999999,1.4000000000000006
2024-07-04 08:39:00,31.59722,1.4178240000000004,1.4465700411433071,9.28819,9.346066,42.823999999999984,1.4000000000000006
2024-07-04 08:42:00,33.68055,1.1574080000000002,1.4145290778837603,8.767364,9.317126,44.27090000000001,1.4000000000000006
2024-07-04 08:45:00,35.76389,1.0416669999999995,1.3471329596821822,8.564817999999999,9.230321,44.56020000000001,1.4000000000000006
2024-07-04 13:03:00,35.64815,1.9097229999999996,1.3589909929746595,9.432870000000001,8.449076999999999,51.21519999999998,1.4000000000000006
2024-07-04 17:30:00,35.18518,1.7071760000000005,1.2589313501640007,8.969909,8.159723,51.50460000000004,1.4000000000000006
2024-07-04 17:42:00,33.10185,2.748842,1.283271515547777,9.664355,7.3784730000000005,50.34719999999999,1.4000000000000006
2024-07-05 08:30:00,42.56366,0.9259250000000003,1.4384702025454974,8.449078,9.635413,42.82409999999999,1.4000000000000006
2024-07-05 08:36:00,40.97222,1.2152779999999996,1.4212620689605888,9.143519999999999,9.577542000000001,39.3519,1.5000000000000007
2024-07-05 08:39:00,37.32639,1.157407,1.439924049896718,8.94097,9.548613,41.08789999999999,1.5500000000000007
2024-07-05 08:45:00,36.31366,1.2152779999999996,1.4212665965921536,9.056709999999999,9.490742000000001,39.641200000000026,1.6500000000000008
2024-07-05 08:48:00,31.59722,1.2152779999999996,1.408126914417859,8.998840000000001,9.403932000000001,40.219899999999996,1.7000000000000008
2024-07-05 08:54:00,34.17245,1.3020829999999997,1.3870820450338708,9.085643999999998,9.259260999999999,40.509299999999996,1.800000000000001
2024-07-05 08:57:00,34.72222,1.157407,1.3759327499894818,8.796294,9.259257,39.351800000000026,1.850000000000001
2024-07-05 09:00:00,40.97222,1.2442130000000002,1.3973210013037471,8.854169,9.172456,41.08789999999999,1.900000000000001
2024-07-05 09:06:00,39.40972,1.0995370000000007,1.3936783785158946,8.651624000000002,9.288197,41.08789999999999,2.000000000000001
2024-07-05 09:09:00,93.60532,0.23148199999999974,1.1826811966345716,5.729162,8.912040000000001,60.18520000000001,2.0500000000000007
2024-07-05 09:15:00,88.39699,0.2893509999999999,1.2955544896244955,6.018514000000001,9.259263,61.05330000000001,2.150000000000001
2024-07-05 09:18:00,44.09722,0.8391199999999994,1.389971734989872,8.101853,9.403933,43.11340000000001,2.2000000000000006
2024-07-05 09:24:00,43.02662,0.9259259999999996,1.34743650857422,8.304397999999999,9.259262,44.27080000000001,2.3000000000000007
2024-07-05 09:27:00,57.06019,0.5497689999999995,1.1801274925568592,7.060186999999999,8.680558,50.05789999999999,2.3500000000000005
2024-07-05 09:30:00,32.11805,0.9837959999999999,1.3959504962044866,8.362269,9.288193,44.27090000000001,2.4000000000000004
2024-07-05 10:06:00,30.55556,1.2442130000000002,1.3703007633239381,8.767359,9.027776,41.66659999999999,2.4000000000000004
2024-07-05 10:09:00,30.55556,1.070601,1.3766499616545613,8.506948,9.172457,44.27079999999998,2.4000000000000004
2024-07-05 11:00:00,30.00578,1.273148,1.3581060451845253,8.796299,8.969911,41.66669999999996,2.4000000000000004
2024-07-05 11:06:00,30.06366,1.1284720000000004,1.3467200011605098,8.622684,9.085652,40.79860000000002,2.4000000000000004
2024-07-05 11:12:00,30.06366,1.2152780000000005,1.3816258288671766,8.651624000000002,8.998846,40.219899999999996,2.4000000000000004
2024-07-05 11:15:00,30.55556,1.1863419999999998,1.3525320820894862,8.680559,9.027777,41.66669999999999,2.4000000000000004
2024-07-05 11:27:00,30.00578,1.273148,1.3719290811900877,8.709494,8.912036,41.08800000000002,2.4000000000000004
2024-07-05 11:30:00,32.11805,1.273148,1.3441925146989746,8.680554,8.825236,41.66670000000002,2.4000000000000004
2024-09-17 11:57:00,36.19791,2.228009,1.3155135698251246,9.51968,7.986110999999999,54.10880000000003,2.4000000000000004
2024-09-17 12:21:00,35.15625,1.3020829999999997,1.5349183659571435,8.73843,9.230327,54.9769,2.4000000000000004
2024-09-17 12:51:00,30.43982,1.5335640000000001,1.3682586281930227,9.056709,8.738425,48.321799999999996,2.4000000000000004
2024-12-09 22:12:00,34.20139,2.256945,0.8521583111488359,6.018521999999999,3.964117,50.63659999999999,2.4000000000000004
2025-01-17 08:00:00,59.28819,1.359954,1.026332857040043,6.336803000000001,5.729169,49.18979999999999,2.4000000000000004
2025-01-17 08:03:00,46.20949,2.633102,0.9877444147907244,7.002313,4.600690999999999,39.0625,2.4000000000000004
2025-01-17 08:06:00,70.8044,3.530093,0.844645680619245,7.3784730000000005,3.90625,36.45836,2.4000000000000004
2025-01-17 08:09:00,70.74653,2.256944,0.9897144500020129,7.233797,5.2951429999999995,47.74302,2.4000000000000004
2025-01-17 08:12:00,49.88426,2.604166,1.053516689859034,7.6099570000000005,5.295140999999999,42.5347,2.4000000000000004
2025-01-17 08:15:00,32.66782,2.5752310000000005,1.0794996217477937,7.754627,5.497685999999999,43.402799999999985,2.4000000000000004
2025-01-17 08:39:00,30.06366,3.1539339999999996,1.1991900379977687,8.535878,5.671294000000001,43.98140000000001,2.4000000000000004
2025-01-17 08:42:00,30.12153,3.0671290000000004,1.1765977026517063,8.593748,5.815969,48.90050000000002,2.4000000000000004
2025-01-17 08:57:00,30.09259,3.0960639999999993,1.2210294023346877,8.622688,5.844904000000001,47.74310000000003,2.4000000000000004
2025-01-17 09:03:00,33.18866,3.0092589999999992,1.266258622430251,8.796292999999999,6.163194000000001,54.10880000000003,2.4000000000000004
2025-01-17 09:06:00,32.17593,2.922454,1.3048460184298345,8.825233,6.336809,50.63659999999999,2.45
2025-01-17 09:09:00,33.73843,2.9803239999999995,1.2581898029225438,8.969908,6.365743999999999,53.530100000000004,2.5
2025-01-17 09:12:00,30.06366,2.8935180000000003,1.296437457084048,8.969908,6.510419999999999,49.47910000000002,2.55
2025-01-17 09:15:00,33.24653,3.124998999999999,1.2983539296307591,9.056713,6.307874,52.37259999999998,2.5999999999999996
2025-01-17 09:18:00,32.14699,2.9803239999999995,1.3216024476719757,8.969908,6.423614,53.81939999999997,2.6499999999999995
2025-01-17 09:21:00,34.2882,2.922454,1.36402240261882,8.883102999999998,6.452549,51.215299999999985,2.6999999999999993
2025-01-17 09:24:00,38.45486,2.228009,1.2234603297381055,7.957172,6.307873000000001,59.31710000000004,2.749999999999999
2025-01-17 09:27:00,44.15509,1.7071749999999994,1.2406753376437833,7.291669000000001,6.452544000000001,64.52549999999997,2.799999999999999
2025-01-17 09:30:00,38.94676,2.3726850000000006,1.3195552149429717,8.391205,6.65509,60.76389999999998,2.8499999999999988
2025-01-17 09:33:00,39.93055,3.1539350000000006,1.4024525575590345,9.346064000000002,6.655088999999999,59.60650000000001,2.8999999999999986
2025-01-17 09:36:00,36.31366,3.298611,1.4124059061833245,9.63542,6.770829,50.05790000000002,2.9499999999999984
2025-01-17 09:39:00,37.32639,3.2696759999999996,1.4358045517747284,9.66435,6.857634,56.423599999999965,2.9999999999999982
2025-01-17 09:42:00,37.32639,3.2118059999999993,1.4191648917569797,9.577549999999999,6.828704000000001,56.71300000000002,3.049999999999998
2025-01-17 09:45:00,37.87616,3.1828700000000003,1.4108177438969505,9.490744,6.770834000000001,58.73840000000001,3.099999999999998
2025-01-17 09:48:00,36.86343,3.038194,1.3984929502495393,9.288193,6.741898999999999,56.42369999999997,3.1499999999999977
2025-01-17 09:51:00,36.86343,3.0092589999999992,1.418697342856435,9.288193,6.799764000000001,55.555499999999995,3.1999999999999975
2025-01-17 09:54:00,36.86343,3.0960650000000003,1.4155968464150546,9.490744,6.886569,54.108799999999974,3.2499999999999973
2025-01-17 09:57:00,38.39699,3.3564809999999996,1.4606322240231677,9.780095,6.8865739999999995,56.134199999999964,3.299999999999997
2025-01-17 10:00:00,36.89236,3.3854170000000003,1.5000436607156675,9.924766000000002,7.031249,54.398199999999974,3.349999999999997
2025-01-17 10:03:00,38.94676,3.530091999999999,1.4771545154285863,10.098375999999998,7.002314,52.662000000000035,3.399999999999997
2025-01-17 10:06:00,45.25463,3.5590269999999995,1.4851752331594952,10.098375999999998,6.9733789999999996,59.02769999999998,3.4499999999999966
2025-01-17 10:09:00,49.88426,3.6747689999999995,1.550409261418569,10.185182,6.973383,61.342600000000004,3.4999999999999964
2025-01-17 10:12:00,44.70486,3.4722219999999995,1.5557289866705093,10.214117,7.262735,61.6319,3.5499999999999963
2025-01-17 10:15:00,42.56366,3.616898,1.53421839518999,10.300927000000001,7.146989,61.053200000000004,3.599999999999996
2025-01-17 10:18:00,42.65046,3.732639,1.5329853454595483,10.387728,7.089118999999999,60.47449999999998,3.649999999999996
2025-01-17 10:21:00,43.14236,3.732639,1.5329853454595483,10.474537999999999,7.175928999999999,60.76389999999998,3.6999999999999957
2025-01-17 10:24:00,41.00116,3.7615739999999995,1.5745548401867013,10.474537999999999,7.175924,59.89579999999998,3.7499999999999956
2025-01-17 10:27:00,41.57986,3.5879629999999993,1.5581103604940347,10.358797,7.262734000000001,61.053199999999975,3.7999999999999954
2025-01-17 10:30:00,44.15509,3.530092,1.602687563097623,10.271986,7.291664000000001,62.50000000000003,3.849999999999995
2025-01-17 10:33:00,44.18403,3.501157,1.5941833951557536,10.300926,7.349538999999999,65.39350000000002,3.899999999999995
2025-01-17 10:36:00,43.60532,3.530092,1.5725215661522278,10.387736,7.378474000000001,61.9213,3.949999999999995
2025-01-17 10:39:00,45.74653,3.5879629999999993,1.6196454139523193,10.358795999999998,7.320603,62.2106,3.9999999999999947
2025-01-17 10:42:00,51.50463,3.4432859999999996,1.6062535698442235,10.214125,7.349539,64.81489999999997,4.0499999999999945
2025-01-17 10:45:00,56.16319,3.3275449999999998,1.5714829785670403,10.098384,7.349539,70.3125,4.099999999999994
2025-01-17 10:48:00,59.31713,3.3854159999999993,1.6171876830938157,10.18519,7.407404000000001,69.4445,4.149999999999994
2025-01-17 10:51:00,59.23032,3.298611,1.6449665128479556,10.185179999999999,7.552079000000001,70.31250000000003,4.199999999999994
2025-01-17 10:54:00,54.02199,3.3564819999999997,1.6359851195624295,10.271996000000001,7.552084,72.04869999999997,4.249999999999994
2025-01-17 10:57:00,56.71296,3.4722220000000004,1.6435001385716541,10.358801,7.494209000000001,72.33789999999999,4.299999999999994
2025-01-17 11:00:00,55.6713,3.587961999999999,1.6783401345956164,10.416666,7.436344,75.23150000000001,4.349999999999993
2025-01-17 11:03:00,55.09259,3.5590269999999995,1.669649150283773,10.416671000000001,7.465274000000001,72.33790000000002,4.399999999999993
2025-01-17 11:06:00,59.8669,3.530093,1.7168359277808307,10.358796000000002,7.494213,78.4144,4.449999999999993
2025-01-17 11:09:00,63.42593,3.4722210000000002,1.7259363544015882,10.32986,7.5520890000000005,78.4144,4.499999999999993
2025-01-17 11:12:00,60.87963,3.414352,1.734089085349424,10.358796000000002,7.6678239999999995,75.81019999999998,4.549999999999993
2025-01-17 11:15:00,60.3588,3.414352,1.7078050763717871,10.416671000000001,7.696759,76.9676,4.5999999999999925
2025-01-17 11:18:00,68.1713,3.7615740000000004,1.7004387855217784,10.677081999999999,7.494218,78.7037,4.649999999999992
2025-01-17 11:21:00,73.37963,3.6458329999999997,1.7242644565824339,10.677087,7.6678239999999995,77.257,4.699999999999992
2025-01-17 11:24:00,65.50926,3.4722219999999995,1.7259274379649066,10.561347,7.783565,81.59719999999999,4.749999999999992
2025-01-17 11:27:00,60.79282,3.616898,1.7434771471125743,10.619212000000001,7.667824,75.23150000000001,4.799999999999992
2025-01-17 11:30:00,59.31713,3.5300920000000007,1.7439824350429924,10.619212000000001,7.78357,78.4144,4.849999999999992
2025-01-17 11:33:00,57.20486,3.6458330000000005,1.7523217499547121,10.619212000000001,7.638889,73.78479999999999,4.8999999999999915
2025-01-17 11:36:00,54.60069,3.5011579999999993,1.7079190261130928,10.503472,7.667824,74.07410000000002,4.949999999999991
2025-01-17 11:39:00,49.39236,3.327546,1.6804734054858697,10.387736,7.75463,67.70829999999998,4.999999999999991
2025-01-17 11:42:00,49.36343,3.3564810000000005,1.6359942544999964,10.387730000000001,7.667829,70.60180000000003,5.049999999999991
2025-01-17 11:45:00,46.7882,3.2696759999999996,1.6358851847219473,10.271995,7.667819,65.97230000000002,5.099999999999991
2025-01-17 11:48:00,43.57639,3.298611,1.5907160005589644,10.271989999999999,7.5810189999999995,63.94679999999997,5.149999999999991
2025-01-17 11:51:00,39.40972,3.327546,1.5714930877484594,10.271985999999998,7.52315,59.89580000000001,5.19999999999999
2025-01-17 11:54:00,41.57986,3.616897,1.5663293501624043,10.387736,7.262729,61.05330000000001,5.24999999999999
2025-01-17 11:57:00,45.74653,3.703703,1.5584647139445278,10.503471999999999,7.262729,62.5001,5.29999999999999
2025-01-17 12:00:00,45.68866,3.6458329999999997,1.5745441216718623,10.503477,7.349534,59.89580000000001,5.34999999999999
2025-01-17 12:03:00,48.3507,3.6458329999999997,1.5745551096917865,10.445597,7.291664000000001,58.44900000000001,5.39999999999999
2025-01-17 12:06:00,46.75926,3.5879630000000002,1.5581103604940332,10.416662,7.320599,63.657400000000024,5.4499999999999895
2025-01-17 12:09:00,48.78472,3.6747680000000003,1.6142418940877594,10.329862,7.175924,63.3681,5.499999999999989
2025-01-17 12:12:00,44.15509,3.5879630000000002,1.5892690540598675,10.300922,7.233798999999999,60.76390000000001,5.549999999999989
2025-01-17 12:15:00,43.08449,3.6458329999999997,1.5091467339191147,10.271987,7.060184,61.053200000000004,5.599999999999989
2025-01-17 12:18:00,44.15509,3.6458329999999997,1.5423155932887744,10.243057,7.060184,60.18520000000001,5.649999999999989
2025-01-17 12:21:00,46.73032,3.501157,1.5333234421330155,10.127316,7.118059,63.0787,5.699999999999989
2025-01-17 12:24:00,45.71759,3.3854170000000003,1.5599927910926112,10.040506,7.204859,65.10410000000002,5.7499999999999885
2025-01-17 12:27:00,47.30903,3.327546,1.5714930877484594,10.011569999999999,7.262734000000001,66.84029999999998,5.799999999999988
2025-01-17 12:30:00,49.33449,3.5590269999999995,1.5498639804361627,10.214116,7.146989,61.63190000000003,5.849999999999988
2025-01-17 12:33:00,52.5463,3.530092,1.5416018309029762,10.243056,7.204864000000001,65.68280000000001,5.899999999999988
2025-01-17 12:36:00,48.29282,3.530093,1.5725218559319998,10.271992000000001,7.262729,61.05330000000001,5.949999999999988
2025-01-17 12:39:00,46.73032,3.616898,1.5663405825280723,10.387732,7.262734000000001,57.87039999999999,5.999999999999988
2025-01-17 12:42:00,45.25463,3.7615729999999994,1.540902403412895,10.445597,7.118054000000001,59.60649999999998,6.049999999999987
2025-01-17 12:45:00,46.26736,3.6747680000000003,1.5171073943821378,10.358797,7.118059,63.94679999999997,6.099999999999987
2025-01-17 12:48:00,43.60532,3.6458329999999997,1.5745551096917845,10.358797,7.204864,58.448999999999984,6.149999999999987
2025-01-17 12:51:00,43.6632,3.616898,1.5342296511179616,10.300922,7.146994,59.89580000000001,6.199999999999987
2025-01-17 12:54:00,45.16782,3.6747680000000003,1.6142526389325405,10.300922,7.146993999999999,61.632000000000005,6.249999999999987
2025-01-17 12:57:00,45.13889,3.616898,1.56634058252807,10.214122,7.089124,62.21070000000003,6.2999999999999865
2025-01-17 13:00:00,45.71759,3.3854170000000003,1.5599927910926112,10.040506,7.204859,66.26160000000002,6.349999999999986
2025-01-17 13:03:00,46.20949,3.2696759999999996,1.5539955909223453,9.83796,7.146994,65.68280000000001,6.399999999999986
2025-01-17 13:06:00,45.74653,3.211805,1.5364204354614361,9.751154,7.118059,66.55089999999998,6.449999999999986
2025-01-17 13:09:00,54.07986,3.5011579999999993,1.533323728518734,9.98264,6.973382000000001,67.12960000000001,6.499999999999986
2025-01-17 13:12:00,54.07986,3.3564809999999996,1.5802134241641763,9.924765,7.146993999999999,68.57649999999998,6.549999999999986
2025-01-17 13:15:00,56.68403,3.4432869999999998,1.6062638253559782,10.040506,7.175928999999999,69.73379999999997,6.599999999999985
2025-01-17 13:18:00,61.40046,3.6458329999999997,1.6365365443763285,10.271986,7.175923000000001,72.62730000000002,6.649999999999985
2025-01-17 13:21:00,63.97569,3.6747689999999995,1.6749554389065557,10.358792,7.262733000000001,74.36339999999998,6.699999999999985
2025-01-17 13:24:00,56.68403,3.414352,1.7078142388352275,10.416661999999999,7.696759999999999,73.49529999999999,6.749999999999985
2025-01-17 13:27:00,51.96759,3.501157,1.7079092835585628,10.561347,7.725689999999999,67.41899999999998,6.799999999999985
2025-01-17 13:30:00,50.92593,3.4722229999999996,1.6989835205211616,10.503472,7.696759,65.97220000000002,6.8499999999999845
2025-01-17 13:33:00,51.99653,3.501157,1.6803530175719057,10.648150999999999,7.783564,67.9976,6.899999999999984
2025-01-17 13:36:00,53.50116,3.3854170000000003,1.6720628427613662,10.561346,7.841439,70.8912,6.949999999999984
2025-01-17 13:39:00,54.02199,3.414351999999999,1.7340890853494253,10.561346,7.870374000000001,74.36340000000001,6.999999999999984
2025-01-17 13:42:00,55.12153,3.587961999999999,1.7067625471544432,10.706016,7.754634000000001,72.91669999999999,7.049999999999984
2025-01-17 13:45:00,54.1088,3.6747679999999994,1.7611487867109354,10.850691999999999,7.841434000000001,70.89120000000003,7.099999999999984
2025-01-17 13:48:00,61.34259,3.790509,1.7386346019099923,10.937497,7.754628,74.36340000000001,7.1499999999999835
2025-01-17 13:51:00,61.83449,3.6458329999999997,1.7523217499547135,10.879627,7.899304000000001,68.28710000000001,7.199999999999983
2025-01-17 13:54:00,67.10069,3.6747680000000003,1.7611487867109357,10.908562,7.899304000000001,74.65270000000001,7.249999999999983
2025-01-17 13:57:00,64.95949,3.6458330000000005,1.7242742470153998,10.966432000000001,7.957178999999999,70.6018,7.299999999999983
2025-01-17 14:00:00,64.00463,3.5879630000000002,1.7619536324841316,10.850692,7.957179,72.33790000000002,7.349999999999983
2025-01-17 14:03:00,59.78009,3.616898,1.770911532132226,10.908562,7.986114,74.65280000000001,7.399999999999983
2025-01-17 14:06:00,65.53819,3.6458329999999997,1.7798513472912116,10.879627,7.928243999999999,75.52080000000004,7.449999999999982
2025-01-17 14:09:00,62.41319,3.530092,1.77063597376886,10.763886,7.957174,75.81030000000001,7.499999999999982
2025-01-17 14:12:00,63.94676,3.4432869999999998,1.769186957269877,10.677081000000001,7.986114,79.86110000000002,7.549999999999982
2025-01-17 14:15:00,63.94676,3.4722219999999995,1.7784170992577817,10.677086,7.957174,78.12500000000003,7.599999999999982
2025-01-17 14:18:00,66.08796,3.4722220000000004,1.8040191112141246,10.734950999999999,8.043979,78.41430000000003,7.649999999999982
2025-01-17 14:21:00,61.83449,3.414352,1.7853393136806412,10.734950999999999,8.101849000000001,77.25699999999998,7.6999999999999815
2025-01-17 14:24:00,70.19676,3.703703,1.7417068030726703,10.821760999999999,7.754628,78.125,7.749999999999981
2025-01-17 14:27:00,75.9838,3.616897,1.7978453577613516,10.821756,7.928239000000001,78.7037,7.799999999999981
2025-01-17 14:30:00,72.33796,3.5590279999999996,1.8060255004224108,10.908562,8.101854,74.65280000000001,7.849999999999981
2025-01-17 14:33:00,74.36343,3.616898,1.7978456702507482,10.966436999999999,8.072918999999999,76.67830000000001,7.899999999999981
2025-01-17 14:36:00,67.59259,3.4722219999999995,1.8040191112141242,10.879627,8.188655,79.2824,7.949999999999981
2025-01-17 14:39:00,65.45139,3.501157,1.7876363042162762,10.850697,8.101849999999999,76.0995,7.9999999999999805
2025-01-17 14:42:00,63.94676,3.530093,1.7706362881988293,10.734952,7.9282390000000005,75.81020000000001,8.049999999999981
2025-01-17 14:45:00,66.08796,3.5590269999999995,1.7797245204513608,10.706015999999998,7.870369,77.54629999999997,8.099999999999982
2025-01-17 14:48:00,67.6794,3.414352,1.7853393136806412,10.648146,8.015044000000001,77.5463,8.149999999999983
2025-01-17 14:51:00,65.56713,3.414352,1.7599189811697915,10.619216000000002,7.957174,78.99310000000003,8.199999999999983
2025-01-17 14:54:00,63.94676,3.3854169999999995,1.75064841019596,10.648146,8.015049,79.8612,8.249999999999984
2025-01-17 14:57:00,55.6713,3.327546,1.732027327239799,10.706016,8.13079,73.78470000000002,8.299999999999985
2025-01-17 15:00:00,58.27546,3.616898,1.7155175124896795,10.937501999999999,7.957174,69.15500000000003,8.349999999999985
2025-01-17 15:03:00,66.03009,3.8483789999999996,1.7257793227918214,10.995367,7.7256979999999995,69.44439999999997,8.399999999999986
2025-01-17 15:06:00,65.01736,3.6458329999999997,1.7523217499547135,10.879627,7.899304000000001,74.36340000000001,8.449999999999987
2025-01-17 15:09:00,69.21296,3.6458329999999997,1.7242742470153998,10.937497,7.928243999999999,72.338,8.499999999999988
2025-01-17 15:12:00,67.12963,3.6458329999999997,1.7523217499547117,10.937497,7.957174,72.62729999999999,8.549999999999988
2025-01-17 15:15:00,71.2963,3.616898,1.7434771471125743,10.908562,7.957174,76.0995,8.599999999999989
2025-01-17 15:18:00,65.56713,3.3854169999999995,1.75064841019596,10.734952,8.101855,78.70360000000002,8.64999999999999
2025-01-17 15:21:00,68.1713,3.587962,1.7619439621116164,10.706021,7.812499000000001,75.23140000000004,8.69999999999999
2025-01-17 15:24:00,62.35532,3.240741,1.7039375315506529,10.474536,7.986115000000001,76.09959999999998,8.749999999999991
2025-01-17 15:27:00,60.32986,3.3564819999999997,1.7156967654263502,10.561346,7.928244,77.5463,8.799999999999992
2025-01-17 15:30:00,59.75116,3.3854170000000003,1.7506484101959603,10.590276,7.957178999999999,72.338,8.849999999999993
2025-01-17 15:33:00,60.87963,3.4722219999999995,1.752401525329533,10.734956,7.986114000000001,72.62730000000002,8.899999999999993
2025-01-17 15:36:00,55.6713,3.3564819999999997,1.7156967654263486,10.619216000000002,7.986114,73.78470000000002,8.949999999999994
2025-01-17 15:39:00,57.20486,3.414351999999999,1.7340890853494235,10.677086,7.986114,73.20599999999999,8.999999999999995
2025-01-17 15:42:00,51.93866,3.4722219999999995,1.7259274379649066,10.734956,7.957174000000001,66.84030000000001,9.049999999999995
2025-01-17 15:45:00,57.69676,3.6458329999999997,1.6956509136868734,10.908562,7.870369,68.86579999999998,9.099999999999996
2025-01-17 15:48:00,60.79282,3.6458329999999997,1.7242644565824357,10.879631999999999,7.870369,67.41900000000001,9.149999999999997
2025-01-17 15:51:00,60.82176,3.5590279999999996,1.697980792518771,10.850692,7.928243999999999,68.5764,9.199999999999998
2025-01-17 15:54:00,59.31713,3.5011579999999993,1.6803629409734773,10.850692,7.986114,69.4445,9.249999999999998
2025-01-17 15:57:00,64.52546,3.616898,1.6870042277433195,10.821760999999999,7.8125029999999995,73.78470000000002,9.299999999999999
2025-01-17 16:00:00,65.07523,3.298611,1.7226854799245763,10.561340000000001,8.015049,70.8912,9.35
2025-01-17 16:03:00,62.41319,3.298611,1.7226854799245763,10.561340000000001,8.015049,77.257,9.4
2025-01-17 16:06:00,60.32986,3.2407400000000006,1.6786638827422582,10.474540000000001,7.95718,76.09949999999998,9.450000000000001
2025-01-17 16:09:00,58.76736,3.3854170000000003,1.7506395874635097,10.619216000000002,7.986109,70.3126,9.500000000000002
2025-01-17 16:12:00,56.71296,3.327546,1.732027327239799,10.67708,8.101854,73.78470000000002,9.550000000000002
2025-01-17 16:15:00,58.18866,3.4432859999999996,1.7432548540400437,10.734950000000001,8.015044,73.78469999999999,9.600000000000003
2025-01-17 16:18:00,56.16319,3.3564819999999997,1.7665769768099973,10.648146,8.072914,75.52080000000001,9.650000000000004
2025-01-17 16:21:00,56.13426,3.4432869999999998,1.7432551704796857,10.763886,8.043979,76.09960000000001,9.700000000000005
2025-01-17 16:24:00,54.57176,3.4722219999999995,1.752401525329533,10.821756,8.072914,70.31249999999997,9.750000000000005
2025-01-17 16:27:00,58.76736,3.703704,1.7417071038911671,10.937502,7.870368000000001,70.89120000000003,9.800000000000006
2025-01-17 16:30:00,64.52546,3.703704,1.712894022747115,10.879631999999999,7.783567999999999,69.1551,9.850000000000007
2025-01-17 16:33:00,70.28356,3.6458329999999997,1.7242742470153998,10.821756,7.8125029999999995,67.70830000000001,9.900000000000007
2025-01-17 16:36:00,65.01736,3.298611,1.7226767536096377,10.706021,8.15972,68.86569999999998,9.950000000000008
2025-01-17 16:39:00,58.73843,3.2986109999999993,1.7477297346046652,10.648146,8.130785,70.8912,10.000000000000009
2025-01-17 16:42:00,63.42593,3.385416,1.7249027136679058,10.619209999999999,7.957174,75.81019999999998,10.05000000000001
2025-01-17 16:45:00,57.20486,3.211805,1.6945219303973886,10.445604,7.986109,74.07409999999999,10.10000000000001
2025-01-17 16:48:00,56.62616,3.1539350000000006,1.675641945141716,10.387734000000002,7.986109,72.33790000000002,10.150000000000011
2025-01-17 16:51:00,57.75463,3.125,1.666167991698651,10.329864,7.957174,76.38889999999998,10.200000000000012
2025-01-17 16:54:00,52.51736,3.1828699999999994,1.6851017558096275,10.300924,7.870374,72.33799999999997,10.250000000000012
2025-01-17 16:57:00,52.98032,3.0960650000000003,1.681067545251684,10.300924,7.986109,71.4699,10.300000000000013
2025-01-17 17:00:00,48.81366,3.0960650000000003,1.6566794948502186,10.358794,8.015049,68.86570000000003,10.350000000000014
2025-01-17 17:03:00,48.3507,3.1828699999999994,1.6600197612935117,10.416664,7.957174000000001,67.99769999999998,10.400000000000015
2025-01-17 17:06:00,54.60069,3.4432859999999996,1.6900285710786582,10.590274999999998,7.812499000000001,66.26160000000002,10.450000000000015
2025-01-17 17:09:00,56.71296,3.5879629999999993,1.7346147787408552,10.706015999999998,7.783563000000001,71.75919999999999,10.500000000000016
2025-01-17 17:12:00,51.96759,3.3564810000000005,1.7156964469036284,10.677081000000001,8.043980000000001,67.41890000000004,10.550000000000017
2025-01-17 17:15:00,49.9132,3.4432869999999998,1.7168759536554592,10.734956,7.986109000000001,67.99769999999998,10.600000000000017
2025-01-17 17:18:00,48.81366,3.501157,1.6522441353765556,10.734956,7.841439,65.68289999999999,10.650000000000018
2025-01-17 17:21:00,47.77199,3.414352,1.653798341626601,10.677081000000001,7.899309000000001,63.657400000000024,10.700000000000019
2025-01-17 17:24:00,45.74653,3.3854170000000003,1.6720628427613662,10.648146,7.9282390000000005,62.5,10.75000000000002
2025-01-17 17:27:00,41.55093,3.1828709999999996,1.6345193248943353,10.445599999999999,7.957179,57.00230000000002,10.80000000000002
2025-01-17 17:30:00,38.94676,3.0671299999999997,1.5457625523507093,10.271994,7.8414340000000005,57.00229999999999,10.850000000000021
2025-01-17 17:33:00,39.49653,2.8935189999999995,1.5409189022198555,10.069448,7.870369,58.449100000000016,10.900000000000022
2025-01-17 17:36:00,37.38426,2.922453,1.499841549995359,10.011576999999999,7.725694000000001,54.39809999999997,10.950000000000022
2025-01-17 17:39:00,33.73843,2.835648,1.4720085761041668,9.953707000000001,7.7546289999999996,54.3982,11.000000000000023
2025-01-17 17:42:00,36.34259,2.9803239999999995,1.4653061825682079,10.040507999999999,7.6388940000000005,51.21519999999998,11.050000000000024
2025-01-17 17:45:00,33.73843,3.038194,1.4832017585233703,10.069443,7.609948999999999,52.95139999999998,11.100000000000025
2025-01-17 17:48:00,30.58449,2.9803240000000004,1.4652968351768108,10.127314,7.725689999999999,50.34719999999999,11.150000000000025
2025-01-17 17:51:00,30.58449,3.125,1.4534110567499163,10.271989999999999,7.66782,49.47920000000002,11.200000000000026
2025-01-17 17:54:00,30.58449,3.327546,1.4523736210863754,10.358795,7.494209000000001,48.61109999999999,11.250000000000027
2025-01-17 17:57:00,30.64236,3.327547,1.5134095873824045,10.358796000000002,7.552079000000001,48.61110000000002,11.300000000000027
2025-01-17 18:27:00,30.41088,1.273148,1.4926833399168797,8.535884,8.998846,41.66669999999999,11.300000000000027
2025-01-17 18:30:00,41.98495,2.054398,1.3168106145157599,9.374999,8.101851,53.240700000000004,11.300000000000027
2025-01-17 18:33:00,39.20718,3.7326390000000007,1.1600281962266894,9.982639,6.42361,46.875,11.300000000000027
2025-01-17 20:09:00,96.96181,0.14467600000000047,1.269968983755442,3.5879640000000004,7.95718,87.963,11.300000000000027
2025-01-17 20:12:00,85.32986,0.08680599999999927,1.2347514538685305,3.038194,8.07292,89.40969999999999,11.300000000000027
2025-01-18 10:12:00,100.0,0.14467600000000047,0.9043686705644315,2.633102,5.32407,87.6736,11.300000000000027
2025-01-20 07:36:00,35.79282,3.3854159999999993,0.2251691906518276,5.439817999999999,2.0544019999999996,36.16900000000001,11.300000000000027
2025-01-20 07:54:00,30.09259,3.1828700000000003,0.670961809624438,5.9027780000000005,2.7488379999999992,35.879700000000014,11.300000000000027
2025-01-20 07:57:00,36.86343,3.1539349999999997,0.7743666354002822,6.307868,3.2118029999999997,38.194500000000005,11.350000000000028
2025-01-20 08:00:00,40.50926,3.124998999999999,0.768901888251161,6.336803,3.269674,39.6412,11.400000000000029
2025-01-20 08:03:00,37.90509,3.009259,0.7469539094916605,6.423608000000001,3.472219,40.509299999999996,11.45000000000003
2025-01-20 08:06:00,58.7963,3.616897999999999,0.8606756493498076,6.915512999999999,3.356485000000001,36.45832,11.50000000000003
2025-01-20 08:09:00,72.88773,3.385416,0.9685410876796751,7.4652780000000005,4.195601999999999,36.74771,11.550000000000031
2025-01-20 08:12:00,82.78356,3.298611,0.8829635914509851,7.581017999999999,4.369216999999999,37.615750000000006,11.600000000000032
2025-01-20 08:15:00,49.36343,2.228009,1.0693160173277059,7.233797999999999,5.410879,39.9306,11.650000000000032
2025-01-20 08:18:00,51.99653,2.8645829999999997,1.046676186884392,7.349538,4.716435,44.27090000000001,11.700000000000033
2025-01-20 08:21:00,37.38426,2.7777779999999996,1.0634743420700976,7.291668,4.77431,50.05789999999996,11.750000000000034
2025-01-20 08:24:00,36.86343,3.038193999999999,1.09018878549805,7.465278,4.658564,50.92590000000001,11.800000000000034
2025-01-20 08:27:00,41.55093,3.038193999999999,1.0008489770262272,7.378468,4.5138940000000005,49.76850000000002,11.850000000000035
2025-01-20 08:30:00,42.07176,2.9803239999999995,1.0757464613009118,7.465278,4.716434,48.321799999999996,11.900000000000036
2025-01-20 08:33:00,43.08449,3.038194,1.047125390929799,7.754627999999999,4.918984,49.47919999999999,11.950000000000037
2025-01-20 08:36:00,58.76736,3.414352,1.034290181668616,7.899308,4.629626,47.453599999999994,12.000000000000037
2025-01-20 08:39:00,71.81713,3.414351,1.137004474938678,8.043982999999999,4.832172,47.1644,12.050000000000038
2025-01-20 08:42:00,80.12153,3.1539339999999996,1.0750074267507819,8.043982999999999,5.092589,47.45375,12.100000000000039
2025-01-20 08:45:00,74.39236,2.7777779999999996,1.1688490984877447,7.986113,5.555555,53.53009999999999,12.15000000000004
2025-01-20 08:48:00,49.9132,2.4884259999999996,1.176434543549286,7.899303,5.844907,50.34719999999999,12.20000000000004
2025-01-20 08:51:00,43.6632,2.8935179999999994,1.1667066557679626,8.072913,5.497685,48.32169999999999,12.25000000000004
2025-01-20 08:54:00,40.48032,2.8935180000000003,1.130986896616296,8.101848,5.4976899999999995,52.9513,12.300000000000042
2025-01-20 08:57:00,43.6632,3.124999,1.2642196790400466,8.246528000000001,5.468749000000001,52.08330000000001,12.350000000000042
2025-01-20 09:00:00,43.6632,2.951389,1.2168615638839766,8.391203,5.787034,52.372600000000006,12.400000000000043
2025-01-20 09:03:00,48.29282,3.0092589999999992,1.2986186510202167,8.593753,5.989584000000001,58.449100000000016,12.450000000000044
2025-01-20 09:06:00,46.26736,2.8935189999999995,1.2964377480268359,8.622688,6.1631990000000005,60.47459999999998,12.500000000000044
2025-01-20 09:09:00,44.70486,2.922453999999999,1.3348516361763805,8.709488,6.250004,56.42360000000002,12.550000000000045
2025-01-20 09:12:00,43.08449,2.951389,1.313234159283409,8.940968000000002,6.423609000000001,53.81949999999998,12.600000000000046
2025-01-20 09:15:00,44.61805,3.124998999999999,1.3631553540891892,9.114583,6.423614000000001,53.819500000000005,12.650000000000047
2025-01-20 09:18:00,52.5463,3.124999,1.3631553540891894,9.085647999999999,6.394679,55.844899999999996,12.700000000000047
2025-01-20 09:21:00,49.9132,3.009259,1.3299511541310804,9.085647999999999,6.510419,55.5556,12.750000000000048
2025-01-20 09:24:00,57.14699,3.038195,1.3382808303994154,8.854167,6.250002,60.76389999999998,12.800000000000049
2025-01-20 09:27:00,68.63426,2.517361,1.293221353934749,8.304399,6.3368079999999996,59.89580000000001,12.85000000000005
2025-01-20 09:30:00,59.23032,2.922453,1.4201924261400825,9.143518,6.770835000000001,61.632000000000005,12.90000000000005
2025-01-20 09:33:00,66.6088,3.298609999999999,1.4440975148405923,9.577544,6.741894,62.2106,12.95000000000005
2025-01-20 09:36:00,74.4213,3.385416,1.4688738179637428,9.837964,6.915507999999999,61.9213,13.000000000000052
2025-01-20 09:39:00,84.34606,3.327546000000001,1.4833009484564208,9.693284000000002,6.857638,60.76389999999999,13.050000000000052
2025-01-20 09:42:00,87.5,3.1539349999999997,1.4620394111599653,9.461808000000001,6.828703000000001,67.1297,13.100000000000053
2025-01-20 09:45:00,93.75,3.125,1.4534110567499163,9.461808,6.857638,66.55089999999998,13.150000000000054
2025-01-20 09:48:00,74.39236,2.6041659999999993,1.5585213240320785,9.259262999999999,7.494217000000001,72.91669999999999,13.200000000000054
2025-01-20 09:51:00,91.57986,3.3564810000000005,1.491680876165244,9.780089,6.915507999999999,64.23610000000001,13.250000000000055
2025-01-20 09:54:00,92.62153,3.1828700000000003,1.5276033858439184,9.83796,7.2338,74.94220000000001,13.300000000000056
2025-01-20 09:57:00,73.81366,3.125001,1.5902206684019418,9.924766000000002,7.465275,68.5764,13.350000000000056
2025-01-20 10:00:00,67.12963,3.2696759999999996,1.6091332285271323,10.069446,7.4363399999999995,64.2361,13.400000000000057
2025-01-20 10:03:00,62.96296,3.501157,1.5333234421330155,10.243051000000001,7.233794,57.00229999999999,13.450000000000058
2025-01-20 10:06:00,82.75463,4.050926,1.5461737196984384,10.503471000000001,6.828705000000001,59.317200000000014,13.500000000000059
2025-01-20 10:09:00,100.0,4.6875,1.5316732693570914,10.706016,6.278936,66.8403,13.55000000000006
2025-01-20 10:12:00,84.83796,3.3854169999999995,1.6720628427613642,10.329862,7.609955,73.78480000000002,13.60000000000006
2025-01-20 10:15:00,82.66782,3.587961999999999,1.649323912831474,10.329856,7.320604000000001,69.7338,13.65000000000006
2025-01-20 10:18:00,86.95023,3.4722219999999995,1.643509919281445,10.185186000000002,7.320604000000001,75.52079999999998,13.700000000000061
2025-01-20 10:21:00,93.75,3.616898,1.6578743832298917,10.300926,7.262728000000001,77.5463,13.750000000000062
2025-01-20 10:24:00,100.0,3.501157,1.6522441353765556,10.300926,7.4074089999999995,76.96759999999999,13.800000000000063
2025-01-20 10:27:00,98.84259,3.3854170000000003,1.672053544947241,10.271996000000001,7.552079,79.8611,13.850000000000064
2025-01-20 10:30:00,100.0,3.616898,1.6870042277433195,10.445606000000002,7.436348000000001,75.23150000000001,13.900000000000064
2025-01-20 10:33:00,100.0,3.5590280000000005,1.7257344414475717,10.416666,7.523147999999999,84.49069999999999,13.950000000000065
2025-01-20 10:36:00,100.0,3.4722210000000002,1.75240120956771,10.32986,7.5810189999999995,85.3588,14.000000000000066
2025-01-20 10:39:00,98.84259,3.327546,1.757163896472487,10.271989999999999,7.725694,88.54169999999999,14.050000000000066
2025-01-20 10:42:00,95.8044,3.3854169999999995,1.8254624844936402,10.358795999999998,7.812499000000001,90.56709999999998,14.100000000000067
2025-01-20 10:45:00,86.37153,3.327546,1.78191208686117,10.387736,7.870369999999999,89.40969999999999,14.150000000000068
2025-01-20 10:48:00,80.70023,3.414352,1.8103566490416765,10.474542,7.87037,85.9375,14.200000000000069
2025-01-20 10:51:00,80.70023,3.5879630000000002,1.8151776011906904,10.590282,7.7546289999999996,89.98839999999998,14.25000000000007
2025-01-20 10:54:00,80.15046,3.587962,1.73461447214611,10.503471000000001,7.5810189999999995,87.09490000000002,14.30000000000007
2025-01-20 10:57:00,100.0,2.6909720000000004,1.497723190876498,8.70949,6.741897999999999,90.27779999999998,14.35000000000007
2025-01-20 11:00:00,100.0,2.517364999999999,1.2672045607081504,7.436345,5.439810000000001,91.43519999999998,14.400000000000071
2025-01-20 11:03:00,100.0,2.951389,1.4290845347212207,8.333331000000001,5.931712000000001,89.40970000000002,14.450000000000072
2025-01-20 11:06:00,100.0,3.240741,1.5729647090026146,9.230326999999999,6.597225999999999,87.96300000000002,14.500000000000073
2025-01-20 11:09:00,100.0,3.5011579999999993,1.6235406244071826,9.664349999999999,6.741902,83.33330000000001,14.550000000000074
2025-01-20 11:12:00,100.0,3.9351849999999997,1.622493215169365,10.040506,6.568291,80.72919999999999,14.600000000000074
2025-01-20 11:15:00,100.0,4.195602000000001,1.621484120191915,10.300927,6.510415,79.5717,14.650000000000075
2025-01-20 11:18:00,100.0,4.166667,1.6503270065712936,10.474532,6.741895000000001,80.15050000000001,14.700000000000076
2025-01-20 11:21:00,100.0,4.195602,1.6214841201919146,10.532407,6.741895000000001,83.044,14.750000000000076
2025-01-20 11:24:00,100.0,4.224537000000001,1.6657547808931752,10.445597,6.6550899999999995,83.912,14.800000000000077
2025-01-20 11:27:00,100.0,4.311342000000001,1.688806549167197,10.445597,6.5682849999999995,82.17590000000001,14.850000000000078
2025-01-20 11:30:00,100.0,4.369212999999999,1.6282748994677874,10.532402999999999,6.539350000000001,82.17590000000001,14.900000000000079
2025-01-20 11:33:00,100.0,4.600694,1.726691937017607,10.590283,6.394679,80.43980000000002,14.95000000000008
2025-01-20 11:36:00,100.0,4.513889,1.70432807937651,10.590283,6.481484,83.04400000000001,15.00000000000008
2025-01-20 11:39:00,100.0,4.311342000000001,1.6887939571059165,10.561347000000001,6.684024999999998,80.43980000000002,15.05000000000008
2025-01-20 11:42:00,100.0,4.369214,1.5882286582236345,10.561342,6.539347999999999,74.3634,15.100000000000081
2025-01-20 11:45:00,100.0,4.427084,1.6430573368246266,10.503471999999999,6.452548,73.4954,15.150000000000082
2025-01-20 11:48:00,100.0,4.2534719999999995,1.559052400684245,10.445602000000001,6.539350000000001,74.65279999999998,15.200000000000083
2025-01-20 11:51:00,100.0,3.125,1.6412873517071378,9.982642,7.581021999999999,74.36349999999999,15.250000000000083
2025-01-20 11:54:00,100.0,3.2986109999999993,1.6181129187542176,10.040506,7.378475,75.5209,15.300000000000084
2025-01-20 11:57:00,100.0,3.4722219999999995,1.6715168389249373,10.069446,7.233794000000001,75.5208,15.350000000000085
2025-01-20 12:00:00,100.0,3.327545999999999,1.6540184346200129,10.040506,7.378470000000002,74.9422,15.400000000000086
2025-01-20 12:03:00,100.0,3.240741,1.6001520895338195,10.040506,7.436344999999999,76.38879999999999,15.450000000000086
2025-01-20 12:06:00,100.0,3.2986109999999993,1.6449665128479536,10.040506,7.407405000000001,75.8102,15.500000000000087
2025-01-20 12:09:00,100.0,3.3854159999999993,1.6171973558638402,10.040506,7.262730000000001,76.6782,15.550000000000088
2025-01-20 12:12:00,100.0,3.1828699999999994,1.6600197612935117,9.895836,7.436346,82.17589999999998,15.600000000000088
2025-01-20 12:15:00,99.45023,2.7199079999999993,1.664853960472618,9.635422,7.8414340000000005,88.54169999999999,15.65000000000009
2025-01-20 12:18:00,97.80093,2.7777779999999996,1.7071059098268129,9.693292,7.870374,89.40980000000002,15.70000000000009
2025-01-20 12:21:00,94.76273,2.719908,1.7280042847927795,9.693287,7.986109000000001,88.25230000000002,15.75000000000009
2025-01-20 12:24:00,95.25463,2.8935180000000003,1.7268193564403707,9.809027,7.841438999999999,90.27779999999998,15.800000000000091
2025-01-20 12:27:00,100.0,2.8645829999999997,1.6945463576307176,9.837962,7.870369,85.3588,15.850000000000092
2025-01-20 12:30:00,100.0,2.8935180000000003,1.704710741689904,9.982637,7.986108999999999,83.62270000000001,15.900000000000093
2025-01-20 12:33:00,100.0,2.922454,1.6923595145920531,9.924771999999999,7.870368000000001,84.4907,15.950000000000093
2025-01-20 12:36:00,100.0,2.806711999999999,1.6741322529462623,9.809026,7.899304000000001,78.993,16.000000000000092
2025-01-20 12:39:00,98.9294,2.604166,1.6850181821206,9.664356,8.07292,83.62270000000001,16.050000000000093
2025-01-20 12:42:00,92.59259,2.604166,1.6850181821206012,9.635416,8.043980000000001,87.963,16.100000000000094
2025-01-20 12:45:00,89.98843,2.748842,1.6966461008319886,9.693286,7.899304000000001,84.2014,16.150000000000095
2025-01-20 12:48:00,84.83796,2.6620369999999998,1.68594536758844,9.664356,7.986109000000001,87.095,16.200000000000095
2025-01-20 12:51:00,79.57176,2.6620369999999998,1.685952537544748,9.635416,7.957179,79.57180000000002,16.250000000000096
2025-01-20 12:54:00,75.4919,2.6620369999999998,1.68594536758844,9.664356,7.986109000000001,82.17599999999999,16.300000000000097
2025-01-20 12:57:00,78.09606,2.806711999999999,1.6520152342721954,9.693286,7.754634000000001,76.6782,16.350000000000097
2025-01-20 13:00:00,83.3044,2.748842,1.6966461008319886,9.664356,7.870374,83.04399999999998,16.400000000000098
2025-01-20 13:03:00,73.32176,2.604166,1.6645694874259567,9.635416,8.015049999999999,84.4907,16.4500000000001
2025-01-20 13:06:00,79.13773,2.9803239999999995,1.642459131369659,9.866902,7.667828,72.62729999999999,16.5000000000001
2025-01-20 13:09:00,91.05903,3.125,1.6906594218116802,9.866902,7.523152,77.8356,16.5500000000001
2025-01-20 13:12:00,100.0,3.1828699999999994,1.6600197612935117,9.866902,7.407412000000001,83.9121,16.6000000000001
2025-01-20 13:15:00,100.0,3.2986120000000003,1.6972225968314876,9.982642,7.407409999999999,79.57169999999999,16.6500000000001
2025-01-20 13:18:00,100.0,3.7615739999999995,1.6072599907558933,10.214116,6.9444420000000004,80.43969999999999,16.700000000000102
2025-01-20 13:21:00,100.0,3.703704,1.6834660447903396,10.214116,7.089122,78.125,16.750000000000103
2025-01-20 13:24:00,100.0,3.7615739999999995,1.700428430039276,10.358796,7.175922000000002,82.17590000000001,16.800000000000104
2025-01-20 13:27:00,100.0,3.501158,1.7615286985693541,10.358792,7.581014,85.9375,16.850000000000104
2025-01-20 13:30:00,100.0,3.7615739999999995,1.7590819870362813,10.387732,7.262727999999999,86.5162,16.900000000000105
2025-01-20 13:33:00,100.0,3.9641210000000004,1.7283146512365517,10.590277,7.175925999999999,82.4652,16.950000000000106
2025-01-20 13:36:00,100.0,4.832172000000001,1.6135717558771385,10.908562,6.36575,73.78469999999999,17.000000000000107
2025-01-20 13:39:00,100.0,5.063662,1.668053866784776,10.937502000000002,6.16319,67.99759999999999,17.050000000000107
2025-01-20 13:42:00,100.0,5.324077000000001,1.504586528329726,10.966436999999999,5.815969999999998,64.52539999999999,17.100000000000108
2025-01-20 13:45:00,100.0,5.3819420000000004,1.516700886238452,10.937501999999999,5.729169999999998,70.0231,17.15000000000011
2025-01-20 13:48:00,100.0,5.324076,1.566673004583951,10.850696000000001,5.72916,69.7339,17.20000000000011
2025-01-20 13:51:00,100.0,5.295135999999999,1.61775752144005,10.908565999999999,5.8449100000000005,72.6273,17.25000000000011
2025-01-20 13:54:00,100.0,5.468752,1.5978455377738685,10.966432000000001,5.7002299999999995,70.31249999999999,17.30000000000011
2025-01-20 13:57:00,100.0,5.729172,1.5180220068692771,11.111111999999999,5.526619999999999,65.3936,17.35000000000011
2025-01-20 14:00:00,100.0,5.873842,1.5468614773527518,11.168982,5.439820000000001,72.0487,17.400000000000112
2025-01-20 14:03:00,100.0,5.844905999999999,1.6127632049340845,11.140046000000002,5.468750000000002,73.49539999999999,17.450000000000113
2025-04-27 01:21:00,100.0,2.9803249999999997,3.26112370157154,0.0,0.5787019999999998,25.173599999999965,17.450000000000113
2025-04-27 01:24:00,100.0,2.9803249999999997,3.26112370157154,0.0,0.5787019999999998,25.462999999999965,17.450000000000113
2025-04-27 01:30:00,100.0,2.95139,3.2457353441804715,-0.02893499999999971,0.5787019999999998,25.752300000000048,17.450000000000113
2025-04-27 01:33:00,100.0,2.9803249999999997,3.26112370157154,0.0,0.5787019999999998,25.75229999999999,17.450000000000113
2025-04-27 01:36:00,100.0,2.9803249999999997,3.26112370157154,0.0,0.5787019999999998,26.04159999999996,17.450000000000113
2025-04-27 01:39:00,100.0,2.9803249999999997,3.247457294312656,0.02893499999999971,0.5787019999999998,26.90979999999996,17.450000000000113
2025-04-27 01:42:00,100.0,2.9803249999999997,3.247457294312656,0.02893499999999971,0.5787019999999998,25.75229999999999,17.450000000000113
2025-04-27 02:03:00,100.0,3.038194,3.277995097134878,0.02893499999999971,0.5208329999999997,24.594899999999996,17.450000000000113
2025-04-27 02:06:00,100.0,3.038194,3.3054631519070656,0.02893499999999971,0.5787040000000001,24.884299999999996,17.500000000000114
2025-04-27 02:09:00,100.0,3.038194,3.3054631519070656,0.02893499999999971,0.5787040000000001,24.88420000000002,17.550000000000114
2025-04-27 02:12:00,100.0,3.038194,3.3054631519070656,0.02893499999999971,0.5787040000000001,24.594899999999996,17.600000000000115
2025-04-27 02:15:00,100.0,3.038194,3.3054631519070656,0.02893499999999971,0.5787040000000001,25.463000000000022,17.650000000000116
2025-04-27 02:18:00,100.0,3.038194,3.3054631519070656,0.02893499999999971,0.5787040000000001,25.17360000000002,17.700000000000117
2025-04-27 02:21:00,100.0,3.038194,3.3054631519070656,0.02893499999999971,0.5787040000000001,25.173699999999997,17.750000000000117
2025-04-27 02:24:00,100.0,3.038194,3.3054631519070656,0.02893499999999971,0.5787040000000001,25.46289999999999,17.800000000000118
2025-04-27 02:27:00,100.0,3.096064,3.322172345968699,0.11573999999999973,0.5787040000000001,26.331000000000017,17.85000000000012
2025-04-27 02:30:00,100.0,3.096064,3.33597235885597,0.08680500000000002,0.5787040000000001,26.331000000000017,17.90000000000012
2025-04-27 02:33:00,100.0,3.096064,3.322172345968699,0.11573999999999973,0.5787040000000001,25.752399999999966,17.95000000000012
2025-04-27 02:36:00,100.0,3.096064,3.33597235885597,0.08680500000000002,0.5787040000000001,26.041600000000017,18.00000000000012
2025-04-27 02:39:00,100.0,3.153936,3.3662884102509176,0.11574099999999987,0.5497680000000003,24.88420000000002,18.05000000000012
2025-04-27 12:00:00,100.0,3.530092,3.784539198252703,0.14467600000000047,0.6655110000000004,24.016199999999998,18.05000000000012
2025-04-28 04:48:00,100.0,3.2696760000000005,3.564869099002485,0.0,0.6076379999999997,24.30559999999997,18.05000000000012
2025-04-28 05:00:00,100.0,3.2696760000000005,3.564869099002485,0.0,0.6076379999999997,26.620300000000043,18.05000000000012
2025-04-28 09:54:00,100.0,-0.08680500000000002,,3.6747690000000004,9.374998000000001,70.89120000000003,18.05000000000012
2025-04-28 09:57:00,100.0,0.5208339999999998,1.0885002659572875,7.436337999999999,8.883104,33.564700000000016,18.05000000000012
2025-04-28 10:03:00,100.0,0.8101849999999997,1.237589135739141,7.667827999999999,8.651623,31.25,18.05000000000012
2025-04-28 10:06:00,100.0,2.430555,1.1865615953307498,9.114584,7.1469890000000005,53.53,18.05000000000012
2025-05-02 18:27:00,50.40509,2.6909719999999995,2.8610732681502307,0.02893599999999985,0.3761580000000002,73.49539999999999,18.05000000000012
2025-05-19 22:57:00,50.37616,2.748843,2.9605569209415066,0.05787100000000045,0.49189800000000083,71.75919999999999,18.05000000000012
2025-05-23 05:00:00,50.37616,0.17361200000000032,0.3464579629226392,0.11574099999999987,0.5497669999999992,55.2662,18.05000000000012
2025-05-23 05:03:00,35.73495,3.038195,3.264207014258445,0.08680500000000002,0.5497669999999992,51.21530000000001,18.05000000000012
2025-06-09 14:00:00,38.91782,0.7523140000000001,1.3487866670407795,7.783567000000001,9.230322999999999,49.18979999999999,18.05000000000012
2025-06-13 08:27:00,44.61805,0.868055,1.332432555614492,8.043979,9.114584,46.5857,18.05000000000012
2025-06-13 08:30:00,40.97222,1.1284720000000004,1.3337375210839846,8.420139,8.854167,44.56019999999998,18.05000000000012
2025-06-13 08:33:00,52.98032,0.4340270000000004,1.158909744375457,6.655088000000001,8.651621,52.08340000000001,18.05000000000012
2025-06-13 08:36:00,50.89699,0.5208339999999998,1.2853943823613379,6.8287059999999995,8.883102000000001,52.37270000000001,18.05000000000012
2025-06-13 08:39:00,40.48032,0.8391200000000003,1.3130436680716702,7.754627999999999,8.854168,46.007000000000005,18.05000000000012
2025-06-13 08:42:00,34.20139,1.3599539999999992,1.38868706817895,8.825236,8.883102000000001,42.82409999999999,18.05000000000012
2025-06-13 08:45:00,31.59722,1.2442129999999993,1.3291331549228447,8.709489999999999,8.883107,43.69210000000001,18.05000000000012
2025-06-13 08:48:00,32.66782,1.0995369999999998,1.2784046264443225,8.391204,8.767357,43.98150000000001,18.05000000000012
2025-06-13 08:51:00,33.15972,1.0995369999999998,1.2784091700956621,8.304394,8.680557,43.402799999999985,18.05000000000012
2025-06-13 09:06:00,30.00578,1.4467600000000003,1.342941153063975,8.767365999999999,8.564816,43.11340000000001,18.05000000000012
2025-06-13 09:12:00,31.59722,1.3888889999999998,1.3450186366205836,8.709495,8.622686,41.37730000000002,18.05000000000012
2025-06-13 09:15:00,33.68055,1.070601,1.3010907436872607,8.275458,8.767357,43.69210000000001,18.05000000000012
2025-06-13 09:18:00,33.68055,1.0995369999999998,1.2915134463902065,8.333333,8.738426,45.717599999999976,18.05000000000012
2025-06-13 09:21:00,36.80555,0.9837959999999999,1.2633529425204653,7.957177000000001,8.564810999999999,44.560100000000006,18.05000000000012
2025-06-13 09:24:00,38.88889,0.7523150000000003,1.1986442404004987,7.465276,8.506941,46.007000000000005,18.05000000000012
2025-06-13 09:27:00,35.21412,0.6655090000000001,1.272960191732096,7.378467,8.883098,49.189899999999966,18.05000000000012
2025-06-13 10:42:00,33.68055,0.49189799999999995,1.1306820628194514,6.799769,8.478011,47.74300000000002,18.05000000000012
2025-06-13 10:45:00,33.70949,0.5208339999999998,1.1745832529514608,6.88657,8.593746,48.321799999999996,18.05000000000012
2025-06-13 11:24:00,31.56828,1.157407,1.283213541917129,8.333338000000001,8.593751,41.66669999999999,18.05000000000012
2025-06-13 11:27:00,30.00578,1.0416659999999993,1.2718036398931345,8.188653,8.680557,43.40280000000001,18.05000000000012
2025-06-13 11:30:00,31.59722,1.2442130000000002,1.3152265424827425,8.535879,8.680556,39.930499999999995,18.05000000000012
2025-06-13 11:33:00,33.15972,1.0995369999999998,1.3045427559709992,8.246523,8.680556,44.56020000000001,18.05000000000012
2025-06-13 11:36:00,31.59722,0.9837959999999999,1.300257446168176,8.072918000000001,8.767361999999999,43.69210000000001,18.05000000000012
2025-06-13 12:00:00,35.70602,1.3020829999999997,1.3308078225823172,7.957179999999999,8.015047000000001,54.1088,18.05000000000012
2025-06-13 12:12:00,35.70602,1.4467590000000001,1.2168777805708801,8.188654,7.754635,53.24080000000001,18.05000000000012
2025-06-13 12:15:00,30.49768,1.6782409999999999,1.1540205061121136,8.535884,7.609953000000001,45.13889999999998,18.05000000000012
2025-06-13 12:18:00,34.11459,1.8807870000000007,1.2112975522365288,8.593754,7.436347,50.92590000000001,18.05000000000012
2025-06-13 12:24:00,31.56828,1.5335649999999994,1.2214500359647162,8.420143,7.841438,48.32170000000002,18.05000000000012
2025-06-13 13:24:00,30.55556,1.0127319999999997,1.3542420856308743,8.535878,9.288196,43.98150000000001,18.05000000000012
2025-06-13 13:36:00,30.55556,1.0127319999999997,1.3052521290612835,8.246528,8.883106,44.56019999999998,18.05000000000012
2025-06-13 13:39:00,33.15972,1.1284720000000004,1.3337375210839846,8.362268,8.796295999999998,45.13899999999998,18.05000000000012
2025-06-13 13:42:00,31.53935,1.0127319999999997,1.2803591457377532,8.275468,8.854166,44.27089999999998,18.05000000000012
2025-06-13 13:45:00,31.07639,1.0416659999999993,1.3097804705546892,8.362273,8.940977,44.27079999999998,18.05000000000012
2025-06-13 13:51:00,31.59722,1.0127319999999997,1.3052521290612835,8.159723,8.796301,45.71760000000003,18.05000000000012
2025-06-13 13:54:00,30.00578,0.9548609999999993,1.270613823520183,8.101848,8.796297000000001,43.402799999999985,18.05000000000012
2025-06-13 13:57:00,30.00578,1.0995369999999998,1.3174903093930423,8.275463,8.738426,45.717600000000004,18.05000000000012
2025-06-13 14:00:00,30.06366,1.0127309999999996,1.2928392926420114,8.188653,8.796292000000001,45.13890000000001,18.05000000000012
2025-06-13 14:21:00,32.11805,1.0995369999999998,1.2915134463902065,8.333333,8.738426,44.849500000000006,18.05000000000012
2025-06-13 14:27:00,31.59722,1.070602,1.3138567059487876,8.246528000000001,8.767356,43.98149999999998,18.05000000000012
2025-06-13 14:33:00,30.00578,0.9837959999999999,1.3124298435841313,8.217588,8.940971999999999,43.402799999999985,18.05000000000012
2025-06-13 17:03:00,31.53935,1.6493060000000002,1.2530097290215312,8.680554,7.957178000000001,48.61109999999999,18.05000000000012
2025-06-13 17:30:00,30.49768,1.2442130000000002,1.011733948977067,6.799764,6.365741,52.951400000000035,18.05000000000012
2025-06-17 08:45:00,36.77662,0.694445,1.2951134286005563,7.523147,8.998842,49.47920000000002,18.05000000000012
2025-06-17 08:48:00,31.10532,0.8969909999999999,1.2940847040851224,7.986108,8.883097,44.84959999999998,18.05000000000012
2025-06-17 08:51:00,30.06366,1.070602,1.326554292245625,8.217588,8.767356,44.849500000000006,18.05000000000012
2025-06-17 09:24:00,31.07639,1.0416669999999995,1.2845342587707829,8.188658,8.709491,45.42829999999998,18.05000000000012
2025-06-17 10:00:00,32.11805,0.983797,1.263357819520617,7.957173,8.564816,44.84959999999998,18.05000000000012
2025-06-17 10:03:00,31.10532,1.1284720000000004,1.2810335679054117,8.217588000000001,8.535876,41.95600000000002,18.05000000000012
2025-06-17 10:06:00,30.55556,1.0416659999999993,1.2971905278368938,8.101853,8.651617,43.98150000000001,18.05000000000012
2025-06-17 10:09:00,31.59722,1.0127319999999997,1.2803591457377532,8.015048,8.593746,45.717600000000004,18.05000000000012
2025-06-17 10:12:00,30.06366,1.0127310000000005,1.3052515368152349,8.159718,8.796297,43.402799999999985,18.05000000000012
2025-06-17 10:15:00,30.06366,1.1284720000000004,1.2943337889936113,8.275458,8.622686,42.824100000000016,18.05000000000012
2025-06-17 12:03:00,34.63541,1.1284720000000004,1.2676526337777991,7.494209,7.783567,57.29170000000002,18.05000000000012
2025-06-17 12:27:00,32.03125,2.256945,1.1324768953508164,8.535884,6.741899,51.21520000000004,18.05000000000012
2025-06-17 12:42:00,36.48727,1.070601,1.3766499616545613,7.523143999999999,8.188652999999999,56.71300000000002,18.05000000000012
2025-06-17 13:06:00,34.60648,2.2858790000000004,1.1933418888613,8.854169,7.08912,53.530099999999976,18.05000000000012
2025-06-17 17:33:00,32.08912,2.719908,1.1527011973751478,8.940969,6.568291,48.900499999999965,18.05000000000012
2025-06-17 17:36:00,34.69329,1.2152769999999995,1.300153155738837,7.783563999999999,7.957177,51.79399999999998,18.05000000000012
2025-06-17 17:48:00,35.18518,1.3310179999999994,1.2421937149906974,8.072913,7.899305000000001,53.81949999999998,18.05000000000012
2025-06-18 08:24:00,48.81366,0.31828699999999976,1.1431501764344494,6.047457,8.53588,57.29169999999999,18.05000000000012
2025-06-18 08:27:00,45.13889,0.3761570000000001,1.1847009262506547,6.568289999999999,8.912033000000001,51.79399999999998,18.100000000000122
2025-06-18 08:30:00,33.68055,0.78125,1.3275329850539668,7.754627999999999,9.056708,46.87500000000003,18.150000000000123
2025-06-18 08:33:00,31.59722,1.0127309999999996,1.2928392926420114,8.304397999999999,8.912037,44.56019999999998,18.200000000000124
2025-06-18 08:36:00,48.29282,0.4340270000000004,1.1938548508257847,6.452542000000001,8.564815,49.18979999999999,18.250000000000124
2025-06-18 08:39:00,35.21412,0.8391199999999994,1.324168435378117,7.841433,8.969903,45.13890000000001,18.300000000000125
2025-06-18 08:42:00,31.56828,1.0127310000000005,1.3052515368152349,8.217588000000001,8.854167,43.69210000000001,18.350000000000126
2025-06-18 08:45:00,30.55556,0.9837959999999999,1.3245355192963186,8.275463,9.027777,45.138900000000035,18.400000000000126
2025-06-18 08:48:00,30.55556,0.9259259999999996,1.288859358855265,8.159718,8.969912,43.69209999999998,18.450000000000127
2025-06-18 08:51:00,32.66782,1.0127319999999997,1.3175934016618978,8.246528,8.912036,46.2963,18.500000000000128
2025-06-18 08:54:00,31.59722,0.9259259999999996,1.2769691368620353,8.130787999999999,8.912042,43.98149999999998,18.55000000000013
2025-06-18 09:12:00,31.10532,1.3888889999999998,1.3450237459407894,8.8831,8.796301,43.40280000000001,18.55000000000013
2025-06-18 09:15:00,30.55556,1.1863419999999998,1.3525320820894862,8.680559,9.027777,43.98150000000001,18.55000000000013
2025-06-18 09:18:00,31.59722,1.2152780000000005,1.3548090720199013,8.622684,8.912036,44.27079999999998,18.55000000000013
2025-06-18 09:21:00,30.00578,1.0995369999999998,1.3303627339816946,8.420144,8.912037,43.11349999999999,18.55000000000013
2025-06-18 12:21:00,35.70602,2.0833330000000005,1.1976661489883351,8.622684,7.146991,54.10880000000003,18.55000000000013
2025-06-18 13:06:00,32.03125,1.851851,1.2404926492475046,8.738423999999998,7.667822999999999,49.768400000000014,18.55000000000013
2025-06-18 13:42:00,31.07639,1.2442130000000002,1.3703007633239381,8.738424000000002,8.998840999999999,44.56020000000001,18.55000000000013
2025-06-18 13:45:00,31.59722,1.0995369999999998,1.3558945556905,8.478012999999999,9.027776,43.98150000000001,18.55000000000013
2025-06-18 13:51:00,32.14699,1.1284720000000004,1.3467155280723306,8.506948,8.969906,43.692199999999985,18.55000000000013
2025-06-18 13:54:00,30.00578,1.0995370000000007,1.3558945556905004,8.478014000000002,9.027777,42.534700000000015,18.55000000000013
2025-06-18 17:54:00,33.59375,2.2858790000000004,1.1677810720503994,8.854169,7.0601899999999995,49.47919999999999,18.55000000000013
2025-06-18 17:57:00,37.78935,1.967593,1.1794926412498206,8.68056,7.349537,55.84489999999997,18.55000000000013
2025-06-18 18:00:00,38.80209,1.851851,1.2404926492475046,8.593754,7.523153,55.266200000000026,18.55000000000013
2025-06-19 12:00:00,37.23959,1.2442130000000002,1.3703007633239381,7.870369999999999,8.130787,57.29169999999999,18.55000000000013
2025-06-19 12:45:00,34.60648,2.256945,1.233121682609797,9.11458,7.436345,52.95139999999998,18.55000000000013
2025-06-19 12:54:00,32.00232,0.9837959999999999,1.4768681082556552,7.581014000000001,8.709488,51.215299999999985,18.55000000000013
2025-06-19 13:03:00,31.51042,1.0416660000000002,1.4201496635334048,7.725694,8.564817999999999,50.92590000000001,18.55000000000013
2025-06-19 13:09:00,30.52662,1.5914349999999997,1.2971950243251211,8.854164,8.304399,46.296299999999974,18.55000000000013
2025-06-19 13:27:00,30.00578,1.1863419999999998,1.392098468546438,8.825229,9.259257,43.113399999999984,18.55000000000013
2025-06-19 13:30:00,30.52662,1.1863419999999998,1.378989285674522,8.825229,9.230327,43.113399999999984,18.55000000000013
2025-06-19 17:45:00,34.63541,2.141204,1.1942743549871333,8.767359,7.204865,56.71300000000002,18.55000000000013
2025-06-19 17:48:00,35.15625,2.0833329999999997,1.1746410161820242,8.738423999999998,7.233801000000001,55.84500000000003,18.55000000000013
2025-06-19 17:51:00,32.55209,2.343749,1.1596460740269752,8.825233999999998,6.944445,52.08330000000001,18.55000000000013
2025-06-19 17:54:00,30.98958,2.5173619999999994,1.1263852516576252,8.825230000000001,6.684028,50.92599999999999,18.55000000000013
2025-06-19 17:57:00,40.91435,1.7650449999999998,1.1677911412324435,8.449074,7.4074089999999995,52.08330000000001,18.55000000000013
2025-06-20 08:36:00,36.31366,0.9837959999999999,1.3002574461681768,7.986108,8.680552,46.0069,18.55000000000013
2025-06-20 08:39:00,36.77662,1.2442130000000002,1.3012247640359178,8.449074,8.564810999999999,40.7987,18.55000000000013
2025-06-20 08:42:00,36.80555,1.0995369999999998,1.3045427559709992,8.304394,8.738427,41.95599999999999,18.55000000000013
2025-06-20 08:45:00,30.06366,0.9548610000000002,1.2947938894483912,8.159724,8.912033000000001,41.95600000000002,18.55000000000013
2025-06-20 08:51:00,36.86343,0.6655099999999994,1.211544141312608,7.2338,8.564810000000001,48.32169999999999,18.55000000000013
2025-06-20 08:54:00,31.59722,0.868055,1.2754908360664423,7.899308,8.825233,44.27080000000001,18.55000000000013
2025-06-20 09:09:00,30.52662,1.2152769999999995,1.3276531410686585,8.593754,8.825227,44.84959999999998,18.55000000000013
2025-06-20 09:12:00,30.06366,1.2152780000000005,1.3412743374634446,8.593754,8.854166,41.66669999999999,18.55000000000013
2025-06-20 09:15:00,31.59722,1.2442130000000002,1.3566675607007124,8.622684,8.854171000000001,43.692199999999985,18.55000000000013
2025-06-20 09:18:00,32.08912,1.2442130000000002,1.3152217208801404,8.593754,8.738420999999999,44.27080000000001,18.55000000000013
2025-06-20 09:21:00,33.15972,1.2442130000000002,1.3152217208801404,8.622689,8.767356,43.98149999999998,18.55000000000013
2025-06-20 09:24:00,31.07639,1.1863419999999998,1.3122481225021227,8.535879,8.796297000000001,44.27080000000001,18.55000000000013
2025-06-20 09:30:00,31.59722,1.0995369999999998,1.2915134463902056,8.333334,8.738427,44.27079999999998,18.55000000000013
2025-06-20 09:36:00,30.00578,1.2152769999999995,1.3139487243929542,8.535884,8.738427,43.11349999999999,18.55000000000013
2025-06-20 09:54:00,30.55556,1.1574080000000002,1.2967088780601437,8.333334,8.622686,40.509299999999996,18.55000000000013
2025-06-20 09:57:00,30.55556,1.070602,1.3010913131341773,8.275464,8.767361999999999,41.95610000000002,18.55000000000013
2025-06-20 12:03:00,40.39352,1.7650449999999998,1.2070577775862097,8.391203999999998,7.4074089999999995,61.63199999999998,18.55000000000013
2025-06-20 12:39:00,38.83102,1.6782410000000008,1.2289556316891415,8.535884,7.725693,59.317199999999985,18.55000000000013
2025-06-20 13:09:00,35.15625,1.157407,1.489946402323713,7.957175,8.680558,55.2663,18.55000000000013
2025-06-20 17:06:00,36.74768,2.256944,1.105700057138874,8.622685,6.799771,56.71300000000002,18.55000000000013
2025-06-23 08:03:00,49.33449,0.6655099999999994,1.1907491125879524,7.060188,8.333328,48.032399999999996,18.55000000000013
2025-06-23 08:06:00,45.63079,0.7233799999999997,1.3580216805457455,7.957173,9.519673000000001,50.34719999999999,18.60000000000013
2025-06-23 08:09:00,48.29282,1.3310180000000003,1.4436682827387177,8.854164,9.085646,50.05789999999999,18.65000000000013
2025-06-23 08:12:00,52.98032,1.4178239999999995,1.4465651071579801,9.114584,9.172450000000001,48.32170000000002,18.70000000000013
2025-06-23 08:18:00,54.54282,0.8680560000000002,1.3659984888183174,8.015047000000001,9.172450999999999,52.08339999999998,18.800000000000132
2025-06-23 08:21:00,59.20139,0.5208330000000005,1.2305047973780303,7.089124000000001,8.969911,57.29159999999999,18.850000000000133
2025-06-23 08:24:00,78.53009,0.31828699999999976,1.1978549611146956,6.134256000000001,8.825229,65.39350000000002,18.900000000000134
2025-06-23 08:27:00,74.33449,0.34722200000000036,1.3109766501927804,6.423615000000001,9.375003,66.55089999999998,18.950000000000134
2025-06-23 08:30:00,53.99306,0.5497689999999995,1.4023431581949524,7.291663000000001,9.606484000000002,57.87039999999999,19.000000000000135
2025-06-23 08:33:00,42.56366,0.7523150000000003,1.3799113985901754,7.841432999999999,9.374998,52.08339999999998,19.050000000000136
2025-06-23 08:36:00,38.36805,0.9259250000000003,1.3589905511642055,8.275458,9.259263,50.057800000000015,19.100000000000136
2025-06-23 08:39:00,36.80555,1.070602,1.3517359623756344,8.535884,9.143522,48.61109999999999,19.150000000000137
2025-06-23 08:42:00,35.76389,1.157407,1.4272592401385118,8.796294,9.374997,45.428199999999975,19.200000000000138
2025-06-23 08:45:00,39.93055,1.2152780000000005,1.4212665965921545,8.738424000000002,9.172456,47.1643,19.25000000000014
2025-06-23 08:48:00,34.72222,1.0416670000000003,1.3594557414479487,8.478014,9.172457,46.00699999999998,19.30000000000014
2025-06-23 08:51:00,36.28472,1.070601,1.3642230607563106,8.564818,9.201387,48.61109999999999,19.35000000000014
2025-06-23 08:54:00,39.40972,1.070602,1.4013111118678332,8.391207999999999,9.114586,48.032399999999996,19.40000000000014
2025-06-23 08:57:00,37.35532,1.1574080000000002,1.3759333111214485,8.593754,9.056716,47.1644,19.45000000000014
2025-06-23 09:00:00,35.73495,1.157407,1.3759327499894818,8.622684,9.085647,46.875,19.500000000000142
2025-06-23 09:03:00,39.40972,1.1574080000000002,1.3759333111214485,8.593754,9.056716,46.875,19.550000000000143
2025-06-23 09:06:00,41.49305,1.1284720000000004,1.3852218572978827,8.593748,9.143516,46.5856,19.600000000000144
2025-06-23 09:09:00,42.01389,1.0995369999999998,1.3685576715313152,8.478012999999999,9.056716,49.47919999999999,19.650000000000144
2025-06-23 09:12:00,47.22222,1.0995369999999998,1.3936783785158942,8.449078,9.085650999999999,47.4537,19.700000000000145
2025-06-23 09:15:00,45.16782,0.9837959999999999,1.3841898965515287,8.362268,9.259262,47.4537,19.750000000000146
2025-06-23 09:18:00,43.02662,0.9548609999999993,1.3659169642361575,8.304397999999999,9.230327,47.4537,19.800000000000146
2025-06-23 09:21:00,43.08449,0.9548610000000002,1.3891816946076654,8.246528000000001,9.230326999999999,47.7431,19.850000000000147
2025-06-23 09:24:00,39.93055,1.0127319999999997,1.3663328121680614,8.420144,9.201392,48.90040000000002,19.900000000000148
2025-06-23 09:27:00,36.28472,1.0995369999999998,1.3936783785158942,8.564819,9.201392,47.4538,19.95000000000015
2025-06-23 09:30:00,34.72222,1.1863419999999998,1.4051382986513332,8.796294,9.259262,46.585699999999974,20.00000000000015
2025-06-23 09:33:00,34.69329,1.157407,1.3888670081745338,8.651623999999998,9.143517,50.05789999999999,20.05000000000015
2025-06-23 09:36:00,32.60995,1.2152779999999996,1.3682556923904878,8.622689999999999,8.940971999999999,47.16439999999997,20.10000000000015
2025-06-23 09:39:00,33.15972,1.4178240000000004,1.403308285904576,8.883099999999999,8.854166,45.428200000000004,20.15000000000015
2025-06-23 09:42:00,31.59722,1.3310180000000003,1.3739630441114359,8.85417,8.940971999999999,44.56020000000001,20.200000000000152
2025-06-23 09:45:00,32.11805,1.4756939999999998,1.3566631352107816,9.056711,8.825227,45.717599999999976,20.250000000000153
2025-06-23 09:48:00,53.99306,0.6655099999999994,1.2115477201386864,6.973378,8.304398,50.92599999999999,20.300000000000153
2025-06-23 09:51:00,53.99306,0.7233799999999997,1.2961106455772216,7.4363459999999995,8.825236,50.92590000000001,20.350000000000154
2025-06-23 09:54:00,50.89699,0.8101850000000006,1.3588083172504484,7.667822000000001,8.969907,51.79390000000001,20.400000000000155
2025-06-23 09:57:00,45.63079,0.8680559999999993,1.3211456906646906,7.957177999999999,8.998842,50.05789999999999,20.450000000000156
2025-06-23 10:00:00,43.60532,1.0127310000000005,1.3420862140257999,8.130788,8.854167,46.875,20.500000000000156
2025-06-23 10:03:00,39.38079,1.0127319999999997,1.3542420856308743,8.246524,8.998842,46.5856,20.550000000000157
2025-06-23 10:06:00,39.93055,1.157407,1.36292101376888,8.506949,8.940971999999999,47.1643,20.600000000000158
2025-06-23 10:09:00,37.87616,1.1284720000000004,1.3467200011605098,8.478009,8.940977,46.007000000000005,20.65000000000016
2025-06-23 10:12:00,38.88889,1.273148,1.3581060451845253,8.651623999999998,8.825236,44.56020000000001,20.70000000000016
2025-06-23 10:15:00,39.95949,1.2442129999999993,1.3703007633239375,8.68056,8.940977,45.7175,20.75000000000016
2025-06-23 10:18:00,36.28472,1.273148,1.3993187921144523,8.68056,8.940971999999999,46.296299999999974,20.80000000000016
2025-06-23 10:21:00,36.28472,1.186343,1.3658002327417789,8.564820000000001,8.940977,43.69210000000001,20.85000000000016
2025-06-23 10:24:00,36.22685,1.1574080000000002,1.3629215713534235,8.478014,8.912036,45.13889999999998,20.900000000000162
2025-06-23 10:27:00,39.40972,1.2152780000000005,1.3682556923904887,8.593754,8.912036,46.5857,20.950000000000163
2025-06-23 10:30:00,37.87616,1.2442130000000002,1.3838542450218194,8.709489,8.998846,44.56019999999998,21.000000000000163
2025-06-23 10:33:00,37.78935,1.3310189999999995,1.3880863697378218,8.85417,8.969911,43.40280000000001,21.050000000000164
2025-06-23 10:36:00,38.91782,1.2152780000000005,1.3816258288671766,8.622684,8.969906,45.13890000000001,21.100000000000165
2025-06-23 10:39:00,35.76389,0.9259259999999996,1.358987213576669,8.188658,9.172452,46.5857,21.150000000000166
2025-06-23 10:42:00,31.56828,0.9548609999999993,1.3659169642361575,8.217592999999999,9.143522,47.7431,21.200000000000166
2025-06-23 10:45:00,32.11805,1.1284720000000004,1.3596239479717787,8.506948,8.998846,43.981400000000036,21.250000000000167
2025-06-23 10:48:00,34.72222,0.8969910000000008,1.3056912710075332,8.015047000000001,8.940976,47.74310000000003,21.300000000000168
2025-06-23 10:51:00,34.72222,0.7523150000000003,1.338339702930781,7.6967620000000005,9.114587,49.76850000000002,21.35000000000017
2025-06-23 10:54:00,39.93055,0.5787040000000001,1.2619053305773884,7.089124000000001,8.85417,52.95140000000001,21.40000000000017
2025-06-23 10:57:00,33.68055,0.8101850000000006,1.3371815449341615,7.8993020000000005,9.143517,47.74309999999997,21.45000000000017
2025-06-23 11:00:00,30.00578,0.9837959999999999,1.3605007094033976,8.391202999999999,9.230326999999999,46.2963,21.50000000000017
2025-06-23 11:09:00,31.07639,1.1574080000000002,1.3759333111214485,8.564814,9.027776,45.428200000000004,21.50000000000017
2025-06-23 11:12:00,31.59722,1.2152780000000005,1.3548090720199013,8.622684,8.912036,47.16439999999997,21.50000000000017
2025-06-23 11:15:00,30.00578,1.1863419999999998,1.3920984685464388,8.651623999999998,9.085652,45.42830000000001,21.50000000000017
2025-06-23 11:18:00,30.55556,1.3020829999999997,1.3731524563498978,8.8831,9.027777,43.69210000000001,21.50000000000017
2025-06-23 11:21:00,30.55556,1.3020829999999997,1.4009179685562043,8.854164999999998,9.056712000000001,44.27079999999998,21.50000000000017
2025-06-23 11:27:00,30.55556,1.3310179999999994,1.3597497497767863,8.912035,8.969907000000001,42.82409999999999,21.50000000000017
2025-06-23 11:30:00,32.11805,1.273148,1.3581060451845253,8.738423999999998,8.912036,44.84959999999998,21.50000000000017
2025-06-23 11:33:00,32.11805,1.2442130000000002,1.3566628333489283,8.622689,8.854166,43.113399999999984,21.50000000000017
2025-06-23 12:09:00,39.32291,1.938657,1.253269779161508,8.73843,7.5520830000000005,59.027799999999985,21.50000000000017
2025-06-23 12:33:00,35.15625,1.9965279999999996,1.254049580448894,8.94097,7.667822000000001,51.50459999999998,21.50000000000017
2025-06-23 12:36:00,30.43982,1.9386579999999993,1.232763865854074,8.883099999999999,7.667822000000001,45.42830000000001,21.50000000000017
2025-06-23 12:45:00,30.98958,1.5625,1.2509203549161632,8.535879,7.957179,48.032400000000024,21.50000000000017
2025-06-23 13:21:00,31.07639,1.273148,1.4531244732900153,9.085643999999998,9.461806,43.113399999999984,21.50000000000017
2025-06-23 13:24:00,30.52662,1.273148,1.4531244732900153,9.027774,9.403936,45.138900000000035,21.50000000000017
2025-06-23 13:27:00,31.53935,1.2442130000000002,1.4240219219282464,8.940969,9.317126,45.42830000000001,21.50000000000017
2025-06-23 13:30:00,32.60995,1.2442130000000002,1.3973210013037471,8.825234000000002,9.143521,44.84959999999998,21.50000000000017
2025-06-23 13:33:00,34.20139,1.070601,1.3766499616545613,8.535878,9.201387,47.4537,21.50000000000017
2025-06-23 13:36:00,33.15972,1.0995369999999998,1.3685576715313152,8.535884,9.114587,46.00689999999997,21.50000000000017
2025-06-23 13:39:00,30.55556,1.1284720000000004,1.4105458683877017,8.622689,9.230326999999999,45.428200000000004,21.50000000000017
2025-06-23 13:42:00,30.00578,1.1284720000000004,1.3852218572978827,8.535884,9.085652,45.71750000000003,21.50000000000017
2025-06-23 13:48:00,30.55556,1.157407,1.362921013768881,8.564819,8.998842,43.98150000000001,21.50000000000017
2025-06-23 14:00:00,39.40972,0.7523149999999994,1.2315642340021713,7.40741,8.535875,48.321800000000025,21.50000000000017
2025-06-23 14:03:00,33.15972,0.8391200000000003,1.301870724959176,7.8993020000000005,8.969912,45.717599999999976,21.50000000000017
2025-06-23 14:06:00,31.59722,0.8680560000000002,1.2869861437493302,8.072913,9.027777,47.1643,21.50000000000017
2025-06-23 14:09:00,30.55556,0.9837959999999999,1.3245355192963186,8.188658,8.940971999999999,44.849500000000006,21.50000000000017
2025-06-23 14:12:00,31.59722,1.0416659999999993,1.297194890399201,8.246523,8.796297000000001,43.40269999999998,21.50000000000017
2025-06-23 14:18:00,30.00578,1.186343,1.312243972252884,8.478014,8.738420999999999,42.245299999999986,21.50000000000017
2025-06-23 14:21:00,31.07639,1.1284720000000004,1.3075465812747942,8.362268,8.738426,43.69209999999998,21.50000000000017
2025-06-23 14:24:00,30.55556,1.0416660000000002,1.2971948903992017,8.275458,8.825232,45.13889999999998,21.50000000000017
2025-06-23 15:33:00,30.00578,1.3310189999999995,1.3597502569463056,8.738430000000001,8.796301,44.56019999999998,21.50000000000017
2025-06-23 15:45:00,30.00578,1.0416660000000002,1.3222966842929922,8.391208,8.998842,44.27079999999998,21.50000000000017
2025-06-24 08:30:00,41.52199,0.578703,1.2998568342019605,7.1759260000000005,9.056712999999998,49.76850000000002,21.50000000000017
2025-06-24 08:33:00,41.00116,0.7233800000000006,1.2540503130617695,7.523146,8.796295999999998,51.21530000000001,21.55000000000017
2025-06-24 08:36:00,44.12616,0.694445,1.2848534896425121,7.407411,8.854166,48.61110000000002,21.600000000000172
2025-06-24 08:39:00,36.31366,0.9837959999999999,1.3245355192963186,8.217592999999999,8.969907,43.692199999999985,21.650000000000173
2025-06-24 08:42:00,35.27199,1.0127309999999996,1.3052515368152344,8.246528000000001,8.883107,45.717600000000004,21.700000000000173
2025-06-24 08:45:00,35.21412,1.070601,1.3010907436872607,8.391208,8.883107,46.0069,21.750000000000174
2025-06-24 08:48:00,34.17245,1.0416660000000002,1.3222966842929922,8.246528,8.854161999999999,44.84960000000001,21.800000000000175
2025-06-24 08:51:00,30.00578,0.9837959999999999,1.3124298435841322,8.130783,8.854167,43.402799999999985,21.850000000000176
2025-06-24 08:54:00,33.15972,1.070602,1.3138567059487882,8.188658,8.709486,45.138799999999975,21.900000000000176
2025-06-24 08:57:00,30.00578,0.9548609999999993,1.3067948272757441,8.072913,8.854162,42.82409999999999,21.950000000000177
2025-06-24 09:03:00,30.55556,1.0995369999999998,1.3045382672649144,8.333333,8.767356,44.849500000000006,21.950000000000177
2025-06-24 09:06:00,33.18866,1.0995369999999998,1.3303627339816946,8.275463,8.767356,42.82409999999999,22.000000000000178
2025-06-24 09:09:00,31.59722,1.157407,1.323432018133881,8.478014000000002,8.825227,42.82409999999999,22.05000000000018
2025-06-24 09:12:00,36.28472,1.2442130000000002,1.342942731407688,8.593754,8.796301,42.82400000000001,22.10000000000018
2025-06-24 09:15:00,38.91782,1.0416659999999993,1.3347496135684274,8.275463,8.912037,46.296400000000006,22.15000000000018
2025-06-24 09:18:00,34.75116,0.9259250000000003,1.3124586231537467,8.159718,9.027783,45.717600000000004,22.20000000000018
2025-06-24 09:21:00,33.15972,1.0416660000000002,1.3347496135684278,8.217588000000001,8.854161999999999,45.13890000000001,22.25000000000018
2025-06-24 09:24:00,30.00578,0.868055,1.2171798318255,8.015042000000001,8.796297000000001,44.56020000000001,22.300000000000182
2025-06-24 09:27:00,35.76389,0.578703,1.2331141998083432,7.14699,8.825227,50.34730000000002,22.350000000000183
2025-06-24 09:30:00,30.55556,0.9259250000000003,1.3241670799656255,8.072918,8.969902999999999,46.2963,22.400000000000183
2025-06-24 10:00:00,31.56828,1.3020839999999998,1.3731529743824937,8.709489999999999,8.854166,43.402799999999985,22.400000000000183
2025-06-24 10:03:00,30.06366,1.1284720000000004,1.3596239479717778,8.449074,8.940971999999999,46.00700000000003,22.400000000000183
2025-06-24 10:06:00,34.75116,1.0127320000000006,1.28036347040114,8.130787,8.709495,46.29630000000003,22.400000000000183
2025-06-24 10:09:00,34.20139,0.9259259999999996,1.3358290850932542,8.130787999999999,9.056712000000001,46.2963,22.400000000000183
2025-06-24 10:12:00,32.11805,1.070602,1.3265542922456257,8.275464,8.825232,45.42820000000003,22.400000000000183
2025-06-24 10:21:00,30.55556,1.1574080000000002,1.3101172636273397,8.304394,8.622686,45.138900000000035,22.400000000000183
2025-06-24 12:03:00,31.51042,1.475695,1.2131677429223329,8.159724,7.667819,51.215299999999985,22.400000000000183
2025-06-24 12:15:00,36.71875,1.5046299999999997,1.2258304208003366,8.130784,7.609954000000001,57.29169999999999,22.400000000000183
2025-06-24 12:21:00,35.15625,1.9386580000000002,1.1472559662480462,8.535884,7.2048559999999995,54.9769,22.400000000000183
2025-06-24 12:27:00,36.71875,1.9097220000000004,1.2013389253033087,8.564819,7.349537,56.71290000000002,22.400000000000183
2025-06-24 12:45:00,36.19791,2.170139,1.2040292996325368,8.883104,7.291665,55.55549999999997,22.400000000000183
2025-06-24 13:06:00,33.62268,1.7071750000000003,1.240675337643784,8.651624000000002,7.812499000000001,50.63659999999999,22.400000000000183
2025-06-24 13:24:00,30.00578,1.186343,1.3920990248261988,8.883104,9.317131,43.40280000000001,22.400000000000183
2025-06-24 16:51:00,32.11805,1.2152780000000005,1.3412743374634446,8.478014000000002,8.738426,43.692199999999985,22.400000000000183
2025-06-24 16:54:00,33.68055,1.157407,1.323436608104077,8.449074,8.796297000000001,43.113399999999984,22.400000000000183
2025-06-24 16:57:00,33.15972,1.2152780000000005,1.3276583930916588,8.622684,8.854166,42.82409999999999,22.400000000000183
2025-06-24 17:00:00,35.76389,0.9837960000000008,1.2633572287120705,8.159722,8.767365999999999,43.98140000000001,22.400000000000183
2025-06-24 17:03:00,36.80555,0.9548610000000002,1.270609622419103,8.072917,8.767356,43.11340000000001,22.400000000000183
2025-06-24 17:06:00,32.11805,0.9259259999999996,1.2650181277422032,8.015048,8.767362,41.95600000000002,22.400000000000183
2025-06-24 17:09:00,30.55556,0.9259250000000003,1.2769643981829881,8.130788,8.912033000000001,41.95599999999999,22.400000000000183
2025-06-24 17:15:00,38.36805,0.6655090000000001,1.2628194222842535,7.204860000000001,8.680551000000001,46.875,22.400000000000183
2025-06-24 17:18:00,32.11805,0.8391209999999996,1.2680447614402535,7.841432999999999,8.825232,43.69209999999998,22.400000000000183
2025-06-25 08:15:00,38.91782,1.1284720000000004,1.3596239479717787,8.420138,8.912036,43.692200000000014,22.400000000000183
2025-06-25 08:18:00,41.52199,0.9837959999999999,1.336584370785202,8.188658,8.969912,46.2963,22.450000000000184
2025-06-25 08:21:00,51.93866,0.6655099999999994,1.232176348927563,7.3206,8.709489999999999,51.215299999999985,22.500000000000185
2025-06-25 08:24:00,43.08449,0.868055,1.3436672420511377,7.928238,9.027773,47.742999999999995,22.550000000000185
2025-06-25 08:27:00,41.00116,1.0127309999999996,1.3298733211186073,8.130783,8.825232,48.61109999999999,22.600000000000186
2025-06-25 08:30:00,39.93055,1.0995369999999998,1.3174903093930423,8.333334,8.796297000000001,45.42830000000001,22.650000000000187
2025-06-25 08:33:00,39.40972,1.1863419999999998,1.3122481225021212,8.478009,8.738427,46.5857,22.700000000000188
2025-06-25 08:36:00,40.48032,1.3020829999999997,1.330807822582322,8.535884,8.593751000000001,44.84960000000001,22.75000000000019
2025-06-25 08:39:00,44.58912,1.273148,1.3301808584416286,8.420139,8.535881,43.69209999999998,22.80000000000019
2025-06-25 08:42:00,43.57639,1.157407,1.3101167205518587,8.391199,8.709492000000001,45.717600000000004,22.85000000000019
2025-06-25 08:45:00,42.01389,1.0995370000000007,1.3174903093930428,8.333334,8.796297,48.32169999999999,22.90000000000019
2025-06-25 08:48:00,34.25926,1.0995370000000007,1.3045427559709997,8.304394000000002,8.738427,42.82409999999999,22.95000000000019
2025-06-25 08:51:00,35.27199,1.070602,1.3010913131341773,8.275464,8.767361999999999,45.717600000000004,23.000000000000192
2025-06-25 08:54:00,34.20139,1.0995369999999998,1.3045427559709992,8.304394,8.738427,43.69209999999998,23.050000000000193
2025-06-25 08:57:00,36.31366,1.0127319999999997,1.3052478517250217,8.101852999999998,8.738420999999999,46.0069,23.100000000000193
2025-06-25 09:00:00,34.20139,0.8969899999999997,1.2940840654114487,7.899306999999999,8.796297000000001,45.42830000000001,23.150000000000194
2025-06-25 09:03:00,34.20139,0.9837959999999999,1.3124298435841322,8.130783,8.854167,46.007000000000005,23.200000000000195
2025-06-25 09:06:00,32.66782,1.1284720000000004,1.3467155280723297,8.391204000000002,8.854161999999999,44.849500000000006,23.250000000000195
2025-06-25 09:09:00,33.68055,1.2442130000000002,1.3429379735751235,8.564819,8.767356,45.42830000000001,23.300000000000196
2025-06-25 09:12:00,34.72222,1.157407,1.3498388142386293,8.506949,8.912042,44.849500000000006,23.350000000000197
2025-06-25 09:15:00,36.77662,1.1284720000000004,1.3467155280723306,8.449078,8.912036,45.717600000000004,23.400000000000198
2025-06-25 09:18:00,38.36805,1.1284720000000004,1.3596239479717787,8.420138,8.912036,43.69210000000001,23.4500000000002
2025-06-25 09:21:00,38.36805,1.0127319999999997,1.3298739208104435,8.188658,8.883106,45.717600000000004,23.5000000000002
2025-06-25 09:24:00,37.32639,0.9837959999999999,1.3605007094033976,8.159718000000002,8.998842,46.2963,23.5500000000002
2025-06-25 09:27:00,33.15972,1.1284720000000004,1.3467200011605098,8.449074,8.912042,44.27079999999998,23.6000000000002
2025-06-25 09:30:00,31.59722,1.1284720000000004,1.3337375210839846,8.478014000000002,8.912042,46.5856,23.6500000000002
2025-06-25 09:33:00,31.59722,1.273148,1.358106045184524,8.680554,8.854166,43.69210000000001,23.700000000000202
2025-06-25 09:36:00,31.56828,1.3020830000000005,1.373147627416817,8.738430000000001,8.883097,45.13890000000001,23.750000000000203
2025-06-25 09:39:00,31.10532,1.4467590000000001,1.3581066098344114,8.883099999999999,8.709491,43.11340000000001,23.800000000000203
2025-06-25 09:48:00,36.28472,1.157407,1.3366795984633102,8.420138,8.796301,42.82400000000001,23.950000000000202
2025-06-25 09:51:00,35.27199,0.9837959999999999,1.300257446168176,8.188653,8.883097,44.56019999999998,24.000000000000203
2025-06-25 09:54:00,31.59722,0.9837959999999999,1.312425648396134,8.101853,8.825227,43.98149999999998,24.050000000000203
2025-06-25 09:57:00,31.59722,1.1284719999999995,1.2943292076546855,8.362273,8.709491,42.53469999999999,24.100000000000204
2025-06-25 10:00:00,30.06366,1.0416659999999993,1.2971905278368943,8.217592999999999,8.767357,43.69210000000004,24.150000000000205
2025-06-25 10:03:00,33.15972,1.0127319999999997,1.2803634704011386,8.072913,8.651620999999999,44.84960000000001,24.200000000000205
2025-06-25 10:06:00,32.11805,1.0416660000000002,1.297194890399201,8.217588000000001,8.767361999999999,43.40280000000001,24.250000000000206
2025-06-25 10:09:00,30.00578,1.157407,1.3101121020182989,8.478014000000002,8.796297000000001,43.69210000000001,24.300000000000207
2025-06-25 10:12:00,31.59722,1.070601,1.2882511849008935,8.275458,8.738427,41.66659999999999,24.350000000000207
2025-06-25 10:15:00,30.55556,1.070601,1.2882467336935552,8.304398,8.767357,44.849500000000006,24.400000000000208
2025-06-25 10:18:00,31.53935,1.070602,1.3010913131341773,8.333334,8.825232,44.27090000000001,24.45000000000021
2025-06-25 13:21:00,30.55556,1.1574080000000002,1.3888675728222308,8.767364,9.259256,43.98149999999998,24.45000000000021
2025-06-25 13:24:00,31.07639,1.0995369999999998,1.381153155787102,8.564813,9.172456,46.00690000000003,24.45000000000021
2025-06-25 13:27:00,30.55556,1.0416659999999993,1.359455144225172,8.478012999999999,9.172457,45.13889999999998,24.45000000000021
2025-06-25 13:42:00,30.55556,1.1574080000000002,1.34983936824562,8.449074,8.854166,42.24540000000002,24.45000000000021
2025-06-25 14:45:00,31.56828,1.1284720000000004,1.3337375210839846,8.449078,8.883106,45.1388,24.45000000000021
2025-06-25 15:12:00,30.00578,1.1284720000000004,1.3075465812747942,8.159718,8.535876,43.98150000000001,24.45000000000021
2025-06-25 15:21:00,31.01852,1.0995369999999998,1.2915134463902065,8.188654,8.593747,45.13889999999998,24.45000000000021
2025-06-25 15:24:00,31.07639,1.1284720000000004,1.2943292076546862,8.130788,8.478006,45.13890000000001,24.45000000000021
2025-06-25 15:33:00,31.07639,1.0995369999999998,1.2784046264443225,8.101853,8.478006,44.84949999999998,24.45000000000021
2025-06-25 17:00:00,32.11805,1.273148,1.2586245558472031,8.362268,8.33333,42.824100000000016,24.45000000000021
2025-06-25 17:03:00,30.00578,1.0416659999999993,1.2331442792222282,8.043982999999999,8.449077,41.95609999999999,24.45000000000021
2025-06-25 17:12:00,31.59722,0.9548610000000002,1.2461700768001471,7.754627,8.391206,43.98150000000001,24.45000000000021
2025-06-25 18:03:00,32.03125,1.186343,1.2986460201598857,7.754633999999999,7.986111,49.47909999999999,24.45000000000021
2025-06-30 08:00:00,39.46759,0.9548610000000002,1.4007387515887777,8.043977000000002,9.056716,50.63659999999999,24.45000000000021
2025-06-30 08:03:00,43.02662,0.9548619999999994,1.3775741047748251,8.188661999999999,9.143519999999999,53.24080000000001,24.50000000000021
2025-06-30 08:06:00,46.18055,0.8680560000000002,1.3436717866739805,7.957172000000001,9.056716,52.08330000000001,24.55000000000021
2025-06-30 08:09:00,44.61805,1.157407,1.3629255227133064,8.506944,8.940977,47.1644,24.60000000000021
2025-06-30 08:12:00,39.95949,1.273148,1.3581012515971078,8.68056,8.854161999999999,46.875,24.65000000000021
2025-06-30 08:15:00,43.11343,1.2731480000000008,1.3581060451845266,8.680554,8.854166,45.717599999999976,24.700000000000212
2025-06-30 08:18:00,44.09722,1.070602,1.3391771965274462,8.275468,8.854166,48.321799999999996,24.750000000000213
2025-06-30 08:21:00,46.75926,0.8680560000000002,1.3098120333252368,7.725690999999999,8.738425,51.215299999999985,24.800000000000214
2025-06-30 08:24:00,50.37616,0.78125,1.3700186192784043,7.638885999999999,9.056716,49.76850000000002,24.850000000000215
2025-06-30 08:27:00,39.40972,1.0127310000000005,1.414127671358874,8.651624000000002,9.548613,46.007000000000005,24.900000000000215
2025-06-30 08:30:00,38.91782,1.1863419999999998,1.378989285674522,8.651619,9.056717,46.296299999999974,24.950000000000216
2025-06-30 08:33:00,38.91782,1.157407,1.3498388142386293,8.564819,8.969912,45.717599999999976,25.000000000000217
2025-06-30 08:36:00,37.81829,1.3310189999999995,1.3597502569463056,8.738430000000001,8.796301,44.27080000000001,25.050000000000217
2025-06-30 08:39:00,37.87616,1.2442130000000002,1.3566675607007124,8.622684,8.854171000000001,43.98149999999998,25.100000000000218
2025-06-30 08:42:00,39.95949,1.157407,1.3498388142386293,8.449078,8.854171000000001,46.0069,25.15000000000022
2025-06-30 08:45:00,39.95949,1.0416670000000003,1.3594557414479487,8.391204,9.085647,46.875,25.20000000000022
2025-06-30 08:48:00,38.39699,1.1574080000000002,1.34983936824562,8.420144,8.825236,47.1644,25.25000000000022
2025-06-30 08:51:00,35.76389,1.070601,1.3138605326947925,8.420138,8.940977,46.5856,25.30000000000022
2025-06-30 08:54:00,38.36805,1.157407,1.3366750362608173,8.593754,8.969907000000001,46.5856,25.35000000000022
2025-06-30 08:57:00,35.76389,1.2152769999999995,1.3548085344394154,8.593754,8.883107,46.2963,25.400000000000222
2025-06-30 09:00:00,33.70949,1.1863419999999998,1.3525320820894862,8.564819,8.912037,46.5857,25.450000000000223
2025-06-30 09:03:00,33.70949,1.2152780000000005,1.3548090720199013,8.622684,8.912036,44.849500000000006,25.500000000000224
2025-06-30 09:06:00,37.35532,1.2152780000000005,1.3816258288671766,8.535884,8.883106,47.7431,25.550000000000225
2025-06-30 09:09:00,35.27199,1.157407,1.3498388142386293,8.478014000000002,8.883107,43.98149999999998,25.600000000000225
2025-06-30 09:12:00,37.35532,1.157407,1.4017346215135846,8.535879,9.056712000000001,47.1643,25.650000000000226
2025-06-30 09:15:00,39.40972,1.1284720000000004,1.3979194235579553,8.535878,9.114586,46.5857,25.700000000000227
2025-06-30 09:18:00,35.27199,0.9837959999999999,1.3485695366036416,8.246528,9.056712000000001,49.76849999999999,25.750000000000227
2025-06-30 09:21:00,32.08912,0.9837959999999999,1.3365843707852014,8.188653,8.969907,46.296299999999974,25.800000000000228
2025-06-30 09:24:00,31.59722,1.0416660000000002,1.3222966842929922,8.246528,8.854161999999999,46.29630000000003,25.85000000000023
2025-06-30 09:27:00,33.70949,1.0995369999999998,1.3303671707349056,8.217588,8.709491,49.47919999999996,25.90000000000023
2025-06-30 09:30:00,56.10532,0.5208339999999998,1.2305056888365227,6.365742,8.246528,59.60650000000001,25.95000000000023
2025-06-30 09:33:00,41.52199,0.6365740000000004,1.2901283929771694,7.089122,8.738427999999999,52.08340000000001,26.00000000000023
2025-06-30 09:36:00,35.21412,0.8969899999999997,1.2824258547318101,7.783562999999999,8.651623,49.18990000000002,26.05000000000023
2025-06-30 09:39:00,32.66782,0.9837959999999999,1.2880209055465774,7.957178,8.622682000000001,46.00699999999998,26.100000000000232
2025-06-30 09:42:00,33.68055,1.1863419999999998,1.3122481225021212,8.246523,8.506941,47.742999999999995,26.150000000000233
2025-06-30 09:45:00,34.72222,1.0416659999999993,1.2971905278368938,8.101853,8.651617,44.56020000000001,26.200000000000234
2025-06-30 09:48:00,35.76389,1.1284719999999995,1.2943337889936104,8.246523,8.593751000000001,44.849500000000006,26.250000000000234
2025-06-30 09:51:00,41.52199,0.9259259999999996,1.2409316753757216,7.725695999999999,8.42014,49.47920000000002,26.300000000000235
2025-06-30 09:54:00,40.97222,0.9259260000000005,1.2888552606043493,7.7256920000000004,8.535876,47.1644,26.350000000000236
2025-06-30 09:57:00,37.81829,0.9548610000000002,1.2827354569201856,7.870368,8.593747,49.47910000000002,26.400000000000237
2025-06-30 10:00:00,37.87616,1.070601,1.2623366207787812,7.986108,8.391207,45.13890000000001,26.450000000000237
2025-06-30 10:03:00,35.27199,1.1284720000000004,1.3075465812747942,8.217589,8.593747,41.66660000000002,26.500000000000238
2025-06-30 10:06:00,33.15972,1.157407,1.3366750362608166,8.275464,8.651617,44.56020000000001,26.55000000000024
2025-06-30 10:09:00,35.79282,1.3020829999999997,1.3020825000220655,8.449074,8.449071,44.84960000000001,26.60000000000024
2025-06-30 10:12:00,37.87616,1.1574080000000002,1.3101172636273397,8.246524,8.564816,48.32169999999999,26.65000000000024
2025-06-30 10:15:00,38.91782,1.2152780000000005,1.327658393091659,8.333334,8.564816,46.2963,26.70000000000024
2025-06-30 10:18:00,37.87616,1.157407,1.3101167205518587,8.333329,8.651622,47.7431,26.75000000000024
2025-06-30 10:21:00,35.27199,1.157407,1.323436608104077,8.275459,8.622682000000001,44.27080000000001,26.800000000000242
2025-06-30 10:24:00,33.68055,1.186343,1.3391894511996758,8.33333,8.651617,45.428200000000004,26.850000000000243
2025-06-30 10:27:00,33.70949,1.157407,1.3101121020182989,8.362269,8.680551999999999,45.13889999999998,26.900000000000244
2025-06-30 10:30:00,36.80555,1.0127310000000005,1.2678118436717571,7.986107,8.535875999999998,45.717600000000004,26.950000000000244
2025-06-30 10:33:00,35.27199,0.9548610000000002,1.2947938894483912,7.899308,8.651617,49.47920000000002,27.000000000000245
2025-06-30 10:36:00,31.07639,1.157407,1.3101121020182989,8.246529,8.564812,44.56020000000001,27.050000000000246
2025-06-30 10:39:00,33.70949,1.359954,1.34543614755147,8.59375,8.564816,43.40280000000001,27.100000000000247
2025-06-30 10:42:00,33.15972,1.3888889999999998,1.3301814022791763,8.65162,8.535881,43.69210000000001,27.150000000000247
2025-06-30 10:45:00,33.15972,1.3888889999999998,1.3450186366205836,8.564815,8.478006,41.66670000000002,27.200000000000248
2025-06-30 10:48:00,30.55556,1.186343,1.2849579897063943,8.391200000000001,8.593747,44.849500000000035,27.25000000000025
2025-06-30 10:57:00,31.10532,1.3310180000000003,1.2871322670469392,8.420134000000001,8.333336,42.53469999999999,27.25000000000025
2025-06-30 11:03:00,30.06366,1.3888889999999998,1.3152296922621753,8.50694,8.362271,43.69209999999998,27.25000000000025
2025-06-30 11:06:00,32.11805,1.2152780000000005,1.3139540037907578,8.246524,8.449076,44.849500000000035,27.25000000000025
2025-06-30 11:09:00,31.59722,1.070602,1.275331457685725,8.101854,8.535882,46.00690000000003,27.25000000000025
2025-06-30 11:12:00,31.56828,1.070602,1.2882472993810263,8.159724,8.622682000000001,43.402799999999985,27.25000000000025
2025-06-30 11:15:00,30.00578,1.070602,1.2882517505896693,8.246524,8.709492000000001,45.42830000000001,27.25000000000025
2025-06-30 11:18:00,30.55556,1.1284720000000004,1.3206834365574003,8.246524,8.651622,44.849500000000006,27.25000000000025
2025-06-30 11:21:00,30.55556,1.157407,1.3101167205518587,8.391199,8.709492000000001,43.402799999999985,27.25000000000025
2025-06-30 11:33:00,30.06366,1.157407,1.3101167205518587,8.391199,8.709492000000001,43.40269999999998,27.25000000000025
2025-06-30 13:18:00,31.01852,1.273148,1.3719290811900877,8.796299,8.998840999999999,42.824100000000016,27.25000000000025
2025-06-30 13:21:00,31.56828,1.3020839999999998,1.4146681231413443,8.912040000000001,9.143516,45.717600000000004,27.30000000000025
2025-06-30 13:24:00,32.11805,1.273148,1.3993187921144523,8.940974,9.201386,45.717599999999976,27.35000000000025
2025-06-30 13:27:00,30.06366,1.1863419999999998,1.392098468546438,8.854164,9.288191999999999,44.56020000000001,27.40000000000025
2025-06-30 13:30:00,33.68055,1.2442130000000002,1.383854245021818,8.796294,9.085650999999999,46.296400000000006,27.45000000000025
2025-06-30 13:33:00,31.59722,1.0995370000000007,1.381148814996278,8.478014000000002,9.085647,44.84949999999998,27.500000000000252
2025-06-30 13:36:00,32.11805,1.0995369999999998,1.3558945556905,8.478014,9.027777,44.84959999999998,27.550000000000253
2025-06-30 13:39:00,31.07639,1.1284720000000004,1.3467155280723306,8.535884,8.998842,46.2963,27.600000000000254
2025-06-30 13:42:00,33.13079,1.273148,1.3719290811900877,8.680559,8.883101,44.27089999999998,27.650000000000254
2025-06-30 13:45:00,31.10532,1.273148,1.3441925146989746,8.680554,8.825236,45.42820000000003,27.700000000000255
2025-06-30 13:48:00,30.00578,1.157407,1.3366795984633102,8.506944,8.883107,43.69210000000001,27.750000000000256
2025-06-30 13:51:00,30.00578,1.1284720000000004,1.3337375210839846,8.478014000000002,8.912042,43.69209999999998,27.800000000000257
2025-06-30 13:54:00,31.07639,1.273148,1.3301760003557395,8.622689,8.738420999999999,45.42820000000003,27.850000000000257
2025-06-30 14:06:00,30.06366,1.3310180000000003,1.331019999965794,8.680554,8.680556,42.53469999999999,27.850000000000257
2025-06-30 14:24:00,30.55556,1.157407,1.2967083386986455,8.333329,8.622682000000001,42.82409999999999,27.850000000000257
2025-06-30 14:30:00,30.55556,1.3020829999999997,1.3020825000220655,8.564813999999998,8.564810999999999,43.113399999999984,27.850000000000257
2025-06-30 14:36:00,30.06366,1.0127309999999996,1.280362885726224,8.072913,8.651622,43.11349999999999,27.850000000000257
2025-06-30 14:39:00,30.55556,1.1574080000000002,1.2967088780601437,8.304394,8.593746,43.40280000000001,27.900000000000258
2025-06-30 14:42:00,30.55556,1.1574080000000002,1.2967088780601437,8.304394,8.593746,42.82400000000001,27.95000000000026
2025-06-30 14:45:00,30.06366,1.1284720000000004,1.2810335679054126,8.333334,8.651622,42.53479999999999,28.00000000000026
2025-06-30 14:48:00,31.53935,1.186343,1.2849579897063943,8.333334,8.535881,41.95610000000002,28.05000000000026
2025-06-30 14:51:00,32.14699,1.157407,1.323436608104076,8.391204000000002,8.738427,41.37729999999999,28.10000000000026
2025-06-30 14:54:00,30.55556,1.070602,1.275331457685725,8.275464,8.709492000000001,41.95599999999999,28.15000000000026
2025-06-30 14:57:00,30.06366,1.2152780000000005,1.313949251105665,8.391204000000002,8.593746,41.37729999999999,28.200000000000262
2025-06-30 15:00:00,31.59722,1.1574080000000002,1.2967088780601437,8.304394,8.593746,41.66659999999999,28.250000000000263
2025-06-30 15:03:00,30.55556,1.1863419999999998,1.3122481225021212,8.478009,8.738427,42.24539999999999,28.300000000000264
2025-06-30 15:06:00,30.55556,1.2152769999999995,1.3139487243929542,8.535884,8.738427,43.69210000000001,28.350000000000264
2025-06-30 15:09:00,30.06366,1.1863419999999998,1.2849574623659663,8.478009,8.680557,42.24539999999999,28.400000000000265
2025-06-30 15:12:00,30.06366,1.273148,1.3160729468467725,8.506944,8.593746,42.53469999999999,28.450000000000266
2025-06-30 15:15:00,31.01852,1.2152769999999995,1.3139487243929542,8.535884,8.738427,43.40280000000001,28.500000000000266
2025-06-30 15:30:00,31.59722,1.1574080000000002,1.2559592714019774,8.391204,8.593746,43.69210000000001,28.500000000000266
2025-06-30 15:33:00,32.08912,1.070601,1.2623321153303821,8.246528,8.651617,40.79859999999999,28.500000000000266
2025-06-30 15:36:00,30.55556,1.0416660000000002,1.2845336837478942,8.159718,8.680551999999999,44.56019999999998,28.500000000000266
2025-06-30 15:39:00,31.59722,1.0995369999999998,1.2784046264443225,8.217592999999999,8.593746,41.66670000000002,28.500000000000266
2025-06-30 15:42:00,31.59722,1.1284720000000004,1.3075465812747933,8.304398,8.680556,41.95610000000002,28.500000000000266
2025-06-30 15:45:00,30.55556,1.0995369999999998,1.2784091700956621,8.304394,8.680557,43.11340000000001,28.500000000000266
2025-06-30 15:48:00,30.00578,1.157407,1.3101121020182989,8.362269,8.680551999999999,42.824100000000016,28.500000000000266
2025-06-30 15:54:00,30.55556,1.2152769999999995,1.300153155738837,8.506944,8.680557,40.79860000000002,28.500000000000266
2025-06-30 15:57:00,30.55556,1.157407,1.2967083386986455,8.391199,8.680551999999999,43.113399999999984,28.500000000000266
2025-06-30 16:00:00,30.06366,1.1863419999999998,1.3122481225021212,8.391199,8.651617,41.95599999999999,28.500000000000266
2025-06-30 16:03:00,30.00578,1.1863419999999998,1.2986454890798962,8.420139,8.651617,41.087999999999994,28.500000000000266
2025-07-03 08:24:00,39.46759,0.578703,1.2523384309592553,7.031250000000001,8.767357,48.90050000000002,28.500000000000266
2025-07-03 08:27:00,31.59722,0.868055,1.321145028664476,7.957172999999999,8.998838,43.113399999999984,28.500000000000266
2025-07-03 08:36:00,30.06366,1.3020839999999998,1.3450211697651844,8.76736,8.854166,42.245300000000015,28.500000000000266
2025-07-03 08:39:00,30.06366,1.2442129999999993,1.342942731407687,8.76736,8.969907000000001,43.98150000000001,28.500000000000266
2025-07-03 08:42:00,31.59722,1.2152769999999995,1.3412738034709355,8.651623999999998,8.912037,42.823999999999984,28.500000000000266
2025-07-03 08:45:00,31.59722,1.2442130000000002,1.3429379735751235,8.564819,8.767356,43.98139999999998,28.500000000000266
2025-07-03 08:48:00,31.59722,1.157407,1.3101121020182989,8.506944,8.825227,42.823999999999984,28.500000000000266
2025-07-03 08:51:00,31.59722,1.2442130000000002,1.342942731407688,8.622689,8.825236,42.24539999999999,28.500000000000266
2025-07-03 08:57:00,30.55556,1.2442130000000002,1.342942731407688,8.622689,8.825236,41.377399999999994,28.500000000000266
2025-07-03 09:00:00,30.06366,1.2442130000000002,1.3429427314076863,8.622684,8.825230999999999,43.40280000000001,28.500000000000266
2025-07-03 09:03:00,31.10532,1.2442130000000002,1.3566628333489283,8.622689,8.854166,43.113399999999984,28.500000000000266
2025-07-03 09:06:00,32.11805,1.273148,1.3581060451845253,8.651623999999998,8.825236,41.66660000000002,28.500000000000266
2025-07-03 09:12:00,31.59722,1.0127309999999996,1.3298690887217763,8.333338000000001,9.027777,46.29620000000003,28.500000000000266
2025-07-03 09:15:00,31.59722,1.0127309999999996,1.3420862140257996,8.362273,9.085652,46.87500000000003,28.550000000000267
2025-07-03 09:18:00,30.55556,1.0127309999999996,1.3175928056783595,8.333333,8.998842,45.428199999999975,28.600000000000268
2025-07-03 09:21:00,32.11805,0.8680560000000002,1.2754914826309407,7.957177,8.883101,47.74310000000003,28.65000000000027
2025-07-03 09:24:00,53.44329,0.28935200000000005,1.1766005613774362,5.8738410000000005,8.651619,60.763900000000035,28.70000000000027
2025-07-03 09:27:00,36.80555,0.578703,1.3373482910005572,7.262727000000001,9.259264,50.925899999999984,28.75000000000027
2025-07-03 09:30:00,33.70949,1.0127310000000005,1.3663322015288044,8.246528,9.027777,47.74300000000002,28.80000000000027
2025-07-03 09:33:00,33.15972,1.0416659999999993,1.359455144225172,8.362273,9.056717,47.74310000000003,28.85000000000027
2025-07-03 09:36:00,35.27199,1.0416660000000002,1.322300998887616,8.217588000000001,8.825232,49.76850000000002,28.900000000000272
2025-07-03 09:39:00,32.11805,1.070601,1.3138561327770613,8.246528,8.767357,43.40280000000001,28.950000000000273
2025-07-03 09:42:00,31.59722,1.1284720000000004,1.3337375210839846,8.246528,8.680556,48.900499999999965,29.000000000000274
2025-07-03 09:45:00,32.11805,1.0127319999999997,1.3052521290612835,8.101848,8.738426,46.58559999999997,29.050000000000274
2025-07-03 09:48:00,32.66782,1.0416660000000002,1.309780470554691,8.246528,8.825232,48.032399999999996,29.100000000000275
2025-07-03 09:51:00,30.06366,1.1284720000000004,1.3467155280723306,8.362269,8.825227,46.0069,29.150000000000276
2025-07-03 10:00:00,31.59722,1.273148,1.3441876893597537,8.535884,8.680556,45.717600000000004,29.150000000000276
2025-07-03 10:03:00,33.15972,1.3020829999999997,1.3450206588328446,8.564813999999998,8.651620999999999,43.402799999999985,29.200000000000276
2025-07-03 10:06:00,36.28472,1.186343,1.312248657285654,8.304394,8.564810999999999,46.5856,29.250000000000277
2025-07-03 10:09:00,38.36805,1.1284720000000004,1.2943292076546862,8.246528,8.593746,46.0069,29.300000000000278
2025-07-03 10:12:00,39.40972,1.070602,1.3138611058678014,8.101848,8.622686,45.13890000000001,29.35000000000028
2025-07-03 10:15:00,38.88889,0.9259259999999996,1.2769691368620346,7.986108,8.767361999999999,46.2962,29.40000000000028
2025-07-03 10:18:00,37.87616,0.9259259999999996,1.3006861986404046,7.841432999999999,8.680557,47.7431,29.45000000000028
2025-07-03 10:21:00,35.76389,0.8969909999999999,1.2470960449993291,7.841432999999999,8.622682000000001,47.7431,29.50000000000028
2025-07-03 10:24:00,31.59722,0.9548610000000002,1.2827354569201856,8.015048,8.738427,46.0069,29.55000000000028
2025-07-03 10:27:00,31.59722,0.9259259999999996,1.2650181277422026,8.101848,8.854161999999999,46.585699999999974,29.600000000000282
2025-07-03 10:30:00,32.14699,1.070602,1.2882472993810263,8.304397999999999,8.767356,44.27080000000001,29.650000000000283
2025-07-03 10:36:00,33.15972,1.4178240000000004,1.3591368452365398,8.825229,8.709495,43.11340000000001,29.650000000000283
2025-07-03 10:39:00,32.60995,1.2152769999999995,1.3412784949924421,8.680554,8.940977,42.534700000000015,29.650000000000283
2025-07-03 10:54:00,30.00578,1.2152769999999995,1.3548085344394154,8.651623999999998,8.940977,43.402799999999985,29.650000000000283
2025-07-03 10:57:00,31.59722,1.3020839999999998,1.3308083299088287,8.709489999999999,8.767356,44.56020000000001,29.700000000000284
2025-07-03 11:00:00,30.55556,1.3310179999999994,1.3739679404540182,8.796295,8.883107,43.98150000000001,29.750000000000284
2025-07-03 11:03:00,33.15972,1.359954,1.34543614755147,8.76736,8.738426,41.66669999999999,29.800000000000285
2025-07-03 11:06:00,32.66782,1.2442129999999993,1.342942731407687,8.68056,8.883107,42.24539999999999,29.850000000000286
2025-07-03 11:09:00,31.59722,1.2152769999999995,1.3412738034709355,8.651623999999998,8.912037,42.24540000000002,29.900000000000286
2025-07-03 11:12:00,33.68055,1.2152780000000005,1.3412743374634446,8.593754,8.854166,42.53479999999999,29.950000000000287
2025-07-03 11:15:00,31.59722,1.1284720000000004,1.3337375210839846,8.535884,8.969912,43.40280000000001,30.000000000000288
2025-07-03 11:18:00,30.00578,1.157407,1.3366750362608166,8.535884,8.912037,42.245299999999986,30.05000000000029
2025-07-03 11:21:00,30.55556,1.2442130000000002,1.3152217208801404,8.622689,8.767356,42.82409999999999,30.10000000000029
2025-07-03 11:24:00,30.55556,1.0995369999999998,1.3045382672649144,8.391204,8.825227,43.402799999999985,30.15000000000029
2025-07-03 12:12:00,37.23959,1.6203700000000003,1.223238620274655,8.362269,7.638889,56.71300000000002,30.15000000000029
2025-07-03 13:03:00,32.55209,1.5914350000000006,1.2633515407654903,8.478014000000002,7.870368999999999,52.951400000000035,30.15000000000029
2025-07-03 13:06:00,31.51042,2.228009,1.2471285609334801,8.940974,7.320605,50.636600000000044,30.15000000000029
2025-07-03 13:18:00,30.00578,1.3310180000000003,1.3880858555462194,9.056709,9.172451,43.40280000000001,30.15000000000029
2025-07-03 13:21:00,31.56828,1.2442130000000002,1.4504203518566205,8.998839,9.432866,44.56020000000001,30.15000000000029
2025-07-03 13:24:00,30.00578,1.157407,1.4017346215135846,8.883104,9.403937,44.849500000000006,30.15000000000029
2025-07-03 13:27:00,30.00578,1.070601,1.3766499616545613,8.680558,9.346067,46.00690000000003,30.15000000000029
2025-07-03 13:33:00,30.55556,1.1284720000000004,1.3596239479717778,8.535878,9.027776,45.428200000000004,30.15000000000029
2025-07-03 13:36:00,30.00578,1.0127309999999996,1.3175928056783595,8.420143,9.085652,42.24540000000002,30.15000000000029
2025-07-03 14:03:00,31.07639,1.1574080000000002,1.3366801488604767,8.449074,8.825236,44.27080000000004,30.15000000000029
2025-07-03 14:12:00,30.00578,1.2442130000000002,1.3291331549228438,8.622684,8.796301,42.82400000000001,30.15000000000029
2025-07-03 14:33:00,31.59722,1.0995369999999998,1.3303627339816957,8.420143,8.912036,44.27079999999998,30.15000000000029
2025-07-03 14:36:00,33.68055,1.0995369999999998,1.3558945556905,8.478012999999999,9.027776,43.40280000000001,30.15000000000029
2025-07-03 14:39:00,35.21412,1.0995369999999998,1.381153155787102,8.391202999999999,8.998846,45.42829999999998,30.15000000000029
2025-07-03 14:42:00,31.59722,1.0127309999999996,1.3420904247829086,8.246523,8.969912,44.56020000000001,30.15000000000029
2025-07-03 14:45:00,32.11805,0.9837959999999999,1.300257446168176,8.159718000000002,8.854161999999999,42.82400000000001,30.15000000000029
2025-07-03 14:48:00,30.55556,0.9548610000000002,1.3067948272757444,8.188658,8.969907,43.40270000000001,30.15000000000029
2025-07-03 14:51:00,30.55556,1.1284720000000004,1.307542028149403,8.391208,8.767356,39.351800000000026,30.15000000000029
2025-07-03 14:54:00,31.10532,1.1574080000000002,1.3234371548569082,8.391204,8.738426,41.37729999999999,30.15000000000029
2025-07-03 14:57:00,31.59722,1.2442130000000002,1.3291283656967028,8.535884,8.709491,44.84960000000001,30.15000000000029
2025-07-03 17:36:00,41.43518,1.6203700000000003,1.2409341070787758,8.275459,7.581019,56.134299999999996,30.15000000000029
2025-07-03 17:51:00,32.03125,2.343749,1.1596553524776079,8.854164,6.973385,52.951400000000035,30.15000000000029
2025-07-03 17:54:00,36.19791,2.0254630000000002,1.1548529527237454,8.622684,7.175921,53.24080000000001,30.15000000000029
2025-07-03 18:06:00,32.03125,1.157407,1.388871466659957,7.581014000000001,8.072917,54.398199999999974,30.15000000000029
2025-07-04 08:09:00,31.59722,1.186343,1.3391894511996758,8.42014,8.738427,41.66660000000002,30.15000000000029
2025-07-04 08:12:00,32.60995,1.1284719999999995,1.3206834365573996,8.304393999999998,8.709492000000001,41.66659999999999,30.15000000000029
2025-07-04 08:18:00,37.35532,0.46296300000000024,1.168650070777152,6.510414,8.420141000000001,50.05790000000002,30.15000000000029
2025-07-04 08:21:00,34.20139,0.5787039999999992,1.2331150306981415,6.886575999999999,8.564812,48.321799999999996,30.15000000000029
2025-07-04 09:03:00,30.06366,1.273148,1.3441876893597555,8.593754,8.738426,44.27090000000001,30.15000000000029
2025-07-04 09:06:00,33.70949,1.2442130000000002,1.3429379735751235,8.506949,8.709486,44.56020000000001,30.15000000000029
2025-07-04 09:09:00,31.59722,1.0995369999999998,1.2915134463902056,8.246524,8.651617,46.00699999999998,30.15000000000029
2025-07-04 09:12:00,34.20139,0.9259260000000005,1.265018127742204,7.870372,8.622686,44.84960000000001,30.15000000000029
2025-07-04 09:15:00,51.93866,0.3182859999999996,1.0633753690666659,5.931715,8.130789,58.15969999999999,30.15000000000029
2025-07-04 09:18:00,45.16782,0.3761580000000002,1.2662566250921135,6.2210659999999995,8.854168000000001,53.81939999999997,30.15000000000029
2025-07-04 09:21:00,34.17245,0.6655090000000001,1.262822932803252,7.349532,8.825233,47.16439999999997,30.15000000000029
2025-07-04 09:57:00,32.11805,1.0416669999999995,1.2331448387818265,8.101848,8.506941000000001,43.11340000000001,30.15000000000029
2025-07-04 10:00:00,34.20139,1.0127319999999997,1.2551891100974661,7.957177999999999,8.478006,42.82409999999999,30.15000000000029
2025-07-04 10:03:00,31.59722,0.9837959999999999,1.2880209055465774,7.957178,8.622682000000001,41.95610000000002,30.15000000000029
2025-07-04 12:12:00,35.64815,1.3888890000000007,1.1909259728357289,7.754634,7.378474999999999,57.29169999999999,30.15000000000029
2025-07-04 12:24:00,40.36459,1.5046290000000004,1.2753298861015445,7.957174000000001,7.5231449999999995,61.63199999999998,30.15000000000029
2025-07-04 12:36:00,37.76041,1.7939819999999997,1.1986415907266175,8.420144,7.378472,57.29160000000002,30.15000000000029
2025-07-04 12:51:00,36.71875,1.1284720000000004,1.3852218572978827,7.494214,8.043982,62.21060000000003,30.15000000000029
2025-07-04 13:00:00,38.33912,1.6203699999999994,1.1872098952388028,8.217592999999999,7.436343000000001,58.73840000000001,30.15000000000029
2025-07-04 17:12:00,38.33912,1.5914350000000006,1.2112140893239849,8.159724,7.465279,57.87040000000002,30.15000000000029
2025-07-04 17:24:00,33.10185,1.7939819999999997,0.9583351846621104,7.523144,6.1631920000000004,54.10889999999995,30.15000000000029
2025-07-04 17:39:00,33.59375,1.7361110000000002,0.986579461442702,7.204864,5.960642999999999,53.530100000000004,30.15000000000029
2025-07-07 08:03:00,49.82639,1.0127319999999997,1.4494078770659946,8.564813000000001,9.548611000000001,51.79399999999998,30.15000000000029
2025-07-07 08:06:00,54.54282,1.0995369999999998,1.4553829960626015,8.825228,9.606481,48.32170000000002,30.20000000000029
2025-07-07 08:09:00,59.75116,1.1284719999999995,1.4480452051576622,8.825232999999999,9.519670999999999,51.79390000000001,30.25000000000029
2025-07-07 08:12:00,63.91782,1.157407,1.4145329168761327,8.767358000000002,9.317131,50.34730000000002,30.300000000000292
2025-07-07 08:15:00,64.95949,0.8969909999999999,1.3854648888442131,8.304402,9.432870999999999,50.636499999999984,30.350000000000293
2025-07-07 08:18:00,62.32639,0.6655090000000001,1.4016472370938557,7.725692,9.606483,56.71289999999999,30.400000000000293
2025-07-07 08:21:00,56.10532,0.7233799999999997,1.3168988082284845,7.986111999999999,9.432872,53.530100000000004,30.450000000000294
2025-07-07 08:24:00,60.76389,0.6655090000000001,1.362629737107042,7.609956,9.374997,54.9768,30.500000000000295
2025-07-07 08:27:00,46.73032,1.0127309999999996,1.5072071651170278,8.796295,9.924764,53.240700000000004,30.550000000000296
2025-07-07 08:30:00,45.68866,1.0416660000000002,1.3960491197248905,8.651618000000001,9.432872,47.4537,30.600000000000296
2025-07-07 08:33:00,42.53472,0.9837959999999999,1.3959504962044866,8.535878,9.461802,52.37269999999998,30.650000000000297
2025-07-07 08:36:00,44.61805,1.2442130000000002,1.437255674547336,8.883104,9.288191000000001,46.296400000000006,30.700000000000298
2025-07-07 08:39:00,45.16782,1.1284720000000004,1.4231072289827138,8.767364,9.403932000000001,47.742999999999995,30.7500000000003
2025-07-07 08:42:00,39.38079,1.1284719999999995,1.423111559897502,8.796294,9.432872,50.63659999999999,30.8000000000003
2025-07-07 08:45:00,40.97222,1.070602,1.389009682633929,8.506948000000001,9.201386,47.7431,30.8500000000003
2025-07-07 08:48:00,44.09722,1.070602,1.401311111867834,8.449078,9.172456,51.79400000000001,30.9000000000003
2025-07-07 08:51:00,39.40972,1.0995370000000007,1.4185418047623537,8.535884,9.230326999999999,45.717600000000004,30.9500000000003
2025-07-07 08:54:00,36.28472,1.157407,1.4145329168761336,8.738423999999998,9.288197,48.90039999999999,31.000000000000302
2025-07-07 08:57:00,35.21412,1.2442130000000002,1.3973210013037471,8.796299,9.114586,47.1644,31.050000000000303
2025-07-07 09:00:00,33.68055,1.070602,1.3517359623756344,8.535884,9.143522,46.5857,31.100000000000303
2025-07-07 09:03:00,35.79282,1.0995369999999998,1.381153155787101,8.506943,9.114586,48.900499999999994,31.150000000000304
2025-07-07 09:06:00,36.80555,1.070602,1.389009682633929,8.506948000000001,9.201386,46.5856,31.200000000000305
2025-07-07 09:09:00,37.81829,1.0127309999999996,1.3783640202296599,8.449078,9.259257,49.18980000000002,31.250000000000306
2025-07-07 09:12:00,38.36805,1.070601,1.4013105134758945,8.593748,9.317127000000001,47.74300000000002,31.300000000000306
2025-07-07 09:15:00,41.49305,1.3020830000000005,1.4283380514742814,8.940974,9.201391,52.66199999999998,31.350000000000307
2025-07-07 09:18:00,54.54282,1.4178240000000004,1.432244283543263,9.085644000000002,9.11458,45.13889999999998,31.400000000000308
2025-07-07 09:21:00,54.51389,1.0995369999999998,1.4553787824842983,8.622689,9.403932000000001,50.347200000000015,31.45000000000031
2025-07-07 09:24:00,52.43056,1.0416670000000003,1.4201461334024597,8.478014,9.317127,50.34719999999999,31.50000000000031
2025-07-07 09:27:00,52.95139,0.9259259999999996,1.358987213576669,8.246533,9.230327,50.63659999999999,31.55000000000031
2025-07-07 09:30:00,59.20139,0.6655090000000001,1.2628194222842541,7.552084,9.027775000000002,54.6875,31.60000000000031
2025-07-07 09:36:00,51.90972,0.8391199999999994,1.3899754802593602,8.072913,9.375003,50.34719999999999,31.700000000000312
2025-07-07 09:39:00,42.01389,0.868055,1.3770956459312294,8.246523,9.432868,53.24080000000001,31.750000000000313
2025-07-07 09:42:00,45.13889,1.0416659999999993,1.4081258026149681,8.506943,9.317127000000001,50.636600000000016,31.800000000000313
2025-07-07 09:45:00,43.57639,1.0416659999999993,1.371711004694476,8.535883,9.259257,50.63650000000001,31.850000000000314
2025-07-07 09:48:00,38.88889,1.0416660000000002,1.4081258026149686,8.564819,9.375003,49.76850000000002,31.900000000000315
2025-07-07 09:51:00,38.88889,1.070602,1.413547807251442,8.593754,9.346062,48.61109999999999,31.950000000000315
2025-07-07 09:54:00,39.93055,1.1284720000000004,1.435609385318697,8.680558,9.346066,48.61109999999999,32.00000000000031
2025-07-07 09:57:00,36.28472,1.0127319999999997,1.4022652137855505,8.449074,9.317132,50.05789999999999,32.05000000000031
2025-07-07 10:00:00,39.38079,1.186343,1.3920990248261988,8.535884,8.969911,49.18979999999999,32.10000000000031
2025-07-07 10:03:00,37.32639,1.070602,1.3766505529859898,8.449074,9.114581999999999,48.61110000000002,32.150000000000304
2025-07-07 10:06:00,33.68055,1.070602,1.3766505529859898,8.535884,9.201391999999998,49.18979999999999,32.2000000000003
2025-07-07 10:09:00,37.32639,1.157407,1.388871466659957,8.651618000000001,9.143521,48.032400000000024,32.2500000000003
2025-07-07 10:12:00,38.36805,1.2152769999999995,1.394916497486923,8.738423999999998,9.114587,48.32169999999999,32.300000000000296
2025-07-07 10:15:00,36.80555,1.273148,1.3993234958537897,8.796294,9.056716,48.321799999999996,32.35000000000029
2025-07-07 10:18:00,37.78935,1.2152769999999995,1.421266041558983,8.738423999999998,9.172457,48.90040000000002,32.40000000000029
2025-07-07 10:21:00,37.32639,1.157407,1.3759327499894818,8.651624000000002,9.114587,50.057799999999986,32.45000000000029
2025-07-07 10:24:00,37.32639,1.157407,1.4017346215135846,8.535879,9.056712000000001,49.18980000000002,32.500000000000284
2025-07-07 10:27:00,35.21412,1.1863419999999998,1.3920984685464388,8.651623999999998,9.085652,48.90040000000002,32.55000000000028
2025-07-07 10:30:00,34.20139,1.1284720000000004,1.3852218572978827,8.593754,9.143522,47.742999999999995,32.60000000000028
2025-07-07 10:33:00,34.69329,1.1284720000000004,1.3852218572978827,8.593754,9.143522,50.636600000000016,32.650000000000276
2025-07-07 10:36:00,36.28472,1.2442130000000002,1.437260236114647,8.767359,9.172456,48.032400000000024,32.70000000000027
2025-07-07 10:39:00,35.73495,1.1863419999999998,1.4181016791894945,8.709489,9.201387,46.007000000000005,32.75000000000027
2025-07-07 10:42:00,36.80555,1.273148,1.4531244732900153,8.738423999999998,9.114586,50.057800000000015,32.80000000000027
2025-07-07 10:45:00,37.32639,1.1863419999999998,1.4051382986513332,8.709489,9.172457,49.76849999999999,32.850000000000264
2025-07-07 10:48:00,35.76389,1.157407,1.3888670081745338,8.622689,9.114581999999999,48.032399999999996,32.90000000000026
2025-07-07 10:51:00,35.73495,1.1284720000000004,1.4356093853186962,8.535884,9.201391999999998,48.61110000000002,32.95000000000026
2025-07-07 10:54:00,34.72222,1.1863419999999998,1.4051382986513332,8.738423999999998,9.201391999999998,48.032399999999996,33.000000000000256
2025-07-07 10:57:00,33.68055,1.2152769999999995,1.394916497486923,8.680554,9.056717,46.875,33.05000000000025
2025-07-07 11:00:00,33.15972,1.3020829999999997,1.4146723328018564,8.738423999999998,8.969911,47.74309999999997,33.10000000000025
2025-07-07 11:03:00,32.11805,1.157407,1.3888670081745338,8.564819,9.056712000000001,46.2963,33.15000000000025
2025-07-07 11:06:00,32.60995,1.1863419999999998,1.392098468546438,8.767359,9.201387,46.00689999999997,33.200000000000244
2025-07-07 11:09:00,33.15972,1.273148,1.4397886984029435,8.854164,9.201386,48.611099999999965,33.25000000000024
2025-07-07 11:12:00,33.68055,1.273148,1.4397886984029435,8.854164,9.201386,45.717599999999976,33.30000000000024
2025-07-07 11:15:00,32.60995,1.2152779999999996,1.4212665965921536,8.825230000000001,9.259262,46.296400000000006,33.350000000000236
2025-07-07 11:18:00,32.60995,1.273148,1.4397886984029435,8.854164,9.201386,44.27089999999998,33.40000000000023
2025-07-07 11:21:00,33.70949,1.2152769999999995,1.394911918190751,8.825233999999998,9.201387,45.428199999999975,33.45000000000023
2025-07-07 11:24:00,32.60995,1.2442130000000002,1.4240219219282464,8.767359,9.143516,46.00689999999997,33.50000000000023
2025-07-07 11:27:00,31.56828,1.1863419999999998,1.392098468546438,8.767359,9.201387,48.321799999999996,33.550000000000225
2025-07-07 11:30:00,34.20139,1.2442130000000002,1.4107125953639987,8.825229,9.172456,47.742999999999995,33.60000000000022
2025-07-07 11:33:00,33.15972,1.1284720000000004,1.397919423557956,8.709489,9.288197,46.875,33.65000000000022
2025-07-07 11:36:00,31.56828,1.1863419999999998,1.365799683496912,8.651619,9.027777,42.82409999999999,33.700000000000216
2025-07-07 13:18:00,30.00578,1.3020839999999998,1.4688642760378563,9.259260000000001,9.606486,47.4537,33.700000000000216
2025-07-07 13:21:00,34.20139,1.273148,1.5187094190684194,9.317134,9.837966,48.032399999999996,33.75000000000021
2025-07-07 13:24:00,34.14352,1.1863419999999998,1.4944817796943355,9.143519,9.809027,48.90040000000002,33.80000000000021
2025-07-07 13:27:00,35.76389,1.1863419999999998,1.4944861132869818,8.998839,9.664357,50.347200000000015,33.85000000000021
2025-07-07 13:30:00,34.17245,1.0995370000000007,1.4553787824842983,8.825234000000002,9.606477,46.29619999999997,33.900000000000205
2025-07-07 13:33:00,35.21412,1.2152780000000005,1.4602471266833437,8.940974,9.461806,46.00699999999998,33.9500000000002
2025-07-07 13:36:00,32.60995,1.1284720000000004,1.4480452051576627,8.825234000000002,9.519672,47.742999999999995,34.0000000000002
2025-07-07 13:39:00,33.15972,1.0995369999999998,1.4061393198573031,8.709494,9.374997,49.47919999999999,34.050000000000196
2025-07-07 13:42:00,32.11805,1.157407,1.4272592401385118,8.825229,9.403932000000001,46.0069,34.10000000000019
2025-07-07 13:45:00,32.60995,1.2442130000000002,1.437260236114647,8.912034000000002,9.317131,46.5857,34.15000000000019
2025-07-07 13:48:00,32.60995,1.2152780000000005,1.4602471266833437,8.912034000000002,9.432866,46.007000000000005,34.20000000000019
2025-07-07 13:51:00,33.68055,1.157407,1.4145285062914674,8.825234000000002,9.374997,46.5857,34.250000000000185
2025-07-07 13:54:00,32.60995,1.157407,1.4399196848672515,8.796299,9.403932000000001,47.7431,34.30000000000018
2025-07-07 13:57:00,32.08912,1.2442130000000002,1.4240219219282464,8.940969,9.317126,45.7175,34.35000000000018
2025-07-07 14:00:00,33.15972,1.1574080000000002,1.4145334884696161,8.738424,9.288196,46.29639999999998,34.400000000000176
2025-07-07 14:03:00,32.11805,1.157407,1.4272592401385118,8.767364,9.346067,46.00699999999998,34.45000000000017
2025-07-07 14:06:00,32.11805,1.157407,1.3759327499894818,8.738424000000002,9.201387,45.428300000000036,34.50000000000017
2025-07-07 14:09:00,30.00578,1.1863419999999998,1.3920984685464388,8.796299,9.230327,46.00699999999998,34.55000000000017
2025-07-07 14:12:00,31.59722,1.157407,1.4272592401385118,8.767364,9.346067,46.29620000000003,34.600000000000165
2025-07-07 14:15:00,31.07639,1.157407,1.4272592401385118,8.767364,9.346067,44.27090000000001,34.65000000000016
2025-07-07 14:18:00,30.52662,1.1574080000000002,1.4145290778837603,8.767364,9.317126,46.8749,34.70000000000016
2025-07-07 14:21:00,33.13079,1.2731480000000008,1.426376445190899,8.940974,9.259256,45.428200000000004,34.750000000000156
2025-07-07 14:24:00,34.17245,1.157407,1.4017346215135846,8.796294,9.317127000000001,46.007000000000005,34.80000000000015
2025-07-07 14:27:00,33.68055,1.157407,1.401734621513584,8.767359,9.288191999999999,46.007000000000005,34.85000000000015
2025-07-07 14:30:00,31.56828,1.2152780000000005,1.4081269144178592,8.738424000000002,9.143516,44.56020000000004,34.90000000000015
2025-07-07 14:33:00,33.59375,1.186343,1.378985294110637,8.767364,9.172450999999999,46.29630000000003,34.950000000000145
2025-07-07 14:36:00,33.13079,1.0416659999999993,1.359455144225172,8.535883,9.230327,47.742999999999995,35.00000000000014
2025-07-07 14:39:00,34.72222,1.0995369999999998,1.3936783785158942,8.709494,9.346067,49.47920000000002,35.05000000000014
2025-07-07 14:42:00,33.15972,1.1284720000000004,1.423107228982713,8.651624000000002,9.288191999999999,45.428200000000004,35.100000000000136
2025-07-07 14:45:00,33.59375,1.157407,1.414528506291468,8.767364,9.317127000000001,45.428200000000004,35.150000000000134
2025-07-07 14:48:00,32.11805,1.0995369999999998,1.3811488149962778,8.593754,9.201387,46.5856,35.20000000000013
2025-07-07 14:51:00,32.08912,1.157407,1.388871466659957,8.622684,9.114587,47.742999999999995,35.25000000000013
2025-07-07 14:54:00,34.20139,1.2442130000000002,1.4240219219282464,8.796294,9.172450999999999,44.849500000000006,35.300000000000125
2025-07-07 14:57:00,34.69329,1.1863419999999998,1.4309994049870047,8.825229,9.346067,46.00690000000003,35.35000000000012
2025-07-07 15:00:00,33.68055,1.2442130000000002,1.4107079815363768,8.825234000000002,9.172450999999999,47.742999999999995,35.40000000000012
2025-07-07 15:03:00,31.56828,1.0995370000000007,1.4061393198573031,8.651624000000002,9.317127,45.13889999999998,35.45000000000012
2025-07-07 15:06:00,31.07639,1.0416670000000003,1.408126414055142,8.593754,9.403936999999999,48.32169999999999,35.500000000000114
2025-07-07 15:09:00,33.68055,1.1284720000000004,1.397919423557956,8.593748,9.172456,47.16439999999997,35.55000000000011
2025-07-07 15:12:00,31.56828,1.0416660000000002,1.347136635134438,8.535878,9.201391999999998,45.717600000000004,35.60000000000011
2025-07-07 15:15:00,32.08912,1.0995369999999998,1.3936783785158942,8.564814,9.201387,47.164300000000026,35.650000000000105
2025-07-07 15:18:00,31.56828,1.1574080000000002,1.3759333111214485,8.680554,9.143516,44.560100000000034,35.7000000000001
2025-07-07 15:21:00,33.13079,1.070602,1.389013943919471,8.680554,9.375001999999999,44.84960000000001,35.7500000000001
2025-07-07 15:24:00,33.13079,1.0995369999999998,1.3685576715313148,8.680554,9.259257,44.84960000000001,35.8000000000001
2025-07-07 15:27:00,31.56828,1.0995369999999998,1.3811488149962778,8.593754,9.201387,45.42830000000001,35.850000000000094
2025-07-07 15:30:00,31.59722,1.0995369999999998,1.381153155787102,8.622684,9.230327,45.42829999999998,35.90000000000009
2025-07-07 15:33:00,33.15972,1.0416660000000002,1.3717110046944774,8.506948,9.230322000000001,47.74309999999997,35.95000000000009
2025-07-07 15:36:00,32.11805,1.070602,1.3766505529859898,8.478014,9.143522,48.032400000000024,36.000000000000085
2025-07-07 15:39:00,32.60995,1.1284720000000004,1.3467155280723297,8.564818,9.027776,47.4537,36.05000000000008
2025-07-07 15:42:00,31.56828,1.0416660000000002,1.3594551442251726,8.506948,9.201391999999998,46.0069,36.10000000000008
2025-07-07 15:45:00,33.68055,1.1284720000000004,1.397919423557956,8.593748,9.172456,46.0069,36.15000000000008
2025-07-07 15:48:00,33.15972,1.0416659999999993,1.359455144225172,8.535883,9.230327,47.16439999999997,36.200000000000074
2025-07-07 15:51:00,33.15972,0.9837959999999999,1.3723709944254336,8.391202999999999,9.259257,49.47919999999996,36.25000000000007
2025-07-07 15:54:00,33.59375,1.070601,1.389013349043431,8.709488,9.403937,48.61109999999999,36.30000000000007
2025-07-07 15:57:00,31.56828,1.070601,1.401310513475894,8.651618000000001,9.374997,47.16439999999997,36.350000000000065
2025-07-07 16:00:00,33.13079,1.070601,1.413551424838025,8.593748,9.346067,47.74299999999997,36.40000000000006
2025-07-07 16:03:00,33.68055,1.070601,1.3766499616545613,8.593748,9.259257,46.007000000000005,36.45000000000006
2025-07-07 16:06:00,31.56828,1.070602,1.3766505529859898,8.622684,9.288191999999999,46.296299999999974,36.50000000000006
2025-07-07 16:09:00,31.56828,1.0995369999999998,1.381148814996278,8.709494,9.317127000000001,45.71769999999998,36.550000000000054
2025-07-07 16:12:00,33.13079,1.0995369999999998,1.3936783785158942,8.738424,9.374997,48.032400000000024,36.60000000000005
2025-07-07 16:15:00,32.60995,1.1284720000000004,1.3979150476372324,8.680558,9.259256,45.42829999999998,36.65000000000005
2025-07-07 16:18:00,33.68055,1.0995369999999998,1.406143616197369,8.622683,9.288196,47.16439999999997,36.700000000000045
2025-07-07 16:21:00,32.60995,1.070601,1.413551424838025,8.709488,9.461807,49.189899999999966,36.75000000000004
2025-07-07 16:24:00,33.15972,1.070601,1.389013349043431,8.709488,9.403937,48.03239999999997,36.80000000000004
2025-07-07 16:27:00,33.68055,1.1284720000000004,1.4231072289827138,8.767364,9.403932000000001,47.164300000000026,36.85000000000004
2025-07-07 16:30:00,32.11805,1.2152780000000005,1.4081269144178592,8.883104,9.288196,48.321699999999964,36.900000000000034
2025-07-07 16:33:00,30.52662,1.1284720000000004,1.4105458683877017,8.738424000000002,9.346062,43.98149999999998,36.95000000000003
2025-07-07 16:36:00,32.60995,1.273148,1.4263764451908971,8.854169,9.172450999999999,48.321800000000025,37.00000000000003
2025-07-07 16:39:00,30.00578,1.157407,1.388871466659957,8.709489,9.201391999999998,46.0069,37.050000000000026
2025-07-07 16:42:00,30.00578,1.2152769999999995,1.4081263628141867,8.854164,9.259257,44.84960000000001,37.10000000000002
2025-07-07 16:45:00,30.52662,1.2442130000000002,1.4240219219282464,8.940969,9.317126,46.0069,37.15000000000002
2025-07-07 16:48:00,31.59722,1.2442130000000002,1.410707981536377,8.912039,9.259256,43.98150000000001,37.20000000000002
2025-07-07 16:51:00,30.52662,1.157407,1.4145329168761336,8.709489,9.259262,47.4537,37.250000000000014
2025-07-07 16:54:00,30.00578,1.157407,1.388871466659957,8.738424000000002,9.230327,44.56019999999998,37.30000000000001
2025-07-07 16:57:00,32.11805,1.2152780000000005,1.4343289504111696,8.796294,9.259256,46.87500000000003,37.35000000000001
2025-07-07 17:00:00,31.56828,1.157407,1.3888670081745338,8.767364,9.259257,45.717600000000004,37.400000000000006
2025-07-07 17:03:00,31.56828,1.1863419999999998,1.3920984685464388,8.796299,9.230327,47.74309999999997,37.45
2025-07-07 17:06:00,31.56828,1.1863419999999998,1.4181016791894945,8.825229,9.317127000000001,47.453700000000026,37.5
2025-07-07 17:09:00,31.56828,1.1863419999999998,1.4309994049870047,8.825229,9.346067,47.16439999999997,37.55
2025-07-07 17:12:00,31.56828,1.1863419999999998,1.4181016791894938,8.854169,9.346067,47.1643,37.599999999999994
2025-07-07 17:15:00,31.56828,1.1863419999999998,1.4051338053756548,8.796299,9.259257,46.00699999999998,37.64999999999999
2025-07-08 07:57:00,40.48032,0.7233799999999997,1.3272369109895552,7.5520819999999995,9.027782,51.79399999999998,37.64999999999999
2025-07-08 08:00:00,38.36805,0.8680560000000002,1.3659984888183179,8.217593,9.374997,49.47920000000002,37.69999999999999
2025-07-08 08:03:00,42.01389,0.8680560000000002,1.3324293296030054,8.072922,9.143515999999998,50.636600000000016,37.749999999999986
2025-07-08 08:06:00,56.59722,0.5787040000000001,1.3280141108322525,7.17593,9.143515999999998,56.42359999999999,37.79999999999998
2025-07-08 08:09:00,44.61805,0.6655090000000001,1.372430646996814,7.667827,9.461808000000001,52.08329999999998,37.84999999999998
2025-07-08 08:12:00,44.61805,0.9548610000000002,1.3891816946076654,8.130787000000002,9.114586,51.50459999999998,37.89999999999998
2025-07-08 08:15:00,42.01389,0.868055,1.3548540435614476,8.188662,9.317127000000001,49.76849999999999,37.949999999999974
2025-07-08 08:18:00,48.78472,0.694445,1.2642250535947674,7.60995,8.998845,53.24080000000001,37.99999999999997
2025-07-08 08:21:00,59.75116,0.5497690000000004,1.29322014551362,7.031254000000001,8.998845,58.44909999999999,38.04999999999997
2025-07-08 08:24:00,51.38889,0.78125,1.3910198007899375,8.015048,9.490738,51.50460000000001,38.099999999999966
2025-07-08 08:27:00,47.74305,1.0127309999999996,1.4259410914537827,8.506943,9.432872,52.08330000000001,38.14999999999996
2025-07-08 08:30:00,49.30555,1.0995369999999998,1.4185418047623541,8.478012999999999,9.172456,48.90040000000002,38.19999999999996
2025-07-08 08:36:00,44.12616,1.157407,1.4017346215135846,8.535884,9.056717,49.76850000000002,38.29999999999996
2025-07-08 08:39:00,43.57639,1.1284720000000004,1.4105458683877017,8.478014000000002,9.085652,51.504699999999985,38.34999999999996
2025-07-08 08:42:00,44.61805,1.2442130000000002,1.4107125953639987,8.651619,8.998846,47.4537,38.399999999999956
2025-07-08 08:45:00,40.97222,1.157407,1.3888670081745338,8.506949,8.998842,48.0325,38.44999999999995
2025-07-08 08:48:00,42.01389,1.1284719999999995,1.3596239479717773,8.362273,8.854171000000001,47.4537,38.49999999999995
2025-07-08 08:51:00,43.08449,0.9548610000000002,1.3659169642361575,8.043978,8.969907,50.05790000000002,38.54999999999995
2025-07-08 08:54:00,54.51389,0.78125,1.2843781932728617,7.52315,8.709489999999999,54.3982,38.599999999999945
2025-07-08 08:57:00,49.30555,0.868055,1.3548579022515006,7.957178,9.085653,52.08329999999998,38.64999999999994
2025-07-08 09:00:00,46.18055,1.0127310000000005,1.3663322015288044,8.246528,9.027777,50.63659999999999,38.69999999999994
2025-07-08 09:03:00,47.22222,1.0127309999999996,1.3542414786119488,8.217588,8.969907000000001,49.189899999999994,38.749999999999936
2025-07-08 09:06:00,49.82639,1.1284720000000004,1.3724558117589634,8.391208,8.912036,48.61109999999999,38.79999999999993
2025-07-08 09:09:00,50.34722,1.0416660000000002,1.359459391344906,8.275458,8.969912,52.08330000000001,38.84999999999993
2025-07-08 09:12:00,46.18055,1.070602,1.3890139439194717,8.362264,9.056712000000001,50.63659999999999,38.89999999999993
2025-07-08 09:15:00,43.08449,1.070602,1.413552026720277,8.391204000000002,9.143522,50.63659999999999,38.949999999999925
2025-07-08 09:18:00,41.49305,1.1284720000000004,1.4105458683877017,8.506949,9.114587,48.6112,38.99999999999992
2025-07-08 09:21:00,37.32639,1.1284719999999995,1.3852218572978818,8.449074,8.998842,48.61110000000002,39.04999999999992
2025-07-08 09:24:00,36.80555,1.2442130000000002,1.3973210013037471,8.564819,8.883106,47.74309999999997,39.099999999999916
2025-07-08 09:27:00,43.02662,0.8391209999999996,1.3018713955506784,7.667821,8.738430000000001,50.34719999999999,39.14999999999991
2025-07-08 09:30:00,40.42245,1.0127319999999997,1.3542420856308743,8.101848,8.854166,50.34719999999999,39.19999999999991
2025-07-08 09:33:00,40.42245,1.0127309999999996,1.3420904247829086,8.188653,8.912042,52.08329999999998,39.24999999999991
2025-07-08 09:36:00,38.36805,1.070602,1.3642279536898692,8.304394,8.940971999999999,49.76849999999999,39.299999999999905
2025-07-08 09:39:00,37.29745,1.157407,1.36292101376888,8.478014000000002,8.912037,48.032399999999996,39.3499999999999
2025-07-08 09:42:00,38.36805,1.070601,1.3391766160010579,8.391208,8.969907000000001,46.5857,39.3999999999999
2025-07-08 09:45:00,37.81829,1.0416660000000002,1.347136635134438,8.304398,8.969912,48.61109999999999,39.449999999999896
2025-07-08 09:48:00,37.87616,1.070601,1.3642273659300457,8.420138,9.056717,50.34729999999999,39.49999999999989
2025-07-08 09:51:00,38.88889,1.0127309999999996,1.366332201528803,8.246528000000001,9.027777,47.1643,39.54999999999989
2025-07-08 09:54:00,37.81829,1.0127309999999996,1.3783681691470229,8.275463,9.085652,46.875,39.59999999999989
2025-07-08 09:57:00,36.80555,1.070601,1.3642230607563106,8.391208,9.027777,47.4537,39.649999999999885
2025-07-08 10:00:00,37.32639,1.1574080000000002,1.3629215713534235,8.478014,8.912036,45.13889999999998,39.69999999999988
2025-07-08 10:03:00,37.32639,1.1574080000000002,1.3759333111214491,8.535884,8.998846,47.4537,39.74999999999988
2025-07-08 10:06:00,37.32639,1.0995369999999998,1.381153155787102,8.449074,9.056717,44.849500000000006,39.799999999999876
2025-07-08 10:09:00,37.32639,1.157407,1.3759327499894825,8.593754,9.056717,47.1644,39.84999999999987
2025-07-08 10:12:00,38.88889,1.2152780000000005,1.3816258288671766,8.680554,9.027776,46.875,39.89999999999987
2025-07-08 10:15:00,38.88889,1.1284720000000004,1.3724558117589634,8.593754,9.114581999999999,48.32170000000002,39.94999999999987
2025-07-08 10:18:00,39.40972,1.070601,1.3642273659300457,8.420138,9.056717,44.84959999999998,39.999999999999865
2025-07-08 10:21:00,42.53472,1.070602,1.389009682633929,8.333338000000001,9.027776,48.32169999999999,40.04999999999986
2025-07-08 10:24:00,42.53472,1.0127309999999996,1.3542414786119488,8.333333,9.085652,50.636499999999984,40.09999999999986
2025-07-08 10:27:00,40.48032,1.070601,1.3642230607563106,8.449078,9.085647,49.47909999999999,40.14999999999986
2025-07-08 10:30:00,39.40972,1.0416660000000002,1.3594551442251726,8.420138,9.114581999999999,48.61110000000002,40.199999999999854
2025-07-08 10:33:00,39.38079,1.0127309999999996,1.3542414786119488,8.333333,9.085652,51.50460000000001,40.24999999999985
2025-07-08 10:36:00,37.87616,1.0127309999999996,1.3420862140257996,8.333333,9.056712000000001,45.7175,40.29999999999985
2025-07-08 10:39:00,35.27199,1.0416670000000003,1.3717116055120049,8.420144,9.143517,43.98140000000001,40.349999999999845
2025-07-08 10:42:00,36.28472,1.157407,1.3759327499894825,8.593754,9.056717,46.0069,40.39999999999984
2025-07-08 10:45:00,34.20139,1.0995370000000007,1.3936783785158946,8.506944,9.143517,46.58570000000003,40.44999999999984
2025-07-08 10:48:00,35.27199,1.0127319999999997,1.3052478517250217,8.362272999999998,8.998840999999999,47.16440000000003,40.49999999999984
2025-07-08 10:51:00,37.81829,0.868055,1.3659978118078153,7.928242000000001,9.085647,52.66209999999998,40.549999999999834
2025-07-08 10:54:00,34.72222,1.0416660000000002,1.3594551442251726,8.391208,9.085652,47.16440000000003,40.59999999999983
2025-07-08 10:57:00,33.68055,1.0995369999999998,1.3431664569555333,8.535884,9.056717,49.18980000000002,40.64999999999983
2025-07-08 11:00:00,32.60995,1.0995370000000007,1.381148814996278,8.478014000000002,9.085647,46.2963,40.699999999999825
2025-07-08 11:03:00,31.56828,1.1863419999999998,1.378984741333412,8.564819,8.969907000000001,45.71769999999998,40.74999999999982
2025-07-08 11:06:00,32.11805,1.157407,1.3888670081745338,8.564819,9.056712000000001,45.13899999999998,40.79999999999982
2025-07-08 11:09:00,31.59722,1.2152780000000005,1.3548090720199013,8.593754,8.883106,46.00699999999998,40.84999999999982
2025-07-08 11:12:00,31.56828,1.2152780000000005,1.3548090720199013,8.593754,8.883106,45.428199999999975,40.899999999999814
2025-07-08 11:15:00,31.59722,1.157407,1.3498388142386293,8.535884,8.940977,47.1643,40.94999999999981
2025-07-08 11:18:00,31.59722,1.2442130000000002,1.3838495760276541,8.564819,8.854166,46.58559999999997,40.99999999999981
2025-07-08 11:21:00,31.56828,1.157407,1.3498388142386293,8.478014000000002,8.883107,46.0069,41.049999999999805
2025-07-08 11:24:00,31.56828,1.2152780000000005,1.3816258288671766,8.535884,8.883106,42.534700000000015,41.0999999999998
2025-07-08 11:27:00,31.10532,1.1863419999999998,1.378989285674522,8.535879,8.940977,46.87500000000003,41.1499999999998
2025-07-08 11:30:00,31.59722,1.157407,1.3366750362608166,8.449074,8.825227,44.27080000000001,41.1999999999998
2025-07-08 11:33:00,31.07639,1.157407,1.3366750362608166,8.449074,8.825227,44.560100000000006,41.249999999999794
2025-07-08 11:54:00,33.68055,1.8229160000000002,1.2293992437908254,8.362269,7.320602999999999,52.37269999999998,41.249999999999794
2025-07-08 11:57:00,33.10185,1.5335640000000001,1.2551897059991395,8.188659,7.667825000000001,51.79399999999998,41.249999999999794
2025-07-08 12:03:00,30.49768,1.2442130000000002,1.3152265424827425,7.928244,8.072921000000001,50.92599999999999,41.249999999999794
2025-07-08 12:12:00,34.11459,1.359953,1.2862617712216786,8.072914,7.928241,54.97689999999997,41.249999999999794
2025-07-08 12:18:00,31.51042,1.967593,1.243428767979492,8.85417,7.609957,49.76850000000002,41.249999999999794
2025-07-08 12:21:00,36.19791,1.7071759999999996,1.2947957711757183,8.709494,7.957178000000001,54.108799999999974,41.249999999999794
2025-07-08 12:24:00,36.71875,1.6203699999999994,1.24092802781394,8.535884,7.8414340000000005,56.42359999999999,41.249999999999794
2025-07-08 12:27:00,32.55209,1.851852,1.2404930317698422,8.709489,7.6388869999999995,51.79390000000001,41.249999999999794
2025-07-08 12:30:00,31.51042,1.9965270000000004,1.2540492141423794,8.796299,7.523152,49.18979999999999,41.249999999999794
2025-07-08 12:33:00,32.03125,1.8807869999999998,1.231563394886643,8.680559,7.552082,49.76849999999996,41.249999999999794
2025-07-08 12:36:00,33.3912,1.5914349999999997,1.2633574488475103,8.391199,7.783564000000001,52.37270000000001,41.249999999999794
2025-07-08 12:42:00,34.60648,2.2858789999999996,1.242741233155914,8.883104,7.175925,52.08330000000001,41.249999999999794
2025-07-08 13:24:00,31.01852,1.2442130000000002,1.4504203518566205,8.969909,9.403936,44.849500000000035,41.249999999999794
2025-07-08 13:27:00,31.01852,1.1863419999999998,1.392098468546438,8.825229,9.259257,46.87500000000003,41.249999999999794
2025-07-08 13:30:00,31.07639,1.157407,1.388871466659957,8.622684,9.114587,48.32170000000002,41.249999999999794
2025-07-08 13:33:00,30.55556,1.157407,1.3888670081745338,8.535884,9.027777,45.428199999999975,41.249999999999794
2025-07-08 13:39:00,30.55556,1.1284720000000004,1.3596239479717787,8.420138,8.912036,46.00689999999997,41.249999999999794
2025-07-08 13:42:00,30.00578,1.0995369999999998,1.3303627339816946,8.420144,8.912037,46.5856,41.249999999999794
2025-07-08 13:54:00,31.07639,1.157407,1.3366795984633102,8.420138,8.796301,46.29630000000003,41.249999999999794
2025-07-08 14:06:00,30.52662,1.1574080000000002,1.34983936824562,8.420144,8.825236,45.13890000000001,41.249999999999794
2025-07-08 14:09:00,30.52662,1.1284720000000004,1.3596239479717778,8.449074,8.940971999999999,46.296299999999974,41.249999999999794
2025-07-08 14:18:00,32.11805,1.1284720000000004,1.3852218572978827,8.420138,8.969906,47.453700000000026,41.249999999999794
2025-07-08 14:21:00,31.59722,1.070601,1.3642230607563106,8.391208,9.027777,46.29619999999997,41.29999999999979
2025-07-08 14:24:00,32.11805,1.1284720000000004,1.3467155280723306,8.506948,8.969906,47.74310000000003,41.34999999999979
2025-07-08 14:27:00,30.06366,1.070602,1.3517359623756344,8.391204,8.998842,45.428200000000004,41.399999999999785
2025-07-08 14:30:00,32.11805,1.1284719999999995,1.3467155280723293,8.362273,8.825230999999999,46.2963,41.44999999999978
2025-07-08 14:33:00,31.56828,1.0995369999999998,1.3303671707349056,8.304394,8.796297000000001,46.875,41.49999999999978
2025-07-08 14:36:00,30.55556,1.0416660000000002,1.3097804705546898,8.275458,8.854161999999999,44.27090000000001,41.54999999999978
2025-07-08 14:39:00,32.11805,1.2152780000000005,1.327658393091659,8.449074,8.680556,46.87500000000003,41.599999999999774
2025-07-08 14:42:00,32.11805,1.0995369999999998,1.3303627339816957,8.217592999999999,8.709486,44.84959999999998,41.64999999999977
2025-07-08 14:45:00,30.55556,1.0416660000000002,1.3097804705546898,8.217588000000001,8.796292000000001,46.58560000000003,41.69999999999977
2025-07-08 14:48:00,31.07639,1.1284720000000004,1.3467155280723306,8.246528,8.709486,46.585699999999974,41.749999999999766
2025-07-08 14:51:00,30.52662,1.0127310000000005,1.3298690887217768,8.130788,8.825227,44.56019999999998,41.79999999999976
2025-07-08 14:54:00,30.52662,1.070601,1.3265537153801936,8.217588000000001,8.767357,44.27079999999998,41.84999999999976
2025-07-08 14:57:00,31.07639,1.1284720000000004,1.3337375210839846,8.275458,8.709486,45.42830000000001,41.89999999999976
2025-07-08 15:03:00,30.00578,1.0416659999999993,1.3097804705546892,8.333333,8.912037,46.875,41.89999999999976
2025-07-08 15:06:00,30.00578,1.0416659999999993,1.2971905278368938,8.275463,8.825227,44.849500000000006,41.89999999999976
2025-07-08 15:15:00,30.06366,1.1574080000000002,1.34983936824562,8.449074,8.854166,45.13889999999998,41.89999999999976
2025-07-08 15:21:00,30.52662,1.070602,1.326554292245625,8.391204,8.940971999999999,43.69210000000001,41.89999999999976
2025-07-08 15:27:00,30.00578,1.1574080000000002,1.3629215713534235,8.478014,8.912036,47.1644,41.89999999999976
2025-07-08 15:30:00,30.00578,1.157407,1.3366795984633102,8.506944,8.883107,44.56030000000001,41.89999999999976
2025-07-08 15:45:00,30.00578,1.2152780000000005,1.3816258288671766,8.535884,8.883106,46.007000000000005,41.89999999999976
2025-07-08 15:51:00,30.00578,1.1574080000000002,1.3366755866567315,8.535884,8.912036,45.717600000000004,41.89999999999976
2025-07-08 15:54:00,30.00578,1.1574080000000002,1.3629215713534235,8.478014,8.912036,46.29630000000003,41.89999999999976
2025-07-08 16:00:00,31.07639,1.2442130000000002,1.3973210013037471,8.622684,8.940971000000001,47.16439999999997,41.89999999999976
2025-07-09 07:54:00,42.53472,0.5497680000000003,1.256002933494866,6.9444479999999995,8.7963,51.215299999999985,41.89999999999976
2025-07-09 07:57:00,38.36805,0.9837959999999999,1.3365802177631174,8.043982999999999,8.825227,48.0325,41.949999999999754
2025-07-09 08:00:00,43.08449,0.9259259999999996,1.3124551960662052,7.9571760000000005,8.825230000000001,50.347200000000015,41.99999999999975
2025-07-09 08:03:00,59.20139,0.6076389999999998,1.3340565452864013,7.2338,9.114581,54.3981,42.04999999999975
2025-07-09 08:06:00,49.82639,0.9259259999999996,1.4160012665717303,8.304397999999999,9.432872,48.6112,42.099999999999746
2025-07-09 08:09:00,46.18055,1.0995369999999998,1.4061393198573027,8.593754,9.259257,45.42830000000001,42.14999999999974
2025-07-09 08:12:00,55.55556,1.1863420000000007,1.3789892856745216,8.651618000000001,9.056715999999998,46.2963,42.19999999999974
2025-07-09 08:15:00,57.14699,1.0995369999999998,1.3431664569555328,8.478007999999999,8.998840999999999,47.1644,42.24999999999974
2025-07-09 08:18:00,59.20139,0.9259259999999996,1.34743650857422,8.072913,9.027777,51.79400000000001,42.299999999999734
2025-07-09 08:21:00,57.63889,0.7523149999999994,1.285490647137842,7.696762,8.969907000000001,49.47910000000002,42.34999999999973
2025-07-09 08:24:00,61.77662,0.49189799999999995,1.2763147981356247,6.85764,8.998842,56.42360000000002,42.39999999999973
2025-07-09 08:27:00,38.36805,0.6944439999999998,1.375882440899828,7.957179,9.664355,50.34729999999999,42.449999999999726
2025-07-09 08:30:00,33.15972,0.868055,1.332432555614492,7.986113,9.056718,47.742999999999995,42.49999999999972
2025-07-09 08:33:00,34.72222,1.0127319999999997,1.2928398811179473,7.986108,8.593746,48.321800000000025,42.54999999999972
2025-07-09 08:36:00,37.32639,0.6365739999999995,1.220251571808837,7.204860999999999,8.651617,50.05789999999996,42.59999999999972
2025-07-09 08:39:00,32.60995,0.868055,1.3548579022515006,7.899308,9.027783,46.00699999999998,42.649999999999714
2025-07-09 08:42:00,33.68055,1.1574080000000002,1.34983936824562,8.564814,8.969906,45.13889999999998,42.69999999999971
2025-07-09 08:45:00,37.32639,1.1284719999999995,1.3467200011605094,8.506943,8.969911,47.4538,42.74999999999971
2025-07-09 08:48:00,36.80555,1.0127309999999996,1.3175928056783595,8.333333,8.998842,44.849500000000006,42.799999999999706
2025-07-09 08:51:00,34.72222,1.0995369999999998,1.3303627339816957,8.478014,8.969907000000001,44.27090000000001,42.8499999999997
2025-07-09 08:54:00,35.21412,1.0416660000000002,1.322300998887616,8.362268,8.969912,45.7175,42.8999999999997
2025-07-09 08:57:00,32.11805,1.070602,1.3391771965274462,8.420144,8.998842,46.875,42.9499999999997
2025-07-09 09:00:00,30.55556,1.0995370000000007,1.343166456955533,8.449074,8.969907,45.13889999999998,42.999999999999694
2025-07-09 09:03:00,31.59722,1.157407,1.3366750362608173,8.506948,8.883101,43.69210000000004,43.04999999999969
2025-07-09 09:06:00,31.59722,1.1284720000000004,1.3467200011605098,8.506944,8.969912,46.5856,43.09999999999969
2025-07-09 09:09:00,33.15972,1.273148,1.3856689920563643,8.709489,8.940971000000001,44.84959999999998,43.149999999999686
2025-07-09 09:12:00,34.17245,1.2152780000000005,1.3682603262245105,8.738424000000002,9.056716,46.00699999999998,43.19999999999968
2025-07-09 09:15:00,35.21412,1.2152780000000005,1.3949124663350474,8.767364,9.143516,46.0069,43.24999999999968
2025-07-09 09:18:00,36.28472,1.070602,1.3766505529859898,8.593754,9.259262,50.636600000000016,43.29999999999968
2025-07-09 09:21:00,38.88889,1.070602,1.3642236485148955,8.333338000000001,8.969906,48.32179999999997,43.349999999999675
2025-07-09 09:24:00,37.32639,1.0416659999999993,1.3839099293356478,8.333333,9.085647,53.24080000000001,43.39999999999967
2025-07-09 09:27:00,35.76389,1.0416660000000002,1.3717152304232774,8.420138,9.143522,48.032399999999996,43.44999999999967
2025-07-09 09:30:00,34.17245,1.1863419999999998,1.3920984685464388,8.622689,9.056717,48.61110000000002,43.499999999999666
2025-07-09 09:33:00,33.15972,1.2152769999999995,1.368255151256863,8.593754,8.912037,46.00699999999998,43.54999999999966
2025-07-09 09:36:00,33.68055,1.2152769999999995,1.3548038721703577,8.535884,8.825227,47.16439999999997,43.59999999999966
2025-07-09 09:39:00,32.66782,1.157407,1.3629255227133064,8.478009,8.912042,47.74299999999997,43.64999999999966
2025-07-09 09:42:00,33.10185,1.2152769999999995,1.368255151256863,8.506944,8.825227,46.58560000000003,43.699999999999655
2025-07-09 09:45:00,32.66782,1.157407,1.3366750362608166,8.478009,8.854161999999999,48.61119999999997,43.74999999999965
2025-07-09 09:48:00,34.17245,1.2442130000000002,1.3703007633239381,8.478009,8.738426,45.13889999999998,43.79999999999965
2025-07-09 09:51:00,34.72222,1.2442130000000002,1.3703007633239381,8.564819,8.825236,47.453700000000026,43.849999999999646
2025-07-09 09:54:00,36.28472,1.2442130000000002,1.3973210013037471,8.535884,8.854171000000001,45.717600000000004,43.89999999999964
2025-07-09 09:57:00,39.38079,1.186343,1.3658002327417789,8.420144,8.796301,50.636600000000016,43.94999999999964
2025-07-09 10:00:00,35.21412,1.157407,1.3629255227133064,8.478009,8.912042,47.74309999999997,43.99999999999964
2025-07-09 10:03:00,35.21412,1.1284720000000004,1.3596239479717778,8.449074,8.940971999999999,48.61109999999999,44.049999999999635
2025-07-09 10:06:00,35.76389,1.2152780000000005,1.3949124663350474,8.535884,8.912036,48.90039999999999,44.09999999999963
2025-07-09 10:09:00,33.68055,1.157407,1.3759327499894818,8.506949,8.969912,46.58559999999997,44.14999999999963
2025-07-09 10:12:00,32.11805,1.1284720000000004,1.3724558117589634,8.564819,9.085647,47.16440000000003,44.199999999999626
2025-07-09 10:15:00,31.59722,1.157407,1.3629255227133064,8.651619,9.085652,46.2963,44.24999999999962
2025-07-09 10:18:00,31.59722,1.1863419999999998,1.365799683496912,8.651619,9.027777,43.692199999999985,44.29999999999962
2025-07-09 10:21:00,31.56828,1.2152769999999995,1.3682551512568646,8.651623999999998,8.969907000000001,45.42820000000003,44.34999999999962
2025-07-09 10:24:00,32.11805,1.1863419999999998,1.378989285674522,8.651619,9.056717,47.4537,44.399999999999615
2025-07-09 10:27:00,32.66782,1.273148,1.4128903096706118,8.709494,8.998846,46.29630000000003,44.44999999999961
2025-07-09 10:30:00,31.56828,1.2152769999999995,1.3949119181907499,8.709494,9.085647,44.27090000000001,44.49999999999961
2025-07-09 10:33:00,32.66782,1.157407,1.3759327499894825,8.535879,8.998842,49.47920000000002,44.549999999999606
2025-07-09 10:36:00,31.56828,1.0995369999999998,1.3303671707349056,8.449074,8.940977,45.42829999999998,44.5999999999996
2025-07-09 10:39:00,31.56828,1.0995369999999998,1.3303627339816957,8.478014,8.969907000000001,44.27080000000001,44.6499999999996
2025-07-09 10:42:00,32.11805,1.070602,1.3265542922456257,8.449074,8.998842,48.0325,44.6999999999996
2025-07-09 10:45:00,32.60995,1.0995369999999998,1.3685576715313152,8.449074,9.027777,45.42820000000003,44.749999999999595
2025-07-09 10:48:00,30.55556,1.070602,1.3517359623756335,8.333334,8.940971999999999,46.875,44.79999999999959
2025-07-09 10:51:00,30.00578,1.0995369999999998,1.3303671707349056,8.449074,8.940977,46.875,44.84999999999959
2025-07-09 11:00:00,31.59722,1.1574080000000002,1.3629260802990795,8.564814,8.998846,45.717600000000004,44.84999999999959
2025-07-09 11:03:00,30.55556,1.157407,1.3629255227133064,8.622684,9.056717,43.98150000000001,44.84999999999959
2025-07-09 11:12:00,31.56828,1.2442130000000002,1.3973210013037471,8.564819,8.883106,45.717599999999976,44.84999999999959
2025-07-09 11:18:00,30.06366,1.1863419999999998,1.365799683496912,8.651619,9.027777,48.032399999999996,44.84999999999959
2025-07-09 11:21:00,30.55556,1.157407,1.3498388142386293,8.535884,8.940977,43.69210000000001,44.84999999999959
2025-07-09 11:24:00,30.55556,1.157407,1.3498388142386293,8.535884,8.940977,45.138900000000035,44.84999999999959
2025-07-09 11:27:00,31.59722,1.2152780000000005,1.3949170456324205,8.622684,8.998846,45.717600000000004,44.84999999999959
2025-07-09 11:30:00,32.11805,1.0995369999999998,1.3431664569555328,8.564814,9.085647,45.13890000000001,44.84999999999959
2025-07-09 11:33:00,32.11805,1.1284720000000004,1.3467200011605098,8.449074,8.912042,44.56020000000001,44.84999999999959
2025-07-09 12:18:00,33.59375,1.5625,1.2165850865211059,8.449074,7.812504,50.92590000000001,44.84999999999959
2025-07-09 12:30:00,34.14352,1.5914359999999999,1.211214506031161,8.564814,7.870368000000001,51.215299999999985,44.84999999999959
2025-07-09 12:39:00,34.11459,1.8807870000000007,1.2315633948866445,8.767364,7.638887,51.79399999999998,44.84999999999959
2025-07-09 13:03:00,30.96065,0.9548610000000002,1.4690536773409704,7.494209,8.680558000000001,50.34730000000002,44.84999999999959
2025-07-09 13:21:00,31.56828,1.1574080000000002,1.4145334884696161,8.854164,9.403936,45.42830000000001,44.84999999999959
2025-07-09 13:24:00,31.56828,1.0995369999999998,1.3936783785158942,8.709494,9.346067,43.40280000000001,44.84999999999959
2025-07-09 13:27:00,30.00578,1.157407,1.401734621513584,8.738424000000002,9.259257,42.24539999999996,44.84999999999959
2025-07-09 13:30:00,32.55209,1.0995369999999998,1.3685576715313148,8.593754,9.172457,44.84949999999998,44.84999999999959
2025-07-09 13:33:00,30.55556,1.070602,1.3517359623756344,8.535884,9.143522,46.296299999999974,44.84999999999959
2025-07-09 13:39:00,30.55556,1.0995369999999998,1.3431664569555333,8.535884,9.056717,46.0069,44.84999999999959
2025-07-09 13:42:00,30.55556,1.157407,1.3759327499894825,8.593754,9.056717,44.84960000000001,44.84999999999959
2025-07-09 13:48:00,30.00578,1.157407,1.362921013768881,8.593754,9.027777,46.296299999999974,44.84999999999959
2025-07-09 13:51:00,32.08912,1.1284720000000004,1.3724558117589634,8.506948,9.027776,46.2963,44.89999999999959
2025-07-09 13:54:00,32.11805,1.0416659999999993,1.359455144225172,8.362273,9.056717,46.875,44.949999999999584
2025-07-09 13:57:00,31.56828,1.0416659999999993,1.3097804705546892,8.362273,8.940977,47.16439999999997,44.99999999999958
2025-07-09 14:00:00,32.11805,1.0416660000000002,1.322300998887616,8.304398,8.912042,44.27089999999998,45.04999999999958
2025-07-09 14:03:00,30.06366,1.0416660000000002,1.3097804705546898,8.275458,8.854161999999999,46.29630000000003,45.099999999999575
2025-07-09 14:06:00,31.56828,1.1574080000000002,1.323432564885447,8.420144,8.767356,44.56020000000001,45.14999999999957
2025-07-09 14:09:00,32.11805,1.0416659999999993,1.3097804705546892,8.333333,8.912037,47.74310000000003,45.19999999999957
2025-07-09 14:12:00,31.56828,1.070601,1.3265537153801936,8.362268,8.912037,46.2963,45.24999999999957
2025-07-09 14:15:00,33.15972,1.157407,1.362921013768881,8.449078,8.883101,46.5857,45.299999999999564
2025-07-09 14:18:00,32.66782,1.0995369999999998,1.3431664569555333,8.391202999999999,8.912036,46.296299999999974,45.34999999999956
2025-07-09 14:21:00,33.68055,1.1284720000000004,1.3596239479717787,8.506948,8.998846,44.56020000000004,45.39999999999956
2025-07-09 14:24:00,33.15972,1.1284720000000004,1.3724558117589634,8.449078,8.969906,46.0069,45.449999999999555
2025-07-09 14:27:00,33.68055,1.1284720000000004,1.3724558117589634,8.449078,8.969906,46.58570000000003,45.49999999999955
2025-07-09 14:30:00,31.07639,1.0127309999999996,1.3298733211186065,8.275463,8.969912,46.296299999999974,45.54999999999955
2025-07-09 14:33:00,31.56828,1.0995369999999998,1.3431664569555328,8.362273,8.883106,44.27090000000001,45.59999999999955
2025-07-09 14:36:00,32.11805,1.0416659999999993,1.334749613568428,8.333333,8.969907000000001,43.402799999999985,45.649999999999544
2025-07-09 14:39:00,31.56828,1.070601,1.3391766160010579,8.391208,8.969907000000001,45.428199999999975,45.69999999999954
2025-07-09 14:42:00,31.59722,1.070601,1.3265537153801947,8.420138,8.969907000000001,44.27090000000001,45.74999999999954
2025-07-09 14:45:00,31.56828,1.1284720000000004,1.3596239479717787,8.420138,8.912036,44.84959999999998,45.799999999999535
2025-07-09 14:48:00,31.59722,1.0127309999999996,1.3298690887217763,8.362273,9.056712000000001,46.29630000000003,45.84999999999953
2025-07-09 14:51:00,32.11805,1.0995369999999998,1.3558945556905,8.420143,8.969906,45.42829999999998,45.89999999999953
2025-07-09 14:54:00,33.68055,1.0995369999999998,1.3685576715313152,8.478012999999999,9.056716,45.428199999999975,45.94999999999953
2025-07-09 14:57:00,34.72222,1.0416659999999993,1.3222966842929917,8.478012999999999,9.085647,46.58560000000003,45.999999999999524
2025-07-09 15:00:00,33.13079,0.9837959999999999,1.3365802177631168,8.362273,9.143517,45.13889999999998,46.04999999999952
2025-07-09 15:03:00,33.68055,1.0416659999999993,1.3222966842929917,8.362273,8.969907000000001,46.875,46.09999999999952
2025-07-09 15:06:00,31.56828,1.0995369999999998,1.3936783785158942,8.362273,8.998846,47.45369999999997,46.149999999999515
2025-07-09 15:09:00,32.11805,1.0127309999999996,1.3298733211186065,8.246523,8.940971999999999,45.13889999999998,46.19999999999951
2025-07-09 15:12:00,31.56828,1.1284720000000004,1.397919423557956,8.420138,8.998846,46.58560000000003,46.24999999999951
2025-07-09 15:15:00,30.52662,1.157407,1.3759327499894818,8.622684,9.085647,45.13890000000001,46.29999999999951
2025-07-09 15:18:00,30.00578,1.157407,1.3759327499894818,8.651624000000002,9.114587,46.2963,46.349999999999504
2025-07-09 15:21:00,30.00578,1.1863419999999998,1.3920984685464388,8.622689,9.056717,44.27079999999998,46.3999999999995
2025-07-09 15:24:00,30.00578,1.070602,1.3391771965274462,8.535884,9.114581999999999,45.717599999999976,46.4499999999995
2025-07-09 15:27:00,30.55556,1.0995369999999998,1.3303671707349056,8.564814,9.056717,45.13889999999998,46.499999999999496
2025-07-09 15:30:00,32.60995,1.1574080000000002,1.3759333111214491,8.535884,8.998846,43.113399999999984,46.54999999999949
2025-07-09 15:33:00,31.59722,1.0995369999999998,1.3431664569555333,8.535884,9.056717,45.138900000000035,46.59999999999949
2025-07-09 15:36:00,31.59722,1.070601,1.351735378217635,8.449078,9.056717,48.03239999999997,46.64999999999949
2025-07-09 15:39:00,31.56828,1.1284720000000004,1.3724558117589634,8.449078,8.969906,43.98149999999998,46.699999999999484
2025-07-09 15:42:00,32.11805,1.070601,1.351735378217635,8.420138,9.027777,46.0069,46.74999999999948
2025-07-09 15:45:00,31.59722,1.1284720000000004,1.3467155280723306,8.449078,8.912036,45.717600000000004,46.79999999999948
2025-07-09 15:48:00,31.59722,1.070602,1.3265542922456257,8.449074,8.998842,43.40280000000001,46.849999999999476
2025-07-09 15:51:00,30.00578,1.070602,1.3391771965274462,8.535884,9.114581999999999,45.42829999999998,46.89999999999947
2025-07-09 15:54:00,30.55556,1.1284720000000004,1.3724602350008737,8.535878,9.056716,45.13889999999998,46.94999999999947
2025-07-09 16:00:00,30.55556,1.070601,1.3391766160010579,8.449078,9.027777,46.2963,46.94999999999947
2025-07-09 16:09:00,30.00578,1.1284720000000004,1.3979194235579553,8.651619,9.230326999999999,45.428199999999975,46.94999999999947
2025-07-09 16:12:00,30.55556,1.2152780000000005,1.4212665965921545,8.680554,9.114586,45.13890000000001,46.94999999999947
2025-07-09 17:00:00,30.00578,1.157407,1.3759327499894825,8.622689,9.085652,46.00690000000003,46.94999999999947
2025-07-14 08:12:00,66.55093,0.7233790000000004,1.2434269460776937,7.378472,8.622682999999999,50.925899999999984,46.94999999999947
2025-07-14 08:15:00,74.82639,0.4050929999999999,1.2739310472108265,6.655087999999999,9.172455,61.632000000000005,46.99999999999947
2025-07-14 08:18:00,60.30093,0.49189799999999995,1.3640222082416895,7.233792,9.664354,57.58110000000002,47.049999999999464
2025-07-14 08:21:00,49.30555,0.8391199999999994,1.4007898311010798,8.188653,9.519673000000001,49.18979999999999,47.09999999999946
2025-07-14 08:24:00,56.10532,0.6944440000000007,1.33577660982457,7.60995,9.201386,53.530099999999976,47.14999999999946
2025-07-14 08:27:00,50.89699,0.6944440000000007,1.3957382270238794,7.957172,9.722218,51.50459999999998,47.199999999999456
2025-07-14 08:30:00,44.61805,0.9837959999999999,1.4309228308687125,8.449078,9.461802,49.47919999999999,47.24999999999945
2025-07-14 08:33:00,41.52199,1.0127319999999997,1.4259376469103335,8.535884,9.461802,48.900499999999994,47.29999999999945
2025-07-14 08:36:00,35.73495,1.1574079999999993,1.4272598151612261,8.85417,9.432872,51.21530000000001,47.34999999999945
2025-07-14 08:39:00,32.66782,1.157407,1.401734621513584,8.767359,9.288191999999999,47.453700000000026,47.399999999999444
2025-07-14 08:42:00,33.70949,1.1284720000000004,1.4105458683877017,8.680554,9.288191999999999,46.00690000000003,47.44999999999944
2025-07-14 08:45:00,32.60995,1.0995369999999998,1.381153155787101,8.564814,9.172457,46.2963,47.49999999999944
2025-07-14 08:48:00,31.59722,1.070601,1.364227365930045,8.535878,9.172457,45.42830000000001,47.549999999999436
2025-07-14 08:51:00,31.07639,1.0995369999999998,1.381153155787101,8.564814,9.172457,45.42820000000003,47.59999999999943
2025-07-14 08:54:00,32.66782,1.2152780000000005,1.3949124663350474,8.767364,9.143516,46.2963,47.64999999999943
2025-07-14 08:57:00,34.72222,1.2442130000000002,1.4107125953639987,8.825229,9.172456,45.13890000000001,47.69999999999943
2025-07-14 09:00:00,39.40972,1.2152780000000005,1.4343289504111696,8.796294,9.259256,46.5856,47.749999999999424
2025-07-14 09:03:00,40.97222,1.2731480000000008,1.3856689920563654,8.767364,8.998846,48.900499999999994,47.79999999999942
2025-07-14 09:06:00,47.22222,1.157407,1.36292101376888,8.506948000000001,8.940971,50.63650000000001,47.84999999999942
2025-07-14 09:09:00,48.23495,1.0127309999999996,1.366332201528803,8.304397999999999,9.085647,52.37269999999998,47.899999999999416
2025-07-14 09:12:00,48.29282,0.9837959999999999,1.384189896551528,8.246528000000001,9.143522,50.92590000000001,47.94999999999941
2025-07-14 09:15:00,44.09722,0.9837959999999999,1.384189896551528,8.333333,9.230326999999999,48.0325,47.99999999999941
2025-07-14 09:18:00,39.93055,1.0416670000000003,1.3960497276516564,8.449074,9.230326999999999,49.18980000000002,48.04999999999941
2025-07-14 09:21:00,38.36805,1.070602,1.3766505529859898,8.478014,9.143522,46.875,48.099999999999405
2025-07-14 09:24:00,37.87616,1.1284720000000004,1.397915047637232,8.535884,9.114581999999999,46.875,48.1499999999994
2025-07-14 09:27:00,34.20139,1.070602,1.413552026720277,8.391204000000002,9.143522,49.18980000000002,48.1999999999994
2025-07-14 09:30:00,33.15972,1.0416670000000003,1.3594557414479487,8.391204,9.085647,46.2963,48.249999999999396
2025-07-14 09:33:00,35.27199,1.2152780000000005,1.3949124663350474,8.535884,8.912036,47.453700000000026,48.29999999999939
2025-07-14 09:36:00,33.15972,1.1863419999999998,1.4051338053756548,8.593754,9.056712000000001,47.164300000000026,48.34999999999939
2025-07-14 09:39:00,32.60995,1.1863419999999998,1.4051338053756548,8.593754,9.056712000000001,44.84949999999998,48.39999999999939
2025-07-14 09:42:00,33.15972,1.273148,1.3856689920563643,8.651619,8.883101,46.007000000000005,48.449999999999385
2025-07-14 09:45:00,32.14699,1.070601,1.3391766160010579,8.391208,8.969907000000001,47.16440000000003,48.49999999999938
2025-07-14 09:48:00,33.70949,1.070602,1.3517359623756344,8.362268,8.969906,44.849500000000006,48.54999999999938
2025-07-14 09:51:00,34.20139,0.9548609999999993,1.2827354569201852,8.246528,8.969907000000001,49.47920000000002,48.599999999999376
2025-07-14 09:54:00,32.11805,1.070602,1.3517359623756344,8.449074,9.056712000000001,45.71760000000003,48.64999999999937
2025-07-14 09:57:00,30.55556,1.070601,1.351735378217635,8.420138,9.027777,42.824100000000016,48.69999999999937
2025-07-14 10:00:00,32.60995,1.0416659999999993,1.334749613568428,8.420143,9.056717,45.717600000000004,48.74999999999937
2025-07-14 10:03:00,34.17245,1.070601,1.351735378217635,8.449078,9.056717,47.74309999999997,48.799999999999365
2025-07-14 10:06:00,34.17245,1.0995369999999998,1.3431664569555328,8.593754,9.114587,44.56019999999998,48.84999999999936
2025-07-14 10:09:00,32.66782,1.070602,1.3391815478455669,8.564814,9.143522,44.84949999999998,48.89999999999936
2025-07-14 10:12:00,33.13079,1.070602,1.4013111118678332,8.478014,9.201391999999998,47.74300000000002,48.949999999999356
2025-07-14 10:15:00,32.60995,1.1284720000000004,1.3596239479717778,8.622684,9.114581999999999,46.007000000000005,48.99999999999935
2025-07-14 10:18:00,34.20139,1.0995369999999998,1.3431664569555328,8.593754,9.114587,48.61119999999997,49.04999999999935
2025-07-14 10:21:00,34.20139,1.0995369999999998,1.3811488149962778,8.478014,9.085647,46.585699999999974,49.09999999999935
2025-07-14 10:24:00,34.20139,1.070602,1.3517359623756344,8.449074,9.056712000000001,46.875,49.149999999999345
2025-07-14 10:27:00,35.76389,1.070601,1.3391809673179178,8.535878,9.114587,45.717600000000004,49.19999999999934
2025-07-14 10:30:00,35.76389,1.0995369999999998,1.3558989432167232,8.564814,9.114587,44.849500000000006,49.24999999999934
2025-07-14 10:33:00,35.27199,1.0995369999999998,1.3558989432167232,8.564814,9.114587,45.42830000000001,49.299999999999336
2025-07-14 10:36:00,34.17245,1.070602,1.3517359623756344,8.535884,9.143522,44.84960000000001,49.34999999999933
2025-07-14 10:39:00,33.68055,1.070602,1.3766505529859898,8.449074,9.114581999999999,46.00689999999997,49.39999999999933
2025-07-14 10:42:00,34.20139,1.1574080000000002,1.3759333111214485,8.564814,9.027776,46.5857,49.44999999999933
2025-07-14 10:45:00,34.17245,1.1574080000000002,1.3629260802990795,8.564814,8.998846,45.428200000000004,49.499999999999325
2025-07-14 10:48:00,35.27199,1.1574080000000002,1.34983936824562,8.593754,8.998846,44.84949999999998,49.54999999999932
2025-07-14 10:51:00,34.72222,1.2152780000000005,1.3949170456324205,8.680554,9.056716,44.84960000000001,49.59999999999932
2025-07-14 10:54:00,32.60995,1.1284720000000004,1.3724558117589634,8.593754,9.114581999999999,46.0069,49.64999999999932
2025-07-14 10:57:00,33.15972,1.0995369999999998,1.3431664569555333,8.535884,9.056717,47.7431,49.699999999999314
2025-07-14 11:00:00,32.11805,1.0416660000000002,1.3471366351344387,8.420138,9.085652,49.18980000000002,49.74999999999931
2025-07-14 11:03:00,32.11805,1.070601,1.351735378217635,8.449078,9.056717,46.58560000000003,49.79999999999931
2025-07-14 11:06:00,32.11805,1.0416660000000002,1.3471366351344387,8.420138,9.085652,45.428200000000004,49.849999999999305
2025-07-14 11:09:00,33.15972,1.1574080000000002,1.34983936824562,8.564814,8.969906,45.13890000000001,49.8999999999993
2025-07-14 11:12:00,31.59722,1.1284720000000004,1.3467155280723306,8.449078,8.912036,47.1643,49.9499999999993
2025-07-14 11:15:00,32.60995,1.0416660000000002,1.3347496135684285,8.362268,8.998842,46.2962,49.9999999999993
2025-07-14 11:18:00,34.72222,1.157407,1.3366750362608173,8.506948,8.883101,46.5856,50.049999999999294
2025-07-14 11:21:00,34.20139,1.0995369999999998,1.3431664569555328,8.362273,8.883106,45.42829999999998,50.09999999999929
2025-07-14 11:24:00,34.17245,1.0416660000000002,1.3347496135684285,8.362268,8.998842,47.4538,50.14999999999929
2025-07-14 11:27:00,33.13079,1.070601,1.351735378217635,8.449078,9.056717,47.74309999999997,50.199999999999285
2025-07-14 11:30:00,33.15972,1.070601,1.3642273659300457,8.420138,9.056717,45.13880000000003,50.24999999999928
2025-07-14 11:33:00,31.56828,1.0416660000000002,1.3222966842929922,8.391208,8.998842,46.00689999999997,50.29999999999928
2025-07-14 11:36:00,30.55556,1.0995369999999998,1.3303671707349056,8.449074,8.940977,41.95600000000002,50.34999999999928
2025-07-14 13:09:00,36.16898,1.5625,1.3498349361849942,8.825235,8.420134999999998,52.66209999999998,50.34999999999928
2025-07-14 13:36:00,30.00578,1.4178240000000004,1.432244283543263,9.11458,9.143516,43.98150000000001,50.34999999999928
2025-07-14 15:03:00,30.00578,1.2442130000000002,1.3566628333489283,8.651624000000002,8.883101,43.98139999999998,50.34999999999928
2025-07-14 15:06:00,30.00578,1.157407,1.3498388142386293,8.564819,8.969912,46.007000000000005,50.34999999999928
2025-07-14 15:09:00,30.00578,1.186343,1.3658002327417789,8.622689999999999,8.998847,45.13890000000001,50.34999999999928
2025-07-14 15:12:00,31.59722,1.2442129999999993,1.3703007633239375,8.76736,9.027777,45.717600000000004,50.34999999999928
2025-07-14 15:15:00,30.55556,1.1863419999999998,1.3525320820894862,8.680559,9.027777,44.849500000000006,50.34999999999928
2025-07-14 15:18:00,31.56828,1.157407,1.3629255227133064,8.535879,8.969912,44.56020000000001,50.34999999999928
2025-07-14 15:21:00,30.00578,1.157407,1.3498388142386293,8.564819,8.969912,44.56020000000001,50.34999999999928
2025-07-14 15:27:00,30.55556,1.2442130000000002,1.3566675607007124,8.651619,8.883106,43.40270000000001,50.34999999999928
2025-07-14 15:30:00,30.00578,1.1284720000000004,1.3596239479717778,8.506949,8.998847,45.42820000000003,50.34999999999928
2025-07-14 15:33:00,32.11805,1.273148,1.358106045184524,8.680554,8.854166,45.7175,50.34999999999928
2025-07-14 15:36:00,33.68055,1.2442130000000002,1.3566675607007124,8.651619,8.883106,45.13890000000001,50.34999999999928
2025-07-14 15:39:00,30.06366,1.1284720000000004,1.3596239479717778,8.622684,9.114581999999999,44.849500000000006,50.34999999999928
2025-07-14 15:42:00,30.00578,1.1284720000000004,1.3596239479717787,8.506944,8.998842,45.717599999999976,50.34999999999928
2025-07-14 16:18:00,33.15972,1.1574080000000002,1.3366755866567315,8.535884,8.912036,44.27090000000001,50.34999999999928
2025-07-14 16:21:00,32.60995,1.070602,1.3391815478455669,8.391204,8.969912,46.00699999999998,50.34999999999928
2025-07-14 16:24:00,30.52662,1.1284720000000004,1.3467155280723306,8.535884,8.998842,45.428200000000004,50.34999999999928
2025-07-14 16:27:00,31.59722,1.2152780000000005,1.3816258288671766,8.622684,8.969906,43.692199999999985,50.34999999999928
2025-07-14 16:30:00,30.55556,1.0416670000000003,1.334754495044136,8.304394,8.940977,46.00699999999998,50.34999999999928
2025-07-14 16:33:00,30.00578,1.0416670000000003,1.2971911066380444,8.333334,8.883097,43.98140000000001,50.34999999999928
2025-07-14 17:30:00,34.17245,1.851851,1.260066459478418,8.82523,7.783569,53.240700000000004,50.34999999999928
2025-07-15 08:12:00,48.23495,1.6203699999999994,1.5168427277745995,9.172453999999998,8.969904,51.79389999999998,50.34999999999928
2025-07-15 08:15:00,40.97222,1.1284720000000004,1.4105458683877017,8.680558,9.288196,47.453700000000026,50.399999999999274
2025-07-15 08:18:00,43.08449,1.0995369999999998,1.3936783785158942,8.506943,9.143516,47.1643,50.44999999999927
2025-07-15 08:21:00,44.61805,0.9837960000000008,1.3605007094033978,8.217592,9.056715999999998,50.92590000000001,50.49999999999927
2025-07-15 08:24:00,47.74305,0.8101849999999997,1.3044140319966597,7.870366000000001,9.027781000000001,50.636600000000016,50.549999999999265
2025-07-15 08:27:00,48.78472,0.8391200000000003,1.3462851335223491,8.072912,9.259262,49.76850000000002,50.59999999999926
2025-07-15 08:30:00,50.81019,0.9259259999999996,1.3933424379329344,8.304397999999999,9.375001999999999,49.76860000000002,50.64999999999926
2025-07-15 08:33:00,37.32639,0.78125,1.4014675452083996,8.159724,9.664354,48.32169999999999,50.69999999999926
2025-07-15 08:36:00,34.72222,1.070602,1.4378495420424278,8.593754,9.403932000000001,49.47910000000002,50.749999999999254
2025-07-15 08:39:00,33.15972,1.0416660000000002,1.3717152304232774,8.535878,9.259262,48.321699999999964,50.79999999999925
2025-07-15 08:42:00,36.28472,0.8969899999999997,1.3629237802278302,8.101847,9.172457,48.900499999999965,50.84999999999925
2025-07-15 08:45:00,32.11805,1.0416659999999993,1.359455144225172,8.362273,9.056717,46.58570000000003,50.899999999999245
2025-07-15 08:48:00,33.62268,1.0995369999999998,1.3558945556905,8.333338000000001,8.883101,45.428199999999975,50.94999999999924
2025-07-15 08:51:00,32.60995,1.0127309999999996,1.3542414786119488,8.304397999999999,9.056717,46.5856,50.99999999999924
2025-07-15 08:54:00,31.56828,1.0416660000000002,1.3594551442251726,8.391208,9.085652,46.00690000000003,51.04999999999924
2025-07-15 08:57:00,31.59722,1.157407,1.362921013768881,8.593754,9.027777,47.45380000000003,51.099999999999234
2025-07-15 09:00:00,30.00578,1.1863419999999998,1.392098468546438,8.680559,9.114587,47.74300000000002,51.14999999999923
2025-07-15 09:03:00,31.59722,1.1574080000000002,1.4017351896485915,8.622684,9.143516,47.4537,51.19999999999923
2025-07-15 09:06:00,37.81829,1.157407,1.4017346215135846,8.593748,9.114581000000001,49.47920000000002,51.249999999999226
2025-07-15 09:09:00,40.97222,1.1284719999999995,1.4105458683877015,8.564813,9.172450999999999,49.76849999999999,51.29999999999922
2025-07-15 09:12:00,40.97222,1.070601,1.389013349043431,8.535878,9.230327,47.1644,51.34999999999922
2025-07-15 09:15:00,39.40972,1.0416659999999993,1.371711004694476,8.362273,9.085647,50.34719999999999,51.39999999999922
2025-07-15 09:18:00,40.97222,1.157407,1.3629255227133064,8.478007999999999,8.912041,49.47919999999999,51.449999999999214
2025-07-15 09:21:00,43.57639,1.0127309999999996,1.3783681691470229,8.217588,9.027777,48.61109999999999,51.49999999999921
2025-07-15 09:24:00,36.28472,0.8101849999999997,1.31538039313079,7.8993079999999996,9.085653,47.74300000000002,51.54999999999921
2025-07-15 09:27:00,45.63079,0.6365740000000004,1.2202515718088378,7.262734000000001,8.70949,54.1087,51.599999999999206
2025-07-15 09:33:00,39.93055,0.8391200000000003,1.3462813282378323,7.870372,9.056712000000001,52.08330000000004,51.69999999999921
2025-07-15 09:36:00,37.32639,0.9837959999999999,1.3841898965515287,8.130783,9.027777,52.66199999999998,51.749999999999204
2025-07-15 09:39:00,36.28472,1.0127309999999996,1.3542414786119488,8.217588,8.969907000000001,50.34729999999996,51.7999999999992
2025-07-15 09:42:00,37.81829,1.0127319999999997,1.3298739208104444,8.130787999999999,8.825236,49.47920000000002,51.8499999999992
2025-07-15 09:45:00,35.21412,1.0416670000000003,1.3594599885689298,8.246524,8.940977,49.47910000000002,51.899999999999196
2025-07-15 09:48:00,33.68055,1.186343,1.3920990248261973,8.535879999999999,8.969907,46.875,51.94999999999919
2025-07-15 09:51:00,32.11805,1.3310180000000003,1.3880858555462188,8.825230000000001,8.940971999999999,47.742999999999995,51.99999999999919
2025-07-15 09:54:00,32.66782,1.3310179999999994,1.3880858555462192,8.796295,8.912037,46.2963,52.04999999999919
2025-07-15 09:57:00,32.11805,1.3020829999999997,1.4009179685562043,8.68056,8.883107,46.00700000000003,52.099999999999184
2025-07-15 10:00:00,33.70949,1.359954,1.4029104303921638,8.73843,8.825236,46.296400000000006,52.14999999999918
2025-07-15 10:03:00,33.15972,1.273148,1.3856689920563643,8.680554,8.912036,46.0069,52.19999999999918
2025-07-15 10:06:00,33.68055,1.1863419999999998,1.3920984685464388,8.651623999999998,9.085652,45.13890000000001,52.249999999999176
2025-07-15 10:09:00,33.15972,1.2152780000000005,1.3816258288671766,8.622684,8.969906,46.58559999999997,52.29999999999917
2025-07-15 10:12:00,33.68055,1.070601,1.3391766160010579,8.391208,8.969907000000001,45.13889999999998,52.34999999999917
2025-07-15 10:15:00,32.60995,1.0416670000000003,1.3839105337213538,8.420144,9.172457,49.18990000000002,52.39999999999917
2025-07-15 10:18:00,31.07639,1.0995369999999998,1.3558989432167232,8.564814,9.114587,47.1643,52.449999999999164
2025-07-15 10:21:00,32.11805,1.1284720000000004,1.3724558117589634,8.593754,9.114581999999999,47.4537,52.49999999999916
2025-07-15 10:24:00,31.56828,1.0995369999999998,1.3685576715313152,8.535884,9.114587,47.45379999999997,52.54999999999916
2025-07-15 10:27:00,30.00578,1.070602,1.3766505529859898,8.478014,9.143522,47.453700000000026,52.599999999999156
2025-07-15 10:30:00,30.00578,1.1284720000000004,1.3852218572978827,8.535884,9.085652,47.4537,52.64999999999915
2025-07-15 10:45:00,30.55556,1.2442130000000002,1.3838495760276541,8.680559,8.969906,47.74300000000002,52.64999999999915
2025-07-15 10:57:00,30.06366,1.3020839999999998,1.3731529743824937,8.738430000000001,8.883106,43.98150000000004,52.64999999999915
2025-07-15 11:06:00,30.00578,1.3020829999999997,1.3870820450338708,8.8831,9.056717,44.27080000000001,52.64999999999915
2025-07-15 11:51:00,40.91435,1.5625,1.267811262832122,8.217589,7.667819,63.657399999999996,52.64999999999915
2025-07-15 12:06:00,32.69676,1.3310180000000003,1.301870654899473,8.275464,8.217596,52.951400000000035,52.64999999999915
2025-07-15 12:12:00,31.51042,2.054398,1.232175638793497,8.998839,7.609951,50.63659999999999,52.64999999999915
2025-07-15 12:33:00,30.49768,2.517361,1.293221353934749,9.259253999999999,7.291663,47.1644,52.64999999999915
2025-07-15 12:42:00,35.64815,1.157407,1.4525201853983727,7.957173999999999,8.593747,57.00229999999999,52.64999999999915
2025-07-15 12:51:00,41.95602,1.5914349999999997,1.378985907948944,8.651625,8.24653,63.94670000000002,52.64999999999915
2025-07-15 13:00:00,38.25232,1.938657,1.2734784771647216,9.02778,7.870373,59.31709999999998,52.64999999999915
2025-07-15 13:09:00,32.55209,1.5046289999999996,1.3391873623190782,8.825233999999998,8.506945000000002,50.636600000000016,52.64999999999915
2025-07-15 13:21:00,31.56828,1.2152780000000005,1.4602471266833437,9.114584,9.635416,46.29630000000003,52.64999999999915
2025-07-15 13:24:00,32.60995,1.2442130000000002,1.4635132457643563,9.085644000000002,9.548611000000001,47.45369999999997,52.69999999999915
2025-07-15 13:27:00,31.59722,1.157407,1.4272592401385118,8.825234000000002,9.403937,50.05790000000002,52.74999999999915
2025-07-15 13:30:00,32.11805,1.2152780000000005,1.4081269144178605,8.767364,9.172456,45.13890000000001,52.799999999999145
2025-07-15 13:33:00,33.62268,1.157407,1.388871466659957,8.651619,9.143522,48.61110000000002,52.84999999999914
2025-07-15 13:36:00,32.60995,1.157407,1.4017346215135846,8.535879,9.056712000000001,49.18980000000002,52.89999999999914
2025-07-15 13:39:00,32.60995,1.1863419999999998,1.378984741333412,8.564819,8.969907000000001,47.45369999999997,52.949999999999136
2025-07-15 13:42:00,32.60995,1.157407,1.36292101376888,8.506949,8.940971999999999,47.1644,52.99999999999913
2025-07-15 13:45:00,30.00578,1.1284720000000004,1.3596239479717778,8.478009,8.969907,47.164300000000026,53.04999999999913
2025-07-15 13:48:00,31.59722,1.1284720000000004,1.3467155280723297,8.391204000000002,8.854161999999999,46.875099999999975,53.09999999999913
2025-07-15 13:51:00,30.00578,1.1863419999999998,1.3525320820894862,8.478009,8.825227,47.74309999999997,53.149999999999125
2025-07-15 13:54:00,31.59722,1.273148,1.3441876893597555,8.535879,8.680551000000001,45.13890000000001,53.19999999999912
2025-07-15 13:57:00,30.06366,1.2442130000000002,1.3566628333489283,8.478009,8.709486,46.58560000000003,53.24999999999912
2025-07-15 17:36:00,39.35185,1.8229169999999995,1.2293996280561879,8.478010000000001,7.436343000000001,57.87039999999999,53.24999999999912
2025-07-18 08:12:00,49.33449,0.9548610000000002,1.3542029467045833,7.95718,8.854169,50.92599999999999,53.24999999999912
2025-07-18 08:15:00,52.43056,1.0995370000000007,1.455382996062602,8.506944,9.288197,50.63659999999999,53.299999999999116
2025-07-18 08:18:00,46.70139,1.0995369999999998,1.3936783785158942,8.478012999999999,9.114586,50.92599999999999,53.34999999999911
2025-07-18 08:21:00,43.57639,0.7523150000000003,1.338339702930781,7.812501999999999,9.230326999999999,54.6875,53.39999999999911
2025-07-18 08:24:00,41.49305,0.7523150000000003,1.338339702930781,7.754632,9.172457,50.926000000000016,53.44999999999911
2025-07-18 08:27:00,45.63079,0.7523150000000003,1.3487874061999268,7.667826000000001,9.114581,54.108799999999974,53.499999999999105
2025-07-18 08:30:00,39.93055,0.8969899999999997,1.3966679122455972,8.217592999999999,9.375003,54.108900000000006,53.5499999999991
2025-07-18 08:33:00,37.32639,1.0995370000000007,1.4185418047623537,8.535884,9.230326999999999,48.032400000000024,53.5999999999991
2025-07-18 08:36:00,36.80555,1.2442129999999993,1.4107125953639983,8.76736,9.114587,48.032400000000024,53.649999999999096
2025-07-18 08:39:00,31.10532,1.0995369999999998,1.381153155787102,8.59375,9.201393,45.13889999999998,53.69999999999909
2025-07-18 08:42:00,35.76389,1.273148,1.3856689920563647,8.767359,8.998840999999999,48.32179999999997,53.74999999999909
2025-07-18 08:45:00,35.76389,1.070602,1.3766505529859898,8.362268,9.027776,49.76849999999999,53.79999999999909
2025-07-18 08:48:00,35.76389,1.157407,1.4399196848672515,8.622689,9.230322000000001,48.032400000000024,53.849999999999085
2025-07-18 08:51:00,31.59722,1.4756939999999998,1.461180254870553,9.346060999999999,9.317127000000001,48.032399999999996,53.89999999999908
2025-07-18 08:54:00,31.59722,1.5046299999999997,1.4607961241000895,9.230325999999998,9.143516,44.27080000000001,53.94999999999908
2025-07-18 08:57:00,31.59722,1.4178240000000004,1.4465700411433071,9.11458,9.172456,46.007000000000005,53.999999999999076
2025-07-18 09:00:00,31.07639,1.3310180000000003,1.4160516667437892,9.085650000000001,9.259262,45.71750000000003,54.04999999999907
2025-07-18 09:03:00,31.59722,1.359953,1.4170348479917845,9.143519999999999,9.259257,44.27080000000001,54.09999999999907
2025-07-18 09:06:00,34.17245,1.2152769999999995,1.4081263628141867,8.854164,9.259257,49.18979999999999,54.14999999999907
2025-07-18 09:09:00,35.76389,1.1863419999999998,1.4051338053756548,8.796299,9.259257,47.453700000000026,54.199999999999065
2025-07-18 09:12:00,37.81829,1.1574080000000002,1.4017351896485908,8.680554,9.201386,46.875,54.24999999999906
2025-07-18 09:15:00,34.75116,1.273148,1.453119878190307,9.02778,9.403932000000001,46.29630000000003,54.29999999999906
2025-07-18 09:18:00,36.77662,1.2731480000000008,1.4128903096706125,8.940974,9.230325999999998,45.717600000000004,54.349999999999056
2025-07-18 09:21:00,38.91782,1.0995369999999998,1.3685576715313148,8.680554,9.259257,49.18979999999999,54.399999999999054
2025-07-18 09:24:00,35.76389,1.070602,1.4013111118678332,8.622684,9.346062,50.057800000000015,54.44999999999905
2025-07-18 09:27:00,43.02662,0.6365740000000004,1.280253768046058,7.523144000000001,9.14352,55.2662,54.49999999999905
2025-07-18 09:30:00,46.15162,0.578703,1.3651729560537065,7.2338,9.317127000000001,56.712999999999965,54.549999999999045
2025-07-18 09:33:00,38.88889,0.9259260000000005,1.4046935445663002,8.333334,9.432868,50.925899999999984,54.59999999999904
2025-07-18 09:36:00,31.07639,1.157407,1.4399196848672515,8.940974999999998,9.548608,44.84949999999998,54.64999999999904
2025-07-18 09:39:00,33.68055,1.3310179999999994,1.45735405144375,9.143515,9.403937,48.03239999999997,54.69999999999904
2025-07-18 09:42:00,30.55556,1.2442130000000002,1.4240219219282464,8.8831,9.259257,47.7431,54.749999999999034
2025-07-18 09:45:00,31.56828,1.2152779999999996,1.408126914417859,8.709489999999999,9.114581999999999,45.7175,54.79999999999903
2025-07-18 09:48:00,31.56828,1.2152779999999996,1.381625828867176,8.738430000000001,9.085652,46.585699999999974,54.84999999999903
2025-07-18 09:51:00,30.00578,1.3310179999999994,1.4021160963930095,8.912035,9.056717,44.849500000000006,54.899999999999025
2025-07-18 09:54:00,32.60995,1.359954,1.4029104303921638,8.91204,8.998846,46.0069,54.94999999999902
2025-07-18 09:57:00,34.17245,1.2442129999999993,1.3703007633239375,8.709489999999999,8.969907000000001,46.0069,54.99999999999902
2025-07-18 10:00:00,36.28472,1.2152780000000005,1.3682556923904887,8.593754,8.912036,48.611200000000025,55.04999999999902
2025-07-18 10:03:00,38.88889,0.8101859999999999,1.2823379567836908,7.754626000000001,8.85417,50.347200000000015,55.099999999999014
2025-07-18 10:06:00,45.16782,0.6655090000000001,1.3626331291185758,7.3495360000000005,9.114587,57.870300000000015,55.14999999999901
2025-07-18 10:09:00,38.36805,0.9837959999999999,1.384189896551528,8.304397999999999,9.201391999999998,51.215299999999985,55.19999999999901
2025-07-18 10:12:00,37.87616,0.9837959999999999,1.384189896551528,8.333333,9.230326999999999,49.47919999999999,55.249999999999005
2025-07-18 10:15:00,36.31366,1.0416660000000002,1.4081258026149686,8.420138,9.230322000000001,51.215299999999985,55.299999999999
2025-07-18 10:18:00,35.21412,1.070602,1.3890139439194717,8.449074,9.143522,49.76849999999996,55.349999999999
2025-07-18 10:21:00,32.11805,1.0995370000000007,1.3685576715313161,8.449074,9.027777,46.8749,55.399999999999
2025-07-18 10:24:00,31.59722,1.1284720000000004,1.3724558117589634,8.478014000000002,8.998842,49.18979999999999,55.449999999998994
2025-07-18 10:27:00,32.11805,1.2442130000000002,1.4107125953639987,8.651619,8.998846,46.87500000000003,55.49999999999899
2025-07-18 10:30:00,31.59722,1.273148,1.3993234958537897,8.796294,9.056716,47.4537,55.54999999999899
2025-07-18 10:33:00,31.56828,1.359954,1.4588853605607475,8.94097,9.143516,47.1643,55.599999999998985
2025-07-18 10:36:00,31.07639,1.2152779999999996,1.3949124663350467,8.738430000000001,9.114581999999999,47.74310000000003,55.64999999999898
2025-07-18 10:39:00,34.17245,1.2442130000000002,1.4240219219282464,8.651619,9.027776,50.05790000000002,55.69999999999898
2025-07-18 10:42:00,33.15972,1.1863419999999998,1.378989285674522,8.651619,9.056717,49.18980000000002,55.74999999999898
2025-07-18 10:45:00,32.11805,1.157407,1.3629255227133064,8.535879,8.969912,48.61110000000002,55.799999999998974
2025-07-18 10:48:00,32.66782,1.070601,1.3391809673179178,8.362268,8.940977,46.875,55.84999999999897
2025-07-18 10:51:00,30.55556,1.0995369999999998,1.3303671707349056,8.449074,8.940977,47.74309999999997,55.89999999999897
2025-07-18 11:54:00,31.53935,2.633102,1.1598441853566637,8.622685,6.365743,52.08339999999998,55.89999999999897
2025-07-18 12:18:00,30.43982,0.868055,1.365997811807816,6.915509,8.072914,51.50459999999998,55.89999999999897
2025-07-18 12:42:00,34.11459,1.070602,1.3766505529859898,7.43634,8.101848,55.26610000000005,55.89999999999897
2025-07-18 12:45:00,32.00232,0.78125,1.4222498963182817,6.857639999999999,8.42014,53.24079999999998,55.89999999999897
2025-07-18 13:15:00,32.00232,1.7939819999999997,1.3663324246972879,9.02778,8.246528,50.34730000000002,55.89999999999897
2025-07-18 17:06:00,32.03125,2.4884259999999996,1.147657416162141,8.912040000000001,6.828704,51.50469999999996,55.89999999999897
2025-07-18 17:18:00,31.53935,0.9548610000000002,1.330613548972559,6.655094000000001,7.494213,53.53000000000003,55.89999999999897
2025-07-21 08:30:00,32.66782,0.8101859999999999,1.40156659419318,7.841434,9.259258,44.56009999999998,55.89999999999897
2025-07-21 08:33:00,38.91782,0.8101859999999999,1.3263020284012703,7.696762,8.912036,50.05790000000002,55.89999999999897
2025-07-21 08:36:00,33.70949,1.1574079999999993,1.3888720313088638,8.478010000000001,8.969912,46.29639999999998,55.89999999999897
2025-07-21 08:42:00,32.11805,1.273148,1.3856689920563643,8.593754,8.825236,44.84949999999998,55.89999999999897
2025-07-21 08:45:00,31.10532,1.2442129999999993,1.342942731407687,8.59375,8.796297000000001,48.321799999999996,55.89999999999897
2025-07-21 08:48:00,30.00578,1.273148,1.3581012515971078,8.535884,8.709486,46.00689999999997,55.89999999999897
2025-07-21 09:00:00,30.55556,1.3020829999999997,1.3591312993199165,8.65162,8.767357,46.007000000000005,55.89999999999897
2025-07-21 09:06:00,30.55556,1.3310179999999994,1.3739630441114363,8.651625,8.738427,45.13889999999998,55.89999999999897
2025-07-21 09:09:00,30.58449,1.4467600000000003,1.342941153063975,8.825236,8.622686,45.717599999999976,55.89999999999897
2025-07-21 09:12:00,30.06366,1.3888889999999998,1.3597502711340195,8.854166,8.796297000000001,46.0069,55.89999999999897
2025-07-21 09:15:00,31.59722,1.3888889999999998,1.3888905000379281,8.825235,8.825236,46.296299999999974,55.89999999999897
2025-07-21 09:18:00,33.18866,1.273148,1.3719290811900877,8.564813999999998,8.767356,46.2963,55.89999999999897
2025-07-21 09:21:00,34.25926,1.0995369999999998,1.3303627339816946,8.333334,8.825227,46.585699999999974,55.89999999999897
2025-07-21 09:24:00,33.70949,1.0995369999999998,1.3431664569555328,8.304394,8.825227,46.29630000000003,55.89999999999897
2025-07-21 09:27:00,31.07639,1.157407,1.3366750362608166,8.449074,8.825227,45.717599999999976,55.89999999999897
2025-07-21 09:30:00,30.55556,1.2442129999999993,1.3566628333489277,8.59375,8.825227,45.42829999999998,55.89999999999897
2025-07-21 10:03:00,30.06366,1.0416659999999993,1.297194890399201,8.246523,8.796297000000001,45.428200000000004,55.89999999999897
2025-07-21 10:06:00,30.55556,1.0995369999999998,1.3045382672649144,8.391204,8.825227,45.138799999999975,55.89999999999897
2025-07-21 10:09:00,30.58449,1.1574080000000002,1.323432564885447,8.420144,8.767356,44.27089999999998,55.89999999999897
2025-07-21 10:12:00,30.06366,1.1284720000000004,1.3467155280723297,8.478014000000002,8.940971999999999,46.2963,55.89999999999897
2025-07-21 10:15:00,30.06366,1.0995369999999998,1.3431664569555328,8.420144,8.940977,45.71760000000003,55.89999999999897
2025-07-21 10:33:00,30.00578,1.3310179999999994,1.3310149999858545,8.767364999999998,8.767357,44.56019999999998,55.89999999999897
2025-07-21 10:36:00,30.06366,1.359954,1.374367267121027,8.68056,8.709486,45.717600000000004,55.949999999998965
2025-07-21 10:39:00,30.06366,1.3020839999999998,1.3591318138197306,8.738430000000001,8.854166,44.56020000000001,55.99999999999896
2025-07-21 10:42:00,32.14699,1.0995369999999998,1.2784091700956621,8.246524,8.622687,47.1644,56.04999999999896
2025-07-21 10:45:00,35.27199,1.157407,1.323436608104076,8.217588000000001,8.564810999999999,46.2963,56.09999999999896
2025-07-21 10:48:00,36.28472,1.157407,1.3101167205518587,8.304394000000002,8.622687,45.13889999999998,56.149999999998954
2025-07-21 10:51:00,34.25926,1.157407,1.3498388142386293,8.333334,8.738427,46.2963,56.19999999999895
2025-07-21 10:54:00,34.20139,1.1284720000000004,1.3467155280723306,8.333334,8.796292000000001,48.32169999999999,56.24999999999895
2025-07-21 10:57:00,36.31366,1.0995369999999998,1.3303671707349052,8.188653,8.680556,47.45379999999997,56.299999999998946
2025-07-21 11:00:00,34.20139,1.157407,1.3366795984633093,8.304394000000002,8.680557,47.1644,56.34999999999894
2025-07-21 11:03:00,33.68055,1.1863419999999998,1.3257632902297138,8.391199,8.680557,46.5857,56.39999999999894
2025-07-21 11:06:00,33.68055,1.157407,1.3101167205518587,8.333329,8.651622,47.7431,56.44999999999894
2025-07-21 11:09:00,33.15972,1.273148,1.3301808584416286,8.420134000000001,8.535876,45.42829999999998,56.499999999998934
2025-07-21 11:12:00,33.70949,1.2442130000000002,1.3291331549228438,8.362264,8.535881,46.296299999999974,56.54999999999893
2025-07-21 11:15:00,34.72222,1.0995369999999998,1.3174903093930423,8.159724,8.622687,46.875,56.59999999999893
2025-07-21 11:18:00,32.66782,1.0416670000000003,1.2971911066380455,8.043984,8.593747,47.74299999999997,56.649999999998926
2025-07-21 11:21:00,32.14699,1.157407,1.3366795984633102,8.246524,8.622687,46.29619999999997,56.69999999999892
2025-07-21 11:24:00,32.11805,1.0127309999999996,1.2803585610641577,7.986113,8.564812,46.00690000000003,56.74999999999892
2025-07-21 11:27:00,33.68055,1.273148,1.3301808584416286,8.333329,8.449071,47.16429999999997,56.79999999999892
2025-07-21 11:30:00,31.56828,1.1863419999999998,1.2986502047781983,8.304393999999998,8.535882,44.849500000000035,56.849999999998914
2025-07-21 11:33:00,30.55556,1.1863419999999998,1.3257586349747723,8.275464,8.564812,45.42829999999998,56.89999999999891
2025-07-21 12:36:00,36.45834,1.0127319999999997,1.4377025487802888,7.494210000000001,8.449078,59.02780000000001,56.89999999999891
2025-07-21 13:00:00,33.59375,1.5046299999999997,1.242494755486921,8.420144,7.928244,55.266200000000026,56.89999999999891
2025-07-21 13:03:00,34.63541,1.8229170000000003,1.2293996280561883,8.680554,7.6388869999999995,53.530100000000004,56.89999999999891
2025-07-21 13:09:00,30.49768,1.3888890000000007,1.3152245037755075,8.506944,8.362265,50.92599999999999,56.89999999999891
2025-07-21 13:27:00,32.11805,1.1284720000000004,1.3724602350008737,8.593748,9.114586,44.84949999999998,56.89999999999891
2025-07-21 13:30:00,33.15972,1.070601,1.3642273659300457,8.420138,9.056717,46.007000000000005,56.89999999999891
2025-07-21 13:33:00,32.66782,1.0416660000000002,1.3594551442251726,8.391208,9.085652,46.2963,56.89999999999891
2025-07-21 13:36:00,31.56828,1.1574080000000002,1.34983936824562,8.564814,8.969906,45.717600000000004,56.89999999999891
2025-07-21 13:39:00,33.15972,1.0127309999999996,1.3298733211186065,8.246528000000001,8.940977,44.27079999999998,56.89999999999891
2025-07-21 13:42:00,31.07639,0.9548610000000002,1.3306176447439506,8.159718000000002,8.998847,46.87500000000003,56.89999999999891
2025-07-21 13:45:00,31.07639,1.0995369999999998,1.3303627339816946,8.275463,8.767356,44.56019999999998,56.89999999999891
2025-07-21 13:48:00,32.11805,1.0416659999999993,1.3223009988876155,8.333333,8.940977,46.5856,56.89999999999891
2025-07-21 17:39:00,39.40972,1.6493060000000002,1.1804497372347902,8.101854,7.262728000000001,56.42360000000002,56.89999999999891
2025-07-21 18:06:00,37.29745,1.5046289999999996,1.2089836119703228,8.159724,7.609955,59.02780000000001,56.89999999999891
2025-07-22 08:27:00,42.50579,1.1863419999999998,1.519440911709738,8.072919,8.796297000000001,56.134299999999996,56.89999999999891
2025-07-22 09:12:00,32.14699,1.3310189999999995,1.3310205001292807,8.709489999999999,8.709491,44.27090000000001,56.89999999999891
2025-07-22 09:15:00,31.59722,1.1863419999999998,1.3525366803311483,8.535879,8.883107,45.13889999999998,56.89999999999891
2025-07-22 09:21:00,31.56828,1.0416659999999993,1.3223009988876155,8.275463,8.883107,46.2963,56.89999999999891
2025-07-22 09:24:00,31.10532,1.0127310000000005,1.3052515368152349,8.217588000000001,8.854167,47.742999999999995,56.89999999999891
2025-07-22 10:06:00,30.06366,1.2152780000000005,1.313949251105665,8.478014000000002,8.680556,43.11349999999999,56.89999999999891
2025-07-22 10:09:00,31.59722,1.157407,1.2967083386986455,8.362268,8.651620999999999,47.16440000000003,56.89999999999891
2025-07-22 10:12:00,30.06366,1.0416670000000003,1.2971954692016525,8.188654,8.738427,46.29630000000003,56.89999999999891
2025-07-22 10:42:00,30.06366,1.3310189999999995,1.3597502569463056,8.738430000000001,8.796301,45.13889999999998,56.89999999999891
2025-07-22 10:45:00,31.07639,1.070602,1.3391815478455669,8.333334,8.912042,46.58570000000003,56.89999999999891
2025-07-22 10:48:00,30.06366,1.2152779999999996,1.3548090720199009,8.622689999999999,8.912042,45.138900000000035,56.89999999999891
2025-07-22 10:51:00,30.06366,1.3020839999999998,1.373148145448197,8.622689999999999,8.767356,44.849500000000006,56.89999999999891
2025-07-22 11:00:00,30.06366,1.2152779999999996,1.3276536714385225,8.564820000000001,8.796292000000001,46.296299999999974,56.89999999999891
2025-07-22 11:03:00,30.55556,1.2442130000000002,1.3566628333489283,8.478009,8.709486,45.71769999999998,56.89999999999891
2025-07-22 11:06:00,30.06366,1.2152769999999995,1.327657862720536,8.564813999999998,8.796297000000001,44.84959999999998,56.89999999999891
2025-07-22 11:15:00,30.55556,1.273148,1.3441925146989746,8.680554,8.825236,43.69210000000004,56.89999999999891
2025-07-22 11:18:00,30.55556,1.3020829999999997,1.3731524563498991,8.73843,8.883107,43.69209999999998,56.89999999999891
2025-07-22 11:21:00,31.59722,1.3020839999999998,1.3591366748607894,8.709489999999999,8.825236,45.13890000000001,56.89999999999891
2025-07-22 11:24:00,32.11805,1.2442129999999993,1.342942731407687,8.709489999999999,8.912037,47.453700000000026,56.89999999999891
2025-07-22 11:27:00,30.55556,1.0995370000000007,1.355898943216724,8.391204000000002,8.940977,45.13890000000001,56.89999999999891
2025-07-22 11:30:00,30.55556,1.1863419999999998,1.3257586349747723,8.506949,8.796297000000001,43.98149999999998,56.89999999999891
2025-07-22 12:03:00,30.98958,1.3310180000000003,1.257292952156336,8.043979,7.8993009999999995,50.92590000000001,56.89999999999891
2025-07-22 12:06:00,30.43982,1.765047,1.167791899933508,8.535884,7.494217,49.189899999999994,56.89999999999891
2025-07-22 12:15:00,30.98958,1.3020830000000005,1.316499496863738,8.159724,8.188661,49.76850000000002,56.89999999999891
2025-07-22 12:24:00,31.51042,2.546296,1.2495429546617642,9.31713,7.262734,49.76850000000002,56.89999999999891
2025-07-22 12:30:00,32.55209,1.4467599999999994,1.3122524007660332,8.449069999999999,8.188659999999999,52.66199999999998,56.89999999999891
2025-07-22 12:45:00,30.43982,1.9965270000000004,1.254049214142378,8.940969,7.667821999999999,50.34719999999999,56.89999999999891
2025-07-22 12:54:00,41.92709,1.5625,1.3498404762590992,8.59375,8.18866,61.63199999999998,56.89999999999891
2025-07-22 13:03:00,40.91435,1.7650449999999998,1.2639401207534533,8.709494,7.812499000000001,61.342600000000004,56.89999999999891
2025-07-22 17:48:00,40.94329,1.5914349999999997,1.3138634912814549,8.33333,7.812505,62.49999999999997,56.89999999999891
2025-07-22 17:51:00,40.94329,1.5914349999999997,1.280365985457077,8.420134000000001,7.841438999999999,62.2107,56.89999999999891
2025-07-22 17:54:00,37.21065,1.273148,1.3719290811900877,7.928244,8.130786,59.31710000000001,56.89999999999891
2025-07-22 17:57:00,35.70602,1.070602,1.4257296386440668,7.58102,8.362268,59.02780000000001,56.89999999999891
2025-07-22 18:00:00,36.71875,2.1122679999999994,1.2076308161949472,8.940974999999998,7.436347,57.87040000000002,56.89999999999891
2025-07-23 08:18:00,33.15972,0.9837959999999999,1.3245355192963186,8.015048,8.767362,44.560100000000006,56.89999999999891
2025-07-23 08:21:00,31.07639,0.9259259999999996,1.2888552606043486,7.870368,8.680552,43.69210000000004,56.89999999999891
2025-07-23 08:24:00,33.68055,0.7523149999999994,1.1986442404004987,7.494211999999999,8.535877000000001,46.00699999999998,56.89999999999891
2025-07-23 08:27:00,39.40972,0.5497680000000003,1.1992870931638848,6.886574,8.564816,48.032400000000024,56.89999999999891
2025-07-23 08:30:00,31.59722,1.0127310000000005,1.3298690887217768,8.101854,8.796292999999999,46.007000000000005,56.89999999999891
2025-07-23 08:39:00,30.00578,1.3888889999999998,1.3450186366205836,8.62269,8.535881,42.824100000000016,56.89999999999891
2025-07-23 08:42:00,30.06366,1.2442129999999993,1.3152265424827434,8.478010000000001,8.622687,43.40270000000001,56.89999999999891
2025-07-23 08:45:00,30.06366,1.2442129999999993,1.3291331549228447,8.449069999999999,8.622687,43.692199999999985,56.89999999999891
2025-07-23 08:48:00,31.10532,1.3020829999999997,1.3020825000220655,8.506944,8.506941000000001,43.98139999999998,56.89999999999891
2025-07-23 09:27:00,32.11805,0.6944440000000007,1.201341078187235,7.3206,8.535875999999998,48.321800000000025,56.89999999999891
2025-07-23 10:09:00,31.59722,1.2442130000000002,1.3152265424827425,8.478009,8.622686,44.849500000000035,56.89999999999891
2025-07-23 10:12:00,33.15972,1.1574080000000002,1.3101126450925018,8.391204,8.709486,44.560100000000006,56.89999999999891
2025-07-23 11:54:00,40.42245,1.5914349999999997,1.2287932864755475,8.043979,7.378474,60.763900000000035,56.89999999999891
2025-07-23 12:18:00,30.49768,0.8391199999999994,1.4223003722048386,6.915503999999999,8.304394000000002,50.636600000000044,56.89999999999891
2025-07-23 12:27:00,38.77315,1.5046299999999997,1.3234382483620757,8.304400000000001,7.957179999999999,59.027799999999985,56.89999999999891
2025-07-23 12:45:00,32.55209,2.1701390000000007,1.1556893901950334,8.651624000000002,7.002315,51.50460000000004,56.89999999999891
2025-07-23 17:33:00,33.10185,0.9548610000000002,1.4236958034554432,7.204864,8.275463,54.9769,56.89999999999891
2025-07-23 17:54:00,32.55209,0.9837959999999999,1.442482136121526,7.146990000000001,8.188654,54.6875,56.89999999999891
2025-07-23 17:57:00,37.23959,1.4178240000000004,1.3139469384711098,7.957179999999999,7.754625999999999,59.60650000000004,56.89999999999891
2025-07-23 18:00:00,35.18518,2.141203,1.1942658868207223,8.651625,7.089122,57.58109999999999,56.89999999999891
2025-07-24 08:18:00,41.49305,0.7233789999999996,1.2646290539241856,7.581016,8.883107,48.61109999999999,56.89999999999891
2025-07-24 08:21:00,43.08449,0.694445,1.2951134286005563,7.407411,8.883106,48.61109999999999,56.94999999999891
2025-07-24 08:24:00,38.36805,0.78125,1.3594564886792109,7.638892,9.027782,49.18979999999999,56.999999999998906
2025-07-24 08:27:00,30.55556,1.3020830000000005,1.4419221979362238,8.912040999999999,9.201388,43.40270000000001,57.0499999999989
2025-07-24 08:30:00,30.06366,1.649305,1.4212654428421392,9.432867000000002,8.998842,42.53469999999999,57.0999999999989
2025-07-24 08:33:00,30.00578,1.5046289999999996,1.3702986938345176,9.230326,8.969907000000001,43.113399999999984,57.1499999999989
2025-07-24 08:36:00,31.59722,1.4467590000000001,1.3731504193588513,8.969909999999999,8.825230999999999,43.98139999999998,57.199999999998894
2025-07-24 08:39:00,31.59722,1.3888889999999998,1.3743747568737692,8.912035,8.883106,42.245300000000015,57.24999999999889
2025-07-24 08:42:00,31.56828,1.3020829999999997,1.3731524563498978,8.76736,8.912037,42.53469999999999,57.29999999999889
2025-07-24 08:45:00,33.15972,1.3020829999999997,1.3450157646795173,8.73843,8.825227,43.98149999999998,57.349999999998886
2025-07-24 08:48:00,34.72222,1.3888889999999998,1.3597451994355594,8.73843,8.680551000000001,43.40280000000001,57.39999999999888
2025-07-24 08:51:00,31.59722,1.2442130000000002,1.3429427314076863,8.53588,8.738427,43.11349999999999,57.44999999999888
2025-07-24 08:54:00,31.07639,1.1863419999999998,1.3257632902297138,8.420134000000001,8.709492000000001,46.0069,57.49999999999888
2025-07-24 08:57:00,30.52662,1.157407,1.3498388142386293,8.391199,8.796292000000001,46.0069,57.549999999998875
2025-07-24 09:03:00,33.68055,0.8680560000000002,1.3098081069346865,7.667827000000001,8.680551000000001,48.900499999999994,57.549999999998875
2025-07-24 09:09:00,31.01852,1.359953,1.388691492422244,8.825230000000001,8.883107,45.428199999999975,57.549999999998875
2025-07-24 09:21:00,32.66782,1.273148,1.3719290811900877,8.680559,8.883101,46.007000000000005,57.549999999998875
2025-07-24 09:24:00,30.55556,1.1284720000000004,1.3724558117589634,8.478014000000002,8.998842,45.428200000000004,57.549999999998875
2025-07-24 10:03:00,32.11805,1.1284719999999995,1.3075465812747942,8.217592999999999,8.593751000000001,45.13889999999998,57.549999999998875
2025-07-24 10:06:00,31.59722,1.1574080000000002,1.34983936824562,8.304394,8.709486,46.2963,57.59999999999887
2025-07-24 10:09:00,33.15972,1.1284720000000004,1.3206789108602925,8.362268,8.767356,45.428200000000004,57.64999999999887
2025-07-24 10:12:00,33.68055,1.1284720000000004,1.3337375210839846,8.304398,8.738426,46.874900000000025,57.699999999998866
2025-07-24 10:15:00,37.32639,1.0995369999999998,1.3303671707349056,8.101848,8.593751000000001,48.032399999999996,57.74999999999886
2025-07-24 10:18:00,36.80555,1.1574080000000002,1.34983936824562,8.188654,8.593746,46.2963,57.79999999999886
2025-07-24 10:21:00,34.75116,1.070602,1.3138567059487876,8.159724,8.680551999999999,48.900499999999994,57.84999999999886
2025-07-24 10:24:00,34.20139,1.070602,1.3138567059487876,8.159724,8.680551999999999,45.428200000000004,57.899999999998855
2025-07-24 10:27:00,36.80555,1.1574080000000002,1.3234371548569073,8.246524,8.593746,46.2963,57.94999999999885
2025-07-24 10:30:00,34.20139,1.070602,1.3138611058678014,8.188654,8.709492000000001,47.742999999999995,57.99999999999885
2025-07-24 10:33:00,35.27199,1.2442130000000002,1.3429427314076863,8.391199,8.593746,44.84949999999998,58.049999999998846
2025-07-24 10:36:00,33.70949,1.0416670000000003,1.2971911066380455,8.101854,8.651617,46.00699999999998,58.09999999999884
2025-07-24 10:39:00,33.70949,1.157407,1.3101167205518587,8.304394000000002,8.622687,45.428200000000004,58.14999999999884
2025-07-24 10:42:00,32.11805,1.0995369999999998,1.3045382672649144,8.159724,8.593747,47.7431,58.19999999999884
2025-07-24 10:45:00,31.59722,1.0416670000000003,1.2971911066380455,8.043984,8.593747,46.875,58.249999999998835
2025-07-24 10:48:00,30.55556,1.0995369999999998,1.2915134463902065,8.130784,8.535877000000001,46.585699999999974,58.29999999999883
2025-07-24 10:51:00,30.55556,1.1863419999999998,1.3257632902297138,8.333329,8.622687,44.84959999999998,58.34999999999883
2025-07-24 11:57:00,40.42245,1.7071759999999996,1.2034808067051384,8.130783999999998,7.233798,58.15979999999999,58.34999999999883
2025-07-24 12:03:00,32.03125,1.359954,1.2711726287540956,7.928240000000001,7.754626,51.215299999999985,58.34999999999883
2025-07-24 12:33:00,36.19791,1.5046289999999996,1.258990055041958,8.217593999999998,7.754625,58.44909999999999,58.34999999999883
2025-07-24 12:39:00,39.35185,1.7361110000000002,1.233743013756301,8.449074,7.552083,59.60649999999998,58.34999999999883
2025-07-24 12:48:00,31.88657,2.4884259999999996,1.231565476669736,8.969909999999999,6.973383999999999,50.636499999999984,58.34999999999883
2025-07-24 13:12:00,33.13079,1.7361119999999994,1.2888523390072455,8.68056,7.870368000000001,52.08330000000001,58.34999999999883
2025-07-24 13:27:00,30.52662,1.3020829999999997,1.414672332801857,8.854164,9.085650999999999,47.16429999999997,58.34999999999883
2025-07-24 13:33:00,30.00578,1.157407,1.3498388142386293,8.506944,8.912037,43.40280000000001,58.34999999999883
2025-07-24 13:39:00,31.07639,1.1574080000000002,1.3234371548569082,8.391204,8.738426,45.717600000000004,58.34999999999883
2025-07-24 17:24:00,40.91435,1.7939809999999996,1.2754880013684189,8.564820000000001,7.638889000000001,63.65740000000005,58.34999999999883
2025-07-24 17:54:00,34.14352,1.157407,1.323436608104077,7.523143999999999,7.870367,57.87039999999996,58.34999999999883
2025-07-24 17:57:00,30.98958,2.2858790000000004,1.0583156159408385,8.478009,6.56829,50.63650000000001,58.34999999999883
2025-07-25 08:27:00,34.17245,0.7233789999999996,1.2220520932581629,7.3495360000000005,8.535877000000001,49.18979999999999,58.34999999999883
2025-07-25 08:48:00,30.06366,1.2442130000000002,1.3291283656967028,8.362269,8.535876,44.56020000000004,58.34999999999883
2025-07-25 09:06:00,30.06366,1.2442129999999993,1.2871296649181707,8.449069999999999,8.535877000000001,42.824100000000016,58.34999999999883
2025-07-25 09:09:00,31.10532,1.273148,1.3018706252622627,8.391203999999998,8.449076,43.11340000000001,58.34999999999883
2025-07-25 09:12:00,31.59722,1.2152780000000005,1.30015367875747,8.362264,8.535876,44.560100000000034,58.34999999999883
2025-07-25 09:15:00,31.59722,1.157407,1.3101167205518587,8.304394000000002,8.622687,45.71760000000003,58.34999999999883
2025-07-25 09:27:00,32.11805,0.7523149999999994,1.2424427668731708,7.407405999999999,8.564810999999999,47.74309999999997,58.34999999999883
2025-07-25 09:48:00,30.06366,1.0995369999999998,1.3303671707349052,8.188653,8.680556,47.1643,58.34999999999883
2025-07-25 09:51:00,30.06366,1.070602,1.3010913131341773,8.188654,8.680551999999999,45.71769999999998,58.399999999998826
2025-07-25 09:54:00,30.06366,1.157407,1.3101121020182989,8.362269,8.680551999999999,46.00689999999997,58.44999999999882
2025-07-25 09:57:00,31.59722,1.2152780000000005,1.3548090720198998,8.391204000000002,8.680556,46.58560000000003,58.49999999999882
2025-07-25 10:00:00,30.55556,1.1284720000000004,1.3206834365574003,8.246524,8.651622,46.00699999999998,58.54999999999882
2025-07-25 10:03:00,30.55556,1.0995369999999998,1.2915134463902065,8.188654,8.593747,46.585699999999974,58.599999999998815
2025-07-25 10:06:00,31.59722,1.2152780000000005,1.3139492511056652,8.333334,8.535876,45.13889999999998,58.64999999999881
2025-07-25 10:09:00,31.59722,1.2152780000000005,1.3276583930916588,8.362264,8.593746,44.560100000000006,58.69999999999881
2025-07-25 10:12:00,31.59722,1.1574080000000002,1.2967088780601437,8.304394,8.593746,44.849500000000035,58.749999999998806
2025-07-25 10:15:00,31.10532,1.1574080000000002,1.3101126450925018,8.275464,8.593746,44.27089999999998,58.7999999999988
2025-07-25 10:18:00,30.06366,1.0416670000000003,1.3097810531026421,8.159724,8.738427,45.13890000000001,58.8499999999988
2025-07-25 10:21:00,30.55556,1.157407,1.3366795984633102,8.506944,8.883107,46.58560000000003,58.8999999999988
2025-07-25 11:57:00,30.49768,2.2858789999999996,1.2183097057640715,8.593754,6.857635000000001,50.34719999999999,58.8999999999988
2025-07-25 12:00:00,30.49768,0.7233790000000004,1.40863177543059,6.770829000000001,8.478010000000001,52.08329999999995,58.8999999999988
2025-07-25 12:12:00,35.15625,1.7071750000000003,1.2221979774580238,8.535884,7.667828999999999,54.398199999999974,58.8999999999988
2025-07-25 13:09:00,34.60648,1.5624989999999999,1.3337359532745943,8.680554,8.246525,57.87039999999996,58.8999999999988
2025-07-25 13:48:00,30.06366,1.2731480000000008,1.3581060451845253,8.622684,8.796295999999998,44.27080000000001,58.8999999999988
2025-07-25 13:51:00,30.55556,1.2152769999999995,1.368255151256863,8.593754,8.912037,43.98150000000001,58.8999999999988
2025-07-25 13:54:00,30.55556,1.2152780000000005,1.3412743374634446,8.593754,8.854166,42.82409999999999,58.8999999999988
2025-07-25 13:57:00,31.07639,1.0416660000000002,1.309780470554691,8.246528,8.825232,45.42820000000003,58.8999999999988
2025-07-25 14:00:00,31.56828,1.070602,1.326554292245625,8.217588,8.767356,44.84960000000001,58.8999999999988
2025-07-25 14:03:00,30.55556,1.0416660000000002,1.322300998887616,8.217588000000001,8.825232,45.42830000000001,58.8999999999988
2025-07-25 14:06:00,30.55556,1.070601,1.3138605326947925,8.275458,8.796297000000001,43.98150000000001,58.8999999999988
2025-07-25 14:09:00,30.00578,1.1574080000000002,1.3101126450925018,8.420144,8.738426,46.00690000000003,58.8999999999988
2025-07-25 14:12:00,30.55556,1.2152780000000005,1.3276583930916588,8.449074,8.680556,43.40270000000001,58.8999999999988
2025-07-25 17:12:00,40.97222,1.5914349999999997,1.3303666556668874,8.275464,7.783569,63.07879999999997,58.8999999999988
2025-07-25 17:30:00,35.15625,1.8229160000000002,1.0161080834052998,7.262729,5.931712999999999,55.84500000000003,58.8999999999988
2025-07-28 07:51:00,31.07639,1.186343,1.378989838452963,8.738424,9.143521,45.13890000000001,58.8999999999988
2025-07-28 07:54:00,33.68055,1.0995369999999998,1.3558989432167232,8.478007999999999,9.027781,46.58560000000003,58.949999999998795
2025-07-28 07:57:00,45.13889,1.0127319999999997,1.390343051967695,7.986111999999999,8.825230000000001,56.134299999999996,58.99999999999879
2025-07-28 08:00:00,52.43056,0.983797,1.43092347303765,8.275467,9.28819,57.87040000000002,59.04999999999879
2025-07-28 08:03:00,41.52199,1.1863420000000007,1.469280134964785,9.11458,9.722218,48.61110000000002,59.099999999998786
2025-07-28 08:06:00,44.09722,1.5335649999999994,1.5190475387461144,9.548615999999999,9.519670999999999,50.92590000000001,59.14999999999878
2025-07-28 08:09:00,46.18055,1.3888889999999998,1.4878683522733378,9.23032,9.432870999999999,52.37269999999998,59.19999999999878
2025-07-28 08:12:00,50.34722,1.2442130000000002,1.437260236114647,8.912034,9.317131,52.08339999999998,59.24999999999878
2025-07-28 08:15:00,56.10532,1.0416670000000003,1.3960455431992536,8.420143,9.201386,54.6875,59.299999999998775
2025-07-28 08:18:00,56.10532,0.868055,1.366001654459432,8.072912,9.230327,59.60650000000001,59.34999999999877
2025-07-28 08:21:00,54.02199,0.7233789999999996,1.3783666884399295,7.581016,9.201387,55.555499999999995,59.39999999999877
2025-07-28 08:24:00,44.56018,0.9837959999999999,1.4309268336227228,8.304393999999998,9.317128,53.53,59.44999999999877
2025-07-28 08:27:00,42.96875,1.2442130000000002,1.4504203518566205,8.969909,9.403936,51.215299999999985,59.499999999998764
2025-07-28 08:30:00,57.11806,1.0127320000000006,1.4022652137855502,8.362267000000001,9.230325,55.555499999999995,59.54999999999876
2025-07-28 08:33:00,49.82639,0.9837959999999999,1.4539927792467107,8.478009,9.548613,54.1088,59.59999999999876
2025-07-28 08:36:00,44.12616,1.0127310000000005,1.414127671358874,8.506944,9.403932999999999,53.530100000000004,59.649999999998755
2025-07-28 08:39:00,39.93055,1.1284720000000004,1.4105458683877017,8.680559,9.288197,52.08330000000001,59.69999999999875
2025-07-28 08:42:00,38.88889,1.2152769999999995,1.394916497486923,8.854164,9.230327,47.7431,59.74999999999875
2025-07-28 08:45:00,38.88889,1.1863419999999998,1.4181016791894945,8.738423999999998,9.230322000000001,49.76849999999999,59.79999999999875
2025-07-28 08:48:00,38.36805,1.2152779999999996,1.4212665965921536,8.76736,9.201391999999998,50.92599999999999,59.849999999998744
2025-07-28 08:51:00,35.73495,1.273148,1.4263764451908982,8.91204,9.230322000000001,48.32169999999999,59.89999999999874
2025-07-28 08:54:00,33.15972,1.3310179999999994,1.4298999989437808,8.998845,9.201387,50.05790000000002,59.94999999999874
2025-07-28 08:57:00,32.60995,1.359954,1.4310743595961333,9.114586,9.259262,47.742999999999995,59.999999999998735
2025-07-28 09:00:00,32.60995,1.5335649999999994,1.4600340397699518,9.230325999999998,9.085650999999999,46.2963,60.04999999999873
2025-07-28 09:03:00,36.31366,1.4178239999999995,1.4322442835432607,8.998845,9.027781000000001,49.189899999999994,60.09999999999873
2025-07-28 09:06:00,37.81829,1.3020829999999997,1.4009179685562043,8.825233999999998,9.027781000000001,49.47910000000002,60.14999999999873
2025-07-28 09:09:00,40.97222,1.2442130000000002,1.4107125953639987,8.680554,9.027781000000001,49.76850000000002,60.199999999998724
2025-07-28 09:12:00,40.48032,1.1574080000000002,1.414533488469617,8.622684,9.172456,49.18979999999999,60.24999999999872
2025-07-28 09:15:00,42.01389,1.1574080000000002,1.4017351896485908,8.680554,9.201386,52.66199999999998,60.29999999999872
2025-07-28 09:18:00,42.53472,1.1574080000000002,1.4650584679691663,8.622684,9.288196,52.95140000000001,60.349999999998715
2025-07-28 09:21:00,42.53472,1.1863419999999998,1.4309994049870047,8.651619,9.172457,51.50459999999998,60.39999999999871
2025-07-28 09:24:00,39.40972,1.157407,1.4272592401385118,8.680554,9.259257,51.21530000000001,60.44999999999871
2025-07-28 09:27:00,40.97222,1.2442130000000002,1.4240219219282464,8.680559,9.056716,52.37270000000001,60.49999999999871
2025-07-28 09:30:00,40.97222,1.1863419999999998,1.4309994049870047,8.651619,9.172457,52.37270000000001,60.549999999998704
2025-07-28 09:33:00,40.97222,1.273148,1.4397886984029447,8.796299,9.143521,52.08330000000001,60.5999999999987
2025-07-28 09:36:00,42.53472,1.157407,1.4145285062914674,8.651624000000002,9.201387,51.79399999999998,60.6499999999987
2025-07-28 09:39:00,40.97222,1.1863419999999998,1.4051382986513332,8.651619,9.114587,51.21530000000001,60.699999999998695
2025-07-28 09:42:00,43.60532,1.2442130000000002,1.410707981536377,8.593754,8.940971000000001,51.50460000000001,60.74999999999869
2025-07-28 09:45:00,44.58912,1.070602,1.3642279536898692,8.333334,8.969912,53.24080000000001,60.79999999999869
2025-07-28 09:48:00,44.58912,1.0995369999999998,1.381153155787102,8.391202999999999,8.998846,50.34729999999999,60.84999999999869
2025-07-28 09:51:00,45.63079,1.1284720000000004,1.397915047637232,8.391208,8.969906,49.76850000000002,60.899999999998684
2025-07-28 09:54:00,46.18055,1.1284720000000004,1.4105458683877017,8.391208,8.998846,50.63659999999999,60.94999999999868
2025-07-28 09:57:00,41.98495,1.070602,1.413552026720277,8.391204000000002,9.143522,50.92599999999999,60.99999999999868
2025-07-28 10:00:00,44.61805,1.157407,1.4017346215135846,8.535884,9.056717,51.79400000000001,61.049999999998676
2025-07-28 10:03:00,41.49305,1.070602,1.413552026720277,8.391204000000002,9.143522,52.08339999999998,61.09999999999867
2025-07-28 10:06:00,38.36805,1.1574079999999993,1.4272598151612261,8.59375,9.172452,52.08329999999998,61.14999999999867
2025-07-28 10:09:00,38.88889,1.2442130000000002,1.4240219219282475,8.622689,8.998846,53.240700000000004,61.19999999999867
2025-07-28 10:12:00,39.40972,1.2442129999999993,1.4107125953639983,8.709489999999999,9.056717,50.34730000000002,61.249999999998664
2025-07-28 10:15:00,38.36805,1.273148,1.4263764451908982,8.767364999999998,9.085647,50.34729999999999,61.29999999999866
2025-07-28 10:18:00,37.87616,1.3020839999999998,1.3870777688019658,8.68056,8.854166,50.636600000000016,61.34999999999866
2025-07-28 10:21:00,39.40972,1.2442130000000002,1.4107125953639987,8.478009,8.825236,49.189899999999966,61.399999999998656
2025-07-28 10:24:00,38.91782,1.157407,1.3759327499894818,8.478009,8.940971999999999,52.08330000000001,61.44999999999865
2025-07-28 10:27:00,38.36805,1.2152780000000005,1.3949124663350472,8.478014000000002,8.854166,49.76849999999996,61.49999999999865
2025-07-28 10:30:00,37.81829,1.1863419999999998,1.378989285674522,8.535879,8.940977,49.47919999999999,61.54999999999865
2025-07-28 10:33:00,39.38079,1.1863419999999998,1.378989285674522,8.535879,8.940977,49.47910000000002,61.599999999998644
2025-07-28 10:36:00,37.81829,1.2442130000000002,1.3973210013037471,8.535879,8.854166,49.189899999999966,61.64999999999864
2025-07-28 10:39:00,37.87616,1.2152769999999995,1.394911918190751,8.651623999999998,9.027777,49.47919999999999,61.69999999999864
2025-07-28 10:42:00,38.36805,1.2152769999999995,1.4343283919787184,8.593754,9.056717,51.504699999999985,61.749999999998636
2025-07-28 10:45:00,37.87616,1.0995369999999998,1.381153155787102,8.449074,9.056717,50.636600000000016,61.79999999999863
2025-07-28 10:48:00,37.32639,1.0416660000000002,1.3594551442251726,8.304398,8.998842,50.347200000000015,61.84999999999863
2025-07-28 10:51:00,35.76389,1.0995369999999998,1.3558989432167232,8.391204,8.940977,52.66209999999998,61.89999999999863
2025-07-28 10:54:00,33.68055,1.157407,1.4017346215135846,8.535879,9.056712000000001,48.900499999999994,61.949999999998624
2025-07-28 10:57:00,33.68055,1.2442129999999993,1.3973210013037467,8.709489999999999,9.027777,47.74309999999997,61.99999999999862
2025-07-28 11:00:00,32.60995,1.2442129999999993,1.3973210013037467,8.76736,9.085647,48.32169999999999,62.04999999999862
2025-07-28 11:03:00,31.56828,1.2442129999999993,1.3973210013037467,8.738430000000001,9.056717,48.32179999999997,62.099999999998616
2025-07-28 11:06:00,32.11805,1.3020829999999997,1.4283380514742818,8.82523,9.085647,44.84949999999998,62.14999999999861
2025-07-28 11:09:00,32.11805,1.2152779999999996,1.381625828867176,8.738430000000001,9.085652,48.90039999999999,62.19999999999861
2025-07-28 11:12:00,33.15972,1.1863419999999998,1.378989285674522,8.651619,9.056717,50.636600000000016,62.24999999999861
2025-07-28 11:15:00,32.08912,1.157407,1.3629255227133064,8.622684,9.056717,49.18969999999999,62.299999999998604
2025-07-28 11:18:00,33.70949,1.157407,1.3759327499894818,8.622684,9.085647,50.057799999999986,62.3499999999986
2025-07-28 11:21:00,36.77662,1.2152780000000005,1.4212665965921545,8.622684,9.056716,51.21520000000004,62.3999999999986
2025-07-28 11:24:00,36.77662,1.2442130000000002,1.410707981536377,8.796299,9.143516,49.18980000000002,62.449999999998596
2025-07-28 11:27:00,35.73495,1.157407,1.4145329168761327,8.651619,9.201391999999998,49.76850000000002,62.49999999999859
2025-07-28 11:30:00,35.27199,1.2152769999999995,1.3949119181907499,8.709494,9.085647,48.611200000000025,62.54999999999859
2025-07-28 11:33:00,33.15972,1.1284720000000004,1.397919423557956,8.506944,9.085652,46.875,62.59999999999859
2025-07-28 11:36:00,33.70949,1.0995370000000007,1.3936783785158946,8.449074,9.085647,50.05790000000002,62.649999999998585
2025-07-28 11:39:00,31.59722,1.0995370000000007,1.368557671531315,8.391204000000002,8.969907,48.032399999999996,62.69999999999858
2025-07-28 13:18:00,33.15972,1.2152780000000005,1.4473248621176338,8.969904,9.461806,48.61109999999999,62.69999999999858
2025-07-28 13:21:00,35.27199,1.186343,1.4565875362622642,8.998844,9.577551,49.18979999999999,62.74999999999858
2025-07-28 13:24:00,35.73495,1.070602,1.4378495420424269,8.825234,9.635411999999999,50.63659999999999,62.799999999998576
2025-07-28 13:27:00,37.29745,1.1574080000000002,1.452520767199498,8.825234,9.461806,51.504699999999985,62.84999999999857
2025-07-28 13:30:00,36.77662,1.0995369999999998,1.4185418047623541,8.709494,9.403937,51.504700000000014,62.89999999999857
2025-07-28 13:33:00,35.76389,1.0995370000000007,1.43087875001898,8.651624000000002,9.374997,50.92590000000001,62.94999999999857
2025-07-28 13:36:00,36.77662,1.157407,1.414528506291468,8.680558,9.230321,50.92590000000001,62.999999999998565
2025-07-28 13:39:00,37.81829,1.2152780000000005,1.4602471266833437,8.738424000000002,9.259256,51.21519999999998,63.04999999999856
2025-07-28 13:42:00,38.36805,1.157407,1.4272592401385118,8.680554,9.259257,51.50460000000001,63.09999999999856
2025-07-28 13:45:00,40.42245,1.1863419999999998,1.4438243168994433,8.680559,9.230327,51.215299999999985,63.149999999998556
2025-07-28 13:48:00,39.38079,1.0995370000000007,1.4061393198573038,8.593754,9.259257,53.240700000000004,63.19999999999855
2025-07-28 13:51:00,38.36805,1.070601,1.3766499616545613,8.420138,9.085647,49.76849999999999,63.24999999999855
2025-07-28 13:54:00,39.93055,1.0416659999999993,1.371711004694476,8.362273,9.085647,50.34729999999999,63.29999999999855
2025-07-28 13:57:00,35.76389,1.0995370000000007,1.4061436161973706,8.449074,9.114587,50.926000000000016,63.349999999998545
2025-07-28 14:00:00,35.76389,1.2152769999999995,1.394916497486923,8.680554,9.056717,48.90050000000002,63.39999999999854
2025-07-28 14:03:00,35.27199,1.1863419999999998,1.392098468546438,8.651619,9.085647,49.18980000000002,63.44999999999854
2025-07-28 14:06:00,33.68055,1.157407,1.3759327499894825,8.622689,9.085652,50.057800000000015,63.499999999998536
2025-07-28 14:09:00,31.56828,1.6203699999999994,1.4081280176247268,9.114584,8.709494,47.1644,63.54999999999853
2025-07-28 14:33:00,30.00578,1.7939809999999996,1.4525223651086863,9.54861,8.912039,45.428199999999975,63.54999999999853
2025-07-28 14:39:00,30.00578,1.6782409999999999,1.4343249332257384,9.346069,8.883098,46.2963,63.54999999999853
2025-07-28 14:42:00,30.00578,1.6782409999999999,1.4181009996736726,9.259259,8.767358,46.2963,63.54999999999853
2025-07-28 14:48:00,30.00578,1.6493060000000002,1.4372567600453248,9.230324,8.825228000000001,47.16439999999997,63.54999999999853
2025-07-28 14:51:00,32.11805,1.3020830000000005,1.4283380514742814,8.969904,9.230321,48.61109999999999,63.59999999999853
2025-07-28 14:54:00,33.68055,1.3020829999999997,1.4419268796121951,8.969904,9.259260999999999,47.1643,63.64999999999853
2025-07-28 14:57:00,33.68055,1.2152769999999995,1.4081263628141867,8.940974,9.346067,48.900499999999965,63.699999999998525
2025-07-28 15:00:00,50.34722,0.6076389999999998,1.2957346857153553,7.175928,8.940969,55.555499999999995,63.74999999999852
2025-07-28 15:03:00,53.96412,0.5208329999999997,1.3124798220262828,7.031254,9.172450999999999,58.159700000000015,63.79999999999852
2025-07-28 15:06:00,46.73032,0.7523140000000001,1.3902097985692787,7.783567000000001,9.346063000000001,54.9768,63.849999999998516
2025-07-28 15:09:00,37.81829,1.0127310000000005,1.4494072418111201,8.535879,9.519677999999999,51.504699999999985,63.89999999999851
2025-07-28 15:12:00,37.81829,1.157407,1.4272592401385118,8.738423999999998,9.317127,47.74309999999997,63.94999999999851
2025-07-28 15:15:00,34.72222,1.2152769999999995,1.4081263628141878,8.825233999999998,9.230327,49.18979999999999,63.99999999999851
2025-07-28 15:18:00,33.13079,1.157407,1.4145285062914674,8.709494,9.259257,47.16439999999997,64.0499999999985
2025-07-28 15:21:00,33.15972,1.1863419999999998,1.4051382986513332,8.680554,9.143522,49.18979999999999,64.0999999999985
2025-07-28 15:24:00,33.15972,1.2152769999999995,1.394911918190751,8.651623999999998,9.027777,49.76849999999999,64.1499999999985
2025-07-28 15:27:00,33.68055,1.273148,1.3856689920563643,8.796299,9.027781000000001,47.7431,64.1999999999985
2025-07-28 15:30:00,32.60995,1.2152769999999995,1.3816252842117873,8.709494,9.056717,47.74300000000002,64.2499999999985
2025-07-28 15:33:00,32.60995,1.2152769999999995,1.3816252842117873,8.709494,9.056717,48.900499999999994,64.29999999999849
2025-07-28 15:36:00,34.72222,1.1863419999999998,1.3920984685464388,8.622689,9.056717,49.18979999999999,64.34999999999849
2025-07-28 15:39:00,35.76389,1.157407,1.3888670081745338,8.593754,9.085647,48.61109999999999,64.39999999999849
2025-07-28 15:42:00,34.17245,1.0995369999999998,1.3685576715313152,8.535884,9.114587,50.63659999999999,64.44999999999848
2025-07-28 15:45:00,35.21412,1.1574080000000002,1.3888720313088645,8.564814,9.056716,48.321799999999996,64.49999999999848
2025-07-28 15:48:00,34.72222,1.1284720000000004,1.4231072289827138,8.593754,9.230322000000001,48.32170000000002,64.54999999999848
2025-07-28 15:51:00,33.15972,1.1863419999999998,1.4181016791894945,8.825229,9.317127000000001,47.453700000000026,64.59999999999847
2025-07-28 15:54:00,33.15972,1.2152769999999995,1.4081263628141867,8.796294,9.201387,48.32169999999999,64.64999999999847
2025-07-28 15:57:00,31.56828,1.273148,1.4397886984029435,8.912035,9.259257,49.18979999999999,64.69999999999847
2025-07-28 16:00:00,31.07639,1.273148,1.3993234958537897,8.8831,9.143522,48.321799999999996,64.74999999999847
2025-07-28 16:03:00,30.00578,1.3020829999999997,1.4009179685562034,8.912035,9.114581999999999,45.428199999999975,64.79999999999846
2025-07-28 16:24:00,31.59722,1.3310179999999994,1.4160516667437866,8.998845,9.172457,47.45369999999997,64.79999999999846
2025-07-28 16:27:00,31.07639,1.2152769999999995,1.394916497486922,8.796294,9.172457,49.76849999999999,64.79999999999846
2025-07-28 16:30:00,30.55556,1.2442129999999993,1.3703007633239375,8.825230000000001,9.085647,48.321800000000025,64.79999999999846
2025-07-28 16:33:00,30.55556,1.186343,1.378989838452963,8.709489999999999,9.114587,48.900499999999994,64.79999999999846
2025-07-28 16:54:00,30.52662,1.273148,1.3993234958537897,8.825229,9.085650999999999,48.321799999999996,64.79999999999846
2025-07-28 16:57:00,30.00578,1.1863419999999998,1.3789847413334113,8.680559,9.085647,45.7175,64.79999999999846
2025-07-28 17:00:00,30.00578,1.2152769999999995,1.368255151256863,8.709494,9.027777,47.453700000000026,64.79999999999846
2025-07-28 18:36:00,38.31018,1.649305,0.9789974928310323,7.146994,6.018519,56.71289999999999,64.79999999999846
2025-07-28 18:39:00,33.13079,1.4756939999999998,0.8281456389756737,6.626157,5.555553,52.08339999999998,64.79999999999846
2025-07-29 07:57:00,37.32639,0.8391209999999996,1.2906414289272408,7.581022999999999,8.622682000000001,51.79389999999998,64.79999999999846
2025-07-29 08:00:00,39.40972,0.9548610000000002,1.354207003775103,7.957172,8.854171000000001,52.95139999999998,64.84999999999846
2025-07-29 08:03:00,44.61805,0.9259260000000005,1.347432506892433,8.159727,9.114581,52.37270000000001,64.89999999999846
2025-07-29 08:06:00,44.09722,1.1284720000000004,1.4105458683877017,8.535879,9.143517,51.21520000000001,64.94999999999845
2025-07-29 08:09:00,42.53472,1.3020830000000005,1.4419221979362227,8.85417,9.143517,50.34719999999999,64.99999999999845
2025-07-29 08:12:00,38.88889,1.1863419999999998,1.3525320820894866,8.622689,8.969907000000001,48.32169999999999,65.04999999999845
2025-07-29 08:15:00,39.40972,1.0127309999999996,1.3542414786119488,8.217592999999999,8.969912,50.925899999999984,65.09999999999845
2025-07-29 08:18:00,39.40972,0.8391210000000004,1.3018675250369682,7.696757,8.767356,53.530100000000004,65.14999999999844
2025-07-29 08:21:00,44.61805,0.694445,1.2538478789169307,7.349536,8.709491,53.8194,65.19999999999844
2025-07-29 08:24:00,37.35532,0.868055,1.3098074487525826,7.899308,8.912033000000001,51.79390000000001,65.24999999999844
2025-07-29 08:27:00,32.60995,1.2442129999999993,1.3973210013037467,8.651625,8.969912,48.61109999999999,65.29999999999843
2025-07-29 08:30:00,31.59722,1.359954,1.4029104303921636,8.969906000000002,9.056712000000001,45.13890000000001,65.34999999999843
2025-07-29 08:33:00,32.66782,1.3888889999999998,1.3743697216007833,8.940974999999998,8.912036,47.45379999999997,65.39999999999843
2025-07-29 08:36:00,34.69329,1.3888889999999998,1.3888905000379281,8.912035,8.912036,46.5856,65.44999999999843
2025-07-29 08:39:00,35.27199,1.2442130000000002,1.410707981536377,8.73843,9.085647,47.4538,65.49999999999842
2025-07-29 08:42:00,33.68055,1.3020829999999997,1.4146675947172498,8.825235,9.056712000000001,47.7431,65.54999999999842
2025-07-29 08:45:00,33.15972,1.2442129999999993,1.3703007633239375,8.825230000000001,9.085647,47.1643,65.59999999999842
2025-07-29 08:48:00,33.15972,1.2442130000000002,1.3566675607007124,8.651619,8.883106,48.900499999999965,65.64999999999841
2025-07-29 08:51:00,39.93055,1.157407,1.3498388142386293,8.420138,8.825230999999999,48.321799999999996,65.69999999999841
2025-07-29 08:54:00,36.80555,1.157407,1.3498388142386293,8.535884,8.940977,46.2963,65.74999999999841
2025-07-29 08:57:00,33.15972,1.186343,1.3658002327417789,8.59375,8.969907,45.7175,65.7999999999984
2025-07-29 09:00:00,31.59722,1.157407,1.323432018133881,8.506949,8.854161999999999,46.875,65.8499999999984
2025-07-29 09:03:00,31.59722,1.273148,1.3581012515971078,8.593754,8.767356,46.29630000000003,65.8999999999984
2025-07-29 09:06:00,30.00578,1.273148,1.3581012515971078,8.651625,8.825227,46.58570000000003,65.9499999999984
2025-07-29 09:09:00,30.00578,1.3310180000000003,1.3739630441114368,8.738430000000001,8.825232,46.58560000000003,65.9999999999984
2025-07-29 09:12:00,30.06366,1.3888889999999998,1.3743697216007862,8.796295,8.767356,46.2963,66.04999999999839
2025-07-29 09:18:00,30.06366,1.1284720000000004,1.3467200011605098,8.449074,8.912042,48.032399999999996,66.04999999999839
2025-07-29 09:21:00,32.11805,1.1284720000000004,1.3206789108602925,8.304398,8.709486,47.1644,66.04999999999839
2025-07-29 09:24:00,32.60995,1.157407,1.3498388142386293,8.391199,8.796292000000001,50.636499999999984,66.04999999999839
2025-07-29 09:27:00,30.00578,1.2152779999999996,1.3412743374634442,8.564820000000001,8.825232,46.8749,66.04999999999839
2025-07-29 09:30:00,33.15972,1.1574080000000002,1.323432564885447,8.420144,8.767356,49.47919999999996,66.04999999999839
2025-07-29 09:33:00,36.28472,1.070602,1.3391771965274462,8.188658,8.767356,48.03249999999997,66.04999999999839
2025-07-29 09:36:00,33.70949,0.8969899999999997,1.3056906285000376,7.899303,8.825233,52.08339999999998,66.04999999999839
2025-07-29 09:39:00,30.55556,1.0416659999999993,1.297194890399201,8.072913,8.622687,50.057800000000015,66.04999999999839
2025-07-29 09:48:00,32.11805,0.8101849999999997,1.260062714434206,7.609956,8.651620999999999,49.18979999999996,66.04999999999839
2025-07-29 10:06:00,31.59722,1.1574080000000002,1.3234371548569073,8.333334,8.680556,45.428200000000004,66.04999999999839
2025-07-29 10:09:00,32.66782,1.1284720000000004,1.2943337889936113,8.275458,8.622686,45.428200000000004,66.04999999999839
2025-07-29 10:12:00,32.11805,1.0995369999999998,1.2915134463902065,8.275464,8.680557,46.0069,66.04999999999839
2025-07-29 10:15:00,30.00578,1.070602,1.3010913131341773,8.188654,8.680551999999999,45.428200000000004,66.04999999999839
2025-07-29 10:18:00,30.55556,1.1284720000000004,1.3075465812747933,8.304394000000002,8.680551999999999,45.717599999999976,66.04999999999839
2025-07-29 10:27:00,30.00578,1.2152769999999995,1.3139487243929542,8.564813999999998,8.767357,43.98140000000001,66.04999999999839
2025-07-30 08:21:00,45.10995,0.8680559999999993,1.2984232850709756,7.725696,8.709489999999999,50.636600000000016,66.04999999999839
2025-07-30 08:24:00,43.08449,0.8680559999999993,1.3548585755478104,7.8993079999999996,9.027782,50.057799999999986,66.09999999999839
2025-07-30 08:27:00,37.32639,0.9837959999999999,1.3959545521637144,8.362264,9.288198000000001,49.47919999999999,66.14999999999839
2025-07-30 08:30:00,32.66782,1.273148,1.3856689920563643,8.854164999999998,9.085647,45.7175,66.19999999999838
2025-07-30 08:33:00,33.68055,1.273148,1.3719338439496236,8.796294,8.998846,46.87499999999997,66.24999999999838
2025-07-30 08:36:00,40.97222,1.070602,1.3265542922456257,8.304402,8.85417,49.47920000000002,66.29999999999838
2025-07-30 08:39:00,44.61805,0.8680560000000002,1.3211495995672198,7.928237000000001,8.969911,50.63659999999999,66.34999999999837
2025-07-30 08:42:00,36.80555,1.157407,1.388871466659957,8.622685,9.114588,47.4537,66.39999999999837
2025-07-30 08:45:00,34.75116,1.2442130000000002,1.3566628333489283,8.73843,8.969907,47.453599999999994,66.44999999999837
2025-07-30 08:48:00,38.36805,1.273148,1.3581060451845253,8.651623999999998,8.825236,48.321799999999996,66.49999999999837
2025-07-30 08:51:00,38.91782,1.1863419999999998,1.365799683496912,8.506949,8.883107,51.504700000000014,66.54999999999836
2025-07-30 08:54:00,37.81829,1.2442130000000002,1.3703007633239381,8.651619,8.912036,49.76850000000002,66.59999999999836
2025-07-30 08:57:00,37.81829,1.157407,1.3759327499894818,8.506949,8.969912,51.21520000000001,66.64999999999836
2025-07-30 09:00:00,34.17245,1.2152769999999995,1.368255151256863,8.506944,8.825227,50.63659999999999,66.69999999999835
2025-07-30 09:03:00,34.20139,1.3020829999999997,1.3870772472725865,8.651625,8.825232,48.32170000000002,66.74999999999835
2025-07-30 09:06:00,35.76389,1.359954,1.3886870681789498,8.68056,8.738426,50.925899999999984,66.79999999999835
2025-07-30 09:09:00,35.27199,1.273148,1.3856689920563647,8.53588,8.767361999999999,49.18979999999996,66.84999999999835
2025-07-30 09:12:00,35.27199,1.2152769999999995,1.3412738034709355,8.506944,8.767357,48.900499999999994,66.89999999999834
2025-07-30 09:15:00,36.80555,1.157407,1.388871466659957,8.391204000000002,8.883107,50.63659999999999,66.94999999999834
2025-07-30 09:18:00,39.40972,1.157407,1.3629255227133064,8.362268,8.796301,50.34719999999999,66.99999999999834
2025-07-30 09:21:00,39.40972,1.157407,1.401734621513584,8.391204000000002,8.912037,51.215299999999985,67.04999999999833
2025-07-30 09:24:00,40.97222,1.273148,1.3993187921144523,8.564819,8.825230999999999,48.321799999999996,67.09999999999833
2025-07-30 09:27:00,39.93055,1.157407,1.388871466659957,8.391204000000002,8.883107,50.63650000000001,67.14999999999833
2025-07-30 09:30:00,39.38079,1.1284720000000004,1.3596239479717778,8.275458,8.767356,50.92599999999999,67.19999999999833
2025-07-30 09:33:00,37.81829,1.0416659999999993,1.3347496135684274,8.188653,8.825227,51.50459999999998,67.24999999999832
2025-07-30 09:36:00,37.87616,1.0995370000000007,1.355898943216724,8.304394000000002,8.854167,50.347200000000015,67.29999999999832
2025-07-30 09:39:00,36.80555,1.157407,1.3629255227133064,8.391199,8.825232,50.34719999999999,67.34999999999832
2025-07-30 09:42:00,35.76389,1.157407,1.3629255227133064,8.478009,8.912042,49.18980000000002,67.39999999999831
2025-07-30 09:45:00,37.32639,1.186343,1.3391894511996758,8.391204,8.709491,46.5856,67.44999999999831
2025-07-30 09:48:00,37.32639,1.157407,1.3498388142386293,8.362264,8.767357,50.34730000000002,67.49999999999831
2025-07-30 09:51:00,38.36805,1.1574080000000002,1.3234371548569082,8.391204,8.738426,48.6112,67.5499999999983
2025-07-30 09:54:00,39.40972,1.0416660000000002,1.322300998887616,8.159718,8.767361999999999,49.768399999999986,67.5999999999983
2025-07-30 09:57:00,41.52199,1.157407,1.3498388142386293,8.246528,8.651620999999999,47.4537,67.6499999999983
2025-07-30 10:00:00,39.93055,1.0127310000000005,1.3420862140257999,8.072918,8.796297,50.34729999999999,67.6999999999983
2025-07-30 10:03:00,40.48032,1.1574080000000002,1.3629215713534226,8.333334,8.767356,50.63659999999999,67.7499999999983
2025-07-30 10:06:00,39.93055,1.0995369999999998,1.3431664569555333,8.275464,8.796297000000001,51.79399999999998,67.79999999999829
2025-07-30 10:09:00,38.91782,1.1863419999999998,1.365799683496912,8.420134000000001,8.796292000000001,50.05789999999999,67.84999999999829
2025-07-30 10:12:00,35.76389,1.273148,1.358106045184524,8.53588,8.709492000000001,49.18979999999999,67.89999999999829
2025-07-30 10:15:00,33.68055,1.186343,1.3391894511996758,8.42014,8.738427,48.61109999999999,67.94999999999828
2025-07-30 10:18:00,31.56828,1.3310189999999995,1.3454336582074728,8.564820000000001,8.593751000000001,46.87500000000003,67.99999999999828
2025-07-30 10:21:00,30.06366,1.186343,1.3525372260117086,8.449069999999999,8.796297,48.32169999999999,68.04999999999828
2025-07-30 10:24:00,37.32639,0.868055,1.228958378904773,7.638890000000001,8.449075,50.34719999999999,68.09999999999827
2025-07-30 10:27:00,48.29282,0.6076389999999998,1.2274502605245916,6.915508999999999,8.47801,54.9769,68.14999999999827
2025-07-30 10:30:00,42.53472,0.7233790000000004,1.3168980613968808,7.436342,8.883102999999998,50.925899999999984,68.19999999999827
2025-07-30 10:33:00,36.22685,1.0127310000000005,1.378368169147023,8.246529,9.056718,52.08330000000001,68.24999999999827
2025-07-30 10:36:00,35.76389,1.2442130000000002,1.3838495760276541,8.59375,8.883097,48.321799999999996,68.29999999999826
2025-07-30 10:39:00,35.27199,1.2442129999999993,1.3702960655641208,8.564820000000001,8.825227,51.504699999999985,68.34999999999826
2025-07-30 10:42:00,34.72222,1.3888889999999998,1.3597502711340195,8.680554999999998,8.622686,48.611200000000025,68.39999999999826
2025-07-30 10:45:00,33.15972,1.3020839999999998,1.3591318138197306,8.478010000000001,8.593746,48.61110000000002,68.44999999999825
2025-07-30 10:48:00,30.55556,1.3020839999999998,1.3731529743824937,8.622686000000002,8.767362,47.74310000000003,68.49999999999825
2025-07-30 11:06:00,30.00578,1.359954,1.359953000015629,8.854166,8.854161999999999,46.0069,68.49999999999825
2025-07-30 11:09:00,30.00578,1.3310180000000003,1.3454331546042082,8.825230000000001,8.854161999999999,46.296299999999974,68.49999999999825
2025-07-30 13:18:00,31.07639,1.3310180000000003,1.4160516667437892,9.114584,9.288196,48.03249999999997,68.49999999999825
2025-07-30 13:21:00,33.68055,1.2442130000000002,1.437260236114647,9.056709,9.461806,49.18979999999999,68.54999999999825
2025-07-30 13:24:00,35.76389,1.2152780000000005,1.4473248621176338,8.969904,9.461806,49.47919999999996,68.59999999999825
2025-07-30 13:27:00,35.73495,1.0995369999999998,1.4061393198573031,8.709494,9.374997,52.37270000000001,68.64999999999824
2025-07-30 13:30:00,37.29745,1.1574080000000002,1.4145334884696161,8.564814,9.114586,48.321799999999996,68.69999999999824
2025-07-30 13:33:00,35.76389,1.1284720000000004,1.397915047637232,8.478014000000002,9.056712000000001,50.05789999999999,68.74999999999824
2025-07-30 13:36:00,34.17245,1.157407,1.362921013768881,8.564819,8.998842,49.18980000000002,68.79999999999824
2025-07-30 13:39:00,34.20139,1.157407,1.3759327499894825,8.506944,8.969907000000001,49.18979999999999,68.84999999999823
2025-07-30 13:42:00,35.21412,1.0995369999999998,1.3431664569555328,8.391204,8.912037,48.61109999999999,68.89999999999823
2025-07-30 13:45:00,35.73495,1.0995369999999998,1.3303671707349056,8.391204,8.883107,50.63650000000001,68.94999999999823
2025-07-30 13:48:00,36.28472,1.1863419999999998,1.378989285674522,8.478009,8.883107,50.05789999999999,68.99999999999822
2025-07-30 13:51:00,36.28472,1.070602,1.326554292245625,8.304394,8.854161999999999,48.321799999999996,69.04999999999822
2025-07-30 13:54:00,36.28472,1.1574080000000002,1.33667558665673,8.391204,8.767356,48.61119999999997,69.09999999999822
2025-07-30 13:57:00,37.87616,1.157407,1.388871466659957,8.391204000000002,8.883107,50.05790000000002,69.14999999999822
2025-07-30 14:00:00,38.36805,1.0995369999999998,1.3558989432167232,8.333334,8.883107,50.925899999999984,69.19999999999821
2025-07-30 14:03:00,36.77662,1.157407,1.36292101376888,8.391204000000002,8.825227,50.63659999999999,69.24999999999821
2025-07-30 14:06:00,35.76389,1.157407,1.36292101376888,8.420139,8.854161999999999,50.636600000000016,69.2999999999982
2025-07-30 14:09:00,35.76389,1.1284720000000004,1.346720001160509,8.304394000000002,8.767361999999999,52.08330000000001,69.3499999999982
2025-07-30 14:12:00,35.73495,1.1284720000000004,1.3467155280723306,8.333334,8.796292000000001,47.7431,69.3999999999982
2025-07-30 14:15:00,36.28472,1.1863419999999998,1.365799683496912,8.420139,8.796297000000001,49.47919999999999,69.4499999999982
2025-07-30 14:18:00,36.28472,1.157407,1.3629255227133064,8.391199,8.825232,48.321800000000025,69.4999999999982
2025-07-30 14:21:00,35.73495,1.157407,1.3498388142386293,8.391204000000002,8.796297000000001,48.900499999999994,69.54999999999819
2025-07-30 14:24:00,33.68055,1.070602,1.326554292245625,8.304394,8.854161999999999,49.18980000000002,69.59999999999819
2025-07-30 14:27:00,34.72222,1.0995369999999998,1.3431664569555328,8.304394,8.825227,49.76849999999999,69.64999999999819
2025-07-30 14:30:00,31.59722,1.1284720000000004,1.3467155280723297,8.391204000000002,8.854161999999999,45.717600000000004,69.69999999999818
2025-07-30 14:33:00,32.60995,1.157407,1.3498388142386293,8.478014000000002,8.883107,45.42829999999998,69.74999999999818
2025-07-30 14:36:00,32.11805,1.157407,1.3498388142386293,8.478014000000002,8.883107,46.8749,69.79999999999818
2025-07-30 14:39:00,33.15972,1.273148,1.3581012515971078,8.593754,8.767356,46.8749,69.84999999999818
2025-07-30 14:42:00,32.60995,1.157407,1.3629255227133064,8.506944,8.940977,47.453700000000026,69.89999999999817
2025-07-30 14:45:00,33.15972,1.1863419999999998,1.3525366803311483,8.535879,8.883107,44.56019999999998,69.94999999999817
2025-07-30 14:48:00,33.13079,1.2152779999999996,1.3682556923904878,8.622689999999999,8.940971999999999,47.1643,69.99999999999817
2025-07-30 14:51:00,32.60995,1.2442130000000002,1.3566628333489283,8.622689,8.854166,45.7175,70.04999999999816
2025-07-30 14:54:00,31.56828,1.157407,1.3498388142386293,8.535879,8.940971999999999,46.00699999999998,70.09999999999816
2025-07-30 14:57:00,30.06366,1.1284720000000004,1.3596239479717778,8.478014000000002,8.969912,45.717600000000004,70.14999999999816
2025-07-30 15:00:00,31.59722,1.1863419999999998,1.3391889091175808,8.622689,8.940977,47.16429999999997,70.19999999999816
2025-07-30 15:03:00,30.55556,1.157407,1.3366750362608173,8.593754,8.969907000000001,45.717599999999976,70.24999999999815
2025-07-30 15:06:00,31.07639,1.2152769999999995,1.3412738034709355,8.709494,8.969907000000001,46.00689999999997,70.29999999999815
2025-07-30 15:12:00,30.06366,1.2152769999999995,1.368255151256863,8.709494,9.027777,46.29630000000003,70.29999999999815
2025-07-30 15:15:00,32.11805,1.1863419999999998,1.365799683496912,8.680559,9.056717,46.2963,70.29999999999815
2025-07-30 15:18:00,32.11805,1.157407,1.3629255227133064,8.622684,9.056717,46.296299999999974,70.29999999999815
2025-07-30 15:21:00,32.11805,1.157407,1.362921013768881,8.622689,9.056712000000001,46.58570000000003,70.29999999999815
2025-07-30 15:24:00,33.15972,1.1863419999999998,1.3525320820894862,8.680559,9.027777,47.453700000000026,70.29999999999815
2025-07-30 15:27:00,30.00578,1.1284720000000004,1.3596239479717787,8.535879,9.027777,45.717600000000004,70.29999999999815
2025-07-30 15:30:00,30.55556,1.1284720000000004,1.3467155280723306,8.535884,8.998842,46.5856,70.29999999999815
2025-07-30 15:42:00,30.55556,1.2442129999999993,1.3566628333489277,8.738430000000001,8.969907000000001,46.5857,70.29999999999815
2025-07-30 15:48:00,30.55556,1.2442129999999993,1.3703007633239375,8.76736,9.027777,46.5856,70.29999999999815
2025-07-30 15:51:00,31.56828,1.359954,1.4029104303921638,8.91204,8.998846,47.4537,70.29999999999815
2025-07-30 15:54:00,32.11805,1.273148,1.3856689920563643,8.738423999999998,8.969906,47.16440000000003,70.29999999999815
2025-07-30 15:57:00,32.60995,1.2152769999999995,1.3682551512568646,8.651623999999998,8.969907000000001,46.00699999999998,70.29999999999815
2025-07-30 16:00:00,31.07639,1.157407,1.362921013768881,8.564819,8.998842,46.007000000000005,70.29999999999815
2025-07-30 16:03:00,30.52662,1.157407,1.362921013768881,8.535884,8.969907000000001,46.875,70.29999999999815
2025-07-30 16:06:00,31.07639,1.273148,1.3581060451845253,8.651623999999998,8.825236,46.296400000000006,70.29999999999815
2025-07-30 16:09:00,30.55556,1.1863419999999998,1.378984741333412,8.593754,8.998842,46.0069,70.29999999999815
2025-07-30 16:12:00,30.06366,1.3020839999999998,1.3591366748607894,8.76736,8.883106,46.58559999999997,70.29999999999815
2025-07-30 16:18:00,31.07639,1.2152769999999995,1.3548085344394154,8.593754,8.883107,46.5857,70.29999999999815
2025-07-30 17:36:00,38.31018,2.228009,1.1992800090607925,8.62269,6.944440999999999,58.73840000000001,70.29999999999815
2025-07-30 17:45:00,32.58102,1.3888890000000007,1.2541775908672605,8.072914,7.812494999999999,53.53,70.29999999999815
2025-07-31 08:03:00,35.27199,1.1284719999999995,1.4972091738017714,8.854164999999998,9.664353,48.61110000000002,70.29999999999815
2025-07-31 08:06:00,37.32639,1.273148,1.4397886984029435,9.056715,9.403936999999999,49.189899999999994,70.34999999999815
2025-07-31 08:09:00,39.40972,1.3310189999999995,1.4160521878195202,8.912040000000001,9.085650999999999,46.875,70.39999999999814
2025-07-31 08:12:00,41.52199,1.273148,1.4128903096706118,8.738423999999998,9.027776,47.1644,70.44999999999814
2025-07-31 08:15:00,37.87616,0.8101849999999997,1.3263013331695708,7.899306999999999,9.114582,52.372600000000006,70.49999999999814
2025-07-31 08:18:00,34.20139,1.070602,1.3890139439194717,8.362264,9.056712000000001,49.18980000000002,70.54999999999814
2025-07-31 08:21:00,34.72222,1.0995369999999998,1.3558989432167232,8.391204,8.940977,49.18979999999999,70.59999999999813
2025-07-31 08:24:00,43.08449,0.8391209999999996,1.2906453166581984,7.696761,8.738430000000001,51.50460000000001,70.64999999999813
2025-07-31 08:27:00,44.09722,0.9548609999999993,1.3775774862056394,8.188653,9.143522,50.92599999999999,70.69999999999813
2025-07-31 08:30:00,40.42245,1.1863419999999998,1.378984741333412,8.651623999999998,9.056712000000001,46.875,70.74999999999812
2025-07-31 08:33:00,43.08449,1.2442130000000002,1.383854245021818,8.738424000000002,9.027781000000001,48.900499999999994,70.79999999999812
2025-07-31 08:36:00,44.61805,1.0995369999999998,1.3558945556905,8.478014,9.027777,48.32169999999999,70.84999999999812
2025-07-31 08:39:00,40.48032,1.1284720000000004,1.3724558117589634,8.535884,9.056712000000001,48.03229999999999,70.89999999999812
2025-07-31 08:42:00,46.18055,0.868055,1.321145028664476,7.783566,8.825231,50.05789999999999,70.94999999999811
2025-07-31 08:45:00,42.01389,0.8969899999999997,1.3629198679726993,8.043982999999999,9.114583,50.63659999999999,70.99999999999811
2025-07-31 08:48:00,36.28472,1.1284719999999995,1.3724602350008734,8.506944,9.027782,48.321799999999996,71.04999999999811
2025-07-31 08:51:00,32.66782,1.1284719999999995,1.3979194235579557,8.564813999999998,9.143522,48.61110000000002,71.0999999999981
2025-07-31 08:54:00,31.59722,1.3020829999999997,1.3870820450338708,8.8831,9.056717,48.321799999999996,71.1499999999981
2025-07-31 08:57:00,33.15972,1.359954,1.4029104303921638,8.91204,8.998846,47.7431,71.1999999999981
2025-07-31 09:00:00,30.55556,1.273148,1.4128903096706118,8.7963,9.085652,47.742999999999995,71.2499999999981
2025-07-31 09:03:00,31.59722,1.359954,1.374372232220918,8.8831,8.912036,48.032400000000024,71.2999999999981
2025-07-31 09:06:00,34.20139,1.3020839999999998,1.3731529743824937,8.738430000000001,8.883106,47.16439999999997,71.34999999999809
2025-07-31 09:09:00,34.72222,1.2152769999999995,1.3682551512568646,8.651623999999998,8.969907000000001,47.4537,71.39999999999809
2025-07-31 09:12:00,33.68055,1.2442130000000002,1.3838495760276555,8.622689,8.912036,49.189899999999966,71.44999999999808
2025-07-31 09:15:00,36.28472,1.1574080000000002,1.3888675728222308,8.478014,8.969906,50.05789999999999,71.49999999999808
2025-07-31 09:18:00,34.72222,1.157407,1.3888670081745338,8.535884,9.027777,47.45369999999997,71.54999999999808
2025-07-31 09:21:00,33.15972,1.2152769999999995,1.3548085344394154,8.651623999999998,8.940977,48.90039999999999,71.59999999999808
2025-07-31 09:24:00,33.68055,1.1863419999999998,1.3525320820894866,8.651623999999998,8.998842,48.321800000000025,71.64999999999807
2025-07-31 09:27:00,34.17245,1.2442129999999993,1.3703007633239375,8.709489999999999,8.969907000000001,47.7431,71.69999999999807
2025-07-31 09:30:00,34.20139,1.1863419999999998,1.378984741333412,8.564819,8.969907000000001,48.03239999999997,71.74999999999807
2025-07-31 09:33:00,33.15972,1.157407,1.3888670081745338,8.564819,9.056712000000001,50.05789999999999,71.79999999999806
2025-07-31 09:36:00,32.66782,1.157407,1.362921013768881,8.564819,8.998842,48.900499999999994,71.84999999999806
2025-07-31 09:39:00,30.06366,1.1863419999999998,1.3525320820894862,8.593754,8.940971999999999,46.875,71.89999999999806
2025-07-31 09:42:00,30.55556,1.2442129999999993,1.342942731407687,8.709489999999999,8.912037,44.84949999999998,71.94999999999806
2025-07-31 09:45:00,30.00578,1.1863419999999998,1.3525320820894862,8.564819,8.912037,46.58570000000003,71.99999999999805
2025-07-31 09:48:00,32.11805,1.2152780000000005,1.3548090720199013,8.593754,8.883106,46.2963,72.04999999999805
2025-07-31 09:51:00,33.15972,1.0995369999999998,1.3431664569555328,8.420144,8.940977,47.7431,72.09999999999805
2025-07-31 09:54:00,31.56828,1.1574080000000002,1.34983936824562,8.478014,8.883106,47.16440000000003,72.14999999999804
2025-07-31 09:57:00,32.60995,1.157407,1.3498388142386293,8.506944,8.912037,47.74299999999997,72.19999999999804
2025-07-31 10:00:00,32.60995,1.1863419999999998,1.365799683496912,8.564813999999998,8.940971999999999,46.2963,72.24999999999804
2025-07-31 10:03:00,32.11805,1.2152780000000005,1.3682603262245108,8.506944,8.825236,45.71760000000003,72.29999999999804
2025-07-31 10:06:00,33.68055,1.2152780000000005,1.3816258288671766,8.535884,8.883106,47.74300000000002,72.34999999999803
2025-07-31 10:09:00,33.15972,1.0995369999999998,1.3303627339816946,8.420144,8.912037,48.61109999999999,72.39999999999803
2025-07-31 10:42:00,35.76389,1.1574080000000002,1.34983936824562,8.449074,8.854166,49.47919999999999,72.94999999999803
2025-07-31 10:45:00,31.59722,1.157407,1.362921013768881,8.564819,8.998842,46.874900000000025,72.99999999999802
2025-07-31 10:48:00,32.60995,1.1863419999999998,1.3525320820894862,8.478009,8.825227,49.18979999999999,73.04999999999802
2025-07-31 11:09:00,35.76389,1.0995369999999998,1.3174903093930423,8.304394,8.767357,47.4537,73.39999999999802
2025-07-31 11:12:00,35.76389,1.070602,1.3138567059487882,8.275464,8.796292000000001,50.636600000000016,73.44999999999801
2025-07-31 11:15:00,32.60995,1.1863419999999998,1.3391889091175804,8.420139,8.738427,48.6112,73.49999999999801
2025-07-31 11:18:00,34.20139,1.1863419999999998,1.3257632902297138,8.420134000000001,8.709492000000001,47.7431,73.54999999999801
2025-07-31 11:21:00,32.60995,1.1863419999999998,1.3525366803311478,8.420134000000001,8.767361999999999,47.7431,73.599999999998
2025-07-31 11:24:00,30.00578,1.186343,1.3525372260117086,8.449069999999999,8.796297,46.2963,73.649999999998
2025-07-31 11:27:00,30.00578,1.1863419999999998,1.3391889091175808,8.506944,8.825232,45.717600000000004,73.699999999998
2025-07-31 12:06:00,38.31018,1.8229170000000003,1.2680429255933772,8.65162,7.667823,60.185100000000006,73.699999999998
2025-07-31 12:27:00,32.00232,1.186343,1.3789898384529617,8.043980000000001,8.449076999999999,54.398199999999974,73.699999999998
2025-07-31 12:45:00,32.00232,0.78125,1.4633943668717178,7.118054,8.796294,55.266200000000026,73.699999999998
2025-07-31 12:48:00,34.05671,1.8229169999999995,1.2096652950525775,8.85417,7.783563000000001,54.3981,73.699999999998
2025-07-31 13:24:00,30.00578,1.2442129999999993,1.4240219219282464,9.02778,9.403937,48.32179999999997,73.699999999998
2025-07-31 13:27:00,30.00578,1.3020839999999998,1.4009184935498733,8.969909999999999,9.172456,46.875,73.699999999998
2025-07-31 13:30:00,32.11805,1.273148,1.4263810931397654,8.796294,9.114586,48.032399999999996,73.699999999998
2025-07-31 13:33:00,31.56828,1.1574080000000002,1.3888675728222308,8.535884,9.027776,49.768400000000014,73.699999999998
2025-07-31 13:36:00,31.56828,1.0995369999999998,1.3685576715313152,8.449074,9.027777,47.74299999999997,73.699999999998
2025-07-31 13:39:00,31.07639,1.0995369999999998,1.3685576715313152,8.535884,9.114587,50.05790000000002,73.699999999998
2025-07-31 13:42:00,30.55556,1.1863419999999998,1.378984741333412,8.651623999999998,9.056712000000001,47.1644,73.699999999998
2025-07-31 13:45:00,31.56828,1.157407,1.3629255227133064,8.535879,8.969912,49.76849999999999,73.699999999998
2025-07-31 14:09:00,30.55556,1.2152780000000005,1.3816258288671766,8.535884,8.883106,47.4537,73.699999999998
2025-07-31 14:12:00,30.52662,1.1863419999999998,1.3525320820894862,8.564819,8.912037,46.87500000000003,73.699999999998
2025-07-31 14:15:00,30.00578,1.2442129999999993,1.3703007633239375,8.622689999999999,8.883107,46.58560000000003,73.699999999998
2025-07-31 14:18:00,31.07639,1.2442130000000002,1.3566628333489283,8.506949,8.738426,46.58560000000003,73.699999999998
2025-07-31 14:39:00,31.59722,1.1863419999999998,1.3525320820894862,8.564819,8.912037,48.032399999999996,73.699999999998
2025-07-31 14:42:00,31.56828,1.1863419999999998,1.3391889091175808,8.478009,8.796297000000001,46.296299999999974,73.699999999998
2025-07-31 14:45:00,30.52662,1.0995369999999998,1.3174903093930423,8.333334,8.796297000000001,46.875,73.699999999998
2025-07-31 14:51:00,30.00578,1.1284720000000004,1.3467155280723297,8.478014000000002,8.940971999999999,46.2963,73.699999999998
2025-07-31 14:54:00,30.00578,1.2152780000000005,1.3548044097496077,8.478014000000002,8.767356,46.87500000000003,73.699999999998
2025-07-31 15:06:00,30.00578,1.1863419999999998,1.3257586349747723,8.564813999999998,8.854161999999999,46.2963,73.699999999998
2025-07-31 15:09:00,30.00578,1.157407,1.362921013768881,8.535884,8.969907000000001,46.00689999999997,73.699999999998
2025-07-31 15:12:00,30.55556,1.157407,1.3498388142386293,8.535884,8.940977,49.76849999999999,73.699999999998
2025-07-31 15:15:00,30.52662,1.1284720000000004,1.3467200011605098,8.449074,8.912042,48.03239999999997,73.699999999998
2025-07-31 15:21:00,30.00578,1.157407,1.3498388142386293,8.420139,8.825232,44.84959999999998,73.699999999998
2025-07-31 15:54:00,30.55556,1.157407,1.3498388142386293,8.420139,8.825232,46.0069,73.699999999998
2025-07-31 17:57:00,33.04398,2.3726849999999997,1.1686457197616282,8.969909999999999,7.060185000000001,55.266200000000026,73.699999999998
2025-07-31 18:00:00,39.90162,1.7361110000000002,1.3245383758390967,8.50694,7.754629,65.97219999999999,73.699999999998
2025-08-01 08:21:00,54.51389,0.4340280000000005,1.1324275917626616,6.510421,8.420143,58.159700000000015,73.699999999998
2025-08-01 08:24:00,44.09722,0.5787040000000001,1.3280173401197788,7.233792,9.201388000000001,53.24080000000001,73.749999999998
2025-08-01 08:27:00,34.75116,1.0127310000000005,1.3542414786119494,8.362269,9.114588,48.611099999999965,73.799999999998
2025-08-01 08:30:00,37.35532,1.3020829999999997,1.3731524563498978,8.709494,8.854171000000001,45.717600000000004,73.84999999999799
2025-08-01 08:33:00,39.93055,1.2731480000000008,1.3856689920563654,8.680554,8.912036,46.5856,73.89999999999799
2025-08-01 08:36:00,36.28472,0.9837960000000008,1.3485695366036425,8.333334,9.143518,46.2963,73.94999999999798
2025-08-01 08:39:00,51.93866,0.5497690000000004,1.1218102215865877,6.973382,8.420143,52.372600000000006,73.99999999999798
2025-08-01 08:42:00,77.98032,0.2314810000000005,1.097389184898733,5.6713,8.506948999999999,65.10419999999999,74.04999999999798
2025-08-01 08:45:00,80.06366,0.1736109999999993,1.0945044922603713,5.642358,8.912037,64.8149,74.09999999999798
2025-08-01 08:48:00,67.53472,0.28935200000000005,1.2291024494763783,6.27893,9.259258,60.76390000000001,74.14999999999797
2025-08-01 08:51:00,42.01389,0.578703,1.3466497488775555,7.638884,9.664351,50.636600000000016,74.19999999999797
2025-08-01 08:54:00,36.28472,1.0416660000000002,1.3717110046944767,8.535884,9.259257999999999,48.321799999999996,74.24999999999797
2025-08-01 08:57:00,30.55556,1.0127310000000005,1.3663322015288035,8.449074,9.230322999999999,47.74300000000002,74.29999999999797
2025-08-01 09:00:00,31.07639,1.0995369999999998,1.3431664569555333,8.535884,9.056717,46.58570000000003,74.34999999999796
2025-08-01 09:03:00,33.70949,0.8391210000000004,1.301871395550679,7.8124970000000005,8.883106,50.636600000000016,74.39999999999796
2025-08-01 09:06:00,31.59722,1.157407,1.362921013768881,8.651623999999998,9.085647,47.1644,74.44999999999796
2025-08-01 09:09:00,33.15972,1.359954,1.4029104303921638,8.82523,8.912036,46.2963,74.49999999999795
2025-08-01 09:12:00,33.68055,1.359954,1.3886919994413909,8.82523,8.883106,47.1643,74.54999999999795
2025-08-01 09:15:00,34.75116,1.157407,1.3629255227133064,8.535879,8.969912,48.321799999999996,74.59999999999795
2025-08-01 09:18:00,35.21412,1.1574080000000002,1.3629215713534235,8.478014,8.912036,47.1644,74.64999999999795
2025-08-01 09:21:00,37.32639,1.1284720000000004,1.3337375210839846,8.449078,8.883106,46.5857,74.69999999999794
2025-08-01 09:24:00,36.28472,1.0995369999999998,1.3685576715313152,8.478014,9.056717,47.164300000000026,74.74999999999794
2025-08-01 09:27:00,36.28472,1.1863419999999998,1.378989285674522,8.651619,9.056717,46.875,74.79999999999794
2025-08-01 09:30:00,36.77662,1.0995369999999998,1.3685576715313152,8.420143,8.998846,47.1644,74.84999999999793
2025-08-01 09:33:00,36.28472,1.0416659999999993,1.359455144225172,8.333333,9.027777,49.76849999999999,74.89999999999793
2025-08-01 09:36:00,34.20139,1.0995370000000007,1.3811531557871017,8.391204000000002,8.998847,47.74310000000003,74.94999999999793
2025-08-01 09:39:00,34.20139,1.1863419999999998,1.365799683496912,8.564819,8.940977,46.2963,74.99999999999793
2025-08-01 09:42:00,33.15972,1.157407,1.3498388142386293,8.478014000000002,8.883107,49.18980000000002,75.04999999999792
2025-08-01 09:45:00,31.59722,1.1863419999999998,1.3525366803311483,8.564813999999998,8.912042,48.61110000000002,75.09999999999792
2025-08-01 09:48:00,30.55556,1.2442129999999993,1.3566628333489277,8.68056,8.912037,47.16439999999997,75.14999999999792
2025-08-01 09:51:00,33.15972,1.3020829999999997,1.3731524563498991,8.738423999999998,8.883101,45.428200000000004,75.19999999999791
2025-08-01 09:54:00,33.68055,1.2152769999999995,1.3816252842117873,8.564813999999998,8.912037,47.74310000000003,75.24999999999791
2025-08-01 09:57:00,32.66782,1.1863419999999998,1.3257586349747723,8.506949,8.796297000000001,46.87499999999997,75.29999999999791
2025-08-01 10:00:00,32.60995,1.2152769999999995,1.3412738034709355,8.535884,8.796297000000001,46.5857,75.3499999999979
2025-08-01 10:03:00,31.56828,1.1863419999999998,1.3257586349747723,8.535884,8.825232,47.45379999999997,75.3999999999979
2025-08-01 10:06:00,32.11805,1.3888889999999998,1.3597502711340195,8.796295,8.738426,47.7431,75.4499999999979
2025-08-01 10:09:00,31.59722,1.3020829999999997,1.330807822582322,8.76736,8.825227,47.4537,75.4999999999979
2025-08-01 10:12:00,32.08912,1.3020829999999997,1.3450157646795173,8.73843,8.825227,43.98150000000001,75.5499999999979
2025-08-01 10:15:00,34.17245,1.2442129999999993,1.3566628333489277,8.68056,8.912037,48.61109999999999,75.59999999999789
2025-08-01 10:18:00,32.60995,1.3020829999999997,1.3731524563498978,8.76736,8.912037,46.5856,75.64999999999789
2025-08-01 10:21:00,32.11805,1.3310179999999994,1.3739679404540182,8.796295,8.883107,47.1643,75.69999999999789
2025-08-01 10:24:00,33.15972,1.2152780000000005,1.3548044097496077,8.478014000000002,8.767356,44.849500000000006,75.74999999999788
2025-08-01 10:27:00,33.15972,1.070601,1.3391809673179178,8.304398,8.883107,48.321699999999964,75.79999999999788
2025-08-01 10:30:00,33.15972,1.070601,1.3517397061650624,8.275458,8.883107,49.76849999999996,75.84999999999788
2025-08-01 10:33:00,32.66782,1.1863419999999998,1.3391842827722658,8.506949,8.825227,46.2963,75.89999999999787
2025-08-01 10:36:00,31.07639,1.1863419999999998,1.3257586349747723,8.535884,8.825232,44.56020000000001,75.94999999999787
2025-08-01 10:39:00,31.07639,1.2442129999999993,1.342942731407687,8.59375,8.796297000000001,46.007000000000005,75.99999999999787
2025-08-01 10:42:00,31.59722,1.273148,1.3581012515971078,8.593754,8.767356,46.296299999999974,76.04999999999787
2025-08-01 10:45:00,33.70949,1.2152780000000005,1.3412743374634446,8.478014000000002,8.738426,47.4537,76.09999999999786
2025-08-01 10:48:00,33.68055,1.157407,1.3366750362608166,8.449074,8.825227,46.5857,76.14999999999786
2025-08-01 10:51:00,33.68055,1.1284720000000004,1.3852262565731905,8.362264,8.912042,48.61109999999999,76.19999999999786
2025-08-01 10:54:00,32.11805,1.070602,1.326554292245625,8.304394,8.854161999999999,48.321799999999996,76.24999999999785
2025-08-01 10:57:00,30.00578,1.0416670000000003,1.2971954692016514,8.246524,8.796297,46.29620000000003,76.29999999999785
2025-08-01 11:00:00,30.55556,1.1284720000000004,1.3337375210839846,8.362264,8.796292000000001,46.2963,76.34999999999785
2025-08-01 11:03:00,30.06366,1.157407,1.3101121020182989,8.478009,8.796292000000001,46.5856,76.39999999999785
2025-08-01 11:12:00,30.06366,1.273148,1.3441876893597555,8.593754,8.738426,43.402799999999985,76.39999999999785
2025-08-01 11:15:00,30.00578,1.2152780000000005,1.3276583930916588,8.449074,8.680556,46.585699999999974,76.39999999999785
2025-08-01 11:27:00,31.07639,1.0127310000000005,1.255188533127659,7.957177000000001,8.478006,45.42829999999998,76.39999999999785
2025-08-01 11:30:00,39.93055,0.6076390000000007,1.217556830749439,7.1469949999999995,8.680556,49.76849999999999,76.39999999999785
2025-08-01 11:33:00,32.66782,0.8391200000000003,1.3018668544468042,7.899308,8.969908,47.1643,76.39999999999785
2025-08-01 11:39:00,30.00578,1.0416660000000002,1.2845336837478942,8.246528,8.767361999999999,44.84949999999998,76.39999999999785
2025-08-01 12:57:00,36.19791,2.0254630000000002,1.2434274135886396,8.91204,7.581016999999999,58.738399999999984,76.39999999999785
2025-08-01 13:06:00,39.32291,1.8807869999999998,1.2906434836370488,8.94097,7.899303,60.76389999999998,76.39999999999785
2025-08-01 13:09:00,30.98958,2.0254630000000002,1.3263059394902634,9.23032,8.015047,51.50469999999996,76.39999999999785
2025-08-01 14:45:00,30.00578,1.070601,1.3265537153801936,8.362268,8.912037,47.16429999999997,76.39999999999785
2025-08-01 14:51:00,32.11805,1.1863419999999998,1.3525320820894866,8.622689,8.969907000000001,45.138900000000035,76.39999999999785
2025-08-01 14:54:00,30.52662,1.2152780000000005,1.3949124663350472,8.651624000000002,9.027776,45.13890000000001,76.44999999999784
2025-08-01 14:57:00,32.60995,1.1574080000000002,1.3629215713534235,8.535884,8.969906,46.875,76.49999999999784
2025-08-01 15:00:00,33.15972,1.1574080000000002,1.34983936824562,8.478014,8.883106,46.00690000000003,76.54999999999784
2025-08-01 15:03:00,31.56828,1.070602,1.326554292245625,8.391204,8.940971999999999,47.742999999999995,76.59999999999783
2025-08-01 15:06:00,31.59722,1.0995369999999998,1.3174903093930423,8.333334,8.796297000000001,47.1644,76.64999999999783
2025-08-01 15:09:00,30.00578,1.070601,1.3138605326947925,8.362268,8.883107,46.296299999999974,76.69999999999783
2025-08-01 15:12:00,33.15972,1.1574080000000002,1.3629215713534226,8.420144,8.854166,48.61119999999997,76.74999999999783
2025-08-01 15:15:00,33.15972,1.0995369999999998,1.3431664569555333,8.449074,8.969907000000001,47.7431,76.79999999999782
2025-08-01 15:18:00,31.01852,1.1284720000000004,1.3337375210839846,8.506949,8.940977,46.00700000000003,76.84999999999782
2025-08-01 15:21:00,30.55556,1.1863419999999998,1.3257586349747723,8.535884,8.825232,48.611200000000025,76.89999999999782
2025-08-01 15:24:00,32.11805,1.273148,1.3581060451845253,8.564813999999998,8.738426,45.428200000000004,76.94999999999781
2025-08-01 15:27:00,31.56828,1.2442130000000002,1.3429379735751235,8.506949,8.709486,46.296299999999974,76.99999999999781
2025-08-01 15:30:00,33.68055,1.1863419999999998,1.3391889091175804,8.420139,8.738427,47.74300000000002,77.04999999999781
2025-08-01 15:33:00,32.08912,1.1863419999999998,1.3391889091175808,8.362269,8.680557,46.296299999999974,77.0999999999978
2025-08-01 15:36:00,30.52662,1.1863419999999998,1.3122481225021212,8.391199,8.651617,45.428199999999975,77.1499999999978
2025-08-01 15:39:00,33.68055,1.2152780000000005,1.3682603262245105,8.362264,8.680556,46.8749,77.1999999999978
2025-08-01 15:42:00,31.59722,1.1574080000000002,1.336680148860476,8.304394,8.680556,45.1388,77.2499999999978
2025-08-01 15:45:00,31.56828,1.0995369999999998,1.3174903093930423,8.333334,8.796297000000001,44.84959999999998,77.2999999999978
2025-08-01 15:48:00,30.00578,1.1863419999999998,1.3257632902297138,8.391199,8.680557,45.717599999999976,77.34999999999779
2025-08-01 15:51:00,30.00578,1.1863419999999998,1.3525320820894862,8.420139,8.767357,46.00690000000003,77.39999999999779
2025-08-01 15:54:00,30.06366,1.157407,1.3366795984633093,8.391199,8.767361999999999,45.13889999999998,77.44999999999779
2025-08-01 15:57:00,31.07639,1.273148,1.3301808584416286,8.449074,8.564816,46.007000000000005,77.49999999999778
2025-08-01 16:00:00,30.00578,1.186343,1.3257638286806568,8.391200000000001,8.680557,46.5856,77.54999999999778
2025-08-01 17:18:00,32.03125,1.0995369999999998,1.1703846088042151,6.79977,6.944443000000001,58.44909999999999,77.54999999999778
2025-08-01 17:21:00,30.49768,2.430555,0.9715967707427242,7.6099499999999995,5.439814999999999,52.08330000000001,77.54999999999778
2025-08-01 17:42:00,32.55209,1.851852,0.898844293765157,6.886569,5.381946999999999,54.10880000000003,77.54999999999778
2025-08-04 08:00:00,37.35532,1.0127310000000005,1.484233323687649,8.275459,9.346067999999999,48.61109999999999,77.54999999999778
2025-08-04 08:03:00,31.56828,1.2152779999999996,1.511286480355662,9.114586,9.751158,47.16439999999997,77.59999999999778
2025-08-04 08:06:00,35.27199,1.3020829999999997,1.4688591059529685,9.20139,9.548607,50.057799999999986,77.64999999999777
2025-08-04 08:09:00,32.11805,1.186343,1.4819147357931843,8.883099999999999,9.519677,50.347200000000015,77.69999999999777
2025-08-04 08:12:00,33.68055,1.2152780000000005,1.4081269144178605,8.767364,9.172456,50.05790000000002,77.74999999999777
2025-08-04 08:15:00,36.80555,0.9548609999999993,1.3659129258540441,8.275468,9.201387,52.08339999999998,77.79999999999777
2025-08-04 08:18:00,32.08912,1.070601,1.401310513475894,8.506944,9.230322999999999,52.08330000000004,77.84999999999776
2025-08-04 08:21:00,32.08912,1.2442130000000002,1.4107079815363768,8.680559,9.027776,50.05790000000002,77.89999999999776
2025-08-04 08:24:00,33.15972,1.2152780000000005,1.4212665965921545,8.622684,9.056716,50.636499999999984,77.94999999999776
2025-08-04 08:27:00,35.21412,1.1284720000000004,1.4231115598975024,8.651618000000001,9.288196,50.34719999999999,77.99999999999775
2025-08-04 08:30:00,33.70949,1.0995369999999998,1.4061393198573027,8.593754,9.259257,51.504699999999985,78.04999999999775
2025-08-04 08:33:00,31.59722,1.157407,1.388871466659957,8.651619,9.143522,48.900499999999994,78.09999999999775
2025-08-04 08:36:00,31.59722,1.1863419999999998,1.4051382986513332,8.738423999999998,9.201391999999998,50.925899999999984,78.14999999999775
2025-08-04 08:39:00,30.00578,1.2152769999999995,1.394916497486923,8.680554,9.056717,48.32170000000002,78.19999999999774
2025-08-04 08:42:00,32.14699,1.3020839999999998,1.4009184935498733,8.76736,8.969906,47.4537,78.24999999999774
2025-08-04 08:45:00,32.11805,1.3020839999999998,1.4146681231413443,8.738430000000001,8.969906,48.32169999999999,78.29999999999774
2025-08-04 08:48:00,32.08912,1.1284719999999995,1.3596239479717782,8.478012999999999,8.969911,52.08330000000004,78.34999999999773
2025-08-04 08:51:00,39.93055,0.6655100000000003,1.3330444691577574,7.204866,8.883106,57.870299999999986,78.39999999999773
2025-08-04 08:54:00,32.66782,0.9259250000000003,1.3589865675018329,8.130788,9.114583,52.08330000000001,78.44999999999773
2025-08-04 09:12:00,30.52662,1.273148,1.3719290811900877,8.564813999999998,8.767356,50.05790000000002,78.44999999999773
2025-08-04 09:15:00,31.56828,1.1863419999999998,1.3525320820894862,8.478009,8.825227,47.1644,78.49999999999773
2025-08-04 09:18:00,31.59722,1.2152769999999995,1.3548038721703577,8.535884,8.825227,50.05789999999999,78.54999999999772
2025-08-04 09:21:00,33.15972,1.2152780000000005,1.3548090720199013,8.449074,8.738426,48.900499999999965,78.59999999999772
2025-08-04 09:24:00,31.56828,1.0995369999999998,1.3303627339816957,8.275464,8.767357,50.63659999999999,78.64999999999772
2025-08-04 09:27:00,30.06366,1.0127310000000005,1.3420862140257999,8.101848,8.825227,49.47919999999999,78.69999999999771
2025-08-04 09:30:00,30.00578,1.0127310000000005,1.3542372889624006,8.072918,8.825227,49.76850000000002,78.74999999999771
2025-08-04 09:33:00,31.59722,1.1284720000000004,1.3467155280723306,8.246528,8.709486,49.189899999999966,78.79999999999771
2025-08-04 09:36:00,31.56828,1.0416670000000003,1.3594557414479487,8.101854,8.796297,50.926000000000045,78.8499999999977
2025-08-04 09:39:00,30.00578,1.1863419999999998,1.3789892856745207,8.362264,8.767361999999999,49.18979999999999,78.8999999999977
2025-08-04 09:42:00,30.55556,1.1863419999999998,1.3525366803311478,8.391199,8.738427,48.32170000000002,78.9499999999977
2025-08-04 09:45:00,30.55556,1.0416660000000002,1.3347496135684278,8.130788,8.767361999999999,51.21520000000004,78.9999999999977
2025-08-04 11:54:00,30.87384,2.9803239999999995,1.2581784739770387,8.998845,6.394671,53.81940000000003,78.9999999999977
2025-08-04 11:57:00,31.53935,0.9259259999999996,1.4938927739975683,7.089119999999999,8.420134000000001,58.738399999999956,78.9999999999977
2025-08-04 12:12:00,39.32291,1.938657,1.2734784771647216,8.73843,7.581022999999999,65.39350000000002,78.9999999999977
2025-08-04 12:27:00,39.32291,1.3310180000000003,1.4979287865068,8.130790000000001,8.478012,67.41899999999998,78.9999999999977
2025-08-04 12:57:00,36.74768,1.6203700000000003,1.2757192504078458,8.680559,8.043979,59.31710000000004,78.9999999999977
2025-08-04 13:57:00,30.06366,1.1284720000000004,1.3724602350008737,8.535878,9.056716,49.47919999999999,78.9999999999977
2025-08-04 17:51:00,35.15625,2.083334,1.1976664940142434,8.709489999999999,7.233796,61.342600000000004,78.9999999999977
2025-08-04 17:54:00,35.15625,2.3148149999999994,1.227785941564893,8.854164999999998,7.08912,59.02780000000001,78.9999999999977
2025-08-04 17:57:00,35.70602,1.1863419999999998,1.4309994049870047,7.841435,8.362272999999998,61.921299999999974,78.9999999999977
2025-08-06 11:57:00,31.51042,2.4594899999999997,1.2225274987740464,8.709495,6.7418949999999995,57.00229999999999,78.9999999999977
2025-08-06 12:00:00,34.14352,2.4884259999999996,1.176434543549286,8.796295,6.741899,56.4237,78.9999999999977
2025-08-06 12:12:00,34.57755,2.1122689999999995,1.2076311599354508,8.59375,7.089121,59.02780000000001,78.9999999999977
2025-08-06 12:24:00,35.15625,1.9097229999999996,1.2220539161573247,8.59375,7.407407,60.18520000000001,78.9999999999977
2025-08-06 12:27:00,31.51042,0.9548619999999994,1.4464655556119477,7.2338,8.362268,61.342600000000004,78.9999999999977
2025-08-06 13:15:00,35.12732,0.9548619999999994,1.5136961047834807,7.2338,8.535878,66.26150000000001,78.9999999999977
2025-08-06 13:24:00,41.43518,1.8229170000000003,1.3783663102392798,9.02778,8.217592999999999,68.28699999999998,78.9999999999977
2025-08-06 15:18:00,33.59375,0.8969899999999997,1.4738493632169558,7.262733999999999,8.622684,61.632000000000005,78.9999999999977
2025-08-06 15:21:00,31.01852,1.359954,1.3308082719235457,8.188659999999999,8.130786,57.87040000000002,78.9999999999977
2025-08-06 15:33:00,30.49768,2.8645829999999997,1.2880087725607805,9.17245,6.741897,51.79390000000001,78.9999999999977
2025-08-06 15:51:00,34.11459,1.851852,1.2404930317698422,8.796299,7.725696999999999,56.134299999999996,78.9999999999977
2025-08-06 16:18:00,35.15625,1.5625,1.2845359838382697,8.449074,7.928244,58.15970000000004,78.9999999999977
2025-08-06 16:21:00,30.49768,1.3020829999999997,1.3870820450338708,8.130783999999998,8.304400999999999,56.13420000000002,78.9999999999977
2025-08-06 16:33:00,34.14352,1.5624989999999999,1.26781082790317,8.535884,7.986115,58.73840000000001,78.9999999999977
2025-08-06 16:39:00,31.51042,1.3310180000000003,1.3454331546042082,8.130789,8.159721,57.58109999999999,78.9999999999977
2025-08-06 16:45:00,36.71875,1.475695,1.3257598857024142,8.42014,8.130785,63.657399999999996,78.9999999999977
2025-08-06 16:48:00,36.77662,1.7071759999999996,1.2769637711562531,8.593754,7.812498,61.921299999999974,78.9999999999977
2025-08-06 16:51:00,34.14352,1.7939809999999996,1.2754944670161463,8.709489999999999,7.783569,56.13420000000002,78.9999999999977
2025-08-06 17:00:00,30.43982,1.157407,1.3888670081745338,7.870373999999999,8.362267,54.3981,78.9999999999977
2025-08-07 08:21:00,39.46759,0.6365739999999995,1.2999728746754895,6.915506000000001,8.593752,50.34719999999999,78.9999999999977
2025-08-07 09:00:00,31.10532,0.9259260000000005,1.2530089463394896,7.899302,8.622685999999998,49.47910000000002,78.9999999999977
2025-08-07 10:21:00,30.06366,0.6655090000000001,1.2115433944825005,7.29167,8.622681,47.45369999999997,78.9999999999977
2025-08-07 12:12:00,32.11805,2.4594899999999997,1.1954885440133598,8.969905,6.973385,55.26619999999997,78.9999999999977
2025-08-07 12:15:00,32.55209,1.0416660000000002,1.3960449352737072,7.4074089999999995,8.188652999999999,58.15980000000002,78.9999999999977
2025-08-07 12:27:00,32.00232,2.430555,1.2134812350416333,8.940974,7.002318999999999,54.9769,78.9999999999977
2025-08-07 12:30:00,40.36459,1.5335649999999994,1.3045421927820493,8.391200000000001,7.957175,65.68280000000004,78.9999999999977
2025-08-07 12:45:00,33.59375,2.141204,1.2175589975859693,8.883104,7.34954,58.15969999999999,78.9999999999977
2025-08-07 13:00:00,34.60648,2.256944,1.2331130403976382,8.969909,7.291665000000001,58.44900000000001,78.9999999999977
2025-08-07 13:03:00,34.60648,1.0416660000000002,1.47944505977226,7.523149,8.506943,59.89580000000001,78.9999999999977
2025-08-07 13:15:00,38.33912,1.73611,1.324537958453971,8.825229,8.072919,62.5,78.9999999999977
2025-08-07 18:06:00,35.64815,1.5625,1.163573812571588,8.101847,7.378467,62.2106,78.9999999999977
2025-08-08 08:27:00,31.56828,1.0416659999999993,1.297194890399201,8.130783,8.680557,47.74300000000005,78.9999999999977
2025-08-08 11:48:00,30.52662,1.0127310000000005,1.3903424341681316,7.349539,8.188658,55.84480000000002,78.9999999999977
2025-08-08 11:57:00,41.43518,1.4178240000000004,1.2986463131990413,7.899309000000001,7.667825,70.8913,78.9999999999977
2025-08-08 12:00:00,30.49768,0.8391200000000003,1.4754020986615977,6.799764000000001,8.333334,57.29169999999999,78.9999999999977
2025-08-08 12:21:00,32.03125,2.3726849999999997,1.1952872343979428,8.969909999999999,7.089124999999999,57.87030000000004,78.9999999999977
2025-08-08 12:24:00,38.25232,1.8229169999999995,1.2869810521798621,8.622689999999999,7.667823,65.68290000000002,78.9999999999977
2025-08-08 12:27:00,34.60648,1.070602,1.413552026720277,7.58102,8.333338,61.632000000000005,78.9999999999977
2025-08-08 12:42:00,39.35185,1.5625,1.3010958687027183,8.246524,7.754634,66.55089999999996,78.9999999999977
2025-08-08 13:06:00,34.11459,1.070601,1.4619290503413176,7.581014000000001,8.449072999999999,60.76399999999995,78.9999999999977
2025-08-08 17:30:00,33.04398,2.054398,0.9602879576698082,7.667824,5.9606460000000006,57.58099999999996,78.9999999999977
2025-08-08 17:33:00,34.63541,1.4467590000000001,1.0249996548822058,6.770829000000001,6.0185200000000005,62.2106,78.9999999999977
2025-08-08 17:36:00,33.59375,1.2152769999999995,1.0954665190932518,6.510414,6.278937000000001,65.68280000000004,78.9999999999977
2025-08-11 09:15:00,34.72222,1.2442130000000002,1.3703007633239381,8.420139,8.680556,49.47919999999999,78.9999999999977
2025-08-11 09:30:00,33.15972,1.0416660000000002,1.3097804705546898,8.130788,8.709492000000001,50.05790000000002,79.2499999999977
2025-08-11 09:33:00,34.17245,1.0995369999999998,1.3303671707349056,8.130783,8.622686,48.900499999999994,79.2999999999977
2025-08-11 09:36:00,34.72222,1.0995369999999998,1.3303671707349052,8.246524,8.738427,49.47919999999999,79.34999999999769
2025-08-11 09:39:00,32.66782,1.1863419999999998,1.3391889091175808,8.391203999999998,8.709492000000001,48.611099999999965,79.39999999999769
2025-08-11 09:42:00,33.15972,1.3020839999999998,1.3450211697651844,8.535879999999999,8.622686,49.47919999999999,79.44999999999769
2025-08-11 09:45:00,35.76389,1.2442130000000002,1.3566628333489283,8.362269,8.593746,48.900499999999965,79.49999999999768
2025-08-11 09:48:00,34.75116,1.157407,1.3498388142386293,8.217594000000002,8.622687,50.057800000000015,79.54999999999768
2025-08-11 09:51:00,34.75116,1.1284720000000004,1.3337375210839846,8.159718,8.593746,48.90050000000002,79.59999999999768
2025-08-11 09:54:00,34.17245,1.070601,1.3138561327770613,8.072918,8.593747,50.05790000000002,79.64999999999768
2025-08-11 09:57:00,32.60995,1.1284720000000004,1.3075465812747942,8.159724,8.535882,50.057799999999986,79.69999999999767
2025-08-11 10:00:00,45.13889,1.5335650000000003,1.3993222090162223,8.362264,8.101849,55.844899999999996,79.74999999999767
2025-08-11 10:03:00,32.60995,1.1863419999999998,1.3122481225021212,8.159724,8.420141999999998,49.47920000000002,79.79999999999767
2025-08-11 10:06:00,31.56828,1.3020839999999998,1.330813258214069,8.391200000000001,8.449076,49.76849999999999,79.84999999999766
2025-08-11 10:09:00,32.66782,1.3020829999999997,1.3450206588328446,8.36227,8.449077,49.189899999999966,79.89999999999766
2025-08-11 10:12:00,31.10532,1.2152779999999996,1.3276583930916583,8.33333,8.564812,46.2963,79.94999999999766
2025-08-11 10:18:00,30.06366,1.2152780000000005,1.3276583930916588,8.217594000000002,8.449076,48.900499999999994,79.94999999999766
2025-08-11 10:21:00,30.55556,1.1863419999999998,1.3122481225021212,8.217589,8.478007,49.189899999999994,79.94999999999766
2025-08-11 11:00:00,30.06366,1.2442130000000002,1.3429427314076863,8.391199,8.593746,47.742999999999995,79.94999999999766
2025-08-11 11:30:00,30.06366,1.273148,1.3160729468467702,8.391203999999998,8.478006,48.32170000000002,79.94999999999766
2025-08-11 11:33:00,30.55556,1.1863419999999998,1.3391889091175808,8.304393999999998,8.622682000000001,46.875,79.94999999999766
2025-08-12 07:24:00,31.10532,1.7071750000000003,0.8268994929983376,6.336804,4.947919000000001,44.56020000000001,79.94999999999766
2025-08-12 07:54:00,30.00578,1.2442129999999993,1.2729282892775695,8.420143,8.478010000000001,43.981599999999986,79.94999999999766
2025-08-12 08:00:00,44.09722,0.9837960000000008,1.3365843707852028,8.072912,8.854166,47.7431,80.04999999999765
2025-08-12 08:03:00,51.93866,1.0127320000000006,1.3663328121680627,8.304397,9.085645,51.79400000000001,80.09999999999765
2025-08-12 08:06:00,57.11806,1.0127310000000005,1.4022645924446926,8.246527,9.114586,51.79400000000001,80.14999999999765
2025-08-12 08:09:00,50.89699,1.1863420000000007,1.443824316899444,8.796299999999999,9.346067999999999,48.032399999999996,80.19999999999764
2025-08-12 08:12:00,46.18055,1.3888889999999998,1.4176286360528523,9.027776,9.085647,49.18979999999999,80.24999999999764
2025-08-12 08:15:00,46.70139,1.0995369999999998,1.3558989432167232,8.478009,9.027782,51.21530000000001,80.29999999999764
2025-08-12 08:18:00,36.28472,0.868055,1.3436672420511377,7.986113,9.085647999999999,52.662000000000006,80.34999999999764
2025-08-12 08:21:00,38.36805,0.9548610000000002,1.330617644743951,7.986107,8.825236,50.05789999999996,80.39999999999763
2025-08-12 08:24:00,45.68866,0.9548619999999994,1.294798659557858,7.957172,8.709489999999999,52.08330000000001,80.44999999999763
2025-08-12 08:27:00,45.68866,0.7523149999999994,1.3487874061999259,7.638892,9.085647,55.55560000000003,80.49999999999763
2025-08-12 08:30:00,43.08449,0.9837959999999999,1.384189896551528,8.188653,9.085647,50.63650000000001,80.54999999999762
2025-08-12 08:33:00,38.88889,1.1284720000000004,1.397919423557956,8.506944,9.085652,48.321800000000025,80.59999999999762
2025-08-12 08:36:00,43.57639,0.7233789999999996,1.3168980613968801,7.581016,9.027777,55.555499999999995,80.64999999999762
2025-08-12 08:39:00,31.56828,0.8101859999999999,1.3371822439983367,7.957174,9.201388,53.819500000000005,80.69999999999762
2025-08-12 08:45:00,33.68055,1.0127319999999997,1.3420910281533678,8.015042000000001,8.738430000000001,53.53019999999998,80.69999999999762
2025-08-12 08:48:00,35.21412,0.7233799999999997,1.2961070397877097,7.378476,8.767356,57.00230000000002,80.69999999999762
2025-08-12 09:12:00,31.10532,1.1574080000000002,1.3629215713534235,8.535884,8.969906,52.662000000000006,80.69999999999762
2025-08-12 09:15:00,30.55556,1.070601,1.3391766160010579,8.391208,8.969907000000001,50.34729999999999,80.69999999999762
2025-08-12 09:18:00,31.56828,1.1284720000000004,1.3596239479717778,8.449074,8.940971999999999,47.742999999999995,80.69999999999762
2025-08-12 09:54:00,32.11805,1.0995369999999998,1.3303627339816957,8.217592999999999,8.709486,48.321799999999996,80.69999999999762
2025-08-12 09:57:00,31.01852,1.0416670000000003,1.3347502035140497,8.188654,8.825227,48.321799999999996,80.69999999999762
2025-08-12 10:09:00,30.52662,1.2442130000000002,1.3566628333489283,8.535879,8.767356,47.74300000000002,80.69999999999762
2025-08-12 10:12:00,32.11805,1.2442130000000002,1.3702960655641214,8.506949,8.767356,48.900499999999994,80.69999999999762
2025-08-12 10:15:00,31.56828,1.0995369999999998,1.3558945556905,8.420144,8.969907000000001,48.900499999999994,80.69999999999762
2025-08-12 10:18:00,32.60995,1.157407,1.3498388142386293,8.391204000000002,8.796297000000001,47.742999999999995,80.69999999999762
2025-08-12 10:21:00,31.59722,1.157407,1.3366795984633093,8.304394000000002,8.680557,52.08330000000001,80.69999999999762
2025-08-12 10:24:00,31.07639,1.070602,1.326554292245625,8.159724,8.709492000000001,51.79389999999998,80.69999999999762
2025-08-12 10:27:00,30.06366,1.0995369999999998,1.3303671707349052,8.246524,8.738427,50.347200000000015,80.69999999999762
2025-08-12 10:33:00,30.06366,1.2442129999999993,1.342942731407687,8.449069999999999,8.651617,48.32169999999999,80.69999999999762
2025-08-12 10:36:00,30.06366,1.3020839999999998,1.3308083299088287,8.535879999999999,8.593746,47.742999999999995,80.69999999999762
2025-08-12 10:39:00,31.59722,1.157407,1.3101167205518587,8.304394000000002,8.622687,50.92590000000001,80.69999999999762
2025-08-12 12:06:00,35.15625,1.3888890000000007,1.2849559329530402,7.928244,7.725694999999999,58.73840000000001,80.69999999999762
2025-08-12 12:12:00,31.51042,2.256944,1.2088108897066288,8.564819,6.857635000000001,56.134299999999996,80.69999999999762
2025-08-12 12:18:00,35.70602,1.3020830000000005,1.316499496863738,7.899304,7.928241,63.65730000000002,80.69999999999762
2025-08-12 12:27:00,39.95949,1.4467590000000001,1.2810320186344075,8.159724,7.841435,63.94670000000002,80.69999999999762
2025-08-12 12:39:00,39.32291,1.5046290000000004,1.2915090982811743,8.101854,7.696755,66.55090000000001,80.69999999999762
2025-08-12 12:48:00,32.52315,1.0127310000000005,1.425941091453783,7.4074089999999995,8.333338,57.002200000000016,80.69999999999762
2025-08-12 13:06:00,32.52315,1.8807869999999998,1.2112975522365272,8.680559,7.523152,54.398199999999974,80.69999999999762
2025-08-12 17:33:00,36.74768,1.8807870000000007,1.1907062810009736,8.391204000000002,7.2048570000000005,62.5,80.69999999999762
2025-08-13 07:54:00,30.00578,1.2442129999999993,1.258627059789328,8.246523,8.275459999999999,43.40280000000001,80.69999999999762
2025-08-13 07:57:00,40.97222,1.2442130000000002,1.3012296190274826,8.101848,8.217595,48.61109999999999,80.69999999999762
2025-08-13 08:00:00,45.68866,0.8969909999999999,1.2707072245074427,7.696762,8.535881,50.63659999999999,80.69999999999762
2025-08-13 08:03:00,50.37616,0.9837960000000008,1.3605007094033978,8.101852000000001,8.940976,52.08339999999998,80.69999999999762
2025-08-13 08:06:00,54.54282,0.9548610000000002,1.3067989636260842,8.015042000000001,8.796301,51.79400000000001,80.69999999999762
2025-08-13 08:09:00,58.15972,1.0416659999999993,1.3839141341769199,8.130783,8.883107,53.240700000000004,80.69999999999762
2025-08-13 08:21:00,31.59722,0.8101859999999999,1.2375897993672071,7.494216000000001,8.478010000000001,51.50460000000004,80.69999999999762
2025-08-13 08:24:00,30.00578,0.8969909999999999,1.2940847040851224,7.841438,8.738427,47.7431,80.69999999999762
2025-08-13 08:27:00,31.07639,1.186343,1.3257591734244556,8.420144,8.709491,49.76849999999996,80.69999999999762
2025-08-13 08:30:00,33.68055,0.8680560000000002,1.309812033325236,7.841432,8.854166,49.47920000000002,80.69999999999762
2025-08-13 08:42:00,30.55556,0.8969909999999999,1.282426489544106,7.841432,8.709491,50.92590000000001,80.69999999999762
2025-08-13 08:51:00,31.07639,1.273148,1.3719290811900877,8.622689,8.825230999999999,47.45369999999997,80.69999999999762
2025-08-13 09:03:00,30.00578,1.2152780000000005,1.3682603262245105,8.362264,8.680556,49.76850000000002,80.69999999999762
2025-08-13 09:12:00,30.55556,1.273148,1.358106045184524,8.449074,8.622686,49.189899999999966,80.69999999999762
2025-08-13 09:15:00,31.59722,1.0995369999999998,1.3303627339816957,8.275464,8.767357,50.926000000000016,80.69999999999762
2025-08-13 09:18:00,30.55556,1.070602,1.3138567059487876,8.159724,8.680551999999999,51.50469999999996,80.69999999999762
2025-08-13 10:06:00,30.55556,1.2442130000000002,1.3152265424827425,8.391204000000002,8.535881,47.453700000000026,80.69999999999762
2025-08-13 11:54:00,34.14352,1.359954,1.2559569441044545,7.870374000000001,7.66782,63.657399999999996,80.69999999999762
2025-08-13 12:03:00,37.78935,1.7361110000000002,1.2337430137563024,8.333334,7.436343000000001,67.99769999999995,80.69999999999762
2025-08-18 08:18:00,39.46759,1.0127319999999997,1.3298696884123367,7.8993079999999996,8.593746,50.926000000000016,80.69999999999762
2025-08-18 08:21:00,36.31366,1.0416670000000003,1.3347502035140497,8.101854,8.738427,52.66209999999998,80.69999999999762
2025-08-18 08:24:00,34.72222,1.0995370000000007,1.343166456955534,8.159724,8.680557,53.24079999999998,80.69999999999762
2025-08-18 08:27:00,35.79282,1.070601,1.3391809673179178,8.217588000000001,8.796297000000001,54.10880000000003,80.69999999999762
2025-08-18 08:30:00,33.68055,1.0416660000000002,1.3471366351344387,8.246528,8.912042,50.636600000000016,80.69999999999762
2025-08-18 08:33:00,33.15972,1.0127309999999996,1.3298690887217763,8.072918000000001,8.767357,51.504699999999985,80.69999999999762
2025-08-18 08:36:00,32.66782,1.1863419999999998,1.365799683496912,8.391203999999998,8.767361999999999,50.63659999999999,80.69999999999762
2025-08-18 09:03:00,31.59722,1.3888889999999998,1.3450186366205836,8.62269,8.535881,46.875,80.69999999999762
2025-08-18 09:06:00,30.06366,1.3020829999999997,1.3450206588328446,8.564815,8.651622,46.87500000000003,80.69999999999762
2025-08-18 09:15:00,31.59722,1.1284720000000004,1.3206789108602925,8.304398,8.709486,48.321800000000025,80.69999999999762
2025-08-18 09:18:00,32.66782,0.9837959999999999,1.3002574461681768,8.015048,8.709492000000001,51.215299999999985,80.69999999999762
2025-08-18 09:21:00,31.59722,1.0127309999999996,1.3175928056783588,8.101853,8.767361999999999,47.74300000000002,80.69999999999762
2025-08-18 09:24:00,30.06366,1.0416670000000003,1.334750203514049,8.159724,8.796297,48.61109999999999,80.69999999999762
2025-08-18 09:45:00,32.14699,1.1284720000000004,1.3206834365573994,8.275458,8.680556,48.032399999999996,80.69999999999762
2025-08-18 09:48:00,33.15972,1.1574080000000002,1.33667558665673,8.391204,8.767356,46.5857,80.69999999999762
2025-08-18 09:51:00,33.70949,1.157407,1.323436608104076,8.391204000000002,8.738427,48.61109999999999,80.69999999999762
2025-08-18 09:54:00,33.70949,1.157407,1.323436608104076,8.275463,8.622685999999998,47.4537,80.69999999999762
2025-08-18 09:57:00,31.10532,0.9548610000000002,1.3306135489725595,8.015048,8.854167,50.05789999999999,80.69999999999762
2025-08-18 10:03:00,40.48032,0.5208329999999997,1.2026812326363399,6.7129579999999995,8.506945000000002,57.58100000000002,80.69999999999762
2025-08-18 13:21:00,30.55556,1.1284720000000004,1.3852218572978827,8.593748,9.143516,46.58559999999997,80.69999999999762
2025-08-18 13:24:00,31.07639,1.0995369999999998,1.381153155787102,8.564813,9.172456,46.296299999999974,80.74999999999761
2025-08-18 13:27:00,30.55556,1.0416659999999993,1.3471366351344383,8.564813,9.230327,48.032399999999996,80.79999999999761
2025-08-18 13:30:00,32.66782,1.0416660000000002,1.3594551442251726,8.420138,9.114581999999999,48.61119999999997,80.8499999999976
2025-08-18 13:33:00,32.11805,1.1284720000000004,1.3724558117589634,8.449078,8.969906,48.321799999999996,80.8999999999976
2025-08-18 13:36:00,31.59722,1.0127309999999996,1.3298733211186065,8.246523,8.940971999999999,46.5857,80.9499999999976
2025-08-18 13:39:00,33.15972,1.070601,1.3391809673179178,8.362268,8.940977,47.16440000000003,80.9999999999976
2025-08-18 13:42:00,33.15972,1.0416659999999993,1.3222966842929917,8.217592999999999,8.825227,47.7431,81.0499999999976
2025-08-18 13:45:00,30.00578,1.0127310000000005,1.329873321118608,8.159718,8.854167,47.742999999999995,81.09999999999759
2025-08-18 13:48:00,31.59722,1.1284720000000004,1.3337375210839846,8.246528,8.680556,46.007000000000005,81.14999999999759
2025-08-18 17:39:00,37.81829,1.5046290000000004,1.1573133589706146,7.986108,7.349538999999999,58.159700000000015,81.14999999999759
2025-08-21 08:24:00,30.58449,0.9259250000000003,1.3006814932594577,8.130788,8.969902999999999,46.0069,81.14999999999759
2025-08-21 08:27:00,31.59722,0.9259259999999996,1.3006861986404046,8.101852999999998,8.940977,47.4537,81.14999999999759
2025-08-21 08:30:00,34.20139,0.7233790000000004,1.2112979639462802,7.66782,8.825231,50.636499999999984,81.14999999999759
2025-08-21 08:33:00,34.20139,0.6365740000000004,1.3195567900618839,7.465281999999999,9.201388,49.47919999999999,81.14999999999759
2025-08-21 08:42:00,30.06366,1.2442130000000002,1.3429427314076863,8.680559,8.883106,44.84959999999998,81.14999999999759
2025-08-21 09:18:00,30.06366,1.070602,1.3517402903243114,8.217588,8.825236,50.92590000000001,81.14999999999759
2025-08-21 09:39:00,30.55556,1.070601,1.2882467336935552,8.130788,8.593747,46.8751,81.14999999999759
2025-08-21 09:42:00,30.55556,1.1284720000000004,1.3206834365574003,8.159718,8.564816,47.7431,81.14999999999759
2025-08-21 09:45:00,31.59722,1.0127319999999997,1.2928398811179473,7.986108,8.593746,47.16439999999997,81.14999999999759
2025-08-21 09:48:00,32.66782,0.9259259999999996,1.2650181277422032,7.928242999999999,8.680557,49.18980000000002,81.14999999999759
2025-08-21 09:51:00,33.70949,1.0127319999999997,1.2928398811179473,7.986108,8.593746,49.18980000000002,81.14999999999759
2025-08-21 09:54:00,32.08912,1.0127309999999996,1.292839292642012,8.043982999999999,8.651622,48.611099999999965,81.14999999999759
2025-08-21 10:03:00,30.06366,0.9259259999999996,1.2530089463394891,7.812498,8.535882,48.032399999999996,81.14999999999759
2025-08-25 08:18:00,47.22222,0.9259259999999996,1.4160012665717303,8.246528,9.375001999999999,55.845,81.14999999999759
2025-08-25 08:21:00,44.09722,0.8680559999999993,1.4535552078337863,8.015048,9.403932000000001,59.31710000000001,81.19999999999759
2025-08-25 08:24:00,55.58449,0.46296300000000024,1.291924744940038,6.539352000000001,8.854169,63.946800000000025,81.24999999999758
2025-08-25 08:27:00,46.73032,0.6076390000000007,1.409331380296166,7.552087,9.664348,61.342600000000004,81.29999999999758
2025-08-25 08:30:00,39.93055,0.9837959999999999,1.4654518075598955,8.506948,9.606482,57.29169999999999,81.34999999999758
2025-08-25 08:33:00,37.81829,1.0127310000000005,1.4376978620543719,8.506948,9.461807,52.08330000000001,81.39999999999758
2025-08-25 08:36:00,38.33912,1.0416659999999993,1.4081258026149674,8.535883,9.346067,53.24080000000001,81.44999999999757
2025-08-25 08:39:00,34.20139,1.1284720000000004,1.423107228982713,8.651624000000002,9.288191999999999,53.81949999999998,81.49999999999757
2025-08-25 08:42:00,34.75116,1.0416670000000003,1.4201502784624151,8.449074,9.288197,52.37270000000001,81.54999999999757
2025-08-25 08:45:00,35.76389,1.070602,1.38900968263393,8.449078,9.143516,49.76850000000002,81.59999999999756
2025-08-25 08:48:00,35.21412,1.070602,1.4013111118678332,8.391207999999999,9.114586,48.321799999999996,81.64999999999756
2025-08-25 08:51:00,33.68055,1.0416660000000002,1.3960491197248905,8.420138,9.201391999999998,48.61109999999999,81.69999999999756
2025-08-25 08:54:00,33.68055,1.1284720000000004,1.3724558117589634,8.506948,9.027776,50.05790000000002,81.74999999999756
2025-08-25 08:57:00,33.70949,1.0416670000000003,1.3717116055120049,8.420144,9.143517,50.05789999999996,81.79999999999755
2025-08-25 09:00:00,33.68055,1.070601,1.3391766160010579,8.506948,9.085647,51.79400000000001,81.84999999999755
2025-08-25 09:03:00,34.72222,1.1574080000000002,1.3759333111214491,8.535884,8.998846,48.32179999999997,81.89999999999755
2025-08-25 09:06:00,34.72222,1.0995369999999998,1.3431664569555333,8.535884,9.056717,51.50459999999998,81.94999999999754
2025-08-25 09:09:00,35.76389,1.0995369999999998,1.3558989432167232,8.564814,9.114587,51.79400000000004,81.99999999999754
2025-08-25 09:12:00,38.39699,1.157407,1.388871466659957,8.535878,9.027781000000001,54.3982,82.04999999999754
2025-08-25 09:15:00,38.36805,1.0127309999999996,1.3903424341681307,8.391207999999999,9.230327,52.372600000000034,82.09999999999754
2025-08-25 09:18:00,36.80555,0.9837959999999999,1.372370994425433,8.246528000000001,9.114581999999999,50.057800000000015,82.14999999999753
2025-08-25 09:21:00,35.21412,0.8969909999999999,1.328738490966212,8.130787999999999,9.114587,54.9768,82.19999999999753
2025-08-25 09:24:00,33.68055,0.9548610000000002,1.3424382791345542,8.101848,8.969907,50.63650000000001,82.24999999999753
2025-08-25 09:27:00,30.00578,0.9837959999999999,1.3485736692940185,8.188653,8.998847,49.18979999999999,82.29999999999752
2025-08-25 09:30:00,31.59722,1.070601,1.3391766160010579,8.391208,8.969907000000001,49.189899999999966,82.34999999999752
2025-08-25 09:33:00,33.68055,1.070601,1.364227365930045,8.304398,8.940977,50.34719999999999,82.39999999999752
2025-08-25 09:36:00,37.87616,0.7233799999999997,1.3272369109895552,7.523146,8.998846,53.819500000000005,82.44999999999752
2025-08-25 09:39:00,32.66782,1.0127310000000005,1.402264592444692,8.333329,9.201388,47.7431,82.49999999999751
2025-08-25 09:42:00,34.20139,1.1284720000000004,1.3596239479717778,8.478014000000002,8.969912,51.79400000000001,82.54999999999751
2025-08-25 09:45:00,33.15972,1.1284720000000004,1.3724602350008737,8.449074,8.969912,49.18979999999999,82.59999999999751
2025-08-25 09:48:00,32.11805,1.070602,1.326554292245625,8.304394,8.854161999999999,49.189899999999966,82.6499999999975
2025-08-25 09:51:00,30.55556,0.9548609999999993,1.3067989636260837,8.101848,8.883107,49.18980000000005,82.6999999999975
2025-08-25 09:54:00,30.55556,0.9548610000000002,1.3187314817139122,8.072918000000001,8.883097,50.34730000000002,82.7499999999975
2025-08-25 09:57:00,31.59722,1.1284720000000004,1.3337375210839846,8.391208,8.825236,52.37269999999998,82.7999999999975
2025-08-25 10:00:00,30.06366,1.1863419999999998,1.378989285674522,8.564813999999998,8.969912,50.636600000000016,82.8499999999975
2025-08-25 10:09:00,31.07639,1.0995369999999998,1.381153155787102,8.391202999999999,8.998846,51.215299999999985,82.8499999999975
2025-08-25 10:12:00,32.11805,1.070602,1.3766505529859898,8.362268,9.027776,48.03249999999997,82.8499999999975
2025-08-25 10:15:00,34.20139,1.1284719999999995,1.34671552807233,8.478012999999999,8.940971000000001,50.34719999999999,82.8499999999975
2025-08-25 10:18:00,34.20139,1.070601,1.3265537153801947,8.420138,8.969907000000001,52.951400000000035,82.8499999999975
2025-08-25 10:21:00,32.11805,1.070602,1.3642279536898692,8.304394,8.940971999999999,50.63659999999999,82.8499999999975
2025-08-25 10:24:00,31.59722,1.0127309999999996,1.3420904247829086,8.246523,8.969912,47.45369999999997,82.8499999999975
2025-08-25 10:27:00,31.07639,1.0127319999999997,1.3298739208104435,8.159718,8.854166,48.32169999999999,82.8499999999975
2025-08-25 10:30:00,30.55556,0.9259259999999996,1.3241717538576319,8.159718,9.056712000000001,49.47920000000002,82.8499999999975
2025-08-25 10:33:00,31.07639,1.157407,1.362921013768881,8.506948,8.940971000000001,49.47919999999999,82.8499999999975
2025-08-25 10:54:00,30.00578,1.1284720000000004,1.3724558117589634,8.506948,9.027776,45.717599999999976,82.8499999999975
2025-08-25 10:57:00,30.55556,1.0127309999999996,1.3542414786119488,8.304397999999999,9.056717,50.347200000000015,82.8499999999975
2025-08-25 11:00:00,34.20139,1.0995369999999998,1.3685576715313152,8.391202999999999,8.969906,50.63650000000001,82.8499999999975
2025-08-25 11:03:00,30.55556,0.9837959999999999,1.3485695366036416,8.246528,9.056712000000001,51.21520000000001,82.8499999999975
2025-08-25 11:57:00,38.31018,1.359953,1.2711721507605367,7.8414340000000005,7.667821,65.10419999999999,82.8499999999975
2025-08-25 12:06:00,32.03125,1.7939819999999997,1.1787427966012345,8.333334,7.262732,54.10880000000003,82.8499999999975
2025-08-25 12:15:00,32.87037,1.157407,1.3629255227133064,7.696759,8.130792,61.63190000000003,82.8499999999975
2025-08-25 12:42:00,36.19791,1.8229170000000003,1.1896362978861197,8.420144,7.320596999999999,60.47449999999998,82.8499999999975
2025-08-25 12:51:00,37.21065,1.73611,1.2149063610978625,8.478009,7.5520890000000005,61.63190000000003,82.8499999999975
2025-08-25 13:00:00,30.43982,1.0995369999999998,1.3045382672649144,7.609954,8.043977,52.9513,82.8499999999975
2025-08-25 13:06:00,35.21412,2.025462,1.2434270528958589,8.709494,7.378472,58.738399999999956,82.8499999999975
2025-08-25 13:18:00,32.08912,0.5787040000000001,1.2523392706374135,7.2338,8.969905999999998,50.92590000000001,82.8499999999975
2025-08-25 13:21:00,30.52662,0.8391200000000003,1.3899717349898724,8.130787000000002,9.432867,47.742999999999995,82.89999999999749
2025-08-25 13:24:00,30.00578,1.0127319999999997,1.390343051967695,8.478007999999999,9.317126,51.21520000000004,82.94999999999749
2025-08-25 13:27:00,30.00578,0.9259259999999996,1.358987213576669,8.391207999999999,9.375001999999999,50.92590000000001,82.99999999999748
2025-08-25 13:30:00,32.11805,1.070602,1.4013111118678332,8.478007999999999,9.201386,52.08330000000001,83.04999999999748
2025-08-25 13:33:00,35.21412,0.983797,1.3365849842809816,8.130787,8.912040000000001,50.92590000000001,83.09999999999748
2025-08-25 13:36:00,33.68055,0.9548609999999993,1.3306135489725586,8.188658,9.027777,52.08340000000001,83.14999999999748
2025-08-25 13:39:00,30.00578,1.0416660000000002,1.347136635134438,8.275458,8.940971999999999,50.057800000000015,83.19999999999747
2025-08-25 13:42:00,31.56828,1.070602,1.3517402903243114,8.217588,8.825236,50.92599999999999,83.24999999999747
2025-08-25 13:45:00,31.07639,0.9548609999999993,1.294798046845654,8.043978,8.796297000000001,49.18980000000002,83.29999999999747
2025-08-25 13:48:00,31.10532,1.070602,1.2882517505896693,8.159718000000002,8.622686,47.74299999999997,83.34999999999746
2025-08-25 14:00:00,30.00578,1.0995369999999998,1.3174903093930423,8.333334,8.796297000000001,48.321800000000025,83.34999999999746
2025-08-25 14:06:00,30.55556,1.0127309999999996,1.3052515368152344,8.159718000000002,8.796297000000001,48.32179999999997,83.34999999999746
2025-08-25 14:09:00,31.01852,0.983797,1.3002580484586324,8.072913,8.767356,48.61110000000002,83.34999999999746
2025-08-25 14:15:00,30.52662,0.9259259999999996,1.2888552606043486,7.957177999999999,8.767361999999999,49.189899999999966,83.34999999999746
2025-08-25 17:36:00,33.59375,1.8229170000000003,1.148633021658408,8.333334,7.175927,60.47460000000001,83.34999999999746
2025-08-25 17:48:00,35.70602,1.8807870000000007,1.2112975522365288,8.593754,7.436347,62.78929999999997,83.34999999999746
2025-08-25 17:51:00,39.32291,1.4467590000000001,1.3429406772815728,8.130789,7.928240000000001,67.12959999999998,83.34999999999746
2025-09-01 07:57:00,45.68866,0.78125,1.3275366838026936,7.378470000000001,8.68056,54.39810000000003,83.34999999999746
2025-09-01 08:00:00,41.00116,1.157407,1.4775299443400407,8.796299,9.490742000000001,52.95139999999998,83.39999999999746
2025-09-01 08:03:00,37.32639,1.2442130000000002,1.476531667555068,9.02778,9.519677,50.63659999999999,83.44999999999746
2025-09-01 08:06:00,43.08449,1.3310180000000003,1.4573493364208185,8.998843999999998,9.259256,52.37270000000001,83.49999999999746
2025-09-01 08:09:00,46.73032,1.2731480000000008,1.439788698402944,8.796294,9.143515999999998,54.1088,83.54999999999745
2025-09-01 08:12:00,48.29282,1.0416669999999995,1.3594557414479482,8.275468,8.969911,53.530100000000004,83.59999999999745
2025-09-01 08:15:00,49.82639,0.8101859999999999,1.3802683252151797,7.638892,8.998846,55.844899999999996,83.64999999999745
2025-09-01 08:18:00,46.73032,0.7233800000000006,1.327236910989556,7.523147,8.998847,58.159700000000015,83.69999999999744
2025-09-01 08:21:00,42.01389,0.9837959999999999,1.372370994425433,8.130788,8.998842,53.24079999999998,83.74999999999744
2025-09-01 08:24:00,37.35532,0.8391200000000003,1.3791156835492218,7.928238,9.201388000000001,55.555499999999995,83.79999999999744
2025-09-01 08:27:00,36.80555,1.0127309999999996,1.366332201528803,8.333333,9.114581999999999,56.423599999999965,83.84999999999744
2025-09-01 08:30:00,36.80555,0.8969909999999999,1.3854648888442136,7.957177999999999,9.085647,58.738399999999984,83.89999999999743
2025-09-01 08:33:00,40.97222,0.8969909999999999,1.2940847040851224,7.899306,8.796295,56.134300000000025,83.94999999999743
2025-09-01 08:36:00,41.49305,0.8391210000000004,1.3462858194022218,7.696757,8.883106,54.3981,83.99999999999743
2025-09-01 08:39:00,36.28472,1.1863419999999998,1.3920984685464388,8.564813999999998,8.998842,54.97689999999997,84.04999999999742
2025-09-01 08:42:00,36.80555,1.1574080000000002,1.4017351896485915,8.478014,8.998846,52.662000000000035,84.09999999999742
2025-09-01 08:45:00,36.80555,1.070602,1.4013111118678332,8.246528000000001,8.969906,52.662000000000006,84.14999999999742
2025-09-01 08:51:00,34.72222,1.070602,1.389013943919471,8.304394000000002,8.998842,53.24070000000003,84.24999999999741
2025-09-01 08:54:00,34.75116,1.157407,1.388871466659957,8.478009,8.969912,49.47909999999999,84.29999999999741
2025-09-01 08:57:00,30.55556,1.1284719999999995,1.4105458683877015,8.304393999999998,8.912032,53.240700000000004,84.34999999999741
2025-09-01 09:00:00,30.55556,1.3020839999999998,1.3870777688019658,8.535879999999999,8.709486,48.90040000000005,84.3999999999974
2025-09-01 09:09:00,34.20139,0.78125,1.2952311413943831,7.552087,8.767357,52.951400000000035,84.3999999999974
2025-09-01 09:12:00,32.11805,1.070602,1.3517359623756335,8.159724,8.767361999999999,50.63659999999999,84.3999999999974
2025-09-01 09:15:00,31.07639,1.2152779999999996,1.3949170456324205,8.59375,8.969912,50.63659999999999,84.3999999999974
2025-09-01 09:18:00,30.00578,1.1863419999999998,1.3920984685464388,8.535879,8.969907000000001,49.189700000000016,84.3999999999974
2025-09-01 09:42:00,30.55556,0.9548609999999993,1.3067948272757441,8.015048,8.796297000000001,53.530100000000004,84.3999999999974
2025-09-01 09:45:00,38.36805,0.7233790000000004,1.2751625939485816,7.3206,8.651621,55.845,84.3999999999974
2025-09-01 09:48:00,35.76389,0.8969909999999999,1.3172394587837155,7.812503,8.767361999999999,56.712999999999994,84.3999999999974
2025-09-01 09:51:00,31.59722,0.9837959999999999,1.348569536603641,8.015048,8.825232,51.50460000000001,84.3999999999974
2025-09-01 09:54:00,37.35532,0.694445,1.1907109720328073,7.26273,8.449075,58.448999999999984,84.3999999999974
2025-09-01 09:57:00,43.57639,0.46296300000000024,1.2396837338173978,6.481478999999999,8.622685999999998,61.9213,84.3999999999974
2025-09-01 10:00:00,35.21412,0.8101849999999997,1.3371815449341613,7.6388869999999995,8.883102000000001,55.845,84.3999999999974
2025-09-01 10:03:00,32.66782,0.9837959999999999,1.3365802177631174,8.043982999999999,8.825227,52.372600000000034,84.3999999999974
2025-09-01 10:33:00,30.52662,1.1863419999999998,1.3122481225021227,8.362269,8.622687,50.92590000000001,84.3999999999974
2025-09-01 10:36:00,31.07639,1.1863419999999998,1.3257586349747723,8.362269,8.651617,50.92590000000001,84.3999999999974
2025-09-01 11:48:00,38.83102,1.3888889999999998,1.4459885627702496,7.986114999999999,8.101856,69.15500000000003,84.3999999999974
2025-09-01 12:00:00,39.35185,1.7939810000000005,1.2375862077462807,8.42014,7.436338999999999,67.70839999999998,84.3999999999974
2025-09-01 12:18:00,30.98958,0.6944439999999998,1.444839276583751,6.568283999999999,8.47801,57.00230000000005,84.3999999999974
2025-09-01 12:24:00,38.25232,1.6782410000000008,1.2471020624798126,8.362264,7.581023,64.52539999999999,84.3999999999974
2025-09-01 12:48:00,33.04398,0.9548609999999993,1.5247543492363453,7.233795,8.564814000000002,61.632000000000005,84.3999999999974
2025-09-01 13:54:00,30.00578,1.1574080000000002,1.3629260802990795,8.391204,8.825236,48.03230000000002,84.3999999999974
2025-09-01 17:33:00,38.80209,1.5625,1.3010958687027183,8.391200000000001,7.899310000000001,63.657399999999996,84.3999999999974
2025-09-01 17:51:00,34.14352,1.0995369999999998,1.3431664569555328,7.552084000000001,8.072917,63.657399999999996,84.3999999999974
2025-09-03 08:24:00,36.77662,0.8101849999999997,1.31538039313079,7.696757999999999,8.883102999999998,50.63650000000001,84.3999999999974
2025-09-03 08:27:00,53.99306,0.6076389999999998,1.2175568307494378,6.973379,8.50694,57.58099999999999,84.4499999999974
2025-09-03 08:30:00,51.38889,0.6076390000000007,1.334056545286402,7.060187000000001,8.940968,60.18520000000001,84.4999999999974
2025-09-03 08:33:00,39.40972,0.8101849999999997,1.293397459553881,7.754628,8.883102999999998,52.08330000000001,84.5499999999974
2025-09-03 08:36:00,43.08449,0.9548610000000002,1.3187355975339126,7.928237,8.738426,53.819500000000005,84.5999999999974
2025-09-03 08:39:00,54.02199,0.6365740000000004,1.2403967749989648,7.11806,8.622685999999998,57.58099999999999,84.64999999999739
2025-09-03 08:42:00,38.36805,0.9837959999999999,1.348569536603641,8.18866,8.998844,51.50459999999998,84.69999999999739
2025-09-03 08:45:00,39.93055,1.1284720000000004,1.3337375210839846,8.246528,8.680556,49.47910000000002,84.74999999999739
2025-09-03 08:48:00,33.15972,0.8391200000000003,1.2906446499553013,7.754627999999999,8.796298,50.636600000000016,84.79999999999738
2025-09-03 08:51:00,30.55556,1.0127319999999997,1.3298696884123367,8.043984,8.738422,49.47920000000002,84.84999999999738
2025-09-03 08:54:00,31.59722,1.1574080000000002,1.34983936824562,8.275464,8.680556,46.875,84.89999999999738
2025-09-03 08:57:00,33.13079,0.9259260000000005,1.2530089463394896,7.8124970000000005,8.535881,52.95139999999998,84.94999999999737
2025-09-03 09:00:00,37.35532,0.6076389999999998,1.2373082536228681,7.1180509999999995,8.709492000000001,56.42359999999999,84.99999999999737
2025-09-03 09:03:00,33.15972,0.8969909999999999,1.282426489544106,7.870367999999999,8.738427,51.79399999999998,85.04999999999737
2025-09-03 09:18:00,30.00578,1.1284720000000004,1.3075465812747942,8.362268,8.738426,47.45369999999997,85.04999999999737
2025-09-03 09:21:00,32.14699,1.0127319999999997,1.2928398811179473,8.101848,8.709486,48.32179999999997,85.04999999999737
2025-09-03 09:33:00,30.55556,1.2442130000000002,1.3429379735751235,8.506949,8.709486,46.5857,85.04999999999737
2025-09-03 09:45:00,30.55556,1.2442130000000002,1.3429379735751235,8.564819,8.767356,44.849500000000006,85.04999999999737
2025-09-03 09:48:00,32.11805,1.1284720000000004,1.3467200011605098,8.420138,8.883106,47.74310000000003,85.04999999999737
2025-09-03 09:51:00,30.52662,1.070601,1.3391809673179178,8.304398,8.883107,48.900499999999994,85.04999999999737
2025-09-03 09:54:00,30.06366,1.1574080000000002,1.34983936824562,8.420144,8.825236,49.18980000000002,85.04999999999737
2025-09-03 09:57:00,31.07639,1.157407,1.3366750362608166,8.391204000000002,8.767357,47.74300000000002,85.04999999999737
2025-09-03 10:00:00,30.06366,1.1284720000000004,1.3206834365573994,8.362264,8.767361999999999,49.18980000000002,85.04999999999737
2025-09-03 10:12:00,31.59722,1.157407,1.3498388142386293,8.478014000000002,8.883107,50.92599999999999,85.04999999999737
2025-09-03 10:18:00,31.59722,1.2442130000000002,1.3703007633239381,8.651619,8.912036,50.05789999999999,85.04999999999737
2025-09-03 10:21:00,32.11805,1.1863419999999998,1.3525320820894862,8.564819,8.912037,48.321799999999996,85.09999999999737
2025-09-03 10:24:00,33.68055,1.1574080000000002,1.323432564885447,8.420144,8.767356,49.768599999999964,85.14999999999736
2025-09-03 10:27:00,32.66782,1.070602,1.3138611058678014,8.304394,8.825232,52.08329999999998,85.19999999999736
2025-09-03 10:30:00,32.66782,1.0416659999999993,1.3347496135684274,8.188653,8.825227,49.47910000000002,85.24999999999736
2025-09-03 10:33:00,31.59722,1.0416660000000002,1.3347496135684285,8.159718,8.796292000000001,50.92590000000001,85.29999999999735
2025-09-03 10:36:00,31.59722,1.070602,1.3138567059487882,8.275464,8.796292000000001,49.47920000000002,85.34999999999735
2025-09-03 10:39:00,31.59722,1.157407,1.3629255227133064,8.362264,8.796297000000001,49.47919999999999,85.39999999999735
2025-09-03 10:42:00,31.10532,1.1863419999999998,1.3391889091175808,8.478009,8.796297000000001,48.61110000000002,85.44999999999735
2025-09-03 10:45:00,31.10532,1.273148,1.3581060451845253,8.535879,8.709491,46.2963,85.49999999999734
2025-09-03 10:48:00,30.06366,1.157407,1.323436608104077,8.362269,8.709492000000001,48.321799999999996,85.54999999999734
2025-09-03 11:30:00,30.55556,1.273148,1.3581060451845253,8.535879,8.709491,49.18980000000002,85.54999999999734
2025-09-03 11:57:00,35.18518,2.0254630000000002,1.199950965179027,8.420139,7.031245999999999,59.02780000000001,85.54999999999734
2025-09-03 12:06:00,34.63541,1.5914359999999999,1.1571848916370613,8.101854,7.320598,56.134299999999996,85.54999999999734
2025-09-03 12:27:00,30.98958,1.9675920000000007,1.2011703784529815,8.593754,7.291672,53.52999999999997,85.54999999999734
2025-09-03 12:30:00,33.01505,1.8229170000000003,1.2488493030462722,8.535884,7.523147000000001,54.3981,85.54999999999734
2025-09-03 13:21:00,30.00578,1.186343,1.378989838452963,8.738424,9.143521,48.032400000000024,85.54999999999734
2025-09-03 13:24:00,31.56828,1.2442130000000002,1.4107125953639987,8.796294,9.143521,47.742999999999995,85.59999999999734
2025-09-03 13:27:00,32.08912,1.2152780000000005,1.4343289504111696,8.680554,9.143516,50.636600000000016,85.64999999999733
2025-09-03 13:30:00,34.20139,1.1284720000000004,1.3724558117589634,8.506948,9.027776,54.398199999999974,85.69999999999733
2025-09-03 13:33:00,33.13079,0.9837959999999999,1.3605007094033976,8.159718000000002,8.998842,50.92590000000001,85.74999999999733
2025-09-03 13:36:00,32.11805,1.1574080000000002,1.3629215713534226,8.420144,8.854166,49.47909999999999,85.79999999999733
2025-09-03 13:39:00,32.11805,1.1574080000000002,1.33667558665673,8.391204,8.767356,50.34719999999999,85.84999999999732
2025-09-03 13:42:00,30.55556,1.1284720000000004,1.385221857297882,8.391204000000002,8.940971999999999,48.32179999999997,85.89999999999732
2025-09-03 13:45:00,30.00578,1.070602,1.3138611058678014,8.304394,8.825232,50.636600000000016,85.94999999999732
2025-09-03 13:48:00,30.55556,1.070601,1.3138605326947925,8.275458,8.796297000000001,50.05790000000002,85.99999999999731
2025-09-03 14:00:00,30.00578,1.1284720000000004,1.3075465812747933,8.217588000000001,8.593746,47.453700000000026,85.99999999999731
2025-09-03 14:03:00,30.00578,1.0416660000000002,1.3097804705546898,8.101848,8.680551999999999,48.0325,85.99999999999731
2025-09-03 14:15:00,31.59722,1.1574080000000002,1.3234371548569082,8.391204,8.738426,47.1643,85.99999999999731
2025-09-03 14:21:00,30.55556,0.9837960000000008,1.275722818418722,8.015042000000001,8.651616,50.05790000000002,85.99999999999731
2025-09-03 14:24:00,31.56828,0.78125,1.2734796097328425,7.638887,8.796297000000001,52.08339999999998,85.99999999999731
2025-09-03 17:45:00,31.53935,1.7071760000000005,1.1259012303147446,7.957179,6.944443,48.61109999999999,85.99999999999731
2025-09-03 17:48:00,35.70602,2.0254630000000002,1.1316210583708801,8.217589,6.7418960000000006,56.42359999999999,85.99999999999731
2025-09-04 08:21:00,38.88889,1.0416670000000003,1.3097810531026421,8.130783000000001,8.709485999999998,49.18979999999999,85.99999999999731
2025-09-04 08:24:00,39.40972,0.78125,1.2843781932728617,7.667822,8.854161999999999,52.66209999999998,86.04999999999731
2025-09-04 08:27:00,42.01389,0.694445,1.2745552323370837,7.349541,8.767356,56.42359999999999,86.09999999999731
2025-09-04 08:30:00,36.31366,0.8969900000000006,1.3742177937376525,7.986108,9.085647999999999,51.504700000000014,86.1499999999973
2025-09-04 08:33:00,33.68055,1.1574079999999993,1.4017351896485903,8.478010000000001,8.998842,50.347200000000015,86.1999999999973
2025-09-04 08:36:00,31.59722,1.157407,1.3366750362608166,8.478009,8.854161999999999,47.1643,86.2499999999973
2025-09-04 08:39:00,33.15972,1.2152769999999995,1.3548085344394154,8.506944,8.796297000000001,50.347200000000015,86.2999999999973
2025-09-04 08:42:00,33.68055,1.1863419999999998,1.3525320820894862,8.420139,8.767357,49.18980000000002,86.3499999999973
2025-09-04 08:45:00,34.72222,1.1863419999999998,1.3391889091175808,8.362269,8.680557,50.05790000000002,86.39999999999729
2025-09-04 08:48:00,34.20139,1.1863419999999998,1.3525366803311483,8.275459,8.622687,50.05789999999999,86.44999999999729
2025-09-04 08:51:00,35.21412,1.273148,1.3160778387042176,8.333329,8.420141000000001,47.74309999999997,86.49999999999729
2025-09-04 08:54:00,33.68055,1.3020839999999998,1.316500000547274,8.42014,8.449076,50.347200000000015,86.54999999999728
2025-09-04 08:57:00,33.15972,1.2152769999999995,1.3276578627205358,8.362264,8.593747,49.47920000000002,86.59999999999728
2025-09-04 09:00:00,35.27199,1.3020839999999998,1.3308083299088305,8.42014,8.478006,48.321799999999996,86.64999999999728
2025-09-04 09:03:00,33.70949,1.157407,1.3498388142386293,8.217589,8.622682000000001,50.92599999999999,86.69999999999727
2025-09-04 09:06:00,31.56828,1.2442129999999993,1.329128365696702,8.42014,8.593747,49.47919999999999,86.74999999999727
2025-09-04 09:09:00,31.59722,1.273148,1.3441925146989746,8.420134000000001,8.564816,48.32179999999997,86.79999999999727
2025-09-04 09:12:00,32.11805,1.359954,1.359953000015629,8.59375,8.593746,49.18980000000002,86.84999999999727
2025-09-04 09:42:00,30.55556,1.2152780000000005,1.3682603262245108,8.506944,8.825236,48.90050000000002,86.84999999999727
2025-09-04 09:45:00,32.60995,1.0995369999999998,1.3303627339816946,8.362273,8.854166,50.347200000000015,86.89999999999726
2025-09-04 09:48:00,34.69329,0.9548609999999993,1.3067948272757441,8.130787999999999,8.912037,49.47920000000002,86.94999999999726
2025-09-04 09:51:00,32.66782,0.8969899999999997,1.328737840876225,7.899306999999999,8.883107,50.636600000000016,86.99999999999726
2025-09-04 09:54:00,34.72222,0.8969899999999997,1.294084065411448,7.928237,8.825227,50.92590000000001,87.04999999999725
2025-09-04 09:57:00,33.68055,0.9259259999999996,1.2888552606043486,7.957177999999999,8.767361999999999,50.92590000000001,87.09999999999725
2025-09-04 10:00:00,31.59722,1.070601,1.3138605326947925,8.159718,8.680557,50.05790000000002,87.14999999999725
2025-09-04 10:03:00,31.59722,1.0995369999999998,1.3303671707349056,8.304394,8.796297000000001,49.189899999999966,87.19999999999725
2025-09-04 10:06:00,32.66782,1.1574080000000002,1.3629215713534226,8.420144,8.854166,48.032399999999996,87.24999999999724
2025-09-04 10:09:00,35.76389,0.8969909999999999,1.27071128402089,7.8993020000000005,8.738431,53.240700000000004,87.29999999999724
2025-09-04 10:12:00,35.76389,0.7233789999999996,1.3065252838790733,7.465275999999999,8.883107,53.24079999999998,87.34999999999724
2025-09-04 10:15:00,31.59722,1.0416659999999993,1.3097804705546903,8.217592999999999,8.796297000000001,50.05789999999996,87.39999999999723
2025-09-04 10:18:00,31.59722,1.2442130000000002,1.3838495760276541,8.564819,8.854166,48.900499999999994,87.44999999999723
2025-09-04 10:21:00,30.55556,1.1863419999999998,1.365799683496912,8.420139,8.796297000000001,50.347200000000015,87.49999999999723
2025-09-04 10:24:00,32.60995,0.983797,1.3245361290860722,8.015042999999999,8.767356,50.925899999999984,87.54999999999723
2025-09-04 10:27:00,31.59722,1.070602,1.3391815478455669,8.246524,8.825232,50.636600000000016,87.59999999999722
2025-09-04 10:30:00,30.00578,1.273148,1.3856642592251012,8.62269,8.854161999999999,51.79399999999998,87.64999999999722
2025-09-04 10:45:00,31.07639,1.273148,1.3441876893597555,8.593754,8.738426,50.92590000000001,87.64999999999722
2025-09-04 12:03:00,35.15625,1.070601,1.351735378217635,7.262733999999999,7.870373,62.7894,87.64999999999722
2025-09-04 12:12:00,37.23959,1.8807869999999998,1.2112975522365284,8.3912,7.233793,60.18520000000001,87.64999999999722
2025-09-04 12:39:00,36.19791,2.1990739999999995,1.2137576955059537,8.709495,7.089121,60.47459999999995,87.64999999999722
2025-09-04 12:48:00,30.98958,0.9837959999999999,1.4076621254733441,7.291664,8.246528000000001,55.555499999999995,87.64999999999722
2025-09-04 12:57:00,33.59375,2.2280099999999994,1.199288781695693,8.709489999999999,7.031250000000001,56.71290000000005,87.64999999999722
2025-09-04 13:06:00,37.73148,1.4467590000000001,1.312246584432166,8.101854,7.841435,66.84020000000004,87.64999999999722
2025-09-04 13:24:00,31.07639,1.2152780000000005,1.4081269144178592,8.883104,9.288196,48.61110000000002,87.64999999999722
2025-09-04 13:27:00,32.08912,1.070601,1.4013105134758945,8.506948,9.230327,52.08330000000001,87.69999999999722
2025-09-04 13:30:00,32.60995,1.070601,1.401310513475894,8.449078,9.172457,52.662000000000006,87.74999999999721
2025-09-04 13:33:00,33.15972,1.1574080000000002,1.3888675728222308,8.478014,8.969906,53.81940000000003,87.79999999999721
2025-09-04 13:36:00,31.56828,1.157407,1.3759327499894818,8.506949,8.969912,52.95139999999998,87.84999999999721
2025-09-04 13:39:00,33.68055,1.157407,1.3759327499894818,8.362264,8.825227,51.79400000000001,87.8999999999972
2025-09-04 13:42:00,31.56828,1.1863419999999998,1.365799683496912,8.420139,8.796297000000001,51.50460000000001,87.9499999999972
2025-09-04 13:45:00,32.08912,1.2442130000000002,1.3429427314076863,8.449074,8.651620999999999,50.92590000000001,87.9999999999972
2025-09-04 13:48:00,32.08912,1.0995369999999998,1.3558989432167232,8.188654,8.738427,51.21520000000004,88.0499999999972
2025-09-04 13:51:00,32.60995,1.0995369999999998,1.3045427559709992,8.246524,8.680557,50.636600000000016,88.0999999999972
2025-09-04 13:54:00,32.60995,1.0995369999999998,1.3174903093930423,8.159724,8.622687,50.057800000000015,88.14999999999719
2025-09-04 13:57:00,32.60995,1.0995369999999998,1.3045427559709997,8.188654,8.622687,52.37269999999998,88.19999999999719
2025-09-04 14:00:00,33.68055,1.070602,1.3138567059487882,7.957178,8.478006,49.47919999999999,88.24999999999719
2025-09-04 14:03:00,43.02662,0.578703,1.2137588190238369,6.770834,8.391201,52.08329999999998,88.29999999999718
2025-09-04 14:06:00,41.98495,0.6076389999999998,1.1976643258434125,6.97338,8.449071,54.6875,88.34999999999718
2025-09-04 14:09:00,39.40972,0.78125,1.2734758345038242,7.465281999999999,8.622682000000001,51.79399999999998,88.39999999999718
2025-09-04 14:12:00,33.15972,0.78125,1.2625306053177316,7.638893,8.767363,52.08340000000001,88.44999999999717
2025-09-04 14:15:00,32.60995,0.8680560000000002,1.2754914826309403,7.783563,8.709487,49.18980000000002,88.49999999999717
2025-09-04 14:18:00,31.07639,1.1863419999999998,1.3257586349747723,8.391203999999998,8.680551999999999,49.18980000000002,88.54999999999717
2025-09-04 14:24:00,31.59722,1.273148,1.3441925146989746,8.420134000000001,8.564816,46.585699999999974,88.54999999999717
2025-09-04 14:27:00,33.15972,1.1284720000000004,1.3075465812747933,8.217588000000001,8.593746,47.7431,88.59999999999717
2025-09-04 14:30:00,32.11805,1.070602,1.3010913131341773,8.159724,8.651622,47.7431,88.64999999999716
2025-09-04 14:33:00,31.56828,1.157407,1.3366795984633093,8.333329,8.709492000000001,47.742999999999995,88.69999999999716
2025-09-04 14:36:00,30.06366,1.2152769999999995,1.3276578627205358,8.449074,8.680557,48.90050000000002,88.74999999999716
2025-09-04 14:39:00,32.11805,1.1863419999999998,1.3257632902297138,8.420134000000001,8.709492000000001,49.76849999999999,88.79999999999715
2025-09-04 14:42:00,32.66782,1.2152769999999995,1.3276578627205358,8.449074,8.680557,48.61110000000002,88.84999999999715
2025-09-04 14:45:00,32.11805,1.1863419999999998,1.3122481225021212,8.420134000000001,8.680551999999999,48.321799999999996,88.89999999999715
2025-09-04 14:48:00,32.11805,1.1574080000000002,1.2967088780601437,8.304394,8.593746,46.5856,88.94999999999715
2025-09-04 14:51:00,30.55556,1.0416670000000003,1.3223015851505215,8.130784,8.738427,49.76849999999999,88.99999999999714
2025-09-09 08:30:00,39.46759,0.8969900000000006,1.3629237802278313,7.986108,9.056718,53.530100000000004,88.99999999999714
2025-09-09 08:33:00,32.14699,0.868055,1.332428663812551,7.957178000000001,9.027773,50.05790000000002,89.04999999999714
2025-09-09 08:36:00,33.68055,0.9837959999999999,1.3365802177631168,8.101853,8.883097,53.240700000000004,89.09999999999714
2025-09-09 08:39:00,34.75116,1.0995369999999998,1.3303627339816957,8.188658,8.680551000000001,50.63650000000001,89.14999999999714
2025-09-09 08:42:00,37.35532,0.8391210000000004,1.268044761440254,7.696757,8.680556,52.37269999999998,89.19999999999713
2025-09-09 08:45:00,45.16782,0.4340270000000004,1.1938518488171792,6.510418,8.622681,61.632000000000005,89.24999999999713
2025-09-09 08:48:00,43.54745,0.6655100000000003,1.2424286274858964,7.262735999999999,8.680556,45.13890000000001,89.29999999999713
2025-09-09 08:51:00,39.40972,0.7523150000000003,1.3278494479305907,7.523153,8.912037999999999,56.13420000000002,89.34999999999712
2025-09-09 08:54:00,37.32639,0.7523150000000003,1.3173194814613662,7.465281999999999,8.825227,55.844899999999996,89.39999999999712
2025-09-09 08:57:00,30.06366,1.0127310000000005,1.3663322015288035,8.130789,8.912037999999999,49.47919999999999,89.44999999999712
2025-09-09 09:33:00,31.59722,1.3020829999999997,1.3450157646795173,8.651623999999998,8.738420999999999,46.29620000000003,89.44999999999712
2025-09-09 09:39:00,30.06366,1.157407,1.323432018133881,8.506949,8.854161999999999,47.453700000000026,89.44999999999712
2025-09-09 09:42:00,49.82639,0.3761570000000001,1.0496867955463853,6.36574,8.246523,56.423599999999965,89.44999999999712
2025-09-09 09:45:00,41.49305,0.4050919999999998,1.2656560143568256,6.655096,9.143514,57.87040000000002,89.44999999999712
2025-09-09 09:48:00,32.11805,0.7523140000000001,1.3067556086953072,7.696757000000001,9.027783,54.108799999999974,89.44999999999712
2025-09-09 09:51:00,32.11805,0.8969899999999997,1.3287378408762247,8.043977000000002,9.027777,50.34719999999999,89.44999999999712
2025-09-09 09:54:00,34.20139,0.78125,1.3060468690997125,7.725692,8.969912,53.240700000000004,89.44999999999712
2025-09-09 10:21:00,31.10532,1.2152780000000005,1.3412743374634446,8.506944,8.767356,47.74309999999997,89.44999999999712
2025-09-09 10:24:00,30.55556,1.1863419999999998,1.3257586349747723,8.535879,8.825227,48.90050000000002,89.44999999999712
2025-09-09 10:27:00,31.59722,1.186343,1.3257591734244556,8.449074,8.738420999999999,47.16440000000003,89.44999999999712
2025-09-09 10:30:00,32.11805,1.0127309999999996,1.3298733211186065,8.217588,8.912037,49.18980000000002,89.44999999999712
2025-09-09 10:33:00,31.59722,1.0416659999999993,1.3222966842929917,8.217592999999999,8.825227,49.47920000000002,89.44999999999712
2025-09-09 10:36:00,31.59722,1.0995369999999998,1.3431664569555333,8.217592999999999,8.738426,49.47909999999999,89.44999999999712
2025-09-09 10:39:00,30.55556,1.0995370000000007,1.3303671707349056,8.304394000000002,8.796297,50.34719999999999,89.44999999999712
2025-09-10 08:27:00,36.31366,0.6076390000000007,1.1976643258434132,6.886574,8.362265,57.00230000000005,89.44999999999712
2025-09-10 08:30:00,33.15972,0.8391209999999996,1.3130443425234868,7.725693000000001,8.825232,51.215299999999985,89.44999999999712
2025-09-10 08:39:00,32.14699,1.1863420000000007,1.2986502047781987,8.159718,8.391206,48.321800000000025,89.44999999999712
2025-09-10 08:42:00,30.55556,1.0416660000000002,1.2971948903992017,7.986108,8.535882,50.057799999999986,89.44999999999712
2025-09-10 08:51:00,30.06366,1.1284720000000004,1.3075465812747942,8.188654,8.564812,50.34719999999999,89.44999999999712
2025-09-10 09:57:00,30.06366,1.0995369999999998,1.3045427559709992,8.304394,8.738427,47.16429999999997,89.44999999999712
2025-09-10 10:00:00,30.00578,1.0995369999999998,1.2915134463902056,8.246524,8.651617,50.34729999999999,89.44999999999712
2025-09-10 10:03:00,30.00578,1.0416660000000002,1.2971948903992017,8.101848,8.651622,48.900499999999965,89.44999999999712
2025-09-10 11:57:00,32.58102,1.0995370000000007,1.3045427559709997,7.349534000000001,7.783567,60.76399999999995,89.44999999999712
2025-09-10 12:06:00,31.53935,0.9837959999999999,1.3959504962044866,7.118054,8.043978,58.73840000000001,89.44999999999712
2025-09-10 12:12:00,34.63541,2.054398,1.1413943240805753,8.420139,6.9155109999999995,59.31710000000004,89.44999999999712
2025-09-10 12:36:00,34.11459,1.5625,1.163573812571588,8.217594000000002,7.494214,57.58099999999999,89.44999999999712
2025-09-10 12:51:00,32.58102,1.6203710000000004,1.1872103014692093,8.304394,7.523142999999999,54.97679999999997,89.44999999999712
2025-09-10 13:27:00,30.00578,1.070601,1.3138561327770613,8.246528,8.767357,50.926000000000016,89.44999999999712
2025-09-10 13:30:00,30.00578,1.0995369999999998,1.3431664569555328,8.246523,8.767356,51.21520000000004,89.44999999999712
2025-09-10 13:45:00,30.55556,1.0416660000000002,1.2971948903992017,8.159718,8.709492000000001,50.636499999999984,89.44999999999712
2025-09-10 13:48:00,30.55556,1.070601,1.3010907436872607,8.130788,8.622687,50.636600000000016,89.44999999999712
2025-09-11 08:09:00,49.30555,1.5625,1.3973247828974802,8.709488,8.391208,54.3982,89.44999999999712
2025-09-11 08:12:00,38.88889,0.9259259999999996,1.3241717538576319,8.015048,8.912042,52.08340000000001,89.44999999999712
2025-09-11 08:15:00,37.32639,0.5787039999999992,1.2331183638587342,7.089116,8.767362,56.134299999999996,89.44999999999712
2025-09-11 08:18:00,43.08449,0.4340270000000004,1.2111790907169977,6.423608,8.593751,60.76389999999998,89.44999999999712
2025-09-11 08:21:00,36.86343,0.7233799999999997,1.3168988082284845,7.5520830000000005,8.998843,54.10880000000003,89.44999999999712
2025-09-11 08:24:00,32.11805,1.157407,1.3101121020182989,8.478014000000002,8.796297000000001,47.453700000000026,89.44999999999712
2025-09-11 08:27:00,35.27199,1.1284720000000004,1.3467155280723297,8.391208,8.854166,51.79400000000004,89.44999999999712
2025-09-11 08:33:00,30.55556,1.1284720000000004,1.3467200011605098,8.275458,8.738426,49.76850000000002,89.44999999999712
2025-09-11 08:36:00,31.59722,1.157407,1.323436608104077,8.362268,8.709491,50.05790000000002,89.44999999999712
2025-09-11 08:39:00,31.56828,1.0127309999999996,1.3298733211186065,8.072913,8.767361999999999,52.37269999999998,89.44999999999712
2025-09-11 08:42:00,30.55556,1.157407,1.3498388142386293,8.362269,8.767361999999999,48.90050000000002,89.44999999999712
2025-09-11 08:45:00,31.07639,1.273148,1.3441876893597537,8.449074,8.593746,52.08329999999998,89.44999999999712
2025-09-11 08:51:00,31.59722,1.1284719999999995,1.3075465812747942,8.217592999999999,8.593751000000001,50.347200000000015,89.44999999999712
2025-09-11 08:54:00,31.59722,1.070602,1.3010913131341773,8.188654,8.680551999999999,51.79399999999998,89.44999999999712
2025-09-11 08:57:00,30.06366,1.0995370000000007,1.3174903093930428,8.246524,8.709487,52.08329999999998,89.44999999999712
2025-09-11 09:03:00,30.06366,1.3020839999999998,1.3164950369731578,8.564820000000001,8.593746,50.057800000000015,89.44999999999712
2025-09-11 09:06:00,32.14699,1.4178239999999995,1.359131700235479,8.709495,8.593751000000001,49.18980000000002,89.44999999999712
2025-09-11 09:09:00,30.06366,1.3310180000000003,1.3739630441114368,8.709489999999999,8.796292000000001,50.34719999999999,89.44999999999712
2025-09-11 09:12:00,31.56828,1.359953,1.3743717286933188,8.709489999999999,8.738427,50.057800000000015,89.44999999999712
2025-09-11 09:15:00,30.06366,1.157407,1.3101167205518587,8.304394000000002,8.622687,52.662000000000006,89.44999999999712
2025-09-11 09:18:00,30.55556,1.273148,1.3301808584416286,8.420134000000001,8.535876,50.92590000000001,89.44999999999712
2025-09-11 09:21:00,30.55556,1.1863419999999998,1.3122481225021227,8.275459,8.535877000000001,50.34719999999999,89.44999999999712
2025-09-11 09:36:00,30.06366,1.359953,1.3308077790933406,8.59375,8.535877000000001,47.1643,89.44999999999712
2025-09-11 09:39:00,30.55556,1.4178240000000004,1.3291287138881878,8.651620000000001,8.478006,48.61109999999999,89.44999999999712
2025-09-11 09:42:00,30.55556,1.2152779999999996,1.3276583930916581,8.391200000000001,8.622682000000001,50.05790000000002,89.44999999999712
2025-09-11 09:51:00,30.55556,1.1574080000000002,1.3101126450925018,8.159724,8.478006,50.926000000000016,89.44999999999712
2025-09-11 09:57:00,30.06366,1.273148,1.3160778387042196,8.304393999999998,8.391206,50.05790000000002,89.44999999999712
2025-09-11 10:00:00,31.56828,1.273148,1.3160778387042176,8.362264,8.449076,52.08330000000001,89.44999999999712
2025-09-11 10:03:00,31.59722,1.1284720000000004,1.3075465812747942,8.188654,8.564812,50.34719999999999,89.44999999999712
2025-09-11 10:06:00,35.27199,1.070601,1.2882467336935552,8.130788,8.593747,50.925899999999984,89.44999999999712
2025-09-11 10:09:00,35.27199,1.1284720000000004,1.3337375210839846,8.159718,8.593746,50.63659999999999,89.44999999999712
2025-09-11 10:12:00,32.11805,0.9837959999999999,1.3365802177631168,7.957178000000001,8.738422,52.95140000000001,89.44999999999712
2025-09-11 10:15:00,32.66782,1.0127309999999996,1.292839292642012,7.9282379999999995,8.535877000000001,53.819500000000005,89.44999999999712
2025-09-11 10:54:00,30.06366,1.2442130000000002,1.3291283656967012,8.391204000000002,8.564810999999999,50.92599999999999,89.44999999999712
2025-09-11 10:57:00,30.06366,1.070601,1.2882511849008935,8.217588000000001,8.680557,51.50459999999998,89.44999999999712
2025-09-11 11:03:00,30.55556,1.070602,1.3010913131341773,8.275464,8.767361999999999,50.05789999999999,89.44999999999712
2025-09-11 12:06:00,35.18518,1.475695,1.21317349315433,8.130784,7.638889000000001,61.34259999999995,89.44999999999712
2025-09-11 12:09:00,34.63541,1.6782409999999999,1.1919977593274704,8.304394,7.436343000000001,60.47449999999998,89.44999999999712
2025-09-11 12:12:00,32.03125,1.9097220000000004,1.180289505934634,8.535879,7.291667,54.976800000000026,89.44999999999712
2025-09-11 12:18:00,34.14352,1.4756939999999998,1.278402573809368,8.159724,7.78356,57.002200000000016,89.44999999999712
2025-09-11 12:21:00,33.59375,1.73611,1.1958076442936172,8.506949,7.5520890000000005,58.15969999999999,89.44999999999712
2025-09-11 12:30:00,36.19791,1.5335650000000003,1.2384120106670369,8.391204000000002,7.841438999999999,61.921299999999974,89.44999999999712
2025-09-11 12:36:00,30.43982,1.273148,1.3441876893597555,7.986114,8.130786,55.2663,89.44999999999712
2025-09-11 13:06:00,40.94329,1.6203700000000003,1.292838704165866,8.651619,8.043979,66.55090000000001,89.44999999999712
2025-09-11 13:24:00,32.08912,1.3020830000000005,1.4146675947172491,8.854169,9.085646,50.925899999999984,89.44999999999712
2025-09-11 13:33:00,31.07639,1.2731480000000008,1.3581060451845266,8.680554,8.854166,51.215299999999985,89.44999999999712
2025-09-11 13:36:00,30.00578,1.2152780000000005,1.3949124663350474,8.535884,8.912036,50.05789999999999,89.44999999999712
2025-09-11 13:39:00,32.11805,1.070602,1.3642279536898703,8.449074,9.085652,50.05790000000002,89.44999999999712
2025-09-11 13:42:00,31.07639,1.0995369999999998,1.3431664569555333,8.449074,8.969907000000001,50.63659999999999,89.44999999999712
2025-09-11 13:45:00,31.59722,1.070601,1.351735378217635,8.362268,8.969907000000001,50.926000000000016,89.44999999999712
2025-09-11 13:48:00,31.59722,1.1284720000000004,1.3596239479717778,8.362268,8.854166,52.9513,89.44999999999712
2025-09-11 13:51:00,30.55556,1.0416670000000003,1.3471372287339243,8.275464,8.940977,52.95149999999995,89.44999999999712
2025-09-11 14:21:00,31.07639,1.273148,1.3581012515971078,8.564819,8.738420999999999,49.76850000000002,89.44999999999712
2025-09-11 14:24:00,31.56828,1.3020839999999998,1.373152974382495,8.68056,8.825236,52.9513,89.44999999999712
2025-09-11 14:30:00,30.55556,1.157407,1.323436608104077,8.478009,8.825232,50.05789999999999,89.44999999999712
2025-09-11 14:33:00,31.07639,1.1574080000000002,1.323432564885447,8.420144,8.767356,50.926000000000016,89.44999999999712
2025-09-11 14:36:00,31.56828,1.070601,1.3265537153801936,8.275458,8.825227,51.21520000000001,89.44999999999712
2025-09-11 14:39:00,31.59722,1.070602,1.326554292245625,8.217588,8.767356,51.79399999999998,89.44999999999712
2025-09-11 14:42:00,30.55556,1.0416659999999993,1.3097804705546903,8.217592999999999,8.796297000000001,50.057799999999986,89.44999999999712
2025-09-11 14:45:00,30.06366,1.0995369999999998,1.3174903093930423,8.333334,8.796297000000001,51.50460000000004,89.44999999999712
2025-09-16 08:21:00,33.70949,0.9548610000000002,1.365916964236158,8.188659,9.114588000000001,50.347200000000015,89.44999999999712
2025-09-16 08:24:00,33.15972,1.157407,1.3759327499894818,8.420134000000001,8.883097,52.662000000000006,89.49999999999712
2025-09-16 08:27:00,35.76389,1.2442130000000002,1.3566628333489283,8.593754,8.825231,51.79400000000001,89.54999999999711
2025-09-16 08:30:00,36.31366,1.1284720000000004,1.3852218572978827,8.420138,8.969906,51.504699999999985,89.59999999999711
2025-09-16 08:33:00,35.27199,1.0995370000000007,1.3685576715313161,8.449074,9.027777,54.3981,89.6499999999971
2025-09-16 08:36:00,42.56366,0.9259259999999996,1.2888552606043486,7.8703710000000004,8.680555000000002,55.844900000000024,89.6999999999971
2025-09-16 08:39:00,47.77199,0.7233799999999997,1.3168988082284845,7.407405999999999,8.854166,57.00219999999999,89.7499999999971
2025-09-16 08:42:00,40.97222,0.8969909999999999,1.3401816127398773,7.957177999999999,8.969907,56.134299999999996,89.7999999999971
2025-09-16 08:45:00,36.80555,0.9548610000000002,1.3659169642361575,8.072918000000001,8.998847,53.81950000000003,89.8499999999971
2025-09-16 08:48:00,38.36805,0.8680560000000002,1.298427229341059,7.841432,8.825236,57.29170000000002,89.89999999999709
2025-09-16 08:51:00,32.66782,0.9548609999999993,1.3542029467045826,7.986113,8.883102000000001,52.95149999999995,89.94999999999709
2025-09-16 09:18:00,30.06366,1.359954,1.417035361886857,8.7963,8.912036,49.76849999999999,89.94999999999709
2025-09-16 09:24:00,30.00578,1.3020829999999997,1.3731524563498978,8.825235,8.969912,50.057800000000015,89.94999999999709
2025-09-16 09:27:00,30.55556,1.3020829999999997,1.3731524563498991,8.82523,8.969907000000001,50.636600000000016,89.94999999999709
2025-09-16 09:30:00,34.20139,1.186343,1.3658002327417789,8.564814,8.940971000000001,52.37270000000001,89.94999999999709
2025-09-16 09:33:00,33.70949,1.1574080000000002,1.4017351896485915,8.478014,8.998846,53.240699999999975,89.94999999999709
2025-09-16 09:36:00,30.55556,1.0127319999999997,1.366332812168062,8.275464,9.056712000000001,50.63659999999999,89.94999999999709
2025-09-16 09:39:00,32.11805,1.1574080000000002,1.34983936824562,8.449074,8.854166,53.530099999999976,89.94999999999709
2025-09-16 09:42:00,30.06366,1.0127310000000005,1.3420862140257999,8.246528,8.969907,50.925899999999956,89.94999999999709
2025-09-16 10:00:00,31.10532,1.1574080000000002,1.3629215713534226,8.420144,8.854166,51.504699999999985,89.94999999999709
2025-09-16 10:03:00,30.55556,1.0995369999999998,1.3431664569555328,8.391204,8.912037,53.240700000000004,89.99999999999709
2025-09-16 10:06:00,31.07639,1.1284720000000004,1.3724558117589634,8.449078,8.969906,52.37259999999998,90.04999999999708
2025-09-16 10:09:00,32.14699,1.070601,1.3391766160010579,8.391208,8.969907000000001,51.50459999999998,90.09999999999708
2025-09-16 10:12:00,31.59722,1.0995369999999998,1.3431664569555328,8.391204,8.912037,51.50460000000004,90.14999999999708
2025-09-16 10:15:00,33.68055,1.1574080000000002,1.3759333111214485,8.420144,8.883106,55.26619999999997,90.19999999999708
2025-09-16 10:18:00,32.11805,1.1284720000000004,1.385221857297882,8.391204000000002,8.940971999999999,52.95139999999998,90.24999999999707
2025-09-16 10:21:00,32.14699,1.070602,1.3642279536898692,8.333334,8.969912,51.50460000000001,90.29999999999707
2025-09-16 10:24:00,31.56828,1.0416660000000002,1.3222966842929922,8.246528,8.854161999999999,52.66199999999998,90.34999999999707
2025-09-16 10:27:00,32.11805,1.1284720000000004,1.3467155280723297,8.391208,8.854166,50.925899999999984,90.39999999999706
2025-09-16 10:30:00,32.66782,1.0995369999999998,1.3431664569555328,8.391204,8.912037,51.215299999999985,90.44999999999706
2025-09-16 10:33:00,32.66782,1.1284720000000004,1.3467155280723297,8.391208,8.854166,52.37259999999998,90.49999999999706
2025-09-16 10:36:00,31.59722,1.0416660000000002,1.3347539050972468,8.275458,8.912042,53.81949999999998,90.54999999999706
2025-09-16 10:39:00,30.00578,1.0416660000000002,1.347136635134438,8.304398,8.969912,53.819500000000005,90.59999999999705
2025-09-16 10:42:00,30.55556,1.0995369999999998,1.3431664569555333,8.449074,8.969907000000001,52.66199999999998,90.64999999999705
2025-09-16 10:45:00,30.00578,1.1863419999999998,1.365799683496912,8.564819,8.940977,52.08330000000001,90.69999999999705
2025-09-16 10:48:00,30.55556,1.2442130000000002,1.3838495760276541,8.564819,8.854166,50.63659999999999,90.74999999999704
2025-09-16 10:54:00,30.00578,1.2442129999999993,1.3703007633239375,8.622689999999999,8.883107,49.76849999999999,90.74999999999704
2025-09-16 10:57:00,30.55556,1.273148,1.3581060451845253,8.651623999999998,8.825236,51.50460000000001,90.74999999999704
2025-09-16 11:00:00,30.55556,1.157407,1.36292101376888,8.420139,8.854161999999999,49.76859999999999,90.74999999999704
2025-09-16 11:12:00,30.06366,1.157407,1.3366750362608166,8.391204000000002,8.767357,51.21520000000004,90.74999999999704
2025-09-16 11:21:00,30.06366,1.2442130000000002,1.3566628333489283,8.535879,8.767356,49.47910000000002,90.74999999999704
2025-09-16 11:24:00,30.00578,1.157407,1.3629255227133064,8.449074,8.883107,51.21530000000001,90.74999999999704
2025-09-16 11:27:00,31.07639,1.2152780000000005,1.3816258288671766,8.478014000000002,8.825236,50.05789999999999,90.74999999999704
2025-09-16 11:30:00,30.00578,1.1863419999999998,1.365799683496912,8.564819,8.940977,50.925899999999984,90.74999999999704
2025-09-16 11:33:00,31.59722,1.1863419999999998,1.378984741333412,8.622689,9.027777,52.08330000000001,90.74999999999704
2025-09-16 11:36:00,30.55556,1.2152769999999995,1.3276531410686585,8.535884,8.767357,50.057799999999986,90.74999999999704
2025-09-16 12:00:00,35.18518,1.7071760000000005,1.2221983774378085,8.246529,7.378473,57.29169999999999,90.74999999999704
2025-09-16 12:54:00,30.98958,1.273148,1.3993234958537897,8.015044,8.275466,56.134299999999996,90.74999999999704
2025-09-16 13:06:00,30.98958,1.2442130000000002,1.3973210013037471,8.07292,8.391207,56.423599999999965,90.74999999999704
2025-09-16 13:09:00,31.51042,1.4756939999999998,1.4170352529470993,8.564815,8.449071,55.55559999999997,90.74999999999704
2025-09-16 13:21:00,30.52662,1.3020830000000005,1.4009179685562045,8.940969,9.143515999999998,49.18979999999999,90.74999999999704
2025-09-16 13:24:00,32.11805,1.273148,1.4397886984029447,8.998843999999998,9.346066,51.21519999999998,90.79999999999704
2025-09-16 13:27:00,33.68055,1.2442130000000002,1.4240219219282475,8.969909,9.346066,51.21519999999998,90.84999999999704
2025-09-16 13:30:00,33.68055,1.0995369999999998,1.3936783785158942,8.593754,9.230327,54.1088,90.89999999999704
2025-09-16 13:33:00,33.62268,1.0416660000000002,1.3717152304232774,8.420138,9.143522,54.108799999999974,90.94999999999703
2025-09-16 13:36:00,32.60995,1.0416660000000002,1.3717152304232774,8.362268,9.085652,53.81949999999998,90.99999999999703
2025-09-16 13:39:00,31.56828,1.0995369999999998,1.381153155787102,8.449074,9.056717,51.21520000000001,91.04999999999703
2025-09-16 13:42:00,31.56828,1.0995369999999998,1.3685576715313152,8.478014,9.056717,52.08340000000001,91.09999999999702
2025-09-16 13:45:00,31.56828,1.1574080000000002,1.3888720313088645,8.564814,9.056716,53.24070000000003,91.14999999999702
2025-09-16 13:48:00,31.56828,1.0995369999999998,1.381153155787102,8.449074,9.056717,52.662000000000035,91.19999999999702
2025-09-16 13:51:00,32.11805,1.0995369999999998,1.3685576715313152,8.449074,9.027777,49.47909999999999,91.24999999999702
2025-09-16 13:54:00,33.15972,1.0995369999999998,1.3431664569555328,8.420144,8.940977,52.66209999999998,91.29999999999701
2025-09-16 13:57:00,30.52662,1.070602,1.3517359623756335,8.333334,8.940971999999999,51.79400000000004,91.34999999999701
2025-09-16 14:00:00,30.00578,1.0995369999999998,1.3303627339816946,8.333334,8.825227,50.05790000000002,91.39999999999701
2025-09-16 14:03:00,30.00578,1.070601,1.3391809673179178,8.304398,8.883107,51.794099999999986,91.449999999997
2025-09-16 14:09:00,30.55556,1.0995369999999998,1.3303671707349056,8.391204,8.883107,51.21520000000001,91.449999999997
2025-09-16 14:12:00,30.55556,1.157407,1.3629255227133064,8.449074,8.883107,50.05789999999999,91.499999999997
2025-09-16 14:15:00,30.00578,1.0995369999999998,1.3431664569555328,8.391204,8.912037,51.504699999999985,91.549999999997
2025-09-16 14:18:00,32.11805,1.1284720000000004,1.3337375210839846,8.420138,8.854166,51.21520000000001,91.599999999997
2025-09-16 14:21:00,33.13079,1.070601,1.3391766160010579,8.391208,8.969907000000001,49.18979999999999,91.649999999997
2025-09-16 14:24:00,33.15972,1.2152780000000005,1.4081269144178605,8.593754,8.998846,51.79400000000001,91.69999999999699
2025-09-16 14:27:00,33.15972,1.157407,1.3759327499894825,8.506944,8.969907000000001,52.95140000000001,91.74999999999699
2025-09-16 14:30:00,30.98958,1.0416670000000003,1.3594599885689298,8.304394,8.998847,53.24080000000001,91.79999999999698
2025-09-16 14:33:00,33.15972,1.186343,1.3658002327417789,8.449074,8.825230999999999,51.79389999999998,91.84999999999698
2025-09-16 14:36:00,32.66782,1.070602,1.3517359623756335,8.333334,8.940971999999999,51.79400000000001,91.89999999999698
2025-09-16 14:39:00,31.07639,1.1863419999999998,1.3525320820894862,8.564819,8.912037,47.7431,91.94999999999698
2025-09-16 14:45:00,30.55556,1.2152780000000005,1.3412743374634446,8.478014000000002,8.738426,48.900499999999994,91.94999999999698
2025-09-16 14:48:00,30.55556,1.157407,1.3366750362608166,8.449074,8.825227,49.47920000000002,91.94999999999698
2025-09-16 15:00:00,31.07639,1.157407,1.3366750362608166,8.449078,8.825230999999999,49.76850000000002,91.94999999999698
2025-09-16 15:03:00,30.00578,1.070602,1.3517359623756335,8.333334,8.940971999999999,49.189899999999966,91.94999999999698
2025-09-16 15:06:00,31.10532,1.157407,1.3498388142386293,8.478014000000002,8.883107,49.18979999999999,91.94999999999698
2025-09-16 15:09:00,31.56828,1.2152780000000005,1.3548044097496077,8.478014000000002,8.767356,48.900499999999994,91.94999999999698
2025-09-16 15:12:00,30.55556,1.0995369999999998,1.3174903093930423,8.333334,8.796297000000001,50.636600000000016,91.94999999999698
2025-09-16 15:15:00,30.55556,1.1284720000000004,1.3596239479717787,8.333334,8.825232,53.53,91.94999999999698
2025-09-16 15:18:00,32.60995,1.2152780000000005,1.3412743374634446,8.478014000000002,8.738426,52.37269999999998,91.94999999999698
2025-09-16 15:21:00,31.07639,1.1574080000000002,1.323432564885447,8.420144,8.767356,50.05790000000002,91.94999999999698
2025-09-16 15:27:00,31.56828,1.273148,1.3301808584416286,8.478009,8.593751000000001,50.057800000000015,91.94999999999698
2025-09-16 15:30:00,32.11805,1.273148,1.3301808584416286,8.420139,8.535881,50.34729999999999,91.99999999999697
2025-09-16 15:33:00,30.00578,1.1284720000000004,1.3206834365574003,8.246524,8.651622,48.900499999999994,92.04999999999697
2025-09-16 15:36:00,30.55556,1.2152780000000005,1.327658393091659,8.333334,8.564816,50.34730000000002,92.09999999999697
2025-09-16 15:39:00,30.55556,1.157407,1.323436608104076,8.333329,8.680551999999999,50.636499999999984,92.14999999999696
2025-09-16 15:42:00,30.55556,1.157407,1.3498388142386293,8.362264,8.767357,50.92590000000001,92.19999999999696
2025-09-16 15:45:00,30.00578,1.070602,1.326554292245625,8.246524,8.796292000000001,52.37270000000001,92.24999999999696
2025-09-16 15:48:00,31.07639,1.157407,1.3366795984633093,8.362264,8.738427,48.321799999999996,92.29999999999696
2025-09-16 15:51:00,30.06366,1.1863419999999998,1.3391889091175804,8.420139,8.738427,50.636600000000016,92.34999999999695
2025-09-16 15:54:00,30.00578,1.2152769999999995,1.3412784949924421,8.420134000000001,8.680557,50.63659999999999,92.39999999999695
2025-09-16 15:57:00,31.59722,1.2442130000000002,1.3429427314076863,8.391199,8.593746,51.21520000000001,92.44999999999695
2025-09-16 16:00:00,30.06366,1.1284720000000004,1.3467155280723297,8.217594000000002,8.680551999999999,50.347200000000015,92.49999999999694
2025-09-16 17:39:00,32.08912,1.0416669999999995,1.3594557414479482,7.40741,8.101853,57.58099999999996,92.49999999999694
2025-09-16 18:18:00,31.01852,1.7361110000000002,0.9146163615718595,8.50694,7.175928999999999,54.6875,92.49999999999694
2025-09-16 19:24:00,30.98958,1.7071759999999996,0.7694191742750883,5.72917,4.2824040000000005,55.55560000000003,92.49999999999694
2025-09-16 19:33:00,30.49768,1.5335649999999994,0.7460617248035778,5.642359999999999,4.398145,56.423599999999965,92.49999999999694
2025-09-17 08:03:00,34.75116,0.78125,1.3382162983730068,7.581016,8.912036,56.13420000000002,92.49999999999694
2025-09-17 08:12:00,31.10532,1.4178239999999995,1.359131700235479,8.767364999999998,8.651620999999999,49.18979999999999,92.49999999999694
2025-09-17 08:15:00,32.60995,1.1284720000000004,1.3337375210839846,8.275458,8.709486,49.18979999999999,92.49999999999694
2025-09-17 08:18:00,33.70949,1.1284720000000004,1.3596239479717787,8.246528,8.738426,51.21520000000001,92.49999999999694
2025-09-17 08:21:00,33.70949,1.0416659999999993,1.3471366351344383,8.217592999999999,8.883107,54.9769,92.49999999999694
2025-09-17 08:24:00,31.59722,1.0416660000000002,1.3594551442251726,8.246528,8.940971999999999,51.50460000000004,92.49999999999694
2025-09-17 08:27:00,39.95949,0.8391200000000003,1.3462813282378323,7.725695999999999,8.912036,57.87040000000002,92.49999999999694
2025-09-17 08:30:00,35.27199,1.186343,1.41810224238345,8.59375,9.085647,52.951400000000035,92.49999999999694
2025-09-17 08:33:00,33.15972,1.3020830000000005,1.4146675947172491,8.85417,9.085647,52.08340000000001,92.49999999999694
2025-09-17 08:39:00,32.14699,1.157407,1.3629255227133064,8.478009,8.912042,53.24079999999998,92.49999999999694
2025-09-17 08:42:00,33.15972,1.186343,1.378989838452963,8.391204,8.796301,52.08340000000001,92.49999999999694
2025-09-17 08:45:00,33.15972,1.157407,1.388871466659957,8.449074,8.940977,54.10870000000003,92.49999999999694
2025-09-17 08:48:00,34.75116,1.0995369999999998,1.3685576715313148,8.333334,8.912037,51.50459999999998,92.49999999999694
2025-09-17 08:51:00,30.55556,1.3020839999999998,1.3870777688019658,8.738426,8.912032,52.95140000000001,92.49999999999694
2025-09-17 08:54:00,30.06366,1.3888889999999998,1.4033107619349465,8.796295,8.825236,52.08329999999995,92.49999999999694
2025-09-17 08:57:00,30.06366,1.2152769999999995,1.3548085344394154,8.506944,8.796297000000001,51.21520000000004,92.49999999999694
2025-09-17 10:30:00,30.55556,1.3310180000000003,1.3739679404540177,8.680554,8.767365999999999,51.50459999999998,92.49999999999694
2025-09-17 12:18:00,30.43982,2.3726849999999997,1.1952872343979428,8.796294,6.915509,54.108799999999974,92.49999999999694
2025-09-17 12:24:00,37.76041,1.4756939999999998,1.3101155786565792,8.246524,7.928240000000001,64.23610000000002,92.49999999999694
2025-09-17 12:36:00,33.04398,1.851852,1.2004944852439008,8.564819,7.4363470000000005,58.15970000000004,92.49999999999694
2025-09-17 12:42:00,31.51042,1.3310189999999995,1.3165025262881267,8.043980000000001,8.015051,58.15969999999999,92.49999999999694
2025-09-17 12:54:00,36.19791,2.1122680000000003,1.184467457349197,8.622689,7.0891210000000004,62.2106,92.49999999999694
2025-09-17 13:06:00,37.23959,2.054398,1.232168084783203,8.593754,7.2048559999999995,61.921299999999974,92.49999999999694
2025-09-17 13:39:00,32.11805,1.070601,1.3517353782176338,8.304398,8.912037,53.530100000000004,92.49999999999694
2025-09-17 13:57:00,31.07639,1.2442130000000002,1.3566628333489283,8.506949,8.738426,52.66209999999998,92.49999999999694
2025-09-17 14:00:00,32.11805,1.1574080000000002,1.336680148860476,8.304394,8.680556,51.504699999999985,92.49999999999694
2025-09-17 14:03:00,32.66782,1.0416670000000003,1.3097810531026433,8.101854,8.680557,51.215299999999985,92.49999999999694
2025-09-17 14:06:00,31.07639,1.0995369999999998,1.2915134463902065,8.101854,8.506947,49.18980000000002,92.49999999999694
2025-09-18 08:00:00,31.59722,0.7233799999999997,1.254050313061769,7.146985999999999,8.420136,55.844899999999996,92.49999999999694
2025-09-18 08:15:00,31.10532,1.359954,1.3160708141730013,8.564820000000001,8.478006,49.18980000000002,92.49999999999694
2025-09-18 08:18:00,32.14699,1.070601,1.3010907436872607,8.130788,8.622687,52.37269999999998,92.54999999999694
2025-09-18 08:21:00,30.00578,1.1284720000000004,1.3206834365574003,8.246524,8.651622,51.21530000000001,92.59999999999694
2025-09-18 08:24:00,31.59722,1.186343,1.312248657285654,8.333334,8.593751000000001,51.50459999999998,92.64999999999694
2025-09-18 08:27:00,31.59722,1.2152779999999996,1.3548044097496075,8.564820000000001,8.854161999999999,50.347200000000015,92.69999999999693
2025-09-18 08:30:00,33.15972,1.3020829999999997,1.3731524563498991,8.73843,8.883107,50.34729999999996,92.74999999999693
2025-09-18 08:33:00,33.70949,1.3020829999999997,1.3731524563498991,8.73843,8.883107,51.79400000000001,92.79999999999693
2025-09-18 08:36:00,38.91782,1.273148,1.3581012515971078,8.593754,8.767356,51.79400000000001,92.84999999999692
2025-09-18 08:39:00,40.97222,1.2731480000000008,1.3581012515971096,8.535884,8.709485999999998,51.215299999999985,92.89999999999692
2025-09-18 08:42:00,37.87616,1.0127310000000005,1.3542414786119494,8.101848,8.854167,55.555499999999995,92.94999999999692
2025-09-18 08:45:00,39.40972,0.9548610000000002,1.3067948272757444,7.812497,8.593746,53.81939999999997,92.99999999999692
2025-09-18 08:48:00,39.40972,0.78125,1.2515377148694846,7.609952000000001,8.709492000000001,52.37270000000001,93.04999999999691
2025-09-18 08:51:00,48.29282,0.43402799999999964,1.2111800900437277,6.481478999999999,8.651620999999999,63.94669999999999,93.09999999999691
2025-09-18 08:54:00,37.32639,0.6076389999999998,1.2860792968691404,7.233792,8.969903,56.42359999999999,93.14999999999691
2025-09-18 08:57:00,30.00578,0.9548610000000002,1.330613548972559,8.043984,8.883102999999998,53.819500000000005,93.1999999999969
2025-09-18 09:30:00,31.59722,1.3020829999999997,1.330807822582322,8.506944,8.564810999999999,49.18980000000002,93.1999999999969
2025-09-18 09:33:00,32.66782,1.2152780000000005,1.3412790289861973,8.362264,8.622686,50.63659999999999,93.1999999999969
2025-09-18 09:36:00,33.13079,1.157407,1.3366795984633093,8.362264,8.738427,50.63650000000001,93.1999999999969
2025-09-18 09:39:00,33.70949,1.2442130000000002,1.3566628333489283,8.506949,8.738426,50.05789999999999,93.1999999999969
2025-09-18 09:42:00,33.68055,1.0995369999999998,1.3174903093930423,8.304394,8.767357,50.636600000000016,93.1999999999969
2025-09-18 09:45:00,33.68055,1.070602,1.3138611058678014,8.188654,8.709492000000001,52.08330000000001,93.1999999999969
2025-09-18 11:54:00,32.08912,2.7777789999999998,1.1352668713031564,8.535879999999999,6.076390999999999,55.26619999999997,93.1999999999969
2025-09-18 12:00:00,40.36459,1.7650449999999998,1.2070577775862097,8.159724,7.175929,66.26150000000001,93.1999999999969
2025-09-18 12:06:00,36.71875,2.025462,1.177623003413093,8.362264,6.9444420000000004,63.657399999999996,93.1999999999969
2025-09-18 12:15:00,36.71875,1.0416669999999995,1.3839105337213533,7.2338,7.986113,65.68280000000004,93.1999999999969
2025-09-18 12:21:00,38.88889,1.6782410000000008,1.228961938286059,8.188654,7.378473,65.10420000000005,93.1999999999969
2025-09-18 12:33:00,35.64815,1.9675919999999998,1.2011703784529812,8.535879,7.233797000000001,59.31709999999998,93.1999999999969
2025-09-18 13:00:00,36.71875,2.0833329999999997,1.1976661489883347,8.564813999999998,7.089121,60.76389999999998,93.1999999999969
2025-09-18 13:06:00,32.03125,1.4178239999999995,1.313952205607001,8.159724,7.95718,57.870299999999986,93.1999999999969
2025-09-18 13:24:00,33.13079,1.2442130000000002,1.4240219219282464,8.825229,9.201386,52.662000000000035,93.1999999999969
2025-09-18 13:27:00,31.07639,1.1284720000000004,1.423111559897503,8.651619,9.288197,50.057800000000015,93.1999999999969
2025-09-18 13:30:00,30.00578,1.1284720000000004,1.3724602350008737,8.651619,9.172457,51.21530000000001,93.1999999999969
2025-09-18 13:33:00,30.00578,1.070601,1.3391809673179178,8.362268,8.940977,53.530099999999976,93.1999999999969
2025-09-18 13:36:00,31.56828,1.070602,1.3265542922456257,8.188658,8.738426,52.372600000000006,93.1999999999969
2025-09-18 13:39:00,30.00578,0.9837959999999999,1.336584370785202,8.188658,8.969912,52.662000000000035,93.1999999999969
2025-09-18 13:48:00,31.07639,1.1574080000000002,1.3629215713534226,8.420144,8.854166,49.768599999999964,93.1999999999969
2025-09-18 13:51:00,30.00578,1.157407,1.36292101376888,8.391204000000002,8.825227,52.08340000000001,93.1999999999969
2025-09-18 17:30:00,31.01852,2.8935180000000003,1.2009325866340765,8.738423999999998,6.192125999999999,54.3981,93.1999999999969
2025-09-18 17:33:00,35.70602,1.1574079999999993,1.323437154856907,7.378469999999999,7.7256920000000004,65.39359999999999,93.1999999999969
2025-09-19 08:42:00,31.07639,1.070602,1.2492576367937465,7.870367999999999,8.246526,50.636600000000016,93.1999999999969
2025-09-19 08:45:00,33.18866,0.9259260000000005,1.2409316753757211,7.638892,8.333336,50.92590000000001,93.1999999999969
2025-09-19 08:48:00,34.75116,0.868055,1.2523396844033252,7.523152,8.391207,52.95140000000001,93.1999999999969
2025-09-19 12:03:00,32.69676,2.1990739999999995,1.0877364623501162,8.072914,6.30787,57.58109999999999,93.1999999999969
2025-09-19 12:06:00,37.76041,1.938657,1.1692010975538594,7.957179999999999,6.655093,64.52549999999997,93.1999999999969
2025-09-19 12:36:00,33.04398,2.1990739999999995,1.1142244779554369,8.362264,6.62616,57.29169999999999,93.1999999999969
2025-09-19 12:39:00,40.36459,1.765046,1.20705816546177,8.217590000000001,7.2337940000000005,67.99779999999998,93.1999999999969
2025-09-19 12:42:00,40.85648,1.5625,1.2338438182383156,7.957175,7.349535,68.28700000000003,93.1999999999969
2025-09-19 12:45:00,33.59375,0.9837959999999999,1.336584370785202,7.00231,7.783564,60.47459999999995,93.1999999999969
2025-09-19 13:06:00,38.33912,1.6203699999999994,1.2053382962548307,8.072914,7.320604,62.78929999999997,93.1999999999969
2025-09-19 17:12:00,33.62268,1.273148,1.3301808584416286,7.667820000000001,7.783562000000001,63.946799999999996,93.1999999999969
2025-09-19 17:27:00,31.53935,1.273148,1.1379835032418448,6.9155050000000005,6.655097,58.73840000000001,93.1999999999969
2025-10-10 08:09:00,31.59722,0.6655099999999994,1.272960963951612,7.233791999999999,8.738422,53.530100000000004,93.1999999999969
2025-10-10 08:27:00,30.06366,1.1574080000000002,1.336680148860476,8.304394,8.680556,51.504699999999985,93.1999999999969
2025-10-10 08:30:00,30.06366,1.1284720000000004,1.3467200011605098,8.217589,8.680557,50.63650000000001,93.1999999999969
2025-10-10 08:36:00,30.06366,1.1863419999999998,1.3257586349747723,8.362269,8.651617,50.925899999999984,93.1999999999969
2025-10-10 08:39:00,33.13079,1.0127310000000005,1.2803628857262244,7.928237,8.506946,49.76850000000002,93.1999999999969
2025-10-10 08:42:00,33.70949,0.9548609999999993,1.3306135489725586,7.899303,8.738422,51.21530000000001,93.1999999999969
2025-10-10 08:45:00,30.06366,1.157407,1.323436608104076,8.333329,8.680551999999999,52.08339999999998,93.1999999999969
2025-10-10 09:33:00,31.59722,1.1863419999999998,1.3122481225021212,8.275463,8.535881,50.925899999999984,93.1999999999969
2025-10-10 09:36:00,30.06366,1.157407,1.3366795984633093,8.304394000000002,8.680557,50.05789999999999,93.1999999999969
2025-10-10 09:48:00,30.06366,1.070602,1.3010913131341773,8.043978,8.535876,50.34719999999999,93.1999999999969
2025-10-10 10:00:00,30.55556,1.070601,1.2882467336935552,8.015048,8.478007,51.79400000000001,93.1999999999969
2025-10-10 11:51:00,36.22685,1.0127309999999996,1.3783681691470229,7.175925,7.986114000000001,61.342600000000004,93.1999999999969
2025-10-10 12:06:00,39.38079,1.649305,1.1617230233043785,8.04398,7.175924999999999,64.8149,93.1999999999969
2025-10-10 12:33:00,35.15625,1.4756939999999998,1.2297225326910084,8.015044,7.55208,60.7638,93.1999999999969
2025-10-10 12:45:00,35.12732,2.0833329999999997,1.1511309007268287,8.449074,6.9155109999999995,57.58099999999996,93.1999999999969
2025-10-10 13:39:00,30.00578,1.186343,1.298646020159884,8.333334,8.564810999999999,48.032399999999996,93.1999999999969
2025-10-10 13:42:00,30.55556,1.1863419999999998,1.3257586349747723,8.478009,8.767357,45.138900000000035,93.1999999999969
2025-10-13 08:18:00,37.32639,1.2442130000000002,1.3703007633239381,8.564814,8.825231,59.60649999999998,93.1999999999969
2025-10-13 08:21:00,32.14699,1.070602,1.3766505529859898,8.275464,8.940971999999999,52.95140000000001,93.2499999999969
2025-10-13 08:24:00,32.60995,0.983797,1.360501330225187,8.130783000000001,8.969906,53.24070000000003,93.2999999999969
2025-10-13 08:27:00,32.66782,0.9548609999999993,1.3542029467045826,8.130787999999999,9.027777,50.926000000000016,93.3499999999969
2025-10-13 08:30:00,31.59722,1.273148,1.4397886984029447,8.91204,9.259262,48.32170000000002,93.3999999999969
2025-10-13 08:33:00,33.70949,1.4467590000000001,1.4029078986500942,9.056715,8.969905999999998,49.47919999999999,93.44999999999689
2025-10-13 08:36:00,35.27199,1.3020829999999997,1.4419268796121962,8.76736,9.056717,52.08340000000001,93.49999999999689
2025-10-13 08:39:00,36.80555,1.1863419999999998,1.378989285674522,8.535879,8.940977,52.08330000000004,93.54999999999688
2025-10-13 08:42:00,36.80555,1.1284720000000004,1.3852218572978827,8.449078,8.998846,51.79399999999998,93.59999999999688
2025-10-13 08:45:00,41.52199,1.186343,1.4051343651265795,8.420144,8.883101,52.662000000000006,93.64999999999688
2025-10-13 08:48:00,36.31366,1.0416660000000002,1.3594551442251726,8.304398,8.998842,50.92590000000001,93.69999999999688
2025-10-13 08:51:00,35.79282,1.1284720000000004,1.4105458683877017,8.506949,9.114587,52.08329999999998,93.74999999999687
2025-10-13 08:54:00,31.59722,1.2442130000000002,1.4107125953639987,8.65162,8.998847,51.79399999999998,93.79999999999687
2025-10-13 08:57:00,30.06366,1.2442130000000002,1.3973210013037471,8.68056,8.998847,49.76850000000002,93.84999999999687
2025-10-13 09:00:00,31.10532,1.3310179999999994,1.4021112640215867,8.825235,8.969907000000001,50.92590000000001,93.89999999999687
2025-10-13 09:21:00,30.55556,1.3020839999999998,1.3870825665644548,8.825230000000001,8.998846,51.21529999999996,93.89999999999687
2025-10-13 09:24:00,31.10532,1.273148,1.4128903096706118,8.680554,8.969906,52.37269999999998,93.94999999999686
2025-10-13 09:27:00,30.06366,1.186343,1.378989838452963,8.59375,8.998847,51.79399999999998,93.99999999999686
2025-10-13 09:30:00,33.15972,1.273148,1.399318792114452,8.651623999999998,8.912036,54.108799999999974,94.04999999999686
2025-10-13 09:33:00,30.55556,1.1284720000000004,1.3979194235579553,8.420139,8.998847,51.79390000000001,94.09999999999685
2025-10-13 09:36:00,33.15972,1.2152780000000005,1.3949170456324205,8.506944,8.883106,52.08329999999998,94.14999999999685
2025-10-13 09:39:00,33.15972,1.1863419999999998,1.392098468546438,8.506949,8.940977,52.08330000000001,94.19999999999685
2025-10-13 09:42:00,33.15972,1.2442130000000002,1.3973210013037471,8.535879,8.854166,54.68749999999997,94.24999999999685
2025-10-13 09:45:00,31.10532,1.0995370000000007,1.368557671531315,8.391204000000002,8.969907,54.976800000000026,94.29999999999684
2025-10-13 09:48:00,30.55556,1.0127319999999997,1.3420868173949922,8.188654,8.912032,53.530100000000004,94.34999999999684
2025-10-13 09:51:00,30.00578,1.1284720000000004,1.3596239479717778,8.362264,8.854161999999999,51.50460000000004,94.39999999999684
2025-10-13 10:03:00,31.10532,1.3888889999999998,1.3888905000379281,8.82523,8.825230999999999,52.66199999999998,94.39999999999684
2025-10-13 10:12:00,30.55556,1.1863419999999998,1.378989285674522,8.506944,8.912042,51.79400000000001,94.39999999999684
2025-10-13 10:15:00,30.06366,1.2152769999999995,1.368255151256863,8.593754,8.912037,51.215299999999985,94.39999999999684
2025-10-13 10:18:00,30.06366,1.2152769999999995,1.3548085344394154,8.593754,8.883107,50.925899999999984,94.39999999999684
2025-10-13 10:21:00,31.10532,1.2152769999999995,1.368255151256863,8.593754,8.912037,52.37270000000001,94.39999999999684
2025-10-13 10:27:00,32.11805,1.273148,1.399323495853791,8.564813999999998,8.825236,51.21520000000001,94.39999999999684
2025-10-13 10:30:00,31.56828,1.157407,1.4017346215135846,8.535884,9.056717,54.10869999999997,94.44999999999683
2025-10-13 10:33:00,31.59722,1.1863419999999998,1.365799683496912,8.506949,8.883107,52.662000000000006,94.49999999999683
2025-10-13 10:36:00,32.11805,1.2442130000000002,1.3973210013037471,8.535879,8.854166,53.530100000000004,94.54999999999683
2025-10-13 10:39:00,34.20139,1.2152769999999995,1.3548038721703577,8.535884,8.825227,52.66209999999998,94.59999999999683
2025-10-13 10:42:00,32.66782,1.2152779999999996,1.3682556923904878,8.535879999999999,8.854161999999999,54.398199999999974,94.64999999999682
2025-10-13 10:45:00,32.11805,1.3020829999999997,1.3870772472725865,8.65162,8.825227,53.530100000000004,94.69999999999682
2025-10-13 10:48:00,33.70949,1.1863419999999998,1.365799683496912,8.391199,8.767357,52.372600000000034,94.74999999999682
2025-10-13 10:51:00,32.66782,1.1284720000000004,1.346720001160509,8.304394000000002,8.767361999999999,52.08329999999998,94.79999999999681
2025-10-13 10:54:00,31.59722,1.157407,1.3366750362608166,8.246529,8.622682000000001,54.97679999999997,94.84999999999681
2025-10-13 11:00:00,30.55556,1.3020829999999997,1.3731524563498978,8.50694,8.651617,53.530100000000004,94.84999999999681
2025-10-13 11:03:00,30.00578,1.2442129999999993,1.3291331549228447,8.449069999999999,8.622687,51.793900000000036,94.84999999999681
2025-10-13 11:21:00,30.06366,1.4178240000000004,1.403308285904576,8.709489999999999,8.680556,50.636600000000016,94.84999999999681
2025-10-13 11:24:00,30.55556,1.2442129999999993,1.3703007633239375,8.478010000000001,8.738427,50.347200000000015,94.84999999999681
2025-10-13 11:27:00,30.55556,1.2442129999999993,1.342942731407687,8.478010000000001,8.680557,52.662000000000006,94.84999999999681
2025-10-13 11:30:00,31.59722,1.3310189999999995,1.3739635548091895,8.564820000000001,8.651620999999999,52.66209999999998,94.84999999999681
2025-10-13 11:33:00,31.07639,1.3020829999999997,1.3450206588328446,8.59375,8.680557,50.057800000000015,94.84999999999681
2025-10-13 12:03:00,38.80209,1.5914349999999997,1.280360138721777,8.217595,7.63889,64.23610000000002,94.84999999999681
2025-10-13 12:12:00,32.03125,2.633102,1.2198076176574504,9.085650000000001,6.886578,56.423599999999965,94.84999999999681
2025-10-13 12:27:00,41.92709,1.649305,1.3391782111332982,8.47801,7.899305,69.73380000000003,94.84999999999681
2025-10-13 12:36:00,30.43982,0.9259260000000005,1.4718553103327767,7.49421,8.767364,57.58090000000004,94.84999999999681
2025-10-13 13:24:00,30.52662,1.273148,1.4128903096706118,8.940969,9.230321,54.10880000000003,94.84999999999681
2025-10-13 13:27:00,31.07639,1.2152780000000005,1.447320383528259,8.767364,9.259256,52.08339999999998,94.89999999999681
2025-10-13 13:30:00,31.56828,1.273148,1.4263764451908982,8.825233999999998,9.143516,52.662000000000035,94.9499999999968
2025-10-13 13:33:00,31.59722,1.1863419999999998,1.4181016791894945,8.593754,9.085652,52.662000000000006,94.9999999999968
2025-10-13 13:36:00,32.60995,1.3020839999999998,1.3870825665644548,8.709489999999999,8.883106,52.08329999999998,95.0499999999968
2025-10-13 13:39:00,31.59722,1.2152769999999995,1.3816252842117873,8.593754,8.940977,53.530099999999976,95.0999999999968
2025-10-13 13:42:00,32.11805,1.2442130000000002,1.3429427314076863,8.420139,8.622686,52.37270000000001,95.1499999999968
2025-10-13 13:45:00,30.55556,1.1863419999999998,1.3391889091175808,8.362269,8.680557,52.95139999999998,95.19999999999679
2025-10-13 13:48:00,31.56828,1.070601,1.3517353782176338,8.130788,8.738427,53.240700000000004,95.24999999999679
2025-10-13 13:51:00,30.00578,1.070601,1.3391809673179178,8.101848,8.680557,50.05789999999999,95.29999999999679
2025-10-13 13:54:00,30.00578,1.1284720000000004,1.3467200011605098,8.101848,8.564816,50.92590000000001,95.34999999999678
2025-10-13 13:57:00,30.55556,1.070602,1.3265542922456257,8.101854,8.651622,53.240699999999975,95.39999999999678
2025-10-13 14:00:00,30.00578,1.157407,1.3498388142386293,8.246524,8.651617,53.81950000000003,95.44999999999678
2025-10-13 14:06:00,31.59722,1.2152769999999995,1.3412784949924421,8.420134000000001,8.680557,49.47920000000002,95.44999999999678
2025-10-13 14:09:00,30.55556,1.1863419999999998,1.3391889091175808,8.362269,8.680557,51.215299999999985,95.44999999999678
2025-10-13 14:12:00,30.55556,1.157407,1.3498388142386293,8.333334,8.738427,50.636600000000016,95.44999999999678
2025-10-13 14:15:00,30.55556,1.0416659999999993,1.334749613568428,8.130783,8.767357,53.24079999999998,95.44999999999678
2025-10-13 14:42:00,30.06366,1.0995369999999998,1.3303671707349056,8.304394,8.796297000000001,50.63659999999999,95.44999999999678
2025-10-13 14:45:00,30.06366,1.1284720000000004,1.3467200011605098,8.362264,8.825232,49.76849999999999,95.44999999999678
2025-10-13 14:48:00,31.07639,1.1574080000000002,1.336680148860476,8.304394,8.680556,48.900499999999965,95.44999999999678
2025-10-13 17:42:00,32.08912,2.2280099999999994,1.199280339011025,8.622689999999999,6.944440000000001,58.44909999999999,95.44999999999678
2025-10-14 08:18:00,36.80555,1.0995369999999998,1.3174903093930423,8.072918000000001,8.535881,49.18980000000002,95.44999999999678
2025-10-14 08:21:00,32.14699,1.0416660000000002,1.3097804705546898,8.130788,8.709492000000001,49.76849999999999,95.49999999999677
2025-10-14 08:24:00,36.80555,0.9837960000000008,1.3124256483961347,7.928242000000001,8.651616,52.37269999999998,95.54999999999677
2025-10-14 08:27:00,35.27199,1.0416670000000003,1.3594599885689298,8.246524,8.940977,53.530100000000004,95.59999999999677
2025-10-14 08:30:00,35.79282,1.3020839999999998,1.359131813819732,8.622689999999999,8.738426,49.189899999999994,95.64999999999677
2025-10-14 08:33:00,37.87616,1.1574080000000002,1.34983936824562,8.478014,8.883106,51.504700000000014,95.69999999999676
2025-10-14 08:36:00,37.87616,1.157407,1.36292101376888,8.391204000000002,8.825227,50.63659999999999,95.74999999999676
2025-10-14 08:39:00,35.79282,1.0416670000000003,1.347132959682182,8.159724,8.825227,49.76850000000002,95.79999999999676
2025-10-14 08:42:00,37.32639,1.1574080000000002,1.3234371548569082,8.391204,8.738426,51.50460000000001,95.84999999999675
2025-10-14 08:45:00,35.27199,1.0416670000000003,1.3471372287339243,8.188654,8.854167,52.08329999999998,95.89999999999675
2025-10-14 08:48:00,34.75116,1.0995369999999998,1.3558989432167232,8.246528000000001,8.796301,51.215299999999985,95.94999999999675
2025-10-14 08:51:00,33.70949,0.9259259999999996,1.3358331051974701,7.986108,8.912042,54.97690000000003,95.99999999999675
2025-10-14 08:54:00,31.10532,0.9548609999999993,1.3659169642361575,8.043982999999999,8.969912,52.37269999999998,96.04999999999674
2025-10-14 09:33:00,31.07639,1.2442130000000002,1.3566628333489283,8.506949,8.738426,48.32169999999999,96.04999999999674
2025-10-14 09:36:00,33.70949,1.2442130000000002,1.3702960655641214,8.506949,8.767356,51.21519999999998,96.04999999999674
2025-10-14 09:39:00,30.06366,1.157407,1.388871466659957,8.420139,8.912042,50.057800000000015,96.04999999999674
2025-10-14 10:24:00,30.55556,1.157407,1.323436608104077,8.362269,8.709492000000001,51.50460000000001,96.04999999999674
2025-10-14 10:27:00,30.55556,1.157407,1.3366795984633093,8.362264,8.738427,48.0325,96.04999999999674
2025-10-14 12:00:00,36.22685,1.9965269999999995,1.1897494374922843,8.304393999999998,6.944447,61.63189999999997,96.04999999999674
2025-10-14 12:33:00,37.76041,2.256945,1.2569163302121986,8.8831,7.233795000000001,63.07879999999997,96.04999999999674
2025-10-14 13:00:00,33.04398,2.3148149999999994,1.227785941564893,8.85417,7.089125,54.3982,96.04999999999674
2025-10-14 13:06:00,30.96065,2.0254629999999993,1.2218816860849548,8.68056,7.320607000000001,52.08330000000001,96.04999999999674
2025-10-14 13:30:00,31.07639,1.1574080000000002,1.3629260802990795,8.449074,8.883106,50.34729999999999,96.04999999999674
2025-10-14 13:42:00,30.00578,1.070602,1.3138611058678014,8.304394,8.825232,51.21530000000001,96.04999999999674
2025-10-14 13:51:00,30.55556,1.1284720000000004,1.3467155280723297,8.304398,8.767356,52.95140000000001,96.04999999999674
2025-10-14 13:54:00,30.00578,1.070601,1.3265537153801936,8.217588000000001,8.767357,51.215299999999985,96.04999999999674
2025-10-14 14:18:00,30.06366,1.157407,1.2967083386986462,8.246528,8.535881,50.05789999999999,96.04999999999674
2025-10-14 14:30:00,30.00578,1.070602,1.3010913131341773,8.275464,8.767361999999999,51.215299999999985,96.04999999999674
2025-10-14 14:51:00,30.06366,1.1863419999999998,1.3122481225021212,8.420139,8.680557,48.900499999999994,96.04999999999674
2025-10-14 15:00:00,30.55556,1.157407,1.2967083386986462,8.333334,8.622687,50.926000000000016,96.04999999999674
2025-10-14 15:30:00,30.06366,1.186343,1.312248657285654,8.391204,8.651620999999999,49.76859999999999,96.04999999999674
2025-10-15 08:12:00,39.93055,1.1284720000000004,1.3852262565731905,8.362264,8.912042,49.47909999999999,96.04999999999674
2025-10-15 08:15:00,30.06366,0.9259250000000003,1.3124545649021435,8.015048,8.883102999999998,48.61110000000002,96.09999999999674
2025-10-15 08:18:00,34.69329,1.0995369999999998,1.3174903093930423,8.188654,8.651617,48.61109999999999,96.14999999999674
2025-10-15 08:21:00,33.68055,1.0416659999999993,1.3223009988876155,8.130783,8.738427,48.900499999999994,96.19999999999673
2025-10-15 08:24:00,33.70949,1.0127309999999996,1.3052515368152344,8.072913,8.709492000000001,51.50459999999998,96.24999999999673
2025-10-15 08:27:00,33.18866,1.157407,1.3366750362608166,8.304398,8.680551000000001,46.875,96.29999999999673
2025-10-15 08:30:00,36.31366,1.0127309999999996,1.3175928056783588,8.072918000000001,8.738427,52.08340000000001,96.34999999999673
2025-10-15 08:33:00,36.80555,0.9548609999999993,1.3067989636260837,8.101848,8.883107,50.636499999999984,96.39999999999672
2025-10-15 08:36:00,41.52199,0.9837960000000008,1.2880251450593787,8.015042000000001,8.680556,55.2663,96.44999999999672
2025-10-15 08:39:00,38.39699,1.0127310000000005,1.3420862140257999,8.159718,8.883097,52.08329999999998,96.49999999999672
2025-10-15 08:42:00,38.39699,1.273148,1.3856689920563647,8.53588,8.767361999999999,49.18979999999999,96.54999999999671
2025-10-15 08:45:00,34.25926,1.1863419999999998,1.365799683496912,8.420134000000001,8.796292000000001,51.793900000000036,96.59999999999671
2025-10-15 08:48:00,30.58449,1.0995369999999998,1.3685576715313148,8.246529,8.825232,50.63659999999999,96.64999999999671
2025-10-15 08:54:00,32.11805,0.983797,1.3245361290860722,7.957173,8.709486,54.6875,96.64999999999671
2025-10-15 09:06:00,30.06366,1.4467590000000001,1.3731504193588513,8.796299999999999,8.651620999999999,50.057800000000015,96.64999999999671
2025-10-15 09:27:00,31.01852,1.4178239999999995,1.359131700235479,8.709495,8.593751000000001,50.92590000000001,96.64999999999671
2025-10-15 09:33:00,31.59722,1.2442130000000002,1.342942731407688,8.362269,8.564816,49.76849999999999,96.64999999999671
2025-10-15 09:36:00,31.59722,1.157407,1.3101121020182989,8.217594000000002,8.535877000000001,51.215299999999985,96.64999999999671
2025-10-15 09:39:00,30.55556,1.1284720000000004,1.3206789108602928,8.159724,8.564812,51.504699999999985,96.64999999999671
2025-10-15 10:18:00,31.10532,1.273148,1.3581012515971078,8.506949,8.680551000000001,49.47920000000002,96.64999999999671
2025-10-15 10:24:00,30.55556,1.2152780000000005,1.3548090720199013,8.449074,8.738426,48.90040000000002,96.64999999999671
2025-10-15 10:27:00,30.55556,1.1284720000000004,1.3337375210839846,8.362264,8.796292000000001,51.50459999999998,96.64999999999671
2025-10-15 11:54:00,33.10185,2.1122680000000003,1.184467457349197,8.47801,6.9444420000000004,54.6875,96.64999999999671
2025-10-15 12:06:00,37.23959,2.0254629999999993,1.1776233510886238,8.478005,7.060182000000001,61.63199999999998,96.64999999999671
2025-10-15 12:21:00,34.63541,1.1284719999999995,1.423111559897502,7.523145,8.159723,63.657399999999996,96.64999999999671
2025-10-15 12:33:00,34.11459,2.546296,1.1938566183969865,8.912035,6.799769,57.00229999999999,96.64999999999671
2025-10-15 12:51:00,31.51042,2.633102,1.1282974965614234,8.94097,6.655088000000001,55.266200000000026,96.64999999999671
2025-10-15 12:54:00,39.32291,2.0254630000000002,1.2434274135886396,8.68056,7.349537000000001,65.10419999999999,96.64999999999671
2025-10-15 13:03:00,37.76041,1.475695,1.278403028173633,8.015049999999999,7.638884999999999,64.81479999999999,96.64999999999671
2025-10-15 13:18:00,30.49768,1.7071759999999996,1.3471313659169424,8.825235,8.159719,52.66199999999998,96.64999999999671
2025-10-15 17:42:00,37.23959,1.4467590000000001,1.200438590489497,7.696759,7.2338000000000005,62.789300000000026,96.64999999999671
2025-10-15 17:45:00,32.08912,0.8969909999999999,1.3966685844587876,6.65509,7.812499,60.47459999999995,96.64999999999671
2025-10-15 17:48:00,38.80209,1.4467590000000001,1.216872129095417,7.725694,7.291664999999999,63.657399999999996,96.64999999999671
2025-10-15 17:57:00,34.63541,1.2442129999999993,1.3566675607007115,7.523145,7.754632000000001,61.63190000000003,96.64999999999671
2025-10-15 18:00:00,36.71875,2.054398,1.1647617243149766,8.391205,6.915507,58.15979999999996,96.64999999999671
2025-10-16 08:03:00,33.15972,1.359953,1.3599524999753647,8.680554,8.680551,47.742999999999995,96.64999999999671
2025-10-16 08:06:00,39.40972,1.359954,1.3599580000144043,8.76736,8.767365999999999,48.321799999999996,96.64999999999671
2025-10-16 08:09:00,40.48032,1.273148,1.3160729468467725,8.420139,8.506941000000001,49.18979999999999,96.64999999999671
2025-10-16 08:12:00,45.68866,1.157407,1.2967083386986462,8.130783,8.420136,49.47920000000002,96.64999999999671
2025-10-16 08:15:00,41.52199,0.6655099999999994,1.2628237008564274,7.1180520000000005,8.593752,54.9769,96.64999999999671
2025-10-16 08:18:00,33.15972,0.868055,1.2869815307152324,7.696762999999999,8.651618,50.63659999999999,96.64999999999671
2025-10-16 08:24:00,33.18866,0.8680560000000002,1.2406811658574648,7.552082,8.391206,49.76849999999999,96.64999999999671
2025-10-16 08:42:00,32.14699,1.3020829999999997,1.3164994968637396,8.420134000000001,8.449071,48.0325,96.64999999999671
2025-10-16 08:45:00,34.17245,1.1863419999999998,1.3257586349747723,8.362269,8.651617,49.18979999999999,96.64999999999671
2025-10-16 08:48:00,30.00578,1.070602,1.3517359623756344,8.101854,8.709492000000001,48.61109999999999,96.64999999999671
2025-10-16 08:51:00,30.06366,1.1284720000000004,1.3467155280723297,8.217594000000002,8.680551999999999,52.08339999999998,96.64999999999671
2025-10-16 11:51:00,31.59722,1.7071750000000003,1.1457331956498626,8.043984000000002,7.060188999999999,54.97679999999997,96.64999999999671
2025-10-16 12:00:00,37.78935,1.9965270000000004,1.189749437492285,8.391200000000001,7.031253,63.657399999999996,96.64999999999671
2025-10-16 12:03:00,40.36459,1.7361109999999993,1.2149002006139815,8.101855,7.175924000000001,66.84030000000001,96.64999999999671
2025-10-16 12:18:00,40.36459,1.3888889999999998,1.3450186366205836,7.9282449999999995,7.841436,67.70830000000001,96.64999999999671
2025-10-16 12:30:00,40.85648,1.7361110000000002,1.1958080340397048,8.217593999999998,7.262732999999999,68.57639999999998,96.64999999999671
2025-10-16 12:39:00,38.25232,1.3888889999999998,1.3001490161370581,7.841438999999999,7.66782,63.65749999999997,96.64999999999671
2025-10-16 12:48:00,30.98958,2.025462,1.1548526096172278,8.564813999999998,7.1180520000000005,57.002399999999966,96.64999999999671
2025-10-16 13:09:00,36.19791,1.3310180000000003,1.3164969930995514,7.957173999999999,7.928235999999999,63.946799999999996,96.64999999999671
2025-10-20 17:39:00,31.01852,2.0833330000000005,1.0514431548142924,8.101848,6.452545,53.81939999999997,96.64999999999671
2025-11-03 09:54:00,37.23959,1.3310180000000003,1.2421937149906974,7.812499000000001,7.638890999999999,61.053300000000036,96.64999999999671
2025-11-03 10:15:00,37.23959,1.359953,1.2251382296533564,7.870368000000001,7.609955,65.97219999999999,96.64999999999671
2025-11-03 10:48:00,37.76041,1.3020839999999998,1.2581788610681375,7.696764,7.60995,68.28709999999995,96.64999999999671
2025-11-03 10:51:00,35.15625,1.0995370000000007,1.330362733981696,7.320604,7.8124970000000005,65.97219999999999,96.64999999999671
2025-11-03 10:57:00,33.10185,1.0127310000000005,1.3298733211186073,7.175924000000001,7.870373,63.657399999999996,96.64999999999671
2025-11-03 11:00:00,32.55209,1.157407,1.2967083386986455,7.436344000000001,7.725697,60.47459999999995,96.64999999999671
