cluster_id,mean_FLA,mean_flowrate,mean_condensing_delta_t,mean_chilled_delta_t,predicted_initial_small_delta_t,predicted_initial_power,cluster_size
1,41.166666666666664,185.73495833333337,2.9583333333333335,5.6499999999999995,0.9494950059183784,584.6446993947105,12
2,47.5,177.79385000000002,2.808333333333334,5.819444444444445,0.9873217538549692,697.7824308238313,36
3,37.05263157894737,176.94322631578947,2.589473684210526,5.163157894736842,0.9263428106139533,518.6174572097327,19
4,42.36363636363637,171.9276,2.618181818181818,5.654545454545455,0.992942963828425,592.5695093887183,11
5,53.23529411764706,240.48201176470587,3.1352941176470592,5.229411764705882,1.1861370625579775,805.6170644780206,17
6,61.37931034482759,247.5135551724138,2.986206896551724,5.068965517241379,1.334259035328331,948.7414860319076,29
7,48.857142857142854,236.45832857142858,3.085714285714286,5.528571428571428,1.062419325759234,746.6817393484579,7
8,45.5,223.32176249999998,3.225,5.2625,1.0397953114032779,657.2254133371986,8
9,59.61538461538461,226.4868230769231,2.93076923076923,5.576923076923078,1.283904404646346,934.4282464546033,13
10,52.38095238095238,227.4305523809524,3.3190476190476192,5.442857142857142,1.119415400592578,780.0086564417428,21
11,57.111111111111114,221.77854444444444,3.261111111111112,5.494444444444444,1.1594164860802876,879.81455153064,18
14,58.72727272727273,220.5387212121212,2.509090909090909,5.066666666666667,1.2081430924513439,911.2802715904736,33
15,52.2,232.56557999999998,2.713333333333333,4.6033333333333335,1.1408856465199353,793.5066448813468,30
17,50.70967741935484,229.8648419354839,2.9645161290322584,4.854838709677419,1.0770716989639781,782.0523323406276,31
19,44.13636363636363,229.6611909090909,3.2590909090909093,5.013636363636364,0.9969379373694857,640.9253252280145,22
20,45.5,236.7824,3.124999999999999,5.165000000000001,1.0469227627859694,660.7824747418067,20
21,41.25,199.0933583333333,2.8333333333333326,5.125000000000001,0.9661542926696096,582.1151724155765,12
23,44.63636363636363,206.96548181818181,3.3363636363636364,5.536363636363637,1.036489871954382,645.0259075547842,11
27,56.30769230769231,220.74430384615383,3.226923076923076,5.065384615384615,1.1502931819826159,865.9637321324749,26
28,59.291666666666664,199.50327916666666,2.7166666666666663,5.375,1.2141538137298244,927.3820867705567,24
29,56.21212121212121,200.38931212121213,3.26060606060606,5.612121212121211,1.150423092957627,869.4974787719893,33
31,36.75,188.1799875,3.2249999999999996,4.8,0.9011479404584495,526.3752350488038,8
32,36.55555555555556,217.30966666666666,3.2444444444444454,4.922222222222222,0.9054205997889981,526.0984827090856,9
33,37.75,209.5775375,3.3625,4.9,0.904967388923705,523.7656000481669,8
34,37.0,215.82853103448278,3.186206896551724,4.53103448275862,0.9061667493411572,536.4003887064194,29
35,38.96296296296296,226.58607407407405,3.2999999999999994,4.5925925925925934,0.9040717575985816,545.3610135562058,27
36,40.310344827586206,227.78975172413791,3.2448275862068963,4.386206896551724,0.9266565339453573,546.2817940583873,29
37,37.34375,229.177528125,3.0531249999999996,4.331250000000001,0.9040717575985816,549.3035479461549,32
38,38.8,211.11111999999997,3.5400000000000005,4.62,0.9057135384758639,529.6502264999438,5
40,33.666666666666664,215.25851666666668,3.366666666666667,4.116666666666666,0.9057135384758639,532.6810775138416,6
41,35.333333333333336,220.91820666666672,3.2066666666666674,4.266666666666667,0.9049912007492206,535.0604996261395,15
42,50.04545454545455,189.03093181818184,1.8909090909090907,4.45,1.0482575129009635,758.2990070407594,22
43,45.5,211.74769,2.57,4.99,1.0003799191614864,643.2342469059038,10
44,44.77777777777778,200.86163333333332,2.5333333333333323,5.233333333333333,1.0377586054720862,645.9188459034294,9
45,41.357142857142854,185.13558214285715,2.114285714285714,3.407142857142857,0.9264892604827388,581.889370654643,28
46,34.0,199.10564545454545,2.8000000000000007,4.39090909090909,0.9088301553258742,529.4238116871139,11
47,35.40625,213.324659375,2.9937499999999995,4.312499999999999,0.9061667493411572,536.8902123719008,32
48,50.083333333333336,320.7176,3.6583333333333337,4.441666666666666,1.2100769644260034,759.4608635948123,12
49,48.785714285714285,317.7744857142857,3.421428571428571,4.357142857142857,1.1670366280686877,741.0085221874072,14
50,40.666666666666664,275.95164444444447,3.4666666666666663,3.8777777777777778,1.0892077945069223,597.777354447355,9
51,42.1875,272.4464625,3.6812499999999995,4.1,1.1152959207635094,601.9315441356352,16
52,41.833333333333336,278.55903333333333,3.2083333333333335,3.9583333333333335,1.1197271166021419,602.4783102415942,12
53,40.2,293.10186000000004,3.34,3.94,1.0941871008271544,548.9795715549894,5
54,45.0,285.5324125,3.4999999999999996,4.275,1.1387618039914795,651.9139264868396,8
55,42.608695652173914,284.9788695652174,4.030434782608695,4.039130434782608,1.1370603066174436,620.8803156501485,23
57,41.583333333333336,297.8105833333333,3.85,3.891666666666666,1.1372457264955362,600.3026940985652,12
58,40.38461538461539,293.6342538461538,3.6769230769230767,3.6076923076923086,1.0941871008271544,548.9795715549894,13
60,44.483870967741936,273.3871,4.022580645161289,4.403225806451613,1.1175783152365761,635.7201496363333,31
63,43.6551724137931,290.0263448275862,4.1000000000000005,4.337931034482759,1.139528120968603,635.2537133052119,29
64,47.333333333333336,291.57408,4.0,4.326666666666667,1.139528120968603,688.8652819840374,15
65,42.95,286.38889499999993,3.9650000000000007,4.484999999999999,1.1370603066174436,621.1392465116452,20
66,50.0,298.2638888888889,3.777777777777777,4.527777777777778,1.2041495426054367,752.5837766923819,18
67,43.714285714285715,288.9880928571429,3.7000000000000006,4.421428571428571,1.139528120968603,636.0631172178618,14
68,44.8421052631579,281.0916210526316,3.810526315789475,4.368421052631579,1.1333266794479677,650.3778711484358,19
69,53.375,289.409725,3.5374999999999996,4.5625,1.268425549454502,806.0109743857638,8
70,55.42857142857143,281.6302714285714,3.3857142857142857,4.8999999999999995,1.2834000758540198,845.8995904459446,7
71,48.6875,278.052675,3.5500000000000007,4.824999999999999,1.1371011188396591,729.0220507594915,16
72,47.925925925925924,265.9422148148148,3.755555555555556,4.88148148148148,1.1018246068262363,705.8312254126957,27
73,51.0,277.55208000000005,3.91,4.995,1.1726029214744673,764.4196685366873,20
74,51.5,283.46355000000005,3.73125,4.9375,1.2043303525816358,767.030148134359,16
75,49.05882352941177,278.18627058823535,3.7588235294117647,5.094117647058823,1.138040869033577,726.9572107025596,17
77,57.0,296.3128428571429,3.857142857142857,5.071428571428571,1.3035792880608605,877.0435682578643,7
78,58.6,301.13426,3.960000000000001,4.7,1.3063697785089359,907.7317848792799,5
79,47.9,292.70833999999996,3.9766666666666675,4.753333333333334,1.161109206248121,709.3314768733522,30
80,51.148148148148145,291.6923888888889,4.103703703703704,4.837037037037037,1.2050966695587593,767.1400044950999,27
81,55.0,297.53086666666667,4.133333333333333,4.6,1.3051051678665406,839.1616263048058,3
82,51.5,293.83681249999995,4.1375,4.550000000000001,1.2108510672612203,767.3365162561687,8
83,56.714285714285715,288.9880928571429,4.3,4.971428571428571,1.2892054469691008,873.0216410226066,14
85,53.27777777777778,279.8289555555556,4.05,5.177777777777777,1.2349639484395079,802.3581598370444,18
87,49.3,281.52778,4.06,5.0200000000000005,1.1491533670250247,726.4717400341099,10
88,49.55140186915888,264.4102640186916,3.288317757009346,4.031308411214954,1.1362173279710743,750.751487228099,214
90,53.851851851851855,247.5780111111111,2.9296296296296296,4.848148148148148,1.177853393130143,835.4761173269093,27
91,48.09701492537314,241.62952686567164,2.4014925373134326,3.82910447761194,1.0308902863698102,734.7730582301052,134
94,54.13559322033898,246.8455745762712,3.3372881355932202,4.569491525423728,1.1577371163608063,830.9579497689407,59
96,52.81818181818182,252.9882090909091,3.318181818181817,4.818181818181818,1.1645519762776544,808.1451915729672,11
97,54.94117647058823,260.0762588235295,3.4529411764705884,5.052941176470589,1.2124505586283372,845.2358681947993,17
99,56.61904761904762,250.54012380952378,3.3190476190476184,5.114285714285714,1.2321036899930968,882.8857540828038,21
100,58.1875,269.17679375,3.3062499999999995,5.03125,1.2607180337496255,898.3208181569438,16
101,57.23809523809524,250.19290238095238,3.564285714285714,4.985714285714285,1.2138454373295613,883.3867913167093,42
102,50.56,244.509264,3.7039999999999997,5.0600000000000005,1.0899934953889059,772.1489304618302,25
103,47.77777777777778,259.9022555555556,3.6555555555555554,4.711111111111112,1.1087933192719956,707.2623113123051,18
104,45.857142857142854,241.38555714285712,3.4,4.742857142857143,1.017491259154443,687.4923323535479,7
105,50.225806451612904,245.4599806451613,3.6,4.7870967741935475,1.0783349060931262,761.522499663496,31
106,45.67857142857143,246.87500714285713,3.460714285714285,4.796428571428572,1.0193266284868239,687.5259011709016,28
109,50.26315789473684,246.2049210526316,3.426315789473684,5.2894736842105265,1.1112268841883821,748.3440367915305,19
110,50.416666666666664,263.8503083333334,3.358333333333333,5.075,1.1273335108389357,746.9026873305686,12
111,50.04545454545455,256.40255909090905,3.572727272727273,5.243181818181818,1.1461535622166459,746.401994226906,44
113,47.0,267.59255,3.3000000000000007,5.550000000000001,1.1670913226959387,693.1526850657087,2
114,56.8,271.9135866666666,3.473333333333334,5.333333333333332,1.2652917943120991,883.0533694256649,15
115,47.0,286.3426,3.3000000000000007,5.3,1.1809092805993096,692.3075076857999,1
116,40.45454545454545,246.41204545454545,3.8727272727272735,4.509090909090909,0.9413411619691252,550.0378177333582,11
117,42.2,255.15625999999997,3.6900000000000013,4.155000000000001,1.0866810813050563,611.029720660771,20
120,37.375,227.61865,3.525,5.05,0.9033256080464227,541.2546347431648,8
121,42.125,241.98492499999998,3.6750000000000003,5.0,0.9974547565001142,605.5361274698424,8
122,36.2,225.9028,3.38,4.62,0.9040717575985816,544.975481157233,5
123,37.285714285714285,240.6415285714286,3.4428571428571426,4.728571428571428,0.9185458331974523,549.3201367092302,7
124,34.0,246.5278,3.1999999999999993,4.8999999999999995,0.9127588170705521,554.5055583100923,1
125,40.41935483870968,224.05913225806455,3.474193548387097,4.490322580645161,0.9293169158065994,543.6314960088736,31
126,38.2,234.46758,3.3800000000000003,4.640000000000001,0.9042884014814363,546.8515225882272,10
127,41.16216216216216,234.8442216216216,3.494594594594595,4.54054054054054,0.9399610424636258,599.1592977430405,37
128,39.35,250.70022500000005,3.47,4.53,0.9295127611020301,549.2083342847363,20
129,42.07142857142857,250.98379999999997,3.5357142857142856,4.449999999999999,1.0198429329489354,610.6910947720679,14
130,40.916666666666664,248.3603416666667,3.641666666666667,4.641666666666667,0.9655086811838914,599.3175894152448,12
131,43.627450980392155,247.34704313725487,3.2784313725490204,4.47843137254902,1.0296889259265019,647.7013876260642,51
132,37.72727272727273,244.98630909090915,3.3636363636363638,4.309090909090909,0.9180778976467772,549.9357390519226,22
133,43.84,267.79166399999997,3.528,4.396,1.1095681980524463,637.8181764815221,25
134,41.92307692307692,264.02244615384615,3.8076923076923075,4.2846153846153845,1.0877537983825991,608.100658074963,26
136,43.59090909090909,261.30575909090913,3.6681818181818184,4.6,1.097061903715059,644.4174788022315,22
138,41.27777777777778,258.0375555555555,3.4166666666666665,4.261111111111111,1.0564995317408414,600.8008091190802,18
140,46.0,273.55323500000003,3.3649999999999998,4.795,1.1175783152365761,676.5524775153131,20
141,44.32142857142857,265.2612464285714,3.4214285714285717,4.607142857142857,1.0977969828031178,644.6880046962627,28
142,45.642857142857146,267.2123,3.539285714285714,4.875000000000001,1.0989546103864143,683.6123521712806,28
143,36.3,265.19677,4.0600000000000005,4.029999999999999,1.0231341553156885,547.7643200684332,10
144,40.76470588235294,253.28158823529412,3.994117647058824,4.3235294117647065,0.964340970648062,598.1329580108618,17
145,41.5,264.7734785714286,4.15,4.1571428571428575,1.0547678669029161,597.3252935534746,14
146,41.3,250.85648,4.25,3.9499999999999993,0.9506512485249256,598.7112889669647,10
147,40.8,253.93518999999998,4.3500000000000005,4.2,0.9506512485249256,598.2081250914508,10
149,40.714285714285715,252.91005714285717,3.607142857142857,4.257142857142857,0.9682203905147472,598.3158375115204,14
150,37.42857142857143,248.57253809523803,3.5809523809523824,3.9666666666666672,0.9281333701794329,549.6899947185698,21
151,38.111111111111114,251.11882222222226,3.855555555555556,3.9444444444444446,0.9301100004222299,548.970169527741,9
152,38.63636363636363,260.92170909090913,3.713636363636364,3.954545454545455,1.0207629627472308,548.5930141678751,22
153,36.0,294.9074,3.3499999999999996,3.3000000000000003,1.0778362773703531,548.9795715549894,2
154,34.5,273.61109999999996,3.2500000000000018,3.1999999999999993,1.0558864716383258,549.7358239669342,2
155,47.0,290.0,2.6399999999999997,3.0,1.1407968544863072,706.7621117823488,5
156,34.875,233.02469583333334,3.3083333333333336,3.983333333333333,0.9033739225825346,545.7380481199099,24
157,42.75,240.43404,3.164999999999999,4.205,1.0132050872558191,636.3116278806118,20
158,37.0,249.65277142857147,3.2142857142857144,4.047619047619049,0.9281333701794329,550.2978197997384,21
159,37.06896551724138,231.03848275862066,2.910344827586206,4.044827586206896,0.9033739225825346,549.3035479461549,29
160,36.708333333333336,231.23071249999998,2.6291666666666664,3.7499999999999996,0.9060373285672516,548.6826110914639,24
161,35.9,230.11574000000002,3.1,3.7099999999999995,0.9040717575985816,549.3035479461549,10
162,36.833333333333336,238.70884444444448,2.583333333333333,3.0999999999999996,0.916331462955521,553.1568817136504,18
163,35.15384615384615,257.23824615384615,3.1384615384615393,3.4230769230769225,1.0206289024815256,554.4616505903607,13
164,36.5,264.84375,3.4250000000000007,3.5874999999999995,1.022531599306486,549.7548907694547,8
165,35.54545454545455,249.91581818181814,3.3727272727272735,3.7818181818181817,0.9281333701794329,549.3770392975568,11
166,39.0,265.05208000000005,3.1799999999999997,3.95,1.022531599306486,552.6068182127597,20
167,38.84615384615385,249.77742307692307,2.869230769230769,3.7615384615384615,0.9307967761641499,553.5434589271059,13
168,39.0,265.1620375,2.98125,3.75625,1.022531599306486,552.6068182127597,16
169,45.333333333333336,200.2644326388889,0.9104166666666667,1.213888888888889,1.0028575343022914,650.3954283570715,144
170,82.75,271.5567,4.5249999999999995,7.675,1.817104328136792,1338.644635916878,4
171,89.85454545454546,261.1426781818182,4.452727272727273,7.418181818181816,1.8010147784865862,1462.9920786123762,55
172,83.6086956521739,272.6549913043478,4.356521739130435,7.069565217391301,1.8290554581706973,1347.2812953162106,23
173,83.0,252.5463,3.7500000000000018,7.750000000000001,1.816095666061615,1319.0301641897638,2
174,79.0,265.16205,3.9000000000000004,7.8500000000000005,1.7900024650559816,1252.0658003638293,2
175,85.33333333333333,270.98763333333335,3.933333333333335,7.3,1.831785547036093,1363.0883363843595,3
176,91.25,276.5914416666667,3.9999999999999987,7.574999999999999,1.89610852221638,1480.7244927408149,12
177,90.0,264.75696666666664,3.849999999999998,7.650000000000001,1.8154153345437782,1455.5573906711527,6
178,83.0,218.6342,5.0,7.8999999999999995,1.6658865614511982,1335.527805490536,1
179,91.0,220.9491,4.899999999999999,7.499999999999999,1.7056577528512167,1483.103572189452,1
181,78.2,219.51389333333336,4.406666666666666,7.366666666666666,1.6740548412414664,1256.2994282900904,15
184,73.5,216.95600000000002,4.65,7.1499999999999995,1.508281257588994,1164.7228867778592,2
186,71.83333333333333,212.62539166666667,4.375,7.224999999999999,1.4775894351362788,1150.6070462713333,12
188,67.0,236.07805714285715,4.457142857142856,7.442857142857143,1.4358360099083474,1054.6601547315831,7
189,81.5,238.7731,4.800000000000001,9.399999999999999,1.6575595744799876,1303.906671096134,2
190,64.0,212.963,3.6999999999999993,8.2,1.4107385146211275,1006.0102189028311,1
191,73.0,231.0185,4.199999999999999,8.8,1.5480540909950504,1165.2654347783955,1
193,46.285714285714285,203.42262857142856,4.1642857142857155,6.278571428571429,1.0271860888011595,683.741168500707,14
194,52.083333333333336,212.75077499999998,3.758333333333334,6.491666666666666,1.1348576283432534,787.9095445493075,24
198,49.75,193.4461625,3.5999999999999996,6.1000000000000005,1.0754616048959595,749.0903217460186,8
199,42.11538461538461,196.44765,3.6230769230769226,5.903846153846155,1.0092437213305783,594.2988747578888,26
201,46.03703703703704,202.00617777777782,3.4814814814814814,6.055555555555555,1.0365030563119255,674.7075938850642,27
202,50.15625,209.26649375000002,3.640625,5.9312499999999995,1.0594836899255529,739.2306776639168,32
203,48.4,208.77777199999997,3.6519999999999997,6.163999999999999,1.0623202908637612,711.6037149334468,25
205,47.611111111111114,212.19134444444444,3.9000000000000004,5.855555555555555,1.0354377571563456,696.816226974805,18
206,49.27272727272727,205.51346363636364,4.1000000000000005,5.909090909090909,1.0235712914362352,724.8793074382893,11
209,44.1875,212.70979375,3.8687500000000004,6.074999999999999,1.0398819897887164,640.8883269327962,16
210,52.80769230769231,225.27600384615386,3.9846153846153856,6.323076923076925,1.1542222210012425,807.1410798376803,26
212,51.476190476190474,236.51897142857138,3.961904761904763,6.152380952380954,1.1168940695880727,760.9909299516271,21
215,50.083333333333336,229.0026916666667,3.883333333333333,5.858333333333333,1.0752120945013859,745.7593969139881,12
216,50.05882352941177,234.62009411764706,3.7882352941176465,6.035294117647059,1.0926515729428452,746.1167901738754,17
218,51.75438596491228,233.9445210526316,3.9350877192982456,6.24561403508772,1.1665247351152648,775.4033486502534,57
220,54.5,221.73255384615388,4.038461538461538,6.334615384615385,1.138101661913307,820.0475144500595,26
221,53.666666666666664,220.64364722222223,4.041666666666667,6.1611111111111105,1.1167266089116499,809.6332694180385,36
222,53.63636363636363,219.61017499999997,3.643181818181817,6.036363636363635,1.1172447752196113,806.4883093281901,44
223,53.45238095238095,217.98391428571426,3.4547619047619054,5.9452380952380945,1.0990407722632487,783.4567935909616,42
224,53.54716981132076,217.95510377358488,3.8603773584905663,5.975471698113207,1.1037182291223453,803.3870868985994,53
225,53.285714285714285,219.9570238095238,3.6999999999999993,5.780952380952381,1.1000274391158855,786.5959626213488,21
226,48.15384615384615,218.8212384615385,3.738461538461539,5.815384615384617,1.0360211172676905,700.4261128708055,13
227,53.93150684931507,229.77231506849316,3.7575342465753425,6.361643835616437,1.1896995650791071,830.3819621281975,73
228,58.92307692307692,221.61457884615385,3.853846153846154,6.303846153846154,1.2282983598030415,923.2111508462336,52
229,55.53448275862069,221.72533448275863,3.7310344827586204,6.222413793103449,1.1688604091794346,865.4447240135991,58
231,54.0,238.32946666666666,3.600000000000001,6.483333333333333,1.2128154445246966,830.8996209113022,6
232,51.85,229.18980499999998,3.5450000000000004,6.22,1.1661516440200344,774.7359730330451,20
233,41.125,163.7586875,3.1249999999999996,5.9375,0.9339312857454798,586.4635958840383,8
234,41.25,188.20410000000004,3.5416666666666674,6.0249999999999995,0.954156550698647,588.1416866125517,12
235,50.666666666666664,186.72356249999999,3.2458333333333336,6.662499999999999,1.0502539416957983,761.7006517468221,24
236,59.5625,176.45399375000002,3.00625,6.54375,1.2702182855149908,937.5542703554565,16
237,48.8,176.1111,2.9799999999999995,6.540000000000001,1.0006554050717944,738.8987208514603,5
238,45.733333333333334,194.59104,3.453333333333333,6.466666666666668,1.0371108575275652,687.6413471746872,15
239,41.0,197.2222,3.400000000000002,6.799999999999999,0.9796093487766987,605.652050819251,1
240,41.285714285714285,186.40871428571427,3.3285714285714283,6.314285714285714,0.9354750011494876,597.343015086592,7
241,43.76923076923077,187.64022884615386,3.25,6.188461538461539,0.9912104233807453,642.1038867202573,52
242,46.80952380952381,194.4995523809524,3.1476190476190475,6.242857142857143,1.042331682107151,691.0251723556983,21
243,64.08333333333333,220.49094166666666,3.1749999999999994,5.983333333333333,1.3821497733105241,1005.8096626563932,24
244,56.96969696969697,212.08612727272728,3.239393939393939,6.115151515151515,1.1783724726945346,885.5243213706344,33
245,59.83783783783784,206.4939945945946,3.1027027027027034,6.245945945945945,1.3108289897654304,945.6950556601715,37
246,50.310344827586206,201.27315517241377,3.0999999999999988,5.910344827586206,1.064956584722001,757.428414961233,29
247,62.44,194.50925999999998,3.216,6.296,1.3447268880870786,977.4910419071748,25
248,59.645161290322584,206.47774193548386,3.3967741935483864,6.2193548387096795,1.2826440111124582,933.9733976841161,31
249,52.25,201.62519583333335,3.2125,6.320833333333333,1.1292783089632903,776.4256860887423,24
250,51.241379310344826,199.9241724137931,3.375862068965518,6.431034482758621,1.0849117146266707,774.7806039473637,29
252,56.15555555555556,206.78240666666667,3.575555555555555,6.346666666666666,1.1617483431868438,888.3635532836444,45
253,57.89795918367347,211.08748571428572,3.3755102040816327,6.318367346938775,1.2009248334589995,914.032209490048,49
255,41.6,189.58334,3.0200000000000005,6.1,1.0017232131850375,598.0041904761969,5
256,54.86666666666667,183.55708666666663,3.0,5.973333333333334,1.14635712492903,832.2049692619693,15
257,50.32142857142857,182.63062857142856,3.1928571428571426,6.25,1.0383905994280864,748.703553608244,28
258,56.455882352941174,201.69696470588238,3.5397058823529406,5.941176470588235,1.120807229593525,855.9390609823034,68
260,54.28947368421053,197.3684289473684,3.4763157894736842,6.126315789473684,1.1112175541860574,811.1492997140333,38
261,46.375,208.072925,3.3249999999999993,6.0875,1.0391823551631745,672.3373405460453,8
262,48.0,207.12962000000002,3.5200000000000005,6.460000000000001,1.0762876677369306,719.1857236153967,5
263,44.666666666666664,202.1026416666667,3.5749999999999997,6.1916666666666655,1.039083933978913,661.5641413055229,12
264,41.2,210.20833000000002,3.37,5.529999999999999,0.9767402730473519,578.2151326222541,10
265,42.63636363636363,196.43308181818182,3.527272727272728,5.654545454545455,1.0349820556430576,613.3947737875304,11
266,40.0,207.38914210526315,3.5052631578947366,5.205263157894738,0.9633455835049157,524.3183504997934,19
267,41.63333333333333,216.36187666666666,3.716666666666667,5.136666666666667,1.0098443025336743,594.7152033671965,30
268,45.92857142857143,226.43023571428571,3.5642857142857145,5.1642857142857155,1.0340650729703915,685.0063502813907,14
269,42.95,221.79976500000004,3.65,5.410000000000002,1.035915866170828,616.7153901177114,20
270,46.68,226.65277999999998,3.4760000000000004,5.604,1.039139571070596,693.668316745641,25
271,44.83870967741935,232.40367419354843,3.5322580645161294,5.43225806451613,1.0369781974331191,658.935972747402,31
272,45.166666666666664,194.77239166666664,2.9583333333333335,5.6499999999999995,1.0367966968614049,651.0183937630202,12
273,37.75,193.72108749999998,3.2125000000000004,5.5875,0.9417377919010138,530.5179295503251,8
274,46.51282051282051,210.15551282051283,3.32051282051282,5.797435897435897,1.0375084259566363,678.4028031010241,39
276,46.833333333333336,217.42863333333335,3.4,5.4750000000000005,1.0364083231633388,681.9728741246012,12
277,56.1,211.7014,3.0399999999999996,5.38,1.1569104174105382,866.1668994653782,10
278,45.44,208.013896,3.208,5.58,1.0367966968614049,642.5693386525824,25
279,51.0,207.68095454545454,2.8363636363636364,5.790909090909091,1.0804750763501292,758.3763000505996,11
280,46.666666666666664,222.3379666666667,3.0333333333333337,6.033333333333334,1.043784324665187,701.6863113934456,3
281,36.0,228.2408,2.8999999999999986,6.1000000000000005,0.9485618436315785,539.7321180651784,1
282,47.62068965517241,211.53814827586206,3.324137931034482,6.427586206896551,1.0770469769216906,707.4856788975453,29
284,51.0,232.13140769230768,3.238461538461539,6.061538461538461,1.110210080823337,753.4910850327682,13
285,48.53846153846154,218.2514307692308,3.1000000000000005,6.200000000000001,1.0696439935093576,721.0558359607618,13
286,52.4,185.38194000000001,2.7200000000000006,6.82,1.1037745356930353,772.6696179726279,10
287,54.666666666666664,206.13426666666663,2.855555555555555,6.944444444444445,1.1928039497463583,843.6368169634508,9
288,61.54545454545455,203.2197,2.5909090909090913,6.554545454545454,1.3487144622501241,975.7467229270673,11
289,52.0,182.48456666666667,2.9333333333333336,7.333333333333333,1.1032403530350656,772.1681832557564,3
290,60.333333333333336,218.75,2.9666666666666672,7.133333333333333,1.3383383552758292,942.1858492971916,3
291,51.0,219.213,2.8000000000000007,7.3999999999999995,1.1375685662492636,754.4467332102779,1
293,42.5,175.2181269230769,3.1346153846153846,6.86153846153846,0.9762595530748173,603.5069850975179,26
294,41.0,211.3426,3.0,6.8999999999999995,1.0168060698122894,593.6117212087355,1
295,49.5,171.99071666666666,3.5333333333333337,6.966666666666666,1.0007256676090128,737.1723723429124,6
296,55.75,193.026625,3.7,6.949999999999999,1.1339915170181893,877.6283602746536,4
298,61.84,193.078704,3.58,6.812,1.3379237469951792,970.4939191538855,25
299,44.0,196.16124166666668,4.091666666666666,6.675000000000001,1.0268291478207412,654.9246814170217,12
300,43.94117647058823,193.9406294117647,3.829411764705883,6.529411764705881,1.0343365239828766,654.6375013700068,17
301,49.333333333333336,193.98148333333333,3.83,6.953333333333334,1.0485237506543503,739.6296456042197,30
302,41.333333333333336,174.18983333333335,4.0,6.866666666666666,0.9328670875213375,606.6387136616256,3
303,61.301886792452834,202.96559056603775,3.8415094339622646,6.3283018867924525,1.2634515271754145,965.9418528169527,53
304,59.40625,194.212959375,3.6937500000000005,6.418749999999999,1.2012835491592517,926.9647342433826,64
305,62.4,200.175924,3.866,6.776,1.2988365137965017,981.4636841816578,50
306,60.6875,192.19474375000001,3.9562500000000007,6.9125,1.255642278556858,958.0160307772828,16
307,58.84,197.62037199999997,3.792000000000001,6.752000000000001,1.1822542560159397,935.1747557092357,25
308,61.25,192.63599375,3.6812499999999995,6.5375000000000005,1.308058359100141,957.0425638502493,16
309,57.59090909090909,188.22074999999998,3.6909090909090905,6.804545454545456,1.1532530001321657,911.823806752316,22
310,49.0,216.2037,3.3499999999999996,6.75,1.077416246356011,730.5850836044671,2
312,46.470588235294116,192.10240588235297,3.405882352941177,6.817647058823529,1.0380042204087367,681.2688275303008,17
314,58.13333333333333,196.00694000000004,3.3666666666666676,6.400000000000001,1.1759013388794348,916.2303702144014,30
317,55.60606060606061,185.9357393939394,3.4545454545454546,6.827272727272728,1.1117946789330702,875.2258166644434,33
319,57.97727272727273,199.61595454545457,3.440909090909092,6.65909090909091,1.1762706083137553,914.3430208898478,44
320,57.47142857142857,197.4967,3.6242857142857132,6.364285714285714,1.1446192404662956,896.7590897079056,70
321,55.7,194.91898400000002,3.4960000000000004,6.5520000000000005,1.1374002163610666,879.4543986100841,50
322,59.1,205.12442500000003,3.6550000000000002,6.6275,1.21419237923036,929.0941661143445,40
323,57.142857142857146,194.56491224489798,3.6795918367346943,6.512244897959184,1.144988509900616,893.1137499578474,49
325,60.09090909090909,210.71126363636367,3.4909090909090903,7.036363636363637,1.3030718399591141,946.7435844910809,11
326,66.27272727272727,193.90782727272727,3.5999999999999996,7.254545454545456,1.4151859975289642,1053.232242840381,11
327,66.57142857142857,233.2837142857143,3.414285714285714,6.842857142857142,1.5061385664967155,1051.1270299816115,7
329,70.53488372093024,231.50570232558138,3.618604651162791,6.823255813953489,1.5675895096371384,1125.252451435674,43
330,71.02127659574468,223.5249234042553,3.6829787234042524,6.9808510638297845,1.5414992971064883,1124.2771364802363,47
331,73.88235294117646,215.3118176470588,3.5941176470588245,6.976470588235294,1.6164179215515044,1182.95912426852,17
332,69.53571428571429,216.69353928571428,3.4357142857142864,6.874999999999999,1.5114842245439615,1109.207419635468,56
333,69.01724137931035,214.95250862068968,3.639655172413793,6.867241379310344,1.4838946279042686,1096.7489992831179,58
334,69.67391304347827,223.40646159420288,3.8724637681159417,6.6949275362318845,1.481701802091652,1111.0273702922038,138
335,66.5,229.25872954545457,3.9272727272727277,6.686363636363637,1.4562891549777655,1038.6613360012566,44
336,65.28571428571429,218.90984761904764,3.77142857142857,6.542857142857142,1.4214077611954037,1027.0807514067212,21
338,65.9047619047619,225.18187142857144,4.0285714285714285,6.409523809523809,1.4064425007418893,1045.554200262441,21
339,58.17777777777778,223.87345333333334,3.9355555555555553,6.566666666666666,1.225134390715076,900.1979990390681,45
340,61.895833333333336,208.10668124999998,3.983333333333334,6.504166666666666,1.3114006504913054,979.2262804618422,48
341,62.41379310344828,214.48055862068964,4.107758620689655,6.558620689655172,1.291631321954511,980.1886344881592,116
342,63.369565217391305,223.5960195652174,3.6739130434782603,6.752173913043477,1.4034243787231555,999.5562656566846,46
343,64.55555555555556,210.1508888888889,3.6370370370370373,6.67037037037037,1.4044037003227405,1027.4623901801883,27
344,56.90909090909091,215.60921363636362,3.7454545454545456,6.659090909090909,1.1659967455065248,897.8205527075517,22
345,55.93333333333333,213.36420333333336,3.5533333333333332,6.649999999999998,1.162061712087806,882.1023860713102,30
346,59.5,234.70293333333333,3.6583333333333337,6.874999999999999,1.2984326131014998,911.6473383188531,12
347,60.23076923076923,219.86289615384615,3.680769230769231,6.934615384615384,1.314759950054265,943.0595196881067,26
348,64.25,226.070625,3.5250000000000012,7.025,1.4313011169839935,1003.0396141760979,4
349,59.1764705882353,232.69334999999998,3.479411764705883,6.605882352941175,1.285126849900502,912.3255683036657,34
350,62.75,221.1901875,3.516666666666667,6.675,1.3945014012018644,990.3599305966111,24
351,60.09756097560975,225.82711707317074,3.6609756097560973,6.5804878048780475,1.3095640882821862,933.5473615240408,41
352,55.22222222222222,205.63273333333333,3.2999999999999994,6.888888888888888,1.1785437665628788,842.168780995929,9
353,65.62068965517241,200.6226172413793,3.16551724137931,6.7172413793103445,1.4184845819966334,1056.4632150702153,29
354,68.70370370370371,206.5457814814815,3.3185185185185184,6.885185185185184,1.4831553380682614,1093.425332650384,27
356,58.0,236.5162,3.3500000000000014,6.65,1.2924391967139748,898.3780135467506,2
357,64.2,232.80094,3.4999999999999987,6.62,1.4370738194318176,996.5418659958603,5
358,60.13725490196079,211.48556470588235,3.364705882352942,6.633333333333333,1.2904657320687045,942.0504292193891,51
360,70.52873563218391,223.78272873563222,3.6517241379310343,6.688505747126438,1.5332672600392474,1120.5008518993345,87
361,67.8529411764706,237.31277352941174,3.6088235294117643,6.626470588235295,1.505391390954917,1053.646216697355,34
362,68.18181818181819,230.6818272727273,3.409090909090909,6.581818181818182,1.5173039903890169,1092.9149760310245,11
364,61.57142857142857,221.26736071428573,3.5214285714285722,6.225000000000001,1.364231987520902,972.7611580880168,28
365,60.80952380952381,218.55985476190477,3.542857142857143,6.423809523809522,1.3414529979680585,957.4366641472532,42
366,63.9,214.70678333333333,3.5400000000000005,6.176666666666666,1.3887702494820056,1012.3145213391786,30
367,61.51063829787234,210.3624936170213,3.514893617021277,6.359574468085104,1.3616918798407471,974.2087022169877,47
368,62.32727272727273,233.98358727272725,3.6254545454545446,6.276363636363637,1.3920020283677104,961.3792829774209,55
369,65.32467532467533,228.2662896103896,3.6155844155844155,6.471428571428571,1.4296721619972235,1018.101537523786,77
370,63.72727272727273,232.28115,3.3840909090909093,6.3,1.435306681143566,999.3407010517652,44
371,62.18604651162791,233.7344,3.544186046511628,6.406976744186046,1.3910722353760607,957.1175821383545,43
372,79.5,211.617475,4.725,6.8,1.6052890515875102,1275.786061842654,8
373,85.36363636363636,210.92172727272728,4.4818181818181815,6.6,1.7215654210926354,1368.3487167343094,11
374,79.90322580645162,204.61095161290328,4.435483870967743,6.725806451612902,1.6708442311425495,1293.8947016987759,31
375,79.4,209.86111666666667,4.23,6.669999999999998,1.6986116457951077,1265.408203119935,30
376,82.93333333333334,205.08873666666665,4.226666666666666,6.496666666666667,1.726672583112185,1326.666749024804,30
377,81.21739130434783,201.12720869565217,4.191304347826087,6.769565217391305,1.6971395707054593,1311.9621365621695,23
378,78.22222222222223,198.44393055555554,4.241666666666666,6.661111111111111,1.6526830774074333,1254.2901522321206,36
379,76.1,198.91203000000002,4.13,6.95,1.5580887397225114,1226.3864816144899,10
380,74.33333333333333,204.99228666666667,4.2333333333333325,6.713333333333334,1.5366271202069774,1182.2249895046746,15
381,69.30232558139535,234.5351569767442,4.4220930232558135,6.794186046511629,1.4598259529966529,1096.3559814440512,86
382,70.08974358974359,239.5670179487179,4.4512820512820515,6.665384615384617,1.4723801261781815,1094.2002622660532,78
383,68.68571428571428,230.4976785714286,4.577142857142858,6.581428571428573,1.4309976703410014,1100.2428433278176,70
384,70.14285714285714,241.24729480519488,4.476623376623376,6.453246753246753,1.4692634890330227,1102.0729774775775,77
385,69.59782608695652,244.93005217391308,4.461956521739131,6.544565217391306,1.4762556344963988,1102.1194836152924,92
386,71.5,231.88658333333333,4.816666666666667,6.6499999999999995,1.4458213844784977,1129.8316010658555,6
387,73.06666666666666,236.14968666666664,4.7,6.833333333333334,1.5170433864157762,1159.6825398677788,30
388,73.33333333333333,236.58177333333333,4.586666666666665,6.946666666666667,1.5322375369057872,1164.0017597446833,15
390,74.17142857142858,219.23611428571428,4.465714285714286,7.065714285714284,1.5554947928752572,1188.7692396528869,35
392,70.44067796610169,219.07956949152543,4.3474576271186445,6.954237288135594,1.4300211611037548,1122.4886980432193,59
393,74.6,218.60117999999997,4.294285714285715,6.908571428571429,1.5760483785714596,1209.8752666475702,35
395,67.02083333333333,214.88715520833333,4.195833333333333,7.025000000000001,1.392217360105947,1068.1034273211749,96
396,67.75,219.9616671875,4.4109375,6.7015625000000005,1.384819501816398,1063.8643893620003,64
397,66.50632911392405,218.48336075949368,4.262025316455696,6.715189873417723,1.3822884916004918,1065.632098365406,79
398,72.44,217.287028,4.440000000000001,6.936,1.4770595467834922,1149.437817189157,25
400,67.68867924528301,227.16522641509437,4.269811320754717,6.836792452830188,1.41575675314265,1063.6350841071037,106
401,75.89090909090909,228.18812727272731,3.9600000000000004,7.183636363636367,1.6090428245369697,1226.7756767095514,55
403,75.75641025641026,224.66761025641026,4.043589743589744,6.919230769230767,1.598350660887062,1226.4586927141947,78
404,74.4074074074074,229.21381296296298,3.9370370370370384,6.948148148148147,1.6012524214760955,1186.7894249329581,54
405,74.44871794871794,236.0250512820513,4.050000000000001,6.899999999999998,1.586847980818992,1189.6207668203433,78
408,66.81395348837209,208.4248465116279,4.053488372093024,6.79767441860465,1.407789556360231,1068.1600531526633,43
409,68.2,203.81944833333333,4.141666666666666,7.106666666666668,1.381644601778857,1102.9285279177711,60
410,60.888888888888886,223.43106666666665,4.088888888888888,7.122222222222222,1.3158243767470326,959.3844566797958,9
411,66.54098360655738,224.17843114754098,4.0655737704918025,6.827868852459016,1.4293754872190025,1065.6119931550127,61
412,64.67948717948718,213.99128205128204,4.007692307692307,6.857692307692307,1.3666625759373312,1036.2131333889217,78
413,70.57142857142857,220.033981773399,3.9093596059113307,6.883251231527092,1.5144966871455035,1127.2507512172706,203
416,65.57777777777778,227.2710888888889,3.8733333333333335,6.888888888888889,1.4565607597972692,1040.556846171609,45
417,60.55172413793103,213.46584137931032,3.951724137931034,6.7551724137931055,1.285961799425206,965.1041406124374,29
419,69.51724137931035,218.16331551724136,4.163793103448276,6.749999999999999,1.4278815367451005,1122.1450374015928,58
420,71.15,218.46787624999996,4.13375,6.97625,1.4742178911992032,1134.8632959695003,80
422,65.20547945205479,219.8297178082192,4.2164383561643834,6.7109589041095905,1.3466783082969562,1032.0875484116873,73
423,64.80327868852459,228.74733442622951,4.237704918032787,6.854098360655737,1.3738667297616884,1028.547851463771,61
424,62.333333333333336,218.05556666666666,4.033333333333332,7.533333333333332,1.3035482072681375,975.0657597772429,3
425,64.5,232.13251250000002,4.112500000000001,7.2749999999999995,1.3940256404193256,1004.6918767475902,8
426,62.9375,245.1244125,4.481249999999999,6.99375,1.3795634622544488,975.4763894774168,16
430,63.142857142857146,229.16670000000002,4.342857142857143,7.271428571428572,1.3500535023000932,983.4488779719316,7
431,69.61538461538461,238.86217692307693,4.346153846153846,7.023076923076922,1.5187788828000455,1097.3087083823057,13
432,63.57692307692308,195.2902423076923,4.023076923076923,7.200000000000001,1.3150896860108916,1021.3093423222621,26
433,64.3913043478261,205.54045869565218,4.004347826086955,7.1043478260869595,1.332513872640659,1022.460103065041,46
435,61.65384615384615,206.72854423076927,3.8173076923076925,6.700000000000001,1.3244088789666173,979.642284675718,52
436,63.07692307692308,212.89470256410254,3.8461538461538467,6.861538461538462,1.3487214228340905,1000.6926067694,39
437,62.67045454545455,215.3645840909091,3.948863636363636,6.605681818181819,1.3353640854452802,997.7317451040261,88
438,63.945454545454545,210.60605636363636,3.8600000000000017,6.574545454545455,1.384060343651164,1015.2871827738971,55
440,63.103896103896105,203.5052935064935,4.036363636363636,6.8974025974025945,1.270337019789766,1003.4463042769021,77
441,66.68181818181819,208.30440000000002,4.140909090909091,6.854545454545455,1.4066824366682114,1065.5589927151964,44
442,65.34343434343434,213.54401212121215,4.054545454545455,6.636363636363638,1.3588467035671872,1032.8472871955612,99
444,51.7,202.30325000000002,4.029999999999999,7.029999999999999,1.0915877038675055,787.9850076737869,10
446,60.523809523809526,201.0141142857143,3.8547619047619057,6.985714285714285,1.2643448900565861,960.1367865550246,42
447,61.6,185.09258,3.94,7.0200000000000005,1.2765924310410037,974.6980376571394,5
448,66.25,200.39828676470586,4.019117647058824,7.0102941176470575,1.3649003816898733,1058.0767163116557,68
449,64.57575757575758,197.97629090909092,3.83030303030303,6.872727272727273,1.3694707347569024,1041.6293071701396,33
450,55.5,202.806725,4.424999999999999,6.7250000000000005,1.1132838182356775,846.1405773506881,4
451,53.0,195.13888000000003,4.0,6.4799999999999995,1.0950945363547289,809.3829168220143,5
452,57.666666666666664,209.43562380952383,4.166666666666666,6.409523809523809,1.172828916999221,911.798814171725,21
454,51.857142857142854,222.68518571428572,4.4,6.857142857142857,1.1376526298611735,780.2029487439552,7
455,52.7,228.50694,4.470000000000001,6.58,1.1713081503498808,805.6948754135354,10
456,55.06060606060606,233.1053606060606,4.212121212121212,6.403030303030303,1.2282748424420555,847.3558157891105,33
457,55.25,225.45138500000002,4.140000000000001,6.710000000000001,1.1845948239671527,846.9263276493007,20
458,55.166666666666664,240.58641666666665,4.1000000000000005,6.8,1.2634103549156017,848.5300319889427,6
459,74.95652173913044,192.29065217391306,3.904347826086957,6.639130434782608,1.5483746656706492,1193.2592803167076,23
461,81.0,196.961825,3.774999999999997,6.725,1.7110619118823793,1306.8203999125906,4
462,77.24,200.04861599999995,4.068,6.618000000000002,1.607187111114173,1239.6460162143298,50
464,79.66666666666667,201.04166666666666,3.7999999999999994,6.1000000000000005,1.7185086621172938,1282.0159584601658,3
468,72.6,197.6273175,3.9625,6.4375,1.491909662448726,1163.2039248111544,40
470,57.36708860759494,206.55620253164557,3.696202531645569,6.065822784810127,1.146599526089437,877.1695494284958,79
471,58.17142857142857,217.82408571428573,3.7399999999999993,6.271428571428571,1.2016402350353517,899.8035545676412,35
472,60.44047619047619,215.96395416666664,3.8315476190476194,6.051190476190477,1.2333745162798597,933.5379547471923,168
473,60.578947368421055,211.51924736842108,3.7929824561403507,6.401754385964912,1.3079397763544571,959.5700912268937,57
475,59.54545454545455,220.2178,3.8954545454545464,6.372727272727274,1.2743989218285658,942.2246083010755,22
476,64.03896103896103,212.51803636363638,3.938311688311688,6.271428571428571,1.3830441895736019,1013.766995663251,154
477,61.91891891891892,204.95809189189188,3.6972972972972977,6.481081081081082,1.3495699447507954,973.045802849701,37
478,60.04347826086956,205.73000869565215,3.842028985507247,6.27536231884058,1.239121349399568,940.9535999901613,69
479,58.54545454545455,199.5756121212121,3.8636363636363638,6.533333333333333,1.1781829531760677,932.7859201935917,33
480,67.12121212121212,205.1206606060606,3.6878787878787884,5.851515151515152,1.4199262936662327,1067.350408169091,33
481,69.16666666666667,219.92668333333333,3.708333333333332,5.841666666666668,1.4368220236382214,1103.1998086545484,12
483,71.0,190.16565,3.528125000000001,6.23125,1.4816906009181297,1123.330111878179,32
484,71.80645161290323,201.1611387096774,3.5870967741935487,6.099999999999999,1.502323111285804,1133.7288086437266,31
486,66.65384615384616,228.79273846153848,3.919230769230769,5.588461538461539,1.4307816694973252,1054.2758873561277,26
487,69.61904761904762,225.26454285714286,3.9952380952380944,5.895238095238096,1.4437299032871094,1121.3311212667063,21
488,75.55555555555556,224.42132222222222,4.066666666666666,5.7666666666666675,1.5499144149218635,1204.918076542153,9
489,75.22222222222223,231.40432222222222,4.244444444444444,5.933333333333334,1.530365104372381,1195.8438107139687,9
490,73.21428571428571,238.43419285714282,4.064285714285714,5.9071428571428575,1.5032313671675455,1158.1544738994985,14
491,66.38461538461539,256.03633076923074,3.8076923076923075,6.107692307692308,1.4926908873531195,1037.007584889494,13
493,69.47058823529412,250.73530000000002,4.126470588235294,6.038235294117648,1.4913026612406777,1083.8719091352848,34
494,64.02739726027397,254.29509315068492,4.23972602739726,5.978082191780822,1.3914480310683262,992.3352138268461,73
495,59.47435897435897,248.40782435897438,4.188461538461539,5.678205128205129,1.2711630953598887,907.0447128107868,78
496,64.28947368421052,245.11148157894732,4.018421052631578,6.000000000000001,1.3906824020413868,991.473359572449,38
498,61.88461538461539,234.22809230769232,4.038461538461538,6.019230769230769,1.3114816255950816,965.9829404238911,26
500,63.33898305084746,239.49309322033898,4.18135593220339,6.135593220338982,1.3469706249243056,985.1960069141148,59
501,62.95945945945946,232.0695675675676,4.312162162162162,6.02027027027027,1.309932489490401,986.0626552933588,74
502,64.77777777777777,244.93955555555553,4.1907407407407415,6.092592592592594,1.3685267271576045,1014.4099680670168,54
504,63.68032786885246,222.34839918032785,4.024590163934426,6.081147540983607,1.3382645836089795,1007.2501536468261,122
506,67.61428571428571,232.82738428571426,4.13,6.241428571428571,1.4388268576927727,1063.5556729157154,70
507,64.79452054794521,234.9045589041096,4.027397260273973,6.372602739726027,1.3982067211202478,1029.171237082962,73
508,66.51515151515152,226.50696464646464,4.047474747474748,6.442424242424242,1.436442073168409,1061.1637562399435,99
510,72.23529411764706,248.27748823529413,3.8764705882352946,6.764705882352941,1.6266251878662754,1139.5716443729411,17
511,70.625,255.42535625,3.968749999999999,6.5,1.591277535300274,1115.843272495327,16
512,69.78947368421052,233.51607368421048,3.905263157894736,6.478947368421053,1.527083918584542,1107.7628550633285,19
513,68.14285714285714,240.77381190476189,3.821428571428572,6.542857142857143,1.5333673290237033,1083.1275764324141,42
515,68.46875,234.432859375,3.934375,6.846875,1.5202373445980968,1086.7322295409695,32
516,66.69444444444444,223.82973055555556,3.8444444444444446,6.763888888888889,1.4666129869529847,1064.0274959512503,36
517,65.12121212121212,221.9521696969697,3.660606060606061,6.342424242424243,1.4248107890378108,1026.1310372676169,33
518,64.36619718309859,224.14416901408453,3.829577464788733,6.473239436619719,1.4118775701800523,1000.5733970315337,71
519,66.15,221.30208499999998,3.665,6.734999999999999,1.4528569436093026,1043.7229681078607,20
521,72.77551020408163,213.0480020408163,4.081632653061224,6.222448979591838,1.5131210886639528,1159.8122812939343,49
522,72.6923076923077,201.89636153846152,4.153846153846152,6.323076923076924,1.4904304139931912,1163.306871287157,13
523,76.01694915254237,208.00573559322032,4.186440677966101,6.445762711864406,1.5821802736864667,1211.8518852856118,59
524,73.66666666666667,210.42630833333337,4.358333333333333,6.416666666666667,1.5457935404742016,1171.7659934345374,12
526,61.875,208.8139763888889,4.054166666666666,6.469444444444444,1.291324981735958,982.422684232594,72
527,63.56,215.34260000000003,4.2379999999999995,6.515999999999999,1.311308766930305,1013.3388997081078,50
528,66.35652173913043,220.5676382608696,4.18,6.4921739130434775,1.3774206557819462,1050.220859893736,115
529,64.03846153846153,223.8514923076923,4.184615384615385,6.496153846153846,1.3461420607780537,1009.2298641740571,26
530,64.23255813953489,220.05724573643414,4.075193798449613,6.332558139534883,1.3585793649147422,1014.7016368913595,129
531,61.903225806451616,224.12260645161294,4.203225806451614,6.238709677419355,1.308540943237919,971.1576531900603,31
532,63.527272727272724,226.50673272727275,4.418181818181821,6.305454545454546,1.3392366250147516,1007.68271226977,55
533,66.14925373134328,231.07725373134326,4.367164179104478,6.570149253731344,1.3941877614162559,1045.936571874474,67
534,77.0,223.34105185185183,4.092592592592592,6.0851851851851855,1.6194671435911414,1234.0933104374355,27
535,78.33082706766918,219.2582135338346,4.211278195488721,6.3774436090225555,1.6841802086342899,1249.0626865238555,133
536,74.85,238.258095,4.255000000000002,6.3549999999999995,1.588389345121299,1199.6463962689502,20
537,78.0,236.05967777777778,3.9555555555555535,6.322222222222223,1.7182526864146168,1253.7723919083414,9
538,66.27536231884058,244.2951579710145,4.039130434782608,6.288405797101448,1.453880694788126,1039.4879729664387,69
539,69.52808988764045,249.43690224719106,4.193258426966292,6.43820224719101,1.520910524973835,1097.740238791841,89
540,70.12765957446808,243.50866382978722,4.1127659574468085,6.446808510638298,1.5235269748710247,1097.8642418566137,47
541,72.8,247.49999500000004,4.05,6.56,1.6180604421251366,1156.578273346241,20
542,65.55660377358491,227.04184056603776,4.1386792452830194,6.665094339622643,1.401406466035007,1044.6145510290262,106
544,67.3375,233.95254875,4.12,6.58375,1.460187428123755,1058.5831676963019,80
545,66.9758064516129,228.39941693548386,4.333064516129031,6.369354838709677,1.4155101181529954,1060.6802127986107,124
548,70.20879120879121,233.59279890109886,4.314285714285714,6.568131868131869,1.491326860582549,1112.215758841302,91
549,71.33333333333333,263.6574333333333,3.133333333333333,6.966666666666666,1.6385838573039204,1107.210728828111,3
550,68.0,246.00695000000002,3.3499999999999996,7.200000000000001,1.5531594397086783,1061.5660144363592,2
551,65.0,248.79298571428575,3.1285714285714294,6.885714285714285,1.498547671719847,1010.8774675217942,7
552,50.5,243.5185,3.299999999999999,6.95,1.1746362166651876,744.2511183636086,2
553,62.333333333333336,239.89196666666666,2.9666666666666663,6.866666666666667,1.4361791424463448,959.740516295066,3
555,78.33333333333333,243.09416666666667,3.3666666666666685,7.5,1.7899513370745814,1243.7796840594963,3
556,78.0,229.26587142857142,3.5000000000000004,7.642857142857143,1.7501616958983266,1245.404808294828,7
561,80.03571428571429,233.86657142857143,4.2107142857142845,7.303571428571429,1.7556729264533353,1285.195429626058,28
562,78.32291666666667,229.84181562499998,4.201041666666666,7.073958333333333,1.7019759080546462,1257.373327164729,96
564,79.8,233.00925999999998,4.060000000000001,7.640000000000001,1.7730888027962928,1281.7762914356224,5
565,76.0,236.57405,3.8500000000000014,7.6,1.6626442487999138,1214.522132531936,2
566,78.66666666666667,242.63117777777774,4.055555555555555,7.477777777777778,1.7836397540374749,1264.373581860527,9
567,80.53333333333333,244.62190666666666,3.986666666666666,7.166666666666666,1.8125487687807509,1295.5319316311072,15
569,69.18181818181819,260.21673636363636,4.263636363636365,7.036363636363637,1.5356622131346205,1074.785717885289,11
570,67.54545454545455,247.97980000000004,4.199999999999999,7.027272727272728,1.5041385347472527,1054.3651765009254,11
574,67.5,240.83043749999996,3.995,6.8675000000000015,1.5178793138641822,1055.3712887843321,40
575,70.73913043478261,245.95536304347826,3.9260869565217384,6.692391304347829,1.6152032392005478,1109.6633363993421,92
576,73.05084745762711,247.29676949152542,3.8677966101694916,6.920338983050848,1.6384210324941355,1160.8236016823391,59
578,75.33333333333333,256.7386666666667,3.8500000000000005,6.772222222222222,1.6839036177450957,1200.4525986694207,18
579,80.79166666666667,248.67863333333332,3.920833333333333,6.7375,1.8080498859765015,1299.6574775913405,24
580,76.66666666666667,262.9693962962963,3.9962962962962956,6.812962962962963,1.702141019928231,1238.1110473781198,54
581,76.34146341463415,257.2352048780488,4.102439024390244,6.931707317073171,1.6660236635432601,1223.8596397971367,41
582,68.0,250.26709999999997,3.8999999999999995,6.961538461538462,1.5388877262867677,1062.3030276267752,13
584,75.72727272727273,267.234859090909,4.172727272727272,7.104545454545454,1.6729635150287796,1223.2891131535926,22
585,75.27272727272727,263.6574181818182,3.981818181818183,7.00909090909091,1.662822193100959,1203.4590873432014,11
586,73.42857142857143,272.3049,4.085714285714286,6.885714285714285,1.6667644260933592,1164.5570651504343,7
587,62.714285714285715,240.83994285714283,4.642857142857143,6.114285714285715,1.3353444611165444,978.7369139372822,7
588,64.92307692307692,240.10861538461538,4.6461538461538465,6.3999999999999995,1.3574691069230629,1019.6407289313807,13
589,59.76923076923077,233.87641538461537,4.8076923076923075,6.107692307692308,1.2412859484078038,919.4994593293234,13
590,54.714285714285715,244.56018571428572,4.757142857142857,6.185714285714286,1.2252416562655493,837.38009370186,7
592,59.94285714285714,247.33796,4.574285714285714,6.428571428571429,1.3075072394040612,917.3349361862163,35
593,58.0,232.33023333333335,4.566666666666667,5.733333333333333,1.1892696294911325,895.252508771631,3
594,59.61904761904762,236.1662285714286,4.599999999999999,5.928571428571429,1.2484231920085525,921.9444024607261,21
596,62.642857142857146,250.02481428571426,4.45,6.0928571428571425,1.3507529684161566,969.247820576275,14
597,56.64705882352941,226.79738235294116,4.452941176470588,5.98235294117647,1.1342749001891335,863.7600342524107,17
598,58.483870967741936,235.53614516129036,4.461290322580646,6.40967741935484,1.2478383728677624,891.1812827495984,31
599,64.15625,240.194584375,4.190625000000001,6.540625,1.3905781871542238,998.7465588442618,64
600,62.642857142857146,230.03747619047624,4.069047619047619,6.630952380952381,1.3622033295010878,987.9726075676695,42
601,64.34482758620689,230.57950000000002,4.196551724137931,6.427586206896552,1.3673896635975298,1005.0480500611333,29
602,56.92,239.870366,4.01,6.493999999999999,1.2624003971456912,882.7429663804621,50
603,61.22727272727273,231.51304431818187,3.9806818181818175,6.381818181818181,1.3310077004652145,951.8150746949829,88
604,61.77777777777778,238.34877222222224,4.016666666666667,6.155555555555555,1.3328935186227229,971.2007531428973,36
605,64.6056338028169,243.6538183098591,4.09718309859155,6.3,1.4224038989516627,1017.2648131451866,71
606,67.72222222222223,241.1779814814815,4.068518518518518,6.588888888888891,1.4867099512579722,1055.5676740280398,54
607,68.64044943820225,248.88031011235955,4.0191011235955045,6.550561797752809,1.5263752168921667,1083.0487911559012,89
608,65.0,250.880925,4.208333333333333,6.686111111111112,1.4125185498355726,1013.1381322509246,36
609,63.83018867924528,251.53739245283018,4.084905660377358,6.481132075471697,1.4282401080756804,990.2529772274792,53
610,68.91549295774648,247.77158169014083,4.277464788732393,6.488732394366196,1.4877236105751666,1083.8611153776833,71
612,60.46341463414634,251.59214634146343,4.234146341463414,6.397560975609756,1.3227483015096804,925.1737558803674,41
613,57.77777777777778,245.17746666666667,3.900000000000001,6.311111111111112,1.298097556854648,895.3308831958665,9
614,58.75,255.17939,4.21,6.205,1.2918441799091034,893.5469473118635,20
615,57.333333333333336,242.44469444444445,4.161111111111111,6.083333333333332,1.2290495229602265,868.7461426562804,18
616,54.59090909090909,245.7649363636364,4.195454545454544,6.25909090909091,1.2505430586850501,837.4131396495969,22
618,60.8125,249.09576249999998,4.25625,6.53125,1.3521375716485375,940.4202197080876,16
619,60.523809523809526,240.39903333333336,4.447619047619048,6.704761904761904,1.3357845599919882,936.7681167530363,21
620,58.30434782608695,233.6755260869565,4.321739130434783,6.752173913043479,1.2627571550639134,893.0387734979907,23
622,52.857142857142854,249.57011428571428,4.242857142857143,6.57142857142857,1.2168489785855348,813.2600454212263,7
623,51.25,224.29590000000005,4.291666666666667,6.466666666666666,1.1108001802921095,768.435754199257,12
624,48.07692307692308,213.4036615384615,4.265384615384615,6.092307692307693,1.020256087928876,706.2844439852221,26
625,49.6,213.119215,4.3900000000000015,6.225,1.0648550354295558,747.2081986520163,20
626,55.166666666666664,224.98713888888892,4.022222222222222,5.972222222222222,1.1373001208682336,826.5159115004834,18
627,58.0,223.36033333333333,4.249999999999999,5.916666666666667,1.1671133341468727,888.0105647912819,6
628,59.4,218.64583000000002,4.17,6.1800000000000015,1.1878851529982044,913.1528203808011,10
632,60.27777777777778,230.32407222222224,4.344444444444444,6.327777777777778,1.296647221519961,924.3082422951135,18
633,47.857142857142854,224.78506190476187,4.309523809523808,5.828571428571429,1.0062363643725127,707.4560042226907,21
634,52.0,234.7056714285714,4.228571428571427,5.585714285714286,1.1233906833826228,776.9366762430448,7
635,50.473684210526315,227.19907894736843,4.426315789473685,5.973684210526316,1.05663733574646,746.0334744044228,19
636,48.03225806451613,231.9668419354839,4.480645161290322,5.670967741935482,1.0093399794926068,710.8885259072067,31
638,47.714285714285715,226.4343392857143,4.0,5.689285714285714,1.0344567703646996,710.40736435426,28
641,49.607142857142854,235.6646857142857,4.178571428571429,5.735714285714286,1.0728876371411742,749.5405379243813,28
642,55.27272727272727,247.83249999999998,4.8,6.113636363636362,1.2321748508405768,831.6661345747174,22
643,57.0,260.05015,4.783333333333333,6.016666666666666,1.2300006196911364,863.3550020163594,6
644,58.6,255.27316,4.912000000000001,5.935999999999999,1.2415856409485984,894.1009607733573,25
645,58.06060606060606,256.38678484848487,4.660606060606061,5.86060606060606,1.2437734033049248,880.0661650904452,33
646,50.0,239.64120499999999,4.614999999999999,5.705,1.0729501370193286,749.767271000998,20
647,53.81818181818182,243.86573181818179,4.395454545454545,5.886363636363637,1.1667770468978278,809.4738109264882,44
648,52.16129032258065,229.17413225806456,4.612903225806451,6.132258064516128,1.1278159265883576,769.3343735717006,31
649,53.75,240.90383863636364,4.670454545454546,6.043181818181816,1.1549372019724244,808.149409267958,44
651,56.8,265.50926,4.48,5.684000000000001,1.255543433685959,873.7626135080527,25
652,61.15,254.73958000000002,4.470000000000001,5.775,1.3175336143717975,943.4166815778158,20
653,53.8125,264.64844999999997,4.24375,5.7875000000000005,1.2188056889234278,822.5565784494486,16
654,54.714285714285715,253.3854142857143,4.3,5.964285714285714,1.2301032112104957,832.2538682611857,28
655,57.11764705882353,260.64813529411765,4.482352941176471,5.776470588235294,1.2352626985605126,873.9004947818721,17
656,55.7,253.44907000000003,4.49,5.71,1.2252042620101247,862.7262769261422,10
657,52.714285714285715,264.9801607142857,4.6499999999999995,5.478571428571429,1.180596576077487,799.872408975907,28
658,55.02173913043478,274.4238108695652,4.4586956521739145,5.456521739130435,1.2403506067463215,843.7693868505788,46
659,52.421052631578945,264.6137868421053,4.45,5.484210526315788,1.1816078062987543,781.4320072129112,38
660,61.19230769230769,275.64101923076925,4.515384615384615,5.961538461538462,1.3345184937551342,930.378832541887,26
661,62.6,266.24998,4.4399999999999995,5.680000000000001,1.3780493337628632,971.9448351293449,5
662,62.3,264.93055000000004,4.619999999999999,5.859999999999999,1.3474862708275566,950.2713132812902,10
663,57.2,271.5972,4.539999999999999,5.700000000000001,1.2706577914999608,873.5866631317962,5
664,60.25,252.89351499999998,4.169999999999999,5.855,1.3048618803163132,919.2701729107251,20
665,58.0,258.29375,4.247368421052631,6.071052631578947,1.2577902709014774,877.2838195670527,38
667,57.078947368421055,252.33918157894738,4.455263157894737,5.9868421052631575,1.2331274745604626,865.6583268712047,38
668,53.96,261.680544,4.068,5.916000000000001,1.2119722341903636,814.0915447242437,25
669,54.75,260.0825909090909,4.111363636363636,5.7,1.2389705871503895,838.6920494933663,44
670,54.12903225806452,244.93167096774195,4.196774193548386,5.741935483870969,1.179170258629663,813.6627373899124,62
671,49.2,242.53968285714285,4.351428571428571,5.628571428571429,1.0487282213403537,731.5213633845392,35
672,50.97560975609756,252.45173048780487,4.395121951219512,5.560975609756098,1.123698097596794,758.9864976399401,82
673,54.0625,247.565825,4.825000000000001,5.44375,1.1541865138530163,818.1741777144314,32
674,54.77777777777778,240.31207037037038,4.692592592592593,5.7185185185185174,1.1911431204157816,835.4601298134464,27
675,51.11764705882353,234.21159411764705,4.835294117647059,5.58235294117647,1.0578967669990575,762.5011782278066,17
676,55.04,250.42592000000002,5.212,5.879999999999999,1.1554457093200876,826.7476063965822,25
677,52.785714285714285,237.00394285714282,5.042857142857143,6.035714285714285,1.123786958281166,780.9013777864174,14
678,52.758620689655174,241.27155862068963,4.955172413793104,5.806896551724138,1.128786870662216,784.0542694224541,29
679,54.0,239.38491428571427,5.028571428571427,6.128571428571429,1.1319519967597396,798.3810316965521,7
680,57.22222222222222,246.6821111111111,5.155555555555556,6.2444444444444445,1.183819042855557,858.8448395209999,9
682,52.888888888888886,260.7253111111111,5.133333333333334,5.511111111111111,1.1388659778861223,788.6779267560825,9
683,59.0,254.34026666666662,4.983333333333334,5.6000000000000005,1.2321706232465157,904.5875599969263,6
684,67.33333333333333,237.4614333333333,5.366666666666667,6.366666666666666,1.3775511098076874,1058.108480585999,3
685,67.14285714285714,250.26455714285711,5.042857142857143,6.428571428571429,1.3927955189123358,1057.647629062134,7
687,63.9375,251.056125,4.9375,6.949999999999999,1.3982183570557514,988.5643501821934,16
688,60.06666666666667,258.36419333333333,4.986666666666667,6.693333333333333,1.32859412458943,917.1394650714246,15
690,63.30769230769231,275.75676153846155,4.9692307692307685,6.461538461538463,1.4118023678566323,960.4548991385043,13
691,62.28,277.58795200000003,4.732,6.335999999999999,1.3926205147517159,946.8760077175735,25
692,67.125,277.1556875,5.012499999999999,6.3,1.5271591157424704,1048.2731246047495,8
693,62.44444444444444,271.2191222222222,4.9111111111111105,5.944444444444445,1.337040747197655,948.3986394069261,9
695,59.2,273.70369,4.775,5.885,1.2843331861059,893.3915521619505,20
697,60.63636363636363,272.93245454545456,4.881818181818182,5.627272727272728,1.3207500590126728,934.4004215296195,22
698,63.23529411764706,247.6443411764706,4.888235294117648,5.958823529411765,1.3359548738070368,974.6846020955853,17
699,62.888888888888886,246.95215555555555,4.888888888888889,6.288888888888888,1.3435071121905653,970.8319749860805,9
700,67.6,262.3611,5.2299999999999995,6.31,1.4164333355231435,1054.260177783658,10
701,64.0,254.5138875,5.0625,6.4,1.3894660811333313,989.508247409955,8
704,59.0,269.2606147058824,5.105882352941176,5.835294117647059,1.2258565780788022,895.6897029089862,34
706,48.666666666666664,210.0887333333333,4.9833333333333325,6.533333333333334,1.0182081323472454,738.0649693830976,6
707,46.15,204.66435,4.6,6.1450000000000005,1.0029101332585995,674.7434081141275,20
708,52.095238095238095,219.4940428571429,4.857142857142857,6.147619047619047,1.0869950565990931,763.5739550173372,21
709,64.5,240.104175,4.5,7.05,1.4029529623742538,989.5033085827525,4
710,55.0,239.2361,4.600000000000001,6.9,1.2382633883154717,845.43259199044,1
711,68.8082191780822,237.92016164383563,4.424657534246576,6.9150684931506845,1.460585726395316,1080.2244620471324,73
712,68.94871794871794,242.85226410256408,4.296153846153847,6.693589743589744,1.4968540239015309,1076.157285558524,78
714,65.92857142857143,245.12234285714285,4.507142857142857,6.721428571428571,1.4072658842823471,1036.1013245566717,14
715,67.23762376237623,234.95714158415842,4.401980198019802,6.706930693069308,1.4319200822214226,1061.7321868073548,101
716,73.64285714285714,236.45835000000002,4.471428571428572,6.5357142857142865,1.564087470364362,1180.892055954774,14
717,72.69090909090909,231.45834181818182,4.323636363636364,6.687272727272729,1.5380188027053427,1159.1468087884098,55
720,63.0,220.77257500000005,4.4125,6.5025,1.3030520010264395,990.9721458892675,40
721,61.520833333333336,214.3446125,4.335416666666665,6.587500000000001,1.2778209858270602,977.2690887085394,48
722,65.73913043478261,228.14009565217393,4.6478260869565196,6.582608695652173,1.3515281882169414,1039.5490922652743,23
723,63.724137931034484,219.37658965517244,4.513793103448277,6.762068965517242,1.3266904166432336,1010.4201568866002,29
724,66.0,219.4187333333333,4.744444444444446,6.922222222222222,1.340560479865252,1039.917333707712,9
725,60.25,216.57985000000002,4.925,7.150000000000001,1.220748457265586,934.430320817671,4
726,67.87096774193549,217.68967419354837,4.554838709677419,6.87741935483871,1.3666745294334581,1058.466520565032,31
727,58.0,216.75345,4.6499999999999995,6.95,1.1749985267360097,905.8104600438938,4
728,62.0,226.3889,5.033333333333332,6.833333333333333,1.287268418616337,957.1876195813652,3
729,68.07692307692308,237.27743076923076,4.8999999999999995,6.615384615384615,1.4007489483343782,1088.0607560189865,13
730,57.57142857142857,233.34987142857145,4.828571428571429,7.0,1.2238178528445023,889.9409456656007,7
731,58.54545454545455,235.8586,4.645454545454545,6.7727272727272725,1.2673605621601274,907.8965115986409,11
732,59.8,248.93519,4.68,6.87,1.324736822623558,920.9506582540057,10
734,79.1875,275.66551875,4.243749999999999,6.7625,1.787036719755316,1275.9555021603112,16
736,74.72368421052632,267.840827631579,4.307894736842104,6.53421052631579,1.6649369405777232,1203.2679482113938,76
737,75.82142857142857,262.41319464285715,4.228571428571429,6.839285714285714,1.6703523302621466,1222.4133650093945,56
738,80.375,261.1979208333333,4.366666666666666,6.7124999999999995,1.7937276175725836,1290.5749086885476,24
739,66.0,265.45135,4.2500000000000036,6.75,1.4702836881079895,1032.4376152109412,2
740,68.6,271.57406000000003,4.04,6.640000000000001,1.5771356935434164,1082.6113231582196,5
741,71.88888888888889,265.9679444444444,4.1074074074074085,6.333333333333333,1.5874700786550928,1143.234382412733,27
742,75.66666666666667,280.7484619047619,4.242857142857142,6.204761904761905,1.6741283501861637,1221.169811767498,21
743,74.70833333333333,271.739975,4.379166666666666,6.283333333333332,1.6422401251216001,1204.0899569647763,24
744,74.8,245.68518400000002,4.4319999999999995,6.428000000000001,1.6012061159577822,1193.4284374816866,25
745,75.4186046511628,243.95456511627907,4.553488372093023,6.699999999999999,1.5967110045513258,1199.0227790534382,43
746,73.30666666666667,250.362668,4.530666666666668,6.833333333333332,1.5957208082320022,1162.8976451763779,75
748,79.66666666666667,252.28394333333338,4.420000000000001,6.596666666666665,1.7503024355988486,1281.3194540763923,30
750,83.44117647058823,246.20778823529412,4.126470588235295,6.879411764705882,1.790010571533401,1330.4221629776137,34
751,73.575,252.64757,4.2475,6.7125,1.6303054100908296,1188.1329536339042,40
752,74.22916666666667,245.44993541666668,4.147916666666667,6.76875,1.6223568227433671,1190.6945242537156,48
754,77.525,244.20428,4.097500000000001,6.522500000000001,1.733769827966229,1252.4989707215425,40
755,74.79629629629629,234.99015,4.290740740740741,6.824074074074073,1.597221707912997,1209.0566510842007,54
756,72.37288135593221,236.37594576271184,4.144067796610169,6.844067796610169,1.5406272872658806,1141.6740263907234,59
757,72.9047619047619,244.85228571428573,4.004761904761905,6.977777777777777,1.616832595026597,1171.271405413986,63
758,73.95744680851064,255.2255659574468,4.042553191489362,6.876595744680851,1.642435885988245,1185.0209973910098,47
759,73.51724137931035,250.87005000000002,4.156896551724137,6.813793103448274,1.6388601215567327,1185.5575620421762,58
760,68.51063829787235,244.5257063829787,4.040425531914893,6.608510638297873,1.5219120490671816,1081.6450475709353,47
761,71.07352941176471,245.53546029411766,4.18970588235294,6.673529411764708,1.567416011670384,1109.3662009281989,68
762,79.85,259.74537,4.325000000000001,7.295,1.7860905873837,1278.8564495255368,20
763,80.94736842105263,254.0783447368421,4.447368421052631,7.131578947368421,1.7720271790546933,1301.6254333445752,38
764,76.35714285714286,255.6299535714286,4.532142857142857,7.135714285714285,1.6543557569576706,1223.3575048349746,28
765,79.8048780487805,249.8024,4.18048780487805,7.073170731707317,1.8164665038592782,1280.4453107457211,41
766,77.25581395348837,255.61207209302327,4.130232558139535,6.986046511627906,1.702872480822068,1238.5931212658304,43
767,77.07792207792208,248.0865103896104,4.289610389610388,7.157142857142859,1.6980525509884123,1241.4383093605302,77
768,75.15492957746478,249.57779577464788,4.26338028169014,6.942253521126759,1.638317778968338,1209.191384289154,71
770,72.4090909090909,250.3945727272727,4.356818181818182,6.751515151515152,1.575374299074601,1144.5106019898803,132
771,75.08333333333333,262.90268541666666,4.420833333333333,6.688541666666667,1.6355398073526752,1203.9226952573451,96
772,73.60526315789474,257.2581618421053,4.265789473684211,6.601315789473686,1.619329201503783,1182.5389925739628,76
773,73.29629629629629,249.8914049382716,4.438271604938271,6.577777777777778,1.5829289186556246,1160.2838223327406,81
774,80.10344827586206,261.975174137931,4.548275862068967,6.870689655172413,1.7643348673132808,1291.7132796245276,58
775,74.72463768115942,257.41076086956525,4.547826086956523,6.801449275362319,1.6358898471082872,1202.8223700883293,69
776,79.07692307692308,246.23100512820514,4.397435897435898,6.8923076923076945,1.744054982993239,1275.2008521374357,39
778,76.9,260.62692499999997,4.411666666666666,6.9833333333333325,1.6859538784590902,1238.7673906405653,60
779,85.94117647058823,231.8763470588235,4.723529411764705,6.764705882352941,1.7086495061133204,1399.1786586860783,17
782,84.0,239.1204,4.100000000000001,6.7,1.7733063382445944,1347.812883048801,1
783,81.43478260869566,236.04066304347828,4.639130434782608,6.297826086956523,1.6761873048622926,1294.8651099325944,46
784,82.8,237.19135555555553,4.782222222222223,6.528888888888889,1.6774189160366983,1329.5740803322824,45
785,80.5875,226.0271925,4.55625,6.511250000000001,1.674750057701237,1299.274377145229,80
786,77.93333333333334,216.12912666666668,4.526666666666666,6.533333333333332,1.6682114035952809,1251.0766727299501,45
787,80.97826086956522,235.33615,4.51304347826087,6.426086956521738,1.7148677625677458,1303.430777580761,46
788,80.08955223880596,230.52963880597014,4.338805970149253,6.301492537313432,1.7435389488113482,1283.91765012657,67
789,76.72619047619048,225.28246071428572,4.467857142857143,6.31190476190476,1.6215415380351204,1237.3872001596076,84
790,81.6,264.90740000000005,4.239999999999998,6.040000000000001,1.7715483873550273,1308.4021279280416,5
791,83.66666666666667,253.97376666666665,4.166666666666667,6.266666666666667,1.7766205187416129,1338.206958159904,3
792,74.86666666666666,248.78858666666662,4.293333333333333,5.966666666666667,1.599582997699572,1193.7931637128906,15
793,81.71428571428571,246.16404285714287,4.414285714285714,5.985714285714287,1.7353731888016466,1314.9059723707267,7
794,77.47058823529412,239.16121764705883,4.447058823529412,6.070588235294117,1.59934253513974,1230.9438228613435,17
795,85.5,247.84915,4.4750000000000005,6.333333333333333,1.7518277872974428,1361.712633592568,12
796,86.72093023255815,243.09054186046512,4.702325581395349,6.4441860465116285,1.7087685735397893,1404.804350933624,43
797,85.6,261.57406000000003,4.599999999999999,6.140000000000001,1.747671269453342,1389.8473357671312,5
799,66.72727272727273,261.64422424242423,4.293939393939395,5.754545454545455,1.455697349696336,1049.0717646937094,33
800,71.32142857142857,270.1843607142858,4.4607142857142845,5.846428571428572,1.5415001121037544,1118.568592495808,28
801,71.0,265.5017870967742,4.5129032258064505,6.122580645161291,1.5326742465007452,1116.4614852179168,31
802,66.48780487804878,255.28643333333332,4.504065040650406,5.9991869918699186,1.4032624344786313,1048.014723207611,123
803,66.48484848484848,236.15320454545454,4.58939393939394,6.351515151515152,1.3810382532033323,1042.5516620933747,66
804,70.92307692307692,238.31017692307694,4.661538461538462,6.053846153846154,1.4503901512190291,1121.147845204429,13
805,68.6625,244.55729000000002,4.47625,6.20875,1.4500829555581947,1085.4610270899068,80
806,68.03076923076924,244.46225076923076,4.342307692307692,6.399999999999999,1.4805549254093673,1085.450475503228,130
807,65.37037037037037,246.1312537037037,4.412962962962963,6.162962962962962,1.3798912585153815,1020.3862117202162,54
808,67.25263157894737,246.61549578947373,4.271578947368422,6.271578947368423,1.4557737616551714,1054.9247554602434,95
809,70.6,246.64930999999996,4.36,6.279999999999999,1.5468177129369145,1114.4866484959955,20
810,69.41176470588235,256.0934039215686,4.298039215686274,6.3313725490196076,1.5035069185645376,1089.1732171199424,51
811,72.3913043478261,255.73672282608695,4.441304347826088,6.317391304347824,1.5448893950404452,1141.5057183431616,92
812,69.29285714285714,257.00232,4.692857142857143,6.065000000000001,1.431134517960013,1090.1243116295122,140
813,72.79746835443038,265.4609164556962,4.569620253164559,6.291139240506328,1.5854062494933108,1165.5556526371436,79
814,73.3515625,262.08224765625,4.7578125,6.375,1.5723381313371456,1164.9342365755538,128
815,76.55102040816327,252.75415510204084,4.530612244897959,6.389795918367348,1.6549371036915355,1239.5861899513352,49
816,70.7081081081081,250.25838540540545,4.504324324324324,6.464864864864865,1.520037128312768,1113.5420617905618,185
817,71.13294797687861,252.73897225433527,4.605780346820809,6.3404624277456625,1.5186796935149196,1121.4632175167767,173
818,68.39285714285714,270.4158392857143,4.425,6.4142857142857155,1.5201353489217442,1082.813335929498,28
819,62.61666666666667,272.89352,4.553333333333333,6.185000000000001,1.4015978587215554,972.0654379112259,60
820,63.89655172413793,276.38488965517246,4.441379310344828,6.382758620689657,1.443458911201428,987.7973445444783,29
822,59.88095238095238,263.62434523809526,4.157142857142857,6.280952380952381,1.339060063083366,920.4654538193322,42
823,66.70833333333333,263.2908916666667,4.175,6.3125,1.4737020398726262,1056.1449951844488,24
826,62.36363636363637,260.0904727272727,4.318181818181818,6.081818181818182,1.3453340337326145,945.3082292875122,11
827,60.857142857142854,265.11243809523813,4.340476190476191,5.976190476190476,1.3278061617670347,933.9674471402407,42
828,67.78947368421052,247.52070000000003,4.400000000000001,6.221052631578948,1.4394260632818496,1057.730641760021,19
829,66.22222222222223,255.08615555555556,4.3388888888888895,6.005555555555556,1.4117847487305888,1040.2266772938378,18
833,72.42105263157895,258.8815763157895,4.426315789473685,6.53157894736842,1.5598804082057587,1141.4729141095074,38
834,67.19354838709677,260.6817483870968,4.290322580645161,6.52258064516129,1.4812628930144711,1053.5269569105526,31
837,66.46153846153847,269.80946923076925,4.723076923076922,6.423076923076923,1.488295130188273,1026.448435599488,13
838,71.5,263.1117714285714,4.657142857142857,6.385714285714286,1.5320558874251036,1122.1837429597674,14
839,71.6923076923077,274.58600384615386,4.842307692307693,6.203846153846156,1.5640408717631513,1144.142085962819,26
840,67.71428571428571,275.6613571428571,4.728571428571428,6.2,1.5282774976020048,1048.5498001368383,7
841,71.11111111111111,272.3250944444444,4.594444444444445,6.094444444444445,1.5388722144243412,1115.7237732520573,18
842,71.63636363636364,271.22264545454544,4.581818181818182,6.8,1.6022041304883545,1139.9433276134941,11
843,73.63636363636364,272.08016818181824,4.754545454545454,6.5,1.620421998141552,1179.1281722777842,22
844,74.1875,251.85185625,4.69375,6.40625,1.58070413667958,1180.6547899027375,16
845,68.80952380952381,247.5529095238095,4.619047619047619,6.60952380952381,1.4474752321882194,1084.7757918389434,21
846,71.275,257.583895,4.685,6.669999999999999,1.5395500977703325,1106.7893547691567,40
847,61.09090909090909,265.4198272727273,4.804545454545455,6.463636363636365,1.3432725125875613,930.512025024105,22
848,58.4,268.51274,4.584999999999999,6.484999999999999,1.3187500863215609,895.8246935247897,20
850,60.88235294117647,269.2197705882353,4.5588235294117645,6.176470588235294,1.3574255285795918,934.7269264246123,17
851,62.44444444444444,257.06983055555554,4.552777777777777,6.316666666666666,1.368174137411547,950.2035174426666,36
852,65.85714285714286,264.03770000000003,4.414285714285713,6.571428571428571,1.443479629152171,1037.7258067774023,7
853,61.111111111111114,262.16564444444447,4.466666666666667,6.777777777777778,1.3729031720829497,935.0603603648636,9
855,65.13333333333334,254.59875333333335,4.606666666666668,6.713333333333333,1.424857423844432,1005.4398163285969,15
856,65.27272727272727,277.75672727272735,4.381818181818182,6.427272727272726,1.45119836959409,999.6184188646774,11
857,66.88888888888889,271.7335444444444,4.722222222222222,6.622222222222222,1.5391009603988148,1039.798247837072,9
860,66.18181818181819,276.50463636363634,4.418181818181819,5.609090909090909,1.4849794969004864,1025.1274598754374,11
861,65.5,288.00429761904763,4.538095238095238,5.273809523809524,1.4488750664032881,1005.4861479513879,42
862,59.285714285714285,277.28171428571426,4.457142857142857,5.328571428571428,1.2630761049603056,905.1678810634512,7
863,66.53846153846153,288.7553461538462,4.461538461538463,6.0307692307692315,1.5313211761063918,1036.455914340107,13
864,65.34615384615384,291.19035384615387,4.761538461538461,6.007692307692308,1.4594852135904233,991.9412834884224,26
865,61.833333333333336,290.91433333333333,4.566666666666667,5.841666666666666,1.4057832402751407,947.2060567675835,12
866,68.25,282.002325,4.300000000000001,6.15,1.566900026386463,1089.472076137455,4
867,60.38095238095238,282.57276666666667,4.347619047619047,5.842857142857143,1.3768572690735343,914.6526169625893,21
871,70.39285714285714,272.37516785714286,4.439285714285714,5.882142857142859,1.5223681493652712,1105.6273859619703,28
872,80.3,285.47456,4.399999999999999,5.9799999999999995,1.7683317773023637,1281.029615072064,10
873,75.72727272727273,282.2338045454546,4.436363636363637,6.140909090909091,1.6623431903301578,1221.3469403995887,22
874,70.5,284.51966250000004,4.425000000000001,5.9,1.5653722978465179,1101.7307797876829,8
875,74.73333333333333,295.1234533333334,4.333333333333333,5.8933333333333335,1.6986725323287677,1193.7883385515163,15
876,66.0,288.15590000000003,3.9666666666666663,6.233333333333333,1.5602782325507412,1032.6933112262222,3
877,57.0,283.7963,3.6999999999999993,6.1000000000000005,1.3669413958516305,878.8496841811341,1
878,71.71428571428571,280.3075428571429,3.985714285714286,5.7,1.6229639508412739,1120.6358791573102,7
879,69.07692307692308,278.82834615384616,4.161538461538461,5.884615384615385,1.542025239891974,1088.3075103409642,13
880,67.25,272.22222500000004,3.749999999999999,5.675,1.5492339133766948,1037.1227428767077,4
882,80.5,274.6528,3.6000000000000014,5.9,1.7574225501730683,1276.9131339589574,2
883,74.0,292.997725,4.0249999999999995,5.6,1.6948144201379185,1156.8468325529598,4
884,77.88888888888889,298.4439111111111,4.322222222222222,6.122222222222222,1.7594159118532278,1246.9777014840424,9
885,71.0,280.8770666666667,4.311111111111111,6.166666666666667,1.616334634685424,1122.1051902089664,9
886,74.9090909090909,282.16540909090907,4.1,6.336363636363635,1.6613963737633355,1202.569570846734,11
887,72.625,301.4033375,4.0375,6.362499999999999,1.6953167356443737,1155.9728199819049,8
888,62.0,295.6018,4.100000000000001,6.6,1.4546384850687983,942.6546893245346,1
891,82.66666666666667,273.54358333333334,4.1000000000000005,6.224999999999999,1.8053373240729726,1329.2368315211525,12
892,69.03030303030303,266.7543484848485,4.078787878787878,6.621212121212121,1.5260231795206654,1081.130188894368,33
893,72.33928571428571,261.7352875,4.096428571428571,6.544642857142857,1.6005272940516981,1137.3073042205217,56
894,64.72222222222223,254.75180555555556,3.855555555555555,6.327777777777778,1.4675481150553056,1014.6908264733283,18
895,69.42105263157895,260.33747105263154,3.9289473684210527,6.45,1.5344009716128724,1084.2051576853182,38
896,69.76470588235294,262.9153,3.835294117647058,6.164705882352941,1.5775677520680285,1102.254521289777,17
898,44.5,214.61227499999998,4.8500000000000005,4.925,0.9804121049796074,625.015871396855,4
899,43.0,196.21913333333336,4.5,4.8999999999999995,0.981891636245241,618.1352740358287,3
900,46.5,199.5949,4.75,5.15,0.9989170780792205,667.9932305184437,2
901,58.0,242.88195000000002,4.450000000000001,5.3,1.2138778798698866,893.0913740715565,2
902,47.0,245.13887499999998,4.5125,5.1625000000000005,1.0173199575112135,697.9130341224856,8
903,50.12244897959184,242.56188163265304,4.3612244897959185,5.43469387755102,1.069390033573809,753.1906163212328,49
904,48.75,235.03472499999998,4.67,5.43,1.0094981327112498,735.9684474326244,20
905,50.9,244.75695000000005,4.770000000000001,5.22,1.0859619220202925,767.0082464962284,10
906,51.6,245.27777999999998,4.959999999999999,5.58,1.134075103894686,772.4931456888254,5
907,51.214285714285715,253.40607142857147,4.814285714285716,5.421428571428571,1.094662345995992,763.3371757750962,14
908,42.5,223.75580000000002,4.525,4.737500000000001,0.9767790208664483,608.2217386314504,8
909,44.61538461538461,234.49964615384613,4.838461538461539,4.907692307692307,0.9789895226410399,655.4508689835213,13
910,46.03225806451613,246.8152806451613,5.025806451612903,4.912903225806452,0.9980434471466803,675.8749004516327,31
911,42.21875,233.77098124999998,3.8031250000000005,5.10625,1.0070516642208414,608.677945198749,32
912,42.69767441860465,229.97684883720933,3.9186046511627906,4.941860465116279,0.9912349620984415,626.7901003791238,43
913,38.42857142857143,224.20634285714286,3.7285714285714286,4.8428571428571425,0.9055896687779357,544.6762513737799,7
914,41.3,230.12036399999997,3.6259999999999994,4.89,0.9372667834399658,598.6415319164677,50
915,46.08108108108108,243.25262432432436,3.713513513513513,4.851351351351352,1.0077669915088605,687.9226150409028,37
917,41.75,230.794278125,3.75,4.659375,0.9861600151858219,609.2413330706751,32
918,42.888888888888886,238.07227222222224,3.8388888888888895,4.783333333333335,1.0071797178738149,633.8469742673956,36
919,47.96153846153846,247.51156923076923,4.211538461538462,5.023076923076924,1.0132752170091315,714.2686669429371,26
920,44.27272727272727,256.72874545454545,4.2272727272727275,4.754545454545455,1.0631909658060092,645.623397295977,22
921,41.142857142857146,245.70106190476193,4.0285714285714285,4.633333333333334,0.950900840558017,599.468011745594,21
922,42.943396226415096,246.14779811320756,4.094339622641509,4.7867924528301895,1.0080799028559873,633.2886844487751,53
924,46.84782608695652,237.9780652173913,4.0434782608695645,5.319565217391304,1.0384948484353773,695.8710050426424,46
925,46.0,247.75564347826085,4.01304347826087,5.08695652173913,1.0283915213128896,682.6171211154999,23
926,47.696969696969695,260.6130787878788,4.006060606060606,4.993939393939395,1.095820436645773,709.0771325826707,33
927,47.02857142857143,253.77645999999996,3.877142857142857,4.868571428571428,1.024679847171655,700.1459741069922,35
928,50.75,244.87846666666664,3.758333333333334,5.691666666666666,1.1502108948411867,764.224198800487,12
929,46.96551724137931,236.40246206896552,3.6758620689655164,5.444827586206896,1.0551411347444277,696.3286832265621,29
930,48.5609756097561,242.11974146341464,4.164634146341464,5.509756097560976,1.0699766722072628,734.7690254588975,82
931,49.96551724137931,250.65852931034482,4.144827586206896,5.444827586206896,1.1015975744980735,744.5501871457915,58
932,47.61538461538461,235.1970615384615,4.03076923076923,5.607692307692307,1.0329486351156867,710.6497156965775,39
934,50.4375,248.22289583333335,3.9645833333333336,5.46875,1.1084610433778954,746.2829059404169,48
935,47.78048780487805,240.9722243902439,3.868292682926829,5.429268292682926,1.0685401325375896,712.096325422474,41
936,45.46153846153846,227.9237876923077,4.04923076923077,5.483076923076923,1.0289343958200923,659.4042609165263,65
937,44.83870967741935,231.9892516129032,3.912903225806451,5.448387096774193,1.0321845033672896,659.4042609165263,31
940,46.91525423728814,231.1911457627119,4.330508474576271,5.423728813559321,1.005004852597055,696.9926147204162,59
941,44.57142857142857,221.24669285714285,4.196428571428572,5.435714285714285,1.0300304796369661,648.0686393049001,28
943,49.875,242.02836250000001,4.199999999999999,4.8125,1.0576202858759043,760.9965234465814,16
944,47.486486486486484,249.99687297297297,4.018918918918919,4.4459459459459465,1.0231461682694452,701.6771506821822,37
945,50.77777777777778,247.78806666666665,4.2444444444444445,5.344444444444444,1.104684685419649,762.5299388627725,9
946,47.6,256.19213,3.9299999999999997,5.34,1.114820735106358,702.9436571603201,10
947,53.07692307692308,248.4241538461539,3.9615384615384617,5.238461538461538,1.1692970685822508,801.7358110123278,13
948,39.333333333333336,248.01954444444442,4.077777777777778,4.966666666666666,0.9235388047089524,543.2455439402196,9
949,46.4,265.79862,3.97,5.0200000000000005,1.0874582853722894,678.0394343622776,10
950,47.4,254.05864000000005,3.7866666666666666,5.120000000000001,1.0565957818982368,695.1413865908846,15
952,52.09090909090909,231.31312727272731,3.7818181818181826,5.027272727272727,1.116492805525921,784.0002268816495,11
953,51.46153846153846,238.5105153846154,3.7115384615384617,5.3730769230769235,1.1054648090261063,764.7673413971709,26
954,52.10526315789474,241.94079473684212,3.88421052631579,5.542105263157894,1.182345669239545,783.1753813417002,19
955,55.955555555555556,235.19804,3.862222222222223,5.571111111111111,1.181679171452888,867.7720023871311,45
956,46.0,230.72470769230767,4.3538461538461535,5.1923076923076925,1.003312591096097,685.9558000034616,13
959,51.77272727272727,233.04397727272726,4.468181818181819,5.440909090909092,1.120024981495846,778.8854509743553,22
960,49.149253731343286,232.9291014925373,4.604477611940299,5.397014925373135,1.0085836538123483,736.1397960605876,67
961,53.0,228.97858125,3.9124999999999996,5.75625,1.1232253040603721,792.1205045574511,16
962,54.0,220.4237769230769,3.9999999999999996,5.892307692307693,1.0906656633250742,800.7605694711204,13
963,52.470588235294116,224.08087647058824,4.0,5.711764705882352,1.103019182950853,771.9002780298,17
964,49.25,223.611125,4.1000000000000005,5.125,1.0186059488122523,738.0216528976068,4
965,46.4,226.34258,4.0200000000000005,5.42,1.029637541856844,682.0233935684436,5
966,56.23076923076923,245.03205384615387,4.115384615384616,5.576923076923077,1.2261827659185198,867.1760210682966,13
967,57.42857142857143,234.70569285714285,4.1571428571428575,5.821428571428571,1.1818507963611011,872.9125464781295,14
968,57.92307692307692,242.2364615384615,4.3076923076923075,5.823076923076924,1.2279690601301951,890.3609178916761,13
969,51.2,234.08796400000003,4.456,6.04,1.0830619077616896,758.7581052011508,25
970,46.666666666666664,225.21220000000002,4.066666666666666,6.0,1.0236588515364275,693.8205503725052,6
971,46.26923076923077,221.85719615384616,4.2153846153846155,5.842307692307693,0.9916327250320612,668.4107189378966,26
972,63.59047619047619,238.96494952380957,3.7514285714285713,6.460952380952381,1.456516115724436,989.2217951461861,105
973,63.29545454545455,226.48095,3.815909090909091,6.486363636363635,1.3744550722279842,992.5517307768813,44
974,65.17283950617283,234.12780246913576,3.844444444444444,6.6567901234567906,1.4353435843547253,1018.0297478485745,81
975,63.404761904761905,245.58532619047617,3.6690476190476184,6.6642857142857155,1.4534002478945833,970.8903209003887,42
976,64.56,248.56481600000004,3.8760000000000003,6.6979999999999995,1.472011578854844,1008.9810850464079,50
977,63.22727272727273,245.7807318181818,3.568181818181817,6.459090909090909,1.4439839907700573,973.4344224834459,22
978,64.0,251.73281142857144,3.7228571428571433,6.548571428571428,1.4868504366644946,987.0291631856427,35
979,72.3,244.92477,3.7074999999999987,6.625,1.618086469563955,1138.8112187898598,40
980,68.67307692307692,247.98788653846154,3.6673076923076917,6.4423076923076925,1.5430977947546545,1078.500644198688,52
981,69.32,252.175936,3.7279999999999998,6.136,1.5449448915902673,1085.1291213410004,25
982,72.05,250.873845,3.8149999999999977,6.45,1.6053556604756969,1130.0952855728563,20
983,70.14893617021276,259.9413914893617,3.7191489361702117,6.3702127659574455,1.5789302645625325,1103.1240840690446,47
984,67.3125,235.14178125,3.7,5.8125,1.4456880806936037,1061.786417162689,16
985,66.11538461538461,230.14155384615384,3.5615384615384618,6.046153846153846,1.4290586878164921,1045.9929646639343,26
986,64.20930232558139,240.13243023255816,3.744186046511628,6.2,1.453987945142108,996.8318583947809,43
987,59.904761904761905,231.29960952380952,3.842857142857143,6.149999999999999,1.2716058521140032,926.0207498166567,42
988,66.525,251.3020825,4.0424999999999995,6.217499999999999,1.4899074378203292,1057.200200941724,40
991,70.47474747474747,232.5114565656566,3.9222222222222225,6.589898989898991,1.5281364048298913,1109.6754312978783,99
993,69.68181818181819,236.68982272727274,3.7090909090909094,6.431818181818182,1.5545094013735754,1106.2889387338396,44
994,66.56989247311827,238.27409247311826,3.841935483870967,6.4215053763440855,1.5001723260663196,1053.777013561574,93
995,67.95,269.08564,3.7700000000000005,6.3999999999999995,1.5585926748874819,1055.8259601266925,20
997,61.833333333333336,273.4760833333334,3.866666666666667,6.183333333333334,1.4175362220955519,957.0109714303585,6
998,59.5,268.88743124999996,3.6625000000000005,5.74375,1.319280569470073,915.6464533607705,16
999,61.714285714285715,261.57407142857136,3.4571428571428577,6.200000000000001,1.42842914786765,957.7083878630689,7
1000,66.38888888888889,256.7837,3.4222222222222225,5.9111111111111105,1.4849790475056541,1044.420151920284,18
1002,59.130434782608695,260.14996086956523,3.908695652173914,5.947826086956521,1.2753356924749129,895.8858395060953,23
1003,58.857142857142854,242.89352,3.7714285714285714,6.257142857142857,1.306423264476139,911.6232683045909,35
1004,60.75609756097561,243.06260243902443,3.9646341463414623,6.35731707317073,1.3611388588048463,949.1493880927404,82
1007,58.70967741935484,252.9719290322581,4.0451612903225795,6.319354838709678,1.3054099715229186,915.3083083886751,31
1008,59.717948717948715,237.8620641025641,3.9153846153846157,5.935897435897437,1.2720530222499111,925.7446433642243,39
1010,58.25,246.80556,4.025,6.015000000000001,1.2517036848702485,882.0575984488797,40
1011,55.46153846153846,259.83796153846157,3.753846153846154,5.83076923076923,1.2514290211975645,838.0163429562782,13
1012,53.370370370370374,254.96827407407412,3.9296296296296305,5.7666666666666675,1.198652248987255,794.5875821356882,27
1014,56.916666666666664,248.53395,3.7083333333333344,5.983333333333333,1.2569298242509288,875.5934728428161,12
1016,69.27272727272727,260.3745727272727,4.230303030303031,6.233333333333334,1.5106628877859571,1089.721991887768,33
1017,66.4375,260.496225,4.24375,5.856249999999999,1.4208840719183446,1051.661026655431,16
1019,72.58333333333333,282.55208333333337,3.9083333333333337,5.825,1.6520642708843176,1154.710901719962,12
1020,70.2,260.90277,4.04,5.74,1.5302975470723261,1087.7826855600335,10
1021,65.8,256.846065,3.8549999999999995,5.715,1.478201693220517,1030.9640137092488,20
1022,65.23076923076923,266.53311538461537,3.8615384615384607,5.853846153846154,1.4508473644871087,1014.9135843986656,13
1024,62.0,260.4271818181818,4.127272727272728,6.036363636363637,1.3525110128116773,947.1481649066557,11
1025,58.17391304347826,265.3633260869565,4.2956521739130435,6.04782608695652,1.2756895272097726,877.0329787588164,23
1026,67.21739130434783,241.65660000000003,4.0,5.934782608695653,1.460326923231495,1061.1852490538167,23
1027,65.86206896551724,249.94014827586207,4.179310344827586,6.041379310344827,1.4028086207784458,1039.5911396012027,29
1028,60.083333333333336,249.03066666666666,4.204166666666667,6.1000000000000005,1.3131650087250493,916.3968655721892,24
1029,60.25,220.500575,3.5875,5.8375,1.2564744708215163,928.1536373991997,8
1030,62.18181818181818,229.07899090909092,3.6030303030303026,5.636363636363637,1.3332071509633219,967.24720972902,33
1031,58.945945945945944,213.2929716216216,3.648648648648647,5.863513513513513,1.1850598318260306,918.311144818329,74
1033,50.333333333333336,217.2003611111111,3.7388888888888894,5.377777777777776,1.0600335258708298,741.2088274855497,18
1035,46.5625,223.495375,3.43125,5.4312499999999995,1.0398601485705048,694.2060984088214,16
1036,51.8421052631579,214.69298421052633,3.7578947368421054,5.88421052631579,1.0934442377922695,770.4820563116758,19
1037,51.666666666666664,204.26954444444445,3.5,5.788888888888889,1.0945371354521387,772.0745890476767,9
1038,47.22222222222222,210.30092222222225,3.611111111111111,5.722222222222222,1.0370552150913432,679.610721182709,9
1039,47.666666666666664,224.66565555555556,3.4111111111111105,5.855555555555556,1.0421321062914364,705.3991112520453,9
1040,49.21739130434783,225.85044782608696,3.599999999999999,6.095652173913043,1.0584591712605405,729.6382154327549,23
1041,50.388888888888886,234.6000611111111,3.2222222222222223,5.7444444444444445,1.0817489559018796,749.5950156854279,18
1042,44.5,246.46994999999998,3.3499999999999996,5.75,1.1004475699645617,635.0657197683938,2
1043,54.666666666666664,252.27620000000002,3.233333333333333,5.866666666666667,1.2710796708728649,836.9356503951816,3
1044,49.375,236.93575625,3.4812499999999997,5.91875,1.058616264903252,729.2088956956243,16
1045,48.78947368421053,234.1496052631579,3.6105263157894742,5.773684210526316,1.0475951222342696,733.8961685979936,19
1046,51.94736842105263,244.2769210526316,3.492105263157895,5.726315789473685,1.1963149138422993,780.6042775801258,38
1047,49.888888888888886,242.34397407407408,3.522222222222222,5.522222222222223,1.1269467408994758,748.2582585446874,27
1048,56.78125,237.745959375,3.5125,5.8031250000000005,1.2181307647542743,884.1603788368166,32
1049,53.35294117647059,229.0032617647059,3.6470588235294117,5.958823529411765,1.1341365233903673,789.9590511268522,34
1050,58.148936170212764,231.76714468085103,3.587234042553191,6.0276595744680845,1.2231837983762928,895.8310423986097,47
1051,48.63636363636363,221.0595590909091,3.522727272727274,5.840909090909091,1.038717500108441,722.2840662546702,22
1052,52.666666666666664,216.44803703703707,3.3851851851851853,5.681481481481482,1.0968816308495957,785.0414524599474,27
1053,53.388888888888886,232.16307222222224,3.555555555555555,5.511111111111111,1.1401192441630668,798.2883872527508,18
1055,52.18181818181818,250.28935454545447,3.954545454545456,5.868181818181818,1.1860500927283655,773.8416081875863,22
1056,52.43478260869565,242.24538260869565,3.7869565217391297,5.969565217391305,1.188350924916674,775.9792020326558,23
1057,53.166666666666664,264.11071666666675,3.7499999999999987,5.741666666666667,1.2257654936114097,803.8946042167623,12
1058,47.0,263.1944,3.6999999999999993,6.200000000000001,1.160086132885995,687.3214808357757,1
1060,52.130434782608695,239.86011739130433,3.582608695652174,5.6521739130434785,1.1791173160084794,781.1260616301363,23
1061,68.875,241.9415625,3.3375000000000012,5.875,1.5275572949411647,1084.6874616399045,8
1062,63.375,244.16956249999998,3.600000000000001,6.15,1.444726180053204,983.9284333111493,8
1063,59.2,228.33334,3.5,6.2,1.2384167375384432,910.8720686055592,5
1064,62.035714285714285,254.49322499999997,3.6392857142857147,5.503571428571429,1.409532579358548,952.3689137573202,28
1065,62.04545454545455,238.90993636363638,3.0999999999999996,5.413636363636364,1.375040292609465,976.5427602542002,22
1066,56.9,231.58563999999996,3.53,5.33,1.1875568081534282,890.0914520242825,10
1067,50.833333333333336,259.70678666666663,3.7233333333333336,5.203333333333332,1.153292125270143,765.7508557065561,30
1068,52.34146341463415,268.4451243902439,3.7146341463414645,5.273170731707317,1.2166416011633547,783.2744690428722,41
1069,51.357142857142854,262.35118571428575,3.842857142857143,5.557142857142858,1.183347307413053,765.5369269322896,14
1070,49.458333333333336,252.06886666666665,3.641666666666667,5.5625,1.1071551867875766,726.9408211567272,24
1071,65.84210526315789,260.5811315789474,3.6052631578947354,5.35263157894737,1.460818081951313,1036.2786413028614,19
1072,60.88235294117647,253.8126470588235,3.676470588235294,5.605882352941176,1.3656022617307018,943.182823058165,17
1073,59.76923076923077,243.2988923076923,3.8025641025641037,5.564102564102564,1.311209121672312,933.4571077124064,39
1074,50.5,266.31944375,4.01875,5.28125,1.139341587084235,742.9171078681552,16
1076,60.25,269.70485,4.125,5.325,1.296511711083483,928.263731096833,4
1077,61.6,270.27777,4.1800000000000015,5.66,1.3751942164832232,954.1589601749527,10
1078,59.0,255.43980000000002,4.074999999999999,5.575,1.2719096326456532,905.8957078146271,8
1079,56.857142857142854,259.3749904761905,3.8523809523809525,5.452380952380953,1.2358770027100643,881.2262717192785,21
1082,60.375,272.42475,3.987500000000001,5.449999999999999,1.2967321443620585,937.231351612282,8
1083,60.88235294117647,286.85321764705884,4.011764705882352,5.38235294117647,1.3829107823515099,952.7003504631671,17
1084,57.925925925925924,273.4353555555556,3.8851851851851853,5.699999999999999,1.3055989710490383,894.214607349122,27
1085,61.714285714285715,287.7480142857143,3.8714285714285714,5.628571428571429,1.4447014096255357,942.5276080274092,7
1086,57.0,289.46759999999995,3.799999999999999,5.800000000000001,1.3569853904573774,882.2935128745856,2
1087,48.25714285714286,264.0145428571429,4.051428571428571,5.34,1.1159996034390662,701.5388120216166,35
1088,53.81818181818182,260.2746136363636,4.00909090909091,5.177272727272728,1.1797206785988565,819.4243268846536,22
1090,51.888888888888886,253.86766388888887,4.444444444444445,5.352777777777778,1.1554399864620504,782.299538689352,36
1091,49.45454545454545,258.0913345454546,4.241818181818182,5.359999999999999,1.083015249895346,732.1025281709681,55
1092,52.81481481481482,275.3943777777778,4.292592592592592,5.31851851851852,1.2324480621216363,803.8599273229056,27
1093,53.078947368421055,266.34381578947375,4.244736842105262,5.497368421052632,1.1903293836141269,800.6692299431002,38
1094,61.714285714285715,286.28747142857145,4.395238095238095,5.976190476190475,1.4090125043335189,948.6050170220744,21
1095,61.1,278.80787999999995,4.01,5.959999999999999,1.3566179517155033,933.6188112856706,10
1096,57.421052631578945,273.629394736842,4.178947368421053,5.815789473684211,1.294289279743342,866.3272678893665,19
1097,58.130434782608695,280.1026652173913,4.339130434782609,5.8304347826086955,1.3178653048664069,890.85622062355,23
1098,62.529411764705884,287.14597647058827,4.223529411764706,5.6117647058823525,1.438626374821609,965.603263010457,17
1099,61.36363636363637,303.4511727272727,4.45,5.45,1.3776968698573642,940.0039466749472,22
1100,57.40909090909091,284.6485727272727,4.445454545454546,5.550000000000001,1.3367277344933461,877.6706403523325,44
1101,54.142857142857146,295.76719523809527,4.18095238095238,5.352380952380953,1.302636841536542,831.1823674575586,21
1102,53.38461538461539,283.0395230769231,4.046153846153846,5.346153846153845,1.2820837894474721,802.1235577531093,13
1105,66.91666666666667,291.9078,3.3166666666666664,5.183333333333333,1.5424686978647957,1031.794329484983,12
1106,70.33333333333333,273.7847166666667,3.0666666666666664,5.116666666666667,1.5499048387298913,1085.3738552223078,6
1107,60.0,266.0980217391305,3.8260869565217384,4.9913043478260875,1.2755126704097475,930.3524638350493,23
1108,57.84375,264.232490625,3.7593750000000004,4.628125000000001,1.237064889535986,899.7428929089965,32
1109,55.660377358490564,259.05835094339625,3.5490566037735847,4.616981132075471,1.217023489652403,874.5095335856197,53
1110,50.42857142857143,278.96274285714287,3.9714285714285715,4.8428571428571425,1.1659013968186838,749.653522731922,21
1112,47.333333333333336,266.4737916666667,4.000000000000001,4.658333333333333,1.0945088315371603,697.0367927756457,12
1114,47.75,275.89119500000004,3.785,4.295,1.142017853245778,704.6213459704339,20
1116,43.0,290.3935,3.6999999999999993,5.0,1.132072225892106,620.9587975334047,1
1117,58.78947368421053,252.9970789473684,3.9,5.189473684210528,1.2495328044219483,910.4900450907584,19
1120,59.45454545454545,241.74030909090908,3.854545454545453,5.472727272727273,1.2458487006944483,921.387998971265,11
1121,61.89705882352941,261.82768382352947,4.220588235294117,5.413235294117647,1.3317894715830962,972.8651648354644,68
1122,58.8,256.40047,4.2700000000000005,5.530000000000001,1.2716446490217683,905.5528343014157,10
1123,51.84615384615385,258.47578461538455,4.092307692307691,5.5076923076923086,1.1981915457510717,779.4514743835348,13
1124,59.63636363636363,279.2613636363637,4.109090909090909,4.954545454545454,1.287930530590324,922.7498768470269,11
1125,64.625,280.70746875,4.1312500000000005,5.30625,1.4494768434327296,1014.6459887576412,16
1126,63.5,295.07715666666667,3.6700000000000004,5.113333333333334,1.4370436707916254,975.0445102981103,30
1128,56.357142857142854,359.9785142857143,5.464285714285714,4.95,1.2829986168415282,863.1818040378356,14
1129,49.6,326.34258,5.6,4.32,1.1610899007733395,756.1563212441988,5
1130,51.25,324.79745,5.025,4.2749999999999995,1.1787691787974803,771.9490592547289,4
1131,49.333333333333336,319.09723333333335,5.366666666666667,4.2,1.09839169705061,740.2178916268953,3
1133,59.125,325.911475,5.0375,5.225,1.3372181816334878,909.4999025628924,8
1134,59.57692307692308,321.29185384615386,5.35,5.311538461538461,1.3592684638460446,928.380706093131,26
1136,58.75,326.4467625,5.575,4.668749999999999,1.297169583620774,907.8428493353034,16
1137,54.57142857142857,303.84699523809525,5.404761904761903,4.799999999999999,1.2621282213477338,834.5392576935039,21
1139,61.7,323.96990000000005,5.169999999999999,5.140000000000001,1.380489052995062,957.1856607288569,10
1140,61.6,328.61109999999996,4.92,4.76,1.3674424221511128,955.6145231240988,5
1141,60.57142857142857,315.9887571428572,4.935714285714285,5.05,1.347771470336384,943.3531916619846,14
1142,54.5625,343.41001875,4.9437500000000005,4.475,1.2833095266391423,843.6681493729423,16
1143,55.31578947368421,353.28338947368417,5.01578947368421,4.810526315789473,1.2822422761724415,842.3340282724743,19
1145,50.0,321.69613636363636,4.790909090909091,4.790909090909091,1.1601293761672786,757.8762757320424,11
1146,50.8,331.23842,5.01,4.75,1.1787691787974803,771.9490592547289,10
1147,52.25,315.9336416666667,5.0,4.933333333333333,1.2459427250196626,788.0977537958519,12
1148,54.416666666666664,277.06406666666663,4.741666666666667,5.466666666666666,1.2111183327148345,826.4254654229803,12
1149,54.2,268.1481333333333,4.879999999999999,5.413333333333335,1.1893214609690512,816.5769855744006,15
1150,55.266666666666666,268.38734000000005,5.059999999999999,5.5,1.1938658008269254,833.5967503140727,15
1151,59.0,276.6204,5.0,5.3999999999999995,1.2432254863615915,911.3307073927823,1
1152,51.30769230769231,264.6990692307692,4.753846153846154,5.092307692307691,1.1141066828900204,759.9697463801974,13
1153,49.666666666666664,279.1049333333333,4.593333333333334,5.073333333333333,1.1274215469705555,745.7018167502405,15
1154,52.72222222222222,278.9737666666667,4.622222222222223,5.355555555555555,1.2158613388154562,810.3013577210398,18
1155,49.57142857142857,249.2890285714286,4.9571428571428555,5.228571428571429,1.0755625945588159,749.123373724075,7
1156,46.3,271.13426,4.76,5.27,1.073651326568021,677.0643095953635,10
1157,50.48,260.5787,4.835999999999999,5.096,1.1060882274780632,744.0413236756365,25
1159,60.5,261.28917115384615,4.698076923076923,5.309615384615385,1.2682533302792547,927.6244984153893,52
1160,55.53846153846154,253.39654615384615,4.546153846153846,4.992307692307692,1.189328464335597,862.5974988053396,26
1161,49.666666666666664,242.6851933333333,4.6,5.313333333333333,1.0692533150862438,753.1906163212328,15
1165,51.47826086956522,277.3349434782608,5.221739130434782,4.965217391304349,1.1309178703276384,757.3163522840805,23
1166,55.94736842105263,275.0913789473684,5.1947368421052635,5.436842105263159,1.208310858923164,866.4734342270435,19
1167,51.36363636363637,265.6776090909091,5.4,5.263636363636363,1.097756191910365,758.3203977929904,11
1168,61.42307692307692,264.08921153846154,5.009615384615385,5.386538461538461,1.2822724037762645,953.075786486268,52
1169,50.7,264.212965,5.0200000000000005,5.325,1.1084453280625535,756.8577696921444,20
1172,47.58620689655172,271.51979310344825,5.251724137931035,4.641379310344828,1.075442548930433,710.2165426644066,29
1173,47.6,261.9415525,5.269999999999999,4.8025,1.0561000535713472,710.0717902272776,40
1174,52.111111111111114,305.0283,5.044444444444445,4.488888888888889,1.2371661303867598,788.5494100367774,9
1175,49.375,295.57293749999997,4.7625,4.4125,1.0885164770560456,735.6354995975095,8
1176,43.5625,279.13774374999997,4.925,4.293749999999999,1.0680856095050089,641.6265086281469,16
1177,47.0,274.73544285714286,4.771428571428571,4.142857142857144,1.0641199087900597,695.5416535673539,7
1180,51.130434782608695,286.76530434782615,5.200000000000001,4.27391304347826,1.1644764274930544,764.4019762575374,23
1181,45.476190476190474,288.0456333333333,5.276190476190476,4.357142857142857,1.0681268988781167,656.2838690143811,21
1182,51.5,301.18635000000006,5.5,4.375,1.1598464913959008,763.5985286000865,4
1183,49.111111111111114,286.2332833333333,5.383333333333333,4.733333333333333,1.0834319437113062,732.4637422149074,18
1184,48.75,292.07175,5.525000000000001,4.650000000000001,1.0795311357933148,732.230388572955,12
1186,51.142857142857146,294.24602857142855,5.085714285714287,5.085714285714286,1.1619751749821212,763.5066293054128,7
1188,53.5,295.1884928571429,5.178571428571429,4.964285714285714,1.2295586387538875,801.1750769600367,14
1189,50.666666666666664,286.96951666666666,4.958333333333333,4.791666666666667,1.169331814789512,766.1249674779534,24
1190,73.0,305.61345,4.299999999999999,5.35,1.6487442236821839,1141.098635633481,2
1191,64.14285714285714,304.9933714285714,4.0,5.3999999999999995,1.4638178085284688,988.7090535002858,7
1192,64.83333333333333,325.86805,4.2,5.133333333333333,1.451157111769308,1007.6963732607643,6
1193,65.61538461538461,341.72898461538466,4.661538461538462,5.269230769230769,1.516156734913898,1017.6869304862088,13
1194,62.4,331.7592666666667,4.493333333333333,5.213333333333334,1.4088447343835018,958.1697918941016,15
1195,65.0,321.0648,4.399999999999999,5.75,1.491512057371124,1002.0205993268322,2
1196,64.47619047619048,314.23060952380945,4.628571428571428,5.504761904761904,1.480129968141588,976.4700598289959,21
1197,57.3125,291.851128125,4.65,5.365625,1.3093160999153755,883.1408222873077,32
1198,52.69230769230769,283.1374769230769,4.346153846153847,5.3307692307692305,1.2979847816212677,802.5857769512322,13
1199,56.4375,292.7155625,4.55,5.0625,1.2608051591813787,859.986021998138,16
1200,52.625,295.182275,4.65,5.1375,1.2568912850153913,802.9940192795572,8
1201,62.92857142857143,295.0603464285714,4.999999999999999,5.45,1.405521872038575,964.8010990888997,28
1202,61.02564102564103,287.72851282051283,4.820512820512821,5.430769230769231,1.3664139080193454,946.248408857292,39
1203,60.12244897959184,306.4377857142857,4.969387755102041,5.393877551020406,1.353450339656977,937.1784540516343,98
1205,55.0,305.74845555555555,4.822222222222223,5.233333333333334,1.31788296021303,843.2537661880821,9
1206,63.13333333333333,295.0000066666667,4.786666666666666,5.54,1.423855763219725,958.8844531871231,15
1207,60.638888888888886,293.2452305555555,4.561111111111111,5.691666666666667,1.388866950061568,931.5542228403756,36
1210,60.958333333333336,297.12095416666665,4.5874999999999995,5.441666666666666,1.3714725687439107,946.3843316769495,24
1211,39.333333333333336,282.1952333333333,4.716666666666667,3.983333333333333,1.017459254581404,548.1999936227367,6
1212,36.0,274.4213,4.399999999999999,3.8,1.0328876877380386,547.5330479164484,1
1214,41.36363636363637,263.6048,4.536363636363637,4.072727272727273,1.0203438189740706,598.7735118899293,11
1216,44.166666666666664,281.80940833333335,4.341666666666666,4.308333333333333,1.1025769220010813,636.6076945822601,12
1217,45.189189189189186,261.7273621621622,4.418918918918919,4.645945945945945,1.063183756852802,660.4116385143826,37
1218,51.38461538461539,269.3109,4.56923076923077,4.892307692307691,1.1275558898190103,764.6201113304038,13
1219,47.82608695652174,277.4909304347826,4.443478260869566,4.9739130434782615,1.100872534657323,704.4208597452231,23
1220,47.121212121212125,272.790396969697,4.369696969696971,4.781818181818182,1.0833784564332063,698.0323898835976,33
1221,43.0,257.87036666666665,4.266666666666667,4.466666666666668,1.0614894684319733,631.899165419107,3
1222,41.4,261.18052,4.28,4.98,1.0205332779798733,594.7897973910696,5
1223,44.06666666666667,266.18826666666666,4.526666666666666,5.013333333333334,1.052133966879514,640.3305109589243,15
1224,52.75,259.05992777777783,4.305555555555557,4.7,1.167726628577416,804.5329973037317,36
1225,54.285714285714285,268.7775571428572,4.633333333333333,4.809523809523809,1.1822205655526041,820.994604591441,21
1226,54.75,274.50448125,4.459375,4.562500000000001,1.2283394414304876,839.3611804276928,32
1227,47.375,310.011575,4.550000000000001,4.112500000000001,1.081590892130642,703.2223293131316,8
1228,50.25,327.34375,4.675,4.25,1.1601293761672786,758.286409585346,4
1229,46.0,318.6921,4.0,4.3,1.1453337987845023,679.9711831318298,2
1230,44.27272727272727,306.1447818181818,4.009090909090909,3.9863636363636363,1.139528120968603,640.9329141928027,22
1231,49.1,320.56714,4.280000000000001,4.160000000000001,1.1368186894496306,735.929727744409,10
1232,48.875,315.060775,4.375,4.3625,1.1263844031488464,736.1862267944878,8
1233,45.45454545454545,300.32617272727276,4.227272727272728,4.309090909090909,1.1087783635217165,652.1942977426246,11
1234,45.45454545454545,304.9242454545455,4.281818181818182,4.045454545454546,1.1087783635217165,658.0071159963859,11
1235,54.88235294117647,327.7096882352941,4.082352941176471,4.0588235294117645,1.3109108456824399,844.7969354226427,17
1237,55.55555555555556,294.4958703703704,3.9703703703703703,4.262962962962963,1.3045051146902928,865.009711466715,27
1240,51.166666666666664,305.22762222222224,4.333333333333334,4.527777777777779,1.201015552737926,774.0448560698038,18
1241,52.625,297.7719875,4.4,4.7,1.2521538001627424,804.6057855075812,8
1242,46.875,295.052075,4.35,4.762499999999999,1.1087783635217165,690.1332511803935,8
1243,51.88235294117647,288.1263470588235,4.794117647058823,4.994117647058822,1.2330536494293376,783.2684074345351,17
1246,59.1,289.74537999999995,4.4399999999999995,5.220000000000001,1.3212099627346572,902.8071099261756,10
1247,52.875,290.50924687500003,4.5375,5.2875,1.283281318023876,801.9292414404001,32
1249,58.75,307.84145,4.5,4.95,1.2803760224424843,911.357195074731,4
1250,49.5,292.447925,4.675000000000001,4.7,1.0885164770560456,735.6630063643648,4
1251,45.333333333333336,284.76078333333334,4.55,4.7,1.0716535459917933,659.079386908074,6
1253,50.4,306.94444,4.6000000000000005,4.999999999999999,1.1444376323259688,752.0905300386462,5
1254,52.63157894736842,300.46296315789476,4.36842105263158,4.147368421052631,1.2521538001627424,804.6057855075812,19
1255,49.294117647058826,290.91434411764703,4.123529411764706,4.035294117647059,1.161109206248121,732.9855884958298,34
1257,49.5,291.95602499999995,4.3500000000000005,5.0,1.1252586139312704,727.815953261837,4
1258,53.666666666666664,292.8047666666667,4.166666666666667,4.833333333333333,1.2648809265122676,821.5560142710592,6
1259,54.0,278.7808666666667,4.325,4.949999999999999,1.2149009487231315,820.8481789258776,12
1260,43.55555555555556,277.0769055555556,4.333333333333332,4.816666666666666,1.083382613906662,642.176321802149,18
1264,72.18181818181819,291.85605454545464,6.354545454545454,6.536363636363637,1.5835699489465873,1123.835549399232,11
1265,67.75,305.96065,6.524999999999999,5.875,1.4927140123342229,1052.1924380334035,4
1266,58.375,292.53471875,6.65625,5.74375,1.2764768985477732,884.3207599250886,16
1267,59.0,282.2273666666667,6.199999999999999,5.777777777777778,1.2793741867225554,898.3392520604573,9
1269,56.333333333333336,272.47685333333334,6.446666666666668,5.920000000000001,1.179884959951994,849.978313816302,15
1270,67.5,255.26624999999999,6.9,7.25,1.4391487642123473,1031.9135828962717,2
1272,68.42857142857143,264.8974857142857,7.0428571428571445,6.842857142857142,1.4447073883154355,1061.042240206233,7
1273,69.0,259.91513333333336,7.233333333333332,7.033333333333332,1.456614007505867,1059.8066759321557,3
1274,75.4,269.97686,7.279999999999999,7.1,1.640732788924638,1162.977407610991,5
1275,73.66666666666667,275.9259333333334,7.5,7.0,1.6146117750537154,1153.0122997886963,6
1276,74.625,285.67709375000004,7.46875,6.8375,1.6263495666234646,1158.878749694517,16
1277,74.0,307.2338,7.6,6.5,1.6488205796456052,1157.8570044165958,2
1278,74.5,290.30672500000003,7.375000000000001,6.575,1.6309258093704473,1158.7647782551353,4
1279,74.0,324.69135,6.766666666666667,6.449999999999999,1.6748358999880721,1159.6822815967264,6
1282,77.66666666666667,295.1003333333333,7.0,6.633333333333333,1.6200468803635877,1212.1707844563375,3
1283,66.0,303.125,7.199999999999999,5.949999999999999,1.4362792469197427,1038.5883586558934,2
1284,65.66666666666667,281.1342666666667,6.900000000000002,6.266666666666666,1.4624158379468952,1033.6573773133462,3
1285,94.5,362.90509999999995,5.25,6.4,1.9391540953862165,1526.943416501326,2
1286,88.0,343.4028,5.400000000000002,6.7,1.8166141174036388,1413.9094805158584,1
1287,79.5,361.11109999999996,5.799999999999999,6.699999999999999,1.6942998735365122,1227.8003524522999,2
1288,83.2,353.81944000000004,5.86,7.019999999999999,1.7939680044122763,1304.6583009195276,5
1289,77.0,333.4105222222222,5.666666666666665,7.022222222222222,1.7353932845957463,1179.8879787788512,9
1290,82.34782608695652,321.8598999999999,5.92608695652174,6.960869565217391,1.733166687410495,1302.9742209500741,23
1292,80.0,327.85493333333335,6.0,6.566666666666666,1.6718443790789526,1257.1361048578349,3
1293,88.28571428571429,368.6507857142857,6.814285714285715,6.285714285714286,1.8026091280311218,1402.512431410231,7
1294,85.66666666666667,333.3590555555555,6.111111111111111,6.922222222222221,1.8031241926345205,1373.7249264731533,9
1296,77.46153846153847,333.41346153846155,6.376923076923077,6.200000000000001,1.709400491209919,1189.5126090981857,13
1298,79.66666666666667,345.79476666666665,6.633333333333333,6.166666666666668,1.6867200757718264,1248.760055317125,3
1299,85.0,365.2199,6.4,6.1,1.780725723078104,1342.4513213070002,2
1301,65.0,273.3047176470588,5.935294117647059,6.011764705882353,1.3396091456509573,996.8028474117657,17
1303,61.2,283.21759000000003,5.7299999999999995,6.07,1.3262531314820893,925.2986027972629,10
1304,69.33333333333333,279.1667,5.833333333333333,5.766666666666667,1.4507758260652086,1077.0593372533083,3
1306,63.69230769230769,262.2685307692308,5.253846153846155,5.6230769230769235,1.358967137184596,990.1997007949908,13
1307,57.035714285714285,286.1317785714286,5.657142857142858,5.721428571428572,1.271534612913538,869.9929726271475,28
1308,54.0,278.1580714285714,5.371428571428573,5.6000000000000005,1.194613074914994,808.5713873946088,7
1309,58.5,263.40664999999996,5.733333333333334,5.716666666666668,1.1831938954477756,881.4505746099189,6
1310,57.5625,246.18054375,5.3812500000000005,6.3125,1.1817000266238122,891.811278319602,16
1312,54.833333333333336,261.2654333333333,5.983333333333333,6.100000000000001,1.159491632588673,826.7143219154345,6
1315,55.083333333333336,261.072525,5.45,5.9750000000000005,1.158252905100757,827.2041522209631,12
1316,60.25925925925926,276.97615925925925,5.533333333333333,5.92962962962963,1.2653130573139233,908.4399874873197,27
1317,54.93333333333333,236.58950666666664,5.440000000000001,6.639999999999999,1.167817789500534,851.5220041320407,15
1318,52.3,225.35880000000003,5.290000000000001,6.55,1.0917736895215389,780.3556635548935,10
1319,54.75,227.170125,5.5,7.0,1.1245251260026274,843.6141357152288,4
1320,47.0,212.8472,5.300000000000001,7.000000000000001,1.0171967878807213,705.0149928066036,1
1321,57.333333333333336,226.0802666666667,6.099999999999999,7.400000000000001,1.1302272144617904,874.0621544988281,3
1323,67.66666666666667,253.58796666666663,6.133333333333334,7.233333333333333,1.4380865981298947,1035.4228238718133,3
1324,60.54545454545455,254.52441818181816,5.845454545454545,7.009090909090909,1.3488447304310984,941.3826877901137,11
1325,62.583333333333336,248.72685,5.6499999999999995,6.366666666666666,1.3048640856128713,979.0536778632328,12
1326,58.285714285714285,259.60647857142857,5.550000000000002,6.607142857142856,1.223122836589952,907.5570302378721,14
1328,59.55555555555556,253.96091111111107,5.638888888888889,6.922222222222222,1.3162344282119247,932.6880388415334,18
1329,56.18181818181818,239.18350909090907,5.790909090909091,6.6000000000000005,1.172049644038843,877.8378527175884,11
1330,64.75,252.24248749999998,5.875,6.475,1.3260265722206281,1016.9209644090457,8
1331,60.06666666666667,254.92284000000004,6.186666666666666,6.606666666666667,1.276184455535386,932.4083926641346,15
1332,74.0,242.9398,5.5,7.999999999999999,1.5900617064282139,1141.4108417815758,1
1333,73.0,239.1204,5.899999999999999,7.8,1.5151471015289861,1121.395821525771,1
1334,68.5,221.75925,6.0,8.25,1.3612199712201607,1077.908243597901,2
1335,64.2,227.7315,5.26,7.5,1.3123090601583776,985.1526319628412,5
1336,63.0,227.5463,5.300000000000001,8.100000000000001,1.3035163800220742,963.4754361799723,1
1338,66.0,231.0185,4.899999999999999,7.6,1.3588514007203993,1031.5725777225978,1
1339,75.5,233.6227,5.299999999999997,6.8999999999999995,1.524349260146465,1194.2415122183136,2
1340,83.0,245.4861,5.599999999999998,6.3,1.6014280779262757,1312.0747436412048,1
1341,80.0,221.5278,5.5,6.3,1.5395069016761591,1247.1381983975098,1
1342,84.0,228.81945000000002,5.149999999999999,6.9,1.680462724248509,1356.5846468968502,2
1344,78.66666666666667,248.28317777777778,4.977777777777778,6.783333333333333,1.634473940311743,1274.6695589514159,18
1345,87.19047619047619,241.87609523809525,4.980952380952381,6.685714285714286,1.7040038708595944,1413.813911189021,21
1347,84.84210526315789,247.3014052631579,5.01578947368421,6.4105263157894745,1.685077677784866,1362.5899875995292,19
1348,81.33333333333333,260.08871666666664,5.100000000000002,6.266666666666667,1.6609341330733287,1299.3687899039771,6
1350,71.73643410852713,246.1339007751938,4.620930232558139,6.590697674418605,1.518791286863538,1134.3847183058085,129
1351,71.72413793103448,247.81289540229886,4.749425287356321,6.460919540229884,1.5189195297841096,1132.860152273516,87
1352,73.4,249.65279,5.06,6.55,1.546078954466936,1159.3324791552996,10
1353,71.81818181818181,254.63226363636366,4.915909090909093,6.429545454545451,1.5287752703536017,1140.0444306693937,44
1354,73.91176470588235,262.0472588235294,5.03529411764706,6.458823529411765,1.5771406816367024,1184.4505742414199,34
1355,72.83333333333333,261.70910625,4.910416666666667,6.2749999999999995,1.5675802844820867,1164.8090877960653,48
1356,77.94029850746269,259.6358462686567,4.744776119402985,6.462686567164179,1.6593068023921367,1248.6390761259238,67
1357,75.0625,262.3517010416667,4.889583333333333,6.5406249999999995,1.5920923225510855,1203.6164259550105,96
1358,96.0,272.73391052631575,4.915789473684214,7.531578947368419,1.9406523173750092,1571.7853648764442,19
1359,98.44444444444444,283.93775555555555,4.9333333333333345,7.388888888888889,2.0040377251206962,1610.6241643349756,9
1360,99.0,270.3704,5.199999999999999,7.0,1.9158040615019012,1602.775702388397,1
1362,88.22222222222223,258.71055185185185,4.703703703703703,7.014814814814813,1.7668447291410236,1428.49682652965,27
1363,93.63333333333334,267.86651666666666,4.659999999999999,7.503333333333333,1.8688201369985882,1545.4699665977068,30
1364,91.9,277.08333000000005,4.86,7.159999999999999,1.8767338760542016,1499.2833547386642,10
1365,96.25,275.78702000000004,4.785,7.464999999999999,1.9935697800666152,1575.0450595830682,20
1366,84.62068965517241,239.34785517241377,4.606896551724139,7.175862068965516,1.740713493842007,1377.7564355800957,29
1367,80.51041666666667,238.28606979166668,4.436458333333333,7.038541666666667,1.7299368897017755,1311.770854472818,96
1368,81.725,256.6550875,4.5975,6.7625,1.7566854625548638,1324.7721865179242,40
1369,81.61904761904762,253.86079047619046,4.457142857142858,6.845238095238094,1.7771459392663094,1318.4140113108435,42
1370,86.26923076923077,252.35933461538465,4.315384615384614,6.9423076923076925,1.7893211739893118,1387.8320505186166,26
1371,84.71666666666667,251.410105,4.586666666666668,7.025000000000001,1.7668834579172714,1370.2573162738308,60
1372,83.5,262.36978750000003,4.6,7.2,1.7762792249162949,1330.6262479649124,8
1373,67.72727272727273,246.51726363636365,4.763636363636363,7.381818181818184,1.4427216222351205,1044.3733861811156,11
1374,66.85714285714286,242.75795000000002,4.535714285714286,7.17857142857143,1.456755788810781,1045.3388229422537,14
1375,64.23076923076923,242.93090769230773,4.738461538461539,7.092307692307691,1.3991804859973884,991.2690799861491,13
1376,69.72602739726027,240.6773150684932,4.595890410958905,6.853424657534246,1.4792501426377063,1098.0691469099138,73
1377,73.23076923076923,244.0348846153846,4.661538461538461,7.238461538461538,1.5863681968726457,1164.0165525558652,13
1378,73.76086956521739,245.39553260869565,4.554347826086954,7.010869565217392,1.6151027496246326,1186.3562561251306,46
1379,67.0,252.62346666666667,4.766666666666668,7.0,1.458215165338515,1044.289242650385,3
1380,74.5625,249.381503125,4.762499999999999,7.034375,1.614639557735144,1204.0828012897182,32
1381,75.58585858585859,260.67854545454543,4.631313131313132,6.842424242424242,1.650707906503808,1219.7780322086699,99
1383,74.625,261.48726250000004,4.818750000000001,6.875,1.6112576520370356,1202.7741617560282,16
1385,75.21428571428571,249.93387142857142,4.771428571428571,6.992857142857142,1.6026095306141948,1204.0828012897182,14
1388,79.27058823529411,242.10921176470592,4.63764705882353,6.907058823529412,1.6624219978310064,1272.7999769324765,85
1389,85.5,273.11922500000003,4.975000000000001,7.300000000000001,1.7810413722149832,1371.608964062444,4
1390,84.62068965517241,274.1419103448276,4.965517241379311,6.989655172413793,1.769699646688722,1372.310903548086,29
1391,81.3529411764706,264.5322647058823,4.81764705882353,7.05,1.7016184968597508,1306.5428487237632,34
1392,79.71428571428571,263.56813142857146,4.654285714285714,7.057142857142856,1.7328400953561334,1289.9294083954107,35
1393,82.13333333333334,274.3016933333333,4.556666666666667,6.95,1.7818534934852015,1323.261468276004,30
1394,84.08695652173913,271.16546086956527,4.68695652173913,7.039130434782609,1.7981357438278724,1351.5401405404357,23
1395,87.77777777777777,275.14144444444446,4.666666666666667,7.311111111111113,1.8341455394123645,1439.31987565733,9
1396,86.71428571428571,277.9100535714286,4.482142857142857,7.17142857142857,1.8490606541598493,1414.7542913344816,28
1397,87.75,248.65934166666668,4.791666666666667,7.283333333333332,1.7535308723349718,1427.492231471439,12
1398,83.8,242.38425999999995,4.99,7.209999999999999,1.7306895838416931,1359.1076618532777,10
1400,78.36842105263158,262.7903684210526,4.875438596491228,6.985964912280703,1.6552688872931438,1246.8916753835192,57
1401,86.2,256.62037,5.06,7.08,1.7554703618931369,1391.976084521261,10
1402,87.0,242.1296,5.100000000000001,6.7,1.7069588741195256,1416.5772508970713,1
1403,84.86363636363636,268.0397818181818,5.1499999999999995,6.831818181818182,1.7555918466209586,1371.4906892368947,22
1404,78.93333333333334,260.29321333333337,5.120000000000001,6.786666666666666,1.6383922180895913,1271.1144113975763,15
1405,74.33333333333333,255.59414999999998,4.883333333333334,6.6000000000000005,1.5800839594892049,1178.4866486456697,6
1406,78.41666666666667,258.79630000000003,4.841666666666665,6.508333333333334,1.63386672486421,1254.4967116056018,12
1407,82.30188679245283,251.43255849056604,4.805660377358491,6.858490566037734,1.706306458147794,1329.61985102854,53
1408,84.3529411764706,261.58768235294116,4.917647058823531,6.7176470588235295,1.745974009886459,1359.373492653509,17
1409,76.23809523809524,267.31426190476185,4.559523809523809,6.440476190476189,1.626993491064433,1219.6061965010813,42
1410,79.0,264.0425,4.619999999999998,6.6400000000000015,1.6887800495751273,1272.9918364587106,55
1411,73.648,258.1935184,4.608800000000001,6.536,1.600620240151977,1177.9655189274022,125
1413,81.70370370370371,274.59276666666665,4.574074074074073,6.707407407407407,1.7873053792980498,1330.4857589875878,27
1414,78.46031746031746,273.95465555555563,4.492063492063492,6.834920634920634,1.7569699898775617,1264.9556643119254,63
1415,83.83720930232558,276.53154186046515,4.809302325581395,6.869767441860464,1.8125091952283527,1361.9381905890666,43
1416,77.72222222222223,274.6849305555556,4.788888888888889,6.694444444444445,1.695242962613161,1254.5050039578173,36
1417,83.4,275.21411,4.764999999999999,6.635,1.7994449788779172,1342.7359184441987,20
1418,82.44827586206897,285.2849620689655,4.796551724137932,6.5827586206896544,1.7557943168606525,1319.1492276197455,29
1419,82.0,279.63408846153845,5.099999999999999,6.692307692307693,1.7377738859501048,1335.8570797670382,26
1420,82.375,272.0457125,5.0249999999999995,6.6324999999999985,1.7064089429766023,1336.39954835993,40
1421,80.32758620689656,267.1416034482759,4.932758620689655,6.541379310344827,1.658330049810773,1283.3900930296566,58
1422,77.82222222222222,272.02417777777777,4.782222222222223,6.353333333333332,1.6636875041482189,1253.9044333950387,45
1423,78.80952380952381,285.71979523809523,4.780952380952381,6.247619047619047,1.7008834031244686,1268.3071645471657,21
1424,76.57575757575758,280.58712424242424,4.681818181818182,6.412121212121212,1.690395187685481,1239.059836810653,33
1425,82.23809523809524,278.05885714285716,4.614285714285713,6.338095238095238,1.7574734648941261,1320.470743692702,21
1426,78.26315789473684,275.06700263157893,4.934210526315789,6.489473684210527,1.649444372338708,1254.6242968722415,38
1427,72.41379310344827,270.7136,5.00344827586207,6.258620689655172,1.550437246362168,1144.5519809376387,29
1428,77.19047619047619,277.98720476190476,4.980952380952381,6.280952380952383,1.6336979560915126,1242.9702278192824,21
1429,84.81818181818181,283.3806909090909,4.372727272727274,6.618181818181818,1.8670857771644749,1376.2267472383774,22
1430,89.0,297.91665,4.350000000000001,6.8,1.8760044238885965,1445.1988563348293,2
1431,91.75,287.818275,4.449999999999999,6.85,1.8946091646062335,1496.6923092792663,4
1432,84.72727272727273,281.40783636363636,4.381818181818182,6.972727272727273,1.86304962279533,1371.2877995546394,11
1433,87.70454545454545,271.0674409090909,4.636363636363636,6.697727272727272,1.790357113425168,1432.193712144135,44
1434,85.8,268.435184,4.4879999999999995,6.572,1.7879352736347092,1387.6678389739495,25
1435,88.42307692307692,263.5505730769231,4.3999999999999995,6.815384615384615,1.8001601059836019,1426.1761231936514,26
1436,76.23076923076923,277.1990692307693,4.592307692307693,6.300000000000001,1.650260016013109,1223.0198547301734,13
1438,76.66666666666667,284.9845666666667,4.34,6.4799999999999995,1.7115180797050435,1241.7155422958508,15
1439,77.68888888888888,262.23765555555553,4.159999999999999,6.424444444444443,1.7116346602932428,1251.8033319550414,45
1440,76.51724137931035,272.54550344827584,4.313793103448276,6.317241379310347,1.6832818628073265,1243.4030123824264,29
1442,81.05555555555556,273.01955555555554,4.402777777777779,6.449999999999999,1.748434230905249,1305.6607716498972,36
1443,79.52272727272727,273.9451727272727,4.161363636363634,6.679545454545456,1.8018524550256971,1294.9879783524252,44
1444,75.19047619047619,265.6580714285714,4.2714285714285705,6.647619047619047,1.6403995039067711,1204.9235957623232,21
1445,83.85365853658537,280.25349512195123,4.2926829268292686,6.839024390243902,1.8654157986919555,1349.8321434803254,41
1446,77.27777777777777,281.5972166666667,4.311111111111111,6.8388888888888895,1.726204821645563,1243.8699902051662,18
1447,75.82051282051282,258.92093589743587,4.333333333333333,6.86923076923077,1.6596300318282409,1225.4515961145808,39
1448,79.45652173913044,265.73822826086956,4.22391304347826,6.915217391304347,1.766059050522653,1266.4788420478778,46
1449,74.66666666666667,270.4475333333333,4.466666666666668,6.966666666666666,1.6679934412509452,1205.601414987252,3
1450,73.52941176470588,268.0555588235294,4.411764705882352,7.1,1.6656981888766476,1183.1925262193388,17
1451,78.5,277.9128,5.333333333333335,7.316666666666666,1.6641063905328723,1200.6833206806837,6
1453,84.0,290.74076666666673,5.300000000000001,7.233333333333333,1.7721812839435551,1339.6659666300302,3
1454,80.25,281.42359999999996,5.85,7.55,1.640611299541667,1242.3191675598573,4
1455,77.25,285.93749375,5.706249999999999,7.24375,1.665473864374383,1174.1275511441413,16
1456,76.16666666666667,273.45681666666667,5.616666666666666,7.233333333333334,1.660458052354257,1172.0397296123306,6
1458,88.9375,261.798325,5.21875,7.30625,1.729766898613284,1450.8486275464113,16
1459,87.0,272.8009,5.199999999999999,7.6,1.7992757875792822,1407.501525339001,1
1460,92.25,266.98494999999997,5.466666666666666,7.2,1.7547606806770022,1482.4826675749653,12
1461,96.0,276.11886666666663,5.633333333333334,7.2,1.9607204176317394,1555.7328751398088,3
1462,90.0,275.77613529411764,5.323529411764706,6.929411764705883,1.7965585554142784,1459.6214727314334,17
1463,88.58823529411765,264.11355294117647,5.264705882352942,7.023529411764706,1.7275717778269013,1448.84846794476,17
1465,73.25,284.66432499999996,5.7749999999999995,6.550000000000001,1.6084335589959566,1144.6415058568402,4
1466,74.0,303.35645,5.449999999999999,7.300000000000001,1.6749783129099647,1146.3358688988117,2
1467,75.11764705882354,293.27341176470594,5.623529411764705,7.0470588235294125,1.6507303143006382,1153.0537168331005,17
1468,77.6,296.41202000000004,5.579999999999999,6.6800000000000015,1.6359816371248868,1208.3378779430795,5
1469,73.25,307.1990650000001,5.585,6.685,1.6325380475429874,1131.6007569998733,20
1470,87.33333333333333,312.34566666666666,6.0,6.766666666666667,1.7612937747133979,1395.4002912813417,3
1471,89.0,273.3796,6.0,6.8999999999999995,1.7291133877866136,1437.8408329243948,1
1472,80.3,309.83795999999995,5.550000000000001,7.01,1.626211489886066,1248.688799754304,10
1473,80.42857142857143,309.13525714285714,5.800000000000002,7.035714285714286,1.6215361109217286,1249.3864344280241,14
1474,87.0,313.5417,5.699999999999999,7.499999999999999,1.7978349748155384,1390.2139598330964,1
1475,78.78571428571429,298.2639,5.785714285714286,7.135714285714285,1.6279207305283638,1220.0314163586938,28
1476,81.9,307.0949,6.029999999999999,7.17,1.6702125931699596,1296.052477806196,10
1477,75.45454545454545,307.6809636363637,6.1090909090909085,6.709090909090909,1.6654405118594962,1161.8442648843254,11
1478,87.375,281.799775,5.1875,6.625,1.8143578202247568,1422.511517941611,8
1479,82.4,272.85878,5.119999999999999,6.51,1.6997618444584874,1323.1956785298587,10
1480,84.0625,297.08478749999995,5.206250000000001,6.51875,1.7449937862369878,1351.9198199392308,16
1481,84.8,269.8148,5.320000000000001,6.4,1.67130829223127,1364.2071779366947,5
1483,70.57777777777778,275.11059555555556,4.788888888888889,5.924444444444445,1.5360827774789139,1121.3105354639379,45
1484,71.26923076923077,269.4592897435898,4.75128205128205,6.170512820512821,1.549689887991309,1123.1879256836862,78
1485,73.78378378378379,276.61097837837843,4.635135135135135,6.124324324324324,1.6223086708906165,1181.2502773409394,37
1486,64.76470588235294,279.49346470588233,4.98235294117647,5.858823529411764,1.4155082639092846,1016.0428246514642,17
1487,68.42857142857143,293.2539607142857,4.928571428571429,5.678571428571429,1.551026354110049,1056.7928676332372,28
1488,73.73170731707317,281.78070975609756,4.941463414634146,6.065853658536585,1.6200106427737342,1176.9737588539854,41
1489,65.875,303.515625,5.000000000000001,6.34375,1.542655323522085,1022.5656260346973,16
1490,67.125,288.5127333333333,5.058333333333334,6.470833333333334,1.5459144751094218,1037.7065734905777,24
1491,69.55555555555556,271.30913333333336,5.1,6.0777777777777775,1.4628462873194603,1101.7355332992756,9
1493,71.82352941176471,287.9765705882353,5.288235294117648,6.029411764705882,1.5888951571456464,1128.6652965229491,17
1494,61.906666666666666,288.708332,5.288,5.7893333333333326,1.3915113189545816,949.0144289701269,75
1495,65.2,287.16434999999996,5.16,6.17,1.4573293950614175,1003.8968604716579,10
1496,62.81818181818182,276.4309727272727,5.154545454545455,6.627272727272726,1.4212229956404347,961.2524353780085,11
1497,69.75,276.032025,5.125,6.8500000000000005,1.5701096419852911,1083.2714551240338,12
1498,65.83333333333333,282.21451666666667,4.783333333333333,7.0,1.5462281649823144,1018.2974199744366,6
1499,66.45,268.096065,4.65,6.984999999999999,1.5176544842171285,1019.6668443695978,20
1500,68.83333333333333,275.6237166666667,4.894444444444444,7.072222222222223,1.5736154555926103,1070.150803338988,18
1503,77.2,268.365744,5.235999999999999,7.483999999999998,1.6772684284198334,1197.7114244395382,25
1504,74.75,249.13195,5.050000000000001,7.574999999999999,1.6127533006884072,1193.612446838607,4
1505,72.7,265.79862,4.89,7.25,1.6090809310037535,1156.193300816284,10
1506,65.08333333333333,248.91975000000002,5.366666666666666,7.133333333333333,1.404551866278064,1002.1323835638032,12
1507,66.0909090909091,263.1944545454545,5.090909090909092,6.936363636363637,1.455461680144312,1020.6129956103092,11
1509,69.0,263.0787,5.550000000000001,7.4,1.4880981476403692,1047.8630637417314,2
1510,65.0,277.3148,5.100000000000001,7.6000000000000005,1.4850953268549516,983.6755415194104,1
1511,77.15384615384616,256.0541307692307,5.130769230769231,6.846153846153845,1.6276622952726993,1231.8174227595416,13
1512,80.94117647058823,269.1789176470588,5.258823529411765,6.670588235294119,1.6442648618140798,1297.291203128144,17
1513,76.83333333333333,265.17170000000004,5.2250000000000005,6.508333333333334,1.5915642363296887,1229.2596321781987,12
1514,76.84,272.800928,5.172000000000001,6.36,1.6110546115693236,1239.6584485086614,25
1515,61.72727272727273,268.9288727272728,5.381818181818182,7.027272727272727,1.4261191396088788,938.0165218923063,11
1516,64.42857142857143,262.0370571428572,5.4,6.828571428571428,1.428889090399545,973.6856693805488,7
1517,69.66666666666667,268.6213888888889,5.433333333333334,6.98888888888889,1.5537527014380956,1069.6045891940018,9
1518,64.8,279.53702000000004,5.679999999999999,7.1,1.4638617280494621,993.1820726069603,5
1519,74.11764705882354,283.7690823529412,5.523529411764706,7.041176470588235,1.6181459416611732,1145.1434117827243,17
1520,68.33333333333333,278.65546666666665,5.4750000000000005,6.841666666666668,1.5466201517179348,1054.343352649014,12
1523,68.4,272.2685,5.5,6.56,1.5179492970232007,1081.3138634279053,5
1525,76.14285714285714,280.8201142857143,5.142857142857143,7.1,1.658654668592478,1213.2501813115052,7
1526,97.0,303.41435,4.799999999999999,6.199999999999999,2.0131629758814293,1587.0676965572661,2
1527,93.85714285714286,287.3842714285714,4.6000000000000005,6.371428571428572,1.914889463183793,1537.0905834610521,7
1528,95.0,278.2408,4.899999999999999,6.4,1.8912067296660962,1556.5278027002223,1
1529,87.33333333333333,287.03704999999997,5.233333333333332,6.95,1.778579668923541,1413.4252197565731,6
1530,88.88888888888889,291.3451666666666,4.98888888888889,6.933333333333334,1.825691338961261,1455.2943975834494,9
1531,88.22222222222223,299.82638333333335,4.861111111111111,6.805555555555555,1.8423238316529755,1438.2784962878482,18
1532,93.0,293.58363125000005,4.875,7.34375,1.9416133898259829,1527.5640659507342,16
1533,89.05263157894737,289.67470000000003,4.647368421052631,7.163157894736842,1.8327276466670774,1454.2264250704159,19
1534,96.75,299.855325,4.65,6.8500000000000005,2.0183593798155113,1609.1355567657777,4
1535,94.0,292.66973333333334,4.766666666666666,6.833333333333333,1.945356667689288,1547.7781073677534,3
1536,99.11111111111111,301.1959888888889,4.800000000000001,7.111111111111111,2.018061874915025,1608.7915567762573,9
1537,88.13333333333334,283.74228666666664,4.626666666666665,6.946666666666666,1.8447855657197691,1437.1017355016763,15
1538,86.0,285.62378947368416,4.673684210526317,6.878947368421054,1.8322868292714303,1402.075850829792,19
1539,87.52631578947368,298.8913315789473,4.684210526315788,6.800000000000001,1.8479755787070458,1438.2605811576477,19
1540,91.5,297.0100333333333,4.750000000000001,6.983333333333333,1.9108418596966283,1496.0083806007628,6
1541,88.3125,311.85618750000003,4.749999999999998,6.731249999999999,1.8532756741311731,1435.2285643632888,16
1542,92.3,321.26158,4.730000000000001,6.55,1.92818275349619,1487.8304758041281,10
1543,92.8,323.81944,5.220000000000001,6.779999999999999,1.9513371255058327,1524.6200662878377,5
1544,92.6,312.66202,5.160000000000002,7.0,1.953817830097407,1526.062522788083,5
1545,92.83333333333333,314.2361333333333,4.95,6.8999999999999995,1.9727743581859178,1525.8033597072304,6
1546,89.5,313.49537999999995,4.979999999999999,6.67,1.8617199786831422,1452.0097739252733,10
1547,87.5,307.2338,5.35,6.75,1.7662925144489252,1402.8501480373154,2
1548,92.66666666666667,319.71450000000004,5.600000000000001,6.699999999999999,1.9416645562265886,1502.7786052919714,3
1549,98.0,315.68287499999997,5.124999999999998,6.599999999999999,2.0210458731739647,1591.6697405194875,4
1550,98.58333333333333,300.53047499999997,5.083333333333335,6.991666666666666,2.0175799099537954,1609.3755964422232,12
1551,83.5,279.97685,4.049999999999997,5.75,1.8255369233494014,1327.8675558084592,2
1552,91.0,297.5694,4.400000000000002,5.9,1.8720699186591003,1470.620474524017,1
1553,88.0,316.5509,4.0000000000000036,5.9,1.862164323782976,1412.7886003035035,1
1554,77.36363636363636,303.7457818181818,4.281818181818182,6.572727272727272,1.753303316241419,1231.0706100293958,11
1555,81.77777777777777,304.08951111111105,4.533333333333333,6.333333333333332,1.8069334930074672,1324.7904483610628,9
1556,86.0,332.7546,4.199999999999999,6.699999999999999,1.9056272237352299,1391.5188016080908,1
1557,80.86666666666666,293.86574666666667,5.046666666666666,6.16,1.7158342565671774,1303.6936393310923,15
1558,85.63636363636364,309.8063909090909,4.963636363636365,6.336363636363635,1.836609078002596,1395.0079292637643,11
1560,82.3,303.92363,4.819999999999999,6.26,1.7654587739978098,1314.6214935670366,10
1561,78.57142857142857,305.5059428571429,4.97142857142857,5.928571428571429,1.660585680268386,1254.948334580651,7
1562,77.0,325.8102,4.899999999999999,6.000000000000001,1.7119688899605012,1224.7021989476925,1
1563,81.23529411764706,298.9923705882353,4.705882352941177,6.3,1.7260849377351686,1307.157516984241,17
1564,76.28571428571429,287.96297142857145,4.542857142857143,6.264285714285714,1.680220981363948,1218.310007832086,14
1566,81.0,296.3734333333333,4.400000000000001,6.333333333333333,1.7737176075972307,1300.9357867169915,3
1567,80.61111111111111,277.527,4.422222222222222,6.544444444444445,1.7737988273977792,1302.8484848067205,18
1568,80.6875,288.02805624999996,4.5249999999999995,6.418749999999999,1.7477264903023042,1307.1536800657407,16
1569,75.0,270.920125,4.8,6.5625,1.6351391993669757,1201.2444545290261,8
1570,74.2,289.71449333333334,4.759999999999999,6.659999999999999,1.6811816413838088,1166.1313581596894,15
1573,75.83333333333333,305.01543333333336,4.866666666666667,6.3500000000000005,1.7027478249685357,1213.1014024088554,6
1574,65.0,299.1898,4.925000000000001,6.125,1.4830268138686848,994.2895868281189,4
1575,65.125,296.35418749999997,4.550000000000001,6.125,1.488657990194045,992.9287733614801,8
1577,74.2,286.92129000000006,4.6,6.15,1.6612935035762977,1180.933150189681,10
1578,78.04761904761905,290.87301904761904,4.723809523809523,6.242857142857143,1.6910908406206129,1246.341423250258,21
1579,71.07692307692308,296.34083076923076,4.715384615384616,6.438461538461538,1.6603130219845883,1110.3938937456714,13
1581,69.70833333333333,294.348,4.529166666666666,6.4416666666666655,1.5977494112903887,1092.2779348065715,24
1582,75.42857142857143,280.53902857142856,4.757142857142857,6.92857142857143,1.6643707895241722,1200.7226104903775,7
1583,71.0,304.8611,4.799999999999997,6.8999999999999995,1.673984957823254,1101.5252285426664,1
1584,78.52941176470588,281.6448705882353,4.905882352941177,6.582352941176471,1.670747600101135,1265.0350652606228,17
1586,82.25,295.775475,4.750000000000001,6.749999999999999,1.775999990215772,1330.4755364009427,4
1587,82.375,318.31595000000004,5.037499999999999,6.35,1.7770163689492575,1314.533893655799,8
1588,84.5,319.184,5.199999999999999,6.625,1.830637238414887,1361.9687257509318,4
1589,70.85714285714286,306.6303,5.1571428571428575,7.071428571428571,1.6660962305688702,1098.2536275740147,7
1590,67.0,294.71453333333335,5.266666666666667,6.966666666666666,1.543720936118569,1016.5200973572615,3
1592,76.0,316.08793333333335,5.266666666666667,6.533333333333334,1.708076455994372,1203.1979849239024,3
1593,69.75,309.85724999999996,5.191666666666666,6.383333333333333,1.6419358447746906,1095.0460631681635,12
1594,70.05882352941177,313.22847058823527,5.470588235294118,6.841176470588235,1.6191711453881668,1075.9414359679856,17
1595,70.78571428571429,319.15508571428575,5.421428571428572,6.528571428571429,1.6560000012642024,1111.6103976366483,14
1596,65.0,321.6435,5.199999999999999,6.699999999999999,1.5173399350429855,993.2189863158216,1
1597,69.5,281.25,5.5,6.15,1.5192290982742827,1088.5759622785213,2
1599,79.57142857142857,302.2486714285714,5.4142857142857155,6.314285714285715,1.5963520005076643,1263.8133088285206,7
1600,80.81818181818181,303.5143090909091,5.627272727272728,6.472727272727273,1.5887517254457237,1278.1568930948833,11
1601,76.0,312.44214999999997,5.700000000000001,6.3,1.6886751738869297,1176.6589408728516,2
1602,77.0,314.6605,5.433333333333334,6.066666666666667,1.6976294672638557,1190.3446514390982,3
1603,66.3,297.97455,5.590000000000001,6.33,1.4821288247709061,1032.052362224198,10
1604,67.45454545454545,298.45328181818184,5.445454545454545,6.181818181818182,1.5177744984906365,1046.3715628529346,11
1605,74.66666666666667,294.86885,5.416666666666667,6.1499999999999995,1.6483055529267696,1174.127248589151,6
1606,73.66666666666667,294.8881333333333,5.566666666666667,6.316666666666667,1.6469741284711716,1160.598509646952,6
1608,66.71428571428571,295.1388714285714,5.828571428571428,6.171428571428572,1.5005854911354422,1045.500075890977,7
1609,67.88888888888889,325.4629777777778,5.655555555555556,6.01111111111111,1.5577179536687058,1046.1265386585221,9
1610,61.18181818181818,309.2487454545455,5.50909090909091,5.8,1.3964400468229414,949.7361074950574,11
1613,75.0,327.3726833333333,4.8166666666666655,5.8999999999999995,1.677144411172338,1188.7466801453652,6
1614,67.5,315.4977,4.75,5.859999999999999,1.5698279967391258,1043.9539470225207,10
1615,69.25,303.32755,4.6000000000000005,5.449999999999999,1.5488760477822232,1058.7375169543063,4
1616,75.0,303.1873153846154,4.769230769230768,5.815384615384615,1.6687398557650257,1183.7708174930121,13
1617,68.5,312.8858166666667,5.433333333333334,5.733333333333333,1.5966672372138702,1068.616851532956,6
1619,64.88888888888889,316.3665888888889,5.129629629629629,5.38888888888889,1.4622715832489923,1006.963815847398,27
1620,71.4,294.16668,5.1400000000000015,5.68,1.606430435107741,1095.807709599939,5
1623,68.1,355.98380000000003,5.3,5.550000000000001,1.5947584126396475,1057.1707264487993,10
1624,66.78571428571429,327.3065571428571,5.392857142857143,5.785714285714286,1.5636061041307014,1042.8904733199581,14
1625,64.14285714285714,324.5701142857142,5.6000000000000005,5.557142857142858,1.4734156552690854,985.9691608629187,7
1626,65.0,354.32099999999997,5.800000000000001,5.533333333333334,1.4737440312656689,1004.6699606229071,3
1629,70.28571428571429,322.5363714285714,6.385714285714286,6.142857142857143,1.6171963082184557,1095.5947357618238,7
1631,68.77272727272727,304.6822454545454,6.159090909090909,6.172727272727273,1.5257212696232634,1079.6330982368431,22
1632,79.5,311.40049999999997,6.049999999999999,6.1,1.6649223025882451,1225.161808351097,2
1633,75.57142857142857,322.2222285714286,5.642857142857143,6.485714285714286,1.7011764559805016,1183.9494296621012,7
1634,72.625,325.26041250000003,5.875,6.3625,1.6419670565918492,1144.1699941549887,8
1636,59.38461538461539,297.0708769230769,5.869230769230768,5.615384615384617,1.2899111777623142,898.5986101875017,13
1637,59.6,301.52776000000006,6.36,5.540000000000001,1.3153370547786571,915.8976914169198,5
1638,65.96153846153847,299.4213,6.0307692307692315,5.86153846153846,1.4375533185826435,1037.8754922401795,26
1639,55.0,281.4814875,5.775,5.4750000000000005,1.2296376594916831,839.8239788508417,8
1640,58.61538461538461,293.46065384615383,5.788461538461538,5.473076923076922,1.2657628123551374,902.241670408752,26
1641,66.6,291.82869,5.3100000000000005,5.250000000000001,1.505830995917166,1031.3466304512283,10
1642,57.32,289.592592,5.428,5.411999999999999,1.2616112336665897,876.4432743665614,25
1643,55.0,270.2546,5.699999999999999,5.1,1.1862557128851494,830.8195166653936,1
1644,59.5,291.49305,5.4,5.3500000000000005,1.2972291077071718,900.7837617419465,2
1645,56.2,296.78240999999997,5.58,5.469999999999999,1.265686792052943,862.0144063723839,10
1646,53.5,301.1574,6.0,5.05,1.2257208949775402,797.3546323218569,2
1647,55.5,316.14585,5.600000000000001,4.949999999999999,1.2829986168415282,840.5190177085609,2
