start_date,current_date,predicted_end_date,current_running_hour,target_cost,cumulative_cost,cumulative_running_hours,cumulative_supply_dt_increase,cumulative_ea_increase,supply_dt_increase,ea_increase,cost_increase,period,cluster_id,slope_dt_vs_rh,slope_dt_vs_ea,cumulative_ea_per_hour
2023-06-01 19:57:00,2025-12-29 11:21:00,2027-02-24 15:44:00.000003848,1847.6166666655995,300000.0,300697.7218712333,,,,,,,,,,,
,,,,,0.7828861498012638,10.0,0.008990871410798643,0.6022201152317413,0.008990871410798643,0.6022201152317413,0.7828861498012638,10.0,840.0,0.0008990871410798642,66.98128442905261,0.060222011523174135
,,,,,2.3486584494037914,20.0,0.017981742821597285,1.806660345695224,0.008990871410798643,1.2044402304634827,1.5657722996025276,10.0,840.0,0.0008990871410798642,66.98128442905261,0.0903330172847612
,,,,,4.697316898807583,30.0,0.026972614232395928,3.613320691390448,0.008990871410798643,1.8066603456952242,2.3486584494037914,10.0,840.0,0.0008990871410798642,66.98128442905261,0.12044402304634826
,,,,,10.829408122039537,40.0,0.03596348564319457,8.330313940030411,0.008990871410798643,4.716993248639964,6.132091223231954,10.0,1115.0,0.0008990871410798642,131.16062484706814,0.2082578485007603
,,,,,18.49452215107948,50.0,0.04495435705399321,14.226555500830365,0.008990871410798643,5.896241560799955,7.665114029039941,10.0,1115.0,0.0008990871410798642,131.16062484706814,0.2845311100166073
,,,,,21.218018288056115,60.0,0.053945228464791856,16.32155252927393,0.008990871410798643,2.0949970284435664,2.7234961369766366,10.0,1111.0,0.0008990871410798642,38.835631770674524,0.27202587548789886
,,,,,26.9843609982819,70.0,0.06248749733838953,20.757200767909147,0.008542268873597676,4.435648238635219,5.766342710225785,10.0,807.0,0.0008542268873597676,70.98457175544706,0.29653143954155925
,,,,,27.80232055055547,80.0,0.06806374429681104,21.3864004235042,0.0055762469584215105,0.6291996555950535,0.8179595522735696,10.0,1110.0,0.0005576246958421511,9.244270383528299,0.26733000529380246
,,,,,30.391612980406343,90.0,0.07705461570760969,23.378163831081793,0.008990871410798643,1.991763407577592,2.58929242985087,10.0,1122.0,0.0008990871410798642,25.84872287385753,0.2597573759009088
,,,,,32.43014359009365,100.0,0.07769753876132088,24.94626430007203,0.0006429230537111962,1.5681004689902371,2.0385306096873084,10.0,1128.0,6.429230537111961e-05,20.182112509474543,0.2494626430007203
,,,,,34.485542408807376,110.0,0.07834046181503207,26.527340314467203,0.0006429230537111962,1.5810760143951714,2.055398818713723,10.0,1128.0,6.429230537111961e-05,20.182112509474543,0.2411576392224291
,,,,,46.41813024835334,120.0,0.07937179174738707,35.70625403719487,0.0010313299323549895,9.178913722727668,11.932587839545969,10.0,1176.0,0.00010313299323549896,115.64453215244242,0.29755211697662387
,,,,,58.50576605567792,130.0,0.08040312167974206,45.00443542744454,0.0010313299323549895,9.298181390249672,12.087635807324574,10.0,1176.0,0.00010313299323549896,115.64453215244242,0.3461879648264965
,,,,,70.7484498307811,140.0,0.08143445161209706,54.42188448521622,0.0010313299323549895,9.417449057771675,12.242683775103178,10.0,1176.0,0.00010313299323549896,115.64453215244242,0.38872774632297297
,,,,,70.92890686862367,150.0,0.08309046464376767,54.56069759124897,0.0016560130316706097,0.13881310603274793,0.18045703784257233,10.0,1165.0,0.00016560130316706098,1.670626185903268,0.3637379839416598
,,,,,71.11296045882162,160.0,0.08474647767543828,54.70227727601662,0.0016560130316706097,0.1415796847676539,0.18405359019795006,10.0,1165.0,0.00016560130316706098,1.670626185903268,0.3418892329751039
,,,,,71.30061060137494,170.0,0.08640249070710888,54.846623539519186,0.0016560130316706097,0.14434626350255989,0.18765014255332785,10.0,1165.0,0.00016560130316706098,1.670626185903268,0.3226271972912893
,,,,,71.49185729628364,180.0,0.08805850373877949,54.993736381756655,0.0016560130316706097,0.14711284223746585,0.1912466949087056,10.0,1165.0,0.00016560130316706098,1.670626185903268,0.30552075767642584
,,,,,71.68670054354773,190.0,0.0897145167704501,55.14361580272902,0.0016560130316706097,0.14987942097237184,0.1948432472640834,10.0,1165.0,0.00016560130316706098,1.670626185903268,0.29022955685646856
,,,,,71.8851403431672,200.0,0.09137052980212071,55.2962618024363,0.0016560130316706097,0.1526459997072778,0.19843979961946115,10.0,1165.0,0.00016560130316706098,1.670626185903268,0.2764813090121815
,,,,,72.08717669514203,210.0,0.09302654283379132,55.45167438087848,0.0016560130316706097,0.15541257844218379,0.20203635197483893,10.0,1165.0,0.00016560130316706098,1.670626185903268,0.2640555922898975
,,,,,72.80563150838361,220.0,0.09637870813133474,56.00433192952584,0.003352165297543422,0.5526575486473629,0.7184548132415719,10.0,1071.0,0.0003352165297543422,5.7342286420176904,0.25456514513420836
,,,,,74.84991627118457,230.0,0.09669662088856126,57.57685867014196,0.00031791275722651966,1.5725267406161207,2.044284762800957,10.0,688.0,3.1791275722651966e-05,16.26247873158247,0.25033416813105197
,,,,,80.47915292695677,240.0,0.0988534728983212,61.90704071304365,0.0021568520097599462,4.330182042901691,5.629236655772198,10.0,983.0,0.00021568520097599463,43.80404568442055,0.2579460029710152
,,,,,86.23121207989004,250.0,0.10101032490808115,66.3317015999154,0.0021568520097599462,4.42466088687175,5.752059152933275,10.0,983.0,0.00021568520097599463,43.80404568442055,0.2653268063996616
,,,,,92.1060937299844,260.0,0.1031671769178411,70.85084133075722,0.0021568520097599462,4.519139730841808,5.874881650094351,10.0,983.0,0.00021568520097599463,43.80404568442055,0.2725032358875278
,,,,,98.10379787723983,270.0,0.10532402892760104,75.46445990556909,0.0021568520097599462,4.613618574811867,5.997704147255428,10.0,983.0,0.00021568520097599463,43.80404568442055,0.2794979996502559
,,,,,114.37131523103292,280.0,0.11118048757939497,87.97793479310224,0.005856458651793928,12.513474887533148,16.267517353793092,10.0,589.0,0.0005856458651793928,112.55099847081678,0.3142069099753651
,,,,,131.4957279342172,290.0,0.1170369462311889,101.15055994939785,0.005856458651793928,13.172625156295608,17.12441270318429,10.0,589.0,0.0005856458651793928,112.55099847081678,0.3487950343082684
,,,,,149.47703598679269,300.0,0.12289340488298284,114.98233537445591,0.005856458651793928,13.83177542505807,17.98130805257549,10.0,589.0,0.0005856458651793928,112.55099847081678,0.3832744512481864
,,,,,168.31523938875938,310.0,0.12874986353477677,129.47326106827643,0.005856458651793928,14.490925693820529,18.838203401966688,10.0,589.0,0.0005856458651793928,112.55099847081678,0.41765568086540783
,,,,,188.01033814011726,320.0,0.1346063221865707,144.62333703085943,0.005856458651793928,15.15007596258299,19.69509875135789,10.0,589.0,0.0005856458651793928,112.55099847081678,0.4519479282214357
,,,,,197.21170358493015,330.0,0.13960961755804466,151.70131044994628,0.005003295371473963,7.077973419086844,9.201365444812899,10.0,56.0,0.0005003295371473963,50.698322528847825,0.45970094075741297
,,,,,206.74282531692813,340.0,0.1446129129295186,159.0329425514832,0.005003295371473963,7.331632101536922,9.531121731997999,10.0,56.0,0.0005003295371473963,50.698322528847825,0.4677439486808329
,,,,,216.60370333611124,350.0,0.14961620830099256,166.6182333354702,0.005003295371473963,7.585290783987,9.860878019183101,10.0,56.0,0.0005003295371473963,50.698322528847825,0.47605209524420056
,,,,,226.79433764247943,360.0,0.15461950367246652,174.45718280190727,0.005003295371473963,7.838949466437079,10.190634306368203,10.0,56.0,0.0005003295371473963,50.698322528847825,0.4846032855608535
,,,,,237.31472823603275,370.0,0.15962279904394047,182.54979095079443,0.005003295371473963,8.092608148887157,10.520390593553305,10.0,56.0,0.0005003295371473963,50.698322528847825,0.4933778133805255
,,,,,248.16487511677116,380.0,0.16462609441541443,190.89605778213166,0.005003295371473963,8.346266831337234,10.850146880738404,10.0,56.0,0.0005003295371473963,50.698322528847825,0.5023580467950833
,,,,,259.34477828469466,390.0,0.16962938978688838,199.49598329591896,0.005003295371473963,8.599925513787312,11.179903167923506,10.0,56.0,0.0005003295371473963,50.698322528847825,0.5115281622972281
,,,,,261.72172266105883,400.0,0.16985735491959508,201.32440204696834,0.0002279651327066997,1.8284187510493735,2.3769443763641855,10.0,64.0,2.2796513270669968e-05,10.764436735252866,0.5033110051174209
,,,,,264.10185712854656,410.0,0.17008532005230179,203.1552747142666,0.0002279651327066997,1.8308726672982383,2.38013446748771,10.0,64.0,2.2796513270669968e-05,10.764436735252866,0.4955006700347966
,,,,,266.48518168715776,420.0,0.1703132851850085,204.9886012978137,0.0002279651327066997,1.833326583547103,2.383324558611234,10.0,64.0,2.2796513270669968e-05,10.764436735252866,0.4880680983281278
,,,,,266.98844590677123,430.0,0.17930415659580712,205.37572762059327,0.008990871410798643,0.3871263227795738,0.503264219613446,10.0,1080.0,0.0008990871410798642,2.159048234739174,0.477617971210682
,,,,,267.5169453689474,440.0,0.18829502800660575,205.7822656684211,0.008990871410798643,0.4065380478278255,0.5284994621761732,10.0,1080.0,0.0008990871410798642,2.159048234739174,0.4676869674282298
,,,,,291.02914333506504,450.0,0.19728589941740438,223.8685717962039,0.008990871410798643,18.086306127782787,23.512197966117625,10.0,57.0,0.0008990871410798642,91.67561483711,0.4974857151026753
,,,,,305.2659563447383,460.0,0.1998582324597299,234.8199664190295,0.0025723330423255164,10.951394622825601,14.236813009673282,10.0,1073.0,0.00025723330423255164,54.795814453288706,0.5104781878674555
,,,,,331.11769584481027,470.0,0.20884910387052852,254.70591988062333,0.008990871410798643,19.885953461593825,25.851739500071975,10.0,1088.0,0.0008990871410798642,95.21684839941517,0.5419274891077092
,,,,,337.8240656795216,480.0,0.21061917074873474,259.86466590732437,0.0017700668782062183,5.1587460267010306,6.70636983471134,10.0,52.0,0.00017700668782062183,24.493240612248595,0.5413847206402591
,,,,,365.63511329415707,490.0,0.2136161278856676,281.25777945704397,0.0029969571369328806,21.393113549719605,27.811047614635488,10.0,43.0,0.00029969571369328806,100.14746433925487,0.5739954682796815
,,,,,378.48680688018663,500.0,0.22260699929646627,291.14369760014364,0.008990871410798643,9.885918143099676,12.85169358602958,10.0,47.0,0.0008990871410798642,44.40973632609677,0.5822873952002873
,,,,,391.8575673635202,510.0,0.2315978707072649,301.42889797193874,0.008990871410798643,10.285200371795085,13.37076048333361,10.0,47.0,0.0008990871410798642,44.40973632609677,0.5910370548469387
,,,,,405.7473947441579,520.0,0.24058874211806353,312.1133805724292,0.008990871410798643,10.684482600490494,13.889827380637643,10.0,47.0,0.0008990871410798642,44.40973632609677,0.6002180395623639
,,,,,420.15628902209954,530.0,0.24957961352886215,323.1971454016151,0.008990871410798643,11.083764829185903,14.408894277941673,10.0,47.0,0.0008990871410798642,44.40973632609677,0.6098059347200285
,,,,,435.0842501973452,540.0,0.2585704849396608,334.6801924594964,0.008990871410798643,11.483047057881311,14.927961175245706,10.0,47.0,0.0008990871410798642,44.40973632609677,0.6197781341842526
,,,,,450.531278269895,550.0,0.2675613563504594,346.5625217460731,0.008990871410798643,11.88232928657672,15.447028072549736,10.0,47.0,0.0008990871410798642,44.40973632609677,0.6301136759019511
,,,,,466.49737323974875,560.0,0.27655222776125804,358.84413326134523,0.008990871410798643,12.281611515272129,15.966094969853769,10.0,47.0,0.0008990871410798642,44.40973632609677,0.6407930951095451
,,,,,482.98253510690654,570.0,0.28554309917205667,371.5250270053128,0.008990871410798643,12.680893743967538,16.4851618671578,10.0,47.0,0.0008990871410798642,44.40973632609677,0.6517982929917768
,,,,,529.0321411541789,580.0,0.28637544032679496,406.94780088783,0.0008323411547382787,35.42277388251722,46.049606047272384,10.0,686.0,8.323411547382787e-05,123.69347679429079,0.7016341394617759
,,,,,544.2291105912452,590.0,0.2878361608928304,418.63777737788104,0.001460720566035414,11.68997649005103,15.19696943706634,10.0,491.0,0.0001460720566035414,40.61330047548662,0.7095555548777644
,,,,,559.5032021165484,600.0,0.2892968814588658,430.38707855119117,0.001460720566035414,11.74930117331015,15.274091525303195,10.0,491.0,0.0001460720566035414,40.61330047548662,0.7173117975853186
,,,,,574.8544157300885,610.0,0.2907576020249012,442.19570440776045,0.001460720566035414,11.808625856569268,15.351213613540049,10.0,491.0,0.0001460720566035414,40.61330047548662,0.7249109908323942
,,,,,590.2827514318653,620.0,0.2922183225909366,454.0636549475888,0.001460720566035414,11.867950539828387,15.428335701776904,10.0,491.0,0.0001460720566035414,40.61330047548662,0.7323607337864336
,,,,,628.4250062885666,630.0,0.2926831865823066,483.40385099120516,0.0004648639913699418,29.34019604361632,38.142254856701214,10.0,678.0,4.648639913699418e-05,100.24558084878392,0.76730769998604
,,,,,666.6278418743475,640.0,0.29314805057367654,512.7906475956521,0.0004648639913699418,29.38679660444689,38.20283558578096,10.0,678.0,4.648639913699418e-05,100.24558084878392,0.8012353868682064
,,,,,704.8912581892082,650.0,0.2936129145650465,542.2240447609296,0.0004648639913699418,29.433397165277455,38.26341631486069,10.0,678.0,4.648639913699418e-05,100.24558084878392,0.8341908380937378
,,,,,758.4818366379773,660.0,0.2938569948253173,583.447566644598,0.00024408026027079407,41.223521883668475,53.59057844876902,10.0,475.0,2.4408026027079408e-05,140.28429681646242,0.8840114646130274
,,,,,776.4968673204075,670.0,0.2963492612653328,597.3052825541598,0.002492266440015473,13.85771590956177,18.015030682430304,10.0,906.0,0.0002492266440015473,46.76143227215414,0.8915004217226266
,,,,,788.884429800846,680.0,0.29792522079144984,606.8341767698817,0.0015759595261170762,9.528894215721884,12.387562480438449,10.0,845.0,0.00015759595261170763,31.98418109889458,0.8924032011321789
,,,,,789.2285630249748,690.0,0.30691609220224847,607.0988946345961,0.008990871410798643,0.26471786471454467,0.34413322412890807,10.0,893.0,0.0008990871410798642,0.862508911849769,0.8798534704849219
,,,,,789.582777367836,700.0,0.3159069636130471,607.3713672060278,0.008990871410798643,0.2724725714316538,0.35421434286115,10.0,893.0,0.0008990871410798642,0.862508911849769,0.8676733817228969
,,,,,789.9470728294294,710.0,0.3248978350238457,607.6515944841766,0.008990871410798643,0.2802272781487629,0.3642954615933918,10.0,893.0,0.0008990871410798642,0.862508911849769,0.8558473161748966
,,,,,790.321449409755,720.0,0.33388870643464436,607.9395764690424,0.008990871410798643,0.28798198486587206,0.3743765803256337,10.0,893.0,0.0008990871410798642,0.862508911849769,0.84436052287367
,,,,,840.2989134125469,730.0,0.342879577845443,646.383779548113,0.008990871410798643,38.44420307907062,49.977464002791805,10.0,908.0,0.0008990871410798642,112.12158892822657,0.885457232257689
,,,,,850.5373150650164,740.0,0.34563688598206843,654.2594731269357,0.0027573081366254536,7.875693578822751,10.238401652469577,10.0,909.0,0.00027573081366254534,22.786033256969397,0.8841344231445077
,,,,,851.3247697205613,750.0,0.35462775739286706,654.8652074773549,0.008990871410798643,0.6057343504191987,0.7874546555449583,10.0,852.0,0.0008990871410798642,1.7080849927608692,0.8731536099698066
,,,,,852.1321887003935,760.0,0.3636186288036657,655.4862990003028,0.008990871410798643,0.6210915229478265,0.8074189798321746,10.0,852.0,0.0008990871410798642,1.7080849927608692,0.8624819723688194
,,,,,864.1656411746231,770.0,0.3726095002144643,664.7428009035564,0.008990871410798643,9.256501903253552,12.033452474229618,10.0,956.0,0.0008990871410798642,24.84236686913713,0.8633023388357874
,,,,,876.4894545327312,780.0,0.38160037162526295,674.2226573328702,0.008990871410798643,9.479856429313848,12.323813358108003,10.0,956.0,0.0008990871410798642,24.84236686913713,0.8643880222216285
,,,,,887.7522220181377,790.0,0.3905912430360616,682.8863246293367,0.008990871410798643,8.663667296466517,11.262767485406473,10.0,873.0,0.0008990871410798642,22.180905104589453,0.8644130691510592
,,,,,902.4596079736128,800.0,0.3995821144468602,694.1996984412407,0.008990871410798643,11.313373811903928,14.707385955475106,10.0,437.0,0.0008990871410798642,28.313013528057887,0.8677496230515509
,,,,,917.4979201921358,810.0,0.40857298585765883,705.7676309170275,0.008990871410798643,11.567932475786899,15.038312218522968,10.0,437.0,0.0008990871410798642,28.313013528057887,0.8713180628605278
,,,,,951.4729060584642,820.0,0.4091035049603772,731.9022354295879,0.0005305191027183454,26.134604512560355,33.97498586632846,10.0,386.0,5.3051910271834537e-05,63.882621868740934,0.8925637017433998
,,,,,985.4919501613957,830.0,0.4096340240630955,758.0707308933813,0.0005305191027183454,26.168495463793455,34.019044102931495,10.0,386.0,5.3051910271834537e-05,63.882621868740934,0.9133382299920257
,,,,,1019.5550525009303,840.0,0.41016454316581386,784.2731173084079,0.0005305191027183454,26.202386415026556,34.063102339534524,10.0,386.0,5.3051910271834537e-05,63.882621868740934,0.9336584729861999
,,,,,1069.579933657426,850.0,0.4115702120205215,822.7537951210968,0.0014056688547076576,38.48067781268889,50.02488115649556,10.0,775.0,0.00014056688547076576,93.49723738211206,0.9679456413189375
,,,,,1119.7756688148875,860.0,0.4129758808752292,861.3658990883749,0.0014056688547076576,38.61210396727814,50.195735157461584,10.0,775.0,0.00014056688547076576,93.49723738211206,1.0015882547539243
,,,,,1170.142257973315,870.0,0.41438154972993685,900.1094292102423,0.0014056688547076576,38.74353012186738,50.366589158427594,10.0,775.0,0.00014056688547076576,93.49723738211206,1.0346085393221176
,,,,,1220.6797011327087,880.0,0.4157872185846445,938.9843854866989,0.0014056688547076576,38.87495627645662,50.53744315939361,10.0,775.0,0.00014056688547076576,93.49723738211206,1.0670277107803396
,,,,,1271.3879982930684,890.0,0.4171928874393522,977.9907679177447,0.0014056688547076576,39.00638243104587,50.708297160359635,10.0,775.0,0.00014056688547076576,93.49723738211206,1.0988660313682526
,,,,,1332.364229700116,900.0,0.4194051741132476,1024.8955613077815,0.0022122866738954494,46.90479339003663,60.97623140704762,10.0,420.0,0.00022122866738954493,111.83646813420431,1.138772845897535
,,,,,1393.6620997337052,910.0,0.4216174607871431,1072.047769025927,0.0022122866738954494,47.15220771814546,61.2978700335891,10.0,420.0,0.00022122866738954493,111.83646813420431,1.1780744714570626
,,,,,1433.6315260931262,920.0,0.42550397092471687,1102.793481610097,0.0038865101375737945,30.745712584170047,39.969426359421064,10.0,137.0,0.00038865101375737946,72.25716958023358,1.1986885669674967
,,,,,1473.966029141259,930.0,0.42939048106229066,1133.820022416353,0.0038865101375737945,31.026540806256012,40.33450304813282,10.0,137.0,0.00038865101375737946,72.25716958023358,1.219161314426186
,,,,,1534.1343436609263,940.0,0.4342766744325009,1180.1033412776355,0.004886193370210252,46.28331886128256,60.16831451966733,10.0,776.0,0.0004886193370210252,106.5756500087511,1.2554290864655697
,,,,,1594.979632185442,950.0,0.43916286780271113,1226.9074093734166,0.004886193370210252,46.80406809578117,60.845288524515524,10.0,776.0,0.0004886193370210252,106.5756500087511,1.291481483550965
,,,,,1656.5018947148055,960.0,0.44404906117292137,1274.2322267036964,0.004886193370210252,47.32481733027977,61.5222625293637,10.0,776.0,0.0004886193370210252,106.5756500087511,1.3273252361496837
,,,,,1718.7011312490174,970.0,0.4489352545431316,1322.0777932684748,0.004886193370210252,47.84556656477838,62.1992365342119,10.0,776.0,0.0004886193370210252,106.5756500087511,1.3629667971839947
,,,,,1781.5773417880775,980.0,0.45382144791334184,1370.4441090677517,0.004886193370210252,48.36631579927698,62.87621053906008,10.0,776.0,0.0004886193370210252,106.5756500087511,1.3984123561915833
,,,,,1845.1305263319857,990.0,0.45870764128355207,1419.3311741015273,0.004886193370210252,48.88706503377559,63.55318454390827,10.0,776.0,0.0004886193370210252,106.5756500087511,1.4336678526278053
,,,,,1909.3606848807422,1000.0,0.4635938346537623,1468.7389883698015,0.004886193370210252,49.407814268274194,64.23015854875645,10.0,776.0,0.0004886193370210252,106.5756500087511,1.4687389883698014
,,,,,1974.2678174343469,1010.0,0.46848002802397254,1518.6675518725742,0.004886193370210252,49.9285635027728,64.90713255360464,10.0,776.0,0.0004886193370210252,106.5756500087511,1.5036312394777962
,,,,,2039.8519239927996,1020.0,0.4733662213941828,1569.1168646098456,0.004886193370210252,50.449312737271406,65.58410655845283,10.0,776.0,0.0004886193370210252,106.5756500087511,1.5383498672645546
,,,,,2106.113004556101,1030.0,0.478252414764393,1620.0869265816157,0.004886193370210252,50.970061971770015,66.26108056330102,10.0,776.0,0.0004886193370210252,106.5756500087511,1.5728999287200152
,,,,,2173.05105912425,1040.0,0.48313860813460324,1671.5777377878842,0.004886193370210252,51.490811206268624,66.93805456814921,10.0,776.0,0.0004886193370210252,106.5756500087511,1.607286286334504
,,,,,2240.6660876972473,1050.0,0.4880248015048135,1723.5892982286514,0.004886193370210252,52.01156044076723,67.6150285729974,10.0,776.0,0.0004886193370210252,106.5756500087511,1.6415136173606204
,,,,,2308.958090275093,1060.0,0.4929109948750237,1776.1216079039173,0.004886193370210252,52.532309675265836,68.2920025778456,10.0,776.0,0.0004886193370210252,106.5756500087511,1.6755864225508654
,,,,,2377.927066857787,1070.0,0.49779718824523395,1829.1746668136816,0.004886193370210252,53.05305890976444,68.96897658269377,10.0,776.0,0.0004886193370210252,106.5756500087511,1.7095090344053099
,,,,,2447.573017445329,1080.0,0.5026833816154442,1882.7484749579446,0.004886193370210252,53.57380814426305,69.64595058754196,10.0,776.0,0.0004886193370210252,106.5756500087511,1.7432856249610598
,,,,,2517.895942037719,1090.0,0.5075695749856545,1936.8430323367063,0.004886193370210252,54.09455737876166,70.32292459239015,10.0,776.0,0.0004886193370210252,106.5756500087511,1.7769202131529416
,,,,,2588.8958406349575,1100.0,0.5124557683558647,1991.4583389499667,0.004886193370210252,54.61530661326026,70.99989859723834,10.0,776.0,0.0004886193370210252,106.5756500087511,1.810416671772697
,,,,,2660.572713237044,1110.0,0.5173419617260749,2046.5943947977255,0.004886193370210252,55.13605584775887,71.67687260208653,10.0,776.0,0.0004886193370210252,106.5756500087511,1.8437787340520049
,,,,,2732.926559843979,1120.0,0.5222281550962852,2102.251199879983,0.004886193370210252,55.65680508225748,72.35384660693472,10.0,776.0,0.0004886193370210252,106.5756500087511,1.8770099998928418
,,,,,2805.9573804557617,1130.0,0.5271143484664954,2158.4287541967387,0.004886193370210252,56.17755431675608,73.0308206117829,10.0,776.0,0.0004886193370210252,106.5756500087511,1.9101139417670254
,,,,,2879.6651750723927,1140.0,0.5320005418367056,2215.1270577479936,0.004886193370210252,56.69830355125469,73.7077946166311,10.0,776.0,0.0004886193370210252,106.5756500087511,1.9430939103052576
,,,,,2954.049943693872,1150.0,0.5368867352069159,2272.346110533747,0.004886193370210252,57.21905278575329,74.38476862147928,10.0,776.0,0.0004886193370210252,106.5756500087511,1.9759531395945626
,,,,,3029.1116863201996,1160.0,0.5417729285771261,2330.0859125539987,0.004886193370210252,57.7398020202519,75.06174262632747,10.0,776.0,0.0004886193370210252,106.5756500087511,2.008694752201723
,,,,,3104.850402951375,1170.0,0.5466591219473363,2388.3464638087494,0.004886193370210252,58.2605512547505,75.73871663117566,10.0,776.0,0.0004886193370210252,106.5756500087511,2.041321763939102
,,,,,3181.266093587399,1180.0,0.5515453153175466,2447.1277642979985,0.004886193370210252,58.78130048924911,76.41569063602385,10.0,776.0,0.0004886193370210252,106.5756500087511,2.0738370883881343
,,,,,3258.358758228271,1190.0,0.5564315086877568,2506.429814021746,0.004886193370210252,59.302049723747714,77.09266464087203,10.0,776.0,0.0004886193370210252,106.5756500087511,2.1062435411947447
,,,,,3336.1283968739913,1200.0,0.561317702057967,2566.2526129799926,0.004886193370210252,59.822798958246324,77.76963864572022,10.0,776.0,0.0004886193370210252,106.5756500087511,2.1385438441499938
,,,,,3414.57500952456,1210.0,0.5662038954281773,2626.5961611727375,0.004886193370210252,60.343548192744926,78.44661265056841,10.0,776.0,0.0004886193370210252,106.5756500087511,2.170740629068378
,,,,,3493.6985961799764,1220.0,0.5710900887983875,2687.460458599981,0.004886193370210252,60.864297427243535,79.1235866554166,10.0,776.0,0.0004886193370210252,106.5756500087511,2.202836441475394
,,,,,3573.499156840241,1230.0,0.5759762821685978,2748.8455052617232,0.004886193370210252,61.38504666174214,79.80056066026478,10.0,776.0,0.0004886193370210252,106.5756500087511,2.234833744115222
,,,,,3653.976691505354,1240.0,0.580862475538808,2810.751301157964,0.004886193370210252,61.90579589624075,80.47753466511297,10.0,776.0,0.0004886193370210252,106.5756500087511,2.266734920288681
,,,,,3735.1312001753154,1250.0,0.5857486689090182,2873.177846288703,0.004886193370210252,62.42654513073935,81.15450866996116,10.0,776.0,0.0004886193370210252,106.5756500087511,2.2985422770309625
,,,,,3816.9626828501246,1260.0,0.5906348622792285,2936.1251406539413,0.004886193370210252,62.94729436523796,81.83148267480935,10.0,776.0,0.0004886193370210252,106.5756500087511,2.330258048138049
,,,,,3899.4711395297822,1270.0,0.5955210556494387,2999.593184253678,0.004886193370210252,63.46804359973656,82.50845667965753,10.0,776.0,0.0004886193370210252,106.5756500087511,2.36188439705014
,,,,,3982.656570214288,1280.0,0.6004072490196489,3063.581977087913,0.004886193370210252,63.98879283423517,83.18543068450572,10.0,776.0,0.0004886193370210252,106.5756500087511,2.393423419599932
,,,,,4066.5189749036417,1290.0,0.6052934423898592,3128.091519156647,0.004886193370210252,64.50954206873378,83.86240468935392,10.0,776.0,0.0004886193370210252,106.5756500087511,2.4248771466330594
,,,,,4151.058353597844,1300.0,0.6101796357600694,3193.1218104598793,0.004886193370210252,65.03029130323237,84.53937869420209,10.0,776.0,0.0004886193370210252,106.5756500087511,2.4562475465075995
,,,,,4236.274706296894,1310.0,0.6150658291302796,3258.67285099761,0.004886193370210252,65.55104053773098,85.21635269905028,10.0,776.0,0.0004886193370210252,106.5756500087511,2.4875365274790915
,,,,,4322.168033000792,1320.0,0.6199520225004899,3324.74464076984,0.004886193370210252,66.0717897722296,85.89332670389848,10.0,776.0,0.0004886193370210252,106.5756500087511,2.5187459399771512
,,,,,4408.738333709539,1330.0,0.6248382158707001,3391.337179776568,0.004886193370210252,66.5925390067282,86.57030070874667,10.0,776.0,0.0004886193370210252,106.5756500087511,2.5498775787793746
,,,,,4495.985608423134,1340.0,0.6297244092409103,3458.4504680177947,0.004886193370210252,67.11328824122681,87.24727471359486,10.0,776.0,0.0004886193370210252,106.5756500087511,2.5809331850879067
,,,,,4583.909857141577,1350.0,0.6346106026111206,3526.0845054935203,0.004886193370210252,67.6340374757254,87.92424871844304,10.0,776.0,0.0004886193370210252,106.5756500087511,2.6119144485137187
,,,,,4672.511079864868,1360.0,0.6394967959813308,3594.2392922037443,0.004886193370210252,68.15478671022402,88.60122272329123,10.0,776.0,0.0004886193370210252,106.5756500087511,2.6428230089733415
,,,,,4761.789276593008,1370.0,0.644382989351541,3662.9148281484668,0.004886193370210252,68.67553594472263,89.27819672813942,10.0,776.0,0.0004886193370210252,106.5756500087511,2.6736604585025305
,,,,,4851.744447325996,1380.0,0.6492691827217513,3732.111113327688,0.004886193370210252,69.19628517922123,89.95517073298761,10.0,776.0,0.0004886193370210252,106.5756500087511,2.7044283429910783
,,,,,4942.376592063832,1390.0,0.6541553760919615,3801.828147741408,0.004886193370210252,69.71703441371983,90.63214473783579,10.0,776.0,0.0004886193370210252,106.5756500087511,2.7351281638427394
,,,,,5033.685710806516,1400.0,0.6590415694621717,3872.0659313896263,0.004886193370210252,70.23778364821844,91.30911874268398,10.0,776.0,0.0004886193370210252,106.5756500087511,2.765761379564019
,,,,,5125.671803554048,1410.0,0.663927762832382,3942.8244642723434,0.004886193370210252,70.75853288271705,91.98609274753217,10.0,776.0,0.0004886193370210252,106.5756500087511,2.79632940728535
,,,,,5218.3348703064285,1420.0,0.6688139562025922,4014.103746389559,0.004886193370210252,71.27928211721566,92.66306675238036,10.0,776.0,0.0004886193370210252,106.5756500087511,2.826833624217999
,,,,,5311.674911063657,1430.0,0.6737001495728024,4085.903777741273,0.004886193370210252,71.80003135171425,93.34004075722854,10.0,776.0,0.0004886193370210252,106.5756500087511,2.8572753690498414
,,,,,5405.691925825734,1440.0,0.6785863429430127,4158.224558327486,0.004886193370210252,72.32078058621286,94.01701476207673,10.0,776.0,0.0004886193370210252,106.5756500087511,2.8876559432829767
,,,,,5500.385914592659,1450.0,0.6834725363132229,4231.066088148198,0.004886193370210252,72.84152982071147,94.69398876692492,10.0,776.0,0.0004886193370210252,106.5756500087511,2.9179766125159987
,,,,,5595.7568773644325,1460.0,0.6883587296834331,4304.428367203408,0.004886193370210252,73.36227905521008,95.37096277177311,10.0,776.0,0.0004886193370210252,106.5756500087511,2.948238607673567
,,,,,5649.502094255358,1470.0,0.6973496010942318,4345.7708417348895,0.008990871410798643,41.34247453148137,53.74521689092578,10.0,616.0,0.0008990871410798642,59.285148319594185,2.956306695057748
,,,,,5665.75372858466,1480.0,0.7063404725050305,4358.272098911276,0.008990871410798643,12.50125717638626,16.25163432930214,10.0,531.0,0.0008990871410798642,17.69862787566265,2.9447784452103214
,,,,,5682.212226827553,1490.0,0.7153313439158292,4370.93248217504,0.008990871410798643,12.660383263763919,16.458498242893096,10.0,531.0,0.0008990871410798642,17.69862787566265,2.933511733003382
,,,,,5775.128396403822,1500.0,0.7243222153266279,4442.40645877217,0.008990871410798643,71.47397659712944,92.91616957626827,10.0,220.0,0.0008990871410798642,98.67704605042213,2.961604305848113
,,,,,5869.197916401999,1510.0,0.7333130867374266,4514.767628001536,0.008990871410798643,72.36116922936624,94.06951999817612,10.0,220.0,0.0008990871410798642,98.67704605042213,2.989912336424858
,,,,,6004.183229984156,1520.0,0.7401744810932708,4618.602484603195,0.00686139435584425,103.83485660165944,134.9853135821573,10.0,216.0,0.000686139435584425,140.28429681646242,3.0385542661863125
,,,,,6140.4198532134205,1530.0,0.747035875449115,4723.399887087245,0.00686139435584425,104.7974024840495,136.23662322926435,10.0,216.0,0.000686139435584425,140.28429681646242,3.087189468684474
,,,,,6277.907786089792,1540.0,0.7538972698049592,4829.1598354536845,0.00686139435584425,105.75994836643954,137.48793287637142,10.0,216.0,0.000686139435584425,140.28429681646242,3.135818074969925
,,,,,6416.647028613271,1550.0,0.7607586641608034,4935.882329702514,0.00686139435584425,106.72249424882959,138.73924252347848,10.0,216.0,0.000686139435584425,140.28429681646242,3.184440212711299
,,,,,6454.981154000203,1560.0,0.7615361055400689,4965.370118461692,0.0007774413792654799,29.48778875917846,38.334125386932,10.0,532.0,7.7744137926548e-05,38.7214585686206,3.182929563116469
,,,,,6493.354414150539,1580.0,0.7623135469193344,4994.888010885027,0.0007774413792654799,29.517892423335223,38.37326015033579,10.0,532.0,7.7744137926548e-05,38.7214585686206,3.1613215258765996
,,,,,6531.766809064278,1590.0,0.7630909882985999,5024.436006972519,0.0007774413792654799,29.54799608749198,38.412394913739575,10.0,532.0,7.7744137926548e-05,38.7214585686206,3.160022645894666
,,,,,6570.218338741422,1600.0,0.7638684296778654,5054.0141067241675,0.0007774413792654799,29.578099751648743,38.45152967714337,10.0,532.0,7.7744137926548e-05,38.7214585686206,3.158758816702605
,,,,,6608.709003181969,1610.0,0.7646458710571309,5083.622310139973,0.0007774413792654799,29.6082034158055,38.49066444054716,10.0,532.0,7.7744137926548e-05,38.7214585686206,3.157529385180107
,,,,,6647.23880238592,1620.0,0.7654233124363964,5113.260617219935,0.0007774413792654799,29.63830707996226,38.52979920395094,10.0,532.0,7.7744137926548e-05,38.7214585686206,3.156333714333293
,,,,,6685.807736353275,1630.0,0.7662007538156619,5142.929027964054,0.0007774413792654799,29.668410744119022,38.56893396735473,10.0,532.0,7.7744137926548e-05,38.7214585686206,3.155171182800033
,,,,,6724.415805084033,1640.0,0.7669781951949274,5172.627542372329,0.0007774413792654799,29.69851440827578,38.60806873075852,10.0,532.0,7.7744137926548e-05,38.7214585686206,3.1540411843733716
,,,,,6763.063008578196,1650.0,0.7677556365741929,5202.356160444761,0.0007774413792654799,29.728618072432543,38.647203494162305,10.0,532.0,7.7744137926548e-05,38.7214585686206,3.1529431275422795
,,,,,6801.749346835762,1660.0,0.7685330779534584,5232.11488218135,0.0007774413792654799,29.7587217365893,38.68633825756609,10.0,532.0,7.7744137926548e-05,38.7214585686206,3.1518764350490063
,,,,,6819.638785993239,1670.0,0.7775239493642571,5245.875989225564,0.008990871410798643,13.761107044213553,17.889439157477618,10.0,531.0,0.0008990871410798642,17.69862787566265,3.141243107320697
,,,,,6837.735089064307,1680.0,0.7865148207750557,5259.796222357155,0.008990871410798643,13.920233131591214,18.09630307106858,10.0,531.0,0.0008990871410798642,17.69862787566265,3.1308310847364016
,,,,,6856.038256048967,1690.0,0.7955056921858544,5273.875581576123,0.008990871410798643,14.079359218968873,18.303166984659537,10.0,531.0,0.0008990871410798642,17.69862787566265,3.12063643880244
,,,,,6874.548286947217,1700.0,0.8044965635966531,5288.11406688247,0.008990871410798643,14.238485306346533,18.510030898250495,10.0,531.0,0.0008990871410798642,17.69862787566265,3.1106553334602767
,,,,,6978.902585158588,1710.0,0.8134874350074518,5368.38660396814,0.008990871410798643,80.27253708567011,104.35429821137114,10.0,220.0,0.0008990871410798642,98.67704605042213,3.139407370741602
,,,,,7128.509261431458,1720.0,0.820348829363296,5483.468662639578,0.00686139435584425,115.08205867143809,149.60667627286952,10.0,216.0,0.000686139435584425,140.28429681646242,3.1880631759532427
,,,,,7279.367247351434,1730.0,0.8272102237191402,5599.513267193406,0.00686139435584425,116.04460455382815,150.8579859199766,10.0,216.0,0.000686139435584425,140.28429681646242,3.2367128712100612
,,,,,7321.046404441702,1740.0,0.8279876650984057,5631.574157262843,0.0007774413792654799,32.06089006943682,41.67915709026787,10.0,532.0,7.7744137926548e-05,38.7214585686206,3.2365368719901397
,,,,,7362.764696295374,1750.0,0.8287651064776712,5663.665150996437,0.0007774413792654799,32.090993733593585,41.718291853671666,10.0,532.0,7.7744137926548e-05,38.7214585686206,3.236380086283678
,,,,,7404.522122912449,1760.0,0.8295425478569367,5695.786248394187,0.0007774413792654799,32.12109739775035,41.75742661707545,10.0,532.0,7.7744137926548e-05,38.7214585686206,3.2362421865876065
,,,,,7469.14847448434,1770.0,0.8385334192677354,5745.498826526411,0.008990871410798643,49.71257813222415,64.6263515718914,10.0,616.0,0.0008990871410798642,59.285148319594185,3.246044534760684
,,,,,7559.157729866228,1780.0,0.8475242906785341,5814.73671528171,0.008990871410798643,69.23788875529829,90.00925538188777,10.0,628.0,0.0008990871410798642,81.69428241385971,3.2667060198211852
,,,,,7606.7431685624915,1790.0,0.848433291971187,5851.34089889422,0.0009090012926529559,36.60418361251032,47.58543869626342,10.0,283.0,9.090012926529558e-05,43.14326648765382,3.268905530108503
,,,,,7640.943476982352,1800.0,0.8574241633819857,5877.648828447959,0.008990871410798643,26.307929553738944,34.200308419860626,10.0,622.0,0.0008990871410798642,30.682514766053618,3.2653604602488664
,,,,,7665.181400394397,1810.0,0.8647572260461546,5896.293384918764,0.0073330626641689035,18.644556470804233,24.237923412045504,10.0,649.0,0.0007333062664168904,21.560451776796278,3.2576206546512507
,,,,,7706.192559296604,1820.0,0.8666983381143121,5927.840430228153,0.0019411120681574875,31.547045309389713,41.01115890220663,10.0,82.0,0.00019411120681574876,36.3991067272923,3.2570551814440405
,,,,,7782.443783715654,1830.0,0.8756892095251108,5986.495218242807,0.008990871410798643,58.65478801465369,76.2512244190498,10.0,840.0,0.0008990871410798642,66.98128442905261,3.2713088624277633
,,,,,7859.477894284505,1840.0,0.8846800809359094,6045.752226372692,0.008990871410798643,59.257008129885435,77.03411056885106,10.0,840.0,0.0008990871410798642,66.98128442905261,3.285734905637333
,,,,,7945.297165366059,1850.0,0.8936709523467081,6111.76705028158,0.008990871410798643,66.01482390888756,85.81927108155384,10.0,1113.0,0.0008990871410798642,73.86927340039188,3.3036578650170703
,,,,,8023.897048234512,1860.0,0.9026618237575068,6172.228498641929,0.008990871410798643,60.46144836034892,78.59988286845359,10.0,840.0,0.0008990871410798642,66.98128442905261,3.318402418624693
,,,,,8103.279817252767,1870.0,0.9116526951683055,6233.29216711751,0.008990871410798643,61.06366847558066,79.38276901825486,10.0,840.0,0.0008990871410798642,66.98128442905261,3.3333113193141766
,,,,,8260.2576583429,1880.0,0.9206435665791042,6354.044352571459,0.008990871410798643,120.75218545394868,156.9778410901333,10.0,1115.0,0.0008990871410798642,131.16062484706814,3.3798108258358823
,,,,,8418.76852223884,1890.0,0.9296344379899029,6475.975786337568,0.008990871410798643,121.93143376610867,158.51086389594127,10.0,1115.0,0.0008990871410798642,131.16062484706814,3.4264422149934224
,,,,,8508.904762719683,1900.0,0.9386253094007015,6545.3113559382155,0.008990871410798643,69.33556960064784,90.1362404808422,10.0,1113.0,0.0008990871410798642,73.86927340039188,3.4449007136516925
,,,,,8556.74641769499,1910.0,0.9476161808115002,6582.112628996144,0.008990871410798643,36.801273057928356,47.84165497530687,10.0,1111.0,0.0008990871410798642,38.835631770674524,3.4461322664901277
,,,,,8644.980665200614,1920.0,0.9561584496850979,6649.9851270773925,0.008542268873597676,67.87249808124885,88.23424750562351,10.0,807.0,0.0008542268873597676,70.98457175544706,3.4635339203528086
,,,,,8701.563060355229,1930.0,0.9651493210958966,6693.510046427096,0.008990871410798643,43.52491934970426,56.58239515461554,10.0,1108.0,0.0008990871410798642,45.09656526544835,3.4681399204285475
,,,,,8726.902306407095,1940.0,0.9657922441496077,6713.001774159302,0.0006429230537111962,19.49172773220529,25.33924605186688,10.0,1128.0,6.429230537111961e-05,20.182112509474543,3.4603101928656197
,,,,,8752.25842066799,1950.0,0.9664351672033189,6732.506477436912,0.0006429230537111962,19.504703277610222,25.35611426089329,10.0,1128.0,6.429230537111961e-05,20.182112509474543,3.4525674243266216
,,,,,8777.63140313791,1960.0,0.9670780902570301,6752.024156259928,0.0006429230537111962,19.517678823015157,25.372982469919705,10.0,1128.0,6.429230537111961e-05,20.182112509474543,3.4449102838060854
,,,,,8923.174932399135,1970.0,0.9681094201893851,6863.980717230102,0.0010313299323549895,111.95656097017373,145.54352926122584,10.0,1176.0,0.00010313299323549896,115.64453215244242,3.484254171182793
,,,,,9068.87350962814,1980.0,0.9691407501217401,6976.0565458677975,0.0010313299323549895,112.07582863769574,145.69857722900446,10.0,1176.0,0.00010313299323549896,115.64453215244242,3.523260881751413
,,,,,9214.727134824923,1990.0,0.970172080054095,7088.251642173015,0.0010313299323549895,112.19509630521775,145.85362519678307,10.0,1176.0,0.00010313299323549896,115.64453215244242,3.5619354985794045
,,,,,9216.837764723581,2000.0,0.9718280930857657,7089.875203633521,0.0016560130316706097,1.6235614605055189,2.1106298986571748,10.0,1165.0,0.00016560130316706098,1.670626185903268,3.5449376018167604
,,,,,9218.951991174594,2010.0,0.9734841061174363,7091.501531672761,0.0016560130316706097,1.626328039240425,2.1142264510125526,10.0,1165.0,0.00016560130316706098,1.670626185903268,3.528110214762568
,,,,,9221.069814177961,2020.0,0.9751401191491069,7093.1306262907365,0.0016560130316706097,1.629094617975331,2.1178230033679304,10.0,1165.0,0.00016560130316706098,1.670626185903268,3.511450805094424
,,,,,9223.191233733685,2030.0,0.9767961321807775,7094.762487487446,0.0016560130316706097,1.6318611967102368,2.1214195557233078,10.0,1165.0,0.00016560130316706098,1.670626185903268,3.4949568903879045
,,,,,9225.316249841764,2040.0,0.9784521452124482,7096.397115262892,0.0016560130316706097,1.6346277754451428,2.1250161080786856,10.0,1165.0,0.00016560130316706098,1.670626185903268,3.4786260368935746
,,,,,9227.444862502198,2050.0,0.9801081582441188,7098.034509617072,0.0016560130316706097,1.6373943541800489,2.1286126604340634,10.0,1165.0,0.00016560130316706098,1.670626185903268,3.4624558583497915
,,,,,9239.948196887824,2060.0,0.9810914259413824,7107.652459144477,0.000983267697263694,9.617949527404614,12.503334385625998,10.0,710.0,9.832676972636939e-05,9.803316258906191,3.450316727740037
,,,,,9251.594604478094,2070.0,0.9821920731119483,7116.611234213914,0.001100647170565855,8.958775069437658,11.646407590268957,10.0,709.0,0.00011006471705658549,9.121204817966959,3.437976441649234
,,,,,9272.366066551489,2080.0,0.9825099858691748,7132.589281962679,0.00031791275722651966,15.978047748764848,20.771462073394304,10.0,688.0,3.1791275722651966e-05,16.26247873158247,3.429129462482057
,,,,,9328.438175046987,2090.0,0.9846668378789347,7175.721673113062,0.0021568520097599462,43.13239115038278,56.072108495497616,10.0,983.0,0.00021568520097599463,43.80404568442055,3.4333596522072067
,,,,,9384.633106039646,2100.0,0.9868236898886946,7218.9485431074145,0.0021568520097599462,43.22686999435284,56.19493099265869,10.0,983.0,0.00021568520097599463,43.80404568442055,3.437594544336864
,,,,,9440.950859529466,2110.0,0.9889805418984545,7262.269891945737,0.0021568520097599462,43.3213488383229,56.31775348981977,10.0,983.0,0.00021568520097599463,43.80404568442055,3.4418340720121976
,,,,,9497.391435516447,2120.0,0.9911373939082144,7305.68571962803,0.0021568520097599462,43.41582768229295,56.44057598698084,10.0,983.0,0.00021568520097599463,43.80404568442055,3.446078169635863
,,,,,9643.26788516381,2130.0,0.9969938525600084,7417.898373202925,0.005856458651793928,112.21265357489523,145.8764496473638,10.0,589.0,0.0005856458651793928,112.55099847081678,3.482581395869918
,,,,,9790.001230160566,2140.0,1.0028503112118023,7530.770177046582,0.005856458651793928,112.8718038436577,146.73334499675502,10.0,589.0,0.0005856458651793928,112.55099847081678,3.5190514846012064
,,,,,9937.591470506712,2150.0,1.0087067698635963,7644.301131159002,0.005856458651793928,113.53095411242016,147.5902403461462,10.0,589.0,0.0005856458651793928,112.55099847081678,3.5554888982134893
,,,,,10086.03860620225,2160.0,1.0145632285153903,7758.491235540184,0.005856458651793928,114.19010438118262,148.4471356955374,10.0,589.0,0.0005856458651793928,112.55099847081678,3.591894090527863
,,,,,10235.342637247179,2170.0,1.0204196871671842,7873.340490190129,0.005856458651793928,114.8492546499451,149.30403104492862,10.0,589.0,0.0005856458651793928,112.55099847081678,3.6282675070000594
,,,,,10302.926029873588,2180.0,1.0254229825386583,7925.327715287366,0.005003295371473963,51.98722509723799,67.58339262640939,10.0,56.0,0.0005003295371473963,50.698322528847825,3.635471429030902
,,,,,10370.839178787182,2190.0,1.0304262779101323,7977.5685990670545,0.005003295371473963,52.24088377968807,67.9131489135945,10.0,56.0,0.0005003295371473963,50.698322528847825,3.6427253877018515
,,,,,10439.082083987962,2200.0,1.0354295732816063,8030.063141529193,0.005003295371473963,52.494542462138156,68.2429052007796,10.0,56.0,0.0005003295371473963,50.698322528847825,3.6500287006950876
,,,,,10507.654745475926,2210.0,1.0404328686530804,8082.811342673781,0.005003295371473963,52.748201144588236,68.57266148796471,10.0,56.0,0.0005003295371473963,50.698322528847825,3.657380698042435
,,,,,10576.557163251075,2220.0,1.0454361640245544,8135.813202500819,0.005003295371473963,53.00185982703832,68.90241777514981,10.0,56.0,0.0005003295371473963,50.698322528847825,3.6647807218472157
,,,,,10645.78933731341,2230.0,1.0504394593960285,8189.068721010307,0.005003295371473963,53.2555185094884,69.23217406233492,10.0,56.0,0.0005003295371473963,50.698322528847825,3.6722281260135907
,,,,,10715.35126766293,2240.0,1.0554427547675025,8242.577898202246,0.005003295371473963,53.509177191938484,69.56193034952003,10.0,56.0,0.0005003295371473963,50.698322528847825,3.6797222759831456
,,,,,10730.124078543842,2250.0,1.055670719900209,8253.94159887987,0.0002279651327066997,11.36370067762465,14.772810880912045,10.0,64.0,2.2796513270669968e-05,10.764436735252866,3.6684184883910533
,,,,,10744.900079515877,2260.0,1.0558986850329157,8265.307753473744,0.0002279651327066997,11.366154593873514,14.776000972035568,10.0,64.0,2.2796513270669968e-05,10.764436735252866,3.6572158201211256
,,,,,10759.679270579036,2270.0,1.0561266501656223,8276.676361983866,0.0002279651327066997,11.368608510122378,14.779191063159091,10.0,64.0,2.2796513270669968e-05,10.764436735252866,3.6461129347946546
,,,,,10762.66880271521,2280.0,1.065117521576421,8278.976002088615,0.008990871410798643,2.299640104749336,2.989532136174137,10.0,1080.0,0.0008990871410798642,2.159048234739174,3.631129825477463
,,,,,10765.683570093946,2290.0,1.0741083929872197,8281.295053918413,0.008990871410798643,2.319051829797588,3.0147673787368645,10.0,1080.0,0.0008990871410798642,2.159048234739174,3.616286049746032
,,,,,10773.16112449162,2300.0,1.0830992643980184,8287.047018839701,0.008990871410798643,5.751964921287758,7.477554397674086,10.0,1084.0,0.0008990871410798642,5.310653520279763,3.6030639212346527
,,,,,10793.33915560213,2310.0,1.0876866472646038,8302.5685812324,0.00458738286658553,15.521562392699954,20.17803111050994,10.0,1083.0,0.000458738286658553,14.270251852162335,3.5941855330010393
,,,,,10929.087985752521,2320.0,1.0966775186754025,8406.990758271164,0.008990871410798643,104.4221770387626,135.74883015039137,10.0,1088.0,0.0008990871410798642,95.21684839941517,3.6237029130479157
,,,,,11072.256479209087,2330.0,1.0996744758123354,8517.120368622369,0.0029969571369328806,110.12961035120465,143.16849345656604,10.0,43.0,0.00029969571369328806,100.14746433925487,3.6554164672199008
,,,,,11215.81515162105,2340.0,1.1026714329492682,8627.550116631572,0.0029969571369328806,110.4297480092019,143.55867241196248,10.0,43.0,0.00029969571369328806,100.14746433925487,3.6869872293297314
,,,,,11279.994370387429,2350.0,1.1116623043600669,8676.918746451864,0.008990871410798643,49.3686298202917,64.17921876637921,10.0,47.0,0.0008990871410798642,44.40973632609677,3.6923058495539847
,,,,,11344.692656051113,2360.0,1.1206531757708655,8726.68665850085,0.008990871410798643,49.767912048987114,64.69828566368325,10.0,47.0,0.0008990871410798642,44.40973632609677,3.6977485841105295
,,,,,11409.9100086121,2370.0,1.1296440471816642,8776.853852778533,0.008990871410798643,50.167194277682526,65.21735256098728,10.0,47.0,0.0008990871410798642,44.40973632609677,3.7033138619318704
,,,,,11475.646428070391,2380.0,1.138634918592463,8827.42032928491,0.008990871410798643,50.56647650637794,65.73641945829132,10.0,47.0,0.0008990871410798642,44.40973632609677,3.7090001383550044
,,,,,11541.901914425987,2390.0,1.1476257900032616,8878.386088019985,0.008990871410798643,50.96575873507335,66.25548635559535,10.0,47.0,0.0008990871410798642,44.40973632609677,3.714805894569031
,,,,,11608.676467678886,2400.0,1.1566166614140603,8929.751128983753,0.008990871410798643,51.36504096376876,66.7745532528994,10.0,47.0,0.0008990871410798642,44.40973632609677,3.720729637076564
,,,,,11675.97008782909,2410.0,1.165607532824859,8981.515452176218,0.008990871410798643,51.764323192464175,67.29362015020342,10.0,47.0,0.0008990871410798642,44.40973632609677,3.726769897168555
,,,,,11743.782774876598,2420.0,1.1745984042356576,9033.679057597377,0.008990871410798643,52.16360542115958,67.81268704750745,10.0,47.0,0.0008990871410798642,44.40973632609677,3.7329252304121394
,,,,,11805.87551027286,2430.0,1.1760591248016932,9081.442700209886,0.001460720566035414,47.76364261250898,62.09273539626168,10.0,491.0,0.0001460720566035414,40.61330047548662,3.7372192181933683
,,,,,11868.045367757357,2440.0,1.1775198453677287,9129.265667505653,0.001460720566035414,47.8229672957681,62.169857484498536,10.0,491.0,0.0001460720566035414,40.61330047548662,3.7415023227482185
,,,,,11930.292347330093,2450.0,1.1789805659337642,9177.14795948468,0.001460720566035414,47.88229197902723,62.2469795727354,10.0,491.0,0.0001460720566035414,40.61330047548662,3.745774677340686
,,,,,11992.616448991064,2460.0,1.1804412864997997,9225.089576146967,0.001460720566035414,47.94161666228635,62.324101660972254,10.0,491.0,0.0001460720566035414,40.61330047548662,3.750036413067873
,,,,,12146.51125887012,2470.0,1.1809061504911698,9343.470199130856,0.0004648639913699418,118.38062298388874,153.89480987905537,10.0,678.0,4.648639913699418e-05,100.24558084878392,3.782781457137998
,,,,,12300.466649478254,2480.0,1.1813710144825398,9461.897422675574,0.0004648639913699418,118.42722354471931,153.9553906081351,10.0,678.0,4.648639913699418e-05,100.24558084878392,3.8152812188207963
,,,,,12454.482620815468,2490.0,1.1818358784739098,9580.371246781124,0.0004648639913699418,118.4738241055499,154.01597133721486,10.0,678.0,4.648639913699418e-05,100.24558084878392,3.8475386533257527
,,,,,12527.677494696141,2500.0,1.1820693449070048,9636.674995920104,0.0002334664330949695,56.30374913897963,73.19487388067353,10.0,543.0,2.334664330949695e-05,47.63151111359642,3.854669998368042
,,,,,12557.055978663633,2510.0,1.1900718285718777,9659.273829741252,0.008002483664872854,22.598833821147483,29.37848396749173,10.0,879.0,0.0008002483664872854,18.989470449247396,3.848316266829184
,,,,,12651.085395409253,2520.0,1.1937659045122997,9731.604150314806,0.003694075940422091,72.33032057355297,94.02941674561886,10.0,855.0,0.0003694075940422091,60.59003720926571,3.861747678696352
,,,,,12700.787035260097,2530.0,1.1953418640384168,9769.836180969301,0.0015759595261170762,38.23203065449495,49.701639850843435,10.0,845.0,0.00015759595261170763,31.98418109889458,3.861595328446364
,,,,,12702.1374072924,2540.0,1.2043327354492155,9770.874928686459,0.008990871410798643,1.0387477171573585,1.350372032304566,10.0,893.0,0.0008990871410798642,0.862508911849769,3.8468011530261648
,,,,,12703.497860443438,2550.0,1.2133236068600142,9771.921431110333,0.008990871410798643,1.0465024238744678,1.360453151036808,10.0,893.0,0.0008990871410798642,0.862508911849769,3.832126051415817
,,,,,12704.868394713207,2560.0,1.2223144782708129,9772.975688240926,0.008990871410798643,1.0542571305915769,1.37053426976905,10.0,893.0,0.0008990871410798642,0.862508911849769,3.8175686282191115
,,,,,12706.249010101708,2570.0,1.2313053496816115,9774.037700078234,0.008990871410798643,1.062011837308686,1.3806153885012917,10.0,893.0,0.0008990871410798642,0.862508911849769,3.8031275097580677
,,,,,12742.804220692607,2580.0,1.234062657818237,9802.157092840464,0.0027573081366254536,28.119392762230394,36.55521059089951,10.0,909.0,0.00027573081366254534,22.786033256969397,3.7992856948994045
,,,,,12779.441107832878,2590.0,1.2368199659548624,9830.339313717595,0.0027573081366254536,28.182220877131254,36.63688714027063,10.0,909.0,0.00027573081366254534,22.786033256969397,3.7954978045241683
,,,,,12782.207443866537,2600.0,1.2458108373656611,9832.46726451272,0.008990871410798643,2.127950795123138,2.766336033660079,10.0,852.0,0.0008990871410798642,1.7080849927608692,3.781718178658738
,,,,,12784.993744224485,2610.0,1.2548017087764598,9834.610572480371,0.008990871410798643,2.1433079676517655,2.786300357947295,10.0,852.0,0.0008990871410798642,1.7080849927608692,3.7680500277702573
,,,,,12825.808022825042,2620.0,1.2637925801872585,9866.006171403877,0.008990871410798643,31.39559892350528,40.81427860055686,10.0,956.0,0.0008990871410798642,24.84236686913713,3.765651210459495
,,,,,12866.912662309478,2630.0,1.2727834515980572,9897.625124853443,0.008990871410798643,31.618953449565577,41.10463948443525,10.0,956.0,0.0008990871410798642,24.84236686913713,3.7633555607807767
,,,,,12903.872851320884,2640.0,1.2817743230088559,9926.056039477602,0.008990871410798643,28.43091462415882,36.96018901140647,10.0,873.0,0.0008990871410798642,22.180905104589453,3.759869711923334
,,,,,12951.38193945538,2650.0,1.2907651944196545,9962.601491888752,0.008990871410798643,36.545452411149945,47.50908813449493,10.0,437.0,0.0008990871410798642,28.313013528057887,3.759472261090095
,,,,,13186.813067207439,2660.0,1.2909560913900608,10143.702359390336,0.00019089697040640234,181.10086750158348,235.43112775205853,10.0,891.0,1.9089697040640234e-05,140.28429681646242,3.813421939620427
,,,,,13294.067683230087,2670.0,1.2914866104927791,10226.205910176988,0.0005305191027183454,82.50355078665211,107.25461602264775,10.0,386.0,5.3051910271834537e-05,63.882621868740934,3.8300396667329544
,,,,,13401.366357489338,2680.0,1.2920171295954974,10308.743351914873,0.0005305191027183454,82.53744173788522,107.29867425925079,10.0,386.0,5.3051910271834537e-05,63.882621868740934,3.8465460268339076
,,,,,13558.577253438112,2690.0,1.2934227984502051,10429.674810337006,0.0014056688547076576,120.93145842213451,157.21089594877486,10.0,775.0,0.00014056688547076576,93.49723738211206,3.8772025317237944
,,,,,13715.959003387854,2700.0,1.2948284673049129,10550.73769491373,0.0014056688547076576,121.06288457672376,157.3817499497409,10.0,775.0,0.00014056688547076576,93.49723738211206,3.907680627745826
,,,,,13873.511607338562,2710.0,1.2962341361596206,10671.932005645043,0.0014056688547076576,121.19431073131301,157.55260395070692,10.0,775.0,0.00014056688547076576,93.49723738211206,3.93798228990592
,,,,,14031.235065290235,2720.0,1.2976398050143283,10793.257742530946,0.0014056688547076576,121.32573688590226,157.72345795167294,10.0,775.0,0.00014056688547076576,93.49723738211206,3.968109464165789
,,,,,14189.129377242874,2730.0,1.299045473869036,10914.714905571438,0.0014056688547076576,121.45716304049151,157.89431195263896,10.0,775.0,0.00014056688547076576,93.49723738211206,3.9980640679748856
,,,,,14378.315870935623,2740.0,1.3012577605429314,11060.242977642783,0.0022122866738954494,145.5280720713456,189.18649369274928,10.0,420.0,0.00022122866738954493,111.83646813420431,4.036585028336782
,,,,,14567.824003254915,2750.0,1.3034700472168268,11206.018464042238,0.0022122866738954494,145.77548639945445,189.50813231929078,10.0,420.0,0.00022122866738954493,111.83646813420431,4.074915805106269
,,,,,14757.653774200748,2760.0,1.3056823338907222,11352.0413647698,0.0022122866738954494,146.02290072756327,189.82977094583225,10.0,420.0,0.00022122866738954493,111.83646813420431,4.113058465496304
,,,,,14880.667233652674,2770.0,1.309568844028296,11446.667102809744,0.0038865101375737945,94.62573803994304,123.01345945192597,10.0,137.0,0.00038865101375737946,72.25716958023358,4.132370795238175
,,,,,15119.956896993794,2780.0,1.3121138714597842,11630.736074610606,0.0025450274314881938,184.068971800862,239.2896633411206,10.0,343.0,0.0002545027431488194,140.28429681646242,4.183718012449858
,,,,,15302.425076355865,2790.0,1.3170000648299944,11771.09621258143,0.004886193370210252,140.36013797082398,182.4681793620712,10.0,776.0,0.0004886193370210252,106.5756500087511,4.21903090056682
,,,,,15485.570229722784,2800.0,1.3218862582002047,11911.977099786753,0.004886193370210252,140.8808872053226,183.1451533669194,10.0,776.0,0.0004886193370210252,106.5756500087511,4.254277535638126
,,,,,15669.392357094552,2810.0,1.326772451570415,12053.378736226574,0.004886193370210252,141.4016364398212,183.82212737176758,10.0,776.0,0.0004886193370210252,106.5756500087511,4.2894586249916635
,,,,,15853.891458471167,2820.0,1.3316586449406251,12195.301121900893,0.004886193370210252,141.9223856743198,184.49910137661576,10.0,776.0,0.0004886193370210252,106.5756500087511,4.324574865922303
,,,,,16039.06753385263,2830.0,1.3365448383108354,12337.744256809712,0.004886193370210252,142.44313490881842,185.17607538146396,10.0,776.0,0.0004886193370210252,106.5756500087511,4.359626945869156
,,,,,16224.920583238943,2840.0,1.3414310316810456,12480.70814095303,0.004886193370210252,142.96388414331702,185.85304938631214,10.0,776.0,0.0004886193370210252,106.5756500087511,4.3946155425890945
,,,,,16411.450606630104,2850.0,1.3463172250512558,12624.192774330844,0.004886193370210252,143.48463337781564,186.53002339116034,10.0,776.0,0.0004886193370210252,106.5756500087511,4.429541324326612
,,,,,16598.657604026113,2860.0,1.351203418421466,12768.19815694316,0.004886193370210252,144.00538261231424,187.20699739600852,10.0,776.0,0.0004886193370210252,106.5756500087511,4.464404949980126
,,,,,16786.54157542697,2870.0,1.3560896117916763,12912.724288789972,0.004886193370210252,144.52613184681283,187.8839714008567,10.0,776.0,0.0004886193370210252,106.5756500087511,4.4992070692647985
,,,,,16975.102520832676,2880.0,1.3609758051618865,13057.771169871283,0.004886193370210252,145.04688108131145,188.5609454057049,10.0,776.0,0.0004886193370210252,106.5756500087511,4.533948322871973
,,,,,17164.340440243228,2890.0,1.3658619985320968,13203.338800187094,0.004886193370210252,145.56763031581005,189.23791941055308,10.0,776.0,0.0004886193370210252,106.5756500087511,4.568629342625292
,,,,,17354.255333658628,2900.0,1.370748191902307,13349.427179737402,0.004886193370210252,146.08837955030864,189.91489341540125,10.0,776.0,0.0004886193370210252,106.5756500087511,4.6032507516335865
,,,,,17544.84720107888,2910.0,1.3756343852725172,13496.036308522209,0.004886193370210252,146.60912878480727,190.59186742024946,10.0,776.0,0.0004886193370210252,106.5756500087511,4.6378131644406215
,,,,,17736.116042503978,2920.0,1.3805205786427275,13643.166186541515,0.004886193370210252,147.12987801930586,191.26884142509763,10.0,776.0,0.0004886193370210252,106.5756500087511,4.6723171871717515
,,,,,17928.061857933924,2930.0,1.3854067720129377,13790.81681379532,0.004886193370210252,147.6506272538045,191.94581542994584,10.0,776.0,0.0004886193370210252,106.5756500087511,4.706763417677584
,,,,,18120.68464736872,2940.0,1.390292965383148,13938.988190283622,0.004886193370210252,148.17137648830308,192.62278943479402,10.0,776.0,0.0004886193370210252,106.5756500087511,4.741152445674701
,,,,,18313.98441080836,2950.0,1.3951791587533582,14087.680316006425,0.004886193370210252,148.69212572280168,193.2997634396422,10.0,776.0,0.0004886193370210252,106.5756500087511,4.775484852883534
,,,,,18507.96114825285,2960.0,1.4000653521235684,14236.893190963725,0.004886193370210252,149.2128749573003,193.9767374444904,10.0,776.0,0.0004886193370210252,106.5756500087511,4.80976121316342
,,,,,18702.61485970219,2970.0,1.4049515454937787,14386.626815155523,0.004886193370210252,149.7336241917989,194.65371144933857,10.0,776.0,0.0004886193370210252,106.5756500087511,4.843982092644957
,,,,,18897.945545156377,2980.0,1.4098377388639889,14536.881188581821,0.004886193370210252,150.2543734262975,195.33068545418675,10.0,776.0,0.0004886193370210252,106.5756500087511,4.878148049859671
,,,,,19093.953204615413,2990.0,1.4147239322341991,14687.656311242617,0.004886193370210252,150.77512266079611,196.00765945903495,10.0,776.0,0.0004886193370210252,106.5756500087511,4.9122596358670965
,,,,,19290.637838079296,3000.0,1.4196101256044094,14838.952183137912,0.004886193370210252,151.2958718952947,196.68463346388313,10.0,776.0,0.0004886193370210252,106.5756500087511,4.946317394379304
,,,,,19487.999445548026,3010.0,1.4244963189746196,14990.768804267705,0.004886193370210252,151.81662112979333,197.36160746873134,10.0,776.0,0.0004886193370210252,106.5756500087511,4.980321861882959
,,,,,19686.038027021605,3020.0,1.4293825123448298,15143.106174631997,0.004886193370210252,152.33737036429193,198.0385814735795,10.0,776.0,0.0004886193370210252,106.5756500087511,5.01427356775894
,,,,,19884.753582500034,3030.0,1.43426870571504,15295.964294230787,0.004886193370210252,152.85811959879052,198.7155554784277,10.0,776.0,0.0004886193370210252,106.5756500087511,5.0481730343996
,,,,,20084.14611198331,3040.0,1.4391548990852503,15449.343163064077,0.004886193370210252,153.37886883328915,199.3925294832759,10.0,776.0,0.0004886193370210252,106.5756500087511,5.082020777323709
,,,,,20284.215615471436,3050.0,1.4440410924554605,15603.242781131865,0.004886193370210252,153.89961806778774,200.06950348812407,10.0,776.0,0.0004886193370210252,106.5756500087511,5.115817305289136
,,,,,20484.962092964408,3060.0,1.4489272858256708,15757.66314843415,0.004886193370210252,154.42036730228637,200.74647749297228,10.0,776.0,0.0004886193370210252,106.5756500087511,5.149563120403317
,,,,,20686.385544462228,3070.0,1.453813479195881,15912.604264970936,0.004886193370210252,154.94111653678496,201.42345149782045,10.0,776.0,0.0004886193370210252,106.5756500087511,5.183258718231575
,,,,,20888.485969964895,3080.0,1.4586996725660912,16068.06613074222,0.004886193370210252,155.46186577128356,202.10042550266863,10.0,776.0,0.0004886193370210252,106.5756500087511,5.2169045879033185
,,,,,21091.263369472414,3090.0,1.4635858659363015,16224.048745748001,0.004886193370210252,155.98261500578218,202.77739950751683,10.0,776.0,0.0004886193370210252,106.5756500087511,5.250501212216181
,,,,,21294.71774298478,3100.0,1.4684720593065117,16380.552109988283,0.004886193370210252,156.50336424028077,203.454373512365,10.0,776.0,0.0004886193370210252,106.5756500087511,5.284049067738156
,,,,,21498.849090501993,3110.0,1.473358252676722,16537.57622346306,0.004886193370210252,157.02411347477937,204.1313475172132,10.0,776.0,0.0004886193370210252,106.5756500087511,5.317548624907737
,,,,,21703.657412024055,3120.0,1.4782444460469322,16695.121086172338,0.004886193370210252,157.544862709278,204.8083215220614,10.0,776.0,0.0004886193370210252,106.5756500087511,5.3510003481321595
,,,,,21909.142707550964,3130.0,1.4831306394171424,16853.186698116115,0.004886193370210252,158.0656119437766,205.48529552690957,10.0,776.0,0.0004886193370210252,106.5756500087511,5.384404695883743
,,,,,22115.30497708272,3140.0,1.4880168327873526,17011.77305929439,0.004886193370210252,158.5863611782752,206.16226953175777,10.0,776.0,0.0004886193370210252,106.5756500087511,5.417762120794392
,,,,,22322.144220619328,3150.0,1.4929030261575629,17170.880169707165,0.004886193370210252,159.1071104127738,206.83924353660595,10.0,776.0,0.0004886193370210252,106.5756500087511,5.451073069748307
,,,,,22529.660438160783,3160.0,1.497789219527773,17330.508029354438,0.004886193370210252,159.6278596472724,207.51621754145413,10.0,776.0,0.0004886193370210252,106.5756500087511,5.484337983972924
,,,,,22737.853629707086,3170.0,1.5026754128979833,17490.65663823621,0.004886193370210252,160.14860888177103,208.19319154630233,10.0,776.0,0.0004886193370210252,106.5756500087511,5.517557299128142
,,,,,22946.723795258236,3180.0,1.5075616062681936,17651.32599635248,0.004886193370210252,160.66935811626962,208.8701655511505,10.0,776.0,0.0004886193370210252,106.5756500087511,5.550731445393861
,,,,,23156.270934814234,3190.0,1.5124477996384038,17812.51610370325,0.004886193370210252,161.19010735076822,209.54713955599868,10.0,776.0,0.0004886193370210252,106.5756500087511,5.5838608475558775
,,,,,23366.49504837508,3200.0,1.517333993008614,17974.226960288517,0.004886193370210252,161.71085658526684,210.2241135608469,10.0,776.0,0.0004886193370210252,106.5756500087511,5.616945925090161
,,,,,23577.396135940777,3210.0,1.5222201863788243,18136.458566108282,0.004886193370210252,162.23160581976543,210.90108756569506,10.0,776.0,0.0004886193370210252,106.5756500087511,5.649987092245571
,,,,,23788.97419751132,3220.0,1.5271063797490345,18299.210921162547,0.004886193370210252,162.75235505426406,211.57806157054327,10.0,776.0,0.0004886193370210252,106.5756500087511,5.682984758125015
,,,,,24001.229233086713,3230.0,1.5319925731192447,18462.48402545131,0.004886193370210252,163.27310428876265,212.25503557539145,10.0,776.0,0.0004886193370210252,106.5756500087511,5.7159393267651115
,,,,,24214.161242666953,3240.0,1.536878766489455,18626.27787897457,0.004886193370210252,163.79385352326125,212.93200958023962,10.0,776.0,0.0004886193370210252,106.5756500087511,5.748851197214374
,,,,,24427.77022625204,3250.0,1.5417649598596652,18790.592481732332,0.004886193370210252,164.31460275775987,213.60898358508783,10.0,776.0,0.0004886193370210252,106.5756500087511,5.781720763609949
,,,,,24642.056183841974,3260.0,1.5466511532298755,18955.427833724592,0.004886193370210252,164.83535199225847,214.285957589936,10.0,776.0,0.0004886193370210252,106.5756500087511,5.8145484152529425
,,,,,24857.01911543676,3270.0,1.5515373466000857,19120.78393495135,0.004886193370210252,165.3561012267571,214.96293159478424,10.0,776.0,0.0004886193370210252,106.5756500087511,5.84733453668237
,,,,,25072.659021036394,3280.0,1.556423539970296,19286.660785412605,0.004886193370210252,165.87685046125569,215.63990559963239,10.0,776.0,0.0004886193370210252,106.5756500087511,5.8800795077477455
,,,,,25288.975900640875,3290.0,1.5613097333405062,19453.05838510836,0.004886193370210252,166.39759969575428,216.31687960448056,10.0,776.0,0.0004886193370210252,106.5756500087511,5.912783703680353
,,,,,25505.969754250204,3300.0,1.5661959267107164,19619.976734038613,0.004886193370210252,166.9183489302529,216.9938536093288,10.0,776.0,0.0004886193370210252,106.5756500087511,5.945447495163216
,,,,,25723.64058186438,3310.0,1.5710821200809266,19787.415832203365,0.004886193370210252,167.4390981647515,217.67082761417694,10.0,776.0,0.0004886193370210252,106.5756500087511,5.978071248399808
,,,,,25759.995242925015,3320.0,1.5800729914917253,19815.380956096164,0.008990871410798643,27.96512389279712,36.35466106063626,10.0,531.0,0.0008990871410798642,17.69862787566265,5.968488239788001
,,,,,25796.55676789924,3330.0,1.589063862902524,19843.505206076337,0.008990871410798643,28.12424998017478,36.56152497422722,10.0,531.0,0.0008990871410798642,17.69862787566265,5.959010572395297
,,,,,25833.325156787057,3340.0,1.5980547343133227,19871.78858214389,0.008990871410798643,28.28337606755244,36.76838888781817,10.0,531.0,0.0008990871410798642,17.69862787566265,5.949637300043081
,,,,,26039.477224000577,3350.0,1.6070456057241214,20030.36709538506,0.008990871410798643,158.57851324116766,206.15206721351797,10.0,220.0,0.0008990871410798642,98.67704605042213,5.979214058323898
,,,,,26333.804775223976,3360.0,1.6139070000799656,20256.772904018442,0.00686139435584425,226.4058086333843,294.3275512233996,10.0,216.0,0.000686139435584425,140.28429681646242,6.028801459529299
,,,,,26629.383636094484,3370.0,1.6207683944358098,20484.141258534215,0.00686139435584425,227.36835451577437,295.5788608705067,10.0,216.0,0.000686139435584425,140.28429681646242,6.078380195410746
,,,,,26926.213806612097,3380.0,1.627629788791654,20712.472158932378,0.00686139435584425,228.33090039816443,296.8301705176138,10.0,216.0,0.000686139435584425,140.28429681646242,6.1279503428794015
,,,,,27224.295286776818,3390.0,1.6344911831474982,20941.76560521293,0.00686139435584425,229.29344628055446,298.0814801647208,10.0,216.0,0.000686139435584425,140.28429681646242,6.177511977938917
,,,,,27523.628076588648,3400.0,1.6413525775033424,21172.021597375875,0.00686139435584425,230.25599216294452,299.33278981182787,10.0,216.0,0.000686139435584425,140.28429681646242,6.227065175698787
,,,,,27606.289446926236,3410.0,1.6421300188826078,21235.607266866326,0.0007774413792654799,63.58566949045106,82.66137033758638,10.0,532.0,7.7744137926548e-05,38.7214585686206,6.227450811397749
,,,,,27688.989952027227,3430.0,1.6429074602618732,21299.223040020934,0.0007774413792654799,63.615773154607815,82.70050510099016,10.0,532.0,7.7744137926548e-05,38.7214585686206,6.209686017498814
,,,,,27771.72959189162,3440.0,1.6436849016411386,21362.8689168397,0.0007774413792654799,63.64587681876457,82.73963986439395,10.0,532.0,7.7744137926548e-05,38.7214585686206,6.210136313034797
,,,,,27854.508366519418,3450.0,1.644462343020404,21426.54489732262,0.0007774413792654799,63.675980482921325,82.77877462779773,10.0,532.0,7.7744137926548e-05,38.7214585686206,6.2105927238616285
,,,,,27937.32627591062,3460.0,1.6452397843996693,21490.250981469697,0.0007774413792654799,63.70608414707808,82.81790939120151,10.0,532.0,7.7744137926548e-05,38.7214585686206,6.2110551969565595
,,,,,28020.18332006522,3470.0,1.6460172257789347,21553.987169280932,0.0007774413792654799,63.736187811234835,82.85704415460529,10.0,532.0,7.7744137926548e-05,38.7214585686206,6.2115236799080495
,,,,,28103.079498983232,3480.0,1.6467946671582,21617.753460756325,0.0007774413792654799,63.76629147539159,82.89617891800907,10.0,532.0,7.7744137926548e-05,38.7214585686206,6.21199812090699
,,,,,28186.014812664645,3490.0,1.6475721085374655,21681.54985589587,0.0007774413792654799,63.79639513954835,82.93531368141286,10.0,532.0,7.7744137926548e-05,38.7214585686206,6.212478468738072
,,,,,28268.989261109462,3500.0,1.6483495499167309,21745.376354699576,0.0007774413792654799,63.82649880370511,82.97444844481664,10.0,532.0,7.7744137926548e-05,38.7214585686206,6.2129646727713075
,,,,,28352.00284431768,3510.0,1.6491269912959963,21809.232957167438,0.0007774413792654799,63.85660246786186,83.01358320822042,10.0,532.0,7.7744137926548e-05,38.7214585686206,6.213456682953686
,,,,,28390.15317865153,3520.0,1.658117862706795,21838.579368193474,0.008990871410798643,29.34641102603665,38.150334333847645,10.0,531.0,0.0008990871410798642,17.69862787566265,6.204141865964055
,,,,,28428.51037689897,3530.0,1.6671087341175936,21868.08490530689,0.008990871410798643,29.505537113414313,38.35719824743861,10.0,531.0,0.0008990871410798642,17.69862787566265,6.194924902353226
,,,,,28467.074439059998,3540.0,1.6760996055283923,21897.74956850768,0.008990871410798643,29.664663200791974,38.56406216102957,10.0,531.0,0.0008990871410798642,17.69862787566265,6.1858049628552765
,,,,,28505.845365134617,3550.0,1.685090476939191,21927.57335779585,0.008990871410798643,29.823789288169632,38.770926074620526,10.0,531.0,0.0008990871410798642,17.69862787566265,6.176781227548126
,,,,,28723.162391326197,3560.0,1.6940813483499897,22094.74030102014,0.008990871410798643,167.16694322429316,217.3170261915811,10.0,220.0,0.0008990871410798642,98.67704605042213,6.206387725005658
,,,,,29033.362614887417,3570.0,1.700942742705834,22333.355857605693,0.00686139435584425,238.61555658555287,310.20022356121876,10.0,216.0,0.000686139435584425,140.28429681646242,6.255841976920363
,,,,,29344.814148095742,3580.0,1.707804137061678,22572.933960073635,0.00686139435584425,239.57810246794293,311.4515332083258,10.0,216.0,0.000686139435584425,140.28429681646242,6.305288815663027
,,,,,29430.820550136665,3590.0,1.7085815784409435,22639.092730874345,0.0007774413792654799,66.15877080070938,86.0064020409222,10.0,532.0,7.7744137926548e-05,38.7214585686206,6.306153964031851
,,,,,29516.86608694099,3600.0,1.7093590198202089,22705.281605339213,0.0007774413792654799,66.18887446486613,86.04553680432598,10.0,532.0,7.7744137926548e-05,38.7214585686206,6.307022668149782
,,,,,29649.300503557555,3610.0,1.7183498912310076,22807.1542335058,0.008990871410798643,101.87262816658883,132.43441661656547,10.0,616.0,0.0008990871410798642,59.285148319594185,6.317771255818781
,,,,,29782.427852862766,3620.0,1.7273407626418062,22909.5598868175,0.008990871410798643,102.40565331170042,133.12734930521054,10.0,616.0,0.0008990871410798642,59.285148319594185,6.3286077035407455
,,,,,29879.35889502221,3630.0,1.7282497639344592,22984.122226940148,0.0009090012926529559,74.56234012264918,96.93104215944393,10.0,283.0,9.090012926529558e-05,43.14326648765382,6.331714112104724
,,,,,29976.340919652164,3640.0,1.729158765227112,23058.723784347803,0.0009090012926529559,74.60155740765572,96.98202462995243,10.0,283.0,9.090012926529558e-05,43.14326648765382,6.3348142264691765
,,,,,30045.670962111442,3650.0,1.7381496366379108,23112.054586239556,0.008990871410798643,53.33080189175343,69.33004245927947,10.0,622.0,0.0008990871410798642,30.682514766053618,6.332069749654673
,,,,,30094.59437634664,3660.0,1.7454826993020798,23149.68798180509,0.0073330626641689035,37.63339556553469,48.923414235195104,10.0,649.0,0.0007333062664168904,21.560451776796278,6.325051361148932
,,,,,30177.280441896877,3670.0,1.7474238113702372,23213.29264761297,0.0019411120681574875,63.60466580787715,82.6860655502403,10.0,82.0,0.00019411120681574876,36.3991067272923,6.325147860385005
,,,,,30330.221426772416,3680.0,1.7564146827810359,23330.93955905569,0.008990871410798643,117.64691144272076,152.940984875537,10.0,840.0,0.0008990871410798642,66.98128442905261,6.339929228004263
,,,,,30483.945297797753,3690.0,1.7654055541918345,23449.188690613642,0.008990871410798643,118.24913155795251,153.72387102533827,10.0,840.0,0.0008990871410798642,66.98128442905261,6.354793683093128
,,,,,30786.49552487873,3700.0,1.7743964256026332,23681.919634522088,0.008990871410798643,232.73094390844562,302.5502270809793,10.0,1115.0,0.0008990871410798642,131.16062484706814,6.400518820141105
,,,,,30941.78516820367,3710.0,1.783387297013432,23801.373206310505,0.008990871410798643,119.453571788416,155.2896433249408,10.0,840.0,0.0008990871410798642,66.98128442905261,6.415464476094476
,,,,,31097.857697678413,3720.0,1.7923781684242306,23921.428998214153,0.008990871410798643,120.05579190364774,156.07252947474208,10.0,840.0,0.0008990871410798642,66.98128442905261,6.4304916661866
,,,,,31405.006993176816,3730.0,1.8013690398350293,24157.697687059077,0.008990871410798643,236.2686888449256,307.1492954984033,10.0,1115.0,0.0008990871410798642,131.16062484706814,6.476594554171334
,,,,,31713.689311481026,3740.0,1.810359911245828,24395.145624216162,0.008990871410798643,237.44793715708562,308.6823183042113,10.0,1115.0,0.0008990871410798642,131.16062484706814,6.522766209683466
,,,,,31888.40166796889,3750.0,1.8193507826566266,24529.539744591442,0.008990871410798643,134.3941203752793,174.7123564878631,10.0,1113.0,0.0008990871410798642,73.86927340039188,6.541210598557718
,,,,,31950.369524647056,3760.0,1.8240383097008754,24577.20732665157,0.004687527044248787,47.66758206012741,61.96785667816563,10.0,1112.0,0.00046875270442487874,26.13299392157198,6.536491310279673
,,,,,32119.47995649775,3770.0,1.832580578574473,24707.29227422903,0.008542268873597676,130.0849475774584,169.11043185069593,10.0,807.0,0.0008542268873597676,70.98457175544706,6.553658428177461
,,,,,32227.443067708573,3780.0,1.8415714499852718,24790.340821314276,0.008990871410798643,83.04854708524715,107.9631112108213,10.0,1108.0,0.0008990871410798642,45.09656526544835,6.558291222569914
,,,,,32275.77677877479,3790.0,1.842214373038983,24827.52059905752,0.0006429230537111962,37.17977774324386,48.33371106621702,10.0,1128.0,6.429230537111961e-05,20.182112509474543,6.550796991835758
,,,,,32324.127358050035,3800.0,1.8428572960926943,24864.713352346167,0.0006429230537111962,37.192753288648795,48.35057927524343,10.0,1128.0,6.429230537111961e-05,20.182112509474543,6.543345619038465
,,,,,32372.494805534305,3810.0,1.8435002191464056,24901.919081180222,0.0006429230537111962,37.20572883405373,48.36744748426985,10.0,1128.0,6.429230537111961e-05,20.182112509474543,6.535936766713969
,,,,,32649.797789978027,3820.0,1.8445315490787606,25115.229069213856,0.0010313299323549895,213.30998803363315,277.3029844437231,10.0,1176.0,0.00010313299323549896,115.64453215244242,6.574667295605721
,,,,,32927.25582238953,3830.0,1.8455628790111156,25328.65832491501,0.0010313299323549895,213.42925570115517,277.45803241150173,10.0,1176.0,0.00010313299323549896,115.64453215244242,6.613226716687993
,,,,,33204.868902768816,3840.0,1.8465942089434706,25542.206848283688,0.0010313299323549895,213.54852336867717,277.61308037928035,10.0,1176.0,0.00010313299323549896,115.64453215244242,6.6516163667405435
,,,,,33208.882958553426,3850.0,1.848250221975141,25545.294583502622,0.0016560130316706097,3.0877352189331986,4.014055784613158,10.0,1165.0,0.00016560130316706098,1.670626185903268,6.635141450260421
,,,,,33212.90061089039,3860.0,1.8499062350068116,25548.38508530029,0.0016560130316706097,3.090501797668104,4.017652336968536,10.0,1165.0,0.00016560130316706098,1.670626185903268,6.618752612772096
,,,,,33216.921859779715,3870.0,1.8515622480384821,25551.478353676695,0.0016560130316706097,3.0932683764030102,4.021248889323913,10.0,1165.0,0.00016560130316706098,1.670626185903268,6.602449186996562
,,,,,33220.946705221395,3880.0,1.8532182610701526,25554.574388631834,0.0016560130316706097,3.096034955137916,4.0248454416792905,10.0,1165.0,0.00016560130316706098,1.670626185903268,6.5862305125339775
,,,,,33224.97514721543,3890.0,1.8548742741018232,25557.673190165708,0.0016560130316706097,3.098801533872822,4.028441994034669,10.0,1165.0,0.00016560130316706098,1.670626185903268,6.570095935775246
,,,,,33229.007185761824,3900.0,1.8565302871334937,25560.774758278316,0.0016560130316706097,3.1015681126077275,4.032038546390046,10.0,1165.0,0.00016560130316706098,1.670626185903268,6.554044809814953
,,,,,33567.828731068585,3910.0,1.8578840529048646,25821.406716206595,0.00135376577137089,260.6319579282782,338.82154530676166,10.0,558.0,0.000135376577137089,140.28429681646242,6.603940336625728
,,,,,33607.11339199782,3920.0,1.8582019656620912,25851.625686152158,0.00031791275722651966,30.218969945564496,39.284660929233844,10.0,688.0,3.1791275722651966e-05,16.26247873158247,6.594802470957183
,,,,,33646.40477399134,3930.0,1.8585198784193178,25881.849826147176,0.00031791275722651966,30.224139995017392,39.29138199352261,10.0,688.0,3.1791275722651966e-05,16.26247873158247,6.585712423956024
,,,,,33752.36149304609,3940.0,1.8606767304290777,25963.35499465083,0.0021568520097599462,81.50516850365358,105.95671905474966,10.0,983.0,0.00021568520097599463,43.80404568442055,6.5896840087946265
,,,,,33858.441034598,3950.0,1.8628335824388376,26044.95464199845,0.0021568520097599462,81.59964734762363,106.07954155191072,10.0,983.0,0.00021568520097599463,43.80404568442055,6.593659403037583
,,,,,33964.64339864707,3960.0,1.8649904344485975,26126.648768190043,0.0021568520097599462,81.6941261915937,106.2023640490718,10.0,983.0,0.00021568520097599463,43.80404568442055,6.5976385778257685
,,,,,34070.9685851933,3970.0,1.8671472864583574,26208.437373225606,0.0021568520097599462,81.78860503556375,106.32518654623287,10.0,983.0,0.00021568520097599463,43.80404568442055,6.601621504590833
,,,,,34345.019559340544,3980.0,1.8730037451101513,26419.245814877333,0.005856458651793928,210.80844165172675,274.0509741472448,10.0,589.0,0.0005856458651793928,112.55099847081678,6.638001461024455
,,,,,34619.92742883718,3990.0,1.8788602037619453,26630.713406797822,0.005856458651793928,211.4675919204892,274.907869496636,10.0,589.0,0.0005856458651793928,112.55099847081678,6.674364262355344
,,,,,34895.69219368321,4000.0,1.8847166624137393,26842.840148987074,0.005856458651793928,212.12674218925167,275.76476484602716,10.0,589.0,0.0005856458651793928,112.55099847081678,6.710710037246768
,,,,,35172.31385387863,4010.0,1.8905731210655332,27055.626041445088,0.005856458651793928,212.78589245801413,276.6216601954184,10.0,589.0,0.0005856458651793928,112.55099847081678,6.747038913078575
,,,,,35297.24716177881,4020.0,1.8955764164370072,27151.72858598369,0.005003295371473963,96.10254453860095,124.93330790018125,10.0,56.0,0.0005003295371473963,50.698322528847825,6.754161339796937
,,,,,35422.51022596618,4030.0,1.9005797118084813,27248.08478920474,0.005003295371473963,96.35620322105103,125.26306418736635,10.0,56.0,0.0005003295371473963,50.698322528847825,6.761311362085543
,,,,,35548.10304644073,4040.0,1.9055830071799553,27344.69465110824,0.005003295371473963,96.60986190350111,125.59282047455144,10.0,56.0,0.0005003295371473963,50.698322528847825,6.768488775026792
,,,,,35674.02562320247,4050.0,1.9105863025514294,27441.55817169419,0.005003295371473963,96.86352058595119,125.92257676173655,10.0,56.0,0.0005003295371473963,50.698322528847825,6.77569337572696
,,,,,35800.27795625139,4060.0,1.9155895979229034,27538.67535096259,0.005003295371473963,97.11717926840129,126.25233304892168,10.0,56.0,0.0005003295371473963,50.698322528847825,6.782924963291278
,,,,,35926.8600455875,4070.0,1.9205928932943774,27636.04618891344,0.005003295371473963,97.37083795085137,126.58208933610678,10.0,56.0,0.0005003295371473963,50.698322528847825,6.790183338799371
,,,,,36053.77189121079,4080.0,1.9255961886658515,27733.67068554674,0.005003295371473963,97.62449663330145,126.91184562329188,10.0,56.0,0.0005003295371473963,50.698322528847825,6.797468305281063
,,,,,36181.01349312127,4090.0,1.9305994840373255,27831.54884086249,0.005003295371473963,97.87815531575153,127.24160191047699,10.0,56.0,0.0005003295371473963,50.698322528847825,6.80477966769254
,,,,,36208.03304402153,4100.0,1.9308274491700321,27852.33311078577,0.0002279651327066997,20.78426992328048,27.019550900264626,10.0,64.0,2.2796513270669968e-05,10.764436735252866,6.7932519782404315
,,,,,36235.05578501292,4110.0,1.9310554143027387,27873.1198346253,0.0002279651327066997,20.786723839529344,27.022740991388147,10.0,64.0,2.2796513270669968e-05,10.764436735252866,6.781780981660657
,,,,,36240.50103457394,4120.0,1.9400462857135374,27877.30848813378,0.008990871410798643,4.188653508482105,5.445249561026737,10.0,1080.0,0.0008990871410798642,2.159048234739174,6.766337011682957
,,,,,36245.971519377534,4130.0,1.9490371571243361,27881.516553367313,0.008990871410798643,4.208065233530356,5.470484803589463,10.0,1080.0,0.0008990871410798642,2.159048234739174,6.750972531081674
,,,,,36251.467239423684,4140.0,1.9580280285351348,27885.74403032589,0.008990871410798643,4.227476958578608,5.49572004615219,10.0,1080.0,0.0008990871410798642,2.159048234739174,6.735686963846834
,,,,,36391.12974114275,4150.0,1.9606003615774603,27993.17672395594,0.0025723330423255164,107.43269363004926,139.66250171906404,10.0,1073.0,0.00025723330423255164,54.795814453288706,6.745343788905046
,,,,,36634.92949193509,4160.0,1.969591232988259,28180.714993796202,0.008990871410798643,187.53826984026026,243.79975079233833,10.0,1088.0,0.0008990871410798642,95.21684839941517,6.774210335047164
,,,,,36697.700026581784,4170.0,1.9713612998664651,28229.000020447507,0.0017700668782062183,48.285026651304484,62.77053464669583,10.0,52.0,0.00017700668782062183,24.493240612248595,6.769544369411872
,,,,,36954.74509165879,4180.0,1.974358257003398,28426.72699358367,0.0029969571369328806,197.7269731361612,257.04506507700955,10.0,43.0,0.00029969571369328806,100.14746433925487,6.800652390809491
,,,,,37200.52497688892,4190.0,1.9756243590000817,28615.78844376069,0.001266101996683835,189.0614501770202,245.77988523012627,10.0,44.0,0.0001266101996683835,95.69706372354582,6.829543781327134
,,,,,37315.102087707615,4200.0,1.9846152304108804,28703.924682851994,0.008990871410798643,88.13623909130298,114.57711081869388,10.0,47.0,0.0008990871410798642,44.40973632609677,6.834267781631427
,,,,,37430.19826542361,4210.0,1.993606101821679,28792.46020417199,0.008990871410798643,88.5355213199984,115.09617771599791,10.0,47.0,0.0008990871410798642,44.40973632609677,6.839064181513537
,,,,,37545.81351003692,4220.0,2.0025969732324778,28881.395007720686,0.008990871410798643,88.93480354869381,115.61524461330195,10.0,47.0,0.0008990871410798642,44.40973632609677,6.843932466284523
,,,,,37661.947821547525,4230.0,2.0115878446432762,28970.729093498077,0.008990871410798643,89.3340857773892,116.13431151060597,10.0,47.0,0.0008990871410798642,44.40973632609677,6.848872126122477
,,,,,37778.60119995543,4240.0,2.0205787160540747,29060.46246150416,0.008990871410798643,89.73336800608462,116.65337840791001,10.0,47.0,0.0008990871410798642,44.40973632609677,6.8538826560151325
,,,,,37895.77364526065,4250.0,2.029569587464873,29150.59511173894,0.008990871410798643,90.13265023478002,117.17244530521403,10.0,47.0,0.0008990871410798642,44.40973632609677,6.85896355570328
,,,,,38013.465157463164,4260.0,2.0385604588756716,29241.127044202418,0.008990871410798643,90.53193246347541,117.69151220251804,10.0,47.0,0.0008990871410798642,44.40973632609677,6.8641143296249805
,,,,,38131.67573656299,4270.0,2.04755133028647,29332.058258894587,0.008990871410798643,90.93121469217081,118.21057909982206,10.0,47.0,0.0008990871410798642,44.40973632609677,6.869334486860559
,,,,,38239.858021291904,4280.0,2.0490120508525056,29415.275400993753,0.001460720566035414,83.21714209916587,108.18228472891563,10.0,491.0,0.0001460720566035414,40.61330047548662,6.8727278974284465
,,,,,38348.11742810906,4290.0,2.050472771418541,29498.55186777618,0.001460720566035414,83.276466782425,108.25940681715251,10.0,491.0,0.0001460720566035414,40.61330047548662,6.8761193164979435
,,,,,38456.45395701445,4300.0,2.0519334919845766,29581.887659241864,0.001460720566035414,83.33579146568412,108.33652890538937,10.0,491.0,0.0001460720566035414,40.61330047548662,6.879508757963224
,,,,,38564.86760800808,4310.0,2.053394212550612,29665.282775390806,0.001460720566035414,83.39511614894325,108.41365099362622,10.0,491.0,0.0001460720566035414,40.61330047548662,6.882896235589514
,,,,,38832.52499295042,4320.0,2.053859076541982,29871.173071500303,0.0004648639913699418,205.89029610949794,267.65738494234733,10.0,678.0,4.648639913699418e-05,100.24558084878392,6.914623396180626
,,,,,39100.24295862185,4330.0,2.054323940533352,30077.109968170633,0.0004648639913699418,205.9368966703285,267.71796567142707,10.0,678.0,4.648639913699418e-05,100.24558084878392,6.946214773249569
,,,,,39368.021505022356,4340.0,2.0547888045247222,30283.09346540179,0.0004648639913699418,205.9834972311591,267.77854640050685,10.0,678.0,4.648639913699418e-05,100.24558084878392,6.977671305392118
,,,,,39495.270466001515,4350.0,2.055022270957817,30380.977281539606,0.0002334664330949695,97.88381613781542,127.24896097916005,10.0,543.0,2.334664330949695e-05,47.63151111359642,6.984132708399909
,,,,,39546.19893789968,4360.0,2.06302475462269,30420.15302915358,0.008002483664872854,39.175747613973435,50.92847189816547,10.0,879.0,0.0008002483664872854,18.989470449247396,6.977099318613206
,,,,,39736.68411963413,4370.0,2.0671081528222515,30566.680092026225,0.004083398199561519,146.52706287264806,190.48518173444248,10.0,357.0,0.0004083398199561518,70.88504908298708,6.994663636619274
,,,,,39822.69883710561,4380.0,2.0686841123483686,30632.84525931198,0.0015759595261170762,66.1651672857562,86.01471747148307,10.0,845.0,0.00015759595261170763,31.98418109889458,6.9938002875141505
,,,,,39825.02845425185,4390.0,2.077674983759167,30634.6372725014,0.008990871410798643,1.7920131894196056,2.3296171462454875,10.0,893.0,0.0008990871410798642,0.862508911849769,6.978277283029932
,,,,,39827.36815251683,4400.0,2.0866658551699655,30636.437040397537,0.008990871410798643,1.7997678961367145,2.339698264977729,10.0,893.0,0.0008990871410798642,0.862508911849769,6.96282660009035
,,,,,39829.71793190054,4410.0,2.095656726580764,30638.24456300039,0.008990871410798643,1.8075226028538236,2.3497793837099707,10.0,893.0,0.0008990871410798642,0.862508911849769,6.947447746712107
,,,,,39832.07779240298,4420.0,2.1046475979915624,30640.05984030996,0.008990871410798643,1.8152773095709325,2.359860502442212,10.0,893.0,0.0008990871410798642,0.862508911849769,6.932140235364245
,,,,,39894.503010163,4430.0,2.107404906128188,30688.0792385869,0.0027573081366254536,48.01939827693736,62.42521776001857,10.0,909.0,0.00027573081366254534,22.786033256969397,6.927331656565891
,,,,,39899.202489189265,4440.0,2.1163957775389863,30691.694222453254,0.008990871410798643,3.6149838663568135,4.699479026263858,10.0,852.0,0.0008990871410798642,1.7080849927608692,6.912543743795778
,,,,,39903.921932539815,4450.0,2.125386648949785,30695.32456349214,0.008990871410798643,3.630341038885441,4.719443350551074,10.0,852.0,0.0008990871410798642,1.7080849927608692,6.897825744604975
,,,,,39972.85181875726,4460.0,2.1343775203605833,30748.347552890176,0.008990871410798643,53.02298939803681,68.92988621744786,10.0,956.0,0.0008990871410798642,24.84236686913713,6.894248330244434
,,,,,40042.07206585859,4470.0,2.1433683917713817,30801.593896814273,0.008990871410798643,53.246343924097104,69.22024710132624,10.0,956.0,0.0008990871410798642,24.84236686913713,6.890736889667623
,,,,,40111.5826738438,4480.0,2.15235926318218,30855.06359526443,0.008990871410798643,53.469698450157395,69.51060798520462,10.0,956.0,0.0008990871410798642,24.84236686913713,6.88729098108581
,,,,,40327.90404451962,4490.0,2.152749625587701,31021.46464963045,0.0003903624055209665,166.40105436601868,216.32137067582428,10.0,436.0,3.903624055209665e-05,77.29698446496822,6.909012171409899
,,,,,40407.47104883599,4500.0,2.1617404969984997,31082.670037566117,0.008990871410798643,61.2053879356691,79.56700431636983,10.0,437.0,0.0008990871410798642,28.313013528057887,6.907260008348026
,,,,,40640.709139036386,4510.0,2.163715552128822,31262.083953104877,0.0019750551303221934,179.41391553876161,233.2380902003901,10.0,371.0,0.00019750551303221935,82.91936311232826,6.931725931952301
,,,,,40820.4441664556,4520.0,2.1642460712315406,31400.341666504268,0.0005305191027183454,138.25771339939266,179.73502741921047,10.0,386.0,5.3051910271834537e-05,63.882621868740934,6.946978244801829
,,,,,41000.22325211141,4530.0,2.164776590334259,31538.633270854894,0.0005305191027183454,138.29160435062576,179.7790856558135,10.0,386.0,5.3051910271834537e-05,63.882621868740934,6.962170699967968
,,,,,41263.514926081814,4540.0,2.166182259188967,31741.165327755203,0.0014056688547076576,202.53205690031064,263.29167397040385,10.0,775.0,0.00014056688547076576,93.49723738211206,6.991446107435067
,,,,,41526.97745405319,4550.0,2.1675879280436745,31943.828810810104,0.0014056688547076576,202.66348305489987,263.46252797136987,10.0,775.0,0.00014056688547076576,93.49723738211206,7.020621716661561
,,,,,41790.610836025524,4560.0,2.1689935968983822,32146.623720019594,0.0014056688547076576,202.79490920948913,263.6333819723359,10.0,775.0,0.00014056688547076576,93.49723738211206,7.049698184214823
,,,,,42054.415071998825,4570.0,2.17039926575309,32349.550055383672,0.0014056688547076576,202.92633536407837,263.8042359733019,10.0,775.0,0.00014056688547076576,93.49723738211206,7.078676160915465
,,,,,42318.39016197309,4580.0,2.1718049346077977,32552.60781690234,0.0014056688547076576,203.05776151866763,263.9750899742679,10.0,775.0,0.00014056688547076576,93.49723738211206,7.107556291900074
,,,,,42634.4648919715,4590.0,2.174017221281693,32795.74222459342,0.0022122866738954494,243.13440769108146,316.0747299984059,10.0,420.0,0.00022122866738954493,111.83646813420431,7.145041878996388
,,,,,42950.861260596444,4600.0,2.1762295079555884,33039.12404661261,0.0022122866738954494,243.38182201919028,316.3963686249474,10.0,420.0,0.00022122866738954493,111.83646813420431,7.182418271002741
,,,,,43155.64897726757,4610.0,2.180116018093162,33196.653059436554,0.0038865101375737945,157.5290128239412,204.78771667112358,10.0,137.0,0.00038865101375737946,72.25716958023358,7.201009340441769
,,,,,43360.801770627404,4620.0,2.1840025282307356,33354.462900482584,0.0038865101375737945,157.80984104602715,205.1527933598353,10.0,137.0,0.00038865101375737946,72.25716958023358,7.21958071439017
,,,,,43759.561542819785,4630.0,2.186547555662224,33661.20118678441,0.0025450274314881938,306.73828630182976,398.7597721923787,10.0,343.0,0.0002545027431488194,140.28429681646242,7.270237837318447
,,,,,44063.18106195031,4640.0,2.1914337490324343,33894.75466303866,0.004886193370210252,233.553476254246,303.6195191305198,10.0,776.0,0.0004886193370210252,106.5756500087511,7.304904022206607
,,,,,44367.47755508568,4650.0,2.1963199424026447,34128.8288885274,0.004886193370210252,234.07422548874464,304.29649313536805,10.0,776.0,0.0004886193370210252,106.5756500087511,7.339533094306968
,,,,,44672.4510222259,4660.0,2.201206135772855,34363.423863250646,0.004886193370210252,234.59497472324327,304.97346714021626,10.0,776.0,0.0004886193370210252,106.5756500087511,7.374125292543057
,,,,,44978.101463370964,4670.0,2.2060923291430656,34598.53958720839,0.004886193370210252,235.1157239577419,305.65044114506446,10.0,776.0,0.0004886193370210252,106.5756500087511,7.408680853791947
,,,,,45284.42887852088,4680.0,2.210978522513276,34834.176060400634,0.004886193370210252,235.63647319224052,306.32741514991267,10.0,776.0,0.0004886193370210252,106.5756500087511,7.443200012906118
,,,,,45591.43326767564,4690.0,2.2158647158834865,35070.33328282737,0.004886193370210252,236.15722242673914,307.0043891547609,10.0,776.0,0.0004886193370210252,106.5756500087511,7.477683002735047
,,,,,45899.11463083525,4700.0,2.220750909253697,35307.01125448861,0.004886193370210252,236.6779716612378,307.68136315960913,10.0,776.0,0.0004886193370210252,106.5756500087511,7.512130054146512
,,,,,46207.4729679997,4710.0,2.2256371026239075,35544.20997538434,0.004886193370210252,237.19872089573641,308.35833716445734,10.0,776.0,0.0004886193370210252,106.5756500087511,7.5465413960476315
,,,,,46516.50827916901,4720.0,2.230523295994118,35781.92944551458,0.004886193370210252,237.71947013023504,309.03531116930554,10.0,776.0,0.0004886193370210252,106.5756500087511,7.580917255405631
,,,,,46826.22056434316,4730.0,2.2354094893643284,36020.169664879315,0.004886193370210252,238.24021936473366,309.71228517415375,10.0,776.0,0.0004886193370210252,106.5756500087511,7.615257857268354
,,,,,47136.60982352216,4740.0,2.240295682734539,36258.93063347855,0.004886193370210252,238.76096859923229,310.38925917900195,10.0,776.0,0.0004886193370210252,106.5756500087511,7.649563424784504
,,,,,47447.676056706005,4750.0,2.2451818761047493,36498.21235131228,0.004886193370210252,239.28171783373094,311.0662331838502,10.0,776.0,0.0004886193370210252,106.5756500087511,7.683834179223638
,,,,,47759.419263894706,4760.0,2.2500680694749597,36738.01481838051,0.004886193370210252,239.80246706822956,311.7432071886984,10.0,776.0,0.0004886193370210252,106.5756500087511,7.718070339995905
,,,,,48071.839445088255,4770.0,2.25495426284517,36978.338034683235,0.004886193370210252,240.32321630272818,312.4201811935466,10.0,776.0,0.0004886193370210252,106.5756500087511,7.752272124671538
,,,,,48384.93660028665,4780.0,2.2598404562153807,37219.18200022046,0.004886193370210252,240.8439655372268,313.0971551983949,10.0,776.0,0.0004886193370210252,106.5756500087511,7.786439749000096
,,,,,48698.710729489896,4790.0,2.264726649585591,37460.54671499219,0.004886193370210252,241.36471477172546,313.7741292032431,10.0,776.0,0.0004886193370210252,106.5756500087511,7.820573426929476
,,,,,49013.16183269799,4800.0,2.2696128429558016,37702.43217899842,0.004886193370210252,241.88546400622408,314.4511032080913,10.0,776.0,0.0004886193370210252,106.5756500087511,7.8546733706246705
,,,,,49328.28990991093,4810.0,2.274499036326012,37944.83839223914,0.004886193370210252,242.4062132407227,315.1280772129395,10.0,776.0,0.0004886193370210252,106.5756500087511,7.888739790486307
,,,,,49644.094961128714,4820.0,2.2793852296962225,38187.76535471436,0.004886193370210252,242.92696247522133,315.80505121778776,10.0,776.0,0.0004886193370210252,106.5756500087511,7.922772895168953
,,,,,49960.57698635135,4830.0,2.284271423066433,38431.213066424076,0.004886193370210252,243.44771170971995,316.48202522263597,10.0,776.0,0.0004886193370210252,106.5756500087511,7.956772891599187
,,,,,50277.73598557883,4840.0,2.2891576164366434,38675.181527368295,0.004886193370210252,243.9684609442186,317.1589992274842,10.0,776.0,0.0004886193370210252,106.5756500087511,7.990739984993449
,,,,,50595.57195881116,4850.0,2.294043809806854,38919.670737547014,0.004886193370210252,244.48921017871723,317.83597323233244,10.0,776.0,0.0004886193370210252,106.5756500087511,8.024674378875673
,,,,,50914.08490604834,4860.0,2.2989300031770643,39164.68069696023,0.004886193370210252,245.00995941321585,318.51294723718064,10.0,776.0,0.0004886193370210252,106.5756500087511,8.058576275094698
,,,,,51233.27482729037,4870.0,2.3038161965472748,39410.211405607944,0.004886193370210252,245.53070864771448,319.18992124202884,10.0,776.0,0.0004886193370210252,106.5756500087511,8.092445873841466
,,,,,51553.14172253725,4880.0,2.308702389917485,39656.262863490156,0.004886193370210252,246.0514578822131,319.86689524687705,10.0,776.0,0.0004886193370210252,106.5756500087511,8.126283373666016
,,,,,51873.68559178898,4890.0,2.3135885832876957,39902.83507060687,0.004886193370210252,246.57220711671175,320.5438692517253,10.0,776.0,0.0004886193370210252,106.5756500087511,8.160088971494247
,,,,,52194.90643504555,4900.0,2.318474776657906,40149.92802695808,0.004886193370210252,247.09295635121038,321.2208432565735,10.0,776.0,0.0004886193370210252,106.5756500087511,8.193862862644506
,,,,,52516.804252306974,4910.0,2.3233609700281166,40397.54173254379,0.004886193370210252,247.613705585709,321.8978172614217,10.0,776.0,0.0004886193370210252,106.5756500087511,8.227605240843948
,,,,,52839.379043573244,4920.0,2.328247163398327,40645.676187364,0.004886193370210252,248.13445482020762,322.5747912662699,10.0,776.0,0.0004886193370210252,106.5756500087511,8.261316298244715
,,,,,53162.63080884436,4930.0,2.3331333567685375,40894.3313914187,0.004886193370210252,248.65520405470627,323.2517652711182,10.0,776.0,0.0004886193370210252,106.5756500087511,8.294996225439899
,,,,,53486.55954812033,4940.0,2.338019550138748,41143.507344707905,0.004886193370210252,249.1759532892049,323.9287392759664,10.0,776.0,0.0004886193370210252,106.5756500087511,8.328645211479333
,,,,,53811.16526140114,4950.0,2.3429057435089584,41393.20404723161,0.004886193370210252,249.69670252370352,324.6057132808146,10.0,776.0,0.0004886193370210252,106.5756500087511,8.362263443885173
,,,,,54136.4479486868,4960.0,2.347791936879169,41643.42149898981,0.004886193370210252,250.21745175820215,325.2826872856628,10.0,776.0,0.0004886193370210252,106.5756500087511,8.3958511086673
,,,,,54462.40760997731,4970.0,2.3526781302493793,41894.15969998251,0.004886193370210252,250.73820099270077,325.959661290511,10.0,776.0,0.0004886193370210252,106.5756500087511,8.429408390338534
,,,,,54789.04424527267,4980.0,2.35756432361959,42145.418650209715,0.004886193370210252,251.25895022719942,326.63663529535927,10.0,776.0,0.0004886193370210252,106.5756500087511,8.462935471929661
,,,,,55116.35785457288,5000.0,2.3624505169898002,42397.19834967141,0.004886193370210252,251.77969946169804,327.3136093002075,10.0,776.0,0.0004886193370210252,106.5756500087511,8.479439669934282
,,,,,55444.34843787794,5010.0,2.3673367103600107,42649.498798367604,0.004886193370210252,252.30044869619667,327.9905833050557,10.0,776.0,0.0004886193370210252,106.5756500087511,8.51287401165022
,,,,,55773.015995187845,5020.0,2.372222903730221,42902.3199962983,0.004886193370210252,252.8211979306953,328.6675573099039,10.0,776.0,0.0004886193370210252,106.5756500087511,8.54627888372476
,,,,,56102.3605265026,5030.0,2.3771090971004316,43155.66194346349,0.004886193370210252,253.34194716519391,329.3445313147521,10.0,776.0,0.0004886193370210252,106.5756500087511,8.579654461921171
,,,,,56432.3820318222,5040.0,2.381995290470642,43409.524639863186,0.004886193370210252,253.86269639969257,330.02150531960035,10.0,776.0,0.0004886193370210252,106.5756500087511,8.613000920607774
,,,,,56763.08051114665,5050.0,2.3868814838408525,43663.90808549738,0.004886193370210252,254.3834456341912,330.69847932444856,10.0,776.0,0.0004886193370210252,106.5756500087511,8.646318432771759
,,,,,57094.45596447594,5060.0,2.391767677211063,43918.812280366066,0.004886193370210252,254.9041948686898,331.37545332929676,10.0,776.0,0.0004886193370210252,106.5756500087511,8.679607170032819
,,,,,57426.508391810086,5070.0,2.3966538705812734,44174.23722446925,0.004886193370210252,255.42494410318844,332.05242733414497,10.0,776.0,0.0004886193370210252,106.5756500087511,8.712867302656658
,,,,,57759.23779314908,5080.0,2.401540063951484,44430.18291780694,0.004886193370210252,255.94569333768706,332.72940133899317,10.0,776.0,0.0004886193370210252,106.5756500087511,8.746098999568295
,,,,,58092.644168492916,5090.0,2.4064262573216944,44686.649360379124,0.004886193370210252,256.4664425721857,333.40637534384143,10.0,776.0,0.0004886193370210252,106.5756500087511,8.77930242836525
,,,,,58426.7275178416,5100.0,2.411312450691905,44943.63655218581,0.004886193370210252,256.98719180668434,334.08334934868964,10.0,776.0,0.0004886193370210252,106.5756500087511,8.812477755330551
,,,,,58761.48784119514,5110.0,2.4161986440621153,45201.144493226995,0.004886193370210252,257.50794104118296,334.76032335353784,10.0,776.0,0.0004886193370210252,106.5756500087511,8.845625145445595
,,,,,59096.92513855353,5120.0,2.4210848374323257,45459.17318350267,0.004886193370210252,258.0286902756816,335.43729735838605,10.0,776.0,0.0004886193370210252,106.5756500087511,8.878744762402865
,,,,,59433.03940991677,5130.0,2.425971030802536,45717.72262301285,0.004886193370210252,258.5494395101802,336.1142713632343,10.0,776.0,0.0004886193370210252,106.5756500087511,8.911836768618489
,,,,,59769.83065528485,5140.0,2.4308572241727466,45976.79281175753,0.004886193370210252,259.07018874467883,336.7912453680825,10.0,776.0,0.0004886193370210252,106.5756500087511,8.944901325244656
,,,,,60107.29887465778,5150.0,2.435743417542957,46236.383749736706,0.004886193370210252,259.59093797917745,337.4682193729307,10.0,776.0,0.0004886193370210252,106.5756500087511,8.977938592181884
,,,,,60259.226200192286,5160.0,2.43588396239997,46353.25092322478,0.00014054485701298859,116.86717348808031,151.9273255345044,10.0,542.0,1.4054485701298858e-05,47.977315542131244,8.983188163415656
,,,,,60315.478409044335,5170.0,2.4448748338107684,46396.52185311097,0.008990871410798643,43.27092988618935,56.25220885204616,10.0,531.0,0.0008990871410798642,17.69862787566265,8.974182176617209
,,,,,60371.937481809975,5180.0,2.453865705221567,46439.951909084535,0.008990871410798643,43.43005597356701,56.45907276563711,10.0,531.0,0.0008990871410798642,17.69862787566265,8.96524168129045
,,,,,60428.603418489205,5190.0,2.4628565766323653,46483.54109114548,0.008990871410798643,43.589182060944665,56.66593667922807,10.0,531.0,0.0008990871410798642,17.69862787566265,8.956366298871961
,,,,,60745.69240428743,5200.0,2.471847448043164,46727.455695605655,0.008990871410798643,243.9146044601737,317.08898579822585,10.0,220.0,0.0008990871410798642,98.67704605042213,8.986049172231857
,,,,,61197.73350934673,5210.0,2.478708842399008,47075.179622574346,0.00686139435584425,347.7239269686924,452.04110505930015,10.0,216.0,0.000686139435584425,140.28429681646242,9.035543113737878
,,,,,61651.02592405314,5220.0,2.4855702367548522,47423.86609542543,0.00686139435584425,348.68647285108244,453.2924147064072,10.0,216.0,0.000686139435584425,140.28429681646242,9.085031819047018
,,,,,62105.56964840665,5230.0,2.4924316311106964,47773.5151141589,0.00686139435584425,349.6490187334725,454.5437243535142,10.0,216.0,0.000686139435584425,140.28429681646242,9.134515318194818
,,,,,62561.36468240727,5240.0,2.4992930254665406,48124.126678774766,0.00686139435584425,350.61156461586256,455.79503400062134,10.0,216.0,0.000686139435584425,140.28429681646242,9.18399364098755
,,,,,63018.411026055,5250.0,2.506154419822385,48475.70078927302,0.00686139435584425,351.5741104982526,457.0463436477284,10.0,216.0,0.000686139435584425,140.28429681646242,9.233466817004384
,,,,,63144.60470171224,5260.0,2.5069318612016502,48572.77284747089,0.0007774413792654799,97.07205819787463,126.19367565723702,10.0,532.0,7.7744137926548e-05,38.7214585686206,9.234367461496367
,,,,,63270.83751213288,5270.0,2.5077093025809156,48669.87500933292,0.0007774413792654799,97.10216186203138,126.2328104206408,10.0,532.0,7.7744137926548e-05,38.7214585686206,9.235270400252926
,,,,,63397.109457316925,5280.0,2.508486743960181,48767.00727485911,0.0007774413792654799,97.13226552618814,126.27194518404458,10.0,532.0,7.7744137926548e-05,38.7214585686206,9.236175620238468
,,,,,63523.42053726437,5290.0,2.5092641853394464,48864.169644049456,0.0007774413792654799,97.16236919034489,126.31107994744836,10.0,532.0,7.7744137926548e-05,38.7214585686206,9.237083108515964
,,,,,63649.77075197522,5300.0,2.510041626718712,48961.362116903954,0.0007774413792654799,97.19247285450164,126.35021471085214,10.0,532.0,7.7744137926548e-05,38.7214585686206,9.237992852246029
,,,,,63776.16010144948,5310.0,2.510819068097977,49058.584693422614,0.0007774413792654799,97.2225765186584,126.38934947425592,10.0,532.0,7.7744137926548e-05,38.7214585686206,9.238904838685992
,,,,,63902.58858568714,5320.0,2.5115965094772426,49155.83737360543,0.0007774413792654799,97.25268018281515,126.4284842376597,10.0,532.0,7.7744137926548e-05,38.7214585686206,9.23981905518899
,,,,,64029.056204688204,5330.0,2.512373950856508,49253.1201574524,0.0007774413792654799,97.28278384697191,126.46761900106348,10.0,532.0,7.7744137926548e-05,38.7214585686206,9.240735489203077
,,,,,64155.56295845267,5340.0,2.5131513922357733,49350.43304496353,0.0007774413792654799,97.31288751112866,126.50675376446726,10.0,532.0,7.7744137926548e-05,38.7214585686206,9.241654128270325
,,,,,64282.10884698054,5350.0,2.5139288336150387,49447.776036138814,0.0007774413792654799,97.34299117528542,126.54588852787106,10.0,532.0,7.7744137926548e-05,38.7214585686206,9.242574960025946
,,,,,64408.69387027182,5360.0,2.514706274994304,49545.14913097826,0.0007774413792654799,97.37309483944219,126.58502329127485,10.0,532.0,7.7744137926548e-05,38.7214585686206,9.243497972197437
,,,,,64466.75963993644,5370.0,2.5236971464051026,49589.81510764336,0.008990871410798643,44.66597666509563,58.06576966462432,10.0,531.0,0.0008990871410798642,17.69862787566265,9.234602440901929
,,,,,64525.032273514655,5380.0,2.532688017815901,49634.64021039583,0.008990871410798643,44.825102752473285,58.27263357821527,10.0,531.0,0.0008990871410798642,17.69862787566265,9.225769555835656
,,,,,64583.51177100646,5390.0,2.5416788892266995,49679.62443923568,0.008990871410798643,44.98422883985094,58.47949749180623,10.0,531.0,0.0008990871410798642,17.69862787566265,9.216998968318308
,,,,,64910.71209566526,5400.0,2.550669760637498,49931.316996665526,0.008990871410798643,251.69255742984558,327.2003246587993,10.0,220.0,0.0008990871410798642,98.67704605042213,9.24654018456769
,,,,,65239.06577074597,5410.0,2.5596606320482964,50183.89674672761,0.008990871410798643,252.57975006208238,328.3536750807071,10.0,220.0,0.0008990871410798642,98.67704605042213,9.276136182389576
,,,,,65707.12132980545,5420.0,2.5665220264041406,50543.93948446568,0.00686139435584425,360.04273773806705,468.05555905948717,10.0,216.0,0.000686139435584425,140.28429681646242,9.32545008938481
,,,,,66176.42819851205,5430.0,2.573383420759985,50904.944768086134,0.00686139435584425,361.0052836204571,469.30686870659423,10.0,216.0,0.000686139435584425,140.28429681646242,9.374759625798552
,,,,,66306.00604063603,5440.0,2.57416086213925,51004.620031258426,0.0007774413792654799,99.67526317228966,129.57784212397655,10.0,532.0,7.7744137926548e-05,38.7214585686206,9.375849270451917
,,,,,66435.62301752341,5450.0,2.5749383035185156,51104.32539809487,0.0007774413792654799,99.70536683644642,129.61697688738033,10.0,532.0,7.7744137926548e-05,38.7214585686206,9.376940440017409
,,,,,66634.76822922133,5460.0,2.583929174929314,51257.51402247788,0.008990871410798643,153.18862438301102,199.14521169791433,10.0,616.0,0.0008990871410798642,59.285148319594185,9.387823081039905
,,,,,66910.14299452628,5470.0,2.5929200463401125,51469.34076502015,0.008990871410798643,211.82674254226737,275.3747653049476,10.0,628.0,0.0008990871410798642,81.69428241385971,9.409385880259626
,,,,,67055.62112969934,5480.0,2.5938290476327657,51581.247022845586,0.0009090012926529559,111.90625782543772,145.47813517306903,10.0,283.0,9.090012926529558e-05,43.14326648765382,9.412636318037515
,,,,,67201.15024734291,5490.0,2.594738048925419,51693.19249795603,0.0009090012926529559,111.94547511044428,145.52911764357756,10.0,283.0,9.090012926529558e-05,43.14326648765382,9.415882057915487
,,,,,67305.00588370144,5500.0,2.6037289203362173,51773.081449001045,0.008990871410798643,79.88895104501682,103.85563635852188,10.0,622.0,0.0008990871410798642,30.682514766053618,9.413287536182008
,,,,,67378.19026246335,5510.0,2.6110619830003863,51829.377124971754,0.0073330626641689035,56.295675970705894,73.18437876191767,10.0,649.0,0.0007333062664168904,21.560451776796278,9.406420530847868
,,,,,67501.83453456034,5520.0,2.6130030950685437,51924.4881035079,0.0019411120681574875,95.11097853614503,123.64427209698854,10.0,82.0,0.00019411120681574876,36.3991067272923,9.406610163678968
,,,,,67730.14641529236,5530.0,2.621993966479342,52100.112627147915,0.008990871410798643,175.62452364001265,228.31188073201645,10.0,840.0,0.0008990871410798642,66.98128442905261,9.42135852208823
,,,,,68178.75251518344,5540.0,2.6309848378901406,52445.19424244875,0.008990871410798643,345.0816153008331,448.60609989108303,10.0,1115.0,0.0008990871410798642,131.16062484706814,9.4666415600088
,,,,,68408.63016821507,5550.0,2.639975709300939,52622.02320631922,0.008990871410798643,176.8289638704761,229.87765303161893,10.0,840.0,0.0008990871410798642,66.98128442905261,9.481445622760221
,,,,,68639.29070739649,5560.0,2.6489665807117375,52799.454390304934,0.008990871410798643,177.43118398570783,230.66053918142018,10.0,840.0,0.0008990871410798642,66.98128442905261,9.496304746457723
,,,,,68870.73413272771,5570.0,2.657957452122536,52977.487794405875,0.008990871410798643,178.03340410093955,231.44342533122142,10.0,840.0,0.0008990871410798642,66.98128442905261,9.511218634543246
,,,,,69325.47232384203,5580.0,2.6669483235333344,53327.286402955346,0.008990871410798643,349.798608549473,454.7381911143149,10.0,1115.0,0.0008990871410798642,131.16062484706814,9.5568613625368
,,,,,69781.74353776214,5590.0,2.675939194944133,53678.26425981698,0.008990871410798643,350.9778568616329,456.2712139201228,10.0,1115.0,0.0008990871410798642,131.16062484706814,9.602551745942215
,,,,,70017.44060712798,5600.0,2.6846403132684125,53859.56969779069,0.008701118324279335,181.3054379737164,235.69706936583134,10.0,1109.0,0.0008701118324279336,67.53434978892435,9.61778030317691
,,,,,70108.80485166318,5610.0,2.6893278403126613,53929.8498858947,0.004687527044248787,70.28018810400508,91.36424453520661,10.0,1112.0,0.00046875270442487874,26.13299392157198,9.613163972530248
,,,,,70357.76415232131,5620.0,2.697870109186259,54121.35704024711,0.008542268873597676,191.5071543524078,248.95930065813016,10.0,807.0,0.0008542268873597676,70.98457175544706,9.630134704670304
,,,,,70448.72372147048,5630.0,2.7068609805970576,54191.32593959262,0.008990871410798643,69.96889934551159,90.95956914916506,10.0,1122.0,0.0008990871410798642,25.84872287385753,9.625457538115919
,,,,,70519.7598143948,5640.0,2.707503903650769,54245.969087995945,0.0006429230537111962,54.64314840332134,71.03609292431774,10.0,1128.0,6.429230537111961e-05,20.182112509474543,9.618079625531196
,,,,,70590.81277552815,5650.0,2.70814682670448,54300.62521194467,0.0006429230537111962,54.656123948726275,71.05296113334416,10.0,1128.0,6.429230537111961e-05,20.182112509474543,9.610730126007907
,,,,,70998.1049081026,5660.0,2.709178156636835,54613.926852386554,0.0010313299323549895,313.3016404418832,407.29213257444815,10.0,1176.0,0.00010313299323549896,115.64453215244242,9.649103684167235
,,,,,71405.55208864482,5670.0,2.71020948656919,54927.34776049596,0.0010313299323549895,313.42090810940516,407.4471805422267,10.0,1176.0,0.00010313299323549896,115.64453215244242,9.687362920722393
,,,,,71813.15431715483,5680.0,2.711240816501545,55240.88793627289,0.0010313299323549895,313.5401757769272,407.6022285100054,10.0,1176.0,0.00010313299323549896,115.64453215244242,9.725508439484663
,,,,,71819.04622458282,5690.0,2.7128968295332156,55245.42017275596,0.0016560130316706097,4.532236483072144,5.891907427993788,10.0,1165.0,0.00016560130316706098,1.670626185903268,9.709212684139889
,,,,,71824.94172856318,5700.0,2.714552842564886,55249.95517581777,0.0016560130316706097,4.53500306180705,5.895503980349165,10.0,1165.0,0.00016560130316706098,1.670626185903268,9.692974592248731
,,,,,71830.84082909589,5710.0,2.7162088555965567,55254.49294545831,0.0016560130316706097,4.537769640541956,5.899100532704543,10.0,1165.0,0.00016560130316706098,1.670626185903268,9.676793860850843
,,,,,71836.74352618094,5720.0,2.717864868628227,55259.03348167759,0.0016560130316706097,4.540536219276862,5.902697085059921,10.0,1165.0,0.00016560130316706098,1.670626185903268,9.660670189104474
,,,,,71842.64981981835,5730.0,2.7195208816598977,55263.5767844756,0.0016560130316706097,4.5433027980117675,5.906293637415298,10.0,1165.0,0.00016560130316706098,1.670626185903268,9.644603278267992
,,,,,71848.55971000812,5740.0,2.721176894691568,55268.12285385234,0.0016560130316706097,4.546069376746673,5.9098901897706755,10.0,1165.0,0.00016560130316706098,1.670626185903268,9.628592831681592
,,,,,71854.47319675024,5750.0,2.7228329077232387,55272.67168980782,0.0016560130316706097,4.54883595548158,5.913486742126054,10.0,1165.0,0.00016560130316706098,1.670626185903268,9.612638554749187
,,,,,71999.17503246153,5760.0,2.7230291113403218,55383.98079420111,0.00019620361708287058,111.3091043932894,144.70183571127623,10.0,1162.0,1.962036170828706e-05,40.876942493832225,9.615274443437693
,,,,,72056.74991743706,5770.0,2.7233470240975484,55428.26916725921,0.00031791275722651966,44.28837305810479,57.57488497553623,10.0,688.0,3.1791275722651966e-05,16.26247873158247,9.606285817549256
,,,,,72114.33152347688,5780.0,2.723664936854775,55472.56271036677,0.00031791275722651966,44.29354310755769,57.581606039825,10.0,688.0,3.1791275722651966e-05,16.26247873158247,9.597329188644771
,,,,,72269.55415229399,5790.0,2.725821788864535,55591.96473253379,0.0021568520097599462,119.40202216701104,155.22262881711436,10.0,983.0,0.00021568520097599463,43.80404568442055,9.601375601473883
,,,,,72424.89960360827,5800.0,2.7279786408742948,55711.46123354477,0.0021568520097599462,119.49650101098109,155.34545131427544,10.0,983.0,0.00021568520097599463,43.80404568442055,9.605424350611166
,,,,,72580.3678774197,5810.0,2.7301354928840547,55831.05221339972,0.0021568520097599462,119.59097985495114,155.4682738114365,10.0,983.0,0.00021568520097599463,43.80404568442055,9.609475423993068
,,,,,72980.68809115923,5820.0,2.7359919515358486,56138.9908393532,0.005856458651793928,307.9386259534783,400.3202137395218,10.0,589.0,0.0005856458651793928,112.55099847081678,9.6458747146655
,,,,,73381.86520024814,5830.0,2.7418484101876426,56447.58861557544,0.005856458651793928,308.5977762222408,401.177109088913,10.0,589.0,0.0005856458651793928,112.55099847081678,9.68226219821191
,,,,,73783.89920468644,5840.0,2.7477048688394365,56756.84554206645,0.005856458651793928,309.25692649100324,402.03400443830424,10.0,589.0,0.0005856458651793928,112.55099847081678,9.71863793528535
,,,,,74186.79010447414,5850.0,2.7535613274912305,57066.76161882621,0.005856458651793928,309.9160767597657,402.89089978769545,10.0,589.0,0.0005856458651793928,112.55099847081678,9.755001986124139
,,,,,74590.53789961123,5860.0,2.7594177861430245,57377.33684585474,0.005856458651793928,310.57522702852816,403.7477951370866,10.0,589.0,0.0005856458651793928,112.55099847081678,9.791354410555417
,,,,,74772.73486468625,5870.0,2.7644210815144983,57517.48835745091,0.005003295371473963,140.15151159616835,182.19696507501885,10.0,56.0,0.0005003295371473963,50.698322528847825,9.798549975715657
,,,,,74955.26158604845,5880.0,2.769424376885972,57657.893527729524,0.005003295371473963,140.40517027861844,182.52672136220397,10.0,56.0,0.0005003295371473963,50.698322528847825,9.805764205396178
,,,,,75138.11806369784,5890.0,2.774427672257446,57798.55235669059,0.005003295371473963,140.6588289610685,182.85647764938906,10.0,56.0,0.0005003295371473963,50.698322528847825,9.812997004531509
,,,,,75321.30429763441,5900.0,2.7794309676289197,57939.46484433411,0.005003295371473963,140.91248764351857,183.18623393657415,10.0,56.0,0.0005003295371473963,50.698322528847825,9.820248278700696
,,,,,75504.82028785818,5910.0,2.7844342630003935,58080.63099066007,0.005003295371473963,141.16614632596864,183.51599022375925,10.0,56.0,0.0005003295371473963,50.698322528847825,9.82751793412184
,,,,,75688.66603436912,5920.0,2.7894375583718674,58222.05079566849,0.005003295371473963,141.4198050084187,183.84574651094434,10.0,56.0,0.0005003295371473963,50.698322528847825,9.834805877646705
,,,,,75872.84153716725,5930.0,2.794440853743341,58363.724259359355,0.005003295371473963,141.67346369086877,184.1755027981294,10.0,56.0,0.0005003295371473963,50.698322528847825,9.842112016755372
,,,,,75911.94948357306,5940.0,2.794668818876048,58393.80729505613,0.0002279651327066997,30.08303569677507,39.107946405807596,10.0,64.0,2.2796513270669968e-05,10.764436735252866,9.830607288729988
,,,,,75951.06062006998,5950.0,2.794896784008755,58423.89278466916,0.0002279651327066997,30.085489613023938,39.111136496931124,10.0,64.0,2.2796513270669968e-05,10.764436735252866,9.819141644482212
,,,,,75990.17494665804,5960.0,2.7951247491414617,58453.98072819843,0.0002279651327066997,30.087943529272803,39.114326588054645,10.0,64.0,2.2796513270669968e-05,10.764436735252866,9.807714887281616
,,,,,75998.04543380276,5970.0,2.80411562055226,58460.03494907899,0.008990871410798643,6.054220880557901,7.8704871447252716,10.0,1080.0,0.0008990871410798642,2.159048234739174,9.792300661487268
,,,,,76005.94115619005,5980.0,2.8131064919630586,58466.108581684595,0.008990871410798643,6.073632605606153,7.895722387287999,10.0,1080.0,0.0008990871410798642,2.159048234739174,9.776941234395418
,,,,,76066.84923110047,5990.0,2.8156957937288194,58512.9609470003,0.002589301765760858,46.85236531570128,60.90807491041166,10.0,1081.0,0.0002589301765760858,16.63971137082774,9.768440892654473
,,,,,76267.60731766089,6000.0,2.818268126771145,58667.390244354465,0.0025723330423255164,154.4292973541692,200.75808656041997,10.0,1073.0,0.00025723330423255164,54.795814453288706,9.777898374059077
,,,,,76617.5708165014,6010.0,2.8272589981819434,58936.59293577024,0.008990871410798643,269.2026914157725,349.96349884050426,10.0,1088.0,0.0008990871410798642,95.21684839941517,9.80642145353914
,,,,,76707.65053296782,6020.0,2.8290290650601495,59005.88502535981,0.0017700668782062183,69.29208958956292,90.0797164664318,10.0,52.0,0.00017700668782062183,24.493240612248595,9.801642030790665
,,,,,77076.35682555339,6030.0,2.8320260221970823,59289.50525042563,0.0029969571369328806,283.6202250658241,368.70629258557136,10.0,43.0,0.00029969571369328806,100.14746433925487,9.832422097914698
,,,,,77428.8358835967,6040.0,2.833292124193766,59560.64298738202,0.001266101996683835,271.13773695639134,352.4790580433087,10.0,44.0,0.0001266101996683835,95.69706372354582,9.861033607182454
,,,,,77592.92843351532,6050.0,2.8422829956045645,59686.86802578097,0.008990871410798643,126.22503839894718,164.09254991863133,10.0,47.0,0.0008990871410798642,44.40973632609677,9.865598020790243
,,,,,77757.54005033126,6060.0,2.851273867015363,59813.49234640861,0.008990871410798643,126.62432062764258,164.61161681593535,10.0,47.0,0.0008990871410798642,44.40973632609677,9.870213258483268
,,,,,77922.6707340445,6070.0,2.8602647384261615,59940.51594926495,0.008990871410798643,127.02360285633797,165.13068371323936,10.0,47.0,0.0008990871410798642,44.40973632609677,9.874879069071655
,,,,,78088.32048465504,6080.0,2.86925560983696,60067.93883434998,0.008990871410798643,127.42288508503339,165.6497506105434,10.0,47.0,0.0008990871410798642,44.40973632609677,9.87959520301809
,,,,,78254.48930216288,6090.0,2.8782464812477584,60195.76100166371,0.008990871410798643,127.82216731372878,166.16881750784742,10.0,47.0,0.0008990871410798642,44.40973632609677,9.884361412424255
,,,,,78421.17718656803,6100.0,2.887237352658557,60323.98245120614,0.008990871410798643,128.22144954242418,166.68788440515144,10.0,47.0,0.0008990871410798642,44.40973632609677,9.8891774510174
,,,,,78588.3841378705,6110.0,2.8962282240693553,60452.603182977255,0.008990871410798643,128.62073177111958,167.20695130245545,10.0,47.0,0.0008990871410798642,44.40973632609677,9.89404307413703
,,,,,79116.64545474293,6120.0,2.896652500345667,60858.958042109894,0.00042427627631177843,406.35485913263955,528.2613168724314,10.0,276.0,4.242762763117784e-05,140.28429681646242,9.944274189887238
,,,,,79269.65798071167,6130.0,2.8981132209117026,60976.65998516276,0.001460720566035414,117.7019430528673,153.01252596872752,10.0,491.0,0.0001460720566035414,40.61330047548662,9.947252852391967
,,,,,79422.74762876863,6140.0,2.899573941477738,61094.42125289889,0.001460720566035414,117.76126773612643,153.08964805696436,10.0,491.0,0.0001460720566035414,40.61330047548662,9.9502314744135
,,,,,79575.91439891382,6150.0,2.9010346620437737,61212.24184531827,0.001460720566035414,117.82059241938555,153.1667701452012,10.0,491.0,0.0001460720566035414,40.61330047548662,9.953210056149311
,,,,,79729.15829114727,6160.0,2.902495382609809,61330.12176242092,0.001460720566035414,117.87991710264468,153.2438922334381,10.0,491.0,0.0001460720566035414,40.61330047548662,9.956188597795604
,,,,,80107.46990807916,6170.0,2.9029602466011792,61621.13069852238,0.0004648639913699418,291.0089361014642,378.3116169319035,10.0,678.0,4.648639913699418e-05,100.24558084878392,9.987217293115458
,,,,,80485.84210574014,6180.0,2.9034251105925493,61912.18623518467,0.0004648639913699418,291.0555366622948,378.37219766098326,10.0,678.0,4.648639913699418e-05,100.24558084878392,10.01815311248943
,,,,,80864.27488413021,6190.0,2.9038899745839193,62203.2883724078,0.0004648639913699418,291.10213722312534,378.43277839006294,10.0,678.0,4.648639913699418e-05,100.24558084878392,10.048996506043263
,,,,,81045.40074927796,6200.0,2.904030519440932,62342.61596098299,0.00014054485701298859,139.3275885751969,181.12586514775597,10.0,542.0,1.4054485701298858e-05,47.977315542131244,10.055260638868225
,,,,,81117.28810333558,6210.0,2.912033003105805,62397.9139256427,0.008002483664872854,55.297964659710836,71.8873540576241,10.0,879.0,0.0008002483664872854,18.989470449247396,10.047973256947294
,,,,,81238.43431906142,6220.0,2.913608962631922,62491.10332235488,0.0015759595261170762,93.18939671218178,121.14621572583631,10.0,845.0,0.00015759595261170763,31.98418109889458,10.046801177227472
,,,,,81359.6460622946,6230.0,2.9151849221580393,62584.34312484195,0.0015759595261170762,93.23980248706962,121.21174323319052,10.0,845.0,0.00015759595261170763,31.98418109889458,10.045640951017969
,,,,,81362.9248282809,6240.0,2.9241757935688377,62586.86525252372,0.008990871410798643,2.522127681768493,3.278765986299041,10.0,893.0,0.0008990871410798642,0.862508911849769,10.02994635457111
,,,,,81366.21367538592,6250.0,2.933166664979636,62589.39513491221,0.008990871410798643,2.5298823884856017,3.2888471050312824,10.0,893.0,0.0008990871410798642,0.862508911849769,10.014303221585953
,,,,,81369.51260360969,6260.0,2.9421575363904346,62591.93277200741,0.008990871410798643,2.5376370952027107,3.2989282237635242,10.0,893.0,0.0008990871410798642,0.862508911849769,9.998711305432494
,,,,,81799.66628684908,6270.0,2.951148407801233,62922.820220653084,0.008990871410798643,330.8874486456802,430.1536832393843,10.0,908.0,0.0008990871410798642,112.12158892822657,10.035537515255676
,,,,,81887.16641889479,6280.0,2.9539057159378586,62990.1280145344,0.0027573081366254536,67.30779388131204,87.50013204570566,10.0,909.0,0.00027573081366254534,22.786033256969397,10.030275161550064
,,,,,81893.74556184953,6290.0,2.962896587348657,62995.18889373035,0.008990871410798643,5.060879195952635,6.579142954738426,10.0,852.0,0.0008990871410798642,1.7080849927608692,10.015133369432489
,,,,,81900.34466912855,6300.0,2.9718874587594555,63000.26513009884,0.008990871410798643,5.076236368481262,6.599107279025641,10.0,852.0,0.0008990871410798642,1.7080849927608692,10.000042084142672
,,,,,81996.61236412001,6310.0,2.980878330170254,63074.31720316919,0.008990871410798643,74.05207307035033,96.26769499145543,10.0,956.0,0.0008990871410798642,24.84236686913713,9.995929826175782
,,,,,82093.17041999534,6320.0,2.9898692015810524,63148.5926307656,0.008990871410798643,74.27542759641062,96.5580558753338,10.0,956.0,0.0008990871410798642,24.84236686913713,9.991865922589493
,,,,,82190.01883675455,6330.0,2.998860072991851,63223.09141288807,0.008990871410798643,74.49878212247091,96.84841675921218,10.0,956.0,0.0008990871410798642,24.84236686913713,9.987850144216125
,,,,,82300.72855857758,6340.0,3.0078509444026493,63308.25273736732,0.008990871410798643,85.1613244792539,110.70972182303008,10.0,437.0,0.0008990871410798642,28.313013528057887,9.9855288229286
,,,,,82411.76920666367,6350.0,3.016841815813448,63393.668620510456,0.008990871410798643,85.41588314313687,111.04064808607794,10.0,437.0,0.0008990871410798642,28.313013528057887,9.983254900867788
,,,,,82883.7756855417,6360.0,3.0173422549957465,63756.75052733971,0.0005004391822984761,363.08190682925505,472.0064788780316,10.0,138.0,5.0043918229847614e-05,120.33169463229052,10.024646309330143
,,,,,83134.4021984001,6370.0,3.017872774098465,63949.54015261541,0.0005305191027183454,192.78962527570047,250.62651285841062,10.0,386.0,5.3051910271834537e-05,63.882621868740934,10.039174278275574
,,,,,83385.07276949512,6380.0,3.0184032932011835,64142.36366884234,0.0005305191027183454,192.82351622693358,250.67057109501366,10.0,386.0,5.3051910271834537e-05,63.882621868740934,10.053662017059928
,,,,,83752.11970348128,6390.0,3.019808962055891,64424.70746421631,0.0014056688547076576,282.3437953739691,367.04693398615984,10.0,775.0,0.00014056688547076576,93.49723738211206,10.082113844165308
,,,,,84119.33749146841,6400.0,3.021214630910599,64707.18268574487,0.0014056688547076576,282.47522152855834,367.21778798712586,10.0,775.0,0.00014056688547076576,93.49723738211206,10.110497294647637
,,,,,84486.7261334565,6410.0,3.0226202997653067,64989.789333428016,0.0014056688547076576,282.60664768314757,367.3886419880919,10.0,775.0,0.00014056688547076576,93.49723738211206,10.13881268852231
,,,,,84854.28562944556,6420.0,3.0240259686200144,65272.527407265756,0.0014056688547076576,282.73807383773686,367.55949598905795,10.0,775.0,0.00014056688547076576,93.49723738211206,10.167060343810865
,,,,,85222.01597943559,6430.0,3.025431637474722,65555.39690725808,0.0014056688547076576,282.8694999923261,367.73034999002397,10.0,775.0,0.00014056688547076576,93.49723738211206,10.195240576556467
,,,,,85662.19728365378,6440.0,3.0276439241486175,65893.99791050285,0.0022122866738954494,338.6010032447642,440.1813042181934,10.0,420.0,0.00022122866738954493,111.83646813420431,10.231987253183672
,,,,,86102.7002264985,6450.0,3.029856210822513,66232.84632807571,0.0022122866738954494,338.84841757287296,440.5029428447349,10.0,420.0,0.00022122866738954493,111.83646813420431,10.268658345438094
,,,,,86387.67278742508,6460.0,3.0337427209600865,66452.05599032693,0.0038865101375737945,219.2096622512122,284.97256092657585,10.0,137.0,0.00038865101375737946,72.25716958023358,10.286695973734819
,,,,,86673.01042504037,6470.0,3.03762923109766,66671.54648080023,0.0038865101375737945,219.49049047329817,285.33763761528763,10.0,137.0,0.00038865101375737946,72.25716958023358,10.304721248964487
,,,,,87094.54590177197,6480.0,3.0425154244678705,66995.80453982454,0.004886193370210252,324.25805902431455,421.5354767316089,10.0,776.0,0.0004886193370210252,106.5756500087511,10.338858725281565
,,,,,87516.75835250843,6490.0,3.047401617838081,67320.58334808335,0.004886193370210252,324.77880825881317,422.21245073645713,10.0,776.0,0.0004886193370210252,106.5756500087511,10.372971240074477
,,,,,87939.64777724975,6500.0,3.0522878112082914,67645.88290557667,0.004886193370210252,325.2995574933118,422.88942474130533,10.0,776.0,0.0004886193370210252,106.5756500087511,10.407058908550257
,,,,,88363.2141759959,6510.0,3.057174004578502,67971.70321230448,0.004886193370210252,325.8203067278104,423.56639874615354,10.0,776.0,0.0004886193370210252,106.5756500087511,10.44112184520806
,,,,,88787.45754874691,6520.0,3.0620601979487123,68298.04426826679,0.004886193370210252,326.34105596230904,424.24337275100174,10.0,776.0,0.0004886193370210252,106.5756500087511,10.4751601638446
,,,,,89212.37789550277,6530.0,3.0669463913189228,68624.9060734636,0.004886193370210252,326.8618051968077,424.92034675585006,10.0,776.0,0.0004886193370210252,106.5756500087511,10.50917397755951
,,,,,89637.97521626347,6540.0,3.0718325846891332,68952.2886278949,0.004886193370210252,327.38255443130635,425.59732076069827,10.0,776.0,0.0004886193370210252,106.5756500087511,10.543163398760688
,,,,,90064.24951102902,6550.0,3.0767187780593437,69280.19193156071,0.004886193370210252,327.90330366580497,426.2742947655465,10.0,776.0,0.0004886193370210252,106.5756500087511,10.577128539169573
,,,,,90491.20077979942,6560.0,3.081604971429554,69608.61598446101,0.004886193370210252,328.4240529003036,426.9512687703947,10.0,776.0,0.0004886193370210252,106.5756500087511,10.611069509826374
,,,,,90918.82902257466,6570.0,3.0864911647997646,69937.56078659582,0.004886193370210252,328.9448021348022,427.6282427752429,10.0,776.0,0.0004886193370210252,106.5756500087511,10.644986421095254
,,,,,91347.13423935475,6580.0,3.091377358169975,70267.02633796512,0.004886193370210252,329.46555136930084,428.3052167800911,10.0,776.0,0.0004886193370210252,106.5756500087511,10.67887938266947
,,,,,91776.1164301397,6590.0,3.0962635515401855,70597.01263856891,0.004886193370210252,329.98630060379946,428.9821907849393,10.0,776.0,0.0004886193370210252,106.5756500087511,10.712748503576465
,,,,,92205.77559492948,6600.0,3.101149744910396,70927.5196884072,0.004886193370210252,330.5070498382981,429.65916478978755,10.0,776.0,0.0004886193370210252,106.5756500087511,10.74659389218291
,,,,,92636.11173372412,6610.0,3.1060359382806064,71258.54748748,0.004886193370210252,331.0277990727967,430.33613879463576,10.0,776.0,0.0004886193370210252,106.5756500087511,10.780415656199697
,,,,,93067.1248465236,6620.0,3.110922131650817,71590.0960357873,0.004886193370210252,331.5485483072954,431.013112799484,10.0,776.0,0.0004886193370210252,106.5756500087511,10.814213902686904
,,,,,93498.81493332793,6630.0,3.1158083250210273,71922.16533332909,0.004886193370210252,332.069297541794,431.6900868043322,10.0,776.0,0.0004886193370210252,106.5756500087511,10.847988738058685
,,,,,93931.1819941371,6640.0,3.120694518391238,72254.75538010539,0.004886193370210252,332.59004677629264,432.36706080918043,10.0,776.0,0.0004886193370210252,106.5756500087511,10.88174026808816
,,,,,94364.22602895113,6650.0,3.1255807117614482,72587.86617611618,0.004886193370210252,333.11079601079126,433.04403481402863,10.0,776.0,0.0004886193370210252,106.5756500087511,10.915468597912207
,,,,,94797.94703777,6660.0,3.1304669051316587,72921.49772136146,0.004886193370210252,333.6315452452899,433.72100881887684,10.0,776.0,0.0004886193370210252,106.5756500087511,10.949173832036255
,,,,,95232.34502059373,6670.0,3.135353098501869,73255.65001584125,0.004886193370210252,334.1522944797885,434.3979828237251,10.0,776.0,0.0004886193370210252,106.5756500087511,10.982856074339018
,,,,,95667.4199774223,6680.0,3.1402392918720796,73590.32305955554,0.004886193370210252,334.67304371428713,435.0749568285733,10.0,776.0,0.0004886193370210252,106.5756500087511,11.016515428077176
,,,,,96103.17190825571,6690.0,3.14512548524229,73925.51685250433,0.004886193370210252,335.19379294878576,435.7519308334215,10.0,776.0,0.0004886193370210252,106.5756500087511,11.050151995890033
,,,,,96539.60081309397,6700.0,3.1500116786125005,74261.23139468761,0.004886193370210252,335.7145421832844,436.4289048382697,10.0,776.0,0.0004886193370210252,106.5756500087511,11.08376587980412
,,,,,96976.70669193708,6710.0,3.154897871982711,74597.4666861054,0.004886193370210252,336.235291417783,437.1058788431179,10.0,776.0,0.0004886193370210252,106.5756500087511,11.117357181237765
,,,,,97414.48954478506,6720.0,3.1597840653529214,74934.22272675768,0.004886193370210252,336.7560406522817,437.7828528479662,10.0,776.0,0.0004886193370210252,106.5756500087511,11.150926001005608
,,,,,97852.94937163788,6730.0,3.164670258723132,75271.49951664446,0.004886193370210252,337.2767898867803,438.4598268528144,10.0,776.0,0.0004886193370210252,106.5756500087511,11.184472439323098
,,,,,98292.08617249555,6740.0,3.1695564520933424,75609.29705576574,0.004886193370210252,337.79753912127893,439.13680085766265,10.0,776.0,0.0004886193370210252,106.5756500087511,11.217996595810941
,,,,,98731.89994735806,6750.0,3.174442645463553,75947.61534412151,0.004886193370210252,338.31828835577755,439.81377486251085,10.0,776.0,0.0004886193370210252,106.5756500087511,11.251498569499484
,,,,,99172.39069622543,6760.0,3.1793288388337633,76286.4543817118,0.004886193370210252,338.8390375902762,440.49074886735906,10.0,776.0,0.0004886193370210252,106.5756500087511,11.284978458833105
,,,,,99613.55841909764,6770.0,3.1842150322039737,76625.81416853657,0.004886193370210252,339.3597868247748,441.16772287220726,10.0,776.0,0.0004886193370210252,106.5756500087511,11.31843636167453
,,,,,100055.4031159747,6780.0,3.189101225574184,76965.69470459584,0.004886193370210252,339.8805360592734,441.84469687705547,10.0,776.0,0.0004886193370210252,106.5756500087511,11.35187237530912
,,,,,100497.9247868566,6790.0,3.1939874189443946,77306.09598988961,0.004886193370210252,340.40128529377205,442.5216708819037,10.0,776.0,0.0004886193370210252,106.5756500087511,11.385286596449133
,,,,,100941.12343174336,6800.0,3.198873612314605,77647.01802441788,0.004886193370210252,340.9220345282707,443.1986448867519,10.0,776.0,0.0004886193370210252,106.5756500087511,11.418679121237924
,,,,,101384.99905063496,6810.0,3.2037598056848156,77988.46080818065,0.004886193370210252,341.44278376276935,443.8756188916002,10.0,776.0,0.0004886193370210252,106.5756500087511,11.452050045254135
,,,,,101829.5516435314,6820.0,3.208645999055026,78330.42434117792,0.004886193370210252,341.963532997268,444.5525928964484,10.0,776.0,0.0004886193370210252,106.5756500087511,11.485399463515824
,,,,,102274.7812104327,6830.0,3.2135321924252365,78672.90862340969,0.004886193370210252,342.4842822317666,445.2295669012966,10.0,776.0,0.0004886193370210252,106.5756500087511,11.518727470484581
,,,,,102720.68775133885,6840.0,3.218418385795447,79015.91365487596,0.004886193370210252,343.0050314662652,445.9065409061448,10.0,776.0,0.0004886193370210252,106.5756500087511,11.552034160069585
,,,,,103167.27126624984,6850.0,3.2233045791656574,79359.43943557671,0.004886193370210252,343.52578070076385,446.583514910993,10.0,776.0,0.0004886193370210252,106.5756500087511,11.585319625631637
,,,,,103614.53175516568,6860.0,3.228190772535868,79703.48596551198,0.004886193370210252,344.04652993526247,447.2604889158412,10.0,776.0,0.0004886193370210252,106.5756500087511,11.61858395998717
,,,,,104062.46921808636,6870.0,3.2330769659060783,80048.05324468174,0.004886193370210252,344.5672791697611,447.9374629206894,10.0,776.0,0.0004886193370210252,106.5756500087511,11.651827255412188
,,,,,104511.0836550119,6880.0,3.2379631592762887,80393.141273086,0.004886193370210252,345.0880284042597,448.61443692553763,10.0,776.0,0.0004886193370210252,106.5756500087511,11.685049603646222
,,,,,104960.37506594228,6890.0,3.242849352646499,80738.75005072476,0.004886193370210252,345.60877763875834,449.29141093038584,10.0,776.0,0.0004886193370210252,106.5756500087511,11.718251095896191
,,,,,105410.34345087751,6900.0,3.2477355460167097,81084.87957759801,0.004886193370210252,346.129526873257,449.96838493523416,10.0,776.0,0.0004886193370210252,106.5756500087511,11.751431822840292
,,,,,105860.98880981759,6910.0,3.25262173938692,81431.52985370577,0.004886193370210252,346.65027610775564,450.64535894008236,10.0,776.0,0.0004886193370210252,106.5756500087511,11.784591874631804
,,,,,106312.31114276251,6920.0,3.2575079327571306,81778.70087904802,0.004886193370210252,347.17102534225427,451.32233294493057,10.0,776.0,0.0004886193370210252,106.5756500087511,11.817731340902892
,,,,,106764.31044971228,6930.0,3.262394126127341,82126.39265362477,0.004886193370210252,347.6917745767529,451.99930694977877,10.0,776.0,0.0004886193370210252,106.5756500087511,11.850850310768365
,,,,,107216.9867306669,6940.0,3.2672803194975515,82474.60517743602,0.004886193370210252,348.2125238112515,452.676280954627,10.0,776.0,0.0004886193370210252,106.5756500087511,11.883948872829398
,,,,,107670.33998562639,6950.0,3.272166512867762,82823.33845048178,0.004886193370210252,348.73327304575014,453.3532549594752,10.0,776.0,0.0004886193370210252,106.5756500087511,11.917027115177234
,,,,,108124.37021459072,6960.0,3.2770527062379724,83172.59247276203,0.004886193370210252,349.25402228024876,454.0302289643234,10.0,776.0,0.0004886193370210252,106.5756500087511,11.950085125396843
,,,,,108579.07741755989,6970.0,3.281938899608183,83522.36724427677,0.004886193370210252,349.7747715147474,454.7072029691716,10.0,776.0,0.0004886193370210252,106.5756500087511,11.983122990570555
,,,,,109034.46159453392,6980.0,3.2868250929783933,83872.66276502602,0.004886193370210252,350.295520749246,455.38417697401985,10.0,776.0,0.0004886193370210252,106.5756500087511,12.016140797281665
,,,,,109490.52274551279,6990.0,3.2917112863486038,84223.47903500976,0.004886193370210252,350.81626998374463,456.06115097886806,10.0,776.0,0.0004886193370210252,106.5756500087511,12.049138631617991
,,,,,109947.26087049651,7000.0,3.2965974797188142,84574.81605422801,0.004886193370210252,351.3370192182433,456.7381249837163,10.0,776.0,0.0004886193370210252,106.5756500087511,12.08211657917543
,,,,,110138.10126969568,7010.0,3.3055883511296127,84721.61636130429,0.008990871410798643,146.80030707628308,190.84039919916802,10.0,47.0,0.0008990871410798642,44.40973632609677,12.08582259077094
,,,,,110214.36382518706,7020.0,3.314579222540411,84780.27986552843,0.008990871410798643,58.663504224145946,76.26255549138973,10.0,531.0,0.0008990871410798642,17.69862787566265,12.076962943807468
,,,,,110290.83324459204,7030.0,3.3235700939512096,84839.10249583995,0.008990871410798643,58.8226303115236,76.46941940498068,10.0,531.0,0.0008990871410798642,17.69862787566265,12.068151137388329
,,,,,110367.50952791062,7040.0,3.332560965362008,84898.08425223886,0.008990871410798643,58.98175639890126,76.67628331857165,10.0,531.0,0.0008990871410798642,17.69862787566265,12.059386967647566
,,,,,110796.16433173085,7050.0,3.3415518367728065,85227.81871671596,0.008990871410798643,329.7344644771029,428.6548038202338,10.0,220.0,0.0008990871410798642,98.67704605042213,12.089052300243399
,,,,,111406.81306598462,7060.0,3.3484132311286507,85697.54851229579,0.00686139435584425,469.7297955798216,610.6487342537681,10.0,216.0,0.000686139435584425,140.28429681646242,12.138462962081556
,,,,,112018.7131098855,7070.0,3.355274625484495,86168.240853758,0.00686139435584425,470.6923414622117,611.9000439008752,10.0,216.0,0.000686139435584425,140.28429681646242,12.187869993459406
,,,,,112631.86446343348,7080.0,3.362136019840339,86639.8957411026,0.00686139435584425,471.6548873446017,613.1513535479822,10.0,216.0,0.000686139435584425,140.28429681646242,12.237273409760254
,,,,,113246.26712662856,7090.0,3.3689974141961834,87112.5131743296,0.00686139435584425,472.61743322699175,614.4026631950893,10.0,216.0,0.000686139435584425,140.28429681646242,12.28667322628062
,,,,,113415.89450332103,7100.0,3.3697748555754488,87242.99577178534,0.0007774413792654799,130.48259745574418,169.62737669246744,10.0,532.0,7.7744137926548e-05,38.7214585686206,12.287745883350048
,,,,,113585.5610147769,7120.0,3.370552296954714,87373.50847290525,0.0007774413792654799,130.51270111990095,169.66651145587124,10.0,532.0,7.7744137926548e-05,38.7214585686206,12.271560178778827
,,,,,113755.26666099617,7130.0,3.3713297383339795,87504.0512776893,0.0007774413792654799,130.54280478405772,169.70564621927505,10.0,532.0,7.7744137926548e-05,38.7214585686206,12.27265796321028
,,,,,113925.01144197886,7140.0,3.372107179713245,87634.62418613752,0.0007774413792654799,130.57290844821446,169.7447809826788,10.0,532.0,7.7744137926548e-05,38.7214585686206,12.273756888814779
,,,,,114094.79535772494,7150.0,3.3728846210925103,87765.2271982499,0.0007774413792654799,130.60301211237123,169.7839157460826,10.0,532.0,7.7744137926548e-05,38.7214585686206,12.27485695080418
,,,,,114264.61840823443,7160.0,3.3736620624717757,87895.86031402642,0.0007774413792654799,130.63311577652797,169.82305050948636,10.0,532.0,7.7744137926548e-05,38.7214585686206,12.275958144417098
,,,,,114434.48059350731,7170.0,3.374439503851041,88026.5235334671,0.0007774413792654799,130.66321944068474,169.86218527289017,10.0,532.0,7.7744137926548e-05,38.7214585686206,12.277060464918703
,,,,,114604.3819135436,7180.0,3.3752169452303065,88157.21685657195,0.0007774413792654799,130.69332310484148,169.90132003629392,10.0,532.0,7.7744137926548e-05,38.7214585686206,12.27816390760055
,,,,,114774.3223683433,7190.0,3.375994386609572,88287.94028334094,0.0007774413792654799,130.72342676899825,169.94045479969773,10.0,532.0,7.7744137926548e-05,38.7214585686206,12.279268467780382
,,,,,114944.3019579064,7200.0,3.3767718279888372,88418.6938137741,0.0007774413792654799,130.753530433155,169.97958956310148,10.0,532.0,7.7744137926548e-05,38.7214585686206,12.280374140801957
,,,,,115378.6281382522,7210.0,3.3857626993996357,88752.79087557856,0.008990871410798643,334.09706180445943,434.3261803457973,10.0,220.0,0.0008990871410798642,98.67704605042213,12.309679733089952
,,,,,115456.73536248536,7220.0,3.394753570810434,88812.87335575791,0.008990871410798643,60.08248017935087,78.10722423315613,10.0,531.0,0.0008990871410798642,17.69862787566265,12.300951988332121
,,,,,115535.0494506321,7230.0,3.4037444422212326,88873.11496202464,0.008990871410798643,60.24160626672852,78.31408814674708,10.0,531.0,0.0008990871410798642,17.69862787566265,12.29227039585403
,,,,,115613.57040269244,7240.0,3.412735313632031,88933.51569437874,0.008990871410798643,60.400732354106175,78.52095206033803,10.0,531.0,0.0008990871410798642,17.69862787566265,12.283634764416954
,,,,,116052.50998472587,7250.0,3.4217261850428295,89271.16152671215,0.008990871410798643,337.64583233340653,438.9395820334285,10.0,220.0,0.0008990871410798642,98.67704605042213,12.31326365885685
,,,,,116677.78008167035,7260.0,3.4285875793986738,89752.13852436176,0.00686139435584425,480.9769976495999,625.27009694448,10.0,216.0,0.000686139435584425,140.28429681646242,12.362553515752309
,,,,,117304.30148826195,7270.0,3.435448973754518,90234.07806789374,0.00686139435584425,481.93954353199,626.521406591587,10.0,216.0,0.000686139435584425,140.28429681646242,12.41184017440079
,,,,,117477.27389665775,7280.0,3.4362264151337834,90367.13376665975,0.0007774413792654799,133.05569876600248,172.97240839580323,10.0,532.0,7.7744137926548e-05,38.7214585686206,12.413067825090625
,,,,,117650.28543981696,7290.0,3.4370038565130487,90500.21956908991,0.0007774413792654799,133.08580243015922,173.01154315920698,10.0,532.0,7.7744137926548e-05,38.7214585686206,12.414296237186544
,,,,,117823.33611773957,7300.0,3.437781297892314,90633.33547518423,0.0007774413792654799,133.115906094316,173.0506779226108,10.0,532.0,7.7744137926548e-05,38.7214585686206,12.415525407559484
,,,,,118088.98123680484,7310.0,3.4467721693031126,90837.67787446521,0.008990871410798643,204.34239928098444,265.6451190652798,10.0,616.0,0.0008990871410798642,59.285148319594185,12.426494921267471
,,,,,118455.99214314934,7320.0,3.455763040713911,91119.99395626868,0.008990871410798643,282.3160818034608,367.01090634449906,10.0,628.0,0.0008990871410798642,81.69428241385971,12.448086606047633
,,,,,118649.86390313867,7330.0,3.456672042006564,91269.1260793374,0.0009090012926529559,149.1321230687117,193.87175998932523,10.0,283.0,9.090012926529558e-05,43.14326648765382,12.451449669759535
,,,,,118843.7866455985,7340.0,3.4575810432992173,91418.29741969111,0.0009090012926529559,149.17134035371825,193.92274245983373,10.0,283.0,9.090012926529558e-05,43.14326648765382,12.454808912764456
,,,,,118982.05873274739,7350.0,3.466571914710016,91524.66056365179,0.008990871410798643,106.36314396067682,138.27208714887988,10.0,622.0,0.0008990871410798642,30.682514766053618,12.45233477056487
,,,,,119079.4273817118,7360.0,3.473904977374185,91599.55952439364,0.0073330626641689035,74.89896074184867,97.36864896440328,10.0,649.0,0.0007333062664168904,21.560451776796278,12.445592326683919
,,,,,119382.7028704413,7370.0,3.4828958487849833,91832.84836187787,0.008990871410798643,233.28883748423357,303.27548872950365,10.0,840.0,0.0008990871410798642,66.98128442905261,12.460359343538382
,,,,,119686.7612453206,7380.0,3.4918867201957817,92066.73941947734,0.008990871410798643,233.89105759946528,304.0583748793049,10.0,840.0,0.0008990871410798642,66.98128442905261,12.47516794301861
,,,,,119994.09414594011,7390.0,3.5005878385200613,92303.1493430308,0.008701118324279335,236.40992355346842,307.33290061950896,10.0,1109.0,0.0008701118324279336,67.53434978892435,12.490277312994696
,,,,,120299.69306267494,7400.0,3.5095787099308597,92538.22543282683,0.008990871410798643,235.07608979602642,305.59891673483435,10.0,840.0,0.0008990871410798642,66.98128442905261,12.505165599030653
,,,,,120606.07486555957,7410.0,3.518569581341658,92773.9037427381,0.008990871410798643,235.67830991125817,306.38180288463565,10.0,840.0,0.0008990871410798642,66.98128442905261,12.520094972029433
,,,,,120913.23955459401,7420.0,3.5275604527524567,93010.18427276459,0.008990871410798643,236.28053002648988,307.16468903443683,10.0,840.0,0.0008990871410798642,66.98128442905261,12.535065265871237
,,,,,121516.25272051927,7430.0,3.536551324163255,93474.04055424557,0.008990871410798643,463.85628148097874,603.0131659252723,10.0,1115.0,0.0008990871410798642,131.16062484706814,12.580624569885003
,,,,,122120.79890925036,7440.0,3.5455421955740536,93939.07608403871,0.008990871410798643,465.0355297931387,604.5461887310804,10.0,1115.0,0.0008990871410798642,131.16062484706814,12.626219903768643
,,,,,122300.2542077483,7450.0,3.554533066984852,94077.11862134482,0.008990871410798643,138.0425373061101,179.45529849794312,10.0,1111.0,0.0008990871410798642,38.835631770674524,12.627801157227493
,,,,,122629.05459765109,7460.0,3.56307533585845,94330.04199819313,0.008542268873597676,252.92337684830778,328.80038990280013,10.0,807.0,0.0008542268873597676,70.98457175544706,12.644777747747069
,,,,,122671.94105182811,7470.0,3.5686515828168712,94363.0315783293,0.0055762469584215105,32.98958013616539,42.886454177015004,10.0,1110.0,0.0005576246958421511,9.244270383528299,12.632266610218114
,,,,,122792.16178667151,7480.0,3.5776424542276697,94455.50906667038,0.008990871410798643,92.47748834107855,120.22073484340213,10.0,1122.0,0.0008990871410798642,25.84872287385753,12.627741853832939
,,,,,122886.0443521694,7490.0,3.578285377281381,94527.72642474568,0.0006429230537111962,72.2173580753004,93.88256549789052,10.0,1128.0,6.429230537111961e-05,20.182112509474543,12.620524222262441
,,,,,122979.94378587631,7500.0,3.5789283003350922,94599.95675836639,0.0006429230537111962,72.23033362070532,93.89943370691692,10.0,1128.0,6.429230537111961e-05,20.182112509474543,12.613327567782186
,,,,,123518.1473694133,7510.0,3.5799596302674472,95013.9595149333,0.0010313299323549895,414.0027565669097,538.2035835369826,10.0,1176.0,0.00010313299323549896,115.64453215244242,12.65165905658233
,,,,,124056.50600091806,7520.0,3.5809909601998022,95428.08153916773,0.0010313299323549895,414.1220242344317,538.3586315047612,10.0,1176.0,0.00010313299323549896,115.64453215244242,12.68990445999571
,,,,,124595.0196803906,7530.0,3.5820222901321572,95842.32283106969,0.0010313299323549895,414.2412919019537,538.5136794725398,10.0,1176.0,0.00010313299323549896,115.64453215244242,12.72806412099199
,,,,,124602.80276325025,7540.0,3.5836783031638277,95848.3098178848,0.0016560130316706097,5.986986815118881,7.783082859654545,10.0,1165.0,0.00016560130316706098,1.670626185903268,12.711977429427693
,,,,,124610.58944266225,7550.0,3.5853343161954982,95854.29957127865,0.0016560130316706097,5.989753393853787,7.786679412009923,10.0,1165.0,0.00016560130316706098,1.670626185903268,12.695933718050153
,,,,,124618.37971862662,7560.0,3.5869903292271688,95860.29209125123,0.0016560130316706097,5.992519972588693,7.790275964365301,10.0,1165.0,0.00016560130316706098,1.670626185903268,12.679932816303074
,,,,,124626.17359114334,7570.0,3.5886463422588393,95866.28737780255,0.0016560130316706097,5.9952865513235984,7.793872516720678,10.0,1165.0,0.00016560130316706098,1.670626185903268,12.66397455453138
,,,,,124633.97106021241,7580.0,3.59030235529051,95872.2854309326,0.0016560130316706097,5.998053130058504,7.7974690690760555,10.0,1165.0,0.00016560130316706098,1.670626185903268,12.648058763975278
,,,,,124641.77212583384,7590.0,3.5919583683221803,95878.2862506414,0.0016560130316706097,6.0008197087934105,7.801065621431434,10.0,1165.0,0.00016560130316706098,1.670626185903268,12.632185276764346
,,,,,124649.57678800763,7600.0,3.593614381353851,95884.28983692892,0.0016560130316706097,6.003586287528316,7.804662173786811,10.0,1165.0,0.00016560130316706098,1.670626185903268,12.6163539259117
,,,,,124676.39036518267,7610.0,3.596966546651394,95904.9156655251,0.003352165297543422,20.625828596187883,26.813577175044248,10.0,1071.0,0.0003352165297543422,5.7342286420176904,12.602485632789106
,,,,,124752.44135579903,7620.0,3.5972844594086206,95963.41642753768,0.00031791275722651966,58.50076201258483,76.05099061636028,10.0,688.0,3.1791275722651966e-05,16.26247873158247,12.593624203088934
,,,,,124957.41247493592,7630.0,3.5994413114183805,96121.08651918144,0.0021568520097599462,157.67009164376137,204.9711191368898,10.0,983.0,0.00021568520097599463,43.80404568442055,12.597783292160084
,,,,,125162.50641656997,7640.0,3.6015981634281404,96278.85108966917,0.0021568520097599462,157.76457048773142,205.09394163405085,10.0,983.0,0.00021568520097599463,43.80404568442055,12.601943859904342
,,,,,125367.72318070118,7650.0,3.6037550154379003,96436.71013900088,0.0021568520097599462,157.85904933170147,205.21676413121193,10.0,983.0,0.00021568520097599463,43.80404568442055,12.60610590052299
,,,,,125573.06276732955,7660.0,3.6059118674476602,96594.66366717654,0.0021568520097599462,157.95352817567152,205.33958662837298,10.0,983.0,0.00021568520097599463,43.80404568442055,12.610269408247591
,,,,,126101.52333808165,7670.0,3.611768326099454,97001.17179852432,0.005856458651793928,406.50813134776416,528.4605707520934,10.0,589.0,0.0005856458651793928,112.55099847081678,12.646828135400824
,,,,,126630.84080418313,7680.0,3.617624784751248,97408.33908014084,0.005856458651793928,407.1672816165266,529.3174661014847,10.0,589.0,0.0005856458651793928,112.55099847081678,12.683377484393338
,,,,,127161.015165634,7690.0,3.623481243403042,97816.16551202613,0.005856458651793928,407.8264318852891,530.1743614508758,10.0,589.0,0.0005856458651793928,112.55099847081678,12.71991749181094
,,,,,127692.04642243427,7700.0,3.629337702054836,98224.65109418018,0.005856458651793928,408.48558215405154,531.031256800267,10.0,589.0,0.0005856458651793928,112.55099847081678,12.756448194049375
,,,,,128223.93457458392,7710.0,3.63519416070663,98633.795826603,0.005856458651793928,409.144732422814,531.8881521496583,10.0,589.0,0.0005856458651793928,112.55099847081678,12.792969627315564
,,,,,128463.85205068995,7720.0,3.640197456078104,98818.34773129995,0.005003295371473963,184.55190469693906,239.91747610602079,10.0,56.0,0.0005003295371473963,50.698322528847825,12.800304110272014
,,,,,128704.09928308315,7730.0,3.6452007514495777,99003.15329467933,0.005003295371473963,184.80556337938916,240.2472323932059,10.0,56.0,0.0005003295371473963,50.698322528847825,12.80765243139448
,,,,,128944.67627176354,7740.0,3.6502040468210515,99188.21251674117,0.005003295371473963,185.05922206183922,240.576988680391,10.0,56.0,0.0005003295371473963,50.698322528847825,12.815014537046663
,,,,,129185.58301673112,7750.0,3.6552073421925253,99373.52539748546,0.005003295371473963,185.3128807442893,240.9067449675761,10.0,56.0,0.0005003295371473963,50.698322528847825,12.82239037386909
,,,,,129426.81951798589,7760.0,3.660210637563999,99559.0919369122,0.005003295371473963,185.56653942673935,241.23650125476118,10.0,56.0,0.0005003295371473963,50.698322528847825,12.829779888777345
,,,,,129668.38577552783,7770.0,3.665213932935473,99744.91213502138,0.005003295371473963,185.82019810918942,241.56625754194624,10.0,56.0,0.0005003295371473963,50.698322528847825,12.83718302896028
,,,,,129910.28178935696,7780.0,3.6702172283069467,99930.98599181302,0.005003295371473963,186.0738567916395,241.89601382913136,10.0,56.0,0.0005003295371473963,50.698322528847825,12.84459974187828
,,,,,129961.64514695446,7790.0,3.6704451934396536,99970.49626688802,0.0002279651327066997,39.51027507499412,51.36335759749236,10.0,64.0,2.2796513270669968e-05,10.764436735252866,12.83318308945931
,,,,,130013.01169464306,7800.0,3.6706731585723604,100010.00899587927,0.0002279651327066997,39.51272899124299,51.36654768861589,10.0,64.0,2.2796513270669968e-05,10.764436735252866,12.821796025112727
,,,,,130064.3814324228,7810.0,3.6709011237050673,100049.52417878676,0.0002279651327066997,39.515182907491855,51.36973777973942,10.0,64.0,2.2796513270669968e-05,10.764436735252866,12.810438435183963
,,,,,130074.71001603371,7820.0,3.6798919951158657,100057.46924310284,0.008990871410798643,7.945064316085728,10.328583610911446,10.0,1080.0,0.0008990871410798642,2.159048234739174,12.795072793235658
,,,,,130085.06383488719,7830.0,3.688882866526664,100065.43371914397,0.008990871410798643,7.964476041133979,10.353818853474174,10.0,1080.0,0.0008990871410798642,2.159048234739174,12.77974887856245
,,,,,130525.77013795724,7840.0,3.6978737379374627,100404.4385676594,0.008990871410798643,339.0048485154191,440.70630307004484,10.0,57.0,0.0008990871410798642,91.67561483711,12.806688592813698
,,,,,130789.36978114699,7850.0,3.700446070979788,100607.20752395921,0.0025723330423255164,202.76895629980967,263.5996431897526,10.0,1073.0,0.00025723330423255164,54.795814453288706,12.816204780122192
,,,,,131248.53094463501,7860.0,3.7094369423905866,100960.40841895,0.008990871410798643,353.2008949907946,459.161163488033,10.0,1088.0,0.0008990871410798642,95.21684839941517,12.844835676711195
,,,,,131366.70027674685,7870.0,3.7112070092687928,101051.30790518988,0.0017700668782062183,90.89948623988404,118.16933211184926,10.0,52.0,0.00017700668782062183,24.493240612248595,12.84006453687292
,,,,,131850.2588188035,7880.0,3.7142039664057256,101423.27601446422,0.0029969571369328806,371.96810927433637,483.5585420566373,10.0,43.0,0.00029969571369328806,100.14746433925487,12.870974113510687
,,,,,132065.20875015305,7890.0,3.723194837816524,101588.62211550234,0.008990871410798643,165.34610103811647,214.94993134955143,10.0,47.0,0.0008990871410798642,44.40973632609677,12.875617505133377
,,,,,132280.6777483999,7900.0,3.7321857092273225,101754.36749876915,0.008990871410798643,165.74538326681187,215.46899824685545,10.0,47.0,0.0008990871410798642,44.40973632609677,12.8802996833885
,,,,,132496.66581354407,7910.0,3.741176580638121,101920.51216426466,0.008990871410798643,166.14466549550727,215.98806514415946,10.0,47.0,0.0008990871410798642,44.40973632609677,12.885020501171258
,,,,,132713.17294558554,7920.0,3.7501674520489194,102087.05611198886,0.008990871410798643,166.54394772420267,216.50713204146348,10.0,47.0,0.0008990871410798642,44.40973632609677,12.889779812119805
,,,,,132930.19914452432,7930.0,3.759158323459718,102253.99934194176,0.008990871410798643,166.94322995289806,217.0261989387675,10.0,47.0,0.0008990871410798642,44.40973632609677,12.894577470610562
,,,,,133147.74441036038,7940.0,3.7681491948705164,102421.34185412336,0.008990871410798643,167.34251218159346,217.5452658360715,10.0,47.0,0.0008990871410798642,44.40973632609677,12.899413331753571
,,,,,133365.80874309374,7950.0,3.777140066281315,102589.08364853365,0.008990871410798643,167.74179441028886,218.06433273337552,10.0,47.0,0.0008990871410798642,44.40973632609677,12.90428725138788
,,,,,133584.39214272442,7960.0,3.7861309376921133,102757.22472517264,0.008990871410798643,168.14107663898426,218.58339963067954,10.0,47.0,0.0008990871410798642,44.40973632609677,12.909199086076965
,,,,,134193.34159351315,7970.0,3.7869632788468515,103225.64737962552,0.0008323411547382787,468.4226544528744,608.9494507887367,10.0,686.0,8.323411547382787e-05,123.69347679429079,12.951775078999438
,,,,,134393.36011639485,7980.0,3.788423999412887,103379.50778184221,0.001460720566035414,153.86040221670032,200.01852288171042,10.0,491.0,0.0001460720566035414,40.61330047548662,12.954825536571706
,,,,,134593.4557613648,7990.0,3.7898847199789225,103533.42750874217,0.001460720566035414,153.91972689995944,200.09564496994727,10.0,491.0,0.0001460720566035414,40.61330047548662,12.957875783321924
,,,,,134793.628528423,8000.0,3.791345440544958,103687.40656032538,0.001460720566035414,153.97905158321856,200.17276705818415,10.0,491.0,0.0001460720566035414,40.61330047548662,12.960925820040673
,,,,,134993.87841756942,8010.0,3.7928061611109936,103841.44493659186,0.001460720566035414,154.03837626647768,200.249889146421,10.0,491.0,0.0001460720566035414,40.61330047548662,12.963975647514589
,,,,,135488.21467196613,8020.0,3.7932710251023636,104221.7035938201,0.0004648639913699418,380.2586572282484,494.33625439672295,10.0,678.0,4.648639913699418e-05,100.24558084878392,12.995224887009988
,,,,,135982.61150709193,8030.0,3.7937358890937336,104602.00885160918,0.0004648639913699418,380.305257789079,494.39683512580274,10.0,678.0,4.648639913699418e-05,100.24558084878392,13.026402098581467
,,,,,136477.0689229468,8040.0,3.7942007530851036,104982.36070995909,0.0004648639913699418,380.3518583499096,494.4574158548825,10.0,678.0,4.648639913699418e-05,100.24558084878392,13.057507550989936
,,,,,137169.06025577793,8050.0,3.7944448333453744,105514.6617352138,0.00024408026027079407,532.3010252547148,691.9913328311293,10.0,475.0,2.4408026027079408e-05,140.28429681646242,13.107411395678733
,,,,,137399.87553792115,8060.0,3.79693709978539,105692.21195224705,0.002492266440015473,177.55021703324388,230.81528214321705,10.0,906.0,0.0002492266440015473,46.76143227215414,13.113177661569113
,,,,,137557.81556639535,8070.0,3.798513059311507,105813.70428184258,0.0015759595261170762,121.49232959553534,157.94002847419594,10.0,845.0,0.00015759595261170763,31.98418109889458,13.111983182384458
,,,,,137562.08477428913,8080.0,3.8075039307223055,105816.98828791473,0.008990871410798643,3.284006072151014,4.2692078937963185,10.0,893.0,0.0008990871410798642,0.862508911849769,13.09616191682113
,,,,,137566.36406330168,8090.0,3.816494802133104,105820.2800486936,0.008990871410798643,3.291760778868123,4.27928901252856,10.0,893.0,0.0008990871410798642,0.862508911849769,13.080380722953473
,,,,,137570.65343343295,8100.0,3.8254856735439025,105823.57956417919,0.008990871410798643,3.299515485585232,4.289370131260802,10.0,893.0,0.0008990871410798642,0.862508911849769,13.064639452367802
,,,,,137574.95288468295,8110.0,3.834476544954701,105826.8868343715,0.008990871410798643,3.3072701923023407,4.299451249993043,10.0,893.0,0.0008990871410798642,0.862508911849769,13.04893795738243
,,,,,138135.16926051475,8120.0,3.8434674163654994,106257.82250808827,0.008990871410798643,430.93567371676556,560.2163758317953,10.0,908.0,0.0008990871410798642,112.12158892822657,13.085938732523186
,,,,,138249.10152634693,8130.0,3.846224724502125,106345.46271257455,0.0027573081366254536,87.64020448628337,113.93226583216838,10.0,909.0,0.00027573081366254534,22.786033256969397,13.080622719873867
,,,,,138257.66207302114,8140.0,3.8552155959129233,106352.04774847778,0.008990871410798643,6.585035903236515,8.56054667420747,10.0,852.0,0.0008990871410798642,1.7080849927608692,13.065362131262626
,,,,,138266.24258401964,8150.0,3.8642064673237217,106358.64814155354,0.008990871410798643,6.600393075765143,8.580510998494686,10.0,852.0,0.0008990871410798642,1.7080849927608692,13.050140876264237
,,,,,138391.32779003866,8160.0,3.87319733873452,106454.86753079895,0.008990871410798643,96.21938924540855,125.08520601903112,10.0,956.0,0.0008990871410798642,24.84236686913713,13.045939648382223
,,,,,138516.70335694158,8170.0,3.8821882101453187,106551.31027457041,0.008990871410798643,96.44274377146884,125.3755669029095,10.0,956.0,0.0008990871410798642,24.84236686913713,13.041776043399071
,,,,,138628.90619308042,8180.0,3.891179081556117,106637.62014852338,0.008990871410798643,86.30987395295978,112.20283613884772,10.0,873.0,0.0008990871410798642,22.180905104589453,13.036383881237576
,,,,,138772.4594271125,8190.0,3.9001699529669156,106748.04571316345,0.008990871410798643,110.42556464007717,143.55323403210033,10.0,437.0,0.0008990871410798642,28.313013528057887,13.033949415526672
,,,,,138916.34358740767,8200.0,3.909160824377714,106858.7258364674,0.008990871410798643,110.68012330396014,143.8841602951482,10.0,437.0,0.0008990871410798642,28.313013528057887,13.031551931276512
,,,,,139241.03332124243,8210.0,3.9096913434804326,107108.48717018646,0.0005305191027183454,249.7613337190502,324.68973383476526,10.0,386.0,5.3051910271834537e-05,63.882621868740934,13.046100751545245
,,,,,139565.7671133138,8220.0,3.910221862583151,107358.28239485674,0.0005305191027183454,249.79522467028332,324.7337920713683,10.0,386.0,5.3051910271834537e-05,63.882621868740934,13.060618296211283
,,,,,139890.54496362177,8230.0,3.9107523816858696,107608.11151047825,0.0005305191027183454,249.82911562151642,324.77785030797133,10.0,386.0,5.3051910271834537e-05,63.882621868740934,13.075104679280468
,,,,,140366.05372452782,8240.0,3.9121580505405773,107973.88748040599,0.0014056688547076576,365.7759699277331,475.50876090605306,10.0,775.0,0.00014056688547076576,93.49723738211206,13.103627121408493
,,,,,140841.73333943484,8250.0,3.913563719395285,108339.7948764883,0.0014056688547076576,365.90739608232235,475.6796149070191,10.0,775.0,0.00014056688547076576,93.49723738211206,13.132096348665248
,,,,,141317.5838083428,8260.0,3.9149693882499927,108705.83369872521,0.0014056688547076576,366.0388222369116,475.8504689079851,10.0,775.0,0.00014056688547076576,93.49723738211206,13.160512554325086
,,,,,141793.60513125177,8270.0,3.9163750571047005,109072.00394711671,0.0014056688547076576,366.1702483915009,476.02132290895116,10.0,775.0,0.00014056688547076576,93.49723738211206,13.188875930727535
,,,,,142269.79730816168,8280.0,3.917780725959408,109438.3056216628,0.0014056688547076576,366.3016745460901,476.1921769099172,10.0,775.0,0.00014056688547076576,93.49723738211206,13.217186669282947
,,,,,142839.71493389845,8290.0,3.9199930126333036,109876.70379530647,0.0022122866738954494,438.39817364366803,569.9176257367685,10.0,420.0,0.00022122866738954493,111.83646813420431,13.254125910169659
,,,,,143409.95419826175,8300.0,3.922205299307199,110315.34938327826,0.0022122866738954494,438.6455879717768,570.2392643633099,10.0,420.0,0.00022122866738954493,111.83646813420431,13.291005949792561
,,,,,143778.74896442317,8310.0,3.9260918094447725,110599.03766494087,0.0038865101375737945,283.68828166261704,368.79476616140215,10.0,137.0,0.00038865101375737946,72.25716958023358,13.309150140185423
,,,,,144147.90880727328,8320.0,3.929978319582346,110883.00677482557,0.0038865101375737945,283.96910988470296,369.1598428501139,10.0,137.0,0.00038865101375737946,72.25716958023358,13.327284468128074
,,,,,144693.07777338685,8330.0,3.9348645129525566,111302.36751798986,0.004886193370210252,419.36074316428653,545.1689661135725,10.0,776.0,0.0004886193370210252,106.5756500087511,13.361628753660247
,,,,,145238.92371350527,8340.0,3.939750706322767,111722.24901038864,0.004886193370210252,419.88149239878516,545.8459401184207,10.0,776.0,0.0004886193370210252,106.5756500087511,13.395953118751635
,,,,,145785.44662762852,8350.0,3.9446368996929775,112142.65125202193,0.004886193370210252,420.4022416332838,546.522914123269,10.0,776.0,0.0004886193370210252,106.5756500087511,13.430257634972685
,,,,,146332.64651575664,8360.0,3.949523093063188,112563.5742428897,0.004886193370210252,420.9229908677824,547.1998881281171,10.0,776.0,0.0004886193370210252,106.5756500087511,13.464542373551401
,,,,,146880.5233778896,8370.0,3.9544092864333984,112985.017982992,0.004886193370210252,421.443740102281,547.8768621329654,10.0,776.0,0.0004886193370210252,106.5756500087511,13.498807405375388
,,,,,147429.0772140274,8380.0,3.959295479803609,113406.98247232877,0.004886193370210252,421.96448933677965,548.5538361378136,10.0,776.0,0.0004886193370210252,106.5756500087511,13.533052800993888
,,,,,147978.30802417008,8390.0,3.9641816731738193,113829.46771090005,0.004886193370210252,422.4852385712783,549.2308101426618,10.0,776.0,0.0004886193370210252,106.5756500087511,13.567278630619791
,,,,,148528.2158083176,8400.0,3.9690678665440298,114252.47369870583,0.004886193370210252,423.0059878057769,549.90778414751,10.0,776.0,0.0004886193370210252,106.5756500087511,13.601484964131647
,,,,,149078.80056646996,8410.0,3.9739540599142402,114676.0004357461,0.004886193370210252,423.5267370402756,550.5847581523583,10.0,776.0,0.0004886193370210252,106.5756500087511,13.635671871075637
,,,,,149630.06229862716,8420.0,3.9788402532844507,115100.04792202088,0.004886193370210252,424.0474862747742,551.2617321572064,10.0,776.0,0.0004886193370210252,106.5756500087511,13.669839420667563
,,,,,150182.00100478923,8430.0,3.983726446654661,115524.61615753015,0.004886193370210252,424.5682355092728,551.9387061620547,10.0,776.0,0.0004886193370210252,106.5756500087511,13.703987681794798
,,,,,150734.61668495613,8440.0,3.9886126400248716,115949.70514227392,0.004886193370210252,425.08898474377145,552.6156801669028,10.0,776.0,0.0004886193370210252,106.5756500087511,13.738116723018237
,,,,,151287.9093391279,8450.0,3.993498833395082,116375.31487625219,0.004886193370210252,425.60973397827007,553.2926541717511,10.0,776.0,0.0004886193370210252,106.5756500087511,13.772226612574224
,,,,,151841.87896730448,8460.0,3.9983850267652925,116801.44535946495,0.004886193370210252,426.1304832127687,553.9696281765994,10.0,776.0,0.0004886193370210252,106.5756500087511,13.806317418376471
,,,,,152396.52556948594,8470.0,4.0032712201355025,117228.09659191222,0.004886193370210252,426.65123244726726,554.6466021814474,10.0,776.0,0.0004886193370210252,106.5756500087511,13.840389208017973
,,,,,152951.84914567223,8480.0,4.008157413505713,117655.26857359399,0.004886193370210252,427.17198168176594,555.3235761862958,10.0,776.0,0.0004886193370210252,106.5756500087511,13.874442048772876
,,,,,153507.84969586338,8490.0,4.013043606875923,118082.96130451026,0.004886193370210252,427.69273091626457,556.0005501911439,10.0,776.0,0.0004886193370210252,106.5756500087511,13.90847600759838
,,,,,154064.52722005936,8500.0,4.017929800246134,118511.17478466102,0.004886193370210252,428.2134801507632,556.6775241959922,10.0,776.0,0.0004886193370210252,106.5756500087511,13.942491151136592
,,,,,154621.8817182602,8510.0,4.022815993616344,118939.90901404628,0.004886193370210252,428.7342293852618,557.3544982008403,10.0,776.0,0.0004886193370210252,106.5756500087511,13.976487545716367
,,,,,155179.9131904659,8520.0,4.027702186986555,119369.16399266604,0.004886193370210252,429.25497861976044,558.0314722056886,10.0,776.0,0.0004886193370210252,106.5756500087511,14.01046525735517
,,,,,155738.62163667643,8530.0,4.032588380356765,119798.9397205203,0.004886193370210252,429.77572785425906,558.7084462105367,10.0,776.0,0.0004886193370210252,106.5756500087511,14.04442435176088
,,,,,156298.0070568918,8540.0,4.037474573726976,120229.23619760906,0.004886193370210252,430.2964770887577,559.385420215385,10.0,776.0,0.0004886193370210252,106.5756500087511,14.078364894333614
,,,,,156858.06945111204,8550.0,4.042360767097186,120660.05342393232,0.004886193370210252,430.8172263232563,560.0623942202333,10.0,776.0,0.0004886193370210252,106.5756500087511,14.112286950167523
,,,,,157418.8088193371,8560.0,4.047246960467397,121091.39139949006,0.004886193370210252,431.33797555775493,560.7393682250814,10.0,776.0,0.0004886193370210252,106.5756500087511,14.146190584052578
,,,,,157980.22516156704,8570.0,4.052133153837607,121523.25012428232,0.004886193370210252,431.85872479225355,561.4163422299297,10.0,776.0,0.0004886193370210252,106.5756500087511,14.18007586047635
,,,,,158542.3184778018,8580.0,4.0570193472078175,121955.62959830907,0.004886193370210252,432.37947402675223,562.093316234778,10.0,776.0,0.0004886193370210252,106.5756500087511,14.213942843625766
,,,,,159105.08876804143,8590.0,4.061905540578028,122388.52982157032,0.004886193370210252,432.90022326125086,562.7702902396261,10.0,776.0,0.0004886193370210252,106.5756500087511,14.247791597388861
,,,,,159668.5360322859,8600.0,4.0667917339482385,122821.95079406607,0.004886193370210252,433.4209724957495,563.4472642444744,10.0,776.0,0.0004886193370210252,106.5756500087511,14.28162218535652
,,,,,160232.6602705352,8610.0,4.071677927318449,123255.89251579632,0.004886193370210252,433.9417217302481,564.1242382493225,10.0,776.0,0.0004886193370210252,106.5756500087511,14.315434670824196
,,,,,160797.4614827894,8620.0,4.076564120688659,123690.35498676107,0.004886193370210252,434.46247096474673,564.8012122541708,10.0,776.0,0.0004886193370210252,106.5756500087511,14.349229116793628
,,,,,161362.9396690484,8630.0,4.08145031405887,124125.33820696031,0.004886193370210252,434.98322019924535,565.478186259019,10.0,776.0,0.0004886193370210252,106.5756500087511,14.383005585974544
,,,,,161929.0948293123,8640.0,4.08633650742908,124560.84217639406,0.004886193370210252,435.503969433744,566.1551602638672,10.0,776.0,0.0004886193370210252,106.5756500087511,14.416764140786348
,,,,,162495.926963581,8650.0,4.091222700799291,124996.8668950623,0.004886193370210252,436.0247186682426,566.8321342687154,10.0,776.0,0.0004886193370210252,106.5756500087511,14.450504843359804
,,,,,163063.43607185458,8660.0,4.096108894169501,125433.41236296504,0.004886193370210252,436.5454679027412,567.5091082735636,10.0,776.0,0.0004886193370210252,106.5756500087511,14.484227755538688
,,,,,163631.622154133,8670.0,4.100995087539712,125870.47858010228,0.004886193370210252,437.0662171372399,568.1860822784118,10.0,776.0,0.0004886193370210252,106.5756500087511,14.517932938881463
,,,,,164200.48521041626,8680.0,4.105881280909922,126308.06554647401,0.004886193370210252,437.5869663717385,568.8630562832601,10.0,776.0,0.0004886193370210252,106.5756500087511,14.551620454662904
,,,,,164770.02524070436,8690.0,4.110767474280133,126746.17326208025,0.004886193370210252,438.10771560623715,569.5400302881084,10.0,776.0,0.0004886193370210252,106.5756500087511,14.585290363875748
,,,,,165340.24224499732,8700.0,4.115653667650343,127184.80172692098,0.004886193370210252,438.6284648407358,570.2170042929565,10.0,776.0,0.0004886193370210252,106.5756500087511,14.618942727232296
,,,,,165911.13622329512,8710.0,4.1205398610205535,127623.95094099622,0.004886193370210252,439.1492140752344,570.8939782978048,10.0,776.0,0.0004886193370210252,106.5756500087511,14.65257760516604
,,,,,166482.70717559778,8720.0,4.125426054390764,128063.62090430595,0.004886193370210252,439.669963309733,571.5709523026529,10.0,776.0,0.0004886193370210252,106.5756500087511,14.68619505783325
,,,,,167054.95510190527,8730.0,4.130312247760974,128503.81161685019,0.004886193370210252,440.19071254423164,572.2479263075012,10.0,776.0,0.0004886193370210252,106.5756500087511,14.719795145114569
,,,,,167627.88000221763,8740.0,4.135198441131185,128944.52307862892,0.004886193370210252,440.71146177873027,572.9249003123493,10.0,776.0,0.0004886193370210252,106.5756500087511,14.753377926616581
,,,,,168201.48187653482,8750.0,4.140084634501395,129385.75528964214,0.004886193370210252,441.2322110132289,573.6018743171976,10.0,776.0,0.0004886193370210252,106.5756500087511,14.786943461673387
,,,,,168775.76072485687,8760.0,4.144970827871606,129827.50824988987,0.004886193370210252,441.7529602477275,574.2788483220457,10.0,776.0,0.0004886193370210252,106.5756500087511,14.820491809348159
,,,,,169350.71654718375,8770.0,4.149857021241816,130269.78195937209,0.004886193370210252,442.2737094822262,574.9558223268941,10.0,776.0,0.0004886193370210252,106.5756500087511,14.854023028434675
,,,,,169926.3493435155,8780.0,4.154743214612027,130712.57641808882,0.004886193370210252,442.7944587167248,575.6327963317423,10.0,776.0,0.0004886193370210252,106.5756500087511,14.887537177458864
,,,,,170502.65911385207,8790.0,4.159629407982237,131155.89162604004,0.004886193370210252,443.31520795122344,576.3097703365905,10.0,776.0,0.0004886193370210252,106.5756500087511,14.921034314680323
,,,,,171079.64585819351,8800.0,4.164515601352448,131599.72758322576,0.004886193370210252,443.83595718572207,576.9867443414387,10.0,776.0,0.0004886193370210252,106.5756500087511,14.954514498093836
,,,,,171657.3095765398,8810.0,4.169401794722658,132044.08428964598,0.004886193370210252,444.3567064202207,577.6637183462869,10.0,776.0,0.0004886193370210252,106.5756500087511,14.987977785430871
,,,,,172235.65026889092,8820.0,4.1742879880928685,132488.9617453007,0.004886193370210252,444.8774556547193,578.3406923511351,10.0,776.0,0.0004886193370210252,106.5756500087511,15.021424234161078
,,,,,172814.66793524692,8830.0,4.179174181463079,132934.35995018992,0.004886193370210252,445.39820488921794,579.0176663559834,10.0,776.0,0.0004886193370210252,106.5756500087511,15.054853901493761
,,,,,173394.36257560775,8840.0,4.184060374833289,133380.27890431363,0.004886193370210252,445.91895412371656,579.6946403608315,10.0,776.0,0.0004886193370210252,106.5756500087511,15.088266844379369
,,,,,173974.73418997345,8850.0,4.1889465682035,133826.71860767185,0.004886193370210252,446.4397033582152,580.3716143656798,10.0,776.0,0.0004886193370210252,106.5756500087511,15.121663119510943
,,,,,174185.63608201977,8860.0,4.189724009582766,133988.95083232285,0.0007774413792654799,162.23222465101404,210.90189204631827,10.0,532.0,7.7744137926548e-05,38.7214585686206,15.122906414483392
,,,,,174282.24102192488,8870.0,4.198714880993564,134063.26232455755,0.008990871410798643,74.31149223471228,96.60493990512596,10.0,531.0,0.0008990871410798642,17.69862787566265,15.11423476037853
,,,,,174379.0528257436,8880.0,4.207705752404363,134137.73294287964,0.008990871410798643,74.47061832208993,96.81180381871691,10.0,531.0,0.0008990871410798642,17.69862787566265,15.10560055663059
,,,,,174919.97134275112,8890.0,4.216696623815161,134553.8241098085,0.008990871410798643,416.0911669288682,540.9185170075286,10.0,220.0,0.0008990871410798642,98.67704605042213,15.135413285692746
,,,,,175462.04321018056,8900.0,4.2256874952259595,134970.8024693696,0.008990871410798643,416.978359561105,542.0718674294365,10.0,220.0,0.0008990871410798642,98.67704605042213,15.165258704423552
,,,,,176233.93139831172,8910.0,4.232548889581804,135564.56261408588,0.00686139435584425,593.7601447162822,771.8881881311669,10.0,216.0,0.000686139435584425,140.28429681646242,15.214877958932197
,,,,,177007.07089608998,8920.0,4.239410283937649,136159.28530468454,0.00686139435584425,594.7226905986723,773.1394977782741,10.0,216.0,0.000686139435584425,140.28429681646242,15.264493868238178
,,,,,177781.46170351535,8930.0,4.2462716782934935,136754.97054116562,0.00686139435584425,595.6852364810625,774.3908074253812,10.0,216.0,0.000686139435584425,140.28429681646242,15.314106443579577
,,,,,178557.10382058783,8940.0,4.253133072649338,137351.61832352908,0.00686139435584425,596.6477823634525,775.6421170724883,10.0,216.0,0.000686139435584425,140.28429681646242,15.363715696144192
,,,,,178771.23672622847,8950.0,4.253910514028604,137516.33594325266,0.0007774413792654799,164.71761972357814,214.1329056406516,10.0,532.0,7.7744137926548e-05,38.7214585686206,15.364953736676275
,,,,,178985.40876663252,8970.0,4.25468795540787,137681.0836666404,0.0007774413792654799,164.7477233877349,214.1720404040554,10.0,532.0,7.7744137926548e-05,38.7214585686206,15.349061724263143
,,,,,179199.6199418,8980.0,4.255465396787136,137845.8614936923,0.0007774413792654799,164.77782705189168,214.21117516745917,10.0,532.0,7.7744137926548e-05,38.7214585686206,15.35031865185883
,,,,,179413.87025173084,8990.0,4.2562428381664015,138010.66942440835,0.0007774413792654799,164.80793071604845,214.25030993086298,10.0,532.0,7.7744137926548e-05,38.7214585686206,15.351576131747313
,,,,,179628.1596964251,9000.0,4.257020279545667,138175.50745878855,0.0007774413792654799,164.83803438020524,214.28944469426682,10.0,532.0,7.7744137926548e-05,38.7214585686206,15.352834162087616
,,,,,179842.4882758828,9010.0,4.257797720924933,138340.37559683292,0.0007774413792654799,164.868138044362,214.32857945767063,10.0,532.0,7.7744137926548e-05,38.7214585686206,15.354092741046939
,,,,,180056.85599010385,9020.0,4.258575162304199,138505.27383854144,0.0007774413792654799,164.89824170851878,214.36771422107444,10.0,532.0,7.7744137926548e-05,38.7214585686206,15.355351866800603
,,,,,180271.26283908833,9030.0,4.259352603683465,138670.2021839141,0.0007774413792654799,164.92834537267555,214.40684898447822,10.0,532.0,7.7744137926548e-05,38.7214585686206,15.356611537532016
,,,,,180485.70882283623,9040.0,4.260130045062731,138835.16063295095,0.0007774413792654799,164.95844903683232,214.44598374788202,10.0,532.0,7.7744137926548e-05,38.7214585686206,15.357871751432628
,,,,,180700.1939413475,9050.0,4.2609074864419965,139000.14918565194,0.0007774413792654799,164.9885527009891,214.48511851128583,10.0,532.0,7.7744137926548e-05,38.7214585686206,15.359132506701872
,,,,,180798.4366860808,9060.0,4.269898357852795,139075.72052775449,0.008990871410798643,75.57134210253965,98.24274473330155,10.0,531.0,0.0008990871410798642,17.69862787566265,15.350521029553475
,,,,,180896.88629472768,9070.0,4.278889229263593,139151.4509959444,0.008990871410798643,75.7304681899173,98.4496086468925,10.0,531.0,0.0008990871410798642,17.69862787566265,15.341946085550651
,,,,,180995.54276728816,9080.0,4.287880100674392,139227.34059022172,0.008990871410798643,75.88959427729496,98.65647256048345,10.0,531.0,0.0008990871410798642,17.69862787566265,15.333407553989176
,,,,,181094.40610376225,9090.0,4.29687097208519,139303.38931058638,0.008990871410798643,76.0487203646726,98.86333647407439,10.0,531.0,0.0008990871410798642,17.69862787566265,15.324905314695972
,,,,,181646.76274940488,9100.0,4.305861843495989,139728.2790380038,0.008990871410798643,424.88972741740923,552.356645642632,10.0,220.0,0.0008990871410798642,98.67704605042213,15.354755938242175
,,,,,182433.27230022676,9110.0,4.312723237851833,140333.28638478986,0.00686139435584425,605.0073467860615,786.50955082188,10.0,216.0,0.000686139435584425,140.28429681646242,15.404312446189886
,,,,,183221.03316069575,9120.0,4.319584632207678,140939.2562774583,0.00686139435584425,605.9698926684515,787.760860468987,10.0,216.0,0.000686139435584425,140.28429681646242,15.453865819896745
,,,,,183438.51109803974,9130.0,4.320362073586944,141106.54699849215,0.0007774413792654799,167.29072103383663,217.47793734398763,10.0,532.0,7.7744137926548e-05,38.7214585686206,15.455262540908231
,,,,,183656.02817014712,9140.0,4.32113951496621,141273.86782319014,0.0007774413792654799,167.3208246979934,217.51707210739144,10.0,532.0,7.7744137926548e-05,38.7214585686206,15.45665949925494
,,,,,183873.58437701792,9150.0,4.321916956345476,141441.21875155228,0.0007774413792654799,167.35092836215017,217.55620687079522,10.0,532.0,7.7744137926548e-05,38.7214585686206,15.458056694158719
,,,,,184207.37044382305,9160.0,4.330907827756274,141697.9772644793,0.008990871410798643,256.7585129270222,333.7860668051289,10.0,616.0,0.0008990871410798642,59.285148319594185,15.469211491755383
,,,,,184668.27882679354,9170.0,4.3398986991670725,142052.5221744566,0.008990871410798643,354.5449099772972,460.9083829704864,10.0,628.0,0.0008990871410798642,81.69428241385971,15.491005689689922
,,,,,184911.73843720392,9180.0,4.340807700459726,142239.7987978492,0.0009090012926529559,187.2766233925937,243.45961041037182,10.0,283.0,9.090012926529558e-05,43.14326648765382,15.494531459460696
,,,,,185085.24002378792,9190.0,4.349798571870524,142373.26155675997,0.008990871410798643,133.4627589107763,173.5015865840092,10.0,622.0,0.0008990871410798642,30.682514766053618,15.492193858189333
,,,,,185207.36426822693,9200.0,4.357131634534693,142467.2032832515,0.0073330626641689035,93.94172649153879,122.12424443900042,10.0,649.0,0.0007333062664168904,21.560451776796278,15.485565574266467
,,,,,185413.63052860324,9210.0,4.359072746602851,142625.86963738714,0.0019411120681574875,158.66635413562835,206.26626037631686,10.0,82.0,0.00019411120681574876,36.3991067272923,15.485979330878083
,,,,,185793.98259368632,9220.0,4.368063618013649,142918.4481489895,0.008990871410798643,292.57851160236885,380.35206508307954,10.0,840.0,0.0008990871410798642,66.98128442905261,15.500916285139859
,,,,,186175.1175449192,9230.0,4.377054489424448,143211.6288807071,0.008990871410798643,293.18073171760057,381.1349512328807,10.0,840.0,0.0008990871410798642,66.98128442905261,15.515886119253208
,,,,,186596.30972399708,9240.0,4.386045360835246,143535.62286461316,0.008990871410798643,323.99398390605927,421.1921790778771,10.0,1113.0,0.0008990871410798642,73.86927340039188,15.534158318681078
,,,,,186979.01044752955,9250.0,4.395036232246045,143830.00803656122,0.008990871410798643,294.38517194806406,382.70072353248327,10.0,840.0,0.0008990871410798642,66.98128442905261,15.54919005800662
,,,,,187362.49405721185,9260.0,4.404027103656843,144124.9954286245,0.008990871410798643,294.9873920632958,383.4836096822845,10.0,840.0,0.0008990871410798642,66.98128442905261,15.56425436594217
,,,,,188114.95251080443,9270.0,4.413017975067642,144703.8096236957,0.008990871410798643,578.8141950712152,752.4584535925798,10.0,1115.0,0.0008990871410798642,131.16062484706814,15.609903950776236
,,,,,188868.94398720283,9280.0,4.42200884647844,145283.80306707908,0.008990871410798643,579.9934433833752,753.9914763983877,10.0,1115.0,0.0008990871410798642,131.16062484706814,15.655582227055936
,,,,,189294.45313568,9290.0,4.430999717889239,145611.1177966769,0.008990871410798643,327.31472959781945,425.5091484771653,10.0,1113.0,0.0008990871410798642,73.86927340039188,15.673963164335511
,,,,,189518.6119271487,9300.0,4.439990589300037,145783.54763626822,0.008990871410798643,172.42983959131644,224.15879146871137,10.0,1111.0,0.0008990871410798642,38.835631770674524,15.675650283469702
,,,,,189929.12228698944,9310.0,4.4485328581736345,146099.3248361457,0.008542268873597676,315.7771998774904,410.5103598407375,10.0,807.0,0.0008542268873597676,70.98457175544706,15.692730916879238
,,,,,190190.44699972097,9320.0,4.457523729584433,146300.3438459392,0.008990871410798643,201.01900979348912,261.32471273153584,10.0,1108.0,0.0008990871410798642,45.09656526544835,15.697461786044979
,,,,,190307.41478698136,9330.0,4.458166652638144,146390.31906690873,0.0006429230537111962,89.97522096953053,116.96778726038968,10.0,1128.0,6.429230537111961e-05,20.182112509474543,15.690280714566853
,,,,,190424.39944245078,9340.0,4.458809575691855,146480.30726342366,0.0006429230537111962,89.98819651493545,116.9846554694161,10.0,1128.0,6.429230537111961e-05,20.182112509474543,15.683116409360135
,,,,,190541.40096612924,9350.0,4.4594524987455655,146570.308435484,0.0006429230537111962,90.00117206034038,117.0015236784425,10.0,1128.0,6.429230537111961e-05,20.182112509474543,15.675968816629306
,,,,,191211.98070133253,9360.0,4.46048382867792,147086.139001025,0.0010313299323549895,515.8305655409932,670.5797352032912,10.0,1176.0,0.00010313299323549896,115.64453215244242,15.714331089853099
,,,,,191882.7154845036,9370.0,4.461515158610275,147602.08883423352,0.0010313299323549895,515.9498332085152,670.7347831710698,10.0,1176.0,0.00010313299323549896,115.64453215244242,15.752624208562809
,,,,,192553.60531564246,9380.0,4.462546488542629,148118.15793510957,0.0010313299323549895,516.069100876037,670.8898311388482,10.0,1176.0,0.00010313299323549896,115.64453215244242,15.790848393934922
,,,,,192563.30073332027,9390.0,4.4642025015743,148125.61594870788,0.0016560130316706097,7.4580135983049,9.695417677796371,10.0,1165.0,0.00016560130316706098,1.670626185903268,15.774825979628103
,,,,,192572.99974755044,9400.0,4.46585851460597,148133.07672888492,0.0016560130316706097,7.460780177039806,9.699014230151748,10.0,1165.0,0.00016560130316706098,1.670626185903268,15.758837949881373
,,,,,192582.70235833293,9410.0,4.467514527637641,148140.5402756407,0.0016560130316706097,7.463546755774712,9.702610782507126,10.0,1165.0,0.00016560130316706098,1.670626185903268,15.742884195073401
,,,,,192592.40856566778,9420.0,4.469170540669311,148148.0065889752,0.0016560130316706097,7.466313334509618,9.706207334862503,10.0,1165.0,0.00016560130316706098,1.670626185903268,15.726964606048323
,,,,,192602.11836955498,9430.0,4.470826553700982,148155.47566888845,0.0016560130316706097,7.469079913244523,9.70980388721788,10.0,1165.0,0.00016560130316706098,1.670626185903268,15.711079074113304
,,,,,192611.83176999455,9440.0,4.472482566732652,148162.94751538042,0.0016560130316706097,7.471846491979429,9.713400439573258,10.0,1165.0,0.00016560130316706098,1.670626185903268,15.695227491036063
,,,,,192668.84301044737,9450.0,4.473465834429916,148206.80231572874,0.000983267697263694,43.85480034832815,57.01124045282659,10.0,710.0,9.832676972636939e-05,9.803316258906191,15.68325950430992
,,,,,192721.90047900274,9460.0,4.474566481600482,148247.61575307904,0.001100647170565855,40.813437350287785,53.05746855537412,10.0,709.0,0.00011006471705658549,9.121204817966959,15.670995322735628
,,,,,192816.50500497912,9470.0,4.474884394357709,148320.38846536857,0.00031791275722651966,72.77271228953254,94.6045259763923,10.0,688.0,3.1791275722651966e-05,16.26247873158247,15.662131833724242
,,,,,193071.4512800521,9480.0,4.4770412463674685,148516.5009846555,0.0021568520097599462,196.1125192869157,254.94627507299043,10.0,983.0,0.00021568520097599463,43.80404568442055,15.666297572221044
,,,,,193326.52037762225,9490.0,4.479198098377228,148712.70798278638,0.0021568520097599462,196.20699813088578,255.0690975701515,10.0,983.0,0.00021568520097599463,43.80404568442055,15.670464487121853
,,,,,193581.71229768955,9500.0,4.481354950386988,148909.00945976123,0.0021568520097599462,196.30147697485583,255.1919200673126,10.0,983.0,0.00021568520097599463,43.80404568442055,15.674632574711708
,,,,,193837.02704025403,9510.0,4.483511802396748,149105.40541558005,0.0021568520097599462,196.39595581882588,255.31474256447365,10.0,983.0,0.00021568520097599463,43.80404568442055,15.678801831291278
,,,,,194493.8947846235,9520.0,4.489368261048542,149610.68829586427,0.005856458651793928,505.2828802842078,656.8677443694702,10.0,589.0,0.0005856458651793928,112.55099847081678,15.715408434439524
,,,,,195151.61942434235,9530.0,4.495224719700335,150116.63032641725,0.005856458651793928,505.9420305529702,657.7246397188613,10.0,589.0,0.0005856458651793928,112.55099847081678,15.752007379477151
,,,,,195810.2009594106,9540.0,4.501081178352129,150623.231507239,0.005856458651793928,506.6011808217326,658.5815350682524,10.0,589.0,0.0005856458651793928,112.55099847081678,15.788598690486268
,,,,,196469.63938982825,9550.0,4.506937637003922,151130.49183832947,0.005856458651793928,507.260331090495,659.4384304176435,10.0,589.0,0.0005856458651793928,112.55099847081678,15.825182391448113
,,,,,196767.01157743513,9560.0,4.5119409323753965,151359.23967495016,0.005003295371473963,228.7478366206782,297.3721876068817,10.0,56.0,0.0005003295371473963,50.698322528847825,15.83255645135462
,,,,,197064.7135213292,9570.0,4.516944227746871,151588.24117025328,0.005003295371473963,229.0014953031283,297.7019438940668,10.0,56.0,0.0005003295371473963,50.698322528847825,15.839941606087072
,,,,,197362.74522151044,9580.0,4.521947523118345,151817.49632423886,0.005003295371473963,229.2551539855784,298.03170018125195,10.0,56.0,0.0005003295371473963,50.698322528847825,15.84733782090176
,,,,,197661.10667797888,9590.0,4.526950818489819,152047.0051369069,0.005003295371473963,229.5088126680285,298.36145646843704,10.0,56.0,0.0005003295371473963,50.698322528847825,15.854745061199885
,,,,,197959.7978907345,9600.0,4.5319541138612935,152276.7676082574,0.005003295371473963,229.7624713504786,298.6912127556222,10.0,56.0,0.0005003295371473963,50.698322528847825,15.86216329252681
,,,,,198258.81885977733,9610.0,4.536957409232768,152506.7837382903,0.005003295371473963,230.0161300329287,299.0209690428073,10.0,56.0,0.0005003295371473963,50.698322528847825,15.869592480571312
,,,,,198558.16958510733,9620.0,4.541960704604242,152737.0535270057,0.005003295371473963,230.26978871537878,299.35072532999243,10.0,56.0,0.0005003295371473963,50.698322528847825,15.877032591164832
,,,,,198857.8500667245,9630.0,4.546963999975716,152967.57697440352,0.005003295371473963,230.52344739782887,299.6804816171775,10.0,56.0,0.0005003295371473963,50.698322528847825,15.88448359028074
,,,,,198921.48241502538,9640.0,4.547191965108423,153016.52493463497,0.0002279651327066997,48.94796023145978,63.63234830089772,10.0,64.0,2.2796513270669968e-05,10.764436735252866,15.873083499443462
,,,,,198985.11795341742,9650.0,4.54741993024113,153065.4753487827,0.0002279651327066997,48.95041414770865,63.635538392021246,10.0,64.0,2.2796513270669968e-05,10.764436735252866,15.861707290029296
,,,,,199048.75668190056,9660.0,4.547647895373837,153114.42821684666,0.0002279651327066997,48.95286806395752,63.638728483144774,10.0,64.0,2.2796513270669968e-05,10.764436735252866,15.850354887872324
,,,,,199061.54608565205,9670.0,4.556638766784635,153124.26621973244,0.008990871410798643,9.838002885770454,12.78940375150159,10.0,1080.0,0.0008990871410798642,2.159048234739174,15.8349809948017
,,,,,199074.3607246461,9680.0,4.565629638195434,153134.12363434327,0.008990871410798643,9.857414610818706,12.81463899406432,10.0,1080.0,0.0008990871410798642,2.159048234739174,15.819640871316453
,,,,,199105.94321651338,9690.0,4.574620509606232,153158.41785885656,0.008990871410798643,24.294224513284338,31.58249186726964,10.0,1084.0,0.0008990871410798642,5.310653520279763,15.805822276455785
,,,,,199190.89360139507,9700.0,4.579207892472818,153223.76430876556,0.00458738286658553,65.3464499089966,84.95038488169558,10.0,1083.0,0.000458738286658553,14.270251852162335,15.796264361728408
,,,,,199758.8295753603,9710.0,4.588198763883616,153660.63813489265,0.008990871410798643,436.87382612709035,567.9359739652175,10.0,1088.0,0.0008990871410798642,95.21684839941517,15.824988479391623
,,,,,200356.56516802937,9720.0,4.591195721020549,154120.4347446381,0.0029969571369328806,459.796609745445,597.7355926690785,10.0,43.0,0.00029969571369328806,100.14746433925487,15.85601180500392
,,,,,200954.69093965384,9730.0,4.594192678157482,154580.53149204154,0.0029969571369328806,460.09674740344224,598.125771624475,10.0,43.0,0.00029969571369328806,100.14746433925487,15.887002208842913
,,,,,201220.44495765987,9740.0,4.60318354956828,154784.9576597385,0.008990871410798643,204.4261676969535,265.7540180060396,10.0,47.0,0.0008990871410798642,44.40973632609677,15.891679431184649
,,,,,201486.7180425632,9750.0,4.612174420979079,154989.78310966413,0.008990871410798643,204.82544992564894,266.27308490334366,10.0,47.0,0.0008990871410798642,44.40973632609677,15.896388011247604
,,,,,201753.51019436386,9760.0,4.621165292389877,155195.00784181847,0.008990871410798643,205.22473215434434,266.7921518006477,10.0,47.0,0.0008990871410798642,44.40973632609677,15.901127852645335
,,,,,202020.8214130618,9770.0,4.630156163800676,155400.6318562015,0.008990871410798643,205.62401438303974,267.3112186979517,10.0,47.0,0.0008990871410798642,44.40973632609677,15.90589885938603
,,,,,202288.65169865708,9780.0,4.639147035211474,155606.65515281324,0.008990871410798643,206.02329661173513,267.8302855952557,10.0,47.0,0.0008990871410798642,44.40973632609677,15.910700935870475
,,,,,202557.00105114965,9790.0,4.6481379066222726,155813.07773165367,0.008990871410798643,206.42257884043053,268.3493524925597,10.0,47.0,0.0008990871410798642,44.40973632609677,15.915533986890058
,,,,,202825.8694705395,9800.0,4.657128778033071,156019.8995927228,0.008990871410798643,206.82186106912593,268.86841938986373,10.0,47.0,0.0008990871410798642,44.40973632609677,15.920397917624776
,,,,,203095.25695682666,9810.0,4.6661196494438695,156227.12073602062,0.008990871410798643,207.22114329782133,269.38748628716775,10.0,47.0,0.0008990871410798642,44.40973632609677,15.925292633641245
,,,,,203341.69255410557,9820.0,4.6675803700099046,156416.68658008132,0.001460720566035414,189.56584406069527,246.43559727890386,10.0,491.0,0.0001460720566035414,40.61330047548662,15.928379488806652
,,,,,203588.2052734727,9830.0,4.66904109057594,156606.31174882528,0.001460720566035414,189.62516874395436,246.51271936714068,10.0,491.0,0.0001460720566035414,40.61330047548662,15.931466098558014
,,,,,203834.79511492807,9840.0,4.670501811141975,156795.9962422525,0.001460720566035414,189.68449342721348,246.58984145537752,10.0,491.0,0.0001460720566035414,40.61330047548662,15.934552463643547
,,,,,204081.4620784717,9850.0,4.67196253170801,156985.74006036296,0.001460720566035414,189.74381811047257,246.66696354361434,10.0,491.0,0.0001460720566035414,40.61330047548662,15.937638584808424
,,,,,204690.36933620405,9860.0,4.67242739569938,157454.13025861862,0.0004648639913699418,468.39019825565504,608.9072577323516,10.0,678.0,4.648639913699418e-05,100.24558084878392,15.968978728054626
,,,,,205299.33717466547,9870.0,4.67289225969075,157922.5670574351,0.0004648639913699418,468.43679881648563,608.9678384614314,10.0,678.0,4.648639913699418e-05,100.24558084878392,16.000260086872856
,,,,,205908.365593856,9880.0,4.67335712368212,158391.05045681243,0.0004648639913699418,468.4833993773162,609.028419190511,10.0,678.0,4.648639913699418e-05,100.24558084878392,16.031482839758343
,,,,,206197.75883062952,9890.0,4.673590590115215,158613.6606389459,0.0002334664330949695,222.6101821334725,289.3932367735143,10.0,543.0,2.334664330949695e-05,47.63151111359642,16.037781662178556
,,,,,206313.33009595846,9900.0,4.681593073780088,158702.56161227587,0.008002483664872854,88.90097332994827,115.57126532893275,10.0,879.0,0.0008002483664872854,18.989470449247396,16.030561779017763
,,,,,206682.37633551742,9910.0,4.68528714972051,158986.44333501352,0.003694075940422091,283.8817227376602,369.0462395589583,10.0,855.0,0.0003694075940422091,60.59003720926571,16.043031618063928
,,,,,206877.25345753084,9920.0,4.6868631092466275,159136.34881348538,0.0015759595261170762,149.90547847187227,194.87712201343396,10.0,845.0,0.00015759595261170763,31.98418109889458,16.041970646520703
,,,,,206882.51873821003,9930.0,4.695853980657426,159140.39902939246,0.008990871410798643,4.050215907062243,5.265280679180916,10.0,893.0,0.0008990871410798642,0.862508911849769,16.026223467209714
,,,,,206887.79410000794,9940.0,4.7048448520682244,159144.45700000622,0.008990871410798643,4.057970613779352,5.275361797913158,10.0,893.0,0.0008990871410798642,0.862508911849769,16.010508752515715
,,,,,206893.0795429246,9950.0,4.713835723479023,159148.5227253267,0.008990871410798643,4.06572532049646,5.2854429166453984,10.0,893.0,0.0008990871410798642,0.862508911849769,15.994826404555448
,,,,,206898.37506695997,9960.0,4.722826594889821,159152.5962053539,0.008990871410798643,4.073480027213569,5.29552403537764,10.0,893.0,0.0008990871410798642,0.862508911849769,15.979176325838747
,,,,,207038.35557252483,9970.0,4.725583903026447,159260.27351732686,0.0027573081366254536,107.67731197295986,139.98050556484782,10.0,909.0,0.00027573081366254534,22.786033256969397,15.973949199330677
,,,,,207178.41775463906,9980.0,4.728341211163072,159368.01365741473,0.0027573081366254536,107.74014008786072,140.06218211421896,10.0,909.0,0.00027573081366254534,22.786033256969397,15.96873884342833
,,,,,207188.93705022582,9990.0,4.737332082573871,159376.1054232507,0.008990871410798643,8.091765835969024,10.519295586759732,10.0,852.0,0.0008990871410798642,1.7080849927608692,15.953564106431502
,,,,,207199.47631013687,10000.0,4.746322953984669,159384.2125462592,0.008990871410798643,8.107123008497652,10.539259911046948,10.0,852.0,0.0008990871410798642,1.7080849927608692,15.938421254625919
,,,,,207353.04953595373,10010.0,4.755313825395468,159502.34579688756,0.008990871410798643,118.13325062835412,153.57322581686037,10.0,956.0,0.0008990871410798642,24.84236686913713,15.934300279409346
,,,,,207506.91312265446,10020.0,4.764304696806266,159620.70240204196,0.008990871410798643,118.35660515441441,153.86358670073875,10.0,956.0,0.0008990871410798642,24.84236686913713,15.93020982056307
,,,,,207644.55194349968,10030.0,4.773295568217065,159726.57841807674,0.008990871410798643,105.8760160347801,137.63882084521413,10.0,873.0,0.0008990871410798642,22.180905104589453,15.92488319223098
,,,,,207820.573166358,10040.0,4.782286439627863,159861.97935873698,0.008990871410798643,135.40094066023147,176.02122285830092,10.0,437.0,0.0008990871410798642,28.313013528057887,15.92250790425667
,,,,,208692.75157762496,10050.0,4.782477336598269,160532.88582894232,0.00019089697040640234,670.9064702053563,872.1784112669632,10.0,891.0,1.9089697040640234e-05,140.28429681646242,15.973421475516648
,,,,,209089.9679845382,10060.0,4.783007855700988,160838.4369111833,0.0005305191027183454,305.5510822409636,397.2164069132527,10.0,386.0,5.3051910271834537e-05,63.882621868740934,15.987916193954602
,,,,,209487.22844968806,10070.0,4.783538374803706,161144.02188437548,0.0005305191027183454,305.58497319219674,397.2604651498558,10.0,386.0,5.3051910271834537e-05,63.882621868740934,16.002385490007494
,,,,,210068.82121353113,10080.0,4.784944043658414,161591.40093348554,0.0014056688547076576,447.3790491100539,581.5927638430701,10.0,775.0,0.00014056688547076576,93.49723738211206,16.030892949750548
,,,,,210650.58483137516,10090.0,4.786349712513122,162038.91140875017,0.0014056688547076576,447.51047526464316,581.7636178440362,10.0,775.0,0.00014056688547076576,93.49723738211206,16.05935692851835
,,,,,211232.51930322018,10100.0,4.7877553813678295,162486.5533101694,0.0014056688547076576,447.6419014192324,581.9344718450021,10.0,775.0,0.00014056688547076576,93.49723738211206,16.087777555462317
,,,,,211814.62462906615,10110.0,4.789161050222537,162934.32663774322,0.0014056688547076576,447.7733275738217,582.1053258459682,10.0,775.0,0.00014056688547076576,93.49723738211206,16.11615495922287
,,,,,212396.90080891308,10120.0,4.790566719077245,163382.23139147164,0.0014056688547076576,447.9047537284109,582.2761798469343,10.0,775.0,0.00014056688547076576,93.49723738211206,16.14448926793198
,,,,,213093.71052842934,10130.0,4.79277900575114,163918.2388680226,0.0022122866738954494,536.0074765509709,696.8097195162621,10.0,420.0,0.00022122866738954493,111.83646813420431,16.181464843832437
,,,,,213790.84188657213,10140.0,4.794991292425036,164454.4937589017,0.0022122866738954494,536.2548908790797,697.1313581428036,10.0,420.0,0.00022122866738954493,111.83646813420431,16.21839188943804
,,,,,214488.29488334147,10150.0,4.797203579098931,164990.99606410888,0.0022122866738954494,536.5023052071884,697.452996769345,10.0,420.0,0.00022122866738954493,111.83646813420431,16.25527054818807
,,,,,214939.2820183138,10160.0,4.801090089236505,165337.90924485683,0.0038865101375737945,346.9131807479409,450.9871349723232,10.0,137.0,0.00038865101375737946,72.25716958023358,16.273416264257563
,,,,,215815.31896516983,10170.0,4.8036351166679925,166011.78381936147,0.0025450274314881938,673.8745745046347,876.0369468560251,10.0,343.0,0.0002545027431488194,140.28429681646242,16.323675891775956
,,,,,216481.53163462755,10180.0,4.808521310038203,166524.25510355973,0.004886193370210252,512.4712841982529,666.2126694577288,10.0,776.0,0.0004886193370210252,106.5756500087511,16.357981837284846
,,,,,217148.42127809013,10190.0,4.813407503408413,167037.2471369925,0.004886193370210252,512.9920334327514,666.8896434625769,10.0,776.0,0.0004886193370210252,106.5756500087511,16.39227155417002
,,,,,217815.98789555754,10200.0,4.818293696778624,167550.75991965973,0.004886193370210252,513.5127826672501,667.5666174674252,10.0,776.0,0.0004886193370210252,106.5756500087511,16.42654509016272
,,,,,218484.2314870298,10210.0,4.823179890148834,168064.79345156148,0.004886193370210252,514.0335319017487,668.2435914722734,10.0,776.0,0.0004886193370210252,106.5756500087511,16.460802492807197
,,,,,219153.15205250695,10220.0,4.828066083519045,168579.34773269773,0.004886193370210252,514.5542811362474,668.9205654771216,10.0,776.0,0.0004886193370210252,106.5756500087511,16.495043809461617
,,,,,219822.74959198892,10230.0,4.832952276889255,169094.42276306846,0.004886193370210252,515.0750303707459,669.5975394819698,10.0,776.0,0.0004886193370210252,106.5756500087511,16.52926908729897
,,,,,220493.02410547575,10240.0,4.837838470259466,169610.0185426737,0.004886193370210252,515.5957796052446,670.274513486818,10.0,776.0,0.0004886193370210252,106.5756500087511,16.56347837330798
,,,,,221163.9755929674,10250.0,4.842724663629676,170126.13507151345,0.004886193370210252,516.1165288397433,670.9514874916663,10.0,776.0,0.0004886193370210252,106.5756500087511,16.597671714293995
,,,,,221835.60405446394,10260.0,4.847610856999887,170642.7723495877,0.004886193370210252,516.6372780742419,671.6284614965144,10.0,776.0,0.0004886193370210252,106.5756500087511,16.63184915687989
,,,,,222507.9094899653,10270.0,4.852497050370097,171159.93037689643,0.004886193370210252,517.1580273087405,672.3054355013627,10.0,776.0,0.0004886193370210252,106.5756500087511,16.666010747506956
,,,,,223180.89189947152,10280.0,4.8573832437403075,171677.60915343967,0.004886193370210252,517.6787765432391,672.9824095062108,10.0,776.0,0.0004886193370210252,106.5756500087511,16.700156532435766
,,,,,223854.55128298257,10290.0,4.862269437110518,172195.8086792174,0.004886193370210252,518.1995257777378,673.6593835110591,10.0,776.0,0.0004886193370210252,106.5756500087511,16.734286557747076
,,,,,224528.8876404985,10300.0,4.867155630480728,172714.52895422964,0.004886193370210252,518.7202750122364,674.3363575159073,10.0,776.0,0.0004886193370210252,106.5756500087511,16.768400869342685
,,,,,225203.90097201924,10310.0,4.872041823850939,173233.76997847637,0.004886193370210252,519.241024246735,675.0133315207556,10.0,776.0,0.0004886193370210252,106.5756500087511,16.8024995129463
,,,,,225879.59127754485,10320.0,4.876928017221149,173753.5317519576,0.004886193370210252,519.7617734812336,675.6903055256037,10.0,776.0,0.0004886193370210252,106.5756500087511,16.83658253410442
,,,,,226555.9585570753,10330.0,4.88181421059136,174273.81427467335,0.004886193370210252,520.2825227157323,676.367279530452,10.0,776.0,0.0004886193370210252,106.5756500087511,16.87064997818716
,,,,,227233.0028106106,10340.0,4.88670040396157,174794.61754662357,0.004886193370210252,520.803271950231,677.0442535353003,10.0,776.0,0.0004886193370210252,106.5756500087511,16.904701890389127
,,,,,227910.72403815074,10350.0,4.891586597331781,175315.9415678083,0.004886193370210252,521.3240211847295,677.7212275401484,10.0,776.0,0.0004886193370210252,106.5756500087511,16.93873831573027
,,,,,228589.12223969575,10360.0,4.896472790701991,175837.78633822754,0.004886193370210252,521.8447704192282,678.3982015449967,10.0,776.0,0.0004886193370210252,106.5756500087511,16.97275929905671
,,,,,229268.19741524558,10370.0,4.901358984072202,176360.15185788125,0.004886193370210252,522.3655196537268,679.0751755498449,10.0,776.0,0.0004886193370210252,106.5756500087511,17.006764885041587
,,,,,229947.94956480028,10380.0,4.906245177442412,176883.03812676948,0.004886193370210252,522.8862688882255,679.7521495546931,10.0,776.0,0.0004886193370210252,106.5756500087511,17.040755118185885
,,,,,230628.3786883598,10390.0,4.9111313708126225,177406.4451448922,0.004886193370210252,523.407018122724,680.4291235595413,10.0,776.0,0.0004886193370210252,106.5756500087511,17.07473004281927
,,,,,231309.4847859242,10400.0,4.916017564182833,177930.37291224944,0.004886193370210252,523.9277673572227,681.1060975643895,10.0,776.0,0.0004886193370210252,106.5756500087511,17.108689703100907
,,,,,231991.26785749343,10410.0,4.920903757553043,178454.82142884115,0.004886193370210252,524.4485165917213,681.7830715692377,10.0,776.0,0.0004886193370210252,106.5756500087511,17.142634143020285
,,,,,232673.7279030675,10420.0,4.925789950923254,178979.79069466738,0.004886193370210252,524.96926582622,682.4600455740859,10.0,776.0,0.0004886193370210252,106.5756500087511,17.17656340639802
,,,,,233356.86492264643,10430.0,4.930676144293464,179505.2807097281,0.004886193370210252,525.4900150607186,683.1370195789342,10.0,776.0,0.0004886193370210252,106.5756500087511,17.210477536886682
,,,,,234040.67891623022,10440.0,4.935562337663675,180031.2914740233,0.004886193370210252,526.0107642952172,683.8139935837823,10.0,776.0,0.0004886193370210252,106.5756500087511,17.244376577971583
,,,,,234725.16988381886,10450.0,4.940448531033885,180557.82298755302,0.004886193370210252,526.5315135297159,684.4909675886307,10.0,776.0,0.0004886193370210252,106.5756500087511,17.278260572971583
,,,,,235410.33782541234,10460.0,4.945334724404096,181084.87525031724,0.004886193370210252,527.0522627642144,685.1679415934788,10.0,776.0,0.0004886193370210252,106.5756500087511,17.31212956503989
,,,,,236096.18274101068,10470.0,4.950220917774306,181612.44826231597,0.004886193370210252,527.5730119987131,685.8449155983271,10.0,776.0,0.0004886193370210252,106.5756500087511,17.34598359716485
,,,,,236782.70463061385,10480.0,4.955107111144517,182140.54202354918,0.004886193370210252,528.0937612332117,686.5218896031753,10.0,776.0,0.0004886193370210252,106.5756500087511,17.37982271217072
,,,,,237469.9034942219,10490.0,4.959993304514727,182669.1565340169,0.004886193370210252,528.6145104677104,687.1988636080235,10.0,776.0,0.0004886193370210252,106.5756500087511,17.413646952718484
,,,,,238157.77933183475,10500.0,4.9648794978849375,183198.2917937191,0.004886193370210252,529.1352597022089,687.8758376128717,10.0,776.0,0.0004886193370210252,106.5756500087511,17.447456361306582
,,,,,238846.33214345248,10510.0,4.969765691255148,183727.9478026558,0.004886193370210252,529.6560089367076,688.55281161772,10.0,776.0,0.0004886193370210252,106.5756500087511,17.481250980271724
,,,,,239535.56192907505,10520.0,4.9746518846253585,184258.124560827,0.004886193370210252,530.1767581712063,689.2297856225682,10.0,776.0,0.0004886193370210252,106.5756500087511,17.51503085178964
,,,,,240225.46868870247,10530.0,4.979538077995569,184788.82206823272,0.004886193370210252,530.6975074057049,689.9067596274164,10.0,776.0,0.0004886193370210252,106.5756500087511,17.54879601787585
,,,,,240916.05242233473,10540.0,4.984424271365779,185320.0403248729,0.004886193370210252,531.2182566402035,690.5837336322646,10.0,776.0,0.0004886193370210252,106.5756500087511,17.582546520386423
,,,,,241607.31312997185,10550.0,4.98931046473599,185851.7793307476,0.004886193370210252,531.7390058747021,691.2607076371128,10.0,776.0,0.0004886193370210252,106.5756500087511,17.61628240101873
,,,,,242299.2508116138,10560.0,4.9941966581062,186384.0390858568,0.004886193370210252,532.2597551092008,691.937681641961,10.0,776.0,0.0004886193370210252,106.5756500087511,17.650003701312198
,,,,,242991.86546726062,10570.0,4.999082851476411,186916.81959020052,0.004886193370210252,532.7805043436994,692.6146556468092,10.0,776.0,0.0004886193370210252,106.5756500087511,17.683710462649056
,,,,,243685.15709691227,10580.0,5.003969044846621,187450.1208437787,0.004886193370210252,533.301253578198,693.2916296516574,10.0,776.0,0.0004886193370210252,106.5756500087511,17.717402726255077
,,,,,244379.12570056878,10590.0,5.008855238216832,187983.9428465914,0.004886193370210252,533.8220028126966,693.9686036565056,10.0,776.0,0.0004886193370210252,106.5756500087511,17.751080533200323
,,,,,245073.77127823012,10600.0,5.013741431587042,188518.2855986386,0.004886193370210252,534.3427520471953,694.6455776613539,10.0,776.0,0.0004886193370210252,106.5756500087511,17.78474392439987
,,,,,245769.09382989633,10610.0,5.018627624957253,189053.1490999203,0.004886193370210252,534.8635012816939,695.322551666202,10.0,776.0,0.0004886193370210252,106.5756500087511,17.818392940614544
,,,,,246465.09335556737,10620.0,5.023513818327463,189588.53335043648,0.004886193370210252,535.3842505161925,695.9995256710504,10.0,776.0,0.0004886193370210252,106.5756500087511,17.852027622451647
,,,,,247161.76985524327,10630.0,5.0284000116976735,190124.43835018718,0.004886193370210252,535.9049997506912,696.6764996758986,10.0,776.0,0.0004886193370210252,106.5756500087511,17.88564801036568
,,,,,247859.123328924,10640.0,5.033286205067884,190660.86409917238,0.004886193370210252,536.4257489851898,697.3534736807468,10.0,776.0,0.0004886193370210252,106.5756500087511,17.919254144659057
,,,,,248557.1537766096,10650.0,5.038172398438094,191197.81059739206,0.004886193370210252,536.9464982196885,698.030447685595,10.0,776.0,0.0004886193370210252,106.5756500087511,17.952846065482824
,,,,,249255.86119830003,10660.0,5.043058591808305,191735.27784484625,0.004886193370210252,537.467247454187,698.7074216904432,10.0,776.0,0.0004886193370210252,106.5756500087511,17.98642381283736
,,,,,249955.24559399532,10670.0,5.047944785178515,192273.26584153494,0.004886193370210252,537.9879966886857,699.3843956952915,10.0,776.0,0.0004886193370210252,106.5756500087511,18.019987426573095
,,,,,250655.30696369548,10680.0,5.052830978548726,192811.77458745812,0.004886193370210252,538.5087459231843,700.0613697001396,10.0,776.0,0.0004886193370210252,106.5756500087511,18.05353694639121
,,,,,251356.04530740046,10690.0,5.057717171918936,193350.8040826158,0.004886193370210252,539.029495157683,700.7383437049879,10.0,776.0,0.0004886193370210252,106.5756500087511,18.08707241184432
,,,,,252278.8832290461,10700.0,5.060262199350424,194060.6794069586,0.0025450274314881938,709.8753243427998,922.8379216456398,10.0,343.0,0.0002545027431488194,140.28429681646242,18.13651209410828
,,,,,252395.51769986516,10710.0,5.0692530707612224,194150.39823066557,0.008990871410798643,89.71882370696305,116.63447081905197,10.0,531.0,0.0008990871410798642,17.69862787566265,18.127955016868867
,,,,,252512.35903459782,10720.0,5.078243942172021,194240.2761804599,0.008990871410798643,89.87794979434071,116.84133473264292,10.0,531.0,0.0008990871410798642,17.69862787566265,18.11942874817723
,,,,,252629.40723324404,10730.0,5.087234813582819,194330.31325634164,0.008990871410798643,90.03707588171837,117.04819864623389,10.0,531.0,0.0008990871410798642,17.69862787566265,18.110933201895772
,,,,,253283.15187882594,10740.0,5.096225684993618,194833.1937529431,0.008990871410798643,502.8804966014593,653.7446455818971,10.0,220.0,0.0008990871410798642,98.67704605042213,18.14089327308595
,,,,,254213.79975610157,10750.0,5.1030870793494625,195549.07673546282,0.00686139435584425,715.8829825197142,930.6478772756285,10.0,216.0,0.000686139435584425,140.28429681646242,18.19061178934538
,,,,,255145.6989430243,10760.0,5.109948473705307,196265.92226386492,0.00686139435584425,716.8455284021044,931.8991869227357,10.0,216.0,0.000686139435584425,140.28429681646242,18.240327347942838
,,,,,256078.84943959414,10770.0,5.116809868061152,196983.7303381494,0.00686139435584425,717.8080742844945,933.1504965698429,10.0,216.0,0.000686139435584425,140.28429681646242,18.29003995711694
,,,,,257013.2512458111,10780.0,5.123671262416996,197702.5009583163,0.00686139435584425,718.7706201668847,934.4018062169501,10.0,216.0,0.000686139435584425,140.28429681646242,18.339749625075722
,,,,,257948.90436167514,10790.0,5.130532656772841,198422.23412436555,0.00686139435584425,719.7331660492747,935.6531158640571,10.0,216.0,0.000686139435584425,140.28429681646242,18.389456359996807
,,,,,258207.20371645398,10800.0,5.131310098152107,198620.9259357339,0.0007774413792654799,198.6918113683413,258.2993547788437,10.0,532.0,7.7744137926548e-05,38.7214585686206,18.390826475530915
,,,,,258465.54220599623,10820.0,5.132087539531373,198819.6478507664,0.0007774413792654799,198.7219150324981,258.33848954224754,10.0,532.0,7.7744137926548e-05,38.7214585686206,18.375198507464546
,,,,,258723.9198303019,10830.0,5.132864980910639,199018.39986946306,0.0007774413792654799,198.75201869665486,258.37762430565135,10.0,532.0,7.7744137926548e-05,38.7214585686206,18.37658355212032
,,,,,258982.33658937094,10840.0,5.133642422289904,199217.18199182386,0.0007774413792654799,198.78212236081163,258.4167590690551,10.0,532.0,7.7744137926548e-05,38.7214585686206,18.377968818433935
,,,,,259240.7924832034,10850.0,5.13441986366917,199415.99421784884,0.0007774413792654799,198.8122260249684,258.4558938324589,10.0,532.0,7.7744137926548e-05,38.7214585686206,18.37935430579252
,,,,,259499.28751179928,10860.0,5.135197305048436,199614.83654753797,0.0007774413792654799,198.84232968912517,258.4950285958627,10.0,532.0,7.7744137926548e-05,38.7214585686206,18.38074001358545
,,,,,259757.82167515854,10870.0,5.135974746427702,199813.70898089124,0.0007774413792654799,198.87243335328193,258.53416335926653,10.0,532.0,7.7744137926548e-05,38.7214585686206,18.382125941204347
,,,,,260016.39497328122,10880.0,5.136752187806968,200012.6115179087,0.0007774413792654799,198.9025370174387,258.57329812267034,10.0,532.0,7.7744137926548e-05,38.7214585686206,18.38351208804308
,,,,,260275.00740616728,10890.0,5.137529629186234,200211.5441585903,0.0007774413792654799,198.93264068159547,258.61243288607415,10.0,532.0,7.7744137926548e-05,38.7214585686206,18.38489845349773
,,,,,260533.65897381675,10900.0,5.138307070565499,200410.50690293603,0.0007774413792654799,198.96274434575227,258.65156764947795,10.0,532.0,7.7744137926548e-05,38.7214585686206,18.38628503696661
,,,,,260652.08911790902,10910.0,5.147297941976298,200501.60701377623,0.008990871410798643,91.10011084020269,118.4301440922635,10.0,531.0,0.0008990871410798642,17.69862787566265,18.37778249438829
,,,,,260770.72612591487,10920.0,5.156288813387096,200592.8662507038,0.008990871410798643,91.25923692758035,118.63700800585445,10.0,531.0,0.0008990871410798642,17.69862787566265,18.369310096218296
,,,,,260889.5699978343,10930.0,5.165279684797895,200684.28461371877,0.008990871410798643,91.418363014958,118.8438719194454,10.0,531.0,0.0008990871410798642,17.69862787566265,18.360867759718094
,,,,,261008.62073366734,10940.0,5.174270556208693,200775.86210282112,0.008990871410798643,91.57748910233565,119.05073583303634,10.0,531.0,0.0008990871410798642,17.69862787566265,18.352455402451657
,,,,,261673.5303382273,10950.0,5.183261427619492,201287.3310294057,0.008990871410798643,511.46892658458535,664.9096045599609,10.0,220.0,0.0008990871410798642,98.67704605042213,18.3824046602197
,,,,,262620.05088784074,10960.0,5.190122821975336,202015.4237598776,0.00686139435584425,728.0927304718836,946.5205496134487,10.0,216.0,0.000686139435584425,140.28429681646242,18.432064211667665
,,,,,263567.8227471013,10970.0,5.196984216331181,202744.47903623187,0.00686139435584425,729.0552763542737,947.7718592605559,10.0,216.0,0.000686139435584425,140.28429681646242,18.481720969574464
,,,,,263829.4671335835,10980.0,5.197761657710447,202945.74394891047,0.0007774413792654799,201.26491267859979,261.64438648217975,10.0,532.0,7.7744137926548e-05,38.7214585686206,18.483218938880736
,,,,,264091.1506548291,10990.0,5.198539099089713,203147.03896525322,0.0007774413792654799,201.29501634275655,261.6835212455835,10.0,532.0,7.7744137926548e-05,38.7214585686206,18.484716921315126
,,,,,264492.4985975129,11000.0,5.207529970500511,203455.76815193307,0.008990871410798643,308.72918667985476,401.3479426838112,10.0,616.0,0.0008990871410798642,59.285148319594185,18.495978922903006
,,,,,264894.5394728854,11010.0,5.21652084191131,203765.03036375804,0.008990871410798643,309.2622118249663,402.0408753724562,10.0,616.0,0.0008990871410798642,59.285148319594185,18.507268879542057
,,,,,265187.16552882316,11020.0,5.217429843203963,203990.12732986402,0.0009090012926529559,225.09696610598644,292.6260559377824,10.0,283.0,9.090012926529558e-05,43.14326648765382,18.51090084663013
,,,,,265479.84256723145,11030.0,5.218338844496616,204215.26351325502,0.0009090012926529559,225.136183390993,292.6770384082909,10.0,283.0,9.090012926529558e-05,43.14326648765382,18.51452978361333
,,,,,265688.3464747854,11040.0,5.227329715907414,204375.65113445037,0.008990871410798643,160.3876211953601,208.50390755396816,10.0,622.0,0.0008990871410798642,30.682514766053618,18.512287240439345
,,,,,265835.06667751214,11050.0,5.234662778571583,204488.51282885554,0.0073330626641689035,112.86169440518303,146.72020272673794,10.0,649.0,0.0007333062664168904,21.560451776796278,18.505747767317242
,,,,,266082.85669258726,11060.0,5.236603890639741,204679.1205327595,0.0019411120681574875,190.60770390395004,247.79001507513505,10.0,82.0,0.00019411120681574876,36.3991067272923,18.50624959609037
,,,,,266539.6203697706,11070.0,5.24559476205054,205030.47720751594,0.008990871410798643,351.35667475645573,456.7636771833925,10.0,840.0,0.0008990871410798642,66.98128442905261,18.521271653795477
,,,,,266997.1669331038,11080.0,5.254585633461338,205382.43610238764,0.008990871410798643,351.95889487168745,457.5465633331937,10.0,840.0,0.0008990871410798642,66.98128442905261,18.53632094786892
,,,,,267894.653111406,11090.0,5.263576504872137,206072.810085697,0.008990871410798643,690.3739833093764,897.4861783021894,10.0,1115.0,0.0008990871410798642,131.16062484706814,18.581858438746348
,,,,,268353.7654470388,11100.0,5.272567376282935,206425.97342079916,0.008990871410798643,353.16333510215094,459.11233563279626,10.0,840.0,0.0008990871410798642,66.98128442905261,18.59693454241434
,,,,,268813.6606688214,11110.0,5.2815582476937335,206779.73897601655,0.008990871410798643,353.76555521738265,459.89522178259745,10.0,840.0,0.0008990871410798642,66.98128442905261,18.61203771161265
,,,,,269715.745915541,11120.0,5.290549119104532,207473.6507042624,0.008990871410798643,693.9117282458564,902.0852467196133,10.0,1115.0,0.0008990871410798642,131.16062484706814,18.657702401462448
,,,,,270619.3641850664,11130.0,5.29953999051533,208168.7416808204,0.008990871410798643,695.0909765580162,903.6182695254212,10.0,1115.0,0.0008990871410798642,131.16062484706814,18.703390986596624
,,,,,271129.14269793866,11140.0,5.308530861926129,208560.87899841447,0.008990871410798643,392.13731759403913,509.7785128722509,10.0,1113.0,0.0008990871410798642,73.86927340039188,18.721802423556056
,,,,,271309.6480929605,11150.0,5.313218388970378,208699.7293022774,0.004687527044248787,138.85030386294736,180.50539502183156,10.0,1112.0,0.00046875270442487874,26.13299392157198,18.717464511415013
,,,,,271800.73986462713,11160.0,5.321760657843975,209077.49220355946,0.008542268873597676,377.76290128204084,491.09177166665313,10.0,807.0,0.0008542268873597676,70.98457175544706,18.734542312146907
,,,,,272113.2580241559,11170.0,5.330751529254774,209317.8907878124,0.008990871410798643,240.3985842529265,312.51815952880446,10.0,1108.0,0.0008990871410798642,45.09656526544835,18.739291923707466
,,,,,272253.13646762545,11180.0,5.331394452308484,209425.48959048127,0.0006429230537111962,107.59880266887824,139.8784434695417,10.0,1128.0,6.429230537111961e-05,20.182112509474543,18.732154703978647
,,,,,272393.03177930403,11190.0,5.332037375362195,209533.10136869556,0.0006429230537111962,107.61177821428316,139.8953116785681,10.0,1128.0,6.429230537111961e-05,20.182112509474543,18.72503140024089
,,,,,272532.9439591916,11200.0,5.332680298415906,209640.72612245523,0.0006429230537111962,107.62475375968809,139.91217988759453,10.0,1128.0,6.429230537111961e-05,20.182112509474543,18.717921975219216
,,,,,273334.8029208569,11210.0,5.333711628348261,210257.54070835162,0.0010313299323549895,616.8145858963765,801.8589616652894,10.0,1176.0,0.00010313299323549896,115.64453215244242,18.756248056052776
,,,,,274136.81693048996,11220.0,5.334742958280615,210874.47456191553,0.0010313299323549895,616.9338535638984,802.014009633068,10.0,1176.0,0.00010313299323549896,115.64453215244242,18.794516449368587
,,,,,274938.9859880908,11230.0,5.33577428821297,211491.52768314694,0.0010313299323549895,617.0531212314204,802.1690576008465,10.0,1176.0,0.00010313299323549896,115.64453215244242,18.83272730927399
,,,,,274950.57789416553,11240.0,5.33743030124464,211500.44453397364,0.0016560130316706097,8.916850826692864,11.591906074700724,10.0,1165.0,0.00016560130316706098,1.670626185903268,18.816765527933597
,,,,,274962.1733967926,11250.0,5.339086314276311,211509.36415137906,0.0016560130316706097,8.91961740542777,11.595502627056101,10.0,1165.0,0.00016560130316706098,1.670626185903268,18.800832369011474
,,,,,274973.77249597205,11260.0,5.340742327307981,211518.28653536324,0.0016560130316706097,8.922383984162677,11.59909917941148,10.0,1165.0,0.00016560130316706098,1.670626185903268,18.784927756248955
,,,,,274985.37519170385,11270.0,5.342398340339652,211527.21168592613,0.0016560130316706097,8.925150562897581,11.602695731766856,10.0,1165.0,0.00016560130316706098,1.670626185903268,18.769051613658043
,,,,,274996.98148398794,11280.0,5.344054353371322,211536.13960306777,0.0016560130316706097,8.927917141632488,11.606292284122235,10.0,1165.0,0.00016560130316706098,1.670626185903268,18.75320386552019
,,,,,275008.5913728244,11290.0,5.345710366402993,211545.07028678813,0.0016560130316706097,8.930683720367394,11.609888836477612,10.0,1165.0,0.00016560130316706098,1.670626185903268,18.73738443638513
,,,,,275983.73324418336,11300.0,5.3470641321743635,212295.17941860275,0.00135376577137089,750.1091318146084,975.141871358991,10.0,558.0,0.000135376577137089,140.28429681646242,18.787184019345375
,,,,,276096.78343699133,11310.0,5.34738204493159,212382.1411053781,0.00031791275722651966,86.96168677534595,113.05019280794974,10.0,688.0,3.1791275722651966e-05,16.26247873158247,18.778261813030777
,,,,,276209.8403508636,11320.0,5.347699957688816,212469.1079622029,0.00031791275722651966,86.96685682479884,113.0569138722385,10.0,688.0,3.1791275722651966e-05,16.26247873158247,18.769355827049726
,,,,,276514.48933458986,11330.0,5.349856809698576,212703.45333430005,0.0021568520097599462,234.3453720971448,304.64898372628824,10.0,983.0,0.00021568520097599463,43.80404568442055,18.773473374607242
,,,,,276819.2611408133,11340.0,5.352013661708336,212937.89318524118,0.0021568520097599462,234.43985094111486,304.77180622344935,10.0,983.0,0.00021568520097599463,43.80404568442055,18.777591991643842
,,,,,277124.1557695339,11350.0,5.3541705137180955,213172.42751502627,0.0021568520097599462,234.5343297850849,304.8946287206104,10.0,983.0,0.00021568520097599463,43.80404568442055,18.781711675332712
,,,,,277429.17322075163,11360.0,5.356327365727855,213407.05632365533,0.0021568520097599462,234.62880862905496,305.01745121777145,10.0,983.0,0.00021568520097599463,43.80404568442055,18.785832422856984
,,,,,278213.748107195,11370.0,5.362183824379649,214010.57546707333,0.005856458651793928,603.5191434179924,784.5748864433901,10.0,589.0,0.0005856458651793928,112.55099847081678,18.82239010264497
,,,,,278999.1798889878,11380.0,5.368040283031442,214614.7537607601,0.005856458651793928,604.1782936867547,785.4317817927812,10.0,589.0,0.0005856458651793928,112.55099847081678,18.858941455251326
,,,,,279785.46856613,11390.0,5.373896741683236,215219.5912047156,0.005856458651793928,604.8374439555172,786.2886771421723,10.0,589.0,0.0005856458651793928,112.55099847081678,18.895486497341142
,,,,,280572.61413862155,11400.0,5.3797532003350295,215825.08779893987,0.005856458651793928,605.4965942242795,787.1455724915634,10.0,589.0,0.0005856458651793928,112.55099847081678,18.932025245521043
,,,,,280927.5116966478,11410.0,5.384756495706504,216098.0859204985,0.005003295371473963,272.9981215586367,354.8975580262277,10.0,56.0,0.0005003295371473963,50.698322528847825,18.939358976380237
,,,,,281282.7390109612,11420.0,5.389759791077978,216371.3377007396,0.005003295371473963,273.2517802410868,355.2273143134129,10.0,56.0,0.0005003295371473963,50.698322528847825,18.946702075371242
,,,,,281638.2960815618,11430.0,5.394763086449452,216644.84313966313,0.005003295371473963,273.5054389235369,355.55707060059797,10.0,56.0,0.0005003295371473963,50.698322528847825,18.954054517905785
,,,,,281994.1829084496,11440.0,5.3997663818209265,216918.6022372691,0.005003295371473963,273.759097605987,355.8868268877831,10.0,56.0,0.0005003295371473963,50.698322528847825,18.961416279481565
,,,,,282350.39949162456,11450.0,5.404769677192401,217192.61499355754,0.005003295371473963,274.01275628843706,356.2165831749682,10.0,56.0,0.0005003295371473963,50.698322528847825,18.96878733568188
,,,,,282706.9458310867,11460.0,5.409772972563875,217466.88140852842,0.005003295371473963,274.2664149708872,356.54633946215336,10.0,56.0,0.0005003295371473963,50.698322528847825,18.976167662175254
,,,,,283063.82192683604,11470.0,5.414776267935349,217741.40148218177,0.005003295371473963,274.52007365333725,356.87609574933845,10.0,56.0,0.0005003295371473963,50.698322528847825,18.98355723471506
,,,,,283421.0277788726,11480.0,5.4197795633068235,218016.17521451757,0.005003295371473963,274.7737323357874,357.2058520365236,10.0,56.0,0.0005003295371473963,50.698322528847825,18.990956029139163
,,,,,283496.8741054604,11490.0,5.42000752843953,218074.51854266206,0.0002279651327066997,58.343328144481575,75.84632658782606,10.0,64.0,2.2796513270669968e-05,10.764436735252866,18.979505530257793
,,,,,283572.72362213937,11500.0,5.420235493572237,218132.8643247228,0.0002279651327066997,58.34578206073044,75.84951667894958,10.0,64.0,2.2796513270669968e-05,10.764436735252866,18.968075158671546
,,,,,283587.9621722185,11510.0,5.429226364983036,218144.5862863221,0.008990871410798643,11.721961599316007,15.238550079110809,10.0,1080.0,0.0008990871410798642,2.159048234739174,18.952613925831635
,,,,,283603.22595754015,11520.0,5.438217236393834,218156.32765964646,0.008990871410798643,11.741373324364258,15.263785321673534,10.0,1080.0,0.0008990871410798642,2.159048234739174,18.93718122045542
,,,,,283618.5149781044,11530.0,5.447208107804633,218168.08844469587,0.008990871410798643,11.76078504941251,15.289020564236264,10.0,1080.0,0.0008990871410798642,2.159048234739174,18.921776968317076
,,,,,284006.72768330656,11540.0,5.449780440846959,218466.7136025437,0.0025723330423255164,298.62515784781186,388.21270520215546,10.0,1073.0,0.00025723330423255164,54.795814453288706,18.931257677863403
,,,,,284682.4247839388,11550.0,5.458771312257757,218986.48060303,0.008990871410798643,519.7670004863235,675.6971006322206,10.0,1088.0,0.0008990871410798642,95.21684839941517,18.95986845047879
,,,,,284856.2950439728,11560.0,5.460541379135964,219120.22695690233,0.0017700668782062183,133.74635387231694,173.87026003401203,10.0,52.0,0.00017700668782062183,24.493240612248595,18.95503693398809
,,,,,285567.60240788024,11570.0,5.463538336272896,219667.3864676004,0.0029969571369328806,547.1595106980418,711.3073639074544,10.0,43.0,0.00029969571369328806,100.14746433925487,18.985945243526395
,,,,,286247.4578680158,11580.0,5.464804438269581,220190.3522061662,0.001266101996683835,522.9657385658,679.85546013554,10.0,44.0,0.0001266101996683835,95.69706372354582,19.01471089863266
,,,,,286563.4746163435,11590.0,5.473795309680379,220433.44201257214,0.008990871410798643,243.08980640593086,316.0167483277101,10.0,47.0,0.0008990871410798642,44.40973632609677,19.019278862171884
,,,,,286880.01043156855,11600.0,5.4827861810911775,220676.93110120678,0.008990871410798643,243.48908863462626,316.5358152250141,10.0,47.0,0.0008990871410798642,44.40973632609677,19.023873370793687
,,,,,287197.06531369087,11610.0,5.491777052501976,220920.81947207008,0.008990871410798643,243.88837086332165,317.05488212231813,10.0,47.0,0.0008990871410798642,44.40973632609677,19.028494355906123
,,,,,287514.63926271047,11620.0,5.5007679239127745,221165.1071251621,0.008990871410798643,244.28765309201705,317.5739490196222,10.0,47.0,0.0008990871410798642,44.40973632609677,19.033141749153366
,,,,,287832.7322786274,11630.0,5.509758795323573,221409.7940604828,0.008990871410798643,244.68693532071245,318.0930159169262,10.0,47.0,0.0008990871410798642,44.40973632609677,19.037815482414686
,,,,,288151.3443614416,11640.0,5.518749666734371,221654.8802780322,0.008990871410798643,245.08621754940785,318.61208281423023,10.0,47.0,0.0008990871410798642,44.40973632609677,19.042515487803453
,,,,,288470.47551115317,11650.0,5.52774053814517,221900.36577781028,0.008990871410798643,245.48549977810325,319.13114971153425,10.0,47.0,0.0008990871410798642,44.40973632609677,19.04724169766612
,,,,,288790.125727762,11660.0,5.536731409555968,222146.25055981707,0.008990871410798643,245.88478200679864,319.65021660883826,10.0,47.0,0.0008990871410798642,44.40973632609677,19.051994044581225
,,,,,289082.5272671551,11670.0,5.538192130122003,222371.1748208887,0.001460720566035414,224.9242610716202,292.4015393931063,10.0,491.0,0.0001460720566035414,40.61330047548662,19.05494214403502
,,,,,289375.00592863647,11680.0,5.5396528506880385,222596.15840664358,0.001460720566035414,224.9835857548793,292.4786614813431,10.0,491.0,0.0001460720566035414,40.61330047548662,19.057890274541403
,,,,,289667.56171220605,11690.0,5.5411135712540736,222821.20131708172,0.001460720566035414,225.04291043813842,292.55578356957994,10.0,491.0,0.0001460720566035414,40.61330047548662,19.060838436020678
,,,,,289960.19461786386,11700.0,5.542574291820109,223046.3035522031,0.001460720566035414,225.1022351213975,292.63290565781676,10.0,491.0,0.0001460720566035414,40.61330047548662,19.06378662839343
,,,,,290682.5593516583,11710.0,5.543039155811479,223601.96873204497,0.0004648639913699418,555.6651798418745,722.3647337944369,10.0,678.0,4.648639913699418e-05,100.24558084878392,19.094958901114
,,,,,291404.9846661818,11720.0,5.543504019802849,224157.68051244767,0.0004648639913699418,555.7117804027051,722.4253145235167,10.0,678.0,4.648639913699418e-05,100.24558084878392,19.126081954987
,,,,,292127.4705614344,11730.0,5.543968883794219,224713.4388934112,0.0004648639913699418,555.7583809635357,722.4858952525965,10.0,678.0,4.648639913699418e-05,100.24558084878392,19.15715591589183
,,,,,292470.77291805355,11740.0,5.544202350227314,224977.51762927207,0.0002334664330949695,264.0787358608797,343.3023566191436,10.0,543.0,2.334664330949695e-05,47.63151111359642,19.16333199567905
,,,,,292607.8363765613,11750.0,5.552204833892187,225082.95105889344,0.008002483664872854,105.43342962136423,137.0634585077735,10.0,879.0,0.0008002483664872854,18.989470449247396,19.15599583479944
,,,,,293119.8514698277,11760.0,5.556288232091749,225476.80882294447,0.004083398199561519,393.8577640510471,512.0150932663613,10.0,357.0,0.0004083398199561518,70.88504908298708,19.173198029161945
,,,,,293350.9443251038,11770.0,5.557864191617866,225654.57255777225,0.0015759595261170762,177.76373482776717,231.0928552760973,10.0,845.0,0.00015759595261170763,31.98418109889458,19.172011262342586
,,,,,293357.18622583745,11780.0,5.566855063028664,225659.37401987507,0.008990871410798643,4.80146210283823,6.241900733689699,10.0,893.0,0.0008990871410798642,0.862508911849769,19.156143804743216
,,,,,293363.43820768985,11790.0,5.575845934439463,225664.18323668462,0.008990871410798643,4.809216809555339,6.251981852421942,10.0,893.0,0.0008990871410798642,0.862508911849769,19.140303921686566
,,,,,293369.700270661,11800.0,5.584836805850261,225669.0002082009,0.008990871410798643,4.8169715162724485,6.262062971154183,10.0,893.0,0.0008990871410798642,0.862508911849769,19.124491543067872
,,,,,293375.97241475084,11810.0,5.59382767726106,225673.82493442387,0.008990871410798643,4.8247262229895576,6.272144089886425,10.0,893.0,0.0008990871410798642,0.862508911849769,19.108706599019804
,,,,,293541.7535778344,11820.0,5.596584985397685,225801.3489060266,0.0027573081366254536,127.52397160272724,165.7811630835454,10.0,909.0,0.00027573081366254534,22.786033256969397,19.103329010662147
,,,,,293554.2008178302,11830.0,5.605575856808484,225810.9237060234,0.008990871410798643,9.574799996797223,12.44723999583639,10.0,852.0,0.0008990871410798642,1.7080849927608692,19.087990169570872
,,,,,293566.66802215035,11840.0,5.614566728219282,225820.51386319273,0.008990871410798643,9.590157169325849,12.467204320123605,10.0,852.0,0.0008990871410798642,1.7080849927608692,19.07267853574263
,,,,,293748.28124745,11850.0,5.623557599630081,225960.21634419245,0.008990871410798643,139.70248099973463,181.61322529965503,10.0,956.0,0.0008990871410798642,24.84236686913713,19.068372687273623
,,,,,293930.18483363354,11860.0,5.632548471040879,226100.14217971824,0.008990871410798643,139.92583552579492,181.9035861835334,10.0,956.0,0.0008990871410798642,24.84236686913713,19.064092932522616
,,,,,294112.37878070096,11870.0,5.6415393424516775,226240.2913697701,0.008990871410798643,140.14919005185521,182.19394706741178,10.0,956.0,0.0008990871410798642,24.84236686913713,19.059839205540868
,,,,,294679.31417927437,11880.0,5.641929704857199,226676.3955225189,0.0003903624055209665,436.1041527487896,566.9353985734265,10.0,436.0,3.903624055209665e-05,77.29698446496822,19.0805046736127
,,,,,294887.3071472128,11890.0,5.650920576267997,226836.39011324075,0.008990871410798643,159.99459072185647,207.99296793841341,10.0,437.0,0.0008990871410798642,28.313013528057887,19.077913382106033
,,,,,295496.6620043576,11900.0,5.652895631398319,227305.12461873677,0.0019750551303221934,468.73450549601137,609.3548571448148,10.0,371.0,0.00019750551303221935,82.91936311232826,19.101270976364432
,,,,,295966.1643949035,11910.0,5.653426150501038,227666.28030377207,0.0005305191027183454,361.1556850353095,469.50239054590236,10.0,386.0,5.3051910271834537e-05,63.882621868740934,19.115556700568604
,,,,,296435.710843686,11920.0,5.653956669603756,228027.4698797586,0.0005305191027183454,361.1895759865426,469.54644878250537,10.0,386.0,5.3051910271834537e-05,63.882621868740934,19.129821298637466
,,,,,297123.0998252389,11930.0,5.655362338458464,228556.2306347993,0.0014056688547076576,528.7607550407074,687.3889815529196,10.0,775.0,0.00014056688547076576,93.49723738211206,19.15810818397312
,,,,,297810.6596607928,11940.0,5.656768007313172,229085.1228159946,0.0014056688547076576,528.8921811952966,687.5598355538857,10.0,775.0,0.00014056688547076576,93.49723738211206,19.18635869480692
,,,,,298498.3903503476,11950.0,5.65817367616788,229614.1464233445,0.0014056688547076576,529.0236073498859,687.7306895548517,10.0,775.0,0.00014056688547076576,93.49723738211206,19.214572922455606
,,,,,299186.29189390346,11960.0,5.659579345022587,230143.30145684897,0.0014056688547076576,529.1550335044751,687.9015435558176,10.0,775.0,0.00014056688547076576,93.49723738211206,19.242750957930514
,,,,,299874.36429146025,11970.0,5.660985013877295,230672.58791650803,0.0014056688547076576,529.2864596590643,688.0723975567837,10.0,775.0,0.00014056688547076576,93.49723738211206,19.27089289193885
,,,,,300697.7218712333,11980.0,5.66319730055119,231305.93990094884,0.0022122866738954494,633.351984440805,823.3575797730466,10.0,420.0,0.00022122866738954493,111.83646813420431,19.307674449161006
