start_date,current_date,predicted_end_date,current_running_hour,target_cost,cumulative_cost,cumulative_running_hours,cumulative_supply_dt_increase,cumulative_ea_increase,supply_dt_increase,ea_increase,cost_increase,period,cluster_id,slope_dt_vs_rh,slope_dt_vs_ea
2023-01-01 10:29:04,2026-01-01,2028-11-20 18:50:03.000648160,25785.16583315329,300000.0,300086.17560439743,,,,,,,,,,
,,,,,0.007326952600889424,10.0,0.0005518401065296853,0.0056361173852995565,0.0005518401065296853,0.0056361173852995565,0.007326952600889424,10.0,110.0,5.518401065296853e-05,10.213315992458353
,,,,,0.02198085780266827,20.0,0.0011036802130593706,0.01690835215589867,0.0005518401065296853,0.011272234770599113,0.014653905201778847,10.0,110.0,5.518401065296853e-05,10.213315992458353
,,,,,0.04396171560533654,30.0,0.001655520319589056,0.03381670431179734,0.0005518401065296853,0.01690835215589867,0.02198085780266827,10.0,110.0,5.518401065296853e-05,10.213315992458353
,,,,,0.07326952600889423,40.0,0.002207360426118741,0.056361173852995564,0.0005518401065296853,0.022544469541198226,0.029307810403557694,10.0,110.0,5.518401065296853e-05,10.213315992458353
,,,,,0.10990428901334134,50.0,0.0027592005326484265,0.08454176077949335,0.0005518401065296853,0.028180586926497782,0.03663476300444712,10.0,110.0,5.518401065296853e-05,10.213315992458353
,,,,,0.1538660046186779,60.0,0.003311040639178112,0.1183584650912907,0.0005518401065296853,0.03381670431179734,0.04396171560533654,10.0,110.0,5.518401065296853e-05,10.213315992458353
,,,,,0.20515467282490385,70.0,0.003862880745707797,0.15781128678838757,0.0005518401065296853,0.03945282169709689,0.05128866820622596,10.0,110.0,5.518401065296853e-05,10.213315992458353
,,,,,0.26377029363201926,80.0,0.004414720852237482,0.20290022587078402,0.0005518401065296853,0.04508893908239645,0.05861562080711539,10.0,110.0,5.518401065296853e-05,10.213315992458353
,,,,,0.32971286704002406,90.0,0.004966560958767168,0.25362528233848003,0.0005518401065296853,0.05072505646769601,0.06594257340800481,10.0,110.0,5.518401065296853e-05,10.213315992458353
,,,,,0.4029823930489183,100.0,0.005518401065296854,0.3099864561914756,0.0005518401065296853,0.05636117385299557,0.07326952600889425,10.0,110.0,5.518401065296853e-05,10.213315992458353
,,,,,0.48357887165870195,110.0,0.00607024117182654,0.3719837474297707,0.0005518401065296853,0.06199729123829513,0.08059647860978367,10.0,110.0,5.518401065296853e-05,10.213315992458353
,,,,,0.5715023028693751,120.0,0.006622081278356225,0.4396171560533654,0.0005518401065296853,0.0676334086235947,0.08792343121067311,10.0,110.0,5.518401065296853e-05,10.213315992458353
,,,,,0.6667526866809376,130.0,0.007173921384885911,0.5128866820622596,0.0005518401065296853,0.07326952600889425,0.09525038381156252,10.0,110.0,5.518401065296853e-05,10.213315992458353
,,,,,0.7693300230933895,140.0,0.007725761491415597,0.5917923254564534,0.0005518401065296853,0.07890564339419381,0.10257733641245197,10.0,110.0,5.518401065296853e-05,10.213315992458353
,,,,,0.8792343121067309,150.0,0.008277601597945283,0.6763340862359468,0.0005518401065296853,0.08454176077949338,0.1099042890133414,10.0,110.0,5.518401065296853e-05,10.213315992458353
,,,,,0.9964655537209617,160.0,0.008829441704474968,0.7665119644007398,0.0005518401065296853,0.09017787816479293,0.11723124161423082,10.0,110.0,5.518401065296853e-05,10.213315992458353
,,,,,1.1210237479360818,170.0,0.009381281811004654,0.8623259599508323,0.0005518401065296853,0.0958139955500925,0.12455819421512025,10.0,110.0,5.518401065296853e-05,10.213315992458353
,,,,,1.2529088947520914,180.0,0.00993312191753434,0.9637760728862244,0.0005518401065296853,0.10145011293539206,0.13188514681600969,10.0,110.0,5.518401065296853e-05,10.213315992458353
,,,,,2.795766484050942,190.0,0.010095649826677211,2.150589603116109,0.0001625279091428712,1.1868135302298848,1.5428575892988503,10.0,26.0,1.625279091428712e-05,117.55692309115099
,,,,,3.686428417370457,200.0,0.010279596528853773,2.835714167208044,0.00018394670217656179,0.6851245640919348,0.8906619333195153,10.0,23.0,1.8394670217656178e-05,66.64897422470429
,,,,,4.593028167405683,210.0,0.010463543231030336,3.533098590312064,0.00018394670217656179,0.6973844231040199,0.906599750035226,10.0,23.0,1.8394670217656178e-05,66.64897422470429
,,,,,5.5155657341566195,220.0,0.010647489933206898,4.242742872428169,0.00018394670217656179,0.709644282116105,0.9225375667509365,10.0,23.0,1.8394670217656178e-05,66.64897422470429
,,,,,6.454041117623267,230.0,0.010831436635383461,4.964647013556359,0.00018394670217656179,0.72190414112819,0.938475383466647,10.0,23.0,1.8394670217656178e-05,66.64897422470429
,,,,,7.408454317805624,240.0,0.011015383337560023,5.698811013696634,0.00018394670217656179,0.7341640001402752,0.9544132001823578,10.0,23.0,1.8394670217656178e-05,66.64897422470429
,,,,,8.378805334703692,250.0,0.011199330039736586,6.445234872848994,0.00018394670217656179,0.7464238591523602,0.9703510168980682,10.0,23.0,1.8394670217656178e-05,66.64897422470429
,,,,,9.365094168317471,260.0,0.011383276741913148,7.203918591013439,0.00018394670217656179,0.7586837181644452,0.9862888336137788,10.0,23.0,1.8394670217656178e-05,66.64897422470429
,,,,,10.367320818646961,270.0,0.011567223444089711,7.974862168189969,0.00018394670217656179,0.7709435771765303,1.0022266503294894,10.0,23.0,1.8394670217656178e-05,66.64897422470429
,,,,,11.38548528569216,280.0,0.011751170146266273,8.758065604378585,0.00018394670217656179,0.7832034361886154,1.0181644670452001,10.0,23.0,1.8394670217656178e-05,66.64897422470429
,,,,,12.419587569453071,290.0,0.011935116848442836,9.553528899579286,0.00018394670217656179,0.7954632952007005,1.0341022837609106,10.0,23.0,1.8394670217656178e-05,66.64897422470429
,,,,,13.469627669929693,300.0,0.012119063550619398,10.361252053792072,0.00018394670217656179,0.8077231542127855,1.050040100476621,10.0,23.0,1.8394670217656178e-05,66.64897422470429
,,,,,14.535605587122024,310.0,0.012303010252795961,11.181235067016942,0.00018394670217656179,0.8199830132248707,1.0659779171923318,10.0,23.0,1.8394670217656178e-05,66.64897422470429
,,,,,15.617521321030067,320.0,0.012486956954972523,12.013477939253898,0.00018394670217656179,0.8322428722369557,1.0819157339080425,10.0,23.0,1.8394670217656178e-05,66.64897422470429
,,,,,16.715374871653818,330.0,0.012670903657149086,12.857980670502938,0.00018394670217656179,0.8445027312490407,1.097853550623753,10.0,23.0,1.8394670217656178e-05,66.64897422470429
,,,,,17.82916623899328,340.0,0.012854850359325648,13.714743260764063,0.00018394670217656179,0.8567625902611258,1.1137913673394635,10.0,23.0,1.8394670217656178e-05,66.64897422470429
,,,,,18.958895423048457,350.0,0.01303879706150221,14.583765710037275,0.00018394670217656179,0.8690224492732109,1.1297291840551742,10.0,23.0,1.8394670217656178e-05,66.64897422470429
,,,,,20.104562423819342,360.0,0.013222743763678773,15.465048018322571,0.00018394670217656179,0.881282308285296,1.145667000770885,10.0,23.0,1.8394670217656178e-05,66.64897422470429
,,,,,21.266167241305936,370.0,0.013406690465855336,16.358590185619953,0.00018394670217656179,0.893542167297381,1.1616048174865954,10.0,23.0,1.8394670217656178e-05,66.64897422470429
,,,,,22.443709875508244,380.0,0.013590637168031898,17.26439221192942,0.00018394670217656179,0.905802026309466,1.1775426342023059,10.0,23.0,1.8394670217656178e-05,66.64897422470429
,,,,,24.545523575516782,390.0,0.01375316507717477,18.88117198116676,0.0001625279091428712,1.616779769237338,2.1018137000085395,10.0,26.0,1.625279091428712e-05,117.55692309115099
,,,,,24.735455575196188,400.0,0.014305005183704455,19.027273519381687,0.0005518401065296853,0.14610153821492836,0.18993199967940688,10.0,110.0,5.518401065296853e-05,10.213315992458353
,,,,,24.932714527476485,410.0,0.014856845290234141,19.179011174981916,0.0005518401065296853,0.15173765560022792,0.1972589522802963,10.0,110.0,5.518401065296853e-05,10.213315992458353
,,,,,25.13730043235767,420.0,0.015408685396763827,19.336384947967442,0.0005518401065296853,0.1573737729855275,0.20458590488118575,10.0,110.0,5.518401065296853e-05,10.213315992458353
,,,,,25.349213289839746,430.0,0.01596052550329351,19.49939483833827,0.0005518401065296853,0.16300989037082703,0.21191285748207514,10.0,110.0,5.518401065296853e-05,10.213315992458353
,,,,,25.56845309992271,440.0,0.016512365609823196,19.668040846094396,0.0005518401065296853,0.1686460077561266,0.2192398100829646,10.0,110.0,5.518401065296853e-05,10.213315992458353
,,,,,25.795019862606566,450.0,0.017064205716352882,19.842322971235824,0.0005518401065296853,0.17428212514142616,0.226566762683854,10.0,110.0,5.518401065296853e-05,10.213315992458353
,,,,,26.02891357789131,460.0,0.017616045822882568,20.02224121376255,0.0005518401065296853,0.1799182425267257,0.23389371528474343,10.0,110.0,5.518401065296853e-05,10.213315992458353
,,,,,26.27013424577694,470.0,0.018167885929412254,20.207795573674574,0.0005518401065296853,0.18555435991202526,0.24122066788563284,10.0,110.0,5.518401065296853e-05,10.213315992458353
,,,,,26.518681866263464,480.0,0.01871972603594194,20.3989860509719,0.0005518401065296853,0.19119047729732483,0.2485476204865223,10.0,110.0,5.518401065296853e-05,10.213315992458353
,,,,,26.774556439350874,490.0,0.019271566142471625,20.595812645654522,0.0005518401065296853,0.1968265946826244,0.25587457308741174,10.0,110.0,5.518401065296853e-05,10.213315992458353
,,,,,27.037757965039177,500.0,0.01982340624900131,20.798275357722446,0.0005518401065296853,0.20246271206792396,0.2632015256883012,10.0,110.0,5.518401065296853e-05,10.213315992458353
,,,,,27.308286443328367,510.0,0.020375246355530997,21.00637418717567,0.0005518401065296853,0.2080988294532235,0.2705284782891906,10.0,110.0,5.518401065296853e-05,10.213315992458353
,,,,,27.58614187421845,520.0,0.020927086462060682,21.220109134014194,0.0005518401065296853,0.21373494683852307,0.27785543089007997,10.0,110.0,5.518401065296853e-05,10.213315992458353
,,,,,27.871324257709418,530.0,0.021478926568590368,21.439480198238016,0.0005518401065296853,0.21937106422382263,0.2851823834909694,10.0,110.0,5.518401065296853e-05,10.213315992458353
,,,,,29.748275024642712,540.0,0.02166287327076693,22.883288480494397,0.00018394670217656179,1.4438082822563805,1.8769507669332948,10.0,23.0,1.8394670217656178e-05,66.64897422470429
,,,,,31.641163608291716,550.0,0.02184681997294349,24.33935662176286,0.00018394670217656179,1.4560681412684655,1.8928885836490053,10.0,23.0,1.8394670217656178e-05,66.64897422470429
,,,,,33.54999000865643,560.0,0.02203076667512005,25.80768462204341,0.00018394670217656179,1.4683280002805505,1.9088264003647157,10.0,23.0,1.8394670217656178e-05,66.64897422470429
,,,,,35.47475422573685,570.0,0.02221471337729661,27.288272481336048,0.00018394670217656179,1.4805878592926354,1.924764217080426,10.0,23.0,1.8394670217656178e-05,66.64897422470429
,,,,,37.41545625953299,580.0,0.022398660079473172,28.781120199640768,0.00018394670217656179,1.4928477183047204,1.9407020337961365,10.0,23.0,1.8394670217656178e-05,66.64897422470429
,,,,,39.372096110044836,590.0,0.022582606781649733,30.286227776957574,0.00018394670217656179,1.5051075773168052,1.956639850511847,10.0,23.0,1.8394670217656178e-05,66.64897422470429
,,,,,41.34467377727239,600.0,0.022766553483826293,31.803595213286464,0.00018394670217656179,1.5173674363288903,1.9725776672275575,10.0,23.0,1.8394670217656178e-05,66.64897422470429
,,,,,43.33318926121566,610.0,0.022950500186002854,33.333222508627436,0.00018394670217656179,1.5296272953409753,1.988515483943268,10.0,23.0,1.8394670217656178e-05,66.64897422470429
,,,,,45.33764256187464,620.0,0.023134446888179415,34.8751096629805,0.00018394670217656179,1.5418871543530601,2.0044533006589784,10.0,23.0,1.8394670217656178e-05,66.64897422470429
,,,,,47.358033679249324,630.0,0.023318393590355976,36.429256676345645,0.00018394670217656179,1.5541470133651452,2.0203911173746887,10.0,23.0,1.8394670217656178e-05,66.64897422470429
,,,,,49.39436261333972,640.0,0.023502340292532536,37.995663548722874,0.00018394670217656179,1.5664068723772302,2.0363289340903994,10.0,23.0,1.8394670217656178e-05,66.64897422470429
,,,,,51.446629364145835,650.0,0.023686286994709097,39.574330280112186,0.00018394670217656179,1.578666731389315,2.0522667508061097,10.0,23.0,1.8394670217656178e-05,66.64897422470429
,,,,,53.51483393166765,660.0,0.023870233696885658,41.16525687051359,0.00018394670217656179,1.5909265904014,2.0682045675218204,10.0,23.0,1.8394670217656178e-05,66.64897422470429
,,,,,55.59897631590518,670.0,0.02405418039906222,42.76844331992707,0.00018394670217656179,1.6031864494134849,2.0841423842375306,10.0,23.0,1.8394670217656178e-05,66.64897422470429
,,,,,57.69905651685843,680.0,0.02423812710123878,44.38388962835264,0.00018394670217656179,1.61544630842557,2.100080200953241,10.0,23.0,1.8394670217656178e-05,66.64897422470429
,,,,,59.815074534527376,690.0,0.02442207380341534,46.0115957957903,0.00018394670217656179,1.627706167437655,2.1160180176689516,10.0,23.0,1.8394670217656178e-05,66.64897422470429
,,,,,61.94703036891204,700.0,0.0246060205055919,47.65156182224004,0.00018394670217656179,1.6399660264497398,2.131955834384662,10.0,23.0,1.8394670217656178e-05,66.64897422470429
,,,,,64.09492402001241,710.0,0.02478996720776846,49.303787707701865,0.00018394670217656179,1.6522258854618248,2.147893651100372,10.0,23.0,1.8394670217656178e-05,66.64897422470429
,,,,,66.2587554878285,720.0,0.024973913909945022,50.96827345217577,0.00018394670217656179,1.6644857444739096,2.1638314678160824,10.0,23.0,1.8394670217656178e-05,66.64897422470429
,,,,,68.43852477236028,730.0,0.025157860612121583,52.64501905566177,0.00018394670217656179,1.6767456034859947,2.179769284531793,10.0,23.0,1.8394670217656178e-05,66.64897422470429
,,,,,70.63423187360779,740.0,0.025341807314298144,54.33402451815985,0.00018394670217656179,1.6890054624980797,2.195707101247504,10.0,23.0,1.8394670217656178e-05,66.64897422470429
,,,,,72.845876791571,750.0,0.025525754016474705,56.035289839670014,0.00018394670217656179,1.7012653215101645,2.211644917963214,10.0,23.0,1.8394670217656178e-05,66.64897422470429
,,,,,75.07345952624992,760.0,0.025709700718651265,57.74881502019226,0.00018394670217656179,1.7135251805222496,2.2275827346789243,10.0,23.0,1.8394670217656178e-05,66.64897422470429
,,,,,77.31698007764456,770.0,0.025893647420827826,59.4746000597266,0.00018394670217656179,1.7257850395343346,2.243520551394635,10.0,23.0,1.8394670217656178e-05,66.64897422470429
,,,,,79.5764384457549,780.0,0.026077594123004387,61.21264495827302,0.00018394670217656179,1.7380448985464194,2.2594583681103453,10.0,23.0,1.8394670217656178e-05,66.64897422470429
,,,,,81.85183463058095,790.0,0.026261540825180948,62.96294971583152,0.00018394670217656179,1.7503047575585045,2.275396184826056,10.0,23.0,1.8394670217656178e-05,66.64897422470429
,,,,,84.14316863212272,800.0,0.02644548752735751,64.72551433240211,0.00018394670217656179,1.7625646165705893,2.2913340015417663,10.0,23.0,1.8394670217656178e-05,66.64897422470429
,,,,,86.4504404503802,810.0,0.02662943422953407,66.50033880798479,0.00018394670217656179,1.7748244755826743,2.3072718182574765,10.0,23.0,1.8394670217656178e-05,66.64897422470429
,,,,,88.77365008535338,820.0,0.02681338093171063,68.28742314257956,0.00018394670217656179,1.7870843345947593,2.323209634973187,10.0,23.0,1.8394670217656178e-05,66.64897422470429
,,,,,91.11279753704228,830.0,0.02699732763388719,70.0867673361864,0.00018394670217656179,1.7993441936068442,2.3391474516888975,10.0,23.0,1.8394670217656178e-05,66.64897422470429
,,,,,93.46788280544689,840.0,0.02718127433606375,71.89837138880533,0.00018394670217656179,1.8116040526189292,2.355085268404608,10.0,23.0,1.8394670217656178e-05,66.64897422470429
,,,,,95.8389058905672,850.0,0.027365221038240312,73.72223530043634,0.00018394670217656179,1.8238639116310142,2.3710230851203185,10.0,23.0,1.8394670217656178e-05,66.64897422470429
,,,,,98.22586679240324,860.0,0.027549167740416873,75.55835907107944,0.00018394670217656179,1.836123770643099,2.3869609018360287,10.0,23.0,1.8394670217656178e-05,66.64897422470429
,,,,,100.62876551095498,870.0,0.027733114442593434,77.40674270073463,0.00018394670217656179,1.848383629655184,2.4028987185517394,10.0,23.0,1.8394670217656178e-05,66.64897422470429
,,,,,103.04760204622242,880.0,0.027917061144769995,79.26738618940189,0.00018394670217656179,1.860643488667269,2.4188365352674497,10.0,23.0,1.8394670217656178e-05,66.64897422470429
,,,,,105.48237639820559,890.0,0.028101007846946555,81.14028953708124,0.00018394670217656179,1.872903347679354,2.4347743519831604,10.0,23.0,1.8394670217656178e-05,66.64897422470429
,,,,,107.93308856690446,900.0,0.028284954549123116,83.02545274377269,0.00018394670217656179,1.885163206691439,2.4507121686988707,10.0,23.0,1.8394670217656178e-05,66.64897422470429
,,,,,110.39973855231904,910.0,0.028468901251299677,84.92287580947621,0.00018394670217656179,1.8974230657035238,2.466649985414581,10.0,23.0,1.8394670217656178e-05,66.64897422470429
,,,,,112.88232635444933,920.0,0.028652847953476238,86.83255873419182,0.00018394670217656179,1.9096829247156089,2.4825878021302916,10.0,23.0,1.8394670217656178e-05,66.64897422470429
,,,,,115.38085197329534,930.0,0.0288367946556528,88.75450151791951,0.00018394670217656179,1.9219427837276937,2.498525618846002,10.0,23.0,1.8394670217656178e-05,66.64897422470429
,,,,,117.89531540885704,940.0,0.02902074135782936,90.68870416065928,0.00018394670217656179,1.9342026427397787,2.5144634355617126,10.0,23.0,1.8394670217656178e-05,66.64897422470429
,,,,,120.42571666113447,950.0,0.02920468806000592,92.63516666241115,0.00018394670217656179,1.9464625017518637,2.530401252277423,10.0,23.0,1.8394670217656178e-05,66.64897422470429
,,,,,122.97205573012761,960.0,0.02938863476218248,94.5938890231751,0.00018394670217656179,1.9587223607639486,2.546339068993133,10.0,23.0,1.8394670217656178e-05,66.64897422470429
,,,,,125.53433261583645,970.0,0.02957258146435904,96.56487124295113,0.00018394670217656179,1.9709822197760336,2.562276885708844,10.0,23.0,1.8394670217656178e-05,66.64897422470429
,,,,,128.112547318261,980.0,0.029756528166535602,98.54811332173925,0.00018394670217656179,1.9832420787881186,2.5782147024245545,10.0,23.0,1.8394670217656178e-05,66.64897422470429
,,,,,130.70669983740126,990.0,0.029940474868712163,100.54361525953945,0.00018394670217656179,1.9955019378002035,2.594152519140265,10.0,23.0,1.8394670217656178e-05,66.64897422470429
,,,,,133.31679017325723,1000.0,0.030124421570888724,102.55137705635174,0.00018394670217656179,2.0077617968122885,2.610090335855975,10.0,23.0,1.8394670217656178e-05,66.64897422470429
,,,,,135.9428183258289,1010.0,0.030308368273065284,104.57139871217612,0.00018394670217656179,2.0200216558243733,2.6260281525716853,10.0,23.0,1.8394670217656178e-05,66.64897422470429
,,,,,138.5847842951163,1020.0,0.030492314975241845,106.60368022701257,0.00018394670217656179,2.0322815148364586,2.6419659692873965,10.0,23.0,1.8394670217656178e-05,66.64897422470429
,,,,,141.2426880811194,1030.0,0.030676261677418406,108.64822160086112,0.00018394670217656179,2.0445413738485434,2.6579037860031067,10.0,23.0,1.8394670217656178e-05,66.64897422470429
,,,,,143.91652968383823,1040.0,0.030860208379594967,110.70502283372174,0.00018394670217656179,2.056801232860628,2.673841602718817,10.0,23.0,1.8394670217656178e-05,66.64897422470429
,,,,,146.60630910327276,1050.0,0.031044155081771527,112.77408392559445,0.00018394670217656179,2.069061091872713,2.6897794194345273,10.0,23.0,1.8394670217656178e-05,66.64897422470429
,,,,,149.312026339423,1060.0,0.031228101783948088,114.85540487647926,0.00018394670217656179,2.0813209508847983,2.705717236150238,10.0,23.0,1.8394670217656178e-05,66.64897422470429
,,,,,152.03368139228894,1070.0,0.03141204848612465,116.94898568637613,0.00018394670217656179,2.0935808098968836,2.7216550528659487,10.0,23.0,1.8394670217656178e-05,66.64897422470429
,,,,,154.7712742618706,1080.0,0.03159599518830122,119.0548263552851,0.00018394670217656179,2.1058406689089684,2.737592869581659,10.0,23.0,1.8394670217656178e-05,66.64897422470429
,,,,,157.52480494816797,1090.0,0.03177994189047778,121.17292688320616,0.00018394670217656179,2.1181005279210536,2.7535306862973696,10.0,23.0,1.8394670217656178e-05,66.64897422470429
,,,,,160.29427345118106,1100.0,0.031963888592654345,123.3032872701393,0.00018394670217656179,2.130360386933139,2.769468503013081,10.0,23.0,1.8394670217656178e-05,66.64897422470429
,,,,,163.07967977090985,1110.0,0.03214783529483091,125.44590751608452,0.00018394670217656179,2.142620245945224,2.7854063197287915,10.0,23.0,1.8394670217656178e-05,66.64897422470429
,,,,,165.88102390735435,1120.0,0.032331781997007474,127.60078762104183,0.00018394670217656179,2.1548801049573094,2.801344136444502,10.0,23.0,1.8394670217656178e-05,66.64897422470429
,,,,,168.69830586051455,1130.0,0.03251572869918404,129.76792758501122,0.00018394670217656179,2.1671399639693947,2.8172819531602133,10.0,23.0,1.8394670217656178e-05,66.64897422470429
,,,,,171.53152563039046,1140.0,0.0326996754013606,131.9473274079927,0.00018394670217656179,2.1793998229814795,2.8332197698759236,10.0,23.0,1.8394670217656178e-05,66.64897422470429
,,,,,174.3806832169821,1150.0,0.032883622103537166,134.13898708998627,0.00018394670217656179,2.1916596819935648,2.8491575865916343,10.0,23.0,1.8394670217656178e-05,66.64897422470429
,,,,,177.24577862028946,1160.0,0.03306756880571373,136.34290663099193,0.00018394670217656179,2.20391954100565,2.865095403307345,10.0,23.0,1.8394670217656178e-05,66.64897422470429
,,,,,180.1268118403125,1170.0,0.033251515507890295,138.55908603100966,0.00018394670217656179,2.2161794000177353,2.881033220023056,10.0,23.0,1.8394670217656178e-05,66.64897422470429
,,,,,183.02378287705127,1180.0,0.03343546221006686,140.78752529003947,0.00018394670217656179,2.2284392590298205,2.896971036738767,10.0,23.0,1.8394670217656178e-05,66.64897422470429
,,,,,185.93669173050574,1190.0,0.03361940891224342,143.02822440808137,0.00018394670217656179,2.240699118041906,2.9129088534544776,10.0,23.0,1.8394670217656178e-05,66.64897422470429
,,,,,188.86553840067592,1200.0,0.03380335561441999,145.28118338513536,0.00018394670217656179,2.2529589770539906,2.928846670170188,10.0,23.0,1.8394670217656178e-05,66.64897422470429
,,,,,191.81032288756182,1210.0,0.03398730231659655,147.54640222120145,0.00018394670217656179,2.265218836066076,2.9447844868858986,10.0,23.0,1.8394670217656178e-05,66.64897422470429
,,,,,194.77104519116344,1220.0,0.034171249018773116,149.82388091627962,0.00018394670217656179,2.277478695078161,2.9607223036016097,10.0,23.0,1.8394670217656178e-05,66.64897422470429
,,,,,197.74770531148076,1230.0,0.03435519572094968,152.11361947036985,0.00018394670217656179,2.2897385540902464,2.9766601203173204,10.0,23.0,1.8394670217656178e-05,66.64897422470429
,,,,,200.74030324851378,1240.0,0.034539142423126244,154.41561788347218,0.00018394670217656179,2.3019984131023317,2.992597937033031,10.0,23.0,1.8394670217656178e-05,66.64897422470429
,,,,,203.7488390022625,1250.0,0.03472308912530281,156.7298761555866,0.00018394670217656179,2.3142582721144165,3.0085357537487414,10.0,23.0,1.8394670217656178e-05,66.64897422470429
,,,,,206.77331257272698,1260.0,0.03490703582747937,159.0563942867131,0.00018394670217656179,2.3265181311265017,3.0244735704644525,10.0,23.0,1.8394670217656178e-05,66.64897422470429
,,,,,209.81372395990715,1270.0,0.03509098252965594,161.3951722768517,0.00018394670217656179,2.338777990138587,3.0404113871801632,10.0,23.0,1.8394670217656178e-05,66.64897422470429
,,,,,212.87007316380303,1280.0,0.0352749292318325,163.74621012600238,0.00018394670217656179,2.3510378491506723,3.056349203895874,10.0,23.0,1.8394670217656178e-05,66.64897422470429
,,,,,215.9423601844146,1290.0,0.035458875934009065,166.10950783416513,0.00018394670217656179,2.3632977081627575,3.072287020611585,10.0,23.0,1.8394670217656178e-05,66.64897422470429
,,,,,219.0305850217419,1300.0,0.03564282263618563,168.48506540133997,0.00018394670217656179,2.375557567174843,3.088224837327296,10.0,23.0,1.8394670217656178e-05,66.64897422470429
,,,,,222.1347476757849,1310.0,0.035826769338362194,170.8728828275269,0.00018394670217656179,2.3878174261869276,3.104162654043006,10.0,23.0,1.8394670217656178e-05,66.64897422470429
,,,,,225.25484814654362,1320.0,0.03601071604053876,173.2729601127259,0.00018394670217656179,2.400077285199013,3.1201004707587168,10.0,23.0,1.8394670217656178e-05,66.64897422470429
,,,,,228.39088643401806,1330.0,0.03619466274271532,175.68529725693702,0.00018394670217656179,2.412337144211098,3.1360382874744275,10.0,23.0,1.8394670217656178e-05,66.64897422470429
,,,,,231.5428625382082,1340.0,0.036378609444891886,178.1098942601602,0.00018394670217656179,2.4245970032231834,3.1519761041901386,10.0,23.0,1.8394670217656178e-05,66.64897422470429
,,,,,234.71077645911404,1350.0,0.03656255614706845,180.54675112239545,0.00018394670217656179,2.4368568622352687,3.1679139209058493,10.0,23.0,1.8394670217656178e-05,66.64897422470429
,,,,,237.8946281967356,1360.0,0.036746502849245015,182.9958678436428,0.00018394670217656179,2.449116721247354,3.18385173762156,10.0,23.0,1.8394670217656178e-05,66.64897422470429
,,,,,241.09441775107285,1370.0,0.03693044955142158,185.45724442390224,0.00018394670217656179,2.4613765802594387,3.1997895543372703,10.0,23.0,1.8394670217656178e-05,66.64897422470429
,,,,,244.31014512212585,1380.0,0.03711439625359814,187.93088086317377,0.00018394670217656179,2.473636439271524,3.2157273710529815,10.0,23.0,1.8394670217656178e-05,66.64897422470429
,,,,,247.54181030989454,1390.0,0.03729834295577471,190.4167771614574,0.00018394670217656179,2.4858962982836093,3.231665187768692,10.0,23.0,1.8394670217656178e-05,66.64897422470429
,,,,,250.78941331437895,1400.0,0.03748228965795127,192.91493331875307,0.00018394670217656179,2.4981561572956945,3.247603004484403,10.0,23.0,1.8394670217656178e-05,66.64897422470429
,,,,,254.05295413557906,1410.0,0.037666236360127836,195.42534933506084,0.00018394670217656179,2.5104160163077798,3.263540821200114,10.0,23.0,1.8394670217656178e-05,66.64897422470429
,,,,,257.3324327734949,1420.0,0.0378501830623044,197.9480252103807,0.00018394670217656179,2.522675875319865,3.2794786379158247,10.0,23.0,1.8394670217656178e-05,66.64897422470429
,,,,,260.6278492281264,1430.0,0.038034129764480964,200.48296094471266,0.00018394670217656179,2.53493573433195,3.295416454631535,10.0,23.0,1.8394670217656178e-05,66.64897422470429
,,,,,263.93920349947365,1440.0,0.03821807646665753,203.0301565380567,0.00018394670217656179,2.547195593344035,3.3113542713472457,10.0,23.0,1.8394670217656178e-05,66.64897422470429
,,,,,267.2664955875366,1450.0,0.03840202316883409,205.58961199041283,0.00018394670217656179,2.5594554523561204,3.3272920880629564,10.0,23.0,1.8394670217656178e-05,66.64897422470429
,,,,,270.6097254923153,1460.0,0.03858596987101066,208.16132730178103,0.00018394670217656179,2.5717153113682056,3.3432299047786675,10.0,23.0,1.8394670217656178e-05,66.64897422470429
,,,,,273.9688932138097,1470.0,0.03876991657318722,210.7453024721613,0.00018394670217656179,2.583975170380291,3.3591677214943783,10.0,23.0,1.8394670217656178e-05,66.64897422470429
,,,,,277.3439987520198,1480.0,0.038953863275363786,213.3415375015537,0.00018394670217656179,2.596235029392376,3.375105538210089,10.0,23.0,1.8394670217656178e-05,66.64897422470429
,,,,,280.73504210694557,1490.0,0.03913780997754035,215.95003238995815,0.00018394670217656179,2.608494888404461,3.3910433549257992,10.0,23.0,1.8394670217656178e-05,66.64897422470429
,,,,,284.1420232785871,1500.0,0.039321756679716914,218.5707871373747,0.00018394670217656179,2.6207547474165462,3.4069811716415104,10.0,23.0,1.8394670217656178e-05,66.64897422470429
,,,,,287.5649422669443,1510.0,0.03950570338189348,221.20380174380335,0.00018394670217656179,2.6330146064286315,3.422918988357221,10.0,23.0,1.8394670217656178e-05,66.64897422470429
,,,,,291.0037990720172,1520.0,0.03968965008407004,223.84907620924406,0.00018394670217656179,2.6452744654407168,3.438856805072932,10.0,23.0,1.8394670217656178e-05,66.64897422470429
,,,,,294.4585936938059,1530.0,0.03987359678624661,226.50661053369686,0.00018394670217656179,2.657534324452802,3.454794621788643,10.0,23.0,1.8394670217656178e-05,66.64897422470429
,,,,,297.9293261323102,1540.0,0.04005754348842317,229.17640471716174,0.00018394670217656179,2.6697941834648873,3.4707324385043536,10.0,23.0,1.8394670217656178e-05,66.64897422470429
,,,,,301.4159963875303,1550.0,0.040241490190599735,231.85845875963872,0.00018394670217656179,2.682054042476972,3.486670255220064,10.0,23.0,1.8394670217656178e-05,66.64897422470429
,,,,,304.91860445946605,1560.0,0.0404254368927763,234.5527726611278,0.00018394670217656179,2.6943139014890574,3.5026080719357746,10.0,23.0,1.8394670217656178e-05,66.64897422470429
,,,,,308.43715034811754,1570.0,0.040609383594952864,237.25934642162892,0.00018394670217656179,2.7065737605011426,3.5185458886514853,10.0,23.0,1.8394670217656178e-05,66.64897422470429
,,,,,311.97163405348476,1580.0,0.04079333029712943,239.97818004114214,0.00018394670217656179,2.718833619513228,3.5344837053671965,10.0,23.0,1.8394670217656178e-05,66.64897422470429
,,,,,315.52205557556766,1590.0,0.04097727699930599,242.70927351966745,0.00018394670217656179,2.731093478525313,3.550421522082907,10.0,23.0,1.8394670217656178e-05,66.64897422470429
,,,,,319.0884149143663,1600.0,0.041161223701482556,245.45262685720485,0.00018394670217656179,2.7433533375373984,3.566359338798618,10.0,23.0,1.8394670217656178e-05,66.64897422470429
,,,,,322.6707120698806,1610.0,0.04134517040365912,248.20824005375434,0.00018394670217656179,2.7556131965494832,3.582297155514328,10.0,23.0,1.8394670217656178e-05,66.64897422470429
,,,,,326.26894704211065,1620.0,0.041529117105835685,250.97611310931592,0.00018394670217656179,2.7678730555615685,3.5982349722300393,10.0,23.0,1.8394670217656178e-05,66.64897422470429
,,,,,329.8831198310564,1630.0,0.04171306380801225,253.75624602388956,0.00018394670217656179,2.7801329145736537,3.61417278894575,10.0,23.0,1.8394670217656178e-05,66.64897422470429
,,,,,333.51323043671783,1640.0,0.04189701051018881,256.5486387974753,0.00018394670217656179,2.792392773585739,3.6301106056614607,10.0,23.0,1.8394670217656178e-05,66.64897422470429
,,,,,337.159278859095,1650.0,0.04208095721236538,259.3532914300731,0.00018394670217656179,2.8046526325978243,3.646048422377172,10.0,23.0,1.8394670217656178e-05,66.64897422470429
,,,,,340.8212650981879,1660.0,0.04226490391454194,262.170203921683,0.00018394670217656179,2.8169124916099095,3.6619862390928826,10.0,23.0,1.8394670217656178e-05,66.64897422470429
,,,,,344.4991891539965,1670.0,0.042448850616718506,264.999376272305,0.00018394670217656179,2.8291723506219943,3.677924055808593,10.0,23.0,1.8394670217656178e-05,66.64897422470429
,,,,,348.1930510265208,1680.0,0.04263279731889507,267.8408084819391,0.00018394670217656179,2.8414322096340796,3.6938618725243035,10.0,23.0,1.8394670217656178e-05,66.64897422470429
,,,,,351.9028507157608,1690.0,0.042816744021071634,270.6945005505853,0.00018394670217656179,2.853692068646165,3.7097996892400142,10.0,23.0,1.8394670217656178e-05,66.64897422470429
,,,,,355.62858822171654,1700.0,0.0430006907232482,273.5604524782436,0.00018394670217656179,2.86595192765825,3.7257375059557254,10.0,23.0,1.8394670217656178e-05,66.64897422470429
,,,,,359.37026354438797,1710.0,0.04318463742542476,276.43866426491394,0.00018394670217656179,2.8782117866703354,3.741675322671436,10.0,23.0,1.8394670217656178e-05,66.64897422470429
,,,,,363.1278766837751,1720.0,0.04336858412760133,279.32913591059634,0.00018394670217656179,2.89047164568242,3.7576131393871464,10.0,23.0,1.8394670217656178e-05,66.64897422470429
,,,,,366.90142763987797,1730.0,0.04355253082977789,282.2318674152908,0.00018394670217656179,2.9027315046945055,3.773550956102857,10.0,23.0,1.8394670217656178e-05,66.64897422470429
,,,,,370.69091641269654,1740.0,0.043736477531954455,285.1468587789974,0.00018394670217656179,2.9149913637065907,3.789488772818568,10.0,23.0,1.8394670217656178e-05,66.64897422470429
,,,,,374.49634300223084,1750.0,0.04392042423413102,288.07411000171606,0.00018394670217656179,2.927251222718676,3.805426589534279,10.0,23.0,1.8394670217656178e-05,66.64897422470429
,,,,,378.3177074084808,1760.0,0.044104370936307584,291.0136210834468,0.00018394670217656179,2.9395110817307613,3.8213644062499896,10.0,23.0,1.8394670217656178e-05,66.64897422470429
,,,,,382.15500963144655,1770.0,0.04428831763848415,293.96539202418967,0.00018394670217656179,2.9517709407428465,3.837302222965701,10.0,23.0,1.8394670217656178e-05,66.64897422470429
,,,,,386.00824967112794,1780.0,0.04447226434066071,296.9294228239446,0.00018394670217656179,2.9640307997549313,3.853240039681411,10.0,23.0,1.8394670217656178e-05,66.64897422470429
,,,,,389.8774275275251,1790.0,0.04465621104283728,299.90571348271163,0.00018394670217656179,2.9762906587670166,3.8691778563971218,10.0,23.0,1.8394670217656178e-05,66.64897422470429
,,,,,393.7625432006379,1800.0,0.04484015774501384,302.89426400049075,0.00018394670217656179,2.988550517779102,3.8851156731128325,10.0,23.0,1.8394670217656178e-05,66.64897422470429
,,,,,397.6635966904664,1810.0,0.045024104447190405,305.89507437728196,0.00018394670217656179,3.000810376791187,3.9010534898285436,10.0,23.0,1.8394670217656178e-05,66.64897422470429
,,,,,401.5805879970107,1820.0,0.04520805114936697,308.90814461308526,0.00018394670217656179,3.0130702358032724,3.9169913065442543,10.0,23.0,1.8394670217656178e-05,66.64897422470429
,,,,,405.51351712027065,1830.0,0.045391997851543534,311.9334747079006,0.00018394670217656179,3.0253300948153576,3.932929123259965,10.0,23.0,1.8394670217656178e-05,66.64897422470429
,,,,,409.46238406024634,1840.0,0.0455759445537201,314.971064661728,0.00018394670217656179,3.0375899538274425,3.9488669399756753,10.0,23.0,1.8394670217656178e-05,66.64897422470429
,,,,,413.4271888169377,1850.0,0.04575989125589666,318.0209144745675,0.00018394670217656179,3.0498498128395277,3.964804756691386,10.0,23.0,1.8394670217656178e-05,66.64897422470429
,,,,,417.4079313903448,1860.0,0.045943837958073226,321.0830241464191,0.00018394670217656179,3.062109671851613,3.980742573407097,10.0,23.0,1.8394670217656178e-05,66.64897422470429
,,,,,421.40461178046763,1870.0,0.04612778466024979,324.1573936772828,0.00018394670217656179,3.0743695308636982,3.996680390122808,10.0,23.0,1.8394670217656178e-05,66.64897422470429
,,,,,425.41722998730614,1880.0,0.046311731362426355,327.2440230671586,0.00018394670217656179,3.0866293898757835,4.0126182068385186,10.0,23.0,1.8394670217656178e-05,66.64897422470429
,,,,,429.4457860108604,1890.0,0.04649567806460292,330.34291231604647,0.00018394670217656179,3.0988892488878688,4.02855602355423,10.0,23.0,1.8394670217656178e-05,66.64897422470429
,,,,,433.4902798511303,1900.0,0.04667962476677948,333.4540614239464,0.00018394670217656179,3.1111491078999536,4.04449384026994,10.0,23.0,1.8394670217656178e-05,66.64897422470429
,,,,,437.55071150811597,1910.0,0.04686357146895605,336.5774703908585,0.00018394670217656179,3.123408966912039,4.06043165698565,10.0,23.0,1.8394670217656178e-05,66.64897422470429
,,,,,441.6270809818173,1920.0,0.04704751817113261,339.7131392167826,0.00018394670217656179,3.135668825924124,4.076369473701361,10.0,23.0,1.8394670217656178e-05,66.64897422470429
,,,,,445.71938827223437,1930.0,0.047231464873309176,342.86106790171885,0.00018394670217656179,3.1479286849362094,4.0923072904170725,10.0,23.0,1.8394670217656178e-05,66.64897422470429
,,,,,449.82763337936717,1940.0,0.04741541157548574,346.0212564456672,0.00018394670217656179,3.1601885439482946,4.108245107132783,10.0,23.0,1.8394670217656178e-05,66.64897422470429
,,,,,452.2271798550547,1950.0,0.04744852259792282,347.8670614269653,3.31110224370807e-05,1.845804981298093,2.399546475687521,10.0,88.0,3.3111022437080697e-06,38.90121083304073
,,,,,454.62840080726636,1960.0,0.047481633620359905,349.7141544671281,3.31110224370807e-05,1.8470930401628156,2.4012209522116605,10.0,88.0,3.3111022437080697e-06,38.90121083304073
,,,,,457.03129623600216,1970.0,0.04751474464279699,351.56253556615565,3.31110224370807e-05,1.848381099027538,2.4028954287357993,10.0,88.0,3.3111022437080697e-06,38.90121083304073
,,,,,459.4358661412621,1980.0,0.04754785566523407,353.4122047240479,3.31110224370807e-05,1.8496691578922606,2.404569905259939,10.0,88.0,3.3111022437080697e-06,38.90121083304073
,,,,,461.8421105230462,1990.0,0.04758096668767115,355.2631619408049,3.31110224370807e-05,1.850957216756983,2.406244381784078,10.0,88.0,3.3111022437080697e-06,38.90121083304073
,,,,,464.2500293813544,2000.0,0.047614077710108234,357.1154072164266,3.31110224370807e-05,1.8522452756217056,2.4079188583082174,10.0,88.0,3.3111022437080697e-06,38.90121083304073
,,,,,466.6596227161868,2010.0,0.047647188732545316,358.96894055091303,3.31110224370807e-05,1.853533334486428,2.4095933348323566,10.0,88.0,3.3111022437080697e-06,38.90121083304073
,,,,,469.07089052754327,2020.0,0.0476802997549824,360.82376194426416,3.31110224370807e-05,1.8548213933511504,2.4112678113564954,10.0,88.0,3.3111022437080697e-06,38.90121083304073
,,,,,471.4838328154239,2030.0,0.04771341077741948,362.67987139648005,3.31110224370807e-05,1.856109452215873,2.412942287880635,10.0,88.0,3.3111022437080697e-06,38.90121083304073
,,,,,473.8984495798287,2040.0,0.04774652179985656,364.53726890756064,3.31110224370807e-05,1.8573975110805954,2.4146167644047742,10.0,88.0,3.3111022437080697e-06,38.90121083304073
,,,,,476.3147408207576,2050.0,0.047779632822293645,366.39595447750594,3.31110224370807e-05,1.858685569945318,2.4162912409289135,10.0,88.0,3.3111022437080697e-06,38.90121083304073
,,,,,478.73270653821066,2060.0,0.04781274384473073,368.255928106316,3.31110224370807e-05,1.8599736288100404,2.4179657174530527,10.0,88.0,3.3111022437080697e-06,38.90121083304073
,,,,,481.1523467321879,2070.0,0.04784585486716781,370.11718979399075,3.31110224370807e-05,1.861261687674763,2.419640193977192,10.0,88.0,3.3111022437080697e-06,38.90121083304073
,,,,,483.5736614026892,2080.0,0.04787896588960489,371.9797395405302,3.31110224370807e-05,1.8625497465394854,2.421314670501331,10.0,88.0,3.3111022437080697e-06,38.90121083304073
,,,,,485.9966505497147,2090.0,0.047912076912041975,373.8435773459344,3.31110224370807e-05,1.8638378054042077,2.4229891470254703,10.0,88.0,3.3111022437080697e-06,38.90121083304073
,,,,,488.4213141732643,2100.0,0.04794518793447906,375.70870321020334,3.31110224370807e-05,1.8651258642689303,2.4246636235496095,10.0,88.0,3.3111022437080697e-06,38.90121083304073
,,,,,490.84765227333804,2110.0,0.04797829895691614,377.575117133337,3.31110224370807e-05,1.8664139231336527,2.4263381000737487,10.0,88.0,3.3111022437080697e-06,38.90121083304073
,,,,,493.27566484993594,2120.0,0.04801140997935322,379.4428191153354,3.31110224370807e-05,1.8677019819983753,2.428012576597888,10.0,88.0,3.3111022437080697e-06,38.90121083304073
,,,,,495.705351903058,2130.0,0.048044521001790304,381.3118091561985,3.31110224370807e-05,1.8689900408630977,2.429687053122027,10.0,88.0,3.3111022437080697e-06,38.90121083304073
,,,,,498.13671343270414,2140.0,0.048077632024227386,383.1820872559263,3.31110224370807e-05,1.8702780997278203,2.4313615296461664,10.0,88.0,3.3111022437080697e-06,38.90121083304073
,,,,,500.56974943887445,2150.0,0.04811074304666447,385.05365341451886,3.31110224370807e-05,1.8715661585925427,2.4330360061703056,10.0,88.0,3.3111022437080697e-06,38.90121083304073
,,,,,503.0044599215689,2160.0,0.04814385406910155,386.9265076319761,3.31110224370807e-05,1.872854217457265,2.434710482694445,10.0,88.0,3.3111022437080697e-06,38.90121083304073
,,,,,505.4408448807875,2170.0,0.04817696509153863,388.8006499082981,3.31110224370807e-05,1.8741422763219877,2.436384959218584,10.0,88.0,3.3111022437080697e-06,38.90121083304073
,,,,,507.8789043165302,2180.0,0.048210076113975715,390.6760802434848,3.31110224370807e-05,1.87543033518671,2.438059435742723,10.0,88.0,3.3111022437080697e-06,38.90121083304073
,,,,,510.3186382287971,2190.0,0.0482431871364128,392.5527986375362,3.31110224370807e-05,1.8767183940514327,2.4397339122668624,10.0,88.0,3.3111022437080697e-06,38.90121083304073
,,,,,512.7600466175882,2200.0,0.04827629815884988,394.4308050904524,3.31110224370807e-05,1.878006452916155,2.4414083887910016,10.0,88.0,3.3111022437080697e-06,38.90121083304073
,,,,,515.2031294829033,2210.0,0.04830940918128696,396.31009960223327,3.31110224370807e-05,1.8792945117808777,2.4430828653151413,10.0,88.0,3.3111022437080697e-06,38.90121083304073
,,,,,517.6478868247425,2220.0,0.048342520203724045,398.19068217287884,3.31110224370807e-05,1.8805825706456,2.44475734183928,10.0,88.0,3.3111022437080697e-06,38.90121083304073
,,,,,520.0943186431059,2230.0,0.04837563122616113,400.07255280238917,3.31110224370807e-05,1.8818706295103225,2.4464318183634193,10.0,88.0,3.3111022437080697e-06,38.90121083304073
,,,,,522.5424249379935,2240.0,0.04840874224859821,401.9557114907642,3.31110224370807e-05,1.883158688375045,2.4481062948875585,10.0,88.0,3.3111022437080697e-06,38.90121083304073
,,,,,524.9922057094052,2250.0,0.04844185327103529,403.840158238004,3.31110224370807e-05,1.8844467472397675,2.4497807714116977,10.0,88.0,3.3111022437080697e-06,38.90121083304073
,,,,,527.4436609573411,2260.0,0.048474964293472374,405.7258930441085,3.31110224370807e-05,1.88573480610449,2.4514552479358374,10.0,88.0,3.3111022437080697e-06,38.90121083304073
,,,,,529.896790681801,2270.0,0.048508075315909456,407.6129159090777,3.31110224370807e-05,1.8870228649692125,2.453129724459976,10.0,88.0,3.3111022437080697e-06,38.90121083304073
,,,,,532.3515948827851,2280.0,0.04854118633834654,409.50122683291164,3.31110224370807e-05,1.888310923833935,2.454804200984116,10.0,88.0,3.3111022437080697e-06,38.90121083304073
,,,,,534.8080735602933,2290.0,0.04857429736078362,411.3908258156103,3.31110224370807e-05,1.8895989826986574,2.4564786775082545,10.0,88.0,3.3111022437080697e-06,38.90121083304073
,,,,,537.2662267143257,2300.0,0.0486074083832207,413.28171285717366,3.31110224370807e-05,1.8908870415633798,2.4581531540323938,10.0,88.0,3.3111022437080697e-06,38.90121083304073
,,,,,539.7260543448823,2310.0,0.048640519405657785,415.1738879576018,3.31110224370807e-05,1.8921751004281024,2.4598276305565334,10.0,88.0,3.3111022437080697e-06,38.90121083304073
,,,,,542.187556451963,2320.0,0.04867363042809487,417.0673511168946,3.31110224370807e-05,1.8934631592928248,2.461502107080672,10.0,88.0,3.3111022437080697e-06,38.90121083304073
,,,,,544.6507330355678,2330.0,0.04870674145053195,418.9621023350521,3.31110224370807e-05,1.8947512181575474,2.463176583604812,10.0,88.0,3.3111022437080697e-06,38.90121083304073
,,,,,547.1155840956967,2340.0,0.04873985247296903,420.8581416120744,3.31110224370807e-05,1.8960392770222698,2.464851060128951,10.0,88.0,3.3111022437080697e-06,38.90121083304073
,,,,,549.5821096323498,2350.0,0.048772963495406114,422.7554689479614,3.31110224370807e-05,1.8973273358869924,2.4665255366530903,10.0,88.0,3.3111022437080697e-06,38.90121083304073
,,,,,552.050309645527,2360.0,0.0488060745178432,424.6540843427131,3.31110224370807e-05,1.8986153947517148,2.4682000131772295,10.0,88.0,3.3111022437080697e-06,38.90121083304073
,,,,,554.5201841352284,2370.0,0.04883918554028028,426.5539877963295,3.31110224370807e-05,1.8999034536164372,2.4698744897013682,10.0,88.0,3.3111022437080697e-06,38.90121083304073
,,,,,556.991733101454,2380.0,0.04887229656271736,428.45517930881067,3.31110224370807e-05,1.9011915124811598,2.471548966225508,10.0,88.0,3.3111022437080697e-06,38.90121083304073
,,,,,559.4649565442036,2390.0,0.048905407585154444,430.3576588801566,3.31110224370807e-05,1.9024795713458822,2.473223442749647,10.0,88.0,3.3111022437080697e-06,38.90121083304073
,,,,,561.9398544634773,2400.0,0.048938518607591526,432.2614265103672,3.31110224370807e-05,1.9037676302106048,2.4748979192737863,10.0,88.0,3.3111022437080697e-06,38.90121083304073
,,,,,564.4164268592752,2410.0,0.04897162963002861,434.1664821994425,3.31110224370807e-05,1.9050556890753272,2.4765723957979255,10.0,88.0,3.3111022437080697e-06,38.90121083304073
,,,,,566.8946737315973,2420.0,0.04900474065246569,436.07282594738257,3.31110224370807e-05,1.9063437479400498,2.4782468723220648,10.0,88.0,3.3111022437080697e-06,38.90121083304073
,,,,,569.3745950804436,2430.0,0.04903785167490277,437.98045775418734,3.31110224370807e-05,1.9076318068047722,2.479921348846204,10.0,88.0,3.3111022437080697e-06,38.90121083304073
,,,,,571.856190905814,2440.0,0.049070962697339855,439.8893776198568,3.31110224370807e-05,1.9089198656694946,2.481595825370343,10.0,88.0,3.3111022437080697e-06,38.90121083304073
,,,,,574.3394612077084,2450.0,0.04910407371977694,441.79958554439105,3.31110224370807e-05,1.9102079245342172,2.4832703018944824,10.0,88.0,3.3111022437080697e-06,38.90121083304073
,,,,,576.824405986127,2460.0,0.04913718474221402,443.71108152779,3.31110224370807e-05,1.9114959833989396,2.4849447784186216,10.0,88.0,3.3111022437080697e-06,38.90121083304073
,,,,,579.3110252410697,2470.0,0.0491702957646511,445.6238655700536,3.31110224370807e-05,1.9127840422636622,2.486619254942761,10.0,88.0,3.3111022437080697e-06,38.90121083304073
,,,,,581.7993189725366,2480.0,0.049203406787088184,447.537937671182,3.31110224370807e-05,1.9140721011283846,2.4882937314669,10.0,88.0,3.3111022437080697e-06,38.90121083304073
,,,,,584.2892871805277,2490.0,0.04923651780952527,449.4532978311751,3.31110224370807e-05,1.9153601599931072,2.4899682079910392,10.0,88.0,3.3111022437080697e-06,38.90121083304073
,,,,,586.7809298650429,2500.0,0.04926962883196235,451.3699460500329,3.31110224370807e-05,1.9166482188578295,2.4916426845151785,10.0,88.0,3.3111022437080697e-06,38.90121083304073
,,,,,589.2742470260822,2510.0,0.04930273985439943,453.2878823277555,3.31110224370807e-05,1.917936277722552,2.4933171610393177,10.0,88.0,3.3111022437080697e-06,38.90121083304073
,,,,,591.7692386636456,2520.0,0.049335850876836514,455.20710666434275,3.31110224370807e-05,1.9192243365872745,2.494991637563457,10.0,88.0,3.3111022437080697e-06,38.90121083304073
,,,,,609.108063023655,2530.0,0.049445710375874384,468.5446638643499,0.00010985949903787331,13.337557200007133,17.338824360009273,10.0,33.0,1.0985949903787331e-05,269.74144164616575
,,,,,626.4854111412079,2540.0,0.049555569874912254,481.91185472400605,0.00010985949903787331,13.367190859656134,17.377348117552973,10.0,33.0,1.0985949903787331e-05,269.74144164616575
,,,,,643.9012830163045,2550.0,0.049665429373950125,495.3086792433112,0.00010985949903787331,13.396824519305135,17.415871875096677,10.0,33.0,1.0985949903787331e-05,269.74144164616575
,,,,,661.355678648945,2560.0,0.049775288872987995,508.7351374222653,0.00010985949903787331,13.426458178954135,17.454395632640377,10.0,33.0,1.0985949903787331e-05,269.74144164616575
,,,,,678.848598039129,2570.0,0.049885148372025866,522.1912292608685,0.00010985949903787331,13.456091838603136,17.492919390184078,10.0,33.0,1.0985949903787331e-05,269.74144164616575
,,,,,696.3800411868568,2580.0,0.049995007871063736,535.6769547591206,0.00010985949903787331,13.485725498252137,17.531443147727778,10.0,33.0,1.0985949903787331e-05,269.74144164616575
,,,,,713.9500080921283,2590.0,0.050104867370101606,549.1923139170217,0.00010985949903787331,13.515359157901138,17.569966905271478,10.0,33.0,1.0985949903787331e-05,269.74144164616575
,,,,,731.5584987549435,2600.0,0.05021472686913948,562.7373067345718,0.00010985949903787331,13.544992817550138,17.608490662815182,10.0,33.0,1.0985949903787331e-05,269.74144164616575
,,,,,749.2055131753024,2610.0,0.05032458636817735,576.3119332117709,0.00010985949903787331,13.57462647719914,17.647014420358882,10.0,33.0,1.0985949903787331e-05,269.74144164616575
,,,,,766.891051353205,2620.0,0.05043444586721522,589.916193348619,0.00010985949903787331,13.60426013684814,17.685538177902583,10.0,33.0,1.0985949903787331e-05,269.74144164616575
,,,,,784.6151132886512,2630.0,0.05054430536625309,603.5500871451161,0.00010985949903787331,13.63389379649714,17.724061935446283,10.0,33.0,1.0985949903787331e-05,269.74144164616575
,,,,,802.3776989816412,2640.0,0.05065416486529096,617.2136146012622,0.00010985949903787331,13.663527456146142,17.762585692989983,10.0,33.0,1.0985949903787331e-05,269.74144164616575
,,,,,820.1788084321748,2650.0,0.05076402436432883,630.9067757170574,0.00010985949903787331,13.69316111579514,17.801109450533684,10.0,33.0,1.0985949903787331e-05,269.74144164616575
,,,,,838.0184416402523,2660.0,0.0508738838633667,644.6295704925016,0.00010985949903787331,13.722794775444141,17.839633208077384,10.0,33.0,1.0985949903787331e-05,269.74144164616575
,,,,,855.8965986058734,2670.0,0.05098374336240457,658.3819989275947,0.00010985949903787331,13.752428435093142,17.878156965621084,10.0,33.0,1.0985949903787331e-05,269.74144164616575
,,,,,873.8132793290381,2680.0,0.05109360286144244,672.1640610223369,0.00010985949903787331,13.782062094742143,17.916680723164788,10.0,33.0,1.0985949903787331e-05,269.74144164616575
,,,,,891.7684838097466,2690.0,0.05120346236048031,685.9757567767281,0.00010985949903787331,13.811695754391144,17.95520448070849,10.0,33.0,1.0985949903787331e-05,269.74144164616575
,,,,,909.7622120479988,2700.0,0.05131332185951818,699.8170861907682,0.00010985949903787331,13.841329414040144,17.99372823825219,10.0,33.0,1.0985949903787331e-05,269.74144164616575
,,,,,927.7944640437947,2710.0,0.05142318135855605,713.6880492644574,0.00010985949903787331,13.870963073689145,18.03225199579589,10.0,33.0,1.0985949903787331e-05,269.74144164616575
,,,,,945.8652397971343,2720.0,0.05153304085759392,727.5886459977955,0.00010985949903787331,13.900596733338146,18.07077575333959,10.0,33.0,1.0985949903787331e-05,269.74144164616575
,,,,,963.9745393080176,2730.0,0.05164290035663179,741.5188763907827,0.00010985949903787331,13.930230392987147,18.109299510883293,10.0,33.0,1.0985949903787331e-05,269.74144164616575
,,,,,982.1223625764446,2740.0,0.05175275985566966,755.4787404434188,0.00010985949903787331,13.959864052636147,18.147823268426993,10.0,33.0,1.0985949903787331e-05,269.74144164616575
,,,,,1000.3087096024153,2750.0,0.05186261935470753,769.468238155704,0.00010985949903787331,13.989497712285148,18.186347025970694,10.0,33.0,1.0985949903787331e-05,269.74144164616575
,,,,,1018.5335803859297,2760.0,0.0519724788537454,783.4873695276381,0.00010985949903787331,14.019131371934149,18.224870783514394,10.0,33.0,1.0985949903787331e-05,269.74144164616575
,,,,,1036.7969749269878,2770.0,0.052082338352783274,797.5361345592212,0.00010985949903787331,14.04876503158315,18.263394541058094,10.0,33.0,1.0985949903787331e-05,269.74144164616575
,,,,,1055.0988932255896,2780.0,0.052192197851821144,811.6145332504533,0.00010985949903787331,14.07839869123215,18.301918298601798,10.0,33.0,1.0985949903787331e-05,269.74144164616575
,,,,,1073.439335281735,2790.0,0.052302057350859014,825.7225656013344,0.00010985949903787331,14.108032350881151,18.3404420561455,10.0,33.0,1.0985949903787331e-05,269.74144164616575
,,,,,1091.8183010954242,2800.0,0.052411916849896885,839.8602316118645,0.00010985949903787331,14.137666010530152,18.3789658136892,10.0,33.0,1.0985949903787331e-05,269.74144164616575
,,,,,1110.235790666657,2810.0,0.052521776348934755,854.0275312820437,0.00010985949903787331,14.167299670179153,18.4174895712329,10.0,33.0,1.0985949903787331e-05,269.74144164616575
,,,,,1128.6918039954337,2820.0,0.052631635847972626,868.2244646118719,0.00010985949903787331,14.196933329828154,18.4560133287766,10.0,33.0,1.0985949903787331e-05,269.74144164616575
,,,,,1147.186341081754,2830.0,0.052741495347010496,882.4510316013491,0.00010985949903787331,14.226566989477154,18.494537086320303,10.0,33.0,1.0985949903787331e-05,269.74144164616575
,,,,,1165.719401925618,2840.0,0.052851354846048366,896.7072322504753,0.00010985949903787331,14.256200649126155,18.533060843864003,10.0,33.0,1.0985949903787331e-05,269.74144164616575
,,,,,1184.2909865270258,2850.0,0.05296121434508624,910.9930665592505,0.00010985949903787331,14.285834308775156,18.571584601407704,10.0,33.0,1.0985949903787331e-05,269.74144164616575
,,,,,1202.9010948859773,2860.0,0.05307107384412411,925.3085345276746,0.00010985949903787331,14.315467968424157,18.610108358951404,10.0,33.0,1.0985949903787331e-05,269.74144164616575
,,,,,1221.5497270024723,2870.0,0.05318093334316198,939.6536361557478,0.00010985949903787331,14.345101628073158,18.648632116495104,10.0,33.0,1.0985949903787331e-05,269.74144164616575
,,,,,1240.2368828765111,2880.0,0.05329079284219985,954.02837144347,0.00010985949903787331,14.374735287722158,18.687155874038808,10.0,33.0,1.0985949903787331e-05,269.74144164616575
,,,,,1258.9625625080937,2890.0,0.05340065234123772,968.4327403908411,0.00010985949903787331,14.40436894737116,18.72567963158251,10.0,33.0,1.0985949903787331e-05,269.74144164616575
,,,,,1277.7267658972198,2900.0,0.05351051184027559,982.8667429978613,0.00010985949903787331,14.43400260702016,18.76420338912621,10.0,33.0,1.0985949903787331e-05,269.74144164616575
,,,,,1296.5294930438897,2910.0,0.05362037133931346,997.3303792645304,0.00010985949903787331,14.46363626666916,18.80272714666991,10.0,33.0,1.0985949903787331e-05,269.74144164616575
,,,,,1315.3707439481034,2920.0,0.05373023083835133,1011.8236491908485,0.00010985949903787331,14.493269926318161,18.84125090421361,10.0,33.0,1.0985949903787331e-05,269.74144164616575
,,,,,1334.2505186098606,2930.0,0.0538400903373892,1026.3465527768158,0.00010985949903787331,14.522903585967162,18.879774661757313,10.0,33.0,1.0985949903787331e-05,269.74144164616575
,,,,,1353.1688170291616,2940.0,0.05394994983642707,1040.899090022432,0.00010985949903787331,14.552537245616163,18.918298419301014,10.0,33.0,1.0985949903787331e-05,269.74144164616575
,,,,,1360.7067877786092,2950.0,0.05404391604525734,1046.6975290604685,9.396620883026356e-05,5.798439038036543,7.537970749447506,10.0,61.0,9.396620883026356e-06,107.29124501601304
,,,,,1368.257864805052,2960.0,0.0541378822540876,1052.5060498500397,9.396620883026356e-05,5.808520789571377,7.55107702644279,10.0,61.0,9.396620883026356e-06,107.29124501601304
,,,,,1375.82204810849,2970.0,0.05423184846291787,1058.324652391146,9.396620883026356e-05,5.818602541106211,7.5641833034380745,10.0,61.0,9.396620883026356e-06,107.29124501601304
,,,,,1383.3993376889234,2980.0,0.054325814671748136,1064.153336683787,9.396620883026356e-05,5.828684292641045,7.577289580433359,10.0,61.0,9.396620883026356e-06,107.29124501601304
,,,,,1390.989733546352,2990.0,0.0544197808805784,1069.992102727963,9.396620883026356e-05,5.838766044175879,7.590395857428643,10.0,61.0,9.396620883026356e-06,107.29124501601304
,,,,,1398.593235680776,3000.0,0.05451374708940867,1075.8409505236737,9.396620883026356e-05,5.8488477957107134,7.603502134423928,10.0,61.0,9.396620883026356e-06,107.29124501601304
,,,,,1406.2098440921952,3010.0,0.054607713298238936,1081.699880070919,9.396620883026356e-05,5.858929547245547,7.616608411419212,10.0,61.0,9.396620883026356e-06,107.29124501601304
,,,,,1413.8395587806097,3020.0,0.0547016795070692,1087.5688913696995,9.396620883026356e-05,5.869011298780381,7.629714688414496,10.0,61.0,9.396620883026356e-06,107.29124501601304
,,,,,1421.4823797460194,3030.0,0.05479564571589947,1093.4479844200148,9.396620883026356e-05,5.879093050315215,7.64282096540978,10.0,61.0,9.396620883026356e-06,107.29124501601304
,,,,,1429.1383069884246,3040.0,0.054889611924729735,1099.3371592218648,9.396620883026356e-05,5.889174801850049,7.655927242405064,10.0,61.0,9.396620883026356e-06,107.29124501601304
,,,,,1436.8073405078248,3050.0,0.05498357813356,1105.2364157752497,9.396620883026356e-05,5.899256553384883,7.669033519400348,10.0,61.0,9.396620883026356e-06,107.29124501601304
,,,,,1444.4894803042205,3060.0,0.05507754434239027,1111.1457540801694,9.396620883026356e-05,5.909338304919717,7.682139796395632,10.0,61.0,9.396620883026356e-06,107.29124501601304
,,,,,1452.1847263776115,3070.0,0.055171510551220534,1117.065174136624,9.396620883026356e-05,5.919420056454551,7.6952460733909165,10.0,61.0,9.396620883026356e-06,107.29124501601304
,,,,,1459.8930787279976,3080.0,0.0552654767600508,1122.9946759446134,9.396620883026356e-05,5.929501807989385,7.708352350386201,10.0,61.0,9.396620883026356e-06,107.29124501601304
,,,,,1467.614537355379,3090.0,0.05535944296888107,1128.9342595041376,9.396620883026356e-05,5.939583559524219,7.721458627381485,10.0,61.0,9.396620883026356e-06,107.29124501601304
,,,,,1475.349102259756,3100.0,0.055453409177711334,1134.8839248151967,9.396620883026356e-05,5.949665311059053,7.734564904376769,10.0,61.0,9.396620883026356e-06,107.29124501601304
,,,,,1483.0967734411279,3110.0,0.0555473753865416,1140.8436718777905,9.396620883026356e-05,5.959747062593887,7.747671181372053,10.0,61.0,9.396620883026356e-06,107.29124501601304
,,,,,1490.8575508994952,3120.0,0.05564134159537187,1146.8135006919192,9.396620883026356e-05,5.969828814128721,7.760777458367337,10.0,61.0,9.396620883026356e-06,107.29124501601304
,,,,,1498.631434634858,3130.0,0.05573530780420213,1152.7934112575829,9.396620883026356e-05,5.9799105656635545,7.773883735362621,10.0,61.0,9.396620883026356e-06,107.29124501601304
,,,,,1506.4184246472157,3140.0,0.0558292740130324,1158.7834035747812,9.396620883026356e-05,5.989992317198388,7.786990012357905,10.0,61.0,9.396620883026356e-06,107.29124501601304
,,,,,1513.5157979451494,3150.0,0.05595781605274876,1164.2429214962688,0.00012854203971635465,5.459517921487535,7.097373297933796,10.0,22.0,1.2854203971635464e-05,97.56488559777081
,,,,,1520.6294747893025,3160.0,0.056086358092465115,1169.7149806071557,0.00012854203971635465,5.472059110886966,7.113676844153056,10.0,22.0,1.2854203971635464e-05,97.56488559777081
,,,,,1527.759455179675,3170.0,0.05621490013218147,1175.1995809074422,0.00012854203971635465,5.484600300286397,7.1299803903723165,10.0,22.0,1.2854203971635464e-05,97.56488559777081
,,,,,1534.9057391162664,3180.0,0.05634344217189783,1180.696722397128,0.00012854203971635465,5.497141489685827,7.146283936591575,10.0,22.0,1.2854203971635464e-05,97.56488559777081
,,,,,1542.0683265990772,3190.0,0.05647198421161419,1186.2064050762133,0.00012854203971635465,5.509682679085258,7.162587482810836,10.0,22.0,1.2854203971635464e-05,97.56488559777081
,,,,,1549.2472176281074,3200.0,0.056600526251330545,1191.728628944698,0.00012854203971635465,5.522223868484688,7.178891029030095,10.0,22.0,1.2854203971635464e-05,97.56488559777081
,,,,,1556.4424122033568,3210.0,0.0567290682910469,1197.2633940025821,0.00012854203971635465,5.534765057884119,7.195194575249355,10.0,22.0,1.2854203971635464e-05,97.56488559777081
,,,,,1563.6539103248253,3220.0,0.05685761033076326,1202.8107002498657,0.00012854203971635465,5.547306247283549,7.211498121468614,10.0,22.0,1.2854203971635464e-05,97.56488559777081
,,,,,1570.8817119925131,3230.0,0.05698615237047962,1208.3705476865487,0.00012854203971635465,5.55984743668298,7.227801667687874,10.0,22.0,1.2854203971635464e-05,97.56488559777081
,,,,,1578.1258172064204,3240.0,0.057114694410195975,1213.942936312631,0.00012854203971635465,5.57238862608241,7.244105213907133,10.0,22.0,1.2854203971635464e-05,97.56488559777081
,,,,,1585.3862259665468,3250.0,0.05724323644991233,1219.527866128113,0.00012854203971635465,5.584929815481841,7.260408760126394,10.0,22.0,1.2854203971635464e-05,97.56488559777081
,,,,,1592.6629382728925,3260.0,0.05737177848962869,1225.1253371329942,0.00012854203971635465,5.597471004881271,7.276712306345653,10.0,22.0,1.2854203971635464e-05,97.56488559777081
,,,,,1599.9559541254573,3270.0,0.05750032052934505,1230.735349327275,0.00012854203971635465,5.610012194280702,7.2930158525649125,10.0,22.0,1.2854203971635464e-05,97.56488559777081
,,,,,1607.2652735242416,3280.0,0.057628862569061405,1236.357902710955,0.00012854203971635465,5.622553383680132,7.309319398784172,10.0,22.0,1.2854203971635464e-05,97.56488559777081
,,,,,1614.590896469245,3290.0,0.05775740460877776,1241.9929972840346,0.00012854203971635465,5.635094573079563,7.325622945003432,10.0,22.0,1.2854203971635464e-05,97.56488559777081
,,,,,1621.9328229604678,3300.0,0.05788594664849412,1247.6406330465136,0.00012854203971635465,5.647635762478994,7.341926491222693,10.0,22.0,1.2854203971635464e-05,97.56488559777081
,,,,,1629.2910529979097,3310.0,0.05801448868821048,1253.300809998392,0.00012854203971635465,5.660176951878424,7.358230037441952,10.0,22.0,1.2854203971635464e-05,97.56488559777081
,,,,,1636.6655865815708,3320.0,0.058143030727926835,1258.9735281396697,0.00012854203971635465,5.672718141277855,7.374533583661211,10.0,22.0,1.2854203971635464e-05,97.56488559777081
,,,,,1644.0564237114513,3330.0,0.05827157276764319,1264.658787470347,0.00012854203971635465,5.685259330677285,7.39083712988047,10.0,22.0,1.2854203971635464e-05,97.56488559777081
,,,,,1651.463564387551,3340.0,0.05840011480735955,1270.3565879904238,0.00012854203971635465,5.697800520076716,7.407140676099731,10.0,22.0,1.2854203971635464e-05,97.56488559777081
,,,,,1658.88700860987,3350.0,0.05852865684707591,1276.0669296999,0.00012854203971635465,5.710341709476146,7.42344422231899,10.0,22.0,1.2854203971635464e-05,97.56488559777081
,,,,,1666.3267563784082,3360.0,0.058657198886792265,1281.7898125987754,0.00012854203971635465,5.722882898875577,7.4397477685382505,10.0,22.0,1.2854203971635464e-05,97.56488559777081
,,,,,1686.9208119330756,3370.0,0.058728762993260505,1297.6313937946734,7.156410646824169e-05,15.841581195898078,20.594055554667502,10.0,58.0,7.156410646824169e-06,269.74144164616575
,,,,,1707.5399624345666,3380.0,0.058800327099728746,1313.4922787958203,7.156410646824169e-05,15.86088500114694,20.619150501491024,10.0,58.0,7.156410646824169e-06,269.74144164616575
,,,,,1728.184207882881,3390.0,0.058871891206196986,1329.3724676022161,7.156410646824169e-05,15.880188806395804,20.644245448314546,10.0,58.0,7.156410646824169e-06,269.74144164616575
,,,,,1748.8535482780192,3400.0,0.058943455312665226,1345.271960213861,7.156410646824169e-05,15.899492611644666,20.669340395138068,10.0,58.0,7.156410646824169e-06,269.74144164616575
,,,,,1769.5479836199806,3410.0,0.059015019419133466,1361.1907566307543,7.156410646824169e-05,15.918796416893528,20.694435341961587,10.0,58.0,7.156410646824169e-06,269.74144164616575
,,,,,1790.2675139087657,3420.0,0.059086583525601706,1377.1288568528967,7.156410646824169e-05,15.938100222142392,20.71953028878511,10.0,58.0,7.156410646824169e-06,269.74144164616575
,,,,,1811.0121391443745,3430.0,0.059158147632069946,1393.086260880288,7.156410646824169e-05,15.957404027391254,20.74462523560863,10.0,58.0,7.156410646824169e-06,269.74144164616575
,,,,,1831.7818593268066,3440.0,0.059229711738538186,1409.062968712928,7.156410646824169e-05,15.976707832640116,20.769720182432152,10.0,58.0,7.156410646824169e-06,269.74144164616575
,,,,,1852.5766744560624,3450.0,0.059301275845006426,1425.0589803508171,7.156410646824169e-05,15.99601163788898,20.794815129255674,10.0,58.0,7.156410646824169e-06,269.74144164616575
,,,,,1873.3965845321416,3460.0,0.05937283995147467,1441.074295793955,7.156410646824169e-05,16.015315443137844,20.819910076079196,10.0,58.0,7.156410646824169e-06,269.74144164616575
,,,,,1894.2415895550444,3470.0,0.05944440405794291,1457.1089150423416,7.156410646824169e-05,16.034619248386704,20.845005022902715,10.0,58.0,7.156410646824169e-06,269.74144164616575
,,,,,1915.1116895247706,3480.0,0.05951596816441115,1473.1628380959771,7.156410646824169e-05,16.053923053635568,20.87009996972624,10.0,58.0,7.156410646824169e-06,269.74144164616575
,,,,,1936.0068844413204,3490.0,0.05958753227087939,1489.2360649548616,7.156410646824169e-05,16.073226858884432,20.895194916549762,10.0,58.0,7.156410646824169e-06,269.74144164616575
,,,,,1956.9271743046936,3500.0,0.05965909637734763,1505.328595618995,7.156410646824169e-05,16.092530664133292,20.92028986337328,10.0,58.0,7.156410646824169e-06,269.74144164616575
,,,,,1977.8725591148905,3510.0,0.05973066048381587,1521.440430088377,7.156410646824169e-05,16.111834469382156,20.945384810196803,10.0,58.0,7.156410646824169e-06,269.74144164616575
,,,,,1983.4398814939284,3520.0,0.05990993111470747,1525.72298576456,0.00017927063089160367,4.282555676182966,5.567322379037856,10.0,29.0,1.7927063089160367e-05,71.48323485772842
,,,,,1989.0238631709608,3530.0,0.06008920174559908,1530.018356285354,0.00017927063089160367,4.2953705207940835,5.583981677032309,10.0,29.0,1.7927063089160367e-05,71.48323485772842
,,,,,1994.6245041459877,3540.0,0.06026847237649068,1534.3265416507593,0.00017927063089160367,4.308185365405201,5.600640975026762,10.0,29.0,1.7927063089160367e-05,71.48323485772842
,,,,,2000.241804419009,3550.0,0.06044774300738229,1538.6475418607756,0.00017927063089160367,4.321000210016319,5.617300273021215,10.0,29.0,1.7927063089160367e-05,71.48323485772842
,,,,,2005.8757639900246,3560.0,0.06062701363827389,1542.981356915403,0.00017927063089160367,4.333815054627436,5.633959571015668,10.0,29.0,1.7927063089160367e-05,71.48323485772842
,,,,,2011.5263828590346,3570.0,0.0608062842691655,1547.3279868146415,0.00017927063089160367,4.346629899238554,5.6506188690101204,10.0,29.0,1.7927063089160367e-05,71.48323485772842
,,,,,2017.193661026039,3580.0,0.0609855549000571,1551.6874315584912,0.00017927063089160367,4.359444743849672,5.667278167004574,10.0,29.0,1.7927063089160367e-05,71.48323485772842
,,,,,2022.877598491038,3590.0,0.06116482553094871,1556.059691146952,0.00017927063089160367,4.37225958846079,5.683937464999027,10.0,29.0,1.7927063089160367e-05,71.48323485772842
,,,,,2028.5781952540315,3610.0,0.06134409616184031,1560.4447655800238,0.00017927063089160367,4.385074433071908,5.70059676299348,10.0,29.0,1.7927063089160367e-05,71.48323485772842
,,,,,2034.2954513150194,3620.0,0.06152336679273192,1564.842654857707,0.00017927063089160367,4.397889277683025,5.717256060987933,10.0,29.0,1.7927063089160367e-05,71.48323485772842
,,,,,2041.184321474268,3630.0,0.06155827028879421,1570.1417857494366,3.490349606228937e-05,5.299130891729747,6.888870159248671,10.0,15.0,3.4903496062289374e-06,86.08316749105241
,,,,,2048.0770976180634,3640.0,0.0615931737848565,1575.443921244664,3.490349606228937e-05,5.302135495227301,6.8927761437954915,10.0,15.0,3.4903496062289374e-06,86.08316749105241
,,,,,2054.973779746406,3650.0,0.06162807728091879,1580.7490613433888,3.490349606228937e-05,5.305140098724854,6.89668212834231,10.0,15.0,3.4903496062289374e-06,86.08316749105241
,,,,,2061.874367859295,3660.0,0.06166298077698108,1586.057206045611,3.490349606228937e-05,5.308144702222408,6.90058811288913,10.0,15.0,3.4903496062289374e-06,86.08316749105241
,,,,,2068.778861956731,3670.0,0.061697884273043374,1591.368355351331,3.490349606228937e-05,5.311149305719961,6.90449409743595,10.0,15.0,3.4903496062289374e-06,86.08316749105241
,,,,,2075.6872620387135,3680.0,0.061732787769105665,1596.6825092605486,3.490349606228937e-05,5.314153909217515,6.908400081982769,10.0,15.0,3.4903496062289374e-06,86.08316749105241
,,,,,2082.599568105243,3690.0,0.06176769126516796,1601.9996677732636,3.490349606228937e-05,5.317158512715068,6.912306066529588,10.0,15.0,3.4903496062289374e-06,86.08316749105241
,,,,,2089.5157801563196,3700.0,0.06180259476123025,1607.3198308894762,3.490349606228937e-05,5.320163116212622,6.916212051076409,10.0,15.0,3.4903496062289374e-06,86.08316749105241
,,,,,2096.4358981919427,3710.0,0.06183749825729254,1612.6429986091864,3.490349606228937e-05,5.323167719710175,6.9201180356232275,10.0,15.0,3.4903496062289374e-06,86.08316749105241
,,,,,2103.359922212113,3720.0,0.06187240175335483,1617.969170932394,3.490349606228937e-05,5.326172323207729,6.924024020170047,10.0,15.0,3.4903496062289374e-06,86.08316749105241
,,,,,2110.28785221683,3730.0,0.06190730524941712,1623.2983478590993,3.490349606228937e-05,5.329176926705282,6.927930004716867,10.0,15.0,3.4903496062289374e-06,86.08316749105241
,,,,,2117.2196882060935,3740.0,0.06194220874547941,1628.6305293893022,3.490349606228937e-05,5.332181530202836,6.9318359892636865,10.0,15.0,3.4903496062289374e-06,86.08316749105241
,,,,,2124.1554301799038,3750.0,0.061977112241541704,1633.9657155230025,3.490349606228937e-05,5.335186133700389,6.935741973810505,10.0,15.0,3.4903496062289374e-06,86.08316749105241
,,,,,2131.095078138261,3760.0,0.062012015737603995,1639.3039062602004,3.490349606228937e-05,5.338190737197943,6.939647958357326,10.0,15.0,3.4903496062289374e-06,86.08316749105241
,,,,,2138.0386320811654,3770.0,0.06204691923366629,1644.645101600896,3.490349606228937e-05,5.341195340695496,6.943553942904145,10.0,15.0,3.4903496062289374e-06,86.08316749105241
,,,,,2144.986092008616,3780.0,0.06208182272972858,1649.989301545089,3.490349606228937e-05,5.34419994419305,6.947459927450965,10.0,15.0,3.4903496062289374e-06,86.08316749105241
,,,,,2151.937457920614,3790.0,0.06211672622579087,1655.3365060927795,3.490349606228937e-05,5.347204547690603,6.951365911997784,10.0,15.0,3.4903496062289374e-06,86.08316749105241
,,,,,2158.892729817159,3800.0,0.06215162972185316,1660.6867152439677,3.490349606228937e-05,5.350209151188157,6.955271896544604,10.0,15.0,3.4903496062289374e-06,86.08316749105241
,,,,,2165.85190769825,3810.0,0.06218653321791545,1666.0399289986533,3.490349606228937e-05,5.35321375468571,6.959177881091422,10.0,15.0,3.4903496062289374e-06,86.08316749105241
,,,,,2172.8149915638883,3820.0,0.06222143671397774,1671.3961473568365,3.490349606228937e-05,5.356218358183264,6.963083865638243,10.0,15.0,3.4903496062289374e-06,86.08316749105241
,,,,,2179.7819814140735,3830.0,0.062256340210040034,1676.7553703185174,3.490349606228937e-05,5.359222961680817,6.966989850185062,10.0,15.0,3.4903496062289374e-06,86.08316749105241
,,,,,2186.7528772488054,3840.0,0.062291243706102326,1682.1175978836957,3.490349606228937e-05,5.362227565178371,6.970895834731882,10.0,15.0,3.4903496062289374e-06,86.08316749105241
,,,,,2189.7267877045974,3850.0,0.06238371192127318,1684.405221311228,9.24682151708503e-05,2.287623427532197,2.9739104557918563,10.0,62.0,9.24682151708503e-06,36.670203761185704
,,,,,2192.7051062371684,3860.0,0.06247618013644403,1686.6962355670519,9.24682151708503e-05,2.2910142558239452,2.9783185325711288,10.0,62.0,9.24682151708503e-06,36.670203761185704
,,,,,2195.6878328465186,3870.0,0.06256864835161488,1688.9906406511675,9.24682151708503e-05,2.2944050841156938,2.982726609350402,10.0,62.0,9.24682151708503e-06,36.670203761185704
,,,,,2198.674967532648,3880.0,0.06266111656678573,1691.288436563575,9.24682151708503e-05,2.297795912407442,2.9871346861296746,10.0,62.0,9.24682151708503e-06,36.670203761185704
,,,,,2201.666510295557,3890.0,0.06275358478195658,1693.5896233042743,9.24682151708503e-05,2.3011867406991904,2.9915427629089475,10.0,62.0,9.24682151708503e-06,36.670203761185704
,,,,,2204.6624611352454,3900.0,0.06284605299712744,1695.8942008732652,9.24682151708503e-05,2.3045775689909385,2.99595083968822,10.0,62.0,9.24682151708503e-06,36.670203761185704
,,,,,2207.662820051713,3910.0,0.06293852121229829,1698.2021692705478,9.24682151708503e-05,2.307968397282687,3.0003589164674933,10.0,62.0,9.24682151708503e-06,36.670203761185704
,,,,,2210.66758704496,3920.0,0.06303098942746914,1700.5135284961223,9.24682151708503e-05,2.311359225574435,3.0047669932467658,10.0,62.0,9.24682151708503e-06,36.670203761185704
,,,,,2213.676762114986,3930.0,0.06312345764263999,1702.8282785499885,9.24682151708503e-05,2.3147500538661836,3.0091750700260387,10.0,62.0,9.24682151708503e-06,36.670203761185704
,,,,,2216.690345261791,3940.0,0.06321592585781084,1705.1464194321463,9.24682151708503e-05,2.3181408821579317,3.013583146805311,10.0,62.0,9.24682151708503e-06,36.670203761185704
,,,,,2219.7083364853756,3950.0,0.0633083940729817,1707.4679511425961,9.24682151708503e-05,2.32153171044968,3.0179912235845845,10.0,62.0,9.24682151708503e-06,36.670203761185704
,,,,,2222.7307357857394,3960.0,0.06340086228815255,1709.7928736813376,9.24682151708503e-05,2.3249225387414283,3.022399300363857,10.0,62.0,9.24682151708503e-06,36.670203761185704
,,,,,2225.7575431628825,3970.0,0.0634933305033234,1712.1211870483708,9.24682151708503e-05,2.328313367033177,3.02680737714313,10.0,62.0,9.24682151708503e-06,36.670203761185704
,,,,,2228.788758616805,3980.0,0.06358579871849425,1714.4528912436956,9.24682151708503e-05,2.331704195324925,3.0312154539224023,10.0,62.0,9.24682151708503e-06,36.670203761185704
,,,,,2231.8243821475066,3990.0,0.0636782669336651,1716.7879862673124,9.24682151708503e-05,2.3350950236166734,3.0356235307016757,10.0,62.0,9.24682151708503e-06,36.670203761185704
,,,,,2234.8644137549877,4000.0,0.06377073514883595,1719.1264721192208,9.24682151708503e-05,2.3384858519084215,3.040031607480948,10.0,62.0,9.24682151708503e-06,36.670203761185704
,,,,,2237.908853439248,4010.0,0.0638632033640068,1721.468348799421,9.24682151708503e-05,2.3418766802001696,3.0444396842602206,10.0,62.0,9.24682151708503e-06,36.670203761185704
,,,,,2240.9577012002874,4020.0,0.06395567157917766,1723.8136163079128,9.24682151708503e-05,2.345267508491918,3.0488477610394935,10.0,62.0,9.24682151708503e-06,36.670203761185704
,,,,,2244.010957038106,4030.0,0.06404813979434851,1726.1622746446965,9.24682151708503e-05,2.348658336783666,3.053255837818766,10.0,62.0,9.24682151708503e-06,36.670203761185704
,,,,,2247.068620952704,4040.0,0.06414060800951936,1728.514323809772,9.24682151708503e-05,2.3520491650754147,3.0576639145980393,10.0,62.0,9.24682151708503e-06,36.670203761185704
,,,,,2250.130692944081,4050.0,0.06423307622469021,1730.869763803139,9.24682151708503e-05,2.355439993367163,3.062071991377312,10.0,62.0,9.24682151708503e-06,36.670203761185704
,,,,,2253.1971730122377,4060.0,0.06432554443986106,1733.228594624798,9.24682151708503e-05,2.3588308216589113,3.0664800681565847,10.0,62.0,9.24682151708503e-06,36.670203761185704
,,,,,2256.2680611571736,4070.0,0.06441801265503191,1735.5908162747487,9.24682151708503e-05,2.3622216499506594,3.070888144935857,10.0,62.0,9.24682151708503e-06,36.670203761185704
,,,,,2259.343357378889,4080.0,0.06451048087020277,1737.956428752991,9.24682151708503e-05,2.365612478242408,3.0752962217151305,10.0,62.0,9.24682151708503e-06,36.670203761185704
,,,,,2278.3539863605133,4090.0,0.06469521637355422,1752.5799895080868,0.0001847355033514546,14.62356075509578,19.010628981624514,10.0,100.0,1.847355033514546e-05,226.03774397566625
,,,,,2297.4188996974704,4100.0,0.06487995187690566,1767.2453074595924,0.0001847355033514546,14.66531795150555,19.064913336957215,10.0,100.0,1.847355033514546e-05,226.03774397566625
,,,,,2316.5380973897604,4110.0,0.06506468738025711,1781.9523826075076,0.0001847355033514546,14.70707514791532,19.119197692289916,10.0,100.0,1.847355033514546e-05,226.03774397566625
,,,,,2335.711579437383,4120.0,0.06524942288360856,1796.7012149518328,0.0001847355033514546,14.748832344325091,19.17348204762262,10.0,100.0,1.847355033514546e-05,226.03774397566625
,,,,,2354.9393458403383,4130.0,0.06543415838696001,1811.4918044925676,0.0001847355033514546,14.790589540734862,19.22776640295532,10.0,100.0,1.847355033514546e-05,226.03774397566625
,,,,,2374.221396598626,4140.0,0.06561889389031146,1826.3241512297122,0.0001847355033514546,14.832346737144633,19.282050758288023,10.0,100.0,1.847355033514546e-05,226.03774397566625
,,,,,2393.557731712247,4150.0,0.06580362939366291,1841.1982551632666,0.0001847355033514546,14.874103933554403,19.336335113620724,10.0,100.0,1.847355033514546e-05,226.03774397566625
,,,,,2412.9483511812005,4160.0,0.06598836489701436,1856.1141162932308,0.0001847355033514546,14.915861129964174,19.390619468953428,10.0,100.0,1.847355033514546e-05,226.03774397566625
,,,,,2432.3932550054865,4170.0,0.06617310040036581,1871.0717346196047,0.0001847355033514546,14.957618326373945,19.44490382428613,10.0,100.0,1.847355033514546e-05,226.03774397566625
,,,,,2452.0289201683563,4180.0,0.06631416898702588,1886.1760924371968,0.00014106858666007688,15.104357817592073,19.635665162869696,10.0,90.0,1.4106858666007687e-05,227.76969158050042
,,,,,2471.706355824244,4190.0,0.06645523757368596,1901.3125814032642,0.00014106858666007688,15.136488966067335,19.677435655887535,10.0,90.0,1.4106858666007687e-05,227.76969158050042
,,,,,2491.4255619731493,4200.0,0.06659630616034604,1916.4812015178068,0.00014106858666007688,15.168620114542597,19.719206148905375,10.0,90.0,1.4106858666007687e-05,227.76969158050042
,,,,,2511.1865386150725,4210.0,0.06673737474700611,1931.6819527808245,0.00014106858666007688,15.20075126301786,19.760976641923218,10.0,90.0,1.4106858666007687e-05,227.76969158050042
,,,,,2530.9892857500136,4220.0,0.06687844333366619,1946.9148351923177,0.00014106858666007688,15.232882411493122,19.80274713494106,10.0,90.0,1.4106858666007687e-05,227.76969158050042
,,,,,2550.8338033779723,4230.0,0.06701951192032626,1962.179848752286,0.00014106858666007688,15.265013559968384,19.8445176279589,10.0,90.0,1.4106858666007687e-05,227.76969158050042
,,,,,2570.720091498949,4240.0,0.06716058050698634,1977.4769934607298,0.00014106858666007688,15.297144708443646,19.88628812097674,10.0,90.0,1.4106858666007687e-05,227.76969158050042
,,,,,2584.273481161645,4250.0,0.0672947722143044,1987.90267781665,0.00013419170731805382,10.425684355920264,13.553389662696343,10.0,89.0,1.3419170731805382e-05,154.92562071120506
,,,,,2597.853897477957,4260.0,0.06742896392162245,1998.3491519061208,0.00013419170731805382,10.44647408947081,13.580416316312053,10.0,89.0,1.3419170731805382e-05,154.92562071120506
,,,,,2611.461340447885,4270.0,0.06756315562894051,2008.8164157291421,0.00013419170731805382,10.467263823021357,13.607442969927764,10.0,89.0,1.3419170731805382e-05,154.92562071120506
,,,,,2625.0958100714283,4280.0,0.06769734733625857,2019.304469285714,0.00013419170731805382,10.488053556571902,13.634469623543474,10.0,89.0,1.3419170731805382e-05,154.92562071120506
,,,,,2638.7573063485875,4290.0,0.06783153904357662,2029.8133125758366,0.00013419170731805382,10.50884329012245,13.661496277159184,10.0,89.0,1.3419170731805382e-05,154.92562071120506
,,,,,2652.4458292793624,4300.0,0.06796573075089468,2040.3429455995094,0.00013419170731805382,10.529633023672995,13.688522930774894,10.0,89.0,1.3419170731805382e-05,154.92562071120506
,,,,,2666.1613788637533,4310.0,0.06809992245821274,2050.893368356733,0.00013419170731805382,10.550422757223542,13.715549584390605,10.0,89.0,1.3419170731805382e-05,154.92562071120506
,,,,,2675.988704277663,4320.0,0.0683311445034439,2058.452849444356,0.00023122204523115796,7.559481087623028,9.827325413909936,10.0,93.0,2.3122204523115796e-05,110.63009616708571
,,,,,2685.849283843803,4330.0,0.06856236654867505,2066.037910649079,0.00023122204523115796,7.585061204722901,9.860579566139773,10.0,93.0,2.3122204523115796e-05,110.63009616708571
,,,,,2695.7431175621723,4340.0,0.0687935885939062,2073.6485519709017,0.00023122204523115796,7.610641321822774,9.893833718369606,10.0,93.0,2.3122204523115796e-05,110.63009616708571
,,,,,2705.1476583608514,4420.0,0.069266524609857,2080.882814123732,0.00047293601595078385,7.23426215283013,9.40454079867917,10.0,16.0,4.729360159507838e-05,104.4409574982582
,,,,,2714.6164112169745,4430.0,0.06973946062580778,2088.1664701669033,0.00047293601595078385,7.283656043171442,9.468752856122874,10.0,16.0,4.729360159507838e-05,104.4409574982582
,,,,,2724.149376130541,4440.0,0.07021239664175857,2095.4995201004162,0.00047293601595078385,7.333049933512754,9.53296491356658,10.0,16.0,4.729360159507838e-05,104.4409574982582
,,,,,2731.2520443616972,4450.0,0.07059004840559502,2100.9631110474593,0.0003776517638364401,5.463590947043248,7.102668231156223,10.0,18.0,3.7765176383644014e-05,77.39888370171737
,,,,,2738.392711365287,4460.0,0.07096770016943146,2106.4559318194515,0.0003776517638364401,5.492820771992173,7.140667003589826,10.0,18.0,3.7765176383644014e-05,77.39888370171737
,,,,,2745.5713771413107,4470.0,0.07134535193326791,2111.9779824163925,0.0003776517638364401,5.522050596941099,7.178665776023429,10.0,18.0,3.7765176383644014e-05,77.39888370171737
,,,,,2752.788041689768,4480.0,0.07172300369710435,2117.5292628382826,0.0003776517638364401,5.5512804218900245,7.216664548457032,10.0,18.0,3.7765176383644014e-05,77.39888370171737
,,,,,2760.0427050106587,4490.0,0.0721006554609408,2123.1097730851216,0.0003776517638364401,5.5805102468389505,7.254663320890636,10.0,18.0,3.7765176383644014e-05,77.39888370171737
,,,,,2767.335367103983,4500.0,0.07247830722477724,2128.719513156909,0.0003776517638364401,5.609740071787876,7.292662093324238,10.0,18.0,3.7765176383644014e-05,77.39888370171737
,,,,,2774.6660279697408,4510.0,0.07285595898861369,2134.358483053646,0.0003776517638364401,5.638969896736801,7.330660865757841,10.0,18.0,3.7765176383644014e-05,77.39888370171737
,,,,,2782.034687607932,4520.0,0.07323361075245013,2140.0266827753317,0.0003776517638364401,5.668199721685727,7.368659638191445,10.0,18.0,3.7765176383644014e-05,77.39888370171737
,,,,,2789.441346018557,4530.0,0.07361126251628658,2145.7241123219665,0.0003776517638364401,5.697429546634652,7.406658410625048,10.0,18.0,3.7765176383644014e-05,77.39888370171737
,,,,,2796.8860032016155,4540.0,0.07398891428012302,2151.45077169355,0.0003776517638364401,5.726659371583577,7.44465718305865,10.0,18.0,3.7765176383644014e-05,77.39888370171737
,,,,,2804.3686591571077,4550.0,0.07436656604395947,2157.2066608900823,0.0003776517638364401,5.755889196532503,7.4826559554922545,10.0,18.0,3.7765176383644014e-05,77.39888370171737
,,,,,2811.8893138850335,4560.0,0.07474421780779592,2162.9917799115638,0.0003776517638364401,5.785119021481428,7.520654727925857,10.0,18.0,3.7765176383644014e-05,77.39888370171737
,,,,,2814.025302931175,4570.0,0.0752960579143256,2164.6348484085956,0.0005518401065296853,1.6430684970317804,2.1359890461413147,10.0,32.0,5.518401065296853e-05,21.821441155675362
,,,,,2816.176946507652,4580.0,0.07584789802085529,2166.2899588520395,0.0005518401065296853,1.6551104434437593,2.151643576476887,10.0,32.0,5.518401065296853e-05,21.821441155675362
,,,,,2818.344244614464,4590.0,0.07639973812738497,2167.9571112418953,0.0005518401065296853,1.6671523898557385,2.1672981068124604,10.0,32.0,5.518401065296853e-05,21.821441155675362
,,,,,2820.527197251612,4620.0,0.07695157823391466,2169.636305578163,0.0005518401065296853,1.6791943362677177,2.1829526371480332,10.0,32.0,5.518401065296853e-05,21.821441155675362
,,,,,2822.7258044190958,4630.0,0.07750341834044434,2171.3275418608428,0.0005518401065296853,1.691236282679697,2.198607167483606,10.0,32.0,5.518401065296853e-05,21.821441155675362
,,,,,2824.9400661169147,4640.0,0.07805525844697403,2173.0308200899344,0.0005518401065296853,1.7032782290916761,2.214261697819179,10.0,32.0,5.518401065296853e-05,21.821441155675362
,,,,,2835.046864877277,5280.0,0.07832717011585331,2180.8052806748287,0.0002719116688792837,7.774460584894257,10.106798760362535,10.0,24.0,2.719116688792837e-05,99.25624241747904
,,,,,2836.553885984526,5310.0,0.07851202089128982,2181.964527680405,0.00018485077543650718,1.1592470055762276,1.507021107249096,10.0,86.0,1.8485077543650717e-05,14.765216745361286
,,,,,2838.0644552620693,5320.0,0.07869687166672633,2183.126504047746,0.00018485077543650718,1.1619763673410957,1.5105692775434245,10.0,86.0,1.8485077543650717e-05,14.765216745361286
,,,,,2839.578572709907,5330.0,0.07888172244216284,2184.291209776852,0.00018485077543650718,1.164705729105964,1.5141174478377533,10.0,86.0,1.8485077543650717e-05,14.765216745361286
,,,,,2841.096238328039,5340.0,0.07906657321759934,2185.458644867723,0.00018485077543650718,1.167435090870832,1.5176656181320816,10.0,86.0,1.8485077543650717e-05,14.765216745361286
,,,,,2858.9523521177694,5350.0,0.07919509417827592,2199.1941170136693,0.00012852096067656637,13.735472145946511,17.856113789730465,10.0,37.0,1.2852096067656636e-05,173.43842176671473
,,,,,2876.8374435218584,5360.0,0.07932361513895249,2212.9518796321995,0.00012852096067656637,13.757762618530199,17.88509140408926,10.0,37.0,1.2852096067656636e-05,173.43842176671473
,,,,,2889.1494849654828,5370.0,0.07946423637791993,2222.42268074268,0.00014062123896743217,9.470801110480219,12.312041443624285,10.0,113.0,1.4062123896743217e-05,119.18318909450682
,,,,,2899.257389677301,5380.0,0.07968379553956362,2230.197992059463,0.00021955916164369396,7.775311316783175,10.107904711818128,10.0,28.0,2.1955916164369394e-05,97.57707027048772
,,,,,2909.393145510787,5390.0,0.07990335470120731,2237.9947273159905,0.00021955916164369396,7.796735256527412,10.135755833485636,10.0,28.0,2.1955916164369394e-05,97.57707027048772
,,,,,2919.55675246594,5400.0,0.080122913862851,2245.812886512262,0.00021955916164369396,7.8181591962716475,10.163606955153142,10.0,28.0,2.1955916164369394e-05,97.57707027048772
,,,,,2929.7482105427607,5410.0,0.0803424730244947,2253.652469648278,0.00021955916164369396,7.839583136015883,10.191458076820648,10.0,28.0,2.1955916164369394e-05,97.57707027048772
,,,,,2939.967519741249,5420.0,0.08056203218613839,2261.513476724038,0.00021955916164369396,7.861007075760119,10.219309198488155,10.0,28.0,2.1955916164369394e-05,97.57707027048772
,,,,,2950.2146800614046,5430.0,0.08078159134778208,2269.395907739542,0.00021955916164369396,7.8824310155043555,10.247160320155663,10.0,28.0,2.1955916164369394e-05,97.57707027048772
,,,,,2960.4896915032277,5440.0,0.08100115050942577,2277.299762694791,0.00021955916164369396,7.903854955248591,10.27501144182317,10.0,28.0,2.1955916164369394e-05,97.57707027048772
,,,,,2970.7925540667184,5450.0,0.08122070967106947,2285.225041589784,0.00021955916164369396,7.925278894992827,10.302862563490676,10.0,28.0,2.1955916164369394e-05,97.57707027048772
,,,,,2981.1232677518765,5460.0,0.08144026883271316,2293.171744424521,0.00021955916164369396,7.946702834737063,10.330713685158182,10.0,28.0,2.1955916164369394e-05,97.57707027048772
,,,,,2991.481832558702,5470.0,0.08165982799435685,2301.1398711990023,0.00021955916164369396,7.968126774481299,10.35856480682569,10.0,28.0,2.1955916164369394e-05,97.57707027048772
,,,,,3001.868248487195,5480.0,0.08187938715600054,2309.129421913228,0.00021955916164369396,7.989550714225535,10.386415928493197,10.0,28.0,2.1955916164369394e-05,97.57707027048772
,,,,,3012.2825155373557,5490.0,0.08209894631764424,2317.1403965671975,0.00021955916164369396,8.010974653969772,10.414267050160703,10.0,28.0,2.1955916164369394e-05,97.57707027048772
,,,,,3022.7246337091838,5500.0,0.08231850547928793,2325.1727951609114,0.00021955916164369396,8.032398593714007,10.44211817182821,10.0,28.0,2.1955916164369394e-05,97.57707027048772
,,,,,3033.1946030026793,5510.0,0.08253806464093162,2333.2266176943695,0.00021955916164369396,8.053822533458243,10.469969293495717,10.0,28.0,2.1955916164369394e-05,97.57707027048772
,,,,,3043.6924234178423,5520.0,0.08275762380257531,2341.301864167572,0.00021955916164369396,8.075246473202478,10.497820415163222,10.0,28.0,2.1955916164369394e-05,97.57707027048772
,,,,,3064.7687975027156,5530.0,0.08294380545209247,2357.514459617475,0.00018618164951715084,16.212595449902672,21.076374084873475,10.0,99.0,1.8618164951715085e-05,195.46481333397352
,,,,,3085.892481137369,5540.0,0.08312998710160963,2373.7634470287467,0.00018618164951715084,16.248987411271752,21.12368363465328,10.0,99.0,1.8618164951715085e-05,195.46481333397352
,,,,,3107.063474321802,5550.0,0.08331616875112678,2390.0488264013875,0.00018618164951715084,16.285379372640833,21.170993184433083,10.0,99.0,1.8618164951715085e-05,195.46481333397352
,,,,,3128.281777056015,5560.0,0.08350235040064394,2406.3705977353975,0.00018618164951715084,16.321771334009917,21.21830273421289,10.0,99.0,1.8618164951715085e-05,195.46481333397352
,,,,,3149.5473893400076,5570.0,0.0836885320501611,2422.7287610307767,0.00018618164951715084,16.358163295378997,21.2656122839927,10.0,99.0,1.8618164951715085e-05,195.46481333397352
,,,,,3170.8603111737802,5580.0,0.08387471369967825,2439.1233162875246,0.00018618164951715084,16.39455525674808,21.312921833772506,10.0,99.0,1.8618164951715085e-05,195.46481333397352
,,,,,3192.2205425573325,5590.0,0.0840608953491954,2455.5542635056418,0.00018618164951715084,16.43094721811716,21.36023138355231,10.0,99.0,1.8618164951715085e-05,195.46481333397352
,,,,,3213.6280834906647,5600.0,0.08424707699871256,2472.021602685128,0.00018618164951715084,16.467339179486245,21.40754093333212,10.0,99.0,1.8618164951715085e-05,195.46481333397352
,,,,,3235.0829339737766,5610.0,0.08443325864822972,2488.5253338259836,0.00018618164951715084,16.503731140855326,21.454850483111926,10.0,99.0,1.8618164951715085e-05,195.46481333397352
,,,,,3256.5850940066684,5620.0,0.08461944029774687,2505.065456928208,0.00018618164951715084,16.54012310222441,21.502160032891734,10.0,99.0,1.8618164951715085e-05,195.46481333397352
,,,,,3278.13456358934,5630.0,0.08480562194726403,2521.6419719918013,0.00018618164951715084,16.57651506359349,21.549469582671538,10.0,99.0,1.8618164951715085e-05,195.46481333397352
,,,,,3299.7313427217914,5640.0,0.08499180359678118,2538.254879016764,0.00018618164951715084,16.612907024962574,21.596779132451346,10.0,99.0,1.8618164951715085e-05,195.46481333397352
,,,,,3321.3754314040225,5650.0,0.08517798524629834,2554.9041780030957,0.00018618164951715084,16.649298986331655,21.644088682231153,10.0,99.0,1.8618164951715085e-05,195.46481333397352
,,,,,3343.0668296360336,5660.0,0.0853641668958155,2571.5898689507962,0.00018618164951715084,16.68569094770074,21.69139823201096,10.0,99.0,1.8618164951715085e-05,195.46481333397352
,,,,,3364.8055374178243,5670.0,0.08555034854533265,2588.311951859866,0.00018618164951715084,16.72208290906982,21.738707781790765,10.0,99.0,1.8618164951715085e-05,195.46481333397352
,,,,,3372.3522476030425,5680.0,0.08584307814120055,2594.117113540803,0.00029272959586790556,5.805161680937023,7.546710185218131,10.0,102.0,2.927295958679056e-05,67.62527400739634
,,,,,3379.9246924831305,5690.0,0.08613580773706846,2599.9420711408707,0.00029272959586790556,5.824957600067664,7.572444880087964,10.0,102.0,2.927295958679056e-05,67.62527400739634
,,,,,3387.522872058088,5700.0,0.08642853733293636,2605.7868246600688,0.00029272959586790556,5.8447535191983055,7.598179574957798,10.0,102.0,2.927295958679056e-05,67.62527400739634
,,,,,3395.146786327916,5710.0,0.08672126692880426,2611.651374098398,0.00029272959586790556,5.864549438328947,7.6239142698276305,10.0,102.0,2.927295958679056e-05,67.62527400739634
,,,,,3402.7964352926133,5720.0,0.08701399652467216,2617.5357194558574,0.00029272959586790556,5.884345357459588,7.649648964697464,10.0,102.0,2.927295958679056e-05,67.62527400739634
,,,,,3414.0956614936995,5730.0,0.0871425967798148,2626.227431918231,0.00012860025514263226,8.691712462373877,11.299226201086041,10.0,108.0,1.2860025514263225e-05,99.74126068718638
,,,,,3425.4115624718297,5740.0,0.08727119703495743,2634.9319711321778,0.00012860025514263226,8.704539213946497,11.315900978130445,10.0,108.0,1.2860025514263225e-05,99.74126068718638
,,,,,3436.7441382270044,5750.0,0.08739979729010007,2643.649337097697,0.00012860025514263226,8.717365965519116,11.332575755174851,10.0,108.0,1.2860025514263225e-05,99.74126068718638
,,,,,3448.0933887592237,5760.0,0.0875283975452427,2652.3795298147884,0.00012860025514263226,8.730192717091738,11.34925053221926,10.0,108.0,1.2860025514263225e-05,99.74126068718638
,,,,,3459.4593140684874,5770.0,0.08765699780038534,2661.122549283453,0.00012860025514263226,8.743019468664357,11.365925309263664,10.0,108.0,1.2860025514263225e-05,99.74126068718638
,,,,,3463.7704039214955,5780.0,0.08820883790691503,2664.438772247305,0.0005518401065296853,3.316222963852498,4.311089853008248,10.0,17.0,5.518401065296853e-05,37.59513267085595
,,,,,3468.108464227127,5790.0,0.08876067801344471,2667.7757417131756,0.0005518401065296853,3.336969465870581,4.338060305631756,10.0,17.0,5.518401065296853e-05,37.59513267085595
,,,,,3472.4734949853823,5800.0,0.0893125181199744,2671.133457681064,0.0005518401065296853,3.3577159678886637,4.365030758255263,10.0,17.0,5.518401065296853e-05,37.59513267085595
,,,,,3486.1474294213913,5810.0,0.08947504602911727,2681.651868785686,0.0001625279091428712,10.518411104622134,13.673934436008775,10.0,26.0,1.625279091428712e-05,117.55692309115099
,,,,,3499.8462020225898,5820.0,0.08963757393826013,2692.1893861712233,0.0001625279091428712,10.537517385537408,13.69877260119863,10.0,26.0,1.625279091428712e-05,117.55692309115099
,,,,,3513.569812788978,5830.0,0.089800101847403,2702.746009837676,0.0001625279091428712,10.556623666452682,13.723610766388486,10.0,26.0,1.625279091428712e-05,117.55692309115099
,,,,,3527.3182617205566,5840.0,0.08996262975654587,2713.321739785044,0.0001625279091428712,10.575729947367954,13.74844893157834,10.0,26.0,1.625279091428712e-05,117.55692309115099
,,,,,3541.091548817325,5850.0,0.09012515766568874,2723.9165760133274,0.0001625279091428712,10.594836228283228,13.773287096768197,10.0,26.0,1.625279091428712e-05,117.55692309115099
,,,,,3554.889674079283,5860.0,0.0902876855748316,2734.5305185225257,0.0001625279091428712,10.613942509198502,13.798125261958052,10.0,26.0,1.625279091428712e-05,117.55692309115099
,,,,,3568.712637506431,5870.0,0.09045021348397447,2745.1635673126393,0.0001625279091428712,10.633048790113776,13.82296342714791,10.0,26.0,1.625279091428712e-05,117.55692309115099
,,,,,3582.5604390987687,5880.0,0.09061274139311734,2755.8157223836683,0.0001625279091428712,10.65215507102905,13.847801592337765,10.0,26.0,1.625279091428712e-05,117.55692309115099
,,,,,3592.438655777482,5890.0,0.09096575564429554,2763.4143505980633,0.0003530142511782076,7.598628214394861,9.878216678713319,10.0,98.0,3.530142511782076e-05,83.53284332741505
,,,,,3602.355207225572,5900.0,0.09131876989547374,2771.042467096594,0.0003530142511782076,7.628116498530875,9.916551448090138,10.0,98.0,3.530142511782076e-05,83.53284332741505
,,,,,3612.310093443039,5910.0,0.09167178414665195,2778.700071879261,0.0003530142511782076,7.657604782666888,9.954886217466955,10.0,98.0,3.530142511782076e-05,83.53284332741505
,,,,,3622.303314429883,5920.0,0.09202479839783015,2786.387164946064,0.0003530142511782076,7.687093066802902,9.993220986843772,10.0,98.0,3.530142511782076e-05,83.53284332741505
,,,,,3632.3348701861037,5930.0,0.09237781264900835,2794.103746297003,0.0003530142511782076,7.716581350938915,10.03155575622059,10.0,98.0,3.530142511782076e-05,83.53284332741505
,,,,,3642.404760711701,5940.0,0.09273082690018655,2801.849815932078,0.0003530142511782076,7.746069635074928,10.069890525597406,10.0,98.0,3.530142511782076e-05,83.53284332741505
,,,,,3652.512986006675,5950.0,0.09308384115136475,2809.6253738512887,0.0003530142511782076,7.775557919210942,10.108225294974226,10.0,98.0,3.530142511782076e-05,83.53284332741505
,,,,,3662.659546071026,5960.0,0.09343685540254296,2817.4304200546358,0.0003530142511782076,7.805046203346955,10.146560064351043,10.0,98.0,3.530142511782076e-05,83.53284332741505
,,,,,3672.844440904754,5970.0,0.09378986965372116,2825.2649545421186,0.0003530142511782076,7.834534487482969,10.18489483372786,10.0,98.0,3.530142511782076e-05,83.53284332741505
,,,,,3694.034150380563,5980.0,0.09396122515840102,2841.564731061972,0.00017135550467986364,16.299776519853214,21.18970947580918,10.0,96.0,1.7135550467986363e-05,173.47343537054616
,,,,,3715.2625031728585,5990.0,0.09413258066308089,2857.894233209892,0.00017135550467986364,16.329502147919687,21.228352792295595,10.0,96.0,1.7135550467986363e-05,173.47343537054616
,,,,,3736.5294992816407,6000.0,0.09430393616776075,2874.253460985878,0.00017135550467986364,16.359227775986156,21.266996108782003,10.0,96.0,1.7135550467986363e-05,173.47343537054616
,,,,,3757.835138706909,6010.0,0.09447529167244062,2890.6424143899308,0.00017135550467986364,16.388953404052625,21.305639425268414,10.0,96.0,1.7135550467986363e-05,173.47343537054616
,,,,,3779.179421448664,6020.0,0.09464664717712049,2907.06109342205,0.00017135550467986364,16.418679032119094,21.344282741754824,10.0,96.0,1.7135550467986363e-05,173.47343537054616
,,,,,3800.562347506905,6030.0,0.09481800268180035,2923.5094980822355,0.00017135550467986364,16.448404660185567,21.38292605824124,10.0,96.0,1.7135550467986363e-05,173.47343537054616
,,,,,3821.983916881633,6040.0,0.09498935818648022,2939.9876283704875,0.00017135550467986364,16.478130288252036,21.421569374727646,10.0,96.0,1.7135550467986363e-05,173.47343537054616
,,,,,3843.444129572847,6050.0,0.09516071369116008,2956.495484286806,0.00017135550467986364,16.507855916318505,21.460212691214057,10.0,96.0,1.7135550467986363e-05,173.47343537054616
,,,,,3864.9429855805474,6060.0,0.09533206919583995,2973.033065831191,0.00017135550467986364,16.537581544384974,21.498856007700468,10.0,96.0,1.7135550467986363e-05,173.47343537054616
,,,,,3886.480484904734,6070.0,0.09550342470051981,2989.6003730036423,0.00017135550467986364,16.567307172451446,21.537499324186882,10.0,96.0,1.7135550467986363e-05,173.47343537054616
,,,,,3908.0566275454075,6080.0,0.09567478020519968,3006.19740580416,0.00017135550467986364,16.597032800517916,21.57614264067329,10.0,96.0,1.7135550467986363e-05,173.47343537054616
,,,,,3929.6714135025672,6090.0,0.09584613570987954,3022.8241642327444,0.00017135550467986364,16.626758428584385,21.6147859571597,10.0,96.0,1.7135550467986363e-05,173.47343537054616
,,,,,3930.942138967713,6100.0,0.09639797581640923,3023.8016453597797,0.0005518401065296853,0.9774811270353836,1.2707254651459987,10.0,21.0,5.518401065296853e-05,10.140058634602502
,,,,,3932.2201388312074,6110.0,0.09694981592293891,3024.7847221778525,0.0005518401065296853,0.9830768180725199,1.277999863494276,10.0,21.0,5.518401065296853e-05,10.140058634602502
,,,,,3933.50541309305,6120.0,0.0975016560294686,3025.773394686962,0.0005518401065296853,0.9886725091096562,1.285274261842553,10.0,21.0,5.518401065296853e-05,10.140058634602502
,,,,,3934.7979617532405,6130.0,0.09805349613599829,3026.767662887109,0.0005518401065296853,0.9942682001467925,1.2925486601908303,10.0,21.0,5.518401065296853e-05,10.140058634602502
,,,,,3936.0977848117795,6140.0,0.09860533624252797,3027.767526778293,0.0005518401065296853,0.9998638911839288,1.2998230585391075,10.0,21.0,5.518401065296853e-05,10.140058634602502
,,,,,3937.404882268667,6150.0,0.09915717634905766,3028.772986360514,0.0005518401065296853,1.005459582221065,1.3070974568873845,10.0,21.0,5.518401065296853e-05,10.140058634602502
,,,,,3938.7192541239024,6160.0,0.09970901645558734,3029.784041633772,0.0005518401065296853,1.0110552732582014,1.314371855235662,10.0,21.0,5.518401065296853e-05,10.140058634602502
,,,,,3940.040900377486,6170.0,0.10026085656211703,3030.8006925980676,0.0005518401065296853,1.0166509642953376,1.321646253583939,10.0,21.0,5.518401065296853e-05,10.140058634602502
,,,,,3941.3698210294183,6180.0,0.10081269666864671,3031.8229392534,0.0005518401065296853,1.022246655332474,1.3289206519322163,10.0,21.0,5.518401065296853e-05,10.140058634602502
,,,,,3942.7060160796987,6190.0,0.1013645367751764,3032.8507815997696,0.0005518401065296853,1.0278423463696102,1.3361950502804933,10.0,21.0,5.518401065296853e-05,10.140058634602502
,,,,,3944.0494855283273,6200.0,0.10191637688170609,3033.884219637176,0.0005518401065296853,1.0334380374067467,1.3434694486287708,10.0,21.0,5.518401065296853e-05,10.140058634602502
,,,,,3945.400229375304,6210.0,0.10246821698823577,3034.92325336562,0.0005518401065296853,1.0390337284438829,1.3507438469770479,10.0,21.0,5.518401065296853e-05,10.140058634602502
,,,,,3946.7582476206294,6220.0,0.10302005709476546,3035.967882785101,0.0005518401065296853,1.0446294194810193,1.3580182453253251,10.0,21.0,5.518401065296853e-05,10.140058634602502
,,,,,3948.123540264303,6230.0,0.10357189720129514,3037.0181078956193,0.0005518401065296853,1.0502251105181555,1.3652926436736021,10.0,21.0,5.518401065296853e-05,10.140058634602502
,,,,,3949.4961073063246,6240.0,0.10412373730782483,3038.073928697175,0.0005518401065296853,1.055820801555292,1.3725670420218796,10.0,21.0,5.518401065296853e-05,10.140058634602502
,,,,,3950.8759487466946,6250.0,0.10467557741435451,3039.135345189767,0.0005518401065296853,1.061416492592428,1.3798414403701567,10.0,21.0,5.518401065296853e-05,10.140058634602502
,,,,,3952.263064585413,6260.0,0.1052274175208842,3040.202357373397,0.0005518401065296853,1.0670121836295645,1.387115838718434,10.0,21.0,5.518401065296853e-05,10.140058634602502
,,,,,3953.6574548224794,6270.0,0.10577925762741389,3041.2749652480634,0.0005518401065296853,1.0726078746667007,1.394390237066711,10.0,21.0,5.518401065296853e-05,10.140058634602502
,,,,,3955.059119457894,6280.0,0.10633109773394357,3042.3531688137673,0.0005518401065296853,1.0782035657038371,1.4016646354149884,10.0,21.0,5.518401065296853e-05,10.140058634602502
,,,,,3956.4680584916573,6290.0,0.10688293784047326,3043.436968070508,0.0005518401065296853,1.0837992567409733,1.4089390337632655,10.0,21.0,5.518401065296853e-05,10.140058634602502
,,,,,3957.8842719237687,6300.0,0.10743477794700294,3044.5263630182862,0.0005518401065296853,1.0893949477781097,1.4162134321115427,10.0,21.0,5.518401065296853e-05,10.140058634602502
,,,,,3961.2668472051505,6310.0,0.10763526407824947,3047.1283440039647,0.0002004861312465204,2.60198098567849,3.3825752813820373,10.0,105.0,2.004861312465204e-05,24.174056782978514
,,,,,3964.65572301859,6320.0,0.107835750209496,3049.7351715527643,0.0002004861312465204,2.6068275487994437,3.388875813439277,10.0,105.0,2.004861312465204e-05,24.174056782978514
,,,,,3968.0508993640865,6330.0,0.10803623634074253,3052.3468456646847,0.0002004861312465204,2.611674111920397,3.395176345496516,10.0,105.0,2.004861312465204e-05,24.174056782978514
,,,,,3971.45237624164,6340.0,0.10823672247198905,3054.9633663397262,0.0002004861312465204,2.61652067504135,3.401476877553755,10.0,105.0,2.004861312465204e-05,24.174056782978514
,,,,,3974.860153651251,6350.0,0.10843720860323558,3057.5847335778885,0.0002004861312465204,2.621367238162303,3.407777409610994,10.0,105.0,2.004861312465204e-05,24.174056782978514
,,,,,3978.2742315929195,6360.0,0.10863769473448211,3060.2109473791716,0.0002004861312465204,2.6262138012832565,3.4140779416682334,10.0,105.0,2.004861312465204e-05,24.174056782978514
,,,,,3981.694610066645,6370.0,0.10883818086572863,3062.842007743576,0.0002004861312465204,2.6310603644042097,3.4203784737254725,10.0,105.0,2.004861312465204e-05,24.174056782978514
,,,,,3985.1212890724278,6380.0,0.10903866699697516,3065.4779146711007,0.0002004861312465204,2.6359069275251628,3.4266790057827117,10.0,105.0,2.004861312465204e-05,24.174056782978514
,,,,,3988.5542686102676,6390.0,0.10923915312822169,3068.118668161747,0.0002004861312465204,2.6407534906461163,3.4329795378399512,10.0,105.0,2.004861312465204e-05,24.174056782978514
,,,,,3991.9935486801646,6400.0,0.10943963925946822,3070.7642682155138,0.0002004861312465204,2.6456000537670694,3.4392800698971904,10.0,105.0,2.004861312465204e-05,24.174056782978514
,,,,,3995.439129282119,6410.0,0.10964012539071474,3073.414714832402,0.0002004861312465204,2.6504466168880225,3.4455806019544295,10.0,105.0,2.004861312465204e-05,24.174056782978514
,,,,,3998.891010416131,6420.0,0.10984061152196127,3076.0700080124107,0.0002004861312465204,2.6552931800089756,3.4518811340116686,10.0,105.0,2.004861312465204e-05,24.174056782978514
,,,,,4002.3491920822,6430.0,0.1100410976532078,3078.7301477555407,0.0002004861312465204,2.660139743129929,3.458181666068908,10.0,105.0,2.004861312465204e-05,24.174056782978514
,,,,,4029.4174055797594,6440.0,0.11059293775973748,3099.551850445971,0.0005518401065296853,20.82170269043042,27.068213497559547,10.0,82.0,5.518401065296853e-05,188.27334830064328
,,,,,4056.6206848972765,6450.0,0.11114477786626717,3120.4774499209843,0.0005518401065296853,20.925599475013346,27.20327931751735,10.0,82.0,5.518401065296853e-05,188.27334830064328
,,,,,4068.344564726746,6460.0,0.11130017426937402,3129.495819020576,0.00015539640310686077,9.018369099591666,11.723879829469167,10.0,107.0,1.5539640310686077e-05,81.0274481490476
,,,,,4080.084813342409,6470.0,0.11145557067248088,3138.5267794941633,0.00015539640310686077,9.030960473586955,11.740248615663042,10.0,107.0,1.5539640310686077e-05,81.0274481490476
,,,,,4097.025393321969,6480.0,0.11155237201057634,3151.557994863056,9.680133809546143e-05,13.031215368892878,16.94057997956074,10.0,44.0,9.680133809546143e-06,116.81701728097168
,,,,,4113.98067375819,6490.0,0.1116491733486718,3164.6005182755343,9.680133809546143e-05,13.042523412477998,16.955280436221397,10.0,44.0,9.680133809546143e-06,116.81701728097168
,,,,,4135.1023730889765,6760.0,0.11184831295679447,3180.847979299216,0.00019913960812265806,16.247461023681733,21.121699330786253,10.0,45.0,1.9913960812265806e-05,145.26335350232696
,,,,,4156.2616784132415,6770.0,0.11204745256491713,3197.124368010189,0.00019913960812265806,16.27638871097277,21.159305324264604,10.0,45.0,1.9913960812265806e-05,145.26335350232696
,,,,,4177.458589730984,6780.0,0.1122465921730398,3213.4296844084524,0.00019913960812265806,16.305316398263805,21.19691131774295,10.0,45.0,1.9913960812265806e-05,145.26335350232696
,,,,,4198.693107042206,6790.0,0.11244573178116246,3229.7639284940074,0.00019913960812265806,16.334244085554843,21.234517311221296,10.0,45.0,1.9913960812265806e-05,145.26335350232696
,,,,,4219.965230346906,6800.0,0.11264487138928513,3246.127100266853,0.00019913960812265806,16.36317177284588,21.272123304699647,10.0,45.0,1.9913960812265806e-05,145.26335350232696
,,,,,4241.274959645084,6810.0,0.11284401099740779,3262.51919972699,0.00019913960812265806,16.39209946013692,21.309729298177995,10.0,45.0,1.9913960812265806e-05,145.26335350232696
,,,,,4262.62229493674,6820.0,0.11304315060553045,3278.940226874418,0.00019913960812265806,16.421027147427957,21.347335291656343,10.0,45.0,1.9913960812265806e-05,145.26335350232696
,,,,,4284.007236221875,6830.0,0.11324229021365312,3295.390181709137,0.00019913960812265806,16.449954834718994,21.384941285134694,10.0,45.0,1.9913960812265806e-05,145.26335350232696
,,,,,4305.429783500488,6840.0,0.11344142982177578,3311.8690642311467,0.00019913960812265806,16.478882522010032,21.42254727861304,10.0,45.0,1.9913960812265806e-05,145.26335350232696
,,,,,4326.88993677258,6850.0,0.11364056942989845,3328.376874440448,0.00019913960812265806,16.50781020930107,21.460153272091393,10.0,45.0,1.9913960812265806e-05,145.26335350232696
,,,,,4348.387696038149,6860.0,0.11383970903802111,3344.91361233704,0.00019913960812265806,16.536737896592108,21.49775926556974,10.0,45.0,1.9913960812265806e-05,145.26335350232696
,,,,,4369.923061297198,6870.0,0.11403884864614378,3361.479277920923,0.00019913960812265806,16.565665583883145,21.53536525904809,10.0,45.0,1.9913960812265806e-05,145.26335350232696
,,,,,4391.496032549724,6880.0,0.11423798825426644,3378.073871192097,0.00019913960812265806,16.59459327117418,21.572971252526436,10.0,45.0,1.9913960812265806e-05,145.26335350232696
,,,,,4413.106609795729,6890.0,0.1144371278623891,3394.6973921505623,0.00019913960812265806,16.623520958465217,21.610577246004784,10.0,45.0,1.9913960812265806e-05,145.26335350232696
,,,,,4434.754793035212,6900.0,0.11463626747051177,3411.3498407963184,0.00019913960812265806,16.652448645756255,21.64818323948313,10.0,45.0,1.9913960812265806e-05,145.26335350232696
,,,,,4456.440582268174,6910.0,0.11483540707863443,3428.031217129366,0.00019913960812265806,16.681376333047293,21.685789232961483,10.0,45.0,1.9913960812265806e-05,145.26335350232696
,,,,,4478.163977494613,6920.0,0.1150345466867571,3444.741521149704,0.00019913960812265806,16.71030402033833,21.72339522643983,10.0,45.0,1.9913960812265806e-05,145.26335350232696
,,,,,4499.924978714532,6930.0,0.11523368629487976,3461.4807528573333,0.00019913960812265806,16.73923170762937,21.76100121991818,10.0,45.0,1.9913960812265806e-05,145.26335350232696
,,,,,4521.723585927928,6940.0,0.11543282590300243,3478.248912252254,0.00019913960812265806,16.768159394920406,21.79860721339653,10.0,45.0,1.9913960812265806e-05,145.26335350232696
,,,,,4543.559799134803,6950.0,0.11563196551112509,3495.0459993344653,0.00019913960812265806,16.797087082211444,21.836213206874877,10.0,45.0,1.9913960812265806e-05,145.26335350232696
,,,,,4565.433618335156,6960.0,0.11583110511924775,3511.8720141039676,0.00019913960812265806,16.826014769502482,21.87381920035323,10.0,45.0,1.9913960812265806e-05,145.26335350232696
,,,,,4587.345043528988,6970.0,0.11603024472737042,3528.726956560761,0.00019913960812265806,16.85494245679352,21.911425193831576,10.0,45.0,1.9913960812265806e-05,145.26335350232696
,,,,,4609.2940747162975,6980.0,0.11622938433549308,3545.6108267048457,0.00019913960812265806,16.883870144084558,21.949031187309927,10.0,45.0,1.9913960812265806e-05,145.26335350232696
,,,,,4631.280711897086,6990.0,0.11642852394361575,3562.523624536221,0.00019913960812265806,16.912797831375592,21.98663718078827,10.0,45.0,1.9913960812265806e-05,145.26335350232696
,,,,,4653.304955071352,7000.0,0.11662766355173841,3579.465350054888,0.00019913960812265806,16.94172551866663,22.02424317426662,10.0,45.0,1.9913960812265806e-05,145.26335350232696
,,,,,4675.366804239097,7010.0,0.11682680315986108,3596.4360032608456,0.00019913960812265806,16.970653205957667,22.061849167744967,10.0,45.0,1.9913960812265806e-05,145.26335350232696
,,,,,4697.46625940032,7020.0,0.11702594276798374,3613.435584154094,0.00019913960812265806,16.999580893248705,22.099455161223318,10.0,45.0,1.9913960812265806e-05,145.26335350232696
,,,,,4719.603320555022,7030.0,0.1172250823761064,3630.464092734634,0.00019913960812265806,17.028508580539743,22.137061154701666,10.0,45.0,1.9913960812265806e-05,145.26335350232696
,,,,,4741.777987703202,7040.0,0.11742422198422907,3647.521529002465,0.00019913960812265806,17.05743626783078,22.174667148180017,10.0,45.0,1.9913960812265806e-05,145.26335350232696
,,,,,4763.99026084486,7050.0,0.11762336159235173,3664.6078929575865,0.00019913960812265806,17.08636395512182,22.212273141658365,10.0,45.0,1.9913960812265806e-05,145.26335350232696
,,,,,4786.2401399799965,7060.0,0.1178225012004744,3681.7231845999995,0.00019913960812265806,17.115291642412856,22.249879135136712,10.0,45.0,1.9913960812265806e-05,145.26335350232696
,,,,,4808.527625108612,7070.0,0.11802164080859706,3698.8674039297034,0.00019913960812265806,17.144219329703894,22.287485128615064,10.0,45.0,1.9913960812265806e-05,145.26335350232696
,,,,,4830.852716230705,7080.0,0.11822078041671973,3716.040550946698,0.00019913960812265806,17.173147016994932,22.32509112209341,10.0,45.0,1.9913960812265806e-05,145.26335350232696
,,,,,4853.215413346276,7090.0,0.11841992002484239,3733.2426256509843,0.00019913960812265806,17.202074704285966,22.362697115571756,10.0,45.0,1.9913960812265806e-05,145.26335350232696
,,,,,4875.615716455326,7100.0,0.11861905963296505,3750.4736280425614,0.00019913960812265806,17.231002391577004,22.400303109050107,10.0,45.0,1.9913960812265806e-05,145.26335350232696
,,,,,4898.0536255578545,7110.0,0.11881819924108772,3767.7335581214293,0.00019913960812265806,17.25993007886804,22.437909102528454,10.0,45.0,1.9913960812265806e-05,145.26335350232696
,,,,,4920.529140653862,7120.0,0.11901733884921038,3785.0224158875885,0.00019913960812265806,17.28885776615908,22.475515096006806,10.0,45.0,1.9913960812265806e-05,145.26335350232696
,,,,,4943.042261743347,7130.0,0.11921647845733305,3802.3402013410387,0.00019913960812265806,17.317785453450117,22.513121089485153,10.0,45.0,1.9913960812265806e-05,145.26335350232696
,,,,,4965.592988826311,7140.0,0.11941561806545571,3819.6869144817797,0.00019913960812265806,17.346713140741155,22.5507270829635,10.0,45.0,1.9913960812265806e-05,145.26335350232696
,,,,,4988.181321902753,7150.0,0.11961475767357838,3837.062555309812,0.00019913960812265806,17.375640828032193,22.588333076441852,10.0,45.0,1.9913960812265806e-05,145.26335350232696
,,,,,5010.807260972673,7160.0,0.11981389728170104,3854.4671238251353,0.00019913960812265806,17.40456851532323,22.6259390699202,10.0,45.0,1.9913960812265806e-05,145.26335350232696
,,,,,5033.470806036072,7170.0,0.1200130368898237,3871.9006200277495,0.00019913960812265806,17.43349620261427,22.66354506339855,10.0,45.0,1.9913960812265806e-05,145.26335350232696
,,,,,5044.708936569648,7180.0,0.12056487699635339,3880.5453358228083,0.0005518401065296853,8.644715795058998,11.238130533576697,10.0,2.0,5.518401065296853e-05,71.70177592700125
,,,,,5055.998505393591,7190.0,0.12111671710288308,3889.2296195335334,0.0005518401065296853,8.684283710724923,11.2895688239424,10.0,2.0,5.518401065296853e-05,71.70177592700125
,,,,,5067.339512507899,7200.0,0.12166855720941276,3897.9534711599244,0.0005518401065296853,8.723851626390847,11.3410071143081,10.0,2.0,5.518401065296853e-05,71.70177592700125
,,,,,5078.731957912572,7210.0,0.12222039731594245,3906.7168907019814,0.0005518401065296853,8.76341954205677,11.3924454046738,10.0,2.0,5.518401065296853e-05,71.70177592700125
,,,,,5090.175841607612,7220.0,0.12277223742247213,3915.519878159704,0.0005518401065296853,8.802987457722695,11.443883695039505,10.0,2.0,5.518401065296853e-05,71.70177592700125
,,,,,5101.671163593017,7230.0,0.12332407752900182,3924.362433533093,0.0005518401065296853,8.842555373388619,11.495321985405205,10.0,2.0,5.518401065296853e-05,71.70177592700125
,,,,,5113.217923868788,7240.0,0.1238759176355315,3933.2445568221474,0.0005518401065296853,8.882123289054542,11.546760275770906,10.0,2.0,5.518401065296853e-05,71.70177592700125
,,,,,5124.816122434924,7250.0,0.12442775774206119,3942.166248026868,0.0005518401065296853,8.921691204720467,11.598198566136608,10.0,2.0,5.518401065296853e-05,71.70177592700125
,,,,,5136.465759291426,7260.0,0.12497959784859088,3951.127507147254,0.0005518401065296853,8.96125912038639,11.649636856502308,10.0,2.0,5.518401065296853e-05,71.70177592700125
,,,,,5148.166834438294,7270.0,0.12553143795512056,3960.1283341833064,0.0005518401065296853,9.000827036052314,11.701075146868009,10.0,2.0,5.518401065296853e-05,71.70177592700125
,,,,,5159.919347875528,7280.0,0.12608327806165023,3969.1687291350245,0.0005518401065296853,9.040394951718238,11.75251343723371,10.0,2.0,5.518401065296853e-05,71.70177592700125
,,,,,5171.723299603127,7290.0,0.1266351181681799,3978.2486920024085,0.0005518401065296853,9.079962867384161,11.80395172759941,10.0,2.0,5.518401065296853e-05,71.70177592700125
,,,,,5183.578689621092,7300.0,0.12718695827470958,3987.3682227854583,0.0005518401065296853,9.119530783050084,11.85539001796511,10.0,2.0,5.518401065296853e-05,71.70177592700125
,,,,,5195.485517929423,7310.0,0.12773879838123925,3996.5273214841745,0.0005518401065296853,9.159098698716006,11.906828308330809,10.0,2.0,5.518401065296853e-05,71.70177592700125
,,,,,5207.443784528119,7320.0,0.12829063848776892,4005.7259880985566,0.0005518401065296853,9.19866661438193,11.95826659869651,10.0,2.0,5.518401065296853e-05,71.70177592700125
,,,,,5219.453489417181,7330.0,0.1288424785942986,4014.9642226286046,0.0005518401065296853,9.238234530047853,12.00970488906221,10.0,2.0,5.518401065296853e-05,71.70177592700125
,,,,,5231.514632596609,7340.0,0.12939431870082826,4024.2420250743185,0.0005518401065296853,9.277802445713776,12.06114317942791,10.0,2.0,5.518401065296853e-05,71.70177592700125
,,,,,5243.627214066402,7350.0,0.12994615880735794,4033.559395435698,0.0005518401065296853,9.317370361379698,12.112581469793607,10.0,2.0,5.518401065296853e-05,71.70177592700125
,,,,,5255.791233826561,7360.0,0.1304979989138876,4042.916333712744,0.0005518401065296853,9.356938277045622,12.164019760159308,10.0,2.0,5.518401065296853e-05,71.70177592700125
,,,,,5268.006691877086,7370.0,0.13104983902041728,4052.3128399054553,0.0005518401065296853,9.396506192711545,12.215458050525008,10.0,2.0,5.518401065296853e-05,71.70177592700125
,,,,,5280.273588217977,7380.0,0.13160167912694695,4061.7489140138327,0.0005518401065296853,9.436074108377468,12.266896340890709,10.0,2.0,5.518401065296853e-05,71.70177592700125
,,,,,5292.591922849233,7390.0,0.13215351923347662,4071.224556037876,0.0005518401065296853,9.47564202404339,12.318334631256407,10.0,2.0,5.518401065296853e-05,71.70177592700125
,,,,,5304.961695770855,7400.0,0.1327053593400063,4080.739765977585,0.0005518401065296853,9.515209939709314,12.369772921622108,10.0,2.0,5.518401065296853e-05,71.70177592700125
,,,,,5317.3829069828425,7410.0,0.13325719944653597,4090.2945438329602,0.0005518401065296853,9.554777855375237,12.421211211987808,10.0,2.0,5.518401065296853e-05,71.70177592700125
,,,,,5329.855556485196,7420.0,0.13380903955306564,4099.888889604002,0.0005518401065296853,9.59434577104116,12.472649502353509,10.0,2.0,5.518401065296853e-05,71.70177592700125
,,,,,5342.379644277915,7430.0,0.1343608796595953,4109.522803290709,0.0005518401065296853,9.633913686707084,12.52408779271921,10.0,2.0,5.518401065296853e-05,71.70177592700125
,,,,,5354.955170361,7440.0,0.13491271976612498,4119.196284893082,0.0005518401065296853,9.673481602373005,12.575526083084908,10.0,2.0,5.518401065296853e-05,71.70177592700125
,,,,,5367.58213473445,7450.0,0.13546455987265466,4128.909334411121,0.0005518401065296853,9.713049518038929,12.626964373450608,10.0,2.0,5.518401065296853e-05,71.70177592700125
,,,,,5380.260537398266,7460.0,0.13601639997918433,4138.661951844825,0.0005518401065296853,9.752617433704852,12.678402663816309,10.0,2.0,5.518401065296853e-05,71.70177592700125
,,,,,5392.990378352448,7470.0,0.136568240085714,4148.454137194196,0.0005518401065296853,9.792185349370776,12.72984095418201,10.0,2.0,5.518401065296853e-05,71.70177592700125
,,,,,5405.771657596995,7480.0,0.13712008019224367,4158.285890459233,0.0005518401065296853,9.831753265036697,12.781279244547708,10.0,2.0,5.518401065296853e-05,71.70177592700125
,,,,,5418.6043751319085,7490.0,0.13767192029877334,4168.157211639936,0.0005518401065296853,9.87132118070262,12.832717534913408,10.0,2.0,5.518401065296853e-05,71.70177592700125
,,,,,5431.488530957187,7500.0,0.13822376040530301,4178.068100736305,0.0005518401065296853,9.910889096368544,12.884155825279109,10.0,2.0,5.518401065296853e-05,71.70177592700125
,,,,,5444.424125072832,7510.0,0.1387756005118327,4188.018557748339,0.0005518401065296853,9.950457012034468,12.93559411564481,10.0,2.0,5.518401065296853e-05,71.70177592700125
,,,,,5457.411157478842,7520.0,0.13932744061836236,4198.00858267604,0.0005518401065296853,9.990024927700391,12.98703240601051,10.0,2.0,5.518401065296853e-05,71.70177592700125
,,,,,5470.449628175218,7530.0,0.13987928072489203,4208.038175519406,0.0005518401065296853,10.029592843366313,13.038470696376207,10.0,2.0,5.518401065296853e-05,71.70177592700125
,,,,,5483.53953716196,7540.0,0.1404311208314217,4218.107336278438,0.0005518401065296853,10.069160759032236,13.089908986741907,10.0,2.0,5.518401065296853e-05,71.70177592700125
,,,,,5496.680884439067,7550.0,0.14098296093795137,4228.216064953136,0.0005518401065296853,10.10872867469816,13.141347277107608,10.0,2.0,5.518401065296853e-05,71.70177592700125
,,,,,5509.87367000654,7560.0,0.14153480104448105,4238.3643615435,0.0005518401065296853,10.148296590364083,13.192785567473308,10.0,2.0,5.518401065296853e-05,71.70177592700125
,,,,,5523.117893864379,7570.0,0.14208664115101072,4248.55222604953,0.0005518401065296853,10.187864506030005,13.244223857839007,10.0,2.0,5.518401065296853e-05,71.70177592700125
,,,,,5536.413556012583,7580.0,0.1426384812575404,4258.779658471226,0.0005518401065296853,10.227432421695928,13.295662148204707,10.0,2.0,5.518401065296853e-05,71.70177592700125
,,,,,5549.760656451153,7590.0,0.14319032136407006,4269.046658808587,0.0005518401065296853,10.267000337361852,13.347100438570408,10.0,2.0,5.518401065296853e-05,71.70177592700125
,,,,,5563.159195180089,7600.0,0.14374216147059973,4279.353227061615,0.0005518401065296853,10.306568253027775,13.398538728936108,10.0,2.0,5.518401065296853e-05,71.70177592700125
,,,,,5576.609172199391,7610.0,0.1442940015771294,4289.699363230309,0.0005518401065296853,10.346136168693697,13.449977019301807,10.0,2.0,5.518401065296853e-05,71.70177592700125
,,,,,5590.110587509058,7620.0,0.14484584168365908,4300.085067314669,0.0005518401065296853,10.38570408435962,13.501415309667507,10.0,2.0,5.518401065296853e-05,71.70177592700125
,,,,,5603.663441109091,7630.0,0.14539768179018875,4310.510339314695,0.0005518401065296853,10.425272000025544,13.552853600033208,10.0,2.0,5.518401065296853e-05,71.70177592700125
,,,,,5617.267732999489,7640.0,0.14594952189671842,4320.975179230386,0.0005518401065296853,10.464839915691467,13.604291890398908,10.0,2.0,5.518401065296853e-05,71.70177592700125
,,,,,5630.923463180254,7650.0,0.1465013620032481,4331.479587061744,0.0005518401065296853,10.50440783135739,13.655730180764609,10.0,2.0,5.518401065296853e-05,71.70177592700125
,,,,,5644.630631651384,7660.0,0.14705320210977776,4342.023562808767,0.0005518401065296853,10.543975747023312,13.707168471130306,10.0,2.0,5.518401065296853e-05,71.70177592700125
,,,,,5658.389238412879,7670.0,0.14760504221630744,4352.607106471456,0.0005518401065296853,10.583543662689236,13.758606761496006,10.0,2.0,5.518401065296853e-05,71.70177592700125
,,,,,5672.199283464741,7680.0,0.1481568823228371,4363.230218049811,0.0005518401065296853,10.623111578355159,13.810045051861707,10.0,2.0,5.518401065296853e-05,71.70177592700125
,,,,,5686.060766806968,7690.0,0.14870872242936678,4373.892897543832,0.0005518401065296853,10.662679494021083,13.861483342227407,10.0,2.0,5.518401065296853e-05,71.70177592700125
,,,,,5693.770157165208,7700.0,0.14926056253589645,4379.823197819402,0.0005518401065296853,5.930300275569391,7.709390358240209,10.0,1.0,5.518401065296853e-05,39.731193389701865
,,,,,5701.508050369239,7710.0,0.14981240264242612,4385.775423360964,0.0005518401065296853,5.952225541562115,7.737893204030749,10.0,1.0,5.518401065296853e-05,39.731193389701865
,,,,,5709.27444641906,7720.0,0.1503642427489558,4391.749574168519,0.0005518401065296853,5.974150807554839,7.7663960498212905,10.0,1.0,5.518401065296853e-05,39.731193389701865
,,,,,5717.069345314672,7730.0,0.15091608285548547,4397.745650242066,0.0005518401065296853,5.996076073547563,7.794898895611833,10.0,1.0,5.518401065296853e-05,39.731193389701865
,,,,,5724.892747056075,7740.0,0.15146792296201514,4403.763651581607,0.0005518401065296853,6.018001339540287,7.823401741402374,10.0,1.0,5.518401065296853e-05,39.731193389701865
,,,,,5732.744651643267,7750.0,0.1520197630685448,4409.8035781871395,0.0005518401065296853,6.039926605533012,7.851904587192916,10.0,1.0,5.518401065296853e-05,39.731193389701865
,,,,,5740.625059076251,7760.0,0.15257160317507448,4415.865430058665,0.0005518401065296853,6.061851871525735,7.880407432983456,10.0,1.0,5.518401065296853e-05,39.731193389701865
,,,,,5748.533969355025,7770.0,0.15312344328160415,4421.949207196183,0.0005518401065296853,6.083777137518459,7.908910278773997,10.0,1.0,5.518401065296853e-05,39.731193389701865
,,,,,5756.47138247959,7780.0,0.15367528338813383,4428.054909599694,0.0005518401065296853,6.1057024035111835,7.9374131245645385,10.0,1.0,5.518401065296853e-05,39.731193389701865
,,,,,5764.437298449945,7790.0,0.1542271234946635,4434.182537269197,0.0005518401065296853,6.127627669503908,7.965915970355081,10.0,1.0,5.518401065296853e-05,39.731193389701865
,,,,,5772.43171726609,7800.0,0.15477896360119317,4440.332090204694,0.0005518401065296853,6.149552935496631,7.994418816145621,10.0,1.0,5.518401065296853e-05,39.731193389701865
,,,,,5780.454638928027,7810.0,0.15533080370772284,4446.503568406184,0.0005518401065296853,6.171478201489355,8.022921661936163,10.0,1.0,5.518401065296853e-05,39.731193389701865
,,,,,5788.506063435753,7820.0,0.15588264381425251,4452.696971873666,0.0005518401065296853,6.19340346748208,8.051424507726704,10.0,1.0,5.518401065296853e-05,39.731193389701865
,,,,,5796.585990789271,7830.0,0.15643448392078219,4458.912300607141,0.0005518401065296853,6.215328733474804,8.079927353517245,10.0,1.0,5.518401065296853e-05,39.731193389701865
,,,,,5804.694420988579,7840.0,0.15698632402731186,4465.149554606609,0.0005518401065296853,6.237253999467528,8.108430199307787,10.0,1.0,5.518401065296853e-05,39.731193389701865
,,,,,5812.831354033677,7850.0,0.15753816413384153,4471.408733872069,0.0005518401065296853,6.259179265460252,8.136933045098328,10.0,1.0,5.518401065296853e-05,39.731193389701865
,,,,,5820.996789924566,7860.0,0.1580900042403712,4477.689838403522,0.0005518401065296853,6.281104531452976,8.165435890888869,10.0,1.0,5.518401065296853e-05,39.731193389701865
,,,,,5829.190728661245,7870.0,0.15864184434690087,4483.992868200968,0.0005518401065296853,6.3030297974457,8.19393873667941,10.0,1.0,5.518401065296853e-05,39.731193389701865
,,,,,5837.413170243715,7880.0,0.15919368445343055,4490.317823264406,0.0005518401065296853,6.324955063438424,8.222441582469951,10.0,1.0,5.518401065296853e-05,39.731193389701865
,,,,,5845.664114671976,7890.0,0.15974552455996022,4496.664703593837,0.0005518401065296853,6.346880329431149,8.250944428260494,10.0,1.0,5.518401065296853e-05,39.731193389701865
,,,,,5853.943561946026,7900.0,0.1602973646664899,4503.03350918926,0.0005518401065296853,6.368805595423872,8.279447274051034,10.0,1.0,5.518401065296853e-05,39.731193389701865
,,,,,5862.251512065868,7910.0,0.16084920477301956,4509.424240050676,0.0005518401065296853,6.390730861416596,8.307950119841575,10.0,1.0,5.518401065296853e-05,39.731193389701865
,,,,,5870.5879650315,7920.0,0.16140104487954923,4515.836896178086,0.0005518401065296853,6.412656127409321,8.336452965632118,10.0,1.0,5.518401065296853e-05,39.731193389701865
,,,,,5878.952920842923,7930.0,0.1619528849860789,4522.2714775714885,0.0005518401065296853,6.434581393402045,8.364955811422659,10.0,1.0,5.518401065296853e-05,39.731193389701865
,,,,,5887.346379500136,7940.0,0.16250472509260858,4528.7279842308835,0.0005518401065296853,6.456506659394768,8.393458657213198,10.0,1.0,5.518401065296853e-05,39.731193389701865
,,,,,5895.7683410031395,7950.0,0.16305656519913825,4535.206416156271,0.0005518401065296853,6.4784319253874925,8.421961503003741,10.0,1.0,5.518401065296853e-05,39.731193389701865
,,,,,5904.218805351934,7960.0,0.16360840530566792,4541.7067733476515,0.0005518401065296853,6.500357191380217,8.450464348794283,10.0,1.0,5.518401065296853e-05,39.731193389701865
,,,,,5912.6977725465185,7970.0,0.1641602454121976,4548.2290558050245,0.0005518401065296853,6.522282457372941,8.478967194584824,10.0,1.0,5.518401065296853e-05,39.731193389701865
,,,,,5921.205242586894,7980.0,0.16471208551872726,4554.77326352839,0.0005518401065296853,6.544207723365665,8.507470040375365,10.0,1.0,5.518401065296853e-05,39.731193389701865
,,,,,5929.74121547306,7990.0,0.16526392562525694,4561.339396517748,0.0005518401065296853,6.566132989358389,8.535972886165906,10.0,1.0,5.518401065296853e-05,39.731193389701865
,,,,,5938.305691205016,8000.0,0.1658157657317866,4567.927454773099,0.0005518401065296853,6.588058255351113,8.564475731956447,10.0,1.0,5.518401065296853e-05,39.731193389701865
,,,,,5946.898669782763,8010.0,0.16636760583831628,4574.537438294443,0.0005518401065296853,6.609983521343837,8.592978577746988,10.0,1.0,5.518401065296853e-05,39.731193389701865
,,,,,5955.5201512063,8020.0,0.16691944594484595,4581.169347081779,0.0005518401065296853,6.631908787336561,8.62148142353753,10.0,1.0,5.518401065296853e-05,39.731193389701865
,,,,,5964.170135475629,8030.0,0.16747128605137562,4587.823181135108,0.0005518401065296853,6.653834053329286,8.64998426932807,10.0,1.0,5.518401065296853e-05,39.731193389701865
,,,,,5972.848622590747,8040.0,0.1680231261579053,4594.49894045443,0.0005518401065296853,6.675759319322009,8.678487115118612,10.0,1.0,5.518401065296853e-05,39.731193389701865
,,,,,5981.555612551657,8050.0,0.16857496626443497,4601.196625039745,0.0005518401065296853,6.697684585314733,8.706989960909153,10.0,1.0,5.518401065296853e-05,39.731193389701865
,,,,,5990.291105358357,8060.0,0.16912680637096464,4607.916234891053,0.0005518401065296853,6.719609851307458,8.735492806699694,10.0,1.0,5.518401065296853e-05,39.731193389701865
,,,,,5999.055101010847,8070.0,0.1696786464774943,4614.6577700083535,0.0005518401065296853,6.741535117300182,8.763995652490237,10.0,1.0,5.518401065296853e-05,39.731193389701865
,,,,,6007.847599509128,8080.0,0.17023048658402398,4621.4212303916465,0.0005518401065296853,6.763460383292905,8.792498498280777,10.0,1.0,5.518401065296853e-05,39.731193389701865
,,,,,6016.668600853199,8090.0,0.17078232669055365,4628.206616040932,0.0005518401065296853,6.7853856492856295,8.821001344071318,10.0,1.0,5.518401065296853e-05,39.731193389701865
,,,,,6025.518105043061,8100.0,0.17133416679708333,4635.0139269562105,0.0005518401065296853,6.807310915278354,8.849504189861861,10.0,1.0,5.518401065296853e-05,39.731193389701865
,,,,,6034.3961120787135,8110.0,0.171886006903613,4641.8431631374815,0.0005518401065296853,6.829236181271078,8.878007035652402,10.0,1.0,5.518401065296853e-05,39.731193389701865
,,,,,6043.302621960156,8120.0,0.17243784701014267,4648.694324584745,0.0005518401065296853,6.851161447263802,8.906509881442943,10.0,1.0,5.518401065296853e-05,39.731193389701865
,,,,,6052.23763468739,8130.0,0.17298968711667234,4655.567411298001,0.0005518401065296853,6.873086713256526,8.935012727233484,10.0,1.0,5.518401065296853e-05,39.731193389701865
,,,,,6061.201150260414,8140.0,0.173541527223202,4662.46242327725,0.0005518401065296853,6.89501197924925,8.963515573024026,10.0,1.0,5.518401065296853e-05,39.731193389701865
,,,,,6070.193168679229,8150.0,0.17409336732973169,4669.379360522492,0.0005518401065296853,6.916937245241974,8.992018418814567,10.0,1.0,5.518401065296853e-05,39.731193389701865
,,,,,6079.213689943834,8160.0,0.17464520743626136,4676.318223033727,0.0005518401065296853,6.938862511234698,9.020521264605108,10.0,1.0,5.518401065296853e-05,39.731193389701865
,,,,,6088.262714054229,8170.0,0.17519704754279103,4683.279010810955,0.0005518401065296853,6.960787777227423,9.04902411039565,10.0,1.0,5.518401065296853e-05,39.731193389701865
,,,,,6097.340241010415,8180.0,0.1757488876493207,4690.261723854175,0.0005518401065296853,6.982713043220146,9.07752695618619,10.0,1.0,5.518401065296853e-05,39.731193389701865
,,,,,6106.446270812392,8190.0,0.17630072775585037,4697.266362163388,0.0005518401065296853,7.00463830921287,9.106029801976732,10.0,1.0,5.518401065296853e-05,39.731193389701865
,,,,,6115.58080346016,8200.0,0.17685256786238004,4704.292925738594,0.0005518401065296853,7.026563575205595,9.134532647767273,10.0,1.0,5.518401065296853e-05,39.731193389701865
,,,,,6124.743838953717,8210.0,0.17740440796890972,4711.341414579792,0.0005518401065296853,7.048488841198319,9.163035493557814,10.0,1.0,5.518401065296853e-05,39.731193389701865
,,,,,6133.935377293065,8220.0,0.1779562480754394,4718.411828686983,0.0005518401065296853,7.070414107191042,9.191538339348355,10.0,1.0,5.518401065296853e-05,39.731193389701865
,,,,,6143.155418478204,8230.0,0.17850808818196906,4725.504168060167,0.0005518401065296853,7.0923393731837665,9.220041185138896,10.0,1.0,5.518401065296853e-05,39.731193389701865
,,,,,6152.403962509134,8240.0,0.17905992828849873,4732.618432699343,0.0005518401065296853,7.114264639176491,9.248544030929438,10.0,1.0,5.518401065296853e-05,39.731193389701865
,,,,,6161.681009385854,8250.0,0.1796117683950284,4739.754622604512,0.0005518401065296853,7.136189905169215,9.27704687671998,10.0,1.0,5.518401065296853e-05,39.731193389701865
,,,,,6170.986559108364,8260.0,0.18016360850155808,4746.912737775674,0.0005518401065296853,7.158115171161939,9.305549722510522,10.0,1.0,5.518401065296853e-05,39.731193389701865
,,,,,6180.320611676665,8270.0,0.18071544860808775,4754.092778212828,0.0005518401065296853,7.180040437154663,9.334052568301061,10.0,1.0,5.518401065296853e-05,39.731193389701865
,,,,,6189.683167090757,8280.0,0.18126728871461742,4761.294743915976,0.0005518401065296853,7.201965703147387,9.362555414091604,10.0,1.0,5.518401065296853e-05,39.731193389701865
,,,,,6199.074225350639,8290.0,0.1818191288211471,4768.518634885117,0.0005518401065296853,7.223890969140111,9.391058259882145,10.0,1.0,5.518401065296853e-05,39.731193389701865
,,,,,6208.493786456312,8300.0,0.18237096892767676,4775.76445112025,0.0005518401065296853,7.2458162351328355,9.419561105672686,10.0,1.0,5.518401065296853e-05,39.731193389701865
,,,,,6217.941850407775,8310.0,0.18292280903420644,4783.0321926213755,0.0005518401065296853,7.267741501125559,9.448063951463228,10.0,1.0,5.518401065296853e-05,39.731193389701865
,,,,,6227.418417205028,8320.0,0.1834746491407361,4790.321859388494,0.0005518401065296853,7.289666767118283,9.476566797253769,10.0,1.0,5.518401065296853e-05,39.731193389701865
,,,,,6236.923486848073,8330.0,0.18402648924726578,4797.633451421605,0.0005518401065296853,7.311592033111007,9.50506964304431,10.0,1.0,5.518401065296853e-05,39.731193389701865
,,,,,6246.457059336907,8340.0,0.18457832935379545,4804.966968720709,0.0005518401065296853,7.333517299103732,9.533572488834851,10.0,1.0,5.518401065296853e-05,39.731193389701865
,,,,,6256.019134671533,8350.0,0.18513016946032512,4812.322411285805,0.0005518401065296853,7.355442565096456,9.562075334625392,10.0,1.0,5.518401065296853e-05,39.731193389701865
,,,,,6265.609712851949,8360.0,0.1856820095668548,4819.699779116894,0.0005518401065296853,7.377367831089179,9.590578180415934,10.0,1.0,5.518401065296853e-05,39.731193389701865
,,,,,6275.228793878156,8370.0,0.18623384967338447,4827.099072213976,0.0005518401065296853,7.3992930970819035,9.619081026206475,10.0,1.0,5.518401065296853e-05,39.731193389701865
,,,,,6284.876377750153,8380.0,0.18678568977991414,4834.52029057705,0.0005518401065296853,7.421218363074628,9.647583871997016,10.0,1.0,5.518401065296853e-05,39.731193389701865
,,,,,6294.55246446794,8390.0,0.1873375298864438,4841.963434206117,0.0005518401065296853,7.443143629067352,9.676086717787557,10.0,1.0,5.518401065296853e-05,39.731193389701865
,,,,,6304.257054031518,8400.0,0.18788936999297348,4849.428503101177,0.0005518401065296853,7.465068895060076,9.7045895635781,10.0,1.0,5.518401065296853e-05,39.731193389701865
,,,,,6313.990146440887,8410.0,0.18844121009950315,4856.91549726223,0.0005518401065296853,7.4869941610528,9.73309240936864,10.0,1.0,5.518401065296853e-05,39.731193389701865
,,,,,6323.751741696046,8420.0,0.18899305020603283,4864.424416689276,0.0005518401065296853,7.508919427045524,9.76159525515918,10.0,1.0,5.518401065296853e-05,39.731193389701865
,,,,,6333.541839796996,8430.0,0.1895448903125625,4871.955261382314,0.0005518401065296853,7.530844693038248,9.790098100949724,10.0,1.0,5.518401065296853e-05,39.731193389701865
,,,,,6343.360440743736,8440.0,0.19009673041909217,4879.5080313413455,0.0005518401065296853,7.5527699590309725,9.818600946740265,10.0,1.0,5.518401065296853e-05,39.731193389701865
,,,,,6353.207544536267,8450.0,0.19064857052562184,4887.082726566369,0.0005518401065296853,7.574695225023696,9.847103792530804,10.0,1.0,5.518401065296853e-05,39.731193389701865
,,,,,6363.083151174588,8460.0,0.1912004106321515,4894.679347057386,0.0005518401065296853,7.59662049101642,9.875606638321347,10.0,1.0,5.518401065296853e-05,39.731193389701865
,,,,,6372.9872606587005,8470.0,0.19175225073868118,4902.297892814395,0.0005518401065296853,7.618545757009144,9.904109484111888,10.0,1.0,5.518401065296853e-05,39.731193389701865
,,,,,6382.919872988603,8480.0,0.19230409084521086,4909.9383638373965,0.0005518401065296853,7.640471023001869,9.93261232990243,10.0,1.0,5.518401065296853e-05,39.731193389701865
,,,,,6392.880988164296,8490.0,0.19285593095174053,4917.600760126391,0.0005518401065296853,7.662396288994593,9.96111517569297,10.0,1.0,5.518401065296853e-05,39.731193389701865
,,,,,6402.870606185779,8500.0,0.1934077710582702,4925.285081681378,0.0005518401065296853,7.684321554987316,9.989618021483512,10.0,1.0,5.518401065296853e-05,39.731193389701865
,,,,,6412.888727053053,8510.0,0.19395961116479987,4932.991328502358,0.0005518401065296853,7.7062468209800405,10.018120867274053,10.0,1.0,5.518401065296853e-05,39.731193389701865
,,,,,6422.935350766118,8520.0,0.19451145127132954,4940.71950058933,0.0005518401065296853,7.728172086972765,10.046623713064594,10.0,1.0,5.518401065296853e-05,39.731193389701865
,,,,,6433.010477324973,8530.0,0.19506329137785922,4948.469597942296,0.0005518401065296853,7.750097352965489,10.075126558855136,10.0,1.0,5.518401065296853e-05,39.731193389701865
,,,,,6443.1141067296185,8540.0,0.1956151314843889,4956.241620561254,0.0005518401065296853,7.772022618958213,10.103629404645678,10.0,1.0,5.518401065296853e-05,39.731193389701865
,,,,,6453.246238980055,8550.0,0.19616697159091856,4964.035568446206,0.0005518401065296853,7.793947884950937,10.132132250436218,10.0,1.0,5.518401065296853e-05,39.731193389701865
,,,,,6463.406874076281,8560.0,0.19671881169744823,4971.8514415971495,0.0005518401065296853,7.815873150943661,10.160635096226759,10.0,1.0,5.518401065296853e-05,39.731193389701865
,,,,,6473.596012018299,8570.0,0.1972706518039779,4979.689240014086,0.0005518401065296853,7.837798416936385,10.1891379420173,10.0,1.0,5.518401065296853e-05,39.731193389701865
,,,,,6483.813652806107,8580.0,0.19782249191050758,4987.548963697015,0.0005518401065296853,7.8597236829291095,10.217640787807843,10.0,1.0,5.518401065296853e-05,39.731193389701865
,,,,,6494.059796439705,8590.0,0.19837433201703725,4995.430612645937,0.0005518401065296853,7.881648948921833,10.246143633598383,10.0,1.0,5.518401065296853e-05,39.731193389701865
,,,,,6504.334442919094,8600.0,0.19892617212356692,5003.334186860851,0.0005518401065296853,7.903574214914557,10.274646479388924,10.0,1.0,5.518401065296853e-05,39.731193389701865
,,,,,6514.637592244273,8610.0,0.1994780122300966,5011.259686341758,0.0005518401065296853,7.925499480907281,10.303149325179467,10.0,1.0,5.518401065296853e-05,39.731193389701865
,,,,,6524.969244415243,8620.0,0.20002985233662626,5019.207111088658,0.0005518401065296853,7.947424746900006,10.331652170970008,10.0,1.0,5.518401065296853e-05,39.731193389701865
,,,,,6535.329399432004,8630.0,0.20058169244315593,5027.176461101551,0.0005518401065296853,7.96935001289273,10.36015501676055,10.0,1.0,5.518401065296853e-05,39.731193389701865
,,,,,6545.7180572945545,8640.0,0.2011335325496856,5035.167736380436,0.0005518401065296853,7.991275278885453,10.38865786255109,10.0,1.0,5.518401065296853e-05,39.731193389701865
,,,,,6556.135218002896,8650.0,0.20168537265621528,5043.180936925314,0.0005518401065296853,8.013200544878178,10.417160708341632,10.0,1.0,5.518401065296853e-05,39.731193389701865
,,,,,6566.580881557028,8660.0,0.20223721276274495,5051.216062736185,0.0005518401065296853,8.035125810870902,10.445663554132173,10.0,1.0,5.518401065296853e-05,39.731193389701865
,,,,,6577.055047956951,8670.0,0.20278905286927462,5059.273113813049,0.0005518401065296853,8.057051076863626,10.474166399922714,10.0,1.0,5.518401065296853e-05,39.731193389701865
,,,,,6587.557717202664,8680.0,0.2033408929758043,5067.352090155906,0.0005518401065296853,8.07897634285635,10.502669245713255,10.0,1.0,5.518401065296853e-05,39.731193389701865
,,,,,6598.088889294168,8690.0,0.20389273308233397,5075.452991764755,0.0005518401065296853,8.100901608849075,10.531172091503798,10.0,1.0,5.518401065296853e-05,39.731193389701865
,,,,,6608.648564231463,8700.0,0.20444457318886364,5083.575818639597,0.0005518401065296853,8.122826874841799,10.55967493729434,10.0,1.0,5.518401065296853e-05,39.731193389701865
,,,,,6619.236742014547,8710.0,0.2049964132953933,5091.720570780431,0.0005518401065296853,8.144752140834521,10.588177783084879,10.0,1.0,5.518401065296853e-05,39.731193389701865
,,,,,6629.853422643423,8720.0,0.20554825340192298,5099.887248187259,0.0005518401065296853,8.166677406827246,10.61668062887542,10.0,1.0,5.518401065296853e-05,39.731193389701865
,,,,,6640.498606118089,8730.0,0.20610009350845265,5108.075850860078,0.0005518401065296853,8.18860267281997,10.645183474665961,10.0,1.0,5.518401065296853e-05,39.731193389701865
,,,,,6651.172292438546,8740.0,0.20665193361498232,5116.286378798891,0.0005518401065296853,8.210527938812694,10.673686320456502,10.0,1.0,5.518401065296853e-05,39.731193389701865
,,,,,6661.874481604793,8750.0,0.207203773721512,5124.518832003696,0.0005518401065296853,8.232453204805418,10.702189166247045,10.0,1.0,5.518401065296853e-05,39.731193389701865
,,,,,6672.60517361683,8760.0,0.20775561382804167,5132.773210474494,0.0005518401065296853,8.254378470798143,10.730692012037586,10.0,1.0,5.518401065296853e-05,39.731193389701865
,,,,,6683.3643684746585,8770.0,0.20830745393457134,5141.049514211285,0.0005518401065296853,8.276303736790867,10.759194857828128,10.0,1.0,5.518401065296853e-05,39.731193389701865
,,,,,6694.152066178277,8780.0,0.208859294041101,5149.347743214069,0.0005518401065296853,8.298229002783591,10.787697703618669,10.0,1.0,5.518401065296853e-05,39.731193389701865
,,,,,6704.968266727687,8790.0,0.20941113414763068,5157.667897482846,0.0005518401065296853,8.320154268776315,10.81620054940921,10.0,1.0,5.518401065296853e-05,39.731193389701865
,,,,,6715.812970122886,8800.0,0.20996297425416036,5166.009977017615,0.0005518401065296853,8.342079534769038,10.84470339519975,10.0,1.0,5.518401065296853e-05,39.731193389701865
,,,,,6726.686176363876,8810.0,0.21051481436069003,5174.373981818377,0.0005518401065296853,8.364004800761762,10.87320624099029,10.0,1.0,5.518401065296853e-05,39.731193389701865
,,,,,6737.587885450657,8820.0,0.2110666544672197,5182.759911885131,0.0005518401065296853,8.385930066754486,10.901709086780834,10.0,1.0,5.518401065296853e-05,39.731193389701865
,,,,,6748.518097383228,8830.0,0.21161849457374937,5191.1677672178785,0.0005518401065296853,8.40785533274721,10.930211932571375,10.0,1.0,5.518401065296853e-05,39.731193389701865
,,,,,6759.476812161591,8840.0,0.21217033468027904,5199.597547816618,0.0005518401065296853,8.429780598739935,10.958714778361916,10.0,1.0,5.518401065296853e-05,39.731193389701865
,,,,,6770.464029785743,8850.0,0.21272217478680872,5208.049253681351,0.0005518401065296853,8.45170586473266,10.987217624152457,10.0,1.0,5.518401065296853e-05,39.731193389701865
,,,,,6781.479750255686,8860.0,0.2132740148933384,5216.522884812076,0.0005518401065296853,8.473631130725384,11.015720469942998,10.0,1.0,5.518401065296853e-05,39.731193389701865
,,,,,6792.523973571419,8870.0,0.21382585499986806,5225.018441208794,0.0005518401065296853,8.495556396718108,11.044223315733541,10.0,1.0,5.518401065296853e-05,39.731193389701865
,,,,,6803.596699732943,8880.0,0.21437769510639773,5233.535922871504,0.0005518401065296853,8.517481662710832,11.072726161524082,10.0,1.0,5.518401065296853e-05,39.731193389701865
,,,,,6814.697928740258,8890.0,0.2149295352129274,5242.075329800207,0.0005518401065296853,8.539406928703555,11.101229007314622,10.0,1.0,5.518401065296853e-05,39.731193389701865
,,,,,6825.827660593363,8900.0,0.21548137531945707,5250.636661994904,0.0005518401065296853,8.561332194696279,11.129731853105163,10.0,1.0,5.518401065296853e-05,39.731193389701865
,,,,,6836.985895292259,8910.0,0.21603321542598675,5259.219919455593,0.0005518401065296853,8.583257460689003,11.158234698895704,10.0,1.0,5.518401065296853e-05,39.731193389701865
,,,,,6848.172632836945,8920.0,0.21658505553251642,5267.825102182275,0.0005518401065296853,8.605182726681727,11.186737544686245,10.0,1.0,5.518401065296853e-05,39.731193389701865
,,,,,6859.387873227422,8930.0,0.2171368956390461,5276.45221017495,0.0005518401065296853,8.627107992674452,11.215240390476788,10.0,1.0,5.518401065296853e-05,39.731193389701865
,,,,,6870.631616463689,8940.0,0.21768873574557576,5285.101243433617,0.0005518401065296853,8.649033258667176,11.24374323626733,10.0,1.0,5.518401065296853e-05,39.731193389701865
,,,,,6881.903862545747,8950.0,0.21824057585210543,5293.772201958277,0.0005518401065296853,8.6709585246599,11.27224608205787,10.0,1.0,5.518401065296853e-05,39.731193389701865
,,,,,6893.204611473595,8960.0,0.2187924159586351,5302.46508574893,0.0005518401065296853,8.692883790652624,11.300748927848412,10.0,1.0,5.518401065296853e-05,39.731193389701865
,,,,,6904.533863247234,8970.0,0.21934425606516478,5311.179894805575,0.0005518401065296853,8.714809056645349,11.329251773638953,10.0,1.0,5.518401065296853e-05,39.731193389701865
,,,,,6915.891617866663,8980.0,0.21989609617169445,5319.916629128213,0.0005518401065296853,8.736734322638073,11.357754619429496,10.0,1.0,5.518401065296853e-05,39.731193389701865
,,,,,6927.2778753318835,8990.0,0.22044793627822412,5328.675288716843,0.0005518401065296853,8.758659588630795,11.386257465220034,10.0,1.0,5.518401065296853e-05,39.731193389701865
,,,,,6938.692635642894,9000.0,0.2209997763847538,5337.455873571466,0.0005518401065296853,8.78058485462352,11.414760311010577,10.0,1.0,5.518401065296853e-05,39.731193389701865
,,,,,6950.1358987996955,9010.0,0.22155161649128347,5346.258383692082,0.0005518401065296853,8.802510120616244,11.443263156801118,10.0,1.0,5.518401065296853e-05,39.731193389701865
,,,,,6961.607664802287,9020.0,0.22210345659781314,5355.0828190786915,0.0005518401065296853,8.824435386608968,11.471766002591659,10.0,1.0,5.518401065296853e-05,39.731193389701865
,,,,,6973.107933650669,9030.0,0.2226552967043428,5363.9291797312935,0.0005518401065296853,8.846360652601692,11.5002688483822,10.0,1.0,5.518401065296853e-05,39.731193389701865
,,,,,6984.636705344842,9040.0,0.22320713681087248,5372.797465649888,0.0005518401065296853,8.868285918594417,11.528771694172741,10.0,1.0,5.518401065296853e-05,39.731193389701865
,,,,,6996.193979884805,9050.0,0.22375897691740215,5381.6876768344755,0.0005518401065296853,8.890211184587141,11.557274539963284,10.0,1.0,5.518401065296853e-05,39.731193389701865
,,,,,7007.7797572705595,9060.0,0.22431081702393182,5390.5998132850555,0.0005518401065296853,8.912136450579865,11.585777385753826,10.0,1.0,5.518401065296853e-05,39.731193389701865
,,,,,7019.394037502104,9070.0,0.2248626571304615,5399.533875001628,0.0005518401065296853,8.93406171657259,11.614280231544367,10.0,1.0,5.518401065296853e-05,39.731193389701865
,,,,,7031.036820579438,9080.0,0.22541449723699117,5408.489861984193,0.0005518401065296853,8.955986982565312,11.642783077334906,10.0,1.0,5.518401065296853e-05,39.731193389701865
,,,,,7042.708106502564,9090.0,0.22596633734352084,5417.467774232751,0.0005518401065296853,8.977912248558036,11.671285923125447,10.0,1.0,5.518401065296853e-05,39.731193389701865
,,,,,7054.40789527148,9100.0,0.2265181774500505,5426.467611747302,0.0005518401065296853,8.99983751455076,11.699788768915989,10.0,1.0,5.518401065296853e-05,39.731193389701865
,,,,,7066.136186886187,9110.0,0.22707001755658018,5435.489374527845,0.0005518401065296853,9.021762780543485,11.728291614706531,10.0,1.0,5.518401065296853e-05,39.731193389701865
,,,,,7077.892981346684,9120.0,0.22762185766310986,5444.533062574381,0.0005518401065296853,9.043688046536209,11.756794460497073,10.0,1.0,5.518401065296853e-05,39.731193389701865
,,,,,7089.678278652971,9130.0,0.22817369776963953,5453.598675886909,0.0005518401065296853,9.065613312528933,11.785297306287614,10.0,1.0,5.518401065296853e-05,39.731193389701865
,,,,,7101.4920788050495,9140.0,0.2287255378761692,5462.6862144654315,0.0005518401065296853,9.087538578521658,11.813800152078155,10.0,1.0,5.518401065296853e-05,39.731193389701865
,,,,,7113.334381802918,9150.0,0.22927737798269887,5471.795678309946,0.0005518401065296853,9.109463844514382,11.842302997868696,10.0,1.0,5.518401065296853e-05,39.731193389701865
,,,,,7125.2051876465775,9160.0,0.22982921808922854,5480.927067420454,0.0005518401065296853,9.131389110507106,11.87080584365924,10.0,1.0,5.518401065296853e-05,39.731193389701865
,,,,,7137.104496336027,9170.0,0.23038105819575821,5490.080381796954,0.0005518401065296853,9.153314376499829,11.899308689449777,10.0,1.0,5.518401065296853e-05,39.731193389701865
,,,,,7149.032307871267,9180.0,0.2309328983022879,5499.255621439446,0.0005518401065296853,9.175239642492553,11.92781153524032,10.0,1.0,5.518401065296853e-05,39.731193389701865
,,,,,7160.988622252298,9190.0,0.23148473840881756,5508.452786347932,0.0005518401065296853,9.197164908485277,11.956314381030861,10.0,1.0,5.518401065296853e-05,39.731193389701865
,,,,,7172.973439479119,9200.0,0.23203657851534723,5517.67187652241,0.0005518401065296853,9.219090174478001,11.984817226821402,10.0,1.0,5.518401065296853e-05,39.731193389701865
,,,,,7176.061588199363,9210.0,0.2325884186218769,5520.047375537981,0.0005518401065296853,2.3754990155714135,3.0881487202428377,10.0,110.0,5.518401065296853e-05,10.213315992458353
,,,,,7179.157063872206,9220.0,0.23314025872840657,5522.428510670938,0.0005518401065296853,2.381135132956713,3.0954756728437274,10.0,110.0,5.518401065296853e-05,10.213315992458353
,,,,,7182.25986649765,9230.0,0.23369209883493625,5524.81528192128,0.0005518401065296853,2.3867712503420124,3.102802625444616,10.0,110.0,5.518401065296853e-05,10.213315992458353
,,,,,7185.369996075696,9240.0,0.23424393894146592,5527.207689289007,0.0005518401065296853,2.392407367727312,3.110129578045506,10.0,110.0,5.518401065296853e-05,10.213315992458353
,,,,,7188.487452606342,9250.0,0.2347957790479956,5529.60573277412,0.0005518401065296853,2.3980434851126113,3.117456530646395,10.0,110.0,5.518401065296853e-05,10.213315992458353
,,,,,7191.61223608959,9260.0,0.23534761915452526,5532.009412376618,0.0005518401065296853,2.4036796024979106,3.124783483247284,10.0,110.0,5.518401065296853e-05,10.213315992458353
,,,,,7194.744346525438,9270.0,0.23589945926105493,5534.418728096501,0.0005518401065296853,2.4093157198832102,3.1321104358481735,10.0,110.0,5.518401065296853e-05,10.213315992458353
,,,,,7197.883783913887,9280.0,0.2364512993675846,5536.833679933769,0.0005518401065296853,2.4149518372685095,3.1394373884490623,10.0,110.0,5.518401065296853e-05,10.213315992458353
,,,,,7201.030548254937,9290.0,0.23700313947411428,5539.254267888423,0.0005518401065296853,2.420587954653809,3.146764341049952,10.0,110.0,5.518401065296853e-05,10.213315992458353
,,,,,7204.184639548587,9300.0,0.23755497958064395,5541.680491960462,0.0005518401065296853,2.4262240720391084,3.154091293650841,10.0,110.0,5.518401065296853e-05,10.213315992458353
,,,,,7207.346057794839,9310.0,0.23810681968717362,5544.112352149887,0.0005518401065296853,2.431860189424408,3.1614182462517304,10.0,110.0,5.518401065296853e-05,10.213315992458353
,,,,,7210.514802993692,9320.0,0.2386586597937033,5546.549848456696,0.0005518401065296853,2.4374963068097073,3.1687451988526196,10.0,110.0,5.518401065296853e-05,10.213315992458353
,,,,,7213.690875145146,9330.0,0.23921049990023296,5548.992980880891,0.0005518401065296853,2.4431324241950065,3.1760721514535084,10.0,110.0,5.518401065296853e-05,10.213315992458353
,,,,,7216.8742742492,9340.0,0.23976234000676264,5551.441749422472,0.0005518401065296853,2.448768541580306,3.183399104054398,10.0,110.0,5.518401065296853e-05,10.213315992458353
,,,,,7220.065000305855,9350.0,0.2403141801132923,5553.896154081437,0.0005518401065296853,2.4544046589656054,3.1907260566552873,10.0,110.0,5.518401065296853e-05,10.213315992458353
,,,,,7223.263053315111,9360.0,0.24086602021982198,5556.356194857788,0.0005518401065296853,2.460040776350905,3.198053009256177,10.0,110.0,5.518401065296853e-05,10.213315992458353
,,,,,7226.468433276968,9370.0,0.24141786032635165,5558.821871751525,0.0005518401065296853,2.4656768937362044,3.2053799618570658,10.0,110.0,5.518401065296853e-05,10.213315992458353
,,,,,7229.6811401914265,9380.0,0.24196970043288132,5561.293184762646,0.0005518401065296853,2.4713130111215036,3.212706914457955,10.0,110.0,5.518401065296853e-05,10.213315992458353
,,,,,7232.901174058486,9390.0,0.242521540539411,5563.770133891153,0.0005518401065296853,2.4769491285068033,3.220033867058844,10.0,110.0,5.518401065296853e-05,10.213315992458353
,,,,,7236.128534878146,9400.0,0.24307338064594067,5566.2527191370455,0.0005518401065296853,2.4825852458921025,3.2273608196597334,10.0,110.0,5.518401065296853e-05,10.213315992458353
,,,,,7239.363222650406,9410.0,0.24362522075247034,5568.740940500323,0.0005518401065296853,2.488221363277402,3.234687772260623,10.0,110.0,5.518401065296853e-05,10.213315992458353
,,,,,7242.605237375267,9420.0,0.244177060859,5571.234797980986,0.0005518401065296853,2.4938574806627014,3.242014724861512,10.0,110.0,5.518401065296853e-05,10.213315992458353
,,,,,7245.85457905273,9430.0,0.24472890096552968,5573.734291579033,0.0005518401065296853,2.499493598048001,3.2493416774624015,10.0,110.0,5.518401065296853e-05,10.213315992458353
,,,,,7249.111247682793,9440.0,0.24528074107205936,5576.239421294466,0.0005518401065296853,2.5051297154333003,3.2566686300632903,10.0,110.0,5.518401065296853e-05,10.213315992458353
,,,,,7252.375243265457,9450.0,0.24583258117858903,5578.750187127285,0.0005518401065296853,2.5107658328185996,3.2639955826641796,10.0,110.0,5.518401065296853e-05,10.213315992458353
,,,,,7255.646565800723,9460.0,0.2463844212851187,5581.266589077489,0.0005518401065296853,2.5164019502038992,3.271322535265069,10.0,110.0,5.518401065296853e-05,10.213315992458353
,,,,,7258.925215288588,9470.0,0.24693626139164837,5583.788627145078,0.0005518401065296853,2.5220380675891985,3.278649487865958,10.0,110.0,5.518401065296853e-05,10.213315992458353
,,,,,7262.211191729055,9480.0,0.24748810149817804,5586.316301330053,0.0005518401065296853,2.527674184974498,3.2859764404668477,10.0,110.0,5.518401065296853e-05,10.213315992458353
,,,,,7265.5044951221225,9490.0,0.24803994160470771,5588.849611632412,0.0005518401065296853,2.5333103023597974,3.293303393067737,10.0,110.0,5.518401065296853e-05,10.213315992458353
,,,,,7268.805125467791,9500.0,0.2485917817112374,5591.388558052157,0.0005518401065296853,2.5389464197450966,3.3006303456686257,10.0,110.0,5.518401065296853e-05,10.213315992458353
,,,,,7272.113082766061,9510.0,0.24914362181776706,5593.933140589288,0.0005518401065296853,2.5445825371303963,3.3079572982695153,10.0,110.0,5.518401065296853e-05,10.213315992458353
,,,,,7275.428367016932,9520.0,0.24969546192429673,5596.4833592438035,0.0005518401065296853,2.5502186545156955,3.315284250870404,10.0,110.0,5.518401065296853e-05,10.213315992458353
,,,,,7278.750978220402,9530.0,0.2502473020308264,5599.039214015705,0.0005518401065296853,2.555854771900995,3.322611203471294,10.0,110.0,5.518401065296853e-05,10.213315992458353
,,,,,7282.080916376474,9540.0,0.2507991421373561,5601.600704904991,0.0005518401065296853,2.561490889286295,3.3299381560721835,10.0,110.0,5.518401065296853e-05,10.213315992458353
,,,,,7285.418181485147,9550.0,0.2513509822438858,5604.167831911663,0.0005518401065296853,2.5671270066715945,3.337265108673073,10.0,110.0,5.518401065296853e-05,10.213315992458353
,,,,,7288.762773546421,9560.0,0.2519028223504155,5606.74059503572,0.0005518401065296853,2.5727631240568942,3.344592061273963,10.0,110.0,5.518401065296853e-05,10.213315992458353
,,,,,7292.114692560296,9570.0,0.2524546624569452,5609.318994277162,0.0005518401065296853,2.578399241442194,3.351919013874852,10.0,110.0,5.518401065296853e-05,10.213315992458353
,,,,,7295.473938526772,9580.0,0.2530065025634749,5611.90302963599,0.0005518401065296853,2.5840353588274936,3.3592459664757417,10.0,110.0,5.518401065296853e-05,10.213315992458353
,,,,,7298.840511445849,9590.0,0.2535583426700046,5614.492701112203,0.0005518401065296853,2.5896714762127933,3.3665729190766314,10.0,110.0,5.518401065296853e-05,10.213315992458353
,,,,,7302.214411317526,9600.0,0.2541101827765343,5617.0880087058,0.0005518401065296853,2.595307593598093,3.373899871677521,10.0,110.0,5.518401065296853e-05,10.213315992458353
,,,,,7305.595638141805,9610.0,0.254662022883064,5619.688952416784,0.0005518401065296853,2.6009437109833926,3.3812268242784107,10.0,110.0,5.518401065296853e-05,10.213315992458353
,,,,,7308.984191918684,9620.0,0.2552138629895937,5622.295532245153,0.0005518401065296853,2.6065798283686923,3.3885537768793,10.0,110.0,5.518401065296853e-05,10.213315992458353
,,,,,7312.380072648164,9630.0,0.2557657030961234,5624.907748190906,0.0005518401065296853,2.612215945753992,3.3958807294801896,10.0,110.0,5.518401065296853e-05,10.213315992458353
,,,,,7315.783280330245,9640.0,0.2563175432026531,5627.5256002540455,0.0005518401065296853,2.6178520631392916,3.4032076820810793,10.0,110.0,5.518401065296853e-05,10.213315992458353
,,,,,7319.193814964928,9650.0,0.2568693833091828,5630.14908843457,0.0005518401065296853,2.6234881805245913,3.410534634681969,10.0,110.0,5.518401065296853e-05,10.213315992458353
,,,,,7322.61167655221,9660.0,0.2574212234157125,5632.77821273248,0.0005518401065296853,2.629124297909891,3.4178615872828586,10.0,110.0,5.518401065296853e-05,10.213315992458353
,,,,,7326.036865092094,9670.0,0.2579730635222422,5635.412973147775,0.0005518401065296853,2.634760415295191,3.4251885398837487,10.0,110.0,5.518401065296853e-05,10.213315992458353
,,,,,7329.469380584578,9680.0,0.2585249036287719,5638.053369680456,0.0005518401065296853,2.640396532680491,3.432515492484638,10.0,110.0,5.518401065296853e-05,10.213315992458353
,,,,,7332.909223029664,9690.0,0.2590767437353016,5640.6994023305215,0.0005518401065296853,2.6460326500657905,3.4398424450855276,10.0,110.0,5.518401065296853e-05,10.213315992458353
,,,,,7336.35639242735,9700.0,0.2596285838418313,5643.351071097973,0.0005518401065296853,2.65166876745109,3.4471693976864173,10.0,110.0,5.518401065296853e-05,10.213315992458353
,,,,,7339.810888777638,9710.0,0.260180423948361,5646.008375982809,0.0005518401065296853,2.65730488483639,3.454496350287307,10.0,110.0,5.518401065296853e-05,10.213315992458353
,,,,,7343.272712080526,9720.0,0.2607322640548907,5648.671316985031,0.0005518401065296853,2.6629410022216895,3.4618233028881966,10.0,110.0,5.518401065296853e-05,10.213315992458353
,,,,,7346.7418623360145,9730.0,0.2612841041614204,5651.339894104638,0.0005518401065296853,2.668577119606989,3.469150255489086,10.0,110.0,5.518401065296853e-05,10.213315992458353
,,,,,7350.218339544104,9740.0,0.2618359442679501,5654.014107341631,0.0005518401065296853,2.674213236992289,3.4764772080899755,10.0,110.0,5.518401065296853e-05,10.213315992458353
,,,,,7353.702143704795,9750.0,0.2623877843744798,5656.693956696008,0.0005518401065296853,2.6798493543775885,3.483804160690865,10.0,110.0,5.518401065296853e-05,10.213315992458353
,,,,,7357.193274818087,9760.0,0.2629396244810095,5659.379442167771,0.0005518401065296853,2.685485471762888,3.491131113291755,10.0,110.0,5.518401065296853e-05,10.213315992458353
,,,,,7360.69173288398,9770.0,0.2634914645875392,5662.070563756919,0.0005518401065296853,2.691121589148188,3.4984580658926445,10.0,110.0,5.518401065296853e-05,10.213315992458353
,,,,,7364.197517902474,9780.0,0.2640433046940689,5664.767321463452,0.0005518401065296853,2.6967577065334876,3.5057850184935337,10.0,110.0,5.518401065296853e-05,10.213315992458353
,,,,,7367.710629873568,9790.0,0.2645951448005986,5667.469715287371,0.0005518401065296853,2.7023938239187872,3.5131119710944234,10.0,110.0,5.518401065296853e-05,10.213315992458353
,,,,,7371.231068797263,9800.0,0.2651469849071283,5670.177745228675,0.0005518401065296853,2.708029941304087,3.520438923695313,10.0,110.0,5.518401065296853e-05,10.213315992458353
,,,,,7374.758834673559,9810.0,0.265698825013658,5672.8914112873645,0.0005518401065296853,2.7136660586893866,3.5277658762962028,10.0,110.0,5.518401065296853e-05,10.213315992458353
,,,,,7378.293927502456,9820.0,0.2662506651201877,5675.610713463439,0.0005518401065296853,2.7193021760746863,3.5350928288970924,10.0,110.0,5.518401065296853e-05,10.213315992458353
,,,,,7381.836347283955,9830.0,0.2668025052267174,5678.335651756899,0.0005518401065296853,2.724938293459986,3.5424197814979816,10.0,110.0,5.518401065296853e-05,10.213315992458353
,,,,,7385.386094018054,9840.0,0.2673543453332471,5681.066226167744,0.0005518401065296853,2.730574410845286,3.549746734098872,10.0,110.0,5.518401065296853e-05,10.213315992458353
,,,,,7388.943167704753,9850.0,0.2679061854397768,5683.802436695975,0.0005518401065296853,2.7362105282305857,3.5570736866997614,10.0,110.0,5.518401065296853e-05,10.213315992458353
,,,,,7392.507568344054,9860.0,0.2684580255463065,5686.544283341591,0.0005518401065296853,2.7418466456158854,3.564400639300651,10.0,110.0,5.518401065296853e-05,10.213315992458353
,,,,,7396.079295935955,9870.0,0.2690098656528362,5689.291766104592,0.0005518401065296853,2.747482763001185,3.5717275919015408,10.0,110.0,5.518401065296853e-05,10.213315992458353
,,,,,7399.658350480458,9880.0,0.2695617057593659,5692.044884984979,0.0005518401065296853,2.753118880386485,3.5790545445024304,10.0,110.0,5.518401065296853e-05,10.213315992458353
,,,,,7403.244731977561,9890.0,0.2701135458658956,5694.803639982751,0.0005518401065296853,2.7587549977717845,3.58638149710332,10.0,110.0,5.518401065296853e-05,10.213315992458353
,,,,,7406.838440427266,9900.0,0.2706653859724253,5697.568031097908,0.0005518401065296853,2.764391115157084,3.5937084497042093,10.0,110.0,5.518401065296853e-05,10.213315992458353
,,,,,7410.43947582957,9910.0,0.271217226078955,5700.338058330451,0.0005518401065296853,2.770027232542384,3.601035402305099,10.0,110.0,5.518401065296853e-05,10.213315992458353
,,,,,7414.047838184476,9920.0,0.2717690661854847,5703.113721680378,0.0005518401065296853,2.7756633499276835,3.6083623549059887,10.0,110.0,5.518401065296853e-05,10.213315992458353
,,,,,7417.663527491983,9930.0,0.2723209062920144,5705.895021147691,0.0005518401065296853,2.781299467312983,3.6156893075068783,10.0,110.0,5.518401065296853e-05,10.213315992458353
,,,,,7421.28654375209,9940.0,0.2728727463985441,5708.681956732389,0.0005518401065296853,2.786935584698283,3.623016260107768,10.0,110.0,5.518401065296853e-05,10.213315992458353
,,,,,7424.916886964799,9950.0,0.2734245865050738,5711.474528434473,0.0005518401065296853,2.7925717020835825,3.6303432127086572,10.0,110.0,5.518401065296853e-05,10.213315992458353
,,,,,7428.554557130109,9960.0,0.2739764266116035,5714.272736253942,0.0005518401065296853,2.798207819468882,3.637670165309547,10.0,110.0,5.518401065296853e-05,10.213315992458353
,,,,,7432.19955424802,9970.0,0.2745282667181332,5717.0765801907955,0.0005518401065296853,2.803843936854182,3.6449971179104366,10.0,110.0,5.518401065296853e-05,10.213315992458353
,,,,,7435.851878318531,9980.0,0.2750801068246629,5719.886060245035,0.0005518401065296853,2.8094800542394816,3.6523240705113262,10.0,110.0,5.518401065296853e-05,10.213315992458353
,,,,,7439.511529341643,9990.0,0.2756319469311926,5722.70117641666,0.0005518401065296853,2.8151161716247812,3.659651023112216,10.0,110.0,5.518401065296853e-05,10.213315992458353
,,,,,7443.178507317356,10000.0,0.2761837870377223,5725.52192870567,0.0005518401065296853,2.820752289010081,3.666977975713105,10.0,110.0,5.518401065296853e-05,10.213315992458353
,,,,,7446.85281224567,10010.0,0.276735627144252,5728.348317112065,0.0005518401065296853,2.8263884063953806,3.674304928313995,10.0,110.0,5.518401065296853e-05,10.213315992458353
,,,,,7450.534444126585,10020.0,0.2772874672507817,5731.180341635846,0.0005518401065296853,2.8320245237806807,3.681631880914885,10.0,110.0,5.518401065296853e-05,10.213315992458353
,,,,,7454.223402960101,10030.0,0.2778393073573114,5734.018002277012,0.0005518401065296853,2.8376606411659804,3.6889588335157746,10.0,110.0,5.518401065296853e-05,10.213315992458353
,,,,,7457.919688746218,10040.0,0.2783911474638411,5736.861299035563,0.0005518401065296853,2.84329675855128,3.6962857861166643,10.0,110.0,5.518401065296853e-05,10.213315992458353
,,,,,7461.623301484935,10050.0,0.2789429875703708,5739.7102319115,0.0005518401065296853,2.8489328759365797,3.703612738717554,10.0,110.0,5.518401065296853e-05,10.213315992458353
,,,,,7465.334241176253,10060.0,0.2794948276769005,5742.564800904822,0.0005518401065296853,2.8545689933218794,3.710939691318443,10.0,110.0,5.518401065296853e-05,10.213315992458353
,,,,,7469.052507820173,10070.0,0.2800466677834302,5745.425006015529,0.0005518401065296853,2.860205110707179,3.718266643919333,10.0,110.0,5.518401065296853e-05,10.213315992458353
,,,,,7472.778101416693,10080.0,0.2805985078899599,5748.290847243622,0.0005518401065296853,2.8658412280924788,3.7255935965202225,10.0,110.0,5.518401065296853e-05,10.213315992458353
,,,,,7476.5110219658145,10090.0,0.2811503479964896,5751.1623245891,0.0005518401065296853,2.8714773454777784,3.732920549121112,10.0,110.0,5.518401065296853e-05,10.213315992458353
,,,,,7480.251269467536,10100.0,0.2817021881030193,5754.039438051963,0.0005518401065296853,2.877113462863078,3.740247501722002,10.0,110.0,5.518401065296853e-05,10.213315992458353
,,,,,7483.998843921859,10110.0,0.282254028209549,5756.922187632211,0.0005518401065296853,2.882749580248378,3.747574454322891,10.0,110.0,5.518401065296853e-05,10.213315992458353
,,,,,7487.753745328782,10120.0,0.2828058683160787,5759.810573329844,0.0005518401065296853,2.8883856976336775,3.7549014069237807,10.0,110.0,5.518401065296853e-05,10.213315992458353
,,,,,7491.515973688307,10130.0,0.2833577084226084,5762.704595144864,0.0005518401065296853,2.894021815018977,3.7622283595246704,10.0,110.0,5.518401065296853e-05,10.213315992458353
,,,,,7495.285529000433,10140.0,0.2839095485291381,5765.6042530772675,0.0005518401065296853,2.899657932404277,3.76955531212556,10.0,110.0,5.518401065296853e-05,10.213315992458353
,,,,,7499.062411265159,10150.0,0.2844613886356678,5768.509547127057,0.0005518401065296853,2.9052940497895765,3.7768822647264497,10.0,110.0,5.518401065296853e-05,10.213315992458353
,,,,,7502.846620482487,10160.0,0.2850132287421975,5771.420477294232,0.0005518401065296853,2.910930167174876,3.784209217327339,10.0,110.0,5.518401065296853e-05,10.213315992458353
,,,,,7506.638156652415,10170.0,0.2855650688487272,5774.337043578792,0.0005518401065296853,2.916566284560176,3.7915361699282286,10.0,110.0,5.518401065296853e-05,10.213315992458353
,,,,,7510.437019774944,10180.0,0.2861169089552569,5777.259245980737,0.0005518401065296853,2.9222024019454755,3.7988631225291183,10.0,110.0,5.518401065296853e-05,10.213315992458353
,,,,,7514.243209850074,10190.0,0.2866687490617866,5780.1870845000685,0.0005518401065296853,2.9278385193307757,3.8061900751300084,10.0,110.0,5.518401065296853e-05,10.213315992458353
,,,,,7518.056726877805,10200.0,0.2872205891683163,5783.120559136784,0.0005518401065296853,2.9334746367160753,3.813517027730898,10.0,110.0,5.518401065296853e-05,10.213315992458353
,,,,,7521.877570858137,10210.0,0.287772429274846,5786.059669890886,0.0005518401065296853,2.939110754101375,3.8208439803317877,10.0,110.0,5.518401065296853e-05,10.213315992458353
,,,,,7525.70574179107,10220.0,0.2883242693813757,5789.004416762373,0.0005518401065296853,2.9447468714866747,3.8281709329326774,10.0,110.0,5.518401065296853e-05,10.213315992458353
,,,,,7529.541239676603,10230.0,0.2888761094879054,5791.9547997512445,0.0005518401065296853,2.9503829888719744,3.8354978855335666,10.0,110.0,5.518401065296853e-05,10.213315992458353
,,,,,7630.878179133671,10240.0,0.28898596898694323,5869.906291641297,0.00010985949903787331,77.95149189005221,101.33693945706787,10.0,33.0,1.0985949903787331e-05,269.74144164616575
,,,,,7655.932920868193,10250.0,0.2891699156891198,5889.179169898621,0.00018394670217656179,19.27287825732406,25.05474173452128,10.0,23.0,1.8394670217656178e-05,66.64897422470429
,,,,,7681.00360041943,10260.0,0.2893538623912964,5908.464308014957,0.00018394670217656179,19.285138116336146,25.070679551236992,10.0,23.0,1.8394670217656178e-05,66.64897422470429
,,,,,7706.090217787382,10270.0,0.289537809093473,5927.761705990305,0.00018394670217656179,19.297397975348233,25.0866173679527,10.0,23.0,1.8394670217656178e-05,66.64897422470429
,,,,,7731.192772972051,10280.0,0.28972175579564957,5947.071363824665,0.00018394670217656179,19.30965783436032,25.102555184668415,10.0,23.0,1.8394670217656178e-05,66.64897422470429
,,,,,7756.311265973435,10290.0,0.28990570249782616,5966.393281518038,0.00018394670217656179,19.321917693372406,25.118493001384127,10.0,23.0,1.8394670217656178e-05,66.64897422470429
,,,,,7781.445696791535,10300.0,0.29008964920000274,5985.727459070422,0.00018394670217656179,19.334177552384492,25.13443081809984,10.0,23.0,1.8394670217656178e-05,66.64897422470429
,,,,,7806.596065426351,10310.0,0.2902735959021793,6005.073896481818,0.00018394670217656179,19.34643741139658,25.150368634815553,10.0,23.0,1.8394670217656178e-05,66.64897422470429
,,,,,7831.762371877882,10320.0,0.2904575426043559,6024.432593752227,0.00018394670217656179,19.358697270408666,25.166306451531266,10.0,23.0,1.8394670217656178e-05,66.64897422470429
,,,,,7856.944616146129,10330.0,0.2906414893065325,6043.803550881648,0.00018394670217656179,19.370957129420752,25.18224426824698,10.0,23.0,1.8394670217656178e-05,66.64897422470429
,,,,,7882.142798231092,10340.0,0.2908254360087091,6063.186767870081,0.00018394670217656179,19.38321698843284,25.198182084962692,10.0,23.0,1.8394670217656178e-05,66.64897422470429
,,,,,7907.35691813277,10350.0,0.29100938271088567,6082.582244717526,0.00018394670217656179,19.395476847444925,25.214119901678405,10.0,23.0,1.8394670217656178e-05,66.64897422470429
,,,,,7932.586975851164,10360.0,0.29119332941306225,6101.989981423983,0.00018394670217656179,19.407736706457012,25.230057718394118,10.0,23.0,1.8394670217656178e-05,66.64897422470429
,,,,,7957.832971386274,10370.0,0.29137727611523884,6121.409977989452,0.00018394670217656179,19.4199965654691,25.245995535109827,10.0,23.0,1.8394670217656178e-05,66.64897422470429
,,,,,7983.0949047381,10380.0,0.2915612228174154,6140.8422344139335,0.00018394670217656179,19.432256424481185,25.26193335182554,10.0,23.0,1.8394670217656178e-05,66.64897422470429
,,,,,8008.372775906641,10390.0,0.291745169519592,6160.286750697427,0.00018394670217656179,19.44451628349327,25.277871168541253,10.0,23.0,1.8394670217656178e-05,66.64897422470429
,,,,,8033.666584891898,10400.0,0.2919291162217686,6179.743526839932,0.00018394670217656179,19.45677614250536,25.293808985256966,10.0,23.0,1.8394670217656178e-05,66.64897422470429
,,,,,8058.976331693871,10410.0,0.2921130629239452,6199.21256284145,0.00018394670217656179,19.469036001517445,25.30974680197268,10.0,23.0,1.8394670217656178e-05,66.64897422470429
,,,,,8084.302016312559,10420.0,0.29229700962612176,6218.6938587019795,0.00018394670217656179,19.48129586052953,25.325684618688392,10.0,23.0,1.8394670217656178e-05,66.64897422470429
,,,,,8109.643638747963,10430.0,0.29248095632829835,6238.187414421521,0.00018394670217656179,19.493555719541618,25.341622435404105,10.0,23.0,1.8394670217656178e-05,66.64897422470429
,,,,,8113.534326257949,10440.0,0.29303279643482805,6241.180250967664,0.0005518401065296853,2.9928365461426223,3.8906875099854092,10.0,110.0,5.518401065296853e-05,10.213315992458353
,,,,,8117.432340720536,10450.0,0.29358463654135775,6244.178723631191,0.0005518401065296853,2.998472663527922,3.8980144625862985,10.0,110.0,5.518401065296853e-05,10.213315992458353
,,,,,8121.337682135722,10460.0,0.29413647664788745,6247.182832412104,0.0005518401065296853,3.0041087809132216,3.905341415187188,10.0,110.0,5.518401065296853e-05,10.213315992458353
,,,,,8125.25035050351,10470.0,0.29468831675441715,6250.192577310403,0.0005518401065296853,3.0097448982985218,3.9126683677880782,10.0,110.0,5.518401065296853e-05,10.213315992458353
,,,,,8129.170345823899,10480.0,0.29524015686094685,6253.207958326087,0.0005518401065296853,3.0153810156838214,3.919995320388968,10.0,110.0,5.518401065296853e-05,10.213315992458353
,,,,,8133.097668096889,10490.0,0.29579199696747654,6256.228975459156,0.0005518401065296853,3.021017133069121,3.9273222729898576,10.0,110.0,5.518401065296853e-05,10.213315992458353
,,,,,8137.03231732248,10500.0,0.29634383707400624,6259.25562870961,0.0005518401065296853,3.026653250454421,3.9346492255907473,10.0,110.0,5.518401065296853e-05,10.213315992458353
,,,,,8140.974293500672,10510.0,0.29689567718053594,6262.28791807745,0.0005518401065296853,3.0322893678397205,3.941976178191637,10.0,110.0,5.518401065296853e-05,10.213315992458353
,,,,,8144.9235966314645,10520.0,0.29744751728706564,6265.325843562675,0.0005518401065296853,3.03792548522502,3.949303130792526,10.0,110.0,5.518401065296853e-05,10.213315992458353
,,,,,8148.880226714858,10530.0,0.29799935739359534,6268.369405165286,0.0005518401065296853,3.04356160261032,3.956630083393416,10.0,110.0,5.518401065296853e-05,10.213315992458353
,,,,,8152.844183750852,10540.0,0.29855119750012504,6271.418602885281,0.0005518401065296853,3.0491977199956195,3.9639570359943055,10.0,110.0,5.518401065296853e-05,10.213315992458353
,,,,,8156.815467739447,10550.0,0.29910303760665474,6274.473436722662,0.0005518401065296853,3.054833837380919,3.971283988595195,10.0,110.0,5.518401065296853e-05,10.213315992458353
,,,,,8160.794078680643,10560.0,0.29965487771318444,6277.533906677429,0.0005518401065296853,3.060469954766219,3.978610941196085,10.0,110.0,5.518401065296853e-05,10.213315992458353
,,,,,8164.78001657444,10570.0,0.30020671781971414,6280.60001274958,0.0005518401065296853,3.0661060721515185,3.985937893796974,10.0,110.0,5.518401065296853e-05,10.213315992458353
,,,,,8190.80696512862,10580.0,0.3003906645218907,6300.6207424066415,0.00018394670217656179,20.02072965706129,26.026948554179675,10.0,23.0,1.8394670217656178e-05,66.64897422470429
,,,,,8216.849851499515,10590.0,0.3005746112240673,6320.6537319227145,0.00018394670217656179,20.032989516073375,26.04288637089539,10.0,23.0,1.8394670217656178e-05,66.64897422470429
,,,,,8242.908675687126,10600.0,0.3007585579262439,6340.6989812978,0.00018394670217656179,20.04524937508546,26.0588241876111,10.0,23.0,1.8394670217656178e-05,66.64897422470429
,,,,,8268.983437691453,10610.0,0.3009425046284205,6360.756490531898,0.00018394670217656179,20.057509234097548,26.074762004326814,10.0,23.0,1.8394670217656178e-05,66.64897422470429
,,,,,8295.074137512496,10620.0,0.30112645133059707,6380.826259625007,0.00018394670217656179,20.069769093109635,26.090699821042527,10.0,23.0,1.8394670217656178e-05,66.64897422470429
,,,,,8321.180775150255,10630.0,0.30131039803277365,6400.908288577129,0.00018394670217656179,20.08202895212172,26.10663763775824,10.0,23.0,1.8394670217656178e-05,66.64897422470429
,,,,,8347.303350604729,10640.0,0.30149434473495024,6421.002577388263,0.00018394670217656179,20.094288811133808,26.12257545447395,10.0,23.0,1.8394670217656178e-05,66.64897422470429
,,,,,8373.441863875918,10650.0,0.3016782914371268,6441.109126058408,0.00018394670217656179,20.106548670145894,26.138513271189662,10.0,23.0,1.8394670217656178e-05,66.64897422470429
,,,,,8399.596314963823,10660.0,0.3018622381393034,6461.227934587566,0.00018394670217656179,20.11880852915798,26.154451087905375,10.0,23.0,1.8394670217656178e-05,66.64897422470429
,,,,,8425.766703868443,10670.0,0.30204618484148,6481.359002975736,0.00018394670217656179,20.131068388170068,26.17038890462109,10.0,23.0,1.8394670217656178e-05,66.64897422470429
,,,,,8451.95303058978,10680.0,0.3022301315436566,6501.502331222919,0.00018394670217656179,20.143328247182154,26.1863267213368,10.0,23.0,1.8394670217656178e-05,66.64897422470429
,,,,,8478.155295127834,10690.0,0.30241407824583316,6521.657919329113,0.00018394670217656179,20.15558810619424,26.202264538052514,10.0,23.0,1.8394670217656178e-05,66.64897422470429
,,,,,8504.373497482602,10700.0,0.30259802494800975,6541.825767294319,0.00018394670217656179,20.167847965206327,26.218202354768227,10.0,23.0,1.8394670217656178e-05,66.64897422470429
,,,,,8530.607637654086,10710.0,0.30278197165018633,6562.005875118538,0.00018394670217656179,20.180107824218414,26.23414017148394,10.0,23.0,1.8394670217656178e-05,66.64897422470429
,,,,,8556.857715642285,10720.0,0.3029659183523629,6582.198242801768,0.00018394670217656179,20.1923676832305,26.250077988199653,10.0,23.0,1.8394670217656178e-05,66.64897422470429
,,,,,8583.1237314472,10730.0,0.3031498650545395,6602.402870344011,0.00018394670217656179,20.204627542242587,26.266015804915366,10.0,23.0,1.8394670217656178e-05,66.64897422470429
,,,,,8609.40568506883,10740.0,0.3033338117567161,6622.619757745266,0.00018394670217656179,20.216887401254674,26.281953621631075,10.0,23.0,1.8394670217656178e-05,66.64897422470429
,,,,,8635.703576507178,10750.0,0.3035177584588927,6642.848905005532,0.00018394670217656179,20.22914726026676,26.297891438346788,10.0,23.0,1.8394670217656178e-05,66.64897422470429
,,,,,8662.01740576224,10760.0,0.30370170516106926,6663.090312124811,0.00018394670217656179,20.241407119278847,26.3138292550625,10.0,23.0,1.8394670217656178e-05,66.64897422470429
,,,,,8688.34717283402,10770.0,0.30388565186324584,6683.343979103102,0.00018394670217656179,20.253666978290934,26.329767071778214,10.0,23.0,1.8394670217656178e-05,66.64897422470429
,,,,,8714.692877722513,10780.0,0.3040695985654224,6703.609905940405,0.00018394670217656179,20.26592683730302,26.345704888493927,10.0,23.0,1.8394670217656178e-05,66.64897422470429
,,,,,8741.054520427722,10790.0,0.304253545267599,6723.88809263672,0.00018394670217656179,20.278186696315107,26.36164270520964,10.0,23.0,1.8394670217656178e-05,66.64897422470429
,,,,,8767.432100949647,10800.0,0.3044374919697756,6744.1785391920475,0.00018394670217656179,20.290446555327193,26.377580521925353,10.0,23.0,1.8394670217656178e-05,66.64897422470429
,,,,,8793.825619288287,10810.0,0.3046214386719522,6764.481245606386,0.00018394670217656179,20.30270641433928,26.393518338641066,10.0,23.0,1.8394670217656178e-05,66.64897422470429
,,,,,8820.235075443645,10820.0,0.30480538537412877,6784.796211879738,0.00018394670217656179,20.314966273351367,26.40945615535678,10.0,23.0,1.8394670217656178e-05,66.64897422470429
,,,,,8846.660469415718,10830.0,0.30498933207630535,6805.123438012101,0.00018394670217656179,20.327226132363453,26.42539397207249,10.0,23.0,1.8394670217656178e-05,66.64897422470429
,,,,,8873.101801204506,10840.0,0.30517327877848194,6825.4629240034765,0.00018394670217656179,20.33948599137554,26.4413317887882,10.0,23.0,1.8394670217656178e-05,66.64897422470429
,,,,,8899.55907081001,10850.0,0.3053572254806585,6845.814669853864,0.00018394670217656179,20.351745850387626,26.457269605503914,10.0,23.0,1.8394670217656178e-05,66.64897422470429
,,,,,8926.03227823223,10860.0,0.3055411721828351,6866.178675563264,0.00018394670217656179,20.364005709399713,26.473207422219627,10.0,23.0,1.8394670217656178e-05,66.64897422470429
,,,,,8952.521423471164,10870.0,0.3057251188850117,6886.554941131676,0.00018394670217656179,20.3762655684118,26.48914523893534,10.0,23.0,1.8394670217656178e-05,66.64897422470429
,,,,,8979.026506526814,10880.0,0.3059090655871883,6906.9434665591,0.00018394670217656179,20.388525427423886,26.505083055651053,10.0,23.0,1.8394670217656178e-05,66.64897422470429
,,,,,9005.547527399181,10890.0,0.30609301228936486,6927.344251845536,0.00018394670217656179,20.400785286435973,26.521020872366766,10.0,23.0,1.8394670217656178e-05,66.64897422470429
,,,,,9032.084486088264,10900.0,0.30627695899154145,6947.757296990984,0.00018394670217656179,20.41304514544806,26.53695868908248,10.0,23.0,1.8394670217656178e-05,66.64897422470429
,,,,,9058.637382594063,10910.0,0.30646090569371803,6968.182601995444,0.00018394670217656179,20.425305004460146,26.55289650579819,10.0,23.0,1.8394670217656178e-05,66.64897422470429
,,,,,9085.206216916577,10920.0,0.3066448523958946,6988.6201668589165,0.00018394670217656179,20.437564863472232,26.568834322513904,10.0,23.0,1.8394670217656178e-05,66.64897422470429
,,,,,9111.790989055806,10930.0,0.3068287990980712,7009.069991581401,0.00018394670217656179,20.44982472248432,26.584772139229617,10.0,23.0,1.8394670217656178e-05,66.64897422470429
,,,,,9138.39169901175,10940.0,0.3070127458002478,7029.532076162897,0.00018394670217656179,20.462084581496406,26.600709955945327,10.0,23.0,1.8394670217656178e-05,66.64897422470429
,,,,,9165.00834678441,10950.0,0.3071966925024244,7050.006420603406,0.00018394670217656179,20.474344440508492,26.61664777266104,10.0,23.0,1.8394670217656178e-05,66.64897422470429
,,,,,9191.640932373788,10960.0,0.30738063920460096,7070.493024902927,0.00018394670217656179,20.48660429952058,26.632585589376752,10.0,23.0,1.8394670217656178e-05,66.64897422470429
,,,,,9218.28945577988,10970.0,0.30756458590677754,7090.991889061459,0.00018394670217656179,20.498864158532665,26.648523406092465,10.0,23.0,1.8394670217656178e-05,66.64897422470429
,,,,,9244.95391700269,10980.0,0.30774853260895413,7111.503013079004,0.00018394670217656179,20.511124017544752,26.66446122280818,10.0,23.0,1.8394670217656178e-05,66.64897422470429
,,,,,9271.634316042213,10990.0,0.3079324793111307,7132.026396955561,0.00018394670217656179,20.52338387655684,26.68039903952389,10.0,23.0,1.8394670217656178e-05,66.64897422470429
,,,,,9298.330652898452,11000.0,0.3081164260133073,7152.562040691129,0.00018394670217656179,20.535643735568925,26.696336856239604,10.0,23.0,1.8394670217656178e-05,66.64897422470429
,,,,,9325.042927571407,11010.0,0.3083003727154839,7173.10994428571,0.00018394670217656179,20.547903594581012,26.712274672955317,10.0,23.0,1.8394670217656178e-05,66.64897422470429
,,,,,9351.771140061079,11020.0,0.30848431941766047,7193.670107739304,0.00018394670217656179,20.5601634535931,26.72821248967103,10.0,23.0,1.8394670217656178e-05,66.64897422470429
,,,,,9378.515290367466,11030.0,0.30866826611983705,7214.242531051908,0.00018394670217656179,20.572423312605185,26.744150306386743,10.0,23.0,1.8394670217656178e-05,66.64897422470429
,,,,,9405.275378490569,11040.0,0.30885221282201364,7234.8272142235255,0.00018394670217656179,20.58468317161727,26.760088123102452,10.0,23.0,1.8394670217656178e-05,66.64897422470429
,,,,,9432.051404430387,11050.0,0.3090361595241902,7255.424157254155,0.00018394670217656179,20.596943030629358,26.776025939818165,10.0,23.0,1.8394670217656178e-05,66.64897422470429
,,,,,9458.843368186921,11060.0,0.3092201062263668,7276.033360143797,0.00018394670217656179,20.609202889641445,26.791963756533878,10.0,23.0,1.8394670217656178e-05,66.64897422470429
,,,,,9485.65126976017,11070.0,0.3094040529285434,7296.65482289245,0.00018394670217656179,20.62146274865353,26.80790157324959,10.0,23.0,1.8394670217656178e-05,66.64897422470429
,,,,,9512.475109150135,11080.0,0.30958799963072,7317.288545500116,0.00018394670217656179,20.633722607665618,26.823839389965304,10.0,23.0,1.8394670217656178e-05,66.64897422470429
,,,,,9539.314886356817,11090.0,0.30977194633289656,7337.934527966794,0.00018394670217656179,20.645982466677705,26.839777206681017,10.0,23.0,1.8394670217656178e-05,66.64897422470429
,,,,,9566.170601380214,11100.0,0.30995589303507315,7358.592770292484,0.00018394670217656179,20.65824232568979,26.85571502339673,10.0,23.0,1.8394670217656178e-05,66.64897422470429
,,,,,9593.042254220327,11110.0,0.31013983973724973,7379.263272477186,0.00018394670217656179,20.670502184701878,26.871652840112443,10.0,23.0,1.8394670217656178e-05,66.64897422470429
,,,,,9619.929844877155,11120.0,0.3103237864394263,7399.9460345209,0.00018394670217656179,20.682762043713964,26.887590656828156,10.0,23.0,1.8394670217656178e-05,66.64897422470429
,,,,,9646.833373350699,11130.0,0.3105077331416029,7420.641056423626,0.00018394670217656179,20.69502190272605,26.90352847354387,10.0,23.0,1.8394670217656178e-05,66.64897422470429
,,,,,9673.752839640958,11140.0,0.3106916798437795,7441.348338185364,0.00018394670217656179,20.707281761738138,26.919466290259578,10.0,23.0,1.8394670217656178e-05,66.64897422470429
,,,,,9700.688243747933,11150.0,0.3108756265459561,7462.067879806114,0.00018394670217656179,20.719541620750224,26.93540410697529,10.0,23.0,1.8394670217656178e-05,66.64897422470429
,,,,,9727.639585671624,11160.0,0.31105957324813266,7482.799681285876,0.00018394670217656179,20.73180147976231,26.951341923691004,10.0,23.0,1.8394670217656178e-05,66.64897422470429
,,,,,9754.606865412032,11170.0,0.31124351995030924,7503.543742624651,0.00018394670217656179,20.744061338774397,26.967279740406717,10.0,23.0,1.8394670217656178e-05,66.64897422470429
,,,,,9781.590082969155,11180.0,0.31142746665248583,7524.300063822438,0.00018394670217656179,20.756321197786484,26.98321755712243,10.0,23.0,1.8394670217656178e-05,66.64897422470429
,,,,,9808.589238342993,11190.0,0.3116114133546624,7545.068644879236,0.00018394670217656179,20.76858105679857,26.999155373838143,10.0,23.0,1.8394670217656178e-05,66.64897422470429
,,,,,9835.604331533546,11200.0,0.311795360056839,7565.849485795046,0.00018394670217656179,20.780840915810657,27.015093190553856,10.0,23.0,1.8394670217656178e-05,66.64897422470429
,,,,,9862.635362540816,11210.0,0.3119793067590156,7586.642586569869,0.00018394670217656179,20.793100774822744,27.03103100726957,10.0,23.0,1.8394670217656178e-05,66.64897422470429
,,,,,9889.6823313648,11220.0,0.31216325346119217,7607.447947203704,0.00018394670217656179,20.80536063383483,27.04696882398528,10.0,23.0,1.8394670217656178e-05,66.64897422470429
,,,,,9916.745238005502,11230.0,0.31234720016336875,7628.2655676965505,0.00018394670217656179,20.817620492846917,27.062906640700994,10.0,23.0,1.8394670217656178e-05,66.64897422470429
,,,,,9943.82408246292,11240.0,0.31253114686554534,7649.09544804841,0.00018394670217656179,20.829880351859003,27.078844457416704,10.0,23.0,1.8394670217656178e-05,66.64897422470429
,,,,,9970.918864737052,11250.0,0.3127150935677219,7669.93758825928,0.00018394670217656179,20.84214021087109,27.094782274132417,10.0,23.0,1.8394670217656178e-05,66.64897422470429
,,,,,9998.0295848279,11260.0,0.3128990402698985,7690.791988329163,0.00018394670217656179,20.854400069883177,27.11072009084813,10.0,23.0,1.8394670217656178e-05,66.64897422470429
,,,,,10025.156242735464,11270.0,0.3130829869720751,7711.658648258059,0.00018394670217656179,20.866659928895263,27.126657907563843,10.0,23.0,1.8394670217656178e-05,66.64897422470429
,,,,,10052.298838459743,11280.0,0.3132669336742517,7732.5375680459665,0.00018394670217656179,20.87891978790735,27.142595724279555,10.0,23.0,1.8394670217656178e-05,66.64897422470429
,,,,,10079.457372000737,11290.0,0.31345088037642826,7753.428747692886,0.00018394670217656179,20.891179646919436,27.15853354099527,10.0,23.0,1.8394670217656178e-05,66.64897422470429
,,,,,10106.63184335845,11300.0,0.31363482707860485,7774.332187198817,0.00018394670217656179,20.903439505931523,27.17447135771098,10.0,23.0,1.8394670217656178e-05,66.64897422470429
,,,,,10133.822252532877,11310.0,0.31381877378078143,7795.247886563761,0.00018394670217656179,20.91569936494361,27.190409174426694,10.0,23.0,1.8394670217656178e-05,66.64897422470429
,,,,,10161.02859952402,11320.0,0.314002720482958,7816.175845787717,0.00018394670217656179,20.927959223955696,27.206346991142407,10.0,23.0,1.8394670217656178e-05,66.64897422470429
,,,,,10188.250884331877,11330.0,0.3141866671851346,7837.116064870685,0.00018394670217656179,20.940219082967783,27.22228480785812,10.0,23.0,1.8394670217656178e-05,66.64897422470429
,,,,,10215.489106956451,11340.0,0.3143706138873112,7858.068543812665,0.00018394670217656179,20.95247894197987,27.23822262457383,10.0,23.0,1.8394670217656178e-05,66.64897422470429
,,,,,10242.74326739774,11350.0,0.3145545605894878,7879.033282613656,0.00018394670217656179,20.964738800991956,27.254160441289542,10.0,23.0,1.8394670217656178e-05,66.64897422470429
,,,,,10270.013365655745,11360.0,0.31473850729166436,7900.01028127366,0.00018394670217656179,20.976998660004043,27.270098258005255,10.0,23.0,1.8394670217656178e-05,66.64897422470429
,,,,,10297.299401730466,11370.0,0.31492245399384095,7920.999539792677,0.00018394670217656179,20.98925851901613,27.28603607472097,10.0,23.0,1.8394670217656178e-05,66.64897422470429
,,,,,10324.601375621904,11380.0,0.31510640069601753,7942.001058170705,0.00018394670217656179,21.001518378028216,27.30197389143668,10.0,23.0,1.8394670217656178e-05,66.64897422470429
,,,,,10351.919287330056,11390.0,0.3152903473981941,7963.014836407745,0.00018394670217656179,21.013778237040302,27.317911708152394,10.0,23.0,1.8394670217656178e-05,66.64897422470429
,,,,,10379.253136854924,11400.0,0.3154742941003707,7984.040874503798,0.00018394670217656179,21.02603809605239,27.333849524868107,10.0,23.0,1.8394670217656178e-05,66.64897422470429
,,,,,10406.602924196508,11410.0,0.3156582408025473,8005.079172458862,0.00018394670217656179,21.038297955064476,27.34978734158382,10.0,23.0,1.8394670217656178e-05,66.64897422470429
,,,,,10433.968649354807,11420.0,0.31584218750472387,8026.129730272938,0.00018394670217656179,21.050557814076562,27.365725158299533,10.0,23.0,1.8394670217656178e-05,66.64897422470429
,,,,,10461.350312329821,11430.0,0.31602613420690046,8047.192547946027,0.00018394670217656179,21.06281767308865,27.381662975015246,10.0,23.0,1.8394670217656178e-05,66.64897422470429
,,,,,10488.747913121553,11440.0,0.31621008090907704,8068.267625478127,0.00018394670217656179,21.075077532100735,27.397600791730955,10.0,23.0,1.8394670217656178e-05,66.64897422470429
,,,,,10516.16145173,11450.0,0.3163940276112536,8089.35496286924,0.00018394670217656179,21.087337391112822,27.413538608446668,10.0,23.0,1.8394670217656178e-05,66.64897422470429
,,,,,10543.590928155163,11460.0,0.3165779743134302,8110.454560119365,0.00018394670217656179,21.09959725012491,27.42947642516238,10.0,23.0,1.8394670217656178e-05,66.64897422470429
,,,,,10571.036342397041,11470.0,0.3167619210156068,8131.566417228502,0.00018394670217656179,21.111857109136995,27.445414241878094,10.0,23.0,1.8394670217656178e-05,66.64897422470429
,,,,,10598.497694455635,11480.0,0.3169458677177834,8152.690534196651,0.00018394670217656179,21.12411696814908,27.461352058593807,10.0,23.0,1.8394670217656178e-05,66.64897422470429
,,,,,10625.974984330944,11490.0,0.31712981441995997,8173.8269110238125,0.00018394670217656179,21.13637682716117,27.47728987530952,10.0,23.0,1.8394670217656178e-05,66.64897422470429
,,,,,10653.468212022968,11500.0,0.31731376112213655,8194.975547709986,0.00018394670217656179,21.148636686173255,27.493227692025233,10.0,23.0,1.8394670217656178e-05,66.64897422470429
,,,,,10680.97737753171,11510.0,0.31749770782431314,8216.136444255171,0.00018394670217656179,21.160896545185338,27.50916550874094,10.0,23.0,1.8394670217656178e-05,66.64897422470429
,,,,,10708.502480857167,11520.0,0.3176816545264897,8237.309600659368,0.00018394670217656179,21.173156404197425,27.52510332545665,10.0,23.0,1.8394670217656178e-05,66.64897422470429
,,,,,10736.04352199934,11530.0,0.3178656012286663,8258.495016922578,0.00018394670217656179,21.18541626320951,27.541041142172364,10.0,23.0,1.8394670217656178e-05,66.64897422470429
,,,,,10763.600500958228,11540.0,0.3180495479308429,8279.692693044799,0.00018394670217656179,21.197676122221598,27.556978958888077,10.0,23.0,1.8394670217656178e-05,66.64897422470429
,,,,,10791.173417733831,11550.0,0.3182334946330195,8300.902629026034,0.00018394670217656179,21.209935981233684,27.57291677560379,10.0,23.0,1.8394670217656178e-05,66.64897422470429
,,,,,10818.76227232615,11560.0,0.31841744133519606,8322.12482486628,0.00018394670217656179,21.22219584024577,27.588854592319503,10.0,23.0,1.8394670217656178e-05,66.64897422470429
,,,,,10846.367064735185,11570.0,0.31860138803737265,8343.359280565537,0.00018394670217656179,21.234455699257857,27.604792409035216,10.0,23.0,1.8394670217656178e-05,66.64897422470429
,,,,,10873.987794960936,11580.0,0.31878533473954923,8364.605996123808,0.00018394670217656179,21.246715558269944,27.62073022575093,10.0,23.0,1.8394670217656178e-05,66.64897422470429
,,,,,10901.624463003403,11590.0,0.3189692814417258,8385.86497154109,0.00018394670217656179,21.25897541728203,27.636668042466642,10.0,23.0,1.8394670217656178e-05,66.64897422470429
,,,,,10929.277068862586,11600.0,0.3191532281439024,8407.136206817384,0.00018394670217656179,21.271235276294117,27.652605859182355,10.0,23.0,1.8394670217656178e-05,66.64897422470429
,,,,,10956.945612538484,11610.0,0.319337174846079,8428.419701952691,0.00018394670217656179,21.283495135306204,27.668543675898064,10.0,23.0,1.8394670217656178e-05,66.64897422470429
,,,,,10984.630094031098,11620.0,0.31952112154825557,8449.71545694701,0.00018394670217656179,21.29575499431829,27.684481492613777,10.0,23.0,1.8394670217656178e-05,66.64897422470429
,,,,,11012.330513340426,11630.0,0.31970506825043216,8471.02347180034,0.00018394670217656179,21.308014853330377,27.70041930932949,10.0,23.0,1.8394670217656178e-05,66.64897422470429
,,,,,11040.04687046647,11640.0,0.31988901495260874,8492.343746512683,0.00018394670217656179,21.320274712342464,27.716357126045203,10.0,23.0,1.8394670217656178e-05,66.64897422470429
,,,,,11067.779165409233,11650.0,0.3200729616547853,8513.676281084037,0.00018394670217656179,21.33253457135455,27.732294942760916,10.0,23.0,1.8394670217656178e-05,66.64897422470429
,,,,,11095.52739816871,11660.0,0.3202569083569619,8535.021075514403,0.00018394670217656179,21.344794430366637,27.74823275947663,10.0,23.0,1.8394670217656178e-05,66.64897422470429
,,,,,11123.291568744902,11670.0,0.3204408550591385,8556.378129803783,0.00018394670217656179,21.357054289378723,27.764170576192342,10.0,23.0,1.8394670217656178e-05,66.64897422470429
,,,,,11151.07167713781,11680.0,0.3206248017613151,8577.747443952174,0.00018394670217656179,21.36931414839081,27.780108392908055,10.0,23.0,1.8394670217656178e-05,66.64897422470429
,,,,,11178.867723347434,11690.0,0.32080874846349167,8599.129017959576,0.00018394670217656179,21.381574007402897,27.796046209623768,10.0,23.0,1.8394670217656178e-05,66.64897422470429
,,,,,11206.679707373773,11700.0,0.32099269516566825,8620.522851825992,0.00018394670217656179,21.393833866414983,27.81198402633948,10.0,23.0,1.8394670217656178e-05,66.64897422470429
,,,,,11234.507629216827,11710.0,0.32117664186784484,8641.928945551419,0.00018394670217656179,21.40609372542707,27.82792184305519,10.0,23.0,1.8394670217656178e-05,66.64897422470429
,,,,,11262.351488876599,11720.0,0.3213605885700214,8663.347299135858,0.00018394670217656179,21.418353584439156,27.843859659770903,10.0,23.0,1.8394670217656178e-05,66.64897422470429
,,,,,11290.211286353086,11730.0,0.321544535272198,8684.77791257931,0.00018394670217656179,21.430613443451243,27.859797476486616,10.0,23.0,1.8394670217656178e-05,66.64897422470429
,,,,,11318.087021646288,11740.0,0.3217284819743746,8706.220785881773,0.00018394670217656179,21.44287330246333,27.87573529320233,10.0,23.0,1.8394670217656178e-05,66.64897422470429
,,,,,11345.978694756206,11750.0,0.3219124286765512,8727.675919043248,0.00018394670217656179,21.455133161475416,27.89167310991804,10.0,23.0,1.8394670217656178e-05,66.64897422470429
,,,,,11373.88630568284,11760.0,0.32209637537872776,8749.143312063736,0.00018394670217656179,21.467393020487503,27.907610926633755,10.0,23.0,1.8394670217656178e-05,66.64897422470429
,,,,,11401.809854426188,11770.0,0.32228032208090435,8770.622964943235,0.00018394670217656179,21.47965287949959,27.923548743349468,10.0,23.0,1.8394670217656178e-05,66.64897422470429
,,,,,11429.749340986253,11780.0,0.32246426878308093,8792.114877681746,0.00018394670217656179,21.491912738511676,27.93948656006518,10.0,23.0,1.8394670217656178e-05,66.64897422470429
,,,,,11457.704765363034,11790.0,0.3226482154852575,8813.61905027927,0.00018394670217656179,21.504172597523763,27.955424376780893,10.0,23.0,1.8394670217656178e-05,66.64897422470429
,,,,,11485.676127556531,11800.0,0.3228321621874341,8835.135482735806,0.00018394670217656179,21.51643245653585,27.971362193496606,10.0,23.0,1.8394670217656178e-05,66.64897422470429
,,,,,11513.663427566744,11810.0,0.3230161088896107,8856.664175051354,0.00018394670217656179,21.528692315547936,27.987300010212316,10.0,23.0,1.8394670217656178e-05,66.64897422470429
,,,,,11541.666665393672,11820.0,0.32320005559178727,8878.205127225914,0.00018394670217656179,21.540952174560022,28.00323782692803,10.0,23.0,1.8394670217656178e-05,66.64897422470429
,,,,,11569.685841037315,11830.0,0.32338400229396386,8899.758339259486,0.00018394670217656179,21.55321203357211,28.01917564364374,10.0,23.0,1.8394670217656178e-05,66.64897422470429
,,,,,11597.720954497674,11840.0,0.32356794899614044,8921.32381115207,0.00018394670217656179,21.565471892584196,28.035113460359455,10.0,23.0,1.8394670217656178e-05,66.64897422470429
,,,,,11625.772005774748,11850.0,0.323751895698317,8942.901542903666,0.00018394670217656179,21.577731751596282,28.051051277075167,10.0,23.0,1.8394670217656178e-05,66.64897422470429
,,,,,11653.83899486854,11860.0,0.3239358424004936,8964.491534514274,0.00018394670217656179,21.58999161060837,28.06698909379088,10.0,23.0,1.8394670217656178e-05,66.64897422470429
,,,,,11681.921921779047,11870.0,0.3241197891026702,8986.093785983894,0.00018394670217656179,21.602251469620455,28.082926910506593,10.0,23.0,1.8394670217656178e-05,66.64897422470429
,,,,,11710.02078650627,11880.0,0.3243037358048468,9007.708297312527,0.00018394670217656179,21.614511328632542,28.098864727222306,10.0,23.0,1.8394670217656178e-05,66.64897422470429
,,,,,11738.135589050207,11890.0,0.32448768250702337,9029.335068500171,0.00018394670217656179,21.62677118764463,28.11480254393802,10.0,23.0,1.8394670217656178e-05,66.64897422470429
,,,,,11766.26632941086,11900.0,0.32467162920919995,9050.974099546827,0.00018394670217656179,21.639031046656715,28.130740360653732,10.0,23.0,1.8394670217656178e-05,66.64897422470429
,,,,,11794.41300758823,11910.0,0.32485557591137654,9072.625390452497,0.00018394670217656179,21.6512909056688,28.14667817736944,10.0,23.0,1.8394670217656178e-05,66.64897422470429
,,,,,11822.575623582314,11920.0,0.3250395226135531,9094.288941217177,0.00018394670217656179,21.66355076468089,28.162615994085154,10.0,23.0,1.8394670217656178e-05,66.64897422470429
,,,,,11850.754177393115,11930.0,0.3252234693157297,9115.96475184087,0.00018394670217656179,21.675810623692975,28.178553810800867,10.0,23.0,1.8394670217656178e-05,66.64897422470429
,,,,,11878.948669020632,11940.0,0.3254074160179063,9137.652822323575,0.00018394670217656179,21.68807048270506,28.19449162751658,10.0,23.0,1.8394670217656178e-05,66.64897422470429
,,,,,11907.159098464865,11950.0,0.3255913627200829,9159.353152665291,0.00018394670217656179,21.700330341717148,28.210429444232293,10.0,23.0,1.8394670217656178e-05,66.64897422470429
,,,,,11935.385465725813,11960.0,0.32577530942225946,9181.065742866022,0.00018394670217656179,21.712590200729235,28.226367260948006,10.0,23.0,1.8394670217656178e-05,66.64897422470429
,,,,,11963.627770803476,11970.0,0.32595925612443605,9202.790592925763,0.00018394670217656179,21.72485005974132,28.24230507766372,10.0,23.0,1.8394670217656178e-05,66.64897422470429
,,,,,11991.886013697855,11980.0,0.32614320282661263,9224.527702844516,0.00018394670217656179,21.737109918753408,28.258242894379432,10.0,23.0,1.8394670217656178e-05,66.64897422470429
,,,,,12020.16019440895,11990.0,0.3263271495287892,9246.277072622283,0.00018394670217656179,21.749369777765494,28.274180711095145,10.0,23.0,1.8394670217656178e-05,66.64897422470429
,,,,,12036.66474650315,12000.0,0.3263602605512263,9258.972881925512,3.31110224370807e-05,12.695809303229359,16.504552094198168,10.0,88.0,3.3111022437080697e-06,38.90121083304073
,,,,,12053.170973073871,12010.0,0.3263933715736634,9271.669979287606,3.31110224370807e-05,12.697097362094082,16.50622657072231,10.0,88.0,3.3111022437080697e-06,38.90121083304073
,,,,,12069.678874121118,12020.0,0.32642648259610046,9284.368364708565,3.31110224370807e-05,12.698385420958804,16.507901047246445,10.0,88.0,3.3111022437080697e-06,38.90121083304073
,,,,,12086.18844964489,12030.0,0.32645959361853755,9297.068038188389,3.31110224370807e-05,12.699673479823527,16.509575523770586,10.0,88.0,3.3111022437080697e-06,38.90121083304073
,,,,,12102.699699645184,12040.0,0.32649270464097463,9309.768999727077,3.31110224370807e-05,12.700961538688249,16.511250000294723,10.0,88.0,3.3111022437080697e-06,38.90121083304073
,,,,,12119.212624122003,12050.0,0.3265258156634117,9322.47124932463,3.31110224370807e-05,12.702249597552973,16.512924476818863,10.0,88.0,3.3111022437080697e-06,38.90121083304073
,,,,,12135.727223075346,12060.0,0.3265589266858488,9335.174786981048,3.31110224370807e-05,12.703537656417694,16.514598953343004,10.0,88.0,3.3111022437080697e-06,38.90121083304073
,,,,,12152.243496505213,12070.0,0.3265920377082859,9347.87961269633,3.31110224370807e-05,12.704825715282416,16.51627342986714,10.0,88.0,3.3111022437080697e-06,38.90121083304073
,,,,,12168.761444411604,12080.0,0.32662514873072296,9360.585726470477,3.31110224370807e-05,12.70611377414714,16.51794790639128,10.0,88.0,3.3111022437080697e-06,38.90121083304073
,,,,,12185.28106679452,12090.0,0.32665825975316004,9373.293128303489,3.31110224370807e-05,12.707401833011861,16.51962238291542,10.0,88.0,3.3111022437080697e-06,38.90121083304073
,,,,,12201.802363653958,12100.0,0.3266913707755971,9386.001818195366,3.31110224370807e-05,12.708689891876585,16.52129685943956,10.0,88.0,3.3111022437080697e-06,38.90121083304073
,,,,,12218.325334989922,12110.0,0.3267244817980342,9398.711796146106,3.31110224370807e-05,12.709977950741306,16.5229713359637,10.0,88.0,3.3111022437080697e-06,38.90121083304073
,,,,,12234.84998080241,12120.0,0.3267575928204713,9411.423062155713,3.31110224370807e-05,12.71126600960603,16.52464581248784,10.0,88.0,3.3111022437080697e-06,38.90121083304073
,,,,,12251.376301091423,12130.0,0.32679070384290837,9424.135616224183,3.31110224370807e-05,12.712554068470752,16.526320289011977,10.0,88.0,3.3111022437080697e-06,38.90121083304073
,,,,,12267.904295856959,12140.0,0.32682381486534545,9436.849458351518,3.31110224370807e-05,12.713842127335473,16.527994765536118,10.0,88.0,3.3111022437080697e-06,38.90121083304073
,,,,,12284.433965099019,12150.0,0.32685692588778253,9449.564588537718,3.31110224370807e-05,12.715130186200197,16.52966924206026,10.0,88.0,3.3111022437080697e-06,38.90121083304073
,,,,,12300.965308817604,12160.0,0.3268900369102196,9462.281006782783,3.31110224370807e-05,12.716418245064919,16.531343718584395,10.0,88.0,3.3111022437080697e-06,38.90121083304073
,,,,,12317.498327012712,12170.0,0.3269231479326567,9474.998713086712,3.31110224370807e-05,12.717706303929642,16.533018195108536,10.0,88.0,3.3111022437080697e-06,38.90121083304073
,,,,,12334.033019684344,12180.0,0.3269562589550938,9487.717707449507,3.31110224370807e-05,12.718994362794364,16.534692671632673,10.0,88.0,3.3111022437080697e-06,38.90121083304073
,,,,,12350.569386832502,12190.0,0.32698936997753086,9500.437989871165,3.31110224370807e-05,12.720282421659087,16.536367148156813,10.0,88.0,3.3111022437080697e-06,38.90121083304073
,,,,,12367.107428457182,12200.0,0.32702248099996795,9513.159560351689,3.31110224370807e-05,12.721570480523809,16.538041624680954,10.0,88.0,3.3111022437080697e-06,38.90121083304073
,,,,,12383.647144558387,12210.0,0.32705559202240503,9525.882418891077,3.31110224370807e-05,12.72285853938853,16.53971610120509,10.0,88.0,3.3111022437080697e-06,38.90121083304073
,,,,,12400.188535136116,12220.0,0.3270887030448421,9538.60656548933,3.31110224370807e-05,12.724146598253254,16.54139057772923,10.0,88.0,3.3111022437080697e-06,38.90121083304073
,,,,,12416.73160019037,12230.0,0.3271218140672792,9551.332000146447,3.31110224370807e-05,12.725434657117976,16.54306505425337,10.0,88.0,3.3111022437080697e-06,38.90121083304073
,,,,,12433.276339721147,12240.0,0.3271549250897163,9564.05872286243,3.31110224370807e-05,12.7267227159827,16.54473953077751,10.0,88.0,3.3111022437080697e-06,38.90121083304073
,,,,,12449.82275372845,12250.0,0.32718803611215336,9576.786733637276,3.31110224370807e-05,12.728010774847421,16.54641400730165,10.0,88.0,3.3111022437080697e-06,38.90121083304073
,,,,,12466.370842212275,12260.0,0.32722114713459044,9589.516032470989,3.31110224370807e-05,12.729298833712145,16.54808848382579,10.0,88.0,3.3111022437080697e-06,38.90121083304073
,,,,,12482.920605172625,12270.0,0.3272542581570275,9602.246619363566,3.31110224370807e-05,12.730586892576866,16.549762960349927,10.0,88.0,3.3111022437080697e-06,38.90121083304073
,,,,,12499.4720426095,12280.0,0.3272873691794646,9614.978494315008,3.31110224370807e-05,12.731874951441588,16.551437436874064,10.0,88.0,3.3111022437080697e-06,38.90121083304073
,,,,,12516.025154522897,12290.0,0.3273204802019017,9627.711657325315,3.31110224370807e-05,12.733163010306312,16.553111913398205,10.0,88.0,3.3111022437080697e-06,38.90121083304073
,,,,,12532.57994091282,12300.0,0.32735359122433877,9640.446108394486,3.31110224370807e-05,12.734451069171033,16.554786389922345,10.0,88.0,3.3111022437080697e-06,38.90121083304073
,,,,,12549.136401779266,12310.0,0.32738670224677585,9653.181847522523,3.31110224370807e-05,12.735739128035757,16.556460866446486,10.0,88.0,3.3111022437080697e-06,38.90121083304073
,,,,,12565.694537122235,12320.0,0.32741981326921293,9665.918874709423,3.31110224370807e-05,12.737027186900479,16.558135342970623,10.0,88.0,3.3111022437080697e-06,38.90121083304073
,,,,,12582.25434694173,12330.0,0.32745292429165,9678.65718995519,3.31110224370807e-05,12.738315245765202,16.559809819494763,10.0,88.0,3.3111022437080697e-06,38.90121083304073
,,,,,12598.815831237749,12340.0,0.3274860353140871,9691.396793259819,3.31110224370807e-05,12.739603304629924,16.5614842960189,10.0,88.0,3.3111022437080697e-06,38.90121083304073
,,,,,12615.378990010293,12350.0,0.3275191463365242,9704.137684623314,3.31110224370807e-05,12.740891363494645,16.56315877254304,10.0,88.0,3.3111022437080697e-06,38.90121083304073
,,,,,12631.94382325936,12360.0,0.32755225735896126,9716.879864045673,3.31110224370807e-05,12.742179422359369,16.56483324906718,10.0,88.0,3.3111022437080697e-06,38.90121083304073
,,,,,12648.510330984951,12370.0,0.32758536838139835,9729.623331526898,3.31110224370807e-05,12.74346748122409,16.56650772559132,10.0,88.0,3.3111022437080697e-06,38.90121083304073
,,,,,12665.078513187067,12380.0,0.3276184794038354,9742.368087066987,3.31110224370807e-05,12.744755540088814,16.56818220211546,10.0,88.0,3.3111022437080697e-06,38.90121083304073
,,,,,12681.648369865707,12390.0,0.3276515904262725,9755.114130665941,3.31110224370807e-05,12.746043598953536,16.569856678639596,10.0,88.0,3.3111022437080697e-06,38.90121083304073
,,,,,12698.21990102087,12400.0,0.3276847014487096,9767.861462323759,3.31110224370807e-05,12.74733165781826,16.571531155163736,10.0,88.0,3.3111022437080697e-06,38.90121083304073
,,,,,12714.793106652558,12410.0,0.3277178124711467,9780.610082040443,3.31110224370807e-05,12.748619716682981,16.573205631687877,10.0,88.0,3.3111022437080697e-06,38.90121083304073
,,,,,12731.36798676077,12420.0,0.32775092349358376,9793.35998981599,3.31110224370807e-05,12.749907775547703,16.574880108212014,10.0,88.0,3.3111022437080697e-06,38.90121083304073
,,,,,12747.944541345505,12430.0,0.32778403451602084,9806.111185650403,3.31110224370807e-05,12.751195834412426,16.576554584736154,10.0,88.0,3.3111022437080697e-06,38.90121083304073
,,,,,12764.522770406766,12440.0,0.3278171455384579,9818.86366954368,3.31110224370807e-05,12.752483893277148,16.57822906126029,10.0,88.0,3.3111022437080697e-06,38.90121083304073
,,,,,12781.10267394455,12450.0,0.327850256560895,9831.617441495822,3.31110224370807e-05,12.753771952141872,16.579903537784432,10.0,88.0,3.3111022437080697e-06,38.90121083304073
,,,,,12797.684251958859,12460.0,0.3278833675833321,9844.372501506828,3.31110224370807e-05,12.755060011006593,16.581578014308572,10.0,88.0,3.3111022437080697e-06,38.90121083304073
,,,,,12814.267504449692,12470.0,0.32791647860576917,9857.1288495767,3.31110224370807e-05,12.756348069871317,16.583252490832713,10.0,88.0,3.3111022437080697e-06,38.90121083304073
,,,,,12830.852431417048,12480.0,0.32794958962820625,9869.886485705436,3.31110224370807e-05,12.757636128736038,16.58492696735685,10.0,88.0,3.3111022437080697e-06,38.90121083304073
,,,,,12847.43903286093,12490.0,0.32798270065064333,9882.645409893037,3.31110224370807e-05,12.75892418760076,16.58660144388099,10.0,88.0,3.3111022437080697e-06,38.90121083304073
,,,,,12864.027308781335,12500.0,0.3280158116730804,9895.405622139502,3.31110224370807e-05,12.760212246465484,16.58827592040513,10.0,88.0,3.3111022437080697e-06,38.90121083304073
,,,,,12880.617259178263,12510.0,0.3280489226955175,9908.167122444833,3.31110224370807e-05,12.761500305330205,16.589950396929268,10.0,88.0,3.3111022437080697e-06,38.90121083304073
,,,,,12897.208884051717,12520.0,0.3280820337179546,9920.929910809027,3.31110224370807e-05,12.762788364194929,16.59162487345341,10.0,88.0,3.3111022437080697e-06,38.90121083304073
,,,,,12913.802183401694,12530.0,0.32811514474039166,9933.693987232087,3.31110224370807e-05,12.76407642305965,16.593299349977546,10.0,88.0,3.3111022437080697e-06,38.90121083304073
,,,,,12930.397157228195,12540.0,0.32814825576282874,9946.459351714011,3.31110224370807e-05,12.765364481924374,16.594973826501686,10.0,88.0,3.3111022437080697e-06,38.90121083304073
,,,,,12946.993805531221,12550.0,0.3281813667852658,9959.2260042548,3.31110224370807e-05,12.766652540789096,16.596648303025827,10.0,88.0,3.3111022437080697e-06,38.90121083304073
,,,,,12963.592128310771,12560.0,0.3282144778077029,9971.993944854454,3.31110224370807e-05,12.767940599653818,16.598322779549964,10.0,88.0,3.3111022437080697e-06,38.90121083304073
,,,,,12980.192125566846,12570.0,0.32824758883014,9984.763173512973,3.31110224370807e-05,12.769228658518541,16.599997256074104,10.0,88.0,3.3111022437080697e-06,38.90121083304073
,,,,,13095.335220500685,12580.0,0.32835744832917785,10073.334785000541,0.00010985949903787331,88.57161148756882,115.14309493383946,10.0,33.0,1.0985949903787331e-05,269.74144164616575
,,,,,13210.516839192069,12590.0,0.3284673078282157,10161.936030147759,0.00010985949903787331,88.60124514721781,115.18161869138315,10.0,33.0,1.0985949903787331e-05,269.74144164616575
,,,,,13325.736981640996,12600.0,0.32857716732725356,10250.566908954626,0.00010985949903787331,88.6308788068668,115.22014244892685,10.0,33.0,1.0985949903787331e-05,269.74144164616575
,,,,,13440.995647847467,12610.0,0.3286870268262914,10339.227421421143,0.00010985949903787331,88.6605124665158,115.25866620647054,10.0,33.0,1.0985949903787331e-05,269.74144164616575
,,,,,13556.292837811481,12620.0,0.3287968863253293,10427.917567547307,0.00010985949903787331,88.6901461261648,115.29718996401425,10.0,33.0,1.0985949903787331e-05,269.74144164616575
,,,,,13671.628551533038,12630.0,0.32890674582436713,10516.63734733312,0.00010985949903787331,88.7197797858138,115.33571372155794,10.0,33.0,1.0985949903787331e-05,269.74144164616575
,,,,,13787.00278901214,12640.0,0.329016605323405,10605.386760778583,0.00010985949903787331,88.74941344546279,115.37423747910164,10.0,33.0,1.0985949903787331e-05,269.74144164616575
,,,,,13902.415550248785,12650.0,0.32912646482244284,10694.165807883695,0.00010985949903787331,88.77904710511179,115.41276123664532,10.0,33.0,1.0985949903787331e-05,269.74144164616575
,,,,,14017.866835242974,12660.0,0.3292363243214807,10782.974488648457,0.00010985949903787331,88.8086807647608,115.45128499418904,10.0,33.0,1.0985949903787331e-05,269.74144164616575
,,,,,14133.356643994706,12670.0,0.32934618382051856,10871.812803072866,0.00010985949903787331,88.83831442440979,115.48980875173272,10.0,33.0,1.0985949903787331e-05,269.74144164616575
,,,,,14248.884976503983,12680.0,0.3294560433195564,10960.680751156924,0.00010985949903787331,88.86794808405878,115.52833250927642,10.0,33.0,1.0985949903787331e-05,269.74144164616575
,,,,,14364.451832770803,12690.0,0.32956590281859427,11049.578332900632,0.00010985949903787331,88.89758174370778,115.56685626682011,10.0,33.0,1.0985949903787331e-05,269.74144164616575
,,,,,14480.057212795167,12700.0,0.3296757623176321,11138.505548303989,0.00010985949903787331,88.92721540335678,115.60538002436382,10.0,33.0,1.0985949903787331e-05,269.74144164616575
,,,,,14595.701116577075,12710.0,0.32978562181667,11227.462397366995,0.00010985949903787331,88.95684906300578,115.64390378190751,10.0,33.0,1.0985949903787331e-05,269.74144164616575
,,,,,14711.383544116527,12720.0,0.32989548131570784,11316.44888008965,0.00010985949903787331,88.98648272265477,115.68242753945121,10.0,33.0,1.0985949903787331e-05,269.74144164616575
,,,,,14827.104495413521,12730.0,0.3300053408147457,11405.464996471954,0.00010985949903787331,89.01611638230376,115.7209512969949,10.0,33.0,1.0985949903787331e-05,269.74144164616575
,,,,,14942.86397046806,12740.0,0.33011520031378355,11494.510746513906,0.00010985949903787331,89.04575004195277,115.75947505453861,10.0,33.0,1.0985949903787331e-05,269.74144164616575
,,,,,15058.661969280143,12750.0,0.3302250598128214,11583.586130215508,0.00010985949903787331,89.07538370160177,115.7979988120823,10.0,33.0,1.0985949903787331e-05,269.74144164616575
,,,,,15174.498491849768,12760.0,0.33033491931185927,11672.69114757676,0.00010985949903787331,89.10501736125076,115.83652256962598,10.0,33.0,1.0985949903787331e-05,269.74144164616575
,,,,,15290.373538176938,12770.0,0.3304447788108971,11761.82579859766,0.00010985949903787331,89.13465102089975,115.87504632716968,10.0,33.0,1.0985949903787331e-05,269.74144164616575
,,,,,15406.287108261651,12780.0,0.330554638309935,11850.990083278208,0.00010985949903787331,89.16428468054875,115.91357008471337,10.0,33.0,1.0985949903787331e-05,269.74144164616575
,,,,,15522.239202103909,12790.0,0.33066449780897283,11940.184001618405,0.00010985949903787331,89.19391834019775,115.95209384225709,10.0,33.0,1.0985949903787331e-05,269.74144164616575
,,,,,15638.229819703709,12800.0,0.3307743573080107,12029.407553618252,0.00010985949903787331,89.22355199984675,115.99061759980077,10.0,33.0,1.0985949903787331e-05,269.74144164616575
,,,,,15754.258961061054,12810.0,0.33088421680704855,12118.660739277748,0.00010985949903787331,89.25318565949574,116.02914135734447,10.0,33.0,1.0985949903787331e-05,269.74144164616575
,,,,,15870.326626175942,12820.0,0.3309940763060864,12207.943558596893,0.00010985949903787331,89.28281931914474,116.06766511488816,10.0,33.0,1.0985949903787331e-05,269.74144164616575
,,,,,15986.432815048374,12830.0,0.33110393580512426,12297.256011575686,0.00010985949903787331,89.31245297879374,116.10618887243187,10.0,33.0,1.0985949903787331e-05,269.74144164616575
,,,,,16102.57752767835,12840.0,0.3312137953041621,12386.598098214128,0.00010985949903787331,89.34208663844274,116.14471262997556,10.0,33.0,1.0985949903787331e-05,269.74144164616575
,,,,,16218.76076406587,12850.0,0.3313236548032,12475.96981851222,0.00010985949903787331,89.37172029809173,116.18323638751926,10.0,33.0,1.0985949903787331e-05,269.74144164616575
,,,,,16334.982524210933,12860.0,0.33143351430223783,12565.37117246996,0.00010985949903787331,89.40135395774072,116.22176014506294,10.0,33.0,1.0985949903787331e-05,269.74144164616575
,,,,,16451.24280811354,12870.0,0.3315433738012757,12654.80216008735,0.00010985949903787331,89.43098761738973,116.26028390260666,10.0,33.0,1.0985949903787331e-05,269.74144164616575
,,,,,16567.54161577369,12880.0,0.33165323330031354,12744.26278136439,0.00010985949903787331,89.46062127703873,116.29880766015035,10.0,33.0,1.0985949903787331e-05,269.74144164616575
,,,,,16683.878947191384,12890.0,0.3317630927993514,12833.753036301077,0.00010985949903787331,89.49025493668772,116.33733141769405,10.0,33.0,1.0985949903787331e-05,269.74144164616575
,,,,,16800.25480236662,12900.0,0.33187295229838926,12923.272924897414,0.00010985949903787331,89.51988859633671,116.37585517523773,10.0,33.0,1.0985949903787331e-05,269.74144164616575
,,,,,16916.669181299403,12910.0,0.3319828117974271,13012.8224471534,0.00010985949903787331,89.5495222559857,116.41437893278142,10.0,33.0,1.0985949903787331e-05,269.74144164616575
,,,,,17033.12208398973,12920.0,0.33209267129646497,13102.401603069035,0.00010985949903787331,89.57915591563471,116.45290269032513,10.0,33.0,1.0985949903787331e-05,269.74144164616575
,,,,,17149.613510437597,12930.0,0.3322025307955028,13192.010392644319,0.00010985949903787331,89.60878957528371,116.49142644786882,10.0,33.0,1.0985949903787331e-05,269.74144164616575
,,,,,17266.14346064301,12940.0,0.3323123902945407,13281.64881587925,0.00010985949903787331,89.6384232349327,116.52995020541252,10.0,33.0,1.0985949903787331e-05,269.74144164616575
,,,,,17382.711934605966,12950.0,0.33242224979357854,13371.316872773832,0.00010985949903787331,89.6680568945817,116.5684739629562,10.0,33.0,1.0985949903787331e-05,269.74144164616575
,,,,,17499.318932326467,12960.0,0.3325321092926164,13461.014563328063,0.00010985949903787331,89.6976905542307,116.60699772049992,10.0,33.0,1.0985949903787331e-05,269.74144164616575
,,,,,17615.96445380451,12970.0,0.33264196879165425,13550.741887541943,0.00010985949903787331,89.7273242138797,116.6455214780436,10.0,33.0,1.0985949903787331e-05,269.74144164616575
,,,,,17732.648499040097,12980.0,0.3327518282906921,13640.498845415472,0.00010985949903787331,89.75695787352869,116.6840452355873,10.0,33.0,1.0985949903787331e-05,269.74144164616575
,,,,,17779.073370637354,12990.0,0.3328457944995224,13676.21028510567,9.396620883026356e-05,35.71143969019778,46.424871597257116,10.0,61.0,9.396620883026356e-06,107.29124501601304
,,,,,17825.511348511605,13000.0,0.3329397607083527,13711.931806547402,9.396620883026356e-05,35.72152144173262,46.437977874252404,10.0,61.0,9.396620883026356e-06,107.29124501601304
,,,,,17871.962432662855,13010.0,0.33303372691718297,13747.66340974067,9.396620883026356e-05,35.73160319326745,46.45108415124769,10.0,61.0,9.396620883026356e-06,107.29124501601304
,,,,,17918.426623091098,13020.0,0.33312769312601326,13783.405094685471,9.396620883026356e-05,35.74168494480229,46.46419042824297,10.0,61.0,9.396620883026356e-06,107.29124501601304
,,,,,17964.903919796336,13030.0,0.33322165933484355,13819.156861381809,9.396620883026356e-05,35.75176669633713,46.47729670523827,10.0,61.0,9.396620883026356e-06,107.29124501601304
,,,,,18011.394322778568,13040.0,0.33331562554367383,13854.91870982968,9.396620883026356e-05,35.76184844787196,46.490402982233554,10.0,61.0,9.396620883026356e-06,107.29124501601304
,,,,,18057.897832037797,13050.0,0.3334095917525041,13890.690640029088,9.396620883026356e-05,35.771930199406796,46.503509259228835,10.0,61.0,9.396620883026356e-06,107.29124501601304
,,,,,18104.41444757402,13060.0,0.3335035579613344,13926.47265198003,9.396620883026356e-05,35.78201195094164,46.51661553622413,10.0,61.0,9.396620883026356e-06,107.29124501601304
,,,,,18150.94416938724,13070.0,0.3335975241701647,13962.264745682507,9.396620883026356e-05,35.79209370247647,46.52972181321942,10.0,61.0,9.396620883026356e-06,107.29124501601304
,,,,,18197.486997477456,13080.0,0.333691490378995,13998.066921136518,9.396620883026356e-05,35.802175454011305,46.5428280902147,10.0,61.0,9.396620883026356e-06,107.29124501601304
,,,,,18244.042931844666,13090.0,0.33378545658782527,14033.879178342064,9.396620883026356e-05,35.812257205546146,46.55593436720999,10.0,61.0,9.396620883026356e-06,107.29124501601304
,,,,,18290.61197248887,13100.0,0.33387942279665556,14069.701517299145,9.396620883026356e-05,35.82233895708098,46.56904064420527,10.0,61.0,9.396620883026356e-06,107.29124501601304
,,,,,18337.194119410073,13110.0,0.33397338900548584,14105.53393800776,9.396620883026356e-05,35.832420708615814,46.58214692120056,10.0,61.0,9.396620883026356e-06,107.29124501601304
,,,,,18383.78937260827,13120.0,0.33406735521431613,14141.376440467911,9.396620883026356e-05,35.842502460150655,46.595253198195856,10.0,61.0,9.396620883026356e-06,107.29124501601304
,,,,,18430.39773208346,13130.0,0.3341613214231464,14177.229024679596,9.396620883026356e-05,35.85258421168549,46.608359475191136,10.0,61.0,9.396620883026356e-06,107.29124501601304
,,,,,18477.019197835645,13140.0,0.3342552876319767,14213.091690642817,9.396620883026356e-05,35.86266596322032,46.621465752186424,10.0,61.0,9.396620883026356e-06,107.29124501601304
,,,,,18523.653769864828,13150.0,0.334349253840807,14248.964438357572,9.396620883026356e-05,35.872747714755164,46.63457202918171,10.0,61.0,9.396620883026356e-06,107.29124501601304
,,,,,18570.301448171005,13160.0,0.3344432200496373,14284.847267823863,9.396620883026356e-05,35.88282946629,46.647678306177,10.0,61.0,9.396620883026356e-06,107.29124501601304
,,,,,18616.962232754177,13170.0,0.33453718625846757,14320.740179041688,9.396620883026356e-05,35.89291121782483,46.66078458317228,10.0,61.0,9.396620883026356e-06,107.29124501601304
,,,,,18663.636123614346,13180.0,0.33463115246729785,14356.643172011047,9.396620883026356e-05,35.90299296935967,46.673890860167575,10.0,61.0,9.396620883026356e-06,107.29124501601304
,,,,,18710.32312075151,13190.0,0.33472511867612814,14392.556246731941,9.396620883026356e-05,35.91307472089451,46.68699713716286,10.0,61.0,9.396620883026356e-06,107.29124501601304
,,,,,18752.794067581166,13200.0,0.3348536607158445,14425.226205831677,0.00012854203971635465,32.66995909973613,42.470946829656974,10.0,22.0,1.2854203971635464e-05,97.56488559777081
,,,,,18795.281317957044,13210.0,0.33498220275556084,14457.908706120814,0.00012854203971635465,32.68250028913556,42.48725037587623,10.0,22.0,1.2854203971635464e-05,97.56488559777081
,,,,,18837.78487187914,13220.0,0.3351107447952772,14490.603747599349,0.00012854203971635465,32.69504147853499,42.503553922095485,10.0,22.0,1.2854203971635464e-05,97.56488559777081
,,,,,18880.304729347456,13230.0,0.33523928683499354,14523.311330267283,0.00012854203971635465,32.70758266793442,42.51985746831475,10.0,22.0,1.2854203971635464e-05,97.56488559777081
,,,,,18922.84089036199,13240.0,0.3353678288747099,14556.031454124617,0.00012854203971635465,32.720123857333846,42.536161014534,10.0,22.0,1.2854203971635464e-05,97.56488559777081
,,,,,18965.393354922744,13250.0,0.33549637091442625,14588.76411917135,0.00012854203971635465,32.73266504673328,42.552464560753265,10.0,22.0,1.2854203971635464e-05,97.56488559777081
,,,,,19007.962123029716,13260.0,0.3356249129541426,14621.509325407484,0.00012854203971635465,32.74520623613271,42.56876810697253,10.0,22.0,1.2854203971635464e-05,97.56488559777081
,,,,,19050.54719468291,13270.0,0.33575345499385895,14654.267072833016,0.00012854203971635465,32.75774742553214,42.58507165319178,10.0,22.0,1.2854203971635464e-05,97.56488559777081
,,,,,19093.14856988232,13280.0,0.3358819970335753,14687.037361447947,0.00012854203971635465,32.770288614931566,42.60137519941104,10.0,22.0,1.2854203971635464e-05,97.56488559777081
,,,,,19135.76624862795,13290.0,0.33601053907329165,14719.820191252278,0.00012854203971635465,32.782829804331,42.6176787456303,10.0,22.0,1.2854203971635464e-05,97.56488559777081
,,,,,19178.4002309198,13300.0,0.336139081113008,14752.615562246008,0.00012854203971635465,32.79537099373043,42.63398229184956,10.0,22.0,1.2854203971635464e-05,97.56488559777081
,,,,,19221.05051675787,13310.0,0.33626762315272435,14785.423474429139,0.00012854203971635465,32.80791218312986,42.65028583806882,10.0,22.0,1.2854203971635464e-05,97.56488559777081
,,,,,19263.717106142158,13320.0,0.3363961651924407,14818.243927801668,0.00012854203971635465,32.820453372529286,42.66658938428807,10.0,22.0,1.2854203971635464e-05,97.56488559777081
,,,,,19306.399999072666,13330.0,0.33652470723215705,14851.076922363596,0.00012854203971635465,32.832994561928714,42.68289293050733,10.0,22.0,1.2854203971635464e-05,97.56488559777081
,,,,,19349.099195549392,13340.0,0.3366532492718734,14883.922458114925,0.00012854203971635465,32.84553575132815,42.6991964767266,10.0,22.0,1.2854203971635464e-05,97.56488559777081
,,,,,19391.81469557234,13350.0,0.33678179131158975,14916.780535055652,0.00012854203971635465,32.85807694072758,42.715500022945854,10.0,22.0,1.2854203971635464e-05,97.56488559777081
,,,,,19434.546499141503,13360.0,0.3369103333513061,14949.65115318578,0.00012854203971635465,32.870618130127006,42.73180356916511,10.0,22.0,1.2854203971635464e-05,97.56488559777081
,,,,,19477.294606256888,13370.0,0.33703887539102245,14982.534312505306,0.00012854203971635465,32.883159319526435,42.748107115384364,10.0,22.0,1.2854203971635464e-05,97.56488559777081
,,,,,19520.05901691849,13380.0,0.3371674174307388,15015.430013014231,0.00012854203971635465,32.89570050892587,42.764410661603634,10.0,22.0,1.2854203971635464e-05,97.56488559777081
,,,,,19562.839731126314,13390.0,0.33729595947045515,15048.338254712557,0.00012854203971635465,32.9082416983253,42.78071420782289,10.0,22.0,1.2854203971635464e-05,97.56488559777081
,,,,,19605.636748880355,13400.0,0.3374245015101715,15081.25903760028,0.00012854203971635465,32.92078288772473,42.797017754042145,10.0,22.0,1.2854203971635464e-05,97.56488559777081
,,,,,19648.450070180617,13410.0,0.33755304354988785,15114.192361677406,0.00012854203971635465,32.933324077124155,42.8133213002614,10.0,22.0,1.2854203971635464e-05,97.56488559777081
,,,,,19766.8428231064,13420.0,0.3376246076563561,15205.263710081852,7.156410646824169e-05,91.07134840444658,118.39275292578056,10.0,58.0,7.156410646824169e-06,269.74144164616575
,,,,,19885.260670979,13430.0,0.33769617176282435,15296.354362291548,7.156410646824169e-05,91.09065220969545,118.41784787260409,10.0,58.0,7.156410646824169e-06,269.74144164616575
,,,,,20003.70361379843,13440.0,0.3377677358692926,15387.464318306493,7.156410646824169e-05,91.10995601494432,118.44294281942761,10.0,58.0,7.156410646824169e-06,269.74144164616575
,,,,,20122.17165156468,13450.0,0.33783929997576084,15478.593578126685,7.156410646824169e-05,91.12925982019318,118.46803776625114,10.0,58.0,7.156410646824169e-06,269.74144164616575
,,,,,20240.664784277757,13460.0,0.3379108640822291,15569.742141752127,7.156410646824169e-05,91.14856362544205,118.49313271307467,10.0,58.0,7.156410646824169e-06,269.74144164616575
,,,,,20359.183011937654,13470.0,0.33798242818869734,15660.910009182819,7.156410646824169e-05,91.1678674306909,118.51822765989817,10.0,58.0,7.156410646824169e-06,269.74144164616575
,,,,,20477.726334544375,13480.0,0.3380539922951656,15752.097180418757,7.156410646824169e-05,91.18717123593977,118.5433226067217,10.0,58.0,7.156410646824169e-06,269.74144164616575
,,,,,20596.29475209792,13490.0,0.33812555640163383,15843.303655459946,7.156410646824169e-05,91.20647504118864,118.56841755354523,10.0,58.0,7.156410646824169e-06,269.74144164616575
,,,,,20714.88826459829,13500.0,0.3381971205081021,15934.529434306383,7.156410646824169e-05,91.2257788464375,118.59351250036876,10.0,58.0,7.156410646824169e-06,269.74144164616575
,,,,,20833.50687204548,13510.0,0.3382686846145703,16025.77451695807,7.156410646824169e-05,91.24508265168637,118.61860744719229,10.0,58.0,7.156410646824169e-06,269.74144164616575
,,,,,20952.150574439496,13520.0,0.3383402487210386,16117.038903415005,7.156410646824169e-05,91.26438645693523,118.6437023940158,10.0,58.0,7.156410646824169e-06,269.74144164616575
,,,,,21070.819371780337,13530.0,0.3384118128275068,16208.322593677189,7.156410646824169e-05,91.2836902621841,118.66879734083933,10.0,58.0,7.156410646824169e-06,269.74144164616575
,,,,,21189.513264068,13540.0,0.33848337693397507,16299.625587744622,7.156410646824169e-05,91.30299406743296,118.69389228766285,10.0,58.0,7.156410646824169e-06,269.74144164616575
,,,,,21308.232251302485,13550.0,0.3385549410404433,16390.947885617305,7.156410646824169e-05,91.32229787268183,118.71898723448638,10.0,58.0,7.156410646824169e-06,269.74144164616575
,,,,,21426.976333483795,13560.0,0.33862650514691156,16482.289487295235,7.156410646824169e-05,91.3416016779307,118.7440821813099,10.0,58.0,7.156410646824169e-06,269.74144164616575
,,,,,21458.460946177198,13570.0,0.3388057757778032,16506.508420136313,0.00017927063089160367,24.218932841079578,31.484612693403452,10.0,29.0,1.7927063089160367e-05,71.48323485772842
,,,,,21489.962218168595,13580.0,0.3389850464086948,16530.740167822005,0.00017927063089160367,24.2317476856907,31.50127199139791,10.0,29.0,1.7927063089160367e-05,71.48323485772842
,,,,,21521.480149457988,13590.0,0.33916431703958644,16554.984730352306,0.00017927063089160367,24.244562530301817,31.51793128939236,10.0,29.0,1.7927063089160367e-05,71.48323485772842
,,,,,21553.014740045375,13600.0,0.33934358767047806,16579.24210772722,0.00017927063089160367,24.257377374912938,31.53459058738682,10.0,29.0,1.7927063089160367e-05,71.48323485772842
,,,,,21584.565989930757,13610.0,0.3395228583013697,16603.512299946742,0.00017927063089160367,24.270192219524056,31.551249885381274,10.0,29.0,1.7927063089160367e-05,71.48323485772842
,,,,,21616.133899114135,13620.0,0.3397021289322613,16627.795307010878,0.00017927063089160367,24.283007064135177,31.567909183375733,10.0,29.0,1.7927063089160367e-05,71.48323485772842
,,,,,21647.718467595503,13630.0,0.33988139956315294,16652.091128919623,0.00017927063089160367,24.295821908746294,31.584568481370184,10.0,29.0,1.7927063089160367e-05,71.48323485772842
,,,,,21679.319695374867,13640.0,0.34006067019404457,16676.39976567298,0.00017927063089160367,24.308636753357415,31.601227779364642,10.0,29.0,1.7927063089160367e-05,71.48323485772842
,,,,,21710.937582452225,13650.0,0.3402399408249362,16700.721217270948,0.00017927063089160367,24.321451597968533,31.617887077359093,10.0,29.0,1.7927063089160367e-05,71.48323485772842
,,,,,21742.572128827578,13660.0,0.3404192114558278,16725.055483713528,0.00017927063089160367,24.334266442579654,31.63454637535355,10.0,29.0,1.7927063089160367e-05,71.48323485772842
,,,,,21780.671708008125,13670.0,0.3404541149518901,16754.36285231395,3.490349606228937e-05,29.307368600421565,38.099579180548034,10.0,15.0,3.4903496062289374e-06,86.08316749105241
,,,,,21818.77519317322,13680.0,0.3404890184479524,16783.67322551787,3.490349606228937e-05,29.310373203919116,38.10348516509485,10.0,15.0,3.4903496062289374e-06,86.08316749105241
,,,,,21856.882584322862,13690.0,0.34052392194401465,16812.986603325284,3.490349606228937e-05,29.313377807416668,38.10739114964167,10.0,15.0,3.4903496062289374e-06,86.08316749105241
,,,,,21894.993881457052,13700.0,0.34055882544007693,16842.302985736198,3.490349606228937e-05,29.316382410914223,38.11129713418849,10.0,15.0,3.4903496062289374e-06,86.08316749105241
,,,,,21933.109084575786,13710.0,0.3405937289361392,16871.62237275061,3.490349606228937e-05,29.319387014411774,38.11520311873531,10.0,15.0,3.4903496062289374e-06,86.08316749105241
,,,,,21971.228193679068,13720.0,0.3406286324322015,16900.94476436852,3.490349606228937e-05,29.322391617909325,38.11910910328212,10.0,15.0,3.4903496062289374e-06,86.08316749105241
,,,,,22009.351208766897,13730.0,0.34066353592826376,16930.270160589927,3.490349606228937e-05,29.32539622140688,38.123015087828946,10.0,15.0,3.4903496062289374e-06,86.08316749105241
,,,,,22047.478129839274,13740.0,0.34069843942432604,16959.59856141483,3.490349606228937e-05,29.32840082490443,38.126921072375765,10.0,15.0,3.4903496062289374e-06,86.08316749105241
,,,,,22085.608956896198,13750.0,0.3407333429203883,16988.929966843232,3.490349606228937e-05,29.331405428401983,38.13082705692258,10.0,15.0,3.4903496062289374e-06,86.08316749105241
,,,,,22123.743689937666,13760.0,0.3407682464164506,17018.264376875133,3.490349606228937e-05,29.334410031899537,38.1347330414694,10.0,15.0,3.4903496062289374e-06,86.08316749105241
,,,,,22161.882328963682,13770.0,0.34080314991251287,17047.60179151053,3.490349606228937e-05,29.33741463539709,38.138639026016214,10.0,15.0,3.4903496062289374e-06,86.08316749105241
,,,,,22200.024873974246,13780.0,0.34083805340857515,17076.942210749425,3.490349606228937e-05,29.34041923889464,38.14254501056303,10.0,15.0,3.4903496062289374e-06,86.08316749105241
,,,,,22238.171324969357,13790.0,0.3408729569046374,17106.285634591815,3.490349606228937e-05,29.34342384239219,38.14645099510985,10.0,15.0,3.4903496062289374e-06,86.08316749105241
,,,,,22276.32168194901,13800.0,0.3409078604006997,17135.632063037705,3.490349606228937e-05,29.346428445889746,38.15035697965667,10.0,15.0,3.4903496062289374e-06,86.08316749105241
,,,,,22314.475944913214,13810.0,0.340942763896762,17164.981496087094,3.490349606228937e-05,29.349433049387297,38.15426296420349,10.0,15.0,3.4903496062289374e-06,86.08316749105241
,,,,,22352.634113861965,13820.0,0.34097766739282426,17194.333933739978,3.490349606228937e-05,29.35243765288485,38.1581689487503,10.0,15.0,3.4903496062289374e-06,86.08316749105241
,,,,,22390.796188795262,13830.0,0.34101257088888653,17223.68937599636,3.490349606228937e-05,29.355442256382403,38.16207493329713,10.0,15.0,3.4903496062289374e-06,86.08316749105241
,,,,,22428.962169713108,13840.0,0.3410474743849488,17253.04782285624,3.490349606228937e-05,29.358446859879955,38.16598091784394,10.0,15.0,3.4903496062289374e-06,86.08316749105241
,,,,,22467.132056615497,13850.0,0.3410823778810111,17282.409274319616,3.490349606228937e-05,29.361451463377506,38.16988690239076,10.0,15.0,3.4903496062289374e-06,86.08316749105241
,,,,,22505.305849502434,13860.0,0.34111728137707337,17311.773730386492,3.490349606228937e-05,29.364456066875057,38.173792886937576,10.0,15.0,3.4903496062289374e-06,86.08316749105241
,,,,,22543.48354837392,13870.0,0.34115218487313564,17341.141191056864,3.490349606228937e-05,29.367460670372612,38.177698871484395,10.0,15.0,3.4903496062289374e-06,86.08316749105241
,,,,,22581.66515322995,13880.0,0.3411870883691979,17370.511656330735,3.490349606228937e-05,29.370465273870163,38.181604856031214,10.0,15.0,3.4903496062289374e-06,86.08316749105241
,,,,,22597.93438137327,13890.0,0.34127955658436876,17383.02644721021,9.24682151708503e-05,12.514790879475909,16.26922814331868,10.0,62.0,9.24682151708503e-06,36.670203761185704
,,,,,22614.20801759337,13900.0,0.3413720247995396,17395.544628917978,9.24682151708503e-05,12.518181707767656,16.273636220097952,10.0,62.0,9.24682151708503e-06,36.670203761185704
,,,,,22630.486061890246,13910.0,0.34146449301471044,17408.066201454036,9.24682151708503e-05,12.521572536059404,16.278044296877226,10.0,62.0,9.24682151708503e-06,36.670203761185704
,,,,,22646.768514263902,13920.0,0.3415569612298813,17420.591164818386,9.24682151708503e-05,12.524963364351152,16.282452373656497,10.0,62.0,9.24682151708503e-06,36.670203761185704
,,,,,22663.05537471434,13930.0,0.3416494294450521,17433.11951901103,9.24682151708503e-05,12.5283541926429,16.28686045043577,10.0,62.0,9.24682151708503e-06,36.670203761185704
,,,,,22679.346643241555,13940.0,0.34174189766022295,17445.651264031963,9.24682151708503e-05,12.531745020934647,16.291268527215042,10.0,62.0,9.24682151708503e-06,36.670203761185704
,,,,,22695.64231984555,13950.0,0.3418343658753938,17458.18639988119,9.24682151708503e-05,12.535135849226394,16.295676603994313,10.0,62.0,9.24682151708503e-06,36.670203761185704
,,,,,22711.942404526322,13960.0,0.3419268340905646,17470.72492655871,9.24682151708503e-05,12.538526677518142,16.300084680773587,10.0,62.0,9.24682151708503e-06,36.670203761185704
,,,,,22728.246897283876,13970.0,0.34201930230573546,17483.266844064517,9.24682151708503e-05,12.541917505809892,16.30449275755286,10.0,62.0,9.24682151708503e-06,36.670203761185704
,,,,,22744.555798118206,13980.0,0.3421117705209063,17495.81215239862,9.24682151708503e-05,12.54530833410164,16.308900834332132,10.0,62.0,9.24682151708503e-06,36.670203761185704
,,,,,22760.869107029317,13990.0,0.34220423873607714,17508.360851561014,9.24682151708503e-05,12.548699162393387,16.313308911111402,10.0,62.0,9.24682151708503e-06,36.670203761185704
,,,,,22777.186824017208,14000.0,0.342296706951248,17520.912941551698,9.24682151708503e-05,12.552089990685134,16.317716987890677,10.0,62.0,9.24682151708503e-06,36.670203761185704
,,,,,22793.50894908188,14010.0,0.3423891751664188,17533.468422370675,9.24682151708503e-05,12.555480818976882,16.322125064669947,10.0,62.0,9.24682151708503e-06,36.670203761185704
,,,,,22809.835482223327,14020.0,0.34248164338158965,17546.027294017946,9.24682151708503e-05,12.55887164726863,16.326533141449218,10.0,62.0,9.24682151708503e-06,36.670203761185704
,,,,,22826.166423441555,14030.0,0.3425741115967605,17558.589556493505,9.24682151708503e-05,12.562262475560377,16.330941218228492,10.0,62.0,9.24682151708503e-06,36.670203761185704
,,,,,22842.501772736563,14040.0,0.3426665798119313,17571.155209797358,9.24682151708503e-05,12.565653303852125,16.335349295007763,10.0,62.0,9.24682151708503e-06,36.670203761185704
,,,,,22858.84153010835,14060.0,0.34275904802710216,17583.7242539295,9.24682151708503e-05,12.569044132143873,16.339757371787034,10.0,62.0,9.24682151708503e-06,36.670203761185704
,,,,,22875.185695556916,14070.0,0.342851516242273,17596.296688889935,9.24682151708503e-05,12.57243496043562,16.344165448566308,10.0,62.0,9.24682151708503e-06,36.670203761185704
,,,,,22891.53426908226,14080.0,0.34294398445744384,17608.872514678664,9.24682151708503e-05,12.575825788727368,16.34857352534558,10.0,62.0,9.24682151708503e-06,36.670203761185704
,,,,,22907.887250684387,14090.0,0.3430364526726147,17621.45173129568,9.24682151708503e-05,12.579216617019116,16.35298160212485,10.0,62.0,9.24682151708503e-06,36.670203761185704
,,,,,22924.244640363293,14100.0,0.3431289208877855,17634.034338740992,9.24682151708503e-05,12.582607445310865,16.357389678904124,10.0,62.0,9.24682151708503e-06,36.670203761185704
,,,,,22940.606438118975,14110.0,0.34322138910295635,17646.620337014596,9.24682151708503e-05,12.585998273602613,16.361797755683398,10.0,62.0,9.24682151708503e-06,36.670203761185704
,,,,,22956.972643951438,14120.0,0.3433138573181272,17659.20972611649,9.24682151708503e-05,12.58938910189436,16.36620583246267,10.0,62.0,9.24682151708503e-06,36.670203761185704
,,,,,22973.34325786068,14130.0,0.34340632553329803,17671.802506046675,9.24682151708503e-05,12.592779930186108,16.37061390924194,10.0,62.0,9.24682151708503e-06,36.670203761185704
,,,,,23074.30717063369,14140.0,0.3435910610366495,17749.467054333603,0.0001847355033514546,77.66454828692969,100.9639127730086,10.0,100.0,1.847355033514546e-05,226.03774397566625
,,,,,23175.32536776203,14150.0,0.34377579654000096,17827.17335981694,0.0001847355033514546,77.70630548333946,101.0181971283413,10.0,100.0,1.847355033514546e-05,226.03774397566625
,,,,,23276.397849245706,14160.0,0.3439605320433524,17904.92142249669,0.0001847355033514546,77.74806267974924,101.07248148367401,10.0,100.0,1.847355033514546e-05,226.03774397566625
,,,,,23377.524615084712,14170.0,0.3441452675467039,17982.711242372847,0.0001847355033514546,77.78981987615902,101.12676583900672,10.0,100.0,1.847355033514546e-05,226.03774397566625
,,,,,23478.705665279052,14180.0,0.34433000305005534,18060.542819445414,0.0001847355033514546,77.83157707256879,101.18105019433943,10.0,100.0,1.847355033514546e-05,226.03774397566625
,,,,,23579.940999828723,14190.0,0.3445147385534068,18138.416153714392,0.0001847355033514546,77.87333426897857,101.23533454967215,10.0,100.0,1.847355033514546e-05,226.03774397566625
,,,,,23681.230618733727,14200.0,0.34469947405675827,18216.33124517978,0.0001847355033514546,77.91509146538833,101.28961890500483,10.0,100.0,1.847355033514546e-05,226.03774397566625
,,,,,23782.574521994065,14210.0,0.34488420956010973,18294.288093841576,0.0001847355033514546,77.9568486617981,101.34390326033754,10.0,100.0,1.847355033514546e-05,226.03774397566625
,,,,,23884.736713542323,14220.0,0.3450252781467698,18372.874395032544,0.00014106858666007688,78.58630119096613,102.16219154825596,10.0,90.0,1.4106858666007687e-05,227.76969158050042
,,,,,23986.940675583595,14230.0,0.3451663467334299,18451.492827371985,0.00014106858666007688,78.6184323394414,102.20396204127383,10.0,90.0,1.4106858666007687e-05,227.76969158050042
,,,,,24089.186408117886,14240.0,0.34530741532008996,18530.143390859903,0.00014106858666007688,78.65056348791666,102.24573253429166,10.0,90.0,1.4106858666007687e-05,227.76969158050042
,,,,,24191.473911145196,14250.0,0.34544848390675004,18608.826085496294,0.00014106858666007688,78.68269463639191,102.2875030273095,10.0,90.0,1.4106858666007687e-05,227.76969158050042
,,,,,24293.803184665525,14260.0,0.3455895524934101,18687.54091128116,0.00014106858666007688,78.71482578486719,102.32927352032735,10.0,90.0,1.4106858666007687e-05,227.76969158050042
,,,,,24396.17422867887,14270.0,0.3457306210800702,18766.287868214502,0.00014106858666007688,78.74695693334245,102.37104401334518,10.0,90.0,1.4106858666007687e-05,227.76969158050042
,,,,,24498.58704318523,14280.0,0.34587168966673026,18845.06695629632,0.00014106858666007688,78.7790880818177,102.41281450636302,10.0,90.0,1.4106858666007687e-05,227.76969158050042
,,,,,24601.041628184612,14290.0,0.34601275825339034,18923.878175526614,0.00014106858666007688,78.81121923029296,102.45458499938086,10.0,90.0,1.4106858666007687e-05,227.76969158050042
,,,,,24670.75676858855,14300.0,0.3461469499607084,18977.505206606565,0.00013419170731805382,53.627031079953184,69.71514040393915,10.0,89.0,1.3419170731805382e-05,154.92562071120506
,,,,,24740.498935646105,14310.0,0.3462811416680264,19031.15302742007,0.00013419170731805382,53.64782081350373,69.74216705755485,10.0,89.0,1.3419170731805382e-05,154.92562071120506
,,,,,24810.268129357275,14320.0,0.34641533337534447,19084.821637967125,0.00013419170731805382,53.66861054705427,69.76919371117056,10.0,89.0,1.3419170731805382e-05,154.92562071120506
,,,,,24880.064349722063,14330.0,0.3465495250826625,19138.51103824773,0.00013419170731805382,53.689400280604815,69.79622036478627,10.0,89.0,1.3419170731805382e-05,154.92562071120506
,,,,,24949.887596740464,14340.0,0.34668371678998056,19192.221228261886,0.00013419170731805382,53.71019001415536,69.82324701840197,10.0,89.0,1.3419170731805382e-05,154.92562071120506
,,,,,25019.737870412482,14350.0,0.3468179084972986,19245.952208009592,0.00013419170731805382,53.7309797477059,69.85027367201768,10.0,89.0,1.3419170731805382e-05,154.92562071120506
,,,,,25069.650172705093,14360.0,0.3470491305425298,19284.346286696215,0.00023122204523115796,38.39407868662355,49.91230229261062,10.0,93.0,2.3122204523115796e-05,110.63009616708571
,,,,,25119.595729149933,14370.0,0.34728035258776097,19322.765945499938,0.00023122204523115796,38.41965880372343,49.94555644484046,10.0,93.0,2.3122204523115796e-05,110.63009616708571
,,,,,25169.574539747002,14380.0,0.34751157463299215,19361.21118442076,0.00023122204523115796,38.44523892082331,49.9788105970703,10.0,93.0,2.3122204523115796e-05,110.63009616708571
,,,,,25216.82152587976,14470.0,0.3479845106489429,19397.5550199075,0.00047293601595078385,36.34383548673843,47.24698613275996,10.0,16.0,4.729360159507838e-05,104.4409574982582
,,,,,25264.132724069965,14480.0,0.3484574466648937,19433.948249284582,0.00047293601595078385,36.393229377079734,47.311198190203655,10.0,16.0,4.729360159507838e-05,104.4409574982582
,,,,,25311.508134317613,14490.0,0.3489303826808445,19470.390872552,0.00047293601595078385,36.44262326742105,47.375410247647366,10.0,16.0,4.729360159507838e-05,104.4409574982582
,,,,,25346.655001831892,14500.0,0.3493080344446809,19497.426924486062,0.0003776517638364401,27.03605193405934,35.14686751427715,10.0,18.0,3.7765176383644014e-05,77.39888370171737
,,,,,25381.839868118604,14510.0,0.3496856862085173,19524.49220624507,0.0003776517638364401,27.065281759008265,35.184866286710744,10.0,18.0,3.7765176383644014e-05,77.39888370171737
,,,,,25417.06273317775,14520.0,0.3500633379723537,19551.58671782903,0.0003776517638364401,27.094511583957186,35.22286505914434,10.0,18.0,3.7765176383644014e-05,77.39888370171737
,,,,,25452.32359700933,14530.0,0.35044098973619014,19578.710459237933,0.0003776517638364401,27.12374140890611,35.26086383157794,10.0,18.0,3.7765176383644014e-05,77.39888370171737
,,,,,25487.622459613343,14540.0,0.35081864150002656,19605.86343047179,0.0003776517638364401,27.152971233855034,35.298862604011546,10.0,18.0,3.7765176383644014e-05,77.39888370171737
,,,,,25522.95932098979,14550.0,0.351196293263863,19633.045631530593,0.0003776517638364401,27.182201058803958,35.33686137644515,10.0,18.0,3.7765176383644014e-05,77.39888370171737
,,,,,25558.33418113867,14560.0,0.3515739450276994,19660.257062414345,0.0003776517638364401,27.21143088375288,35.374860148878746,10.0,18.0,3.7765176383644014e-05,77.39888370171737
,,,,,25593.74704005998,14570.0,0.3519515967915358,19687.497723123048,0.0003776517638364401,27.240660708701803,35.41285892131234,10.0,18.0,3.7765176383644014e-05,77.39888370171737
,,,,,25629.197897753726,14580.0,0.35232924855537223,19714.7676136567,0.0003776517638364401,27.269890533650727,35.450857693745945,10.0,18.0,3.7765176383644014e-05,77.39888370171737
,,,,,25664.686754219903,14590.0,0.35270690031920865,19742.066734015298,0.0003776517638364401,27.29912035859965,35.48885646617955,10.0,18.0,3.7765176383644014e-05,77.39888370171737
,,,,,25700.213609458515,14600.0,0.35308455208304507,19769.395084198848,0.0003776517638364401,27.328350183548572,35.526855238613145,10.0,18.0,3.7765176383644014e-05,77.39888370171737
,,,,,25735.77846346956,14610.0,0.3534622038468815,19796.752664207346,0.0003776517638364401,27.357580008497496,35.56485401104675,10.0,18.0,3.7765176383644014e-05,77.39888370171737
,,,,,25745.821089086494,14620.0,0.3540140439534112,19804.477760835758,0.0005518401065296853,7.725096628412033,10.042625616935643,10.0,32.0,5.518401065296853e-05,21.821441155675362
,,,,,25755.879369233764,14630.0,0.3545658840599409,19812.21489941058,0.0005518401065296853,7.737138574824013,10.058280147271217,10.0,32.0,5.518401065296853e-05,21.821441155675362
,,,,,25765.95330391137,14670.0,0.3551177241664706,19819.96407993182,0.0005518401065296853,7.749180521235992,10.07393467760679,10.0,32.0,5.518401065296853e-05,21.821441155675362
,,,,,25776.042893119313,14680.0,0.3556695642730003,19827.725302399467,0.0005518401065296853,7.761222467647972,10.089589207942364,10.0,32.0,5.518401065296853e-05,21.821441155675362
,,,,,25821.971130568592,15330.0,0.3559414759418796,19863.05471582199,0.0002719116688792837,35.329413422522485,45.92823744927923,10.0,24.0,2.719116688792837e-05,99.25624241747904
,,,,,25828.806897692117,15360.0,0.3561263267173161,19868.3129982247,0.00018485077543650718,5.2582824027105195,6.835767123523675,10.0,86.0,1.8485077543650717e-05,14.765216745361286
,,,,,25835.646212985936,15370.0,0.3563111774927526,19873.574009989177,0.00018485077543650718,5.261011764475388,6.839315293818005,10.0,86.0,1.8485077543650717e-05,14.765216745361286
,,,,,25842.48907645005,15380.0,0.3564960282681891,19878.837751115418,0.00018485077543650718,5.263741126240256,6.842863464112333,10.0,86.0,1.8485077543650717e-05,14.765216745361286
,,,,,25922.897195126025,15390.0,0.35662454922886566,19940.69015009694,0.00012852096067656637,61.85239898152052,80.40811867597668,10.0,37.0,1.2852096067656636e-05,173.43842176671473
,,,,,26003.33429141636,15400.0,0.3567530701895422,20002.564839551043,0.00012852096067656637,61.87468945410421,80.43709629033548,10.0,37.0,1.2852096067656636e-05,173.43842176671473
,,,,,26083.800365321054,15410.0,0.3568815911502188,20064.461819477732,0.00012852096067656637,61.89697992668789,80.46607390469426,10.0,37.0,1.2852096067656636e-05,173.43842176671473
,,,,,26139.11672492621,15420.0,0.3570222123891862,20107.01286532785,0.00014062123896743217,42.55104585011955,55.31635960515542,10.0,113.0,1.4062123896743217e-05,119.18318909450682
,,,,,26184.43291200623,15430.0,0.35724177155082987,20141.871470774022,0.00021955916164369396,34.858605446168845,45.3161870800195,10.0,28.0,2.1955916164369394e-05,97.57707027048772
,,,,,26229.776950207917,15440.0,0.35746133071247355,20176.751500159935,0.00021955916164369396,34.88002938591308,45.34403820168701,10.0,28.0,2.1955916164369394e-05,97.57707027048772
,,,,,26275.148839531274,15450.0,0.3576808898741172,20211.65295348559,0.00021955916164369396,34.901453325657315,45.37188932335451,10.0,28.0,2.1955916164369394e-05,97.57707027048772
,,,,,26320.548579976297,15460.0,0.3579004490357609,20246.575830750993,0.00021955916164369396,34.92287726540155,45.39974044502202,10.0,28.0,2.1955916164369394e-05,97.57707027048772
,,,,,26365.97617154299,15470.0,0.3581200081974046,20281.52013195614,0.00021955916164369396,34.944301205145784,45.42759156668952,10.0,28.0,2.1955916164369394e-05,97.57707027048772
,,,,,26411.431614231347,15480.0,0.35833956735904826,20316.48585710103,0.00021955916164369396,34.96572514489002,45.45544268835703,10.0,28.0,2.1955916164369394e-05,97.57707027048772
,,,,,26456.914908041374,15490.0,0.35855912652069194,20351.473006185664,0.00021955916164369396,34.987149084634254,45.483293810024534,10.0,28.0,2.1955916164369394e-05,97.57707027048772
,,,,,26502.426052973067,15500.0,0.3587786856823356,20386.48157921004,0.00021955916164369396,35.00857302437849,45.511144931692044,10.0,28.0,2.1955916164369394e-05,97.57707027048772
,,,,,26547.96504902643,15510.0,0.3589982448439793,20421.511576174165,0.00021955916164369396,35.029996964122724,45.53899605335954,10.0,28.0,2.1955916164369394e-05,97.57707027048772
,,,,,26593.531896201457,15520.0,0.359217804005623,20456.562997078032,0.00021955916164369396,35.05142090386696,45.56684717502705,10.0,28.0,2.1955916164369394e-05,97.57707027048772
,,,,,26639.126594498153,15530.0,0.35943736316726665,20491.635841921645,0.00021955916164369396,35.07284484361119,45.59469829669455,10.0,28.0,2.1955916164369394e-05,97.57707027048772
,,,,,26684.749143916517,15540.0,0.35965692232891033,20526.730110705,0.00021955916164369396,35.09426878335543,45.62254941836206,10.0,28.0,2.1955916164369394e-05,97.57707027048772
,,,,,26730.399544456548,15550.0,0.359876481490554,20561.8458034281,0.00021955916164369396,35.11569272309966,45.650400540029565,10.0,28.0,2.1955916164369394e-05,97.57707027048772
,,,,,26776.077796118247,15560.0,0.3600960406521977,20596.982920090944,0.00021955916164369396,35.1371166628439,45.678251661697075,10.0,28.0,2.1955916164369394e-05,97.57707027048772
,,,,,26821.783898901613,15570.0,0.36031559981384137,20632.141460693532,0.00021955916164369396,35.15854060258813,45.70610278336457,10.0,28.0,2.1955916164369394e-05,97.57707027048772
,,,,,26913.388936348005,15580.0,0.36050178146335854,20702.606874113833,0.00018618164951715084,70.4654134203003,91.60503744639038,10.0,99.0,1.8618164951715085e-05,195.46481333397352
,,,,,27005.041283344173,15590.0,0.3606879631128757,20773.108679495504,0.00018618164951715084,70.50180538166939,91.65234699617021,10.0,99.0,1.8618164951715085e-05,195.46481333397352
,,,,,27096.74093989012,15600.0,0.3608741447623929,20843.646876838542,0.00018618164951715084,70.53819734303846,91.69965654595,10.0,99.0,1.8618164951715085e-05,195.46481333397352
,,,,,27188.48790598585,15610.0,0.36106032641191005,20914.22146614295,0.00018618164951715084,70.57458930440755,91.74696609572982,10.0,99.0,1.8618164951715085e-05,195.46481333397352
,,,,,27280.28218163136,15620.0,0.3612465080614272,20984.832447408728,0.00018618164951715084,70.61098126577663,91.79427564550963,10.0,99.0,1.8618164951715085e-05,195.46481333397352
,,,,,27372.123766826648,15630.0,0.3614326897109444,21055.479820635872,0.00018618164951715084,70.64737322714572,91.84158519528944,10.0,99.0,1.8618164951715085e-05,195.46481333397352
,,,,,27464.012661571716,15640.0,0.36161887136046156,21126.163585824386,0.00018618164951715084,70.6837651885148,91.88889474506924,10.0,99.0,1.8618164951715085e-05,195.46481333397352
,,,,,27555.948865866565,15650.0,0.3618050530099787,21196.88374297427,0.00018618164951715084,70.72015714988389,91.93620429484906,10.0,99.0,1.8618164951715085e-05,195.46481333397352
,,,,,27647.932379711194,15660.0,0.3619912346594959,21267.640292085525,0.00018618164951715084,70.75654911125297,91.98351384462886,10.0,99.0,1.8618164951715085e-05,195.46481333397352
,,,,,27739.963203105603,15670.0,0.36217741630901307,21338.433233158146,0.00018618164951715084,70.79294107262206,92.03082339440867,10.0,99.0,1.8618164951715085e-05,195.46481333397352
,,,,,27832.04133604979,15680.0,0.36236359795853024,21409.262566192137,0.00018618164951715084,70.82933303399115,92.0781329441885,10.0,99.0,1.8618164951715085e-05,195.46481333397352
,,,,,27924.16677854376,15690.0,0.3625497796080474,21480.1282911875,0.00018618164951715084,70.86572499536022,92.1254424939683,10.0,99.0,1.8618164951715085e-05,195.46481333397352
,,,,,28016.33953058751,15700.0,0.3627359612575646,21551.030408144226,0.00018618164951715084,70.90211695672932,92.17275204374812,10.0,99.0,1.8618164951715085e-05,195.46481333397352
,,,,,28108.559592181038,15710.0,0.36292214290708175,21621.968917062324,0.00018618164951715084,70.93850891809839,92.22006159352792,10.0,99.0,1.8618164951715085e-05,195.46481333397352
,,,,,28149.06883594503,15720.0,0.36308879465914934,21653.129873803857,0.00016665175206759318,31.16095674153133,40.50924376399073,10.0,109.0,1.666517520675932e-05,85.82186286080177
,,,,,28181.01474363609,15730.0,0.36338152425501724,21677.70364895083,0.00029272959586790556,24.57377514697088,31.945907691062146,10.0,102.0,2.927295958679056e-05,67.62527400739634
,,,,,28212.98638602202,15740.0,0.36367425385088514,21702.29722001693,0.00029272959586790556,24.59357106610152,31.97164238593198,10.0,102.0,2.927295958679056e-05,67.62527400739634
,,,,,28244.983763102824,15750.0,0.36396698344675305,21726.910587002163,0.00029272959586790556,24.613366985232165,31.997377080801815,10.0,102.0,2.927295958679056e-05,67.62527400739634
,,,,,28277.006874878494,15760.0,0.36425971304262095,21751.543749906527,0.00029272959586790556,24.633162904362806,32.02311177567165,10.0,102.0,2.927295958679056e-05,67.62527400739634
,,,,,28309.055721349036,15770.0,0.36455244263848885,21776.196708730018,0.00029272959586790556,24.652958823493446,32.048846470541484,10.0,102.0,2.927295958679056e-05,67.62527400739634
,,,,,28356.341592406043,15780.0,0.36468104289363146,21812.570455696947,0.00012860025514263226,36.37374696692869,47.2858710570073,10.0,108.0,1.2860025514263225e-05,99.74126068718638
,,,,,28403.644138240095,15790.0,0.36480964314877407,21848.957029415447,0.00012860025514263226,36.38657371850131,47.302545834051706,10.0,108.0,1.2860025514263225e-05,99.74126068718638
,,,,,28450.96335885119,15800.0,0.3649382434039167,21885.35642988552,0.00012860025514263226,36.39940047007393,47.31922061109611,10.0,108.0,1.2860025514263225e-05,99.74126068718638
,,,,,28498.29925423933,15810.0,0.3650668436590593,21921.768657107168,0.00012860025514263226,36.412227221646546,47.335895388140514,10.0,108.0,1.2860025514263225e-05,99.74126068718638
,,,,,28545.651824404515,15820.0,0.3651954439142019,21958.19371108039,0.00012860025514263226,36.425053973219164,47.352570165184915,10.0,108.0,1.2860025514263225e-05,99.74126068718638
,,,,,28563.52723737131,15830.0,0.3657472840207316,21971.94402874715,0.0005518401065296853,13.750317666764637,17.87541296679403,10.0,17.0,5.518401065296853e-05,37.59513267085595
,,,,,28581.429620790725,15840.0,0.3662991241272613,21985.715092915936,0.0005518401065296853,13.771064168782722,17.90238341941754,10.0,17.0,5.518401065296853e-05,37.59513267085595
,,,,,28599.358974662766,15850.0,0.366850964233791,21999.50690358674,0.0005518401065296853,13.791810670800805,17.929353872041048,10.0,17.0,5.518401065296853e-05,37.59513267085595
,,,,,28655.447444592806,15860.0,0.3670134921429339,22042.651880456,0.0001625279091428712,43.144976869261626,56.08846993004011,10.0,26.0,1.625279091428712e-05,117.55692309115099
,,,,,28711.560752688038,15870.0,0.3671760200520768,22085.815963606176,0.0001625279091428712,43.16408315017691,56.11330809522998,10.0,26.0,1.625279091428712e-05,117.55692309115099
,,,,,28767.698898948456,15880.0,0.3673385479612197,22128.999153037268,0.0001625279091428712,43.18318943109218,56.13814626041984,10.0,26.0,1.625279091428712e-05,117.55692309115099
,,,,,28823.861883374066,15890.0,0.36750107587036257,22172.201448749274,0.0001625279091428712,43.202295712007455,56.16298442560969,10.0,26.0,1.625279091428712e-05,117.55692309115099
,,,,,28880.049705964866,15900.0,0.36766360377950547,22215.422850742198,0.0001625279091428712,43.221401992922736,56.187822590799556,10.0,26.0,1.625279091428712e-05,117.55692309115099
,,,,,28936.262366720854,15910.0,0.36782613168864836,22258.663359016035,0.0001625279091428712,43.24050827383801,56.21266075598942,10.0,26.0,1.625279091428712e-05,117.55692309115099
,,,,,28992.499865642032,15920.0,0.36798865959779126,22301.92297357079,0.0001625279091428712,43.25961455475329,56.23749892117928,10.0,26.0,1.625279091428712e-05,117.55692309115099
,,,,,29048.7622027284,15930.0,0.36815118750693415,22345.201694406456,0.0001625279091428712,43.278720835668565,56.262337086369136,10.0,26.0,1.625279091428712e-05,117.55692309115099
,,,,,29088.779067604642,15940.0,0.3685042017581124,22375.98389815741,0.0003530142511782076,30.782203750954547,40.016864876240916,10.0,98.0,3.530142511782076e-05,83.53284332741505
,,,,,29128.83426725026,15950.0,0.3688572160092906,22406.7955901925,0.0003530142511782076,30.811692035090562,40.05519964561773,10.0,98.0,3.530142511782076e-05,83.53284332741505
,,,,,29168.927801665253,15960.0,0.36921023026046884,22437.636770511726,0.0003530142511782076,30.84118031922658,40.09353441499456,10.0,98.0,3.530142511782076e-05,83.53284332741505
,,,,,29209.059670849623,15970.0,0.36956324451164707,22468.50743911509,0.0003530142511782076,30.870668603362596,40.131869184371375,10.0,98.0,3.530142511782076e-05,83.53284332741505
,,,,,29249.22987480337,15980.0,0.3699162587628253,22499.407596002588,0.0003530142511782076,30.90015688749861,40.17020395374819,10.0,98.0,3.530142511782076e-05,83.53284332741505
,,,,,29289.438413526495,15990.0,0.37026927301400353,22530.337241174224,0.0003530142511782076,30.929645171634625,40.20853872312502,10.0,98.0,3.530142511782076e-05,83.53284332741505
,,,,,29329.685287018998,16000.0,0.37062228726518176,22561.296374629994,0.0003530142511782076,30.959133455770644,40.24687349250184,10.0,98.0,3.530142511782076e-05,83.53284332741505
,,,,,29369.970495280875,16010.0,0.37097530151636,22592.2849963699,0.0003530142511782076,30.98862173990666,40.28520826187866,10.0,98.0,3.530142511782076e-05,83.53284332741505
,,,,,29410.29403831213,16020.0,0.3713283157675382,22623.303106393945,0.0003530142511782076,31.018110024042674,40.323543031255475,10.0,98.0,3.530142511782076e-05,83.53284332741505
,,,,,29494.072959791138,16030.0,0.37149967127221806,22687.748430608564,0.00017135550467986364,64.44532421462026,83.77892147900634,10.0,96.0,1.7135550467986363e-05,173.47343537054616
,,,,,29577.89052458663,16040.0,0.3716710267768979,22752.22348045125,0.00017135550467986364,64.47504984268673,83.81756479549276,10.0,96.0,1.7135550467986363e-05,173.47343537054616
,,,,,29661.746732698608,16050.0,0.37184238228157773,22816.728255922004,0.00017135550467986364,64.50477547075319,83.85620811197914,10.0,96.0,1.7135550467986363e-05,173.47343537054616
,,,,,29745.641584127072,16060.0,0.37201373778625757,22881.262757020824,0.00017135550467986364,64.53450109881966,83.89485142846556,10.0,96.0,1.7135550467986363e-05,173.47343537054616
,,,,,29829.575078872025,16070.0,0.3721850932909374,22945.82698374771,0.00017135550467986364,64.56422672688612,83.93349474495196,10.0,96.0,1.7135550467986363e-05,173.47343537054616
,,,,,29913.547216933464,16080.0,0.37235644879561725,23010.420936102662,0.00017135550467986364,64.59395235495259,83.97213806143837,10.0,96.0,1.7135550467986363e-05,173.47343537054616
,,,,,29997.55799831139,16090.0,0.3725278043002971,23075.04461408568,0.00017135550467986364,64.62367798301905,84.01078137792477,10.0,96.0,1.7135550467986363e-05,173.47343537054616
,,,,,30081.6074230058,16100.0,0.3726991598049769,23139.698017696766,0.00017135550467986364,64.65340361108552,84.04942469441119,10.0,96.0,1.7135550467986363e-05,173.47343537054616
,,,,,30165.695491016697,16110.0,0.37287051530965676,23204.381146935917,0.00017135550467986364,64.68312923915198,84.08806801089757,10.0,96.0,1.7135550467986363e-05,173.47343537054616
,,,,,30249.82220234408,16120.0,0.3730418708143366,23269.094001803136,0.00017135550467986364,64.71285486721845,84.12671132738399,10.0,96.0,1.7135550467986363e-05,173.47343537054616
,,,,,30333.98755698795,16130.0,0.37321322631901643,23333.83658229842,0.00017135550467986364,64.74258049528491,84.16535464387039,10.0,96.0,1.7135550467986363e-05,173.47343537054616
,,,,,30338.914556583808,16140.0,0.37376506642554613,23337.62658198754,0.0005518401065296853,3.789999689121137,4.926999595857478,10.0,21.0,5.518401065296853e-05,10.140058634602502
,,,,,30343.848830578012,16150.0,0.37431690653207583,23341.422177367698,0.0005518401065296853,3.7955953801582734,4.934273994205755,10.0,21.0,5.518401065296853e-05,10.140058634602502
,,,,,30348.790378970567,16160.0,0.37486874663860553,23345.223368438892,0.0005518401065296853,3.8011910711954098,4.941548392554033,10.0,21.0,5.518401065296853e-05,10.140058634602502
,,,,,30353.73920176147,16170.0,0.37542058674513523,23349.030155201126,0.0005518401065296853,3.806786762232546,4.948822790902311,10.0,21.0,5.518401065296853e-05,10.140058634602502
,,,,,30358.69529895072,16180.0,0.37597242685166493,23352.842537654396,0.0005518401065296853,3.8123824532696826,4.956097189250587,10.0,21.0,5.518401065296853e-05,10.140058634602502
,,,,,30363.658670538316,16190.0,0.37652426695819463,23356.660515798703,0.0005518401065296853,3.817978144306819,4.963371587598865,10.0,21.0,5.518401065296853e-05,10.140058634602502
,,,,,30368.629316524264,16200.0,0.37707610706472433,23360.484089634047,0.0005518401065296853,3.8235738353439555,4.970645985947142,10.0,21.0,5.518401065296853e-05,10.140058634602502
,,,,,30373.60723690856,16210.0,0.37762794717125403,23364.313259160426,0.0005518401065296853,3.829169526381092,4.97792038429542,10.0,21.0,5.518401065296853e-05,10.140058634602502
,,,,,30378.592431691202,16220.0,0.37817978727778373,23368.148024377846,0.0005518401065296853,3.8347652174182283,4.985194782643697,10.0,21.0,5.518401065296853e-05,10.140058634602502
,,,,,30383.584900872193,16230.0,0.37873162738431343,23371.988385286302,0.0005518401065296853,3.8403609084553647,4.992469180991974,10.0,21.0,5.518401065296853e-05,10.140058634602502
,,,,,30388.584644451534,16240.0,0.37928346749084313,23375.834341885795,0.0005518401065296853,3.845956599492501,4.999743579340252,10.0,21.0,5.518401065296853e-05,10.140058634602502
,,,,,30393.591662429222,16250.0,0.37983530759737283,23379.685894176324,0.0005518401065296853,3.8515522905296375,5.007017977688529,10.0,21.0,5.518401065296853e-05,10.140058634602502
,,,,,30398.605954805258,16260.0,0.38038714770390253,23383.54304215789,0.0005518401065296853,3.857147981566774,5.014292376036806,10.0,21.0,5.518401065296853e-05,10.140058634602502
,,,,,30403.627521579645,16270.0,0.38093898781043223,23387.405785830495,0.0005518401065296853,3.8627436726039104,5.021566774385084,10.0,21.0,5.518401065296853e-05,10.140058634602502
,,,,,30408.65636275238,16280.0,0.3814908279169619,23391.274125194137,0.0005518401065296853,3.868339363641047,5.028841172733361,10.0,21.0,5.518401065296853e-05,10.140058634602502
,,,,,30413.69247832346,16290.0,0.3820426680234916,23395.148060248815,0.0005518401065296853,3.873935054678183,5.0361155710816385,10.0,21.0,5.518401065296853e-05,10.140058634602502
,,,,,30418.73586829289,16300.0,0.3825945081300213,23399.02759099453,0.0005518401065296853,3.87953074571532,5.043389969429916,10.0,21.0,5.518401065296853e-05,10.140058634602502
,,,,,30423.78653266067,16310.0,0.383146348236551,23402.91271743128,0.0005518401065296853,3.8851264367524565,5.050664367778194,10.0,21.0,5.518401065296853e-05,10.140058634602502
,,,,,30428.844471426797,16320.0,0.3836981883430807,23406.803439559073,0.0005518401065296853,3.890722127789593,5.057938766126471,10.0,21.0,5.518401065296853e-05,10.140058634602502
,,,,,30433.90968459127,16330.0,0.3842500284496104,23410.6997573779,0.0005518401065296853,3.8963178188267293,5.0652131644747485,10.0,21.0,5.518401065296853e-05,10.140058634602502
,,,,,30438.982172154094,16340.0,0.3848018685561401,23414.601670887765,0.0005518401065296853,3.9019135098638658,5.072487562823025,10.0,21.0,5.518401065296853e-05,10.140058634602502
,,,,,30451.081361573026,16350.0,0.38500235468738664,23423.90873967156,0.0002004861312465204,9.30706878379332,12.099189418931315,10.0,105.0,2.004861312465204e-05,24.174056782978514
,,,,,30463.186851524013,16360.0,0.38520284081863315,23433.220655018475,0.0002004861312465204,9.311915346914272,12.105489950988554,10.0,105.0,2.004861312465204e-05,24.174056782978514
,,,,,30475.29864200706,16370.0,0.38540332694987967,23442.53741692851,0.0002004861312465204,9.316761910035224,12.111790483045791,10.0,105.0,2.004861312465204e-05,24.174056782978514
,,,,,30487.41673302216,16380.0,0.3856038130811262,23451.859025401667,0.0002004861312465204,9.321608473156177,12.11809101510303,10.0,105.0,2.004861312465204e-05,24.174056782978514
,,,,,30499.54112456932,16390.0,0.3858042992123727,23461.185480437944,0.0002004861312465204,9.32645503627713,12.12439154716027,10.0,105.0,2.004861312465204e-05,24.174056782978514
,,,,,30511.671816648537,16400.0,0.3860047853436192,23470.516782037343,0.0002004861312465204,9.331301599398083,12.130692079217509,10.0,105.0,2.004861312465204e-05,24.174056782978514
,,,,,30523.808809259812,16410.0,0.3862052714748657,23479.85293019986,0.0002004861312465204,9.336148162519036,12.136992611274747,10.0,105.0,2.004861312465204e-05,24.174056782978514
,,,,,30535.952102403146,16420.0,0.38640575760611223,23489.1939249255,0.0002004861312465204,9.34099472563999,12.143293143331986,10.0,105.0,2.004861312465204e-05,24.174056782978514
,,,,,30548.101696078535,16430.0,0.38660624373735875,23498.53976621426,0.0002004861312465204,9.345841288760942,12.149593675389225,10.0,105.0,2.004861312465204e-05,24.174056782978514
,,,,,30560.257590285983,16440.0,0.38680672986860526,23507.890454066142,0.0002004861312465204,9.350687851881895,12.155894207446465,10.0,105.0,2.004861312465204e-05,24.174056782978514
,,,,,30572.419785025486,16450.0,0.3870072159998518,23517.245988481147,0.0002004861312465204,9.355534415002849,12.162194739503704,10.0,105.0,2.004861312465204e-05,24.174056782978514
,,,,,30584.58828029705,16460.0,0.3872077021310983,23526.60636945927,0.0002004861312465204,9.3603809781238,12.168495271560941,10.0,105.0,2.004861312465204e-05,24.174056782978514
,,,,,30596.763076100666,16470.0,0.3874081882623448,23535.971597000516,0.0002004861312465204,9.365227541244753,12.17479580361818,10.0,105.0,2.004861312465204e-05,24.174056782978514
,,,,,30608.944172436342,16480.0,0.3876086743935913,23545.34167110488,0.0002004861312465204,9.370074104365706,12.181096335675418,10.0,105.0,2.004861312465204e-05,24.174056782978514
,,,,,30703.948536102293,16490.0,0.388160514500121,23618.42195084792,0.0005518401065296853,73.08027974303818,95.00436366594963,10.0,82.0,5.518401065296853e-05,188.27334830064328
,,,,,30799.0879655882,16500.0,0.3887123546066507,23691.60612737554,0.0005518401065296853,73.1841765276211,95.13942948590744,10.0,82.0,5.518401065296853e-05,188.27334830064328
,,,,,30840.049615579515,16510.0,0.38886775100975757,23723.11508890732,0.00015539640310686077,31.508961531779885,40.961649991313855,10.0,107.0,1.5539640310686077e-05,81.0274481490476
,,,,,30881.027634357022,16520.0,0.3890231474128644,23754.636641813097,0.00015539640310686077,31.521552905775174,40.97801877750773,10.0,107.0,1.5539640310686077e-05,81.0274481490476
,,,,,30940.120215667917,16530.0,0.3891199487509599,23800.092473590707,9.680133809546143e-05,45.4558317776117,59.09258131089521,10.0,44.0,9.680133809546143e-06,116.81701728097168
,,,,,30999.227497435473,16540.0,0.3892167500890554,23845.559613411904,9.680133809546143e-05,45.46713982119682,59.10728176755586,10.0,44.0,9.680133809546143e-06,116.81701728097168
,,,,,31072.765712893328,16800.0,0.38941588969717805,23902.12747145641,0.00019913960812265806,56.56785804450434,73.53821545785564,10.0,45.0,1.9913960812265806e-05,145.26335350232696
,,,,,31146.34153434466,16810.0,0.38961502930530073,23958.724257188205,0.00019913960812265806,56.59678573179538,73.575821451334,10.0,45.0,1.9913960812265806e-05,145.26335350232696
,,,,,31219.954961789474,16820.0,0.3898141689134234,24015.34997060729,0.00019913960812265806,56.625713419086416,73.61342744481234,10.0,45.0,1.9913960812265806e-05,145.26335350232696
,,,,,31293.605995227765,16830.0,0.3900133085215461,24072.00461171367,0.00019913960812265806,56.65464110637746,73.6510334382907,10.0,45.0,1.9913960812265806e-05,145.26335350232696
,,,,,31367.294634659534,16840.0,0.39021244812966877,24128.68818050734,0.00019913960812265806,56.6835687936685,73.68863943176905,10.0,45.0,1.9913960812265806e-05,145.26335350232696
,,,,,31441.020880084783,16850.0,0.39041158773779144,24185.400676988298,0.00019913960812265806,56.71249648095954,73.7262454252474,10.0,45.0,1.9913960812265806e-05,145.26335350232696
,,,,,31514.78473150351,16860.0,0.3906107273459141,24242.142101156547,0.00019913960812265806,56.741424168250575,73.76385141872575,10.0,45.0,1.9913960812265806e-05,145.26335350232696
,,,,,31588.586188915713,16870.0,0.3908098669540368,24298.91245301209,0.00019913960812265806,56.77035185554162,73.8014574122041,10.0,45.0,1.9913960812265806e-05,145.26335350232696
,,,,,31662.425252321395,16880.0,0.3910090065621595,24355.711732554922,0.00019913960812265806,56.79927954283266,73.83906340568245,10.0,45.0,1.9913960812265806e-05,145.26335350232696
,,,,,31736.301921720555,16890.0,0.39120814617028216,24412.539939785045,0.00019913960812265806,56.828207230123695,73.8766693991608,10.0,45.0,1.9913960812265806e-05,145.26335350232696
,,,,,31810.216197113194,16900.0,0.39140728577840483,24469.39707470246,0.00019913960812265806,56.85713491741473,73.91427539263915,10.0,45.0,1.9913960812265806e-05,145.26335350232696
,,,,,31884.16807849931,16910.0,0.3916064253865275,24526.283137307168,0.00019913960812265806,56.88606260470578,73.95188138611752,10.0,45.0,1.9913960812265806e-05,145.26335350232696
,,,,,31958.157565878908,16920.0,0.3918055649946502,24583.198127599164,0.00019913960812265806,56.914990291996816,73.98948737959586,10.0,45.0,1.9913960812265806e-05,145.26335350232696
,,,,,32032.184659251983,16930.0,0.39200470460277287,24640.14204557845,0.00019913960812265806,56.94391797928785,74.02709337307421,10.0,45.0,1.9913960812265806e-05,145.26335350232696
,,,,,32106.249358618537,16940.0,0.39220384421089555,24697.11489124503,0.00019913960812265806,56.97284566657889,74.06469936655256,10.0,45.0,1.9913960812265806e-05,145.26335350232696
,,,,,32180.351663978567,16950.0,0.3924029838190182,24754.1166645989,0.00019913960812265806,57.00177335386993,74.10230536003091,10.0,45.0,1.9913960812265806e-05,145.26335350232696
,,,,,32254.491575332075,16960.0,0.3926021234271409,24811.14736564006,0.00019913960812265806,57.030701041160974,74.13991135350926,10.0,45.0,1.9913960812265806e-05,145.26335350232696
,,,,,32328.66909267906,16970.0,0.3928012630352636,24868.206994368513,0.00019913960812265806,57.05962872845201,74.17751734698761,10.0,45.0,1.9913960812265806e-05,145.26335350232696
,,,,,32402.884216019527,16980.0,0.39300040264338626,24925.295550784256,0.00019913960812265806,57.08855641574305,74.21512334046596,10.0,45.0,1.9913960812265806e-05,145.26335350232696
,,,,,32477.13694535347,16990.0,0.39319954225150894,24982.41303488729,0.00019913960812265806,57.11748410303409,74.25272933394432,10.0,45.0,1.9913960812265806e-05,145.26335350232696
,,,,,32551.427280680895,17000.0,0.3933986818596316,25039.559446677613,0.00019913960812265806,57.14641179032513,74.29033532742267,10.0,45.0,1.9913960812265806e-05,145.26335350232696
,,,,,32625.755222001797,17010.0,0.3935978214677543,25096.73478615523,0.00019913960812265806,57.17533947761617,74.32794132090102,10.0,45.0,1.9913960812265806e-05,145.26335350232696
,,,,,32700.120769316178,17020.0,0.393796961075877,25153.939053320137,0.00019913960812265806,57.20426716490721,74.36554731437937,10.0,45.0,1.9913960812265806e-05,145.26335350232696
,,,,,32774.52392262404,17030.0,0.39399610068399965,25211.172248172334,0.00019913960812265806,57.233194852198245,74.40315330785772,10.0,45.0,1.9913960812265806e-05,145.26335350232696
,,,,,32848.964681925376,17040.0,0.39419524029212233,25268.434370711824,0.00019913960812265806,57.26212253948929,74.44075930133609,10.0,45.0,1.9913960812265806e-05,145.26335350232696
,,,,,32923.44304722019,17050.0,0.394394379900245,25325.725420938605,0.00019913960812265806,57.29105022678033,74.47836529481442,10.0,45.0,1.9913960812265806e-05,145.26335350232696
,,,,,32997.95901850849,17060.0,0.3945935195083677,25383.045398852675,0.00019913960812265806,57.319977914071366,74.51597128829277,10.0,45.0,1.9913960812265806e-05,145.26335350232696
,,,,,33072.51259579026,17070.0,0.39479265911649036,25440.39430445404,0.00019913960812265806,57.348905601362404,74.55357728177113,10.0,45.0,1.9913960812265806e-05,145.26335350232696
,,,,,33147.1037790655,17080.0,0.39499179872461304,25497.772137742693,0.00019913960812265806,57.37783328865345,74.59118327524949,10.0,45.0,1.9913960812265806e-05,145.26335350232696
,,,,,33221.73256833423,17090.0,0.3951909383327357,25555.178898718637,0.00019913960812265806,57.406760975944486,74.62878926872783,10.0,45.0,1.9913960812265806e-05,145.26335350232696
,,,,,33296.39896359643,17100.0,0.3953900779408584,25612.61458738187,0.00019913960812265806,57.435688663235524,74.66639526220618,10.0,45.0,1.9913960812265806e-05,145.26335350232696
,,,,,33371.102964852114,17110.0,0.3955892175489811,25670.0792037324,0.00019913960812265806,57.46461635052656,74.70400125568453,10.0,45.0,1.9913960812265806e-05,145.26335350232696
,,,,,33445.844572101276,17120.0,0.39578835715710375,25727.572747770217,0.00019913960812265806,57.4935440378176,74.74160724916288,10.0,45.0,1.9913960812265806e-05,145.26335350232696
,,,,,33520.623785343916,17130.0,0.39598749676522643,25785.095219495324,0.00019913960812265806,57.522471725108645,74.77921324264123,10.0,45.0,1.9913960812265806e-05,145.26335350232696
,,,,,33595.440604580035,17140.0,0.3961866363733491,25842.646618907725,0.00019913960812265806,57.55139941239968,74.81681923611958,10.0,45.0,1.9913960812265806e-05,145.26335350232696
,,,,,33670.29502980963,17150.0,0.3963857759814718,25900.226946007417,0.00019913960812265806,57.58032709969072,74.85442522959794,10.0,45.0,1.9913960812265806e-05,145.26335350232696
,,,,,33745.18706103271,17160.0,0.39658491558959447,25957.836200794398,0.00019913960812265806,57.60925478698176,74.89203122307629,10.0,45.0,1.9913960812265806e-05,145.26335350232696
,,,,,33820.116698249265,17170.0,0.39678405519771714,26015.47438326867,0.00019913960812265806,57.6381824742728,74.92963721655465,10.0,45.0,1.9913960812265806e-05,145.26335350232696
,,,,,33895.0839414593,17180.0,0.3969831948058398,26073.141493430234,0.00019913960812265806,57.66711016156384,74.96724321003299,10.0,45.0,1.9913960812265806e-05,145.26335350232696
,,,,,33970.08879066281,17190.0,0.3971823344139625,26130.83753127909,0.00019913960812265806,57.69603784885488,75.00484920351134,10.0,45.0,1.9913960812265806e-05,145.26335350232696
,,,,,34045.131245859804,17200.0,0.3973814740220852,26188.562496815233,0.00019913960812265806,57.724965536145916,75.04245519698969,10.0,45.0,1.9913960812265806e-05,145.26335350232696
,,,,,34120.211307050275,17210.0,0.39758061363020786,26246.31639003867,0.00019913960812265806,57.75389322343696,75.08006119046806,10.0,45.0,1.9913960812265806e-05,145.26335350232696
,,,,,34195.328974234224,17220.0,0.39777975323833054,26304.0992109494,0.00019913960812265806,57.782820910728,75.1176671839464,10.0,45.0,1.9913960812265806e-05,145.26335350232696
,,,,,34232.45838168008,17230.0,0.39833159334486024,26332.66029360006,0.0005518401065296853,28.561082650658552,37.12940744585612,10.0,2.0,5.518401065296853e-05,71.70177592700125
,,,,,34269.6392274163,17240.0,0.39888343345138993,26361.260944166384,0.0005518401065296853,28.600650566324475,37.18084573622182,10.0,2.0,5.518401065296853e-05,71.70177592700125
,,,,,34306.871511442885,17250.0,0.39943527355791963,26389.901162648373,0.0005518401065296853,28.640218481990402,37.23228402658752,10.0,2.0,5.518401065296853e-05,71.70177592700125
,,,,,34344.15523375984,17260.0,0.39998711366444933,26418.58094904603,0.0005518401065296853,28.679786397656326,37.283722316953224,10.0,2.0,5.518401065296853e-05,71.70177592700125
,,,,,34381.49039436716,17270.0,0.40053895377097903,26447.300303359352,0.0005518401065296853,28.719354313322253,37.33516060731893,10.0,2.0,5.518401065296853e-05,71.70177592700125
,,,,,34418.87699326484,17280.0,0.40109079387750873,26476.059225588342,0.0005518401065296853,28.758922228988176,37.38659889768463,10.0,2.0,5.518401065296853e-05,71.70177592700125
,,,,,34456.31503045289,17290.0,0.40164263398403843,26504.857715732996,0.0005518401065296853,28.7984901446541,37.43803718805033,10.0,2.0,5.518401065296853e-05,71.70177592700125
,,,,,34493.80450593131,17300.0,0.40219447409056813,26533.695773793315,0.0005518401065296853,28.838058060320026,37.48947547841603,10.0,2.0,5.518401065296853e-05,71.70177592700125
,,,,,34531.34541970009,17310.0,0.40274631419709783,26562.573399769302,0.0005518401065296853,28.87762597598595,37.540913768781735,10.0,2.0,5.518401065296853e-05,71.70177592700125
,,,,,34568.937771759236,17320.0,0.40329815430362753,26591.490593660954,0.0005518401065296853,28.917193891651877,37.592352059147444,10.0,2.0,5.518401065296853e-05,71.70177592700125
,,,,,34606.581562108746,17330.0,0.40384999441015723,26620.44735546827,0.0005518401065296853,28.9567618073178,37.64379034951314,10.0,2.0,5.518401065296853e-05,71.70177592700125
,,,,,34644.27679074863,17340.0,0.40440183451668693,26649.443685191254,0.0005518401065296853,28.996329722983727,37.69522863987885,10.0,2.0,5.518401065296853e-05,71.70177592700125
,,,,,34682.02345767887,17350.0,0.40495367462321663,26678.479582829903,0.0005518401065296853,29.03589763864965,37.746666930244544,10.0,2.0,5.518401065296853e-05,71.70177592700125
,,,,,34719.82156289948,17360.0,0.40550551472974633,26707.55504838422,0.0005518401065296853,29.075465554315578,37.79810522061025,10.0,2.0,5.518401065296853e-05,71.70177592700125
,,,,,34757.67110641045,17370.0,0.40605735483627603,26736.6700818542,0.0005518401065296853,29.1150334699815,37.849543510975955,10.0,2.0,5.518401065296853e-05,71.70177592700125
,,,,,34795.5720882118,17380.0,0.40660919494280573,26765.824683239847,0.0005518401065296853,29.154601385647428,37.90098180134166,10.0,2.0,5.518401065296853e-05,71.70177592700125
,,,,,34833.524508303504,17390.0,0.40716103504933543,26795.01885254116,0.0005518401065296853,29.19416930131335,37.95242009170736,10.0,2.0,5.518401065296853e-05,71.70177592700125
,,,,,34871.528366685576,17400.0,0.40771287515586513,26824.25258975814,0.0005518401065296853,29.233737216979275,38.00385838207306,10.0,2.0,5.518401065296853e-05,71.70177592700125
,,,,,34909.58366335801,17410.0,0.40826471526239483,26853.525894890787,0.0005518401065296853,29.273305132645202,38.055296672438764,10.0,2.0,5.518401065296853e-05,71.70177592700125
,,,,,34947.69039832082,17420.0,0.40881655536892453,26882.838767939098,0.0005518401065296853,29.312873048311126,38.10673496280447,10.0,2.0,5.518401065296853e-05,71.70177592700125
,,,,,34985.84857157399,17430.0,0.4093683954754542,26912.191208903074,0.0005518401065296853,29.352440963977052,38.15817325317017,10.0,2.0,5.518401065296853e-05,71.70177592700125
,,,,,35024.05818311752,17440.0,0.4099202355819839,26941.583217782718,0.0005518401065296853,29.392008879642976,38.20961154353587,10.0,2.0,5.518401065296853e-05,71.70177592700125
,,,,,35062.31923295142,17450.0,0.4104720756885136,26971.014794578026,0.0005518401065296853,29.431576795308903,38.26104983390157,10.0,2.0,5.518401065296853e-05,71.70177592700125
,,,,,35100.63172107569,17460.0,0.4110239157950433,27000.485939289,0.0005518401065296853,29.471144710974826,38.312488124267276,10.0,2.0,5.518401065296853e-05,71.70177592700125
,,,,,35138.99564749032,17470.0,0.411575755901573,27029.99665191564,0.0005518401065296853,29.510712626640753,38.36392641463298,10.0,2.0,5.518401065296853e-05,71.70177592700125
,,,,,35177.41101219532,17480.0,0.4121275960081027,27059.546932457946,0.0005518401065296853,29.550280542306677,38.41536470499868,10.0,2.0,5.518401065296853e-05,71.70177592700125
,,,,,35215.87781519068,17490.0,0.4126794361146324,27089.13678091592,0.0005518401065296853,29.5898484579726,38.46680299536438,10.0,2.0,5.518401065296853e-05,71.70177592700125
,,,,,35254.39605647641,17500.0,0.4132312762211621,27118.76619728956,0.0005518401065296853,29.629416373638527,38.518241285730085,10.0,2.0,5.518401065296853e-05,71.70177592700125
,,,,,35292.96573605251,17510.0,0.4137831163276918,27148.43518157886,0.0005518401065296853,29.66898428930445,38.56967957609579,10.0,2.0,5.518401065296853e-05,71.70177592700125
,,,,,35331.58685391897,17520.0,0.4143349564342215,27178.143733783832,0.0005518401065296853,29.708552204970378,38.62111786646149,10.0,2.0,5.518401065296853e-05,71.70177592700125
,,,,,35370.25941007579,17530.0,0.4148867965407512,27207.891853904468,0.0005518401065296853,29.7481201206363,38.67255615682719,10.0,2.0,5.518401065296853e-05,71.70177592700125
,,,,,35408.98340452299,17540.0,0.4154386366472809,27237.67954194077,0.0005518401065296853,29.787688036302228,38.7239944471929,10.0,2.0,5.518401065296853e-05,71.70177592700125
,,,,,35447.758837260546,17550.0,0.4159904767538106,27267.50679789274,0.0005518401065296853,29.82725595196815,38.775432737558596,10.0,2.0,5.518401065296853e-05,71.70177592700125
,,,,,35486.58570828847,17560.0,0.4165423168603403,27297.373621760373,0.0005518401065296853,29.86682386763408,38.826871027924305,10.0,2.0,5.518401065296853e-05,71.70177592700125
,,,,,35525.464017606755,17570.0,0.41709415696687,27327.280013543674,0.0005518401065296853,29.906391783300002,38.87830931829,10.0,2.0,5.518401065296853e-05,71.70177592700125
,,,,,35564.39376521541,17580.0,0.4176459970733997,27357.22597324264,0.0005518401065296853,29.945959698965925,38.9297476086557,10.0,2.0,5.518401065296853e-05,71.70177592700125
,,,,,35603.374951114434,17590.0,0.4181978371799294,27387.211500857273,0.0005518401065296853,29.985527614631852,38.98118589902141,10.0,2.0,5.518401065296853e-05,71.70177592700125
,,,,,35642.40757530382,17600.0,0.4187496772864591,27417.23659638757,0.0005518401065296853,30.025095530297776,39.03262418938711,10.0,2.0,5.518401065296853e-05,71.70177592700125
,,,,,35681.49163778357,17610.0,0.4193015173929888,27447.301259833534,0.0005518401065296853,30.064663445963703,39.084062479752816,10.0,2.0,5.518401065296853e-05,71.70177592700125
,,,,,35720.62713855369,17620.0,0.4198533574995185,27477.405491195164,0.0005518401065296853,30.104231361629626,39.13550077011852,10.0,2.0,5.518401065296853e-05,71.70177592700125
,,,,,35759.81407761417,17630.0,0.4204051976060482,27507.54929047246,0.0005518401065296853,30.143799277295553,39.18693906048422,10.0,2.0,5.518401065296853e-05,71.70177592700125
,,,,,35799.05245496502,17640.0,0.4209570377125779,27537.73265766542,0.0005518401065296853,30.183367192961477,39.23837735084992,10.0,2.0,5.518401065296853e-05,71.70177592700125
,,,,,35838.342270606234,17650.0,0.4215088778191076,27567.955592774048,0.0005518401065296853,30.222935108627404,39.289815641215625,10.0,2.0,5.518401065296853e-05,71.70177592700125
,,,,,35877.68352453782,17660.0,0.4220607179256373,27598.21809579834,0.0005518401065296853,30.262503024293327,39.34125393158133,10.0,2.0,5.518401065296853e-05,71.70177592700125
,,,,,35917.076216759764,17670.0,0.422612558032167,27628.5201667383,0.0005518401065296853,30.30207093995925,39.39269222194703,10.0,2.0,5.518401065296853e-05,71.70177592700125
,,,,,35956.520347272075,17680.0,0.4231643981386967,27658.861805593926,0.0005518401065296853,30.341638855625177,39.44413051231273,10.0,2.0,5.518401065296853e-05,71.70177592700125
,,,,,35996.01591607475,17690.0,0.4237162382452264,27689.243012365216,0.0005518401065296853,30.3812067712911,39.495568802678434,10.0,2.0,5.518401065296853e-05,71.70177592700125
,,,,,36035.562923167796,17700.0,0.4242680783517561,27719.663787052174,0.0005518401065296853,30.420774686957028,39.54700709304414,10.0,2.0,5.518401065296853e-05,71.70177592700125
,,,,,36075.161368551206,17710.0,0.4248199184582858,27750.124129654796,0.0005518401065296853,30.46034260262295,39.59844538340984,10.0,2.0,5.518401065296853e-05,71.70177592700125
,,,,,36114.81125222498,17720.0,0.4253717585648155,27780.624040173087,0.0005518401065296853,30.49991051828888,39.64988367377554,10.0,2.0,5.518401065296853e-05,71.70177592700125
,,,,,36154.512574189124,17730.0,0.4259235986713452,27811.16351860704,0.0005518401065296853,30.5394784339548,39.70132196414124,10.0,2.0,5.518401065296853e-05,71.70177592700125
,,,,,36176.540265763375,17740.0,0.4264754387778749,27828.107896741083,0.0005518401065296853,16.944378134041706,22.02769157425422,10.0,1.0,5.518401065296853e-05,39.731193389701865
,,,,,36198.59646018342,17750.0,0.4270272788844046,27845.074200141116,0.0005518401065296853,16.96630340003443,22.05619442004476,10.0,1.0,5.518401065296853e-05,39.731193389701865
,,,,,36220.68115744925,17760.0,0.4275791189909343,27862.062428807145,0.0005518401065296853,16.988228666027158,22.084697265835306,10.0,1.0,5.518401065296853e-05,39.731193389701865
,,,,,36242.79435756088,17770.0,0.428130959097464,27879.072582739165,0.0005518401065296853,17.010153932019882,22.113200111625847,10.0,1.0,5.518401065296853e-05,39.731193389701865
,,,,,36264.936060518296,17780.0,0.4286827992039937,27896.104661937177,0.0005518401065296853,17.032079198012607,22.14170295741639,10.0,1.0,5.518401065296853e-05,39.731193389701865
,,,,,36287.106266321505,17790.0,0.4292346393105234,27913.15866640118,0.0005518401065296853,17.05400446400533,22.17020580320693,10.0,1.0,5.518401065296853e-05,39.731193389701865
,,,,,36309.3049749705,17800.0,0.4297864794170531,27930.23459613118,0.0005518401065296853,17.07592972999806,22.198708648997478,10.0,1.0,5.518401065296853e-05,39.731193389701865
,,,,,36331.53218646529,17810.0,0.4303383195235828,27947.33245112717,0.0005518401065296853,17.097854995990783,22.22721149478802,10.0,1.0,5.518401065296853e-05,39.731193389701865
,,,,,36353.787900805866,17820.0,0.4308901596301125,27964.452231389154,0.0005518401065296853,17.119780261983507,22.25571434057856,10.0,1.0,5.518401065296853e-05,39.731193389701865
,,,,,36376.07211799223,17830.0,0.4314419997366422,27981.593936917132,0.0005518401065296853,17.14170552797623,22.2842171863691,10.0,1.0,5.518401065296853e-05,39.731193389701865
,,,,,36398.384838024394,17840.0,0.4319938398431719,27998.7575677111,0.0005518401065296853,17.16363079396896,22.31272003215965,10.0,1.0,5.518401065296853e-05,39.731193389701865
,,,,,36420.72606090234,17850.0,0.4325456799497016,28015.943123771063,0.0005518401065296853,17.185556059961684,22.34122287795019,10.0,1.0,5.518401065296853e-05,39.731193389701865
,,,,,36443.09578662609,17860.0,0.4330975200562313,28033.150605097017,0.0005518401065296853,17.207481325954408,22.369725723740732,10.0,1.0,5.518401065296853e-05,39.731193389701865
,,,,,36465.49401519562,17870.0,0.433649360162761,28050.380011688965,0.0005518401065296853,17.229406591947132,22.398228569531273,10.0,1.0,5.518401065296853e-05,39.731193389701865
,,,,,36487.92074661094,17880.0,0.4342012002692907,28067.631343546906,0.0005518401065296853,17.25133185793986,22.426731415321818,10.0,1.0,5.518401065296853e-05,39.731193389701865
,,,,,36510.37598087205,17890.0,0.4347530403758204,28084.904600670838,0.0005518401065296853,17.273257123932584,22.45523426111236,10.0,1.0,5.518401065296853e-05,39.731193389701865
,,,,,36532.85971797895,17900.0,0.4353048804823501,28102.19978306076,0.0005518401065296853,17.29518238992531,22.4837371069029,10.0,1.0,5.518401065296853e-05,39.731193389701865
,,,,,36555.371957931646,17910.0,0.4358567205888798,28119.51689071668,0.0005518401065296853,17.317107655918033,22.512239952693445,10.0,1.0,5.518401065296853e-05,39.731193389701865
,,,,,36577.91270073013,17920.0,0.4364085606954095,28136.85592363859,0.0005518401065296853,17.33903292191076,22.54074279848399,10.0,1.0,5.518401065296853e-05,39.731193389701865
,,,,,36600.481946374406,17930.0,0.4369604008019392,28154.216881826495,0.0005518401065296853,17.360958187903485,22.56924564427453,10.0,1.0,5.518401065296853e-05,39.731193389701865
,,,,,36623.07969486447,17940.0,0.4375122409084689,28171.59976528039,0.0005518401065296853,17.38288345389621,22.597748490065072,10.0,1.0,5.518401065296853e-05,39.731193389701865
,,,,,36645.70594620032,17950.0,0.4380640810149986,28189.00457400028,0.0005518401065296853,17.404808719888933,22.626251335855613,10.0,1.0,5.518401065296853e-05,39.731193389701865
,,,,,36668.36070038197,17960.0,0.4386159211215283,28206.43130798616,0.0005518401065296853,17.42673398588166,22.65475418164616,10.0,1.0,5.518401065296853e-05,39.731193389701865
,,,,,36691.043957409405,17970.0,0.439167761228058,28223.879967238034,0.0005518401065296853,17.448659251874385,22.683257027436703,10.0,1.0,5.518401065296853e-05,39.731193389701865
,,,,,36713.755717282635,17980.0,0.4397196013345877,28241.350551755902,0.0005518401065296853,17.47058451786711,22.711759873227244,10.0,1.0,5.518401065296853e-05,39.731193389701865
,,,,,36736.49598000165,17990.0,0.4402714414411174,28258.843061539763,0.0005518401065296853,17.492509783859834,22.740262719017785,10.0,1.0,5.518401065296853e-05,39.731193389701865
,,,,,36759.26474556646,18000.0,0.4408232815476471,28276.357496589615,0.0005518401065296853,17.514435049852562,22.76876556480833,10.0,1.0,5.518401065296853e-05,39.731193389701865
,,,,,36782.06201397706,18010.0,0.4413751216541768,28293.89385690546,0.0005518401065296853,17.536360315845286,22.79726841059887,10.0,1.0,5.518401065296853e-05,39.731193389701865
,,,,,36804.88778523345,18020.0,0.4419269617607065,28311.4521424873,0.0005518401065296853,17.55828558183801,22.825771256389416,10.0,1.0,5.518401065296853e-05,39.731193389701865
,,,,,36827.74205933563,18030.0,0.4424788018672362,28329.03235333513,0.0005518401065296853,17.580210847830735,22.854274102179957,10.0,1.0,5.518401065296853e-05,39.731193389701865
,,,,,36850.6248362836,18040.0,0.4430306419737659,28346.634489448952,0.0005518401065296853,17.602136113823462,22.882776947970502,10.0,1.0,5.518401065296853e-05,39.731193389701865
,,,,,36873.53611607736,18050.0,0.4435824820802956,28364.258550828767,0.0005518401065296853,17.624061379816187,22.911279793761043,10.0,1.0,5.518401065296853e-05,39.731193389701865
,,,,,36896.47589871691,18060.0,0.4441343221868253,28381.904537474577,0.0005518401065296853,17.64598664580891,22.939782639551584,10.0,1.0,5.518401065296853e-05,39.731193389701865
,,,,,36919.44418420226,18070.0,0.444686162293355,28399.572449386378,0.0005518401065296853,17.667911911801635,22.968285485342125,10.0,1.0,5.518401065296853e-05,39.731193389701865
,,,,,36942.44097253339,18080.0,0.4452380023998847,28417.26228656417,0.0005518401065296853,17.689837177794363,22.996788331132674,10.0,1.0,5.518401065296853e-05,39.731193389701865
,,,,,36965.46626371031,18090.0,0.4457898425064144,28434.97404900796,0.0005518401065296853,17.711762443787087,23.025291176923215,10.0,1.0,5.518401065296853e-05,39.731193389701865
,,,,,36988.520057733025,18100.0,0.4463416826129441,28452.70773671774,0.0005518401065296853,17.73368770977981,23.053794022713756,10.0,1.0,5.518401065296853e-05,39.731193389701865
,,,,,37011.60235460153,18110.0,0.4468935227194738,28470.463349693513,0.0005518401065296853,17.75561297577254,23.0822968685043,10.0,1.0,5.518401065296853e-05,39.731193389701865
,,,,,37034.713154315825,18120.0,0.4474453628260035,28488.240887935277,0.0005518401065296853,17.777538241765264,23.110799714294842,10.0,1.0,5.518401065296853e-05,39.731193389701865
,,,,,37057.85245687591,18130.0,0.4479972029325332,28506.040351443036,0.0005518401065296853,17.799463507757988,23.139302560085387,10.0,1.0,5.518401065296853e-05,39.731193389701865
,,,,,37081.02026228179,18140.0,0.4485490430390629,28523.861740216787,0.0005518401065296853,17.821388773750712,23.167805405875928,10.0,1.0,5.518401065296853e-05,39.731193389701865
,,,,,37104.216570533456,18150.0,0.4491008831455926,28541.70505425653,0.0005518401065296853,17.84331403974344,23.196308251666473,10.0,1.0,5.518401065296853e-05,39.731193389701865
,,,,,37127.44138163091,18160.0,0.4496527232521223,28559.570293562265,0.0005518401065296853,17.865239305736164,23.224811097457014,10.0,1.0,5.518401065296853e-05,39.731193389701865
,,,,,37150.69469557416,18170.0,0.450204563358652,28577.457458133995,0.0005518401065296853,17.88716457172889,23.253313943247555,10.0,1.0,5.518401065296853e-05,39.731193389701865
,,,,,37173.976512363195,18180.0,0.4507564034651817,28595.366547971716,0.0005518401065296853,17.909089837721613,23.281816789038096,10.0,1.0,5.518401065296853e-05,39.731193389701865
,,,,,37197.286831998026,18190.0,0.4513082435717114,28613.29756307543,0.0005518401065296853,17.93101510371434,23.310319634828645,10.0,1.0,5.518401065296853e-05,39.731193389701865
,,,,,37220.625654478645,18200.0,0.4518600836782411,28631.25050344514,0.0005518401065296853,17.952940369707065,23.338822480619186,10.0,1.0,5.518401065296853e-05,39.731193389701865
,,,,,37243.99297980506,18210.0,0.4524119237847708,28649.22536908084,0.0005518401065296853,17.97486563569979,23.367325326409727,10.0,1.0,5.518401065296853e-05,39.731193389701865
,,,,,37267.38880797726,18220.0,0.4529637638913005,28667.22215998253,0.0005518401065296853,17.996790901692513,23.395828172200268,10.0,1.0,5.518401065296853e-05,39.731193389701865
,,,,,37290.81313899525,18230.0,0.4535156039978302,28685.240876150216,0.0005518401065296853,18.01871616768524,23.424331017990813,10.0,1.0,5.518401065296853e-05,39.731193389701865
,,,,,37314.26597285903,18240.0,0.4540674441043599,28703.281517583895,0.0005518401065296853,18.040641433677965,23.452833863781358,10.0,1.0,5.518401065296853e-05,39.731193389701865
,,,,,37337.7473095686,18250.0,0.4546192842108896,28721.344084283566,0.0005518401065296853,18.06256669967069,23.4813367095719,10.0,1.0,5.518401065296853e-05,39.731193389701865
,,,,,37361.257149123965,18260.0,0.4551711243174193,28739.42857624923,0.0005518401065296853,18.084491965663414,23.50983955536244,10.0,1.0,5.518401065296853e-05,39.731193389701865
,,,,,37384.79549152512,18270.0,0.455722964423949,28757.534993480884,0.0005518401065296853,18.106417231656142,23.538342401152985,10.0,1.0,5.518401065296853e-05,39.731193389701865
,,,,,37408.36233677206,18280.0,0.4562748045304787,28775.663335978534,0.0005518401065296853,18.128342497648866,23.566845246943526,10.0,1.0,5.518401065296853e-05,39.731193389701865
,,,,,37431.95768486479,18290.0,0.4568266446370084,28793.813603742175,0.0005518401065296853,18.15026776364159,23.595348092734067,10.0,1.0,5.518401065296853e-05,39.731193389701865
,,,,,37455.581535803314,18300.0,0.4573784847435381,28811.98579677181,0.0005518401065296853,18.172193029634315,23.62385093852461,10.0,1.0,5.518401065296853e-05,39.731193389701865
,,,,,37479.23388958763,18310.0,0.4579303248500678,28830.179915067434,0.0005518401065296853,18.194118295627042,23.652353784315157,10.0,1.0,5.518401065296853e-05,39.731193389701865
,,,,,37502.914746217735,18320.0,0.4584821649565975,28848.395958629055,0.0005518401065296853,18.216043561619767,23.680856630105698,10.0,1.0,5.518401065296853e-05,39.731193389701865
,,,,,37526.624105693634,18330.0,0.4590340050631272,28866.633927456667,0.0005518401065296853,18.23796882761249,23.70935947589624,10.0,1.0,5.518401065296853e-05,39.731193389701865
,,,,,37550.36196801532,18340.0,0.4595858451696569,28884.89382155027,0.0005518401065296853,18.259894093605215,23.73786232168678,10.0,1.0,5.518401065296853e-05,39.731193389701865
,,,,,37574.128333182794,18350.0,0.4601376852761866,28903.17564090987,0.0005518401065296853,18.281819359597943,23.76636516747733,10.0,1.0,5.518401065296853e-05,39.731193389701865
,,,,,37597.92320119606,18360.0,0.4606895253827163,28921.479385535462,0.0005518401065296853,18.303744625590667,23.79486801326787,10.0,1.0,5.518401065296853e-05,39.731193389701865
,,,,,37621.74657205512,18370.0,0.461241365489246,28939.805055427045,0.0005518401065296853,18.32566989158339,23.82337085905841,10.0,1.0,5.518401065296853e-05,39.731193389701865
,,,,,37645.59844575997,18380.0,0.4617932055957757,28958.15265058462,0.0005518401065296853,18.347595157576116,23.851873704848952,10.0,1.0,5.518401065296853e-05,39.731193389701865
,,,,,37669.47882231061,18390.0,0.4623450457023054,28976.52217100819,0.0005518401065296853,18.369520423568844,23.880376550639497,10.0,1.0,5.518401065296853e-05,39.731193389701865
,,,,,37693.38770170704,18400.0,0.4628968858088351,28994.91361669775,0.0005518401065296853,18.391445689561568,23.908879396430038,10.0,1.0,5.518401065296853e-05,39.731193389701865
,,,,,37717.32508394926,18410.0,0.4634487259153648,29013.326987653305,0.0005518401065296853,18.413370955554292,23.93738224222058,10.0,1.0,5.518401065296853e-05,39.731193389701865
,,,,,37741.29096903727,18420.0,0.4640005660218945,29031.76228387485,0.0005518401065296853,18.435296221547016,23.965885088011124,10.0,1.0,5.518401065296853e-05,39.731193389701865
,,,,,37765.28535697107,18430.0,0.4645524061284242,29050.21950536239,0.0005518401065296853,18.457221487539744,23.99438793380167,10.0,1.0,5.518401065296853e-05,39.731193389701865
,,,,,37789.30824775066,18440.0,0.4651042462349539,29068.698652115923,0.0005518401065296853,18.47914675353247,24.02289077959221,10.0,1.0,5.518401065296853e-05,39.731193389701865
,,,,,37813.359641376046,18450.0,0.4656560863414836,29087.199724135447,0.0005518401065296853,18.501072019525193,24.05139362538275,10.0,1.0,5.518401065296853e-05,39.731193389701865
,,,,,37837.43953784722,18460.0,0.4662079264480133,29105.722721420967,0.0005518401065296853,18.522997285517917,24.079896471173292,10.0,1.0,5.518401065296853e-05,39.731193389701865
,,,,,37861.547937164185,18470.0,0.466759766554543,29124.26764397248,0.0005518401065296853,18.544922551510645,24.10839931696384,10.0,1.0,5.518401065296853e-05,39.731193389701865
,,,,,37885.68483932694,18480.0,0.4673116066610727,29142.83449178998,0.0005518401065296853,18.56684781750337,24.13690216275438,10.0,1.0,5.518401065296853e-05,39.731193389701865
,,,,,37909.85024433548,18490.0,0.4678634467676024,29161.423264873476,0.0005518401065296853,18.588773083496093,24.165405008544923,10.0,1.0,5.518401065296853e-05,39.731193389701865
,,,,,37934.04415218982,18500.0,0.4684152868741321,29180.033963222966,0.0005518401065296853,18.61069834948882,24.193907854335468,10.0,1.0,5.518401065296853e-05,39.731193389701865
,,,,,37958.26656288994,18510.0,0.4689671269806618,29198.666586838448,0.0005518401065296853,18.632623615481545,24.22241070012601,10.0,1.0,5.518401065296853e-05,39.731193389701865
,,,,,37982.51747643586,18520.0,0.4695189670871915,29217.32113571992,0.0005518401065296853,18.65454888147427,24.25091354591655,10.0,1.0,5.518401065296853e-05,39.731193389701865
,,,,,38006.796892827566,18530.0,0.4700708071937212,29235.997609867387,0.0005518401065296853,18.676474147466994,24.279416391707095,10.0,1.0,5.518401065296853e-05,39.731193389701865
,,,,,38031.10481206507,18540.0,0.4706226473002509,29254.696009280848,0.0005518401065296853,18.698399413459722,24.30791923749764,10.0,1.0,5.518401065296853e-05,39.731193389701865
,,,,,38055.441234148355,18550.0,0.4711744874067806,29273.4163339603,0.0005518401065296853,18.720324679452446,24.33642208328818,10.0,1.0,5.518401065296853e-05,39.731193389701865
,,,,,38079.80615907743,18560.0,0.4717263275133103,29292.158583905744,0.0005518401065296853,18.74224994544517,24.36492492907872,10.0,1.0,5.518401065296853e-05,39.731193389701865
,,,,,38104.1995868523,18570.0,0.47227816761984,29310.922759117184,0.0005518401065296853,18.764175211437895,24.393427774869263,10.0,1.0,5.518401065296853e-05,39.731193389701865
,,,,,38128.62151747296,18580.0,0.4728300077263697,29329.708859594615,0.0005518401065296853,18.786100477430622,24.42193062065981,10.0,1.0,5.518401065296853e-05,39.731193389701865
,,,,,38153.07195093941,18590.0,0.4733818478328994,29348.51688533804,0.0005518401065296853,18.808025743423347,24.450433466450352,10.0,1.0,5.518401065296853e-05,39.731193389701865
,,,,,38177.55088725165,18600.0,0.4739336879394291,29367.346836347453,0.0005518401065296853,18.82995100941607,24.478936312240894,10.0,1.0,5.518401065296853e-05,39.731193389701865
,,,,,38202.058326409686,18610.0,0.4744855280459588,29386.198712622863,0.0005518401065296853,18.851876275408795,24.507439158031435,10.0,1.0,5.518401065296853e-05,39.731193389701865
,,,,,38226.59426841351,18620.0,0.4750373681524885,29405.072514164265,0.0005518401065296853,18.873801541401523,24.53594200382198,10.0,1.0,5.518401065296853e-05,39.731193389701865
,,,,,38251.15871326312,18630.0,0.4755892082590182,29423.96824097166,0.0005518401065296853,18.895726807394247,24.56444484961252,10.0,1.0,5.518401065296853e-05,39.731193389701865
,,,,,38275.75166095852,18640.0,0.4761410483655479,29442.885893045044,0.0005518401065296853,18.91765207338697,24.592947695403065,10.0,1.0,5.518401065296853e-05,39.731193389701865
,,,,,38300.37311149971,18650.0,0.4766928884720776,29461.825470384425,0.0005518401065296853,18.939577339379696,24.621450541193607,10.0,1.0,5.518401065296853e-05,39.731193389701865
,,,,,38325.0230648867,18660.0,0.4772447285786073,29480.786972989798,0.0005518401065296853,18.961502605372424,24.64995338698415,10.0,1.0,5.518401065296853e-05,39.731193389701865
,,,,,38349.701521119474,18670.0,0.477796568685137,29499.77040086116,0.0005518401065296853,18.983427871365148,24.678456232774693,10.0,1.0,5.518401065296853e-05,39.731193389701865
,,,,,38374.40848019804,18680.0,0.4783484087916667,29518.77575399852,0.0005518401065296853,19.005353137357872,24.706959078565234,10.0,1.0,5.518401065296853e-05,39.731193389701865
,,,,,38399.1439421224,18690.0,0.4789002488981964,29537.803032401873,0.0005518401065296853,19.027278403350596,24.735461924355775,10.0,1.0,5.518401065296853e-05,39.731193389701865
,,,,,38423.90790689254,18700.0,0.4794520890047261,29556.852236071216,0.0005518401065296853,19.049203669343324,24.763964770146323,10.0,1.0,5.518401065296853e-05,39.731193389701865
,,,,,38448.70037450848,18710.0,0.4800039291112558,29575.92336500655,0.0005518401065296853,19.07112893533605,24.792467615936864,10.0,1.0,5.518401065296853e-05,39.731193389701865
,,,,,38473.521344970206,18720.0,0.4805557692177855,29595.01641920788,0.0005518401065296853,19.093054201328773,24.820970461727406,10.0,1.0,5.518401065296853e-05,39.731193389701865
,,,,,38498.370818277726,18730.0,0.4811076093243152,29614.131398675203,0.0005518401065296853,19.114979467321497,24.849473307517947,10.0,1.0,5.518401065296853e-05,39.731193389701865
,,,,,38523.248794431034,18740.0,0.4816594494308449,29633.268303408517,0.0005518401065296853,19.136904733314225,24.87797615330849,10.0,1.0,5.518401065296853e-05,39.731193389701865
,,,,,38548.15527343014,18750.0,0.4822112895373746,29652.427133407822,0.0005518401065296853,19.15882999930695,24.906478999099036,10.0,1.0,5.518401065296853e-05,39.731193389701865
,,,,,38573.09025527503,18760.0,0.4827631296439043,29671.607888673123,0.0005518401065296853,19.180755265299673,24.934981844889577,10.0,1.0,5.518401065296853e-05,39.731193389701865
,,,,,38598.053739965704,18770.0,0.483314969750434,29690.810569204416,0.0005518401065296853,19.202680531292398,24.96348469068012,10.0,1.0,5.518401065296853e-05,39.731193389701865
,,,,,38623.045727502176,18780.0,0.4838668098569637,29710.0351750017,0.0005518401065296853,19.224605797285125,24.991987536470663,10.0,1.0,5.518401065296853e-05,39.731193389701865
,,,,,38648.066217884436,18790.0,0.4844186499634934,29729.281706064976,0.0005518401065296853,19.24653106327785,25.020490382261205,10.0,1.0,5.518401065296853e-05,39.731193389701865
,,,,,38673.11521111249,18800.0,0.4849704900700231,29748.550162394247,0.0005518401065296853,19.268456329270574,25.048993228051746,10.0,1.0,5.518401065296853e-05,39.731193389701865
,,,,,38698.19270718633,18810.0,0.4855223301765528,29767.84054398951,0.0005518401065296853,19.290381595263298,25.077496073842287,10.0,1.0,5.518401065296853e-05,39.731193389701865
,,,,,38723.29870610596,18820.0,0.4860741702830825,29787.152850850765,0.0005518401065296853,19.312306861256026,25.105998919632835,10.0,1.0,5.518401065296853e-05,39.731193389701865
,,,,,38748.433207871385,18830.0,0.4866260103896122,29806.487082978016,0.0005518401065296853,19.33423212724875,25.134501765423376,10.0,1.0,5.518401065296853e-05,39.731193389701865
,,,,,38773.5962124826,18840.0,0.4871778504961419,29825.843240371258,0.0005518401065296853,19.356157393241475,25.163004611213918,10.0,1.0,5.518401065296853e-05,39.731193389701865
,,,,,38798.7877199396,18850.0,0.4877296906026716,29845.22132303049,0.0005518401065296853,19.3780826592342,25.19150745700446,10.0,1.0,5.518401065296853e-05,39.731193389701865
,,,,,38824.007730242396,18860.0,0.4882815307092013,29864.621330955717,0.0005518401065296853,19.400007925226927,25.220010302795007,10.0,1.0,5.518401065296853e-05,39.731193389701865
,,,,,38849.256243390984,18870.0,0.48883337081573097,29884.043264146938,0.0005518401065296853,19.42193319121965,25.24851314858555,10.0,1.0,5.518401065296853e-05,39.731193389701865
,,,,,38874.53325938536,18880.0,0.48938521092226067,29903.48712260415,0.0005518401065296853,19.443858457212375,25.27701599437609,10.0,1.0,5.518401065296853e-05,39.731193389701865
,,,,,38899.83877822552,18890.0,0.48993705102879037,29922.952906327355,0.0005518401065296853,19.465783723205103,25.305518840166634,10.0,1.0,5.518401065296853e-05,39.731193389701865
,,,,,38925.17279991148,18900.0,0.49048889113532007,29942.44061531655,0.0005518401065296853,19.487708989197827,25.334021685957175,10.0,1.0,5.518401065296853e-05,39.731193389701865
,,,,,38950.535324443226,18910.0,0.49104073124184977,29961.950249571742,0.0005518401065296853,19.50963425519055,25.362524531747717,10.0,1.0,5.518401065296853e-05,39.731193389701865
,,,,,38975.926351820766,18920.0,0.49159257134837947,29981.481809092926,0.0005518401065296853,19.531559521183276,25.391027377538258,10.0,1.0,5.518401065296853e-05,39.731193389701865
,,,,,39001.345882044094,18930.0,0.49214441145490917,30001.0352938801,0.0005518401065296853,19.553484787176004,25.419530223328806,10.0,1.0,5.518401065296853e-05,39.731193389701865
,,,,,39026.793915113216,18940.0,0.49269625156143887,30020.61070393327,0.0005518401065296853,19.575410053168728,25.448033069119347,10.0,1.0,5.518401065296853e-05,39.731193389701865
,,,,,39052.270451028126,18950.0,0.49324809166796857,30040.208039252433,0.0005518401065296853,19.597335319161452,25.47653591490989,10.0,1.0,5.518401065296853e-05,39.731193389701865
,,,,,39077.77548978882,18960.0,0.49379993177449827,30059.827299837587,0.0005518401065296853,19.619260585154176,25.50503876070043,10.0,1.0,5.518401065296853e-05,39.731193389701865
,,,,,39103.309031395314,18970.0,0.49435177188102797,30079.468485688732,0.0005518401065296853,19.641185851146904,25.533541606490978,10.0,1.0,5.518401065296853e-05,39.731193389701865
,,,,,39128.87107584759,18980.0,0.49490361198755767,30099.131596805873,0.0005518401065296853,19.66311111713963,25.56204445228152,10.0,1.0,5.518401065296853e-05,39.731193389701865
,,,,,39154.46162314567,18990.0,0.49545545209408737,30118.816633189006,0.0005518401065296853,19.685036383132353,25.59054729807206,10.0,1.0,5.518401065296853e-05,39.731193389701865
,,,,,39180.08067328953,19000.0,0.49600729220061707,30138.52359483813,0.0005518401065296853,19.706961649125077,25.6190501438626,10.0,1.0,5.518401065296853e-05,39.731193389701865
,,,,,39205.728226279185,19010.0,0.49655913230714677,30158.252481753247,0.0005518401065296853,19.728886915117805,25.647552989653146,10.0,1.0,5.518401065296853e-05,39.731193389701865
,,,,,39231.40428211463,19020.0,0.49711097241367647,30178.00329393436,0.0005518401065296853,19.75081218111053,25.676055835443687,10.0,1.0,5.518401065296853e-05,39.731193389701865
,,,,,39257.10884079586,19030.0,0.49766281252020617,30197.77603138146,0.0005518401065296853,19.772737447103253,25.70455868123423,10.0,1.0,5.518401065296853e-05,39.731193389701865
,,,,,39282.841902322885,19040.0,0.49821465262673587,30217.570694094557,0.0005518401065296853,19.794662713095978,25.733061527024773,10.0,1.0,5.518401065296853e-05,39.731193389701865
,,,,,39308.6034666957,19050.0,0.49876649273326557,30237.387282073647,0.0005518401065296853,19.816587979088705,25.761564372815318,10.0,1.0,5.518401065296853e-05,39.731193389701865
,,,,,39334.393533914306,19060.0,0.49931833283979526,30257.22579531873,0.0005518401065296853,19.83851324508143,25.79006721860586,10.0,1.0,5.518401065296853e-05,39.731193389701865
,,,,,39360.2121039787,19070.0,0.49987017294632496,30277.086233829803,0.0005518401065296853,19.860438511074154,25.8185700643964,10.0,1.0,5.518401065296853e-05,39.731193389701865
,,,,,39386.05917688889,19080.0,0.5004220130528546,30296.96859760687,0.0005518401065296853,19.882363777066878,25.84707291018694,10.0,1.0,5.518401065296853e-05,39.731193389701865
,,,,,39411.93475264487,19090.0,0.5009738531593843,30316.87288664993,0.0005518401065296853,19.9042890430596,25.87557575597748,10.0,1.0,5.518401065296853e-05,39.731193389701865
,,,,,39437.838831246634,19100.0,0.5015256932659139,30336.799100958982,0.0005518401065296853,19.926214309052323,25.90407860176802,10.0,1.0,5.518401065296853e-05,39.731193389701865
,,,,,39463.771412694194,19110.0,0.5020775333724435,30356.747240534027,0.0005518401065296853,19.948139575045047,25.93258144755856,10.0,1.0,5.518401065296853e-05,39.731193389701865
,,,,,39489.73249698754,19120.0,0.5026293734789732,30376.717305375063,0.0005518401065296853,19.970064841037768,25.9610842933491,10.0,1.0,5.518401065296853e-05,39.731193389701865
,,,,,39515.72208412668,19130.0,0.5031812135855028,30396.709295482095,0.0005518401065296853,19.991990107030492,25.98958713913964,10.0,1.0,5.518401065296853e-05,39.731193389701865
,,,,,39541.74017411161,19140.0,0.5037330536920325,30416.723210855118,0.0005518401065296853,20.013915373023217,26.01808998493018,10.0,1.0,5.518401065296853e-05,39.731193389701865
,,,,,39567.786766942336,19150.0,0.5042848937985621,30436.759051494133,0.0005518401065296853,20.035840639015937,26.04659283072072,10.0,1.0,5.518401065296853e-05,39.731193389701865
,,,,,39593.86186261885,19160.0,0.5048367339050918,30456.816817399143,0.0005518401065296853,20.05776590500866,26.07509567651126,10.0,1.0,5.518401065296853e-05,39.731193389701865
,,,,,39619.965461141146,19170.0,0.5053885740116214,30476.896508570146,0.0005518401065296853,20.079691171001382,26.103598522301798,10.0,1.0,5.518401065296853e-05,39.731193389701865
,,,,,39646.09756250924,19180.0,0.505940414118151,30496.99812500714,0.0005518401065296853,20.101616436994107,26.13210136809234,10.0,1.0,5.518401065296853e-05,39.731193389701865
,,,,,39672.25816672312,19190.0,0.5064922542246807,30517.121666710125,0.0005518401065296853,20.12354170298683,26.16060421388288,10.0,1.0,5.518401065296853e-05,39.731193389701865
,,,,,39698.4472737828,19200.0,0.5070440943312103,30537.267133679106,0.0005518401065296853,20.14546696897955,26.189107059673418,10.0,1.0,5.518401065296853e-05,39.731193389701865
,,,,,39724.66488368826,19210.0,0.50759593443774,30557.43452591408,0.0005518401065296853,20.167392234972276,26.21760990546396,10.0,1.0,5.518401065296853e-05,39.731193389701865
,,,,,39750.91099643952,19220.0,0.5081477745442696,30577.623843415044,0.0005518401065296853,20.189317500965,26.2461127512545,10.0,1.0,5.518401065296853e-05,39.731193389701865
,,,,,39777.18561203656,19230.0,0.5086996146507993,30597.835086182,0.0005518401065296853,20.21124276695772,26.274615597045038,10.0,1.0,5.518401065296853e-05,39.731193389701865
,,,,,39803.488730479396,19240.0,0.5092514547573289,30618.06825421495,0.0005518401065296853,20.233168032950445,26.30311844283558,10.0,1.0,5.518401065296853e-05,39.731193389701865
,,,,,39829.82035176802,19250.0,0.5098032948638586,30638.323347513895,0.0005518401065296853,20.25509329894317,26.33162128862612,10.0,1.0,5.518401065296853e-05,39.731193389701865
,,,,,39836.5964955084,19260.0,0.5103551349703882,30643.53576577572,0.0005518401065296853,5.212418261826307,6.7761437403741995,10.0,110.0,5.518401065296853e-05,10.213315992458353
,,,,,39843.37996620137,19270.0,0.5109069750769178,30648.753820154932,0.0005518401065296853,5.2180543792116065,6.783470692975088,10.0,110.0,5.518401065296853e-05,10.213315992458353
,,,,,39850.170763846945,19280.0,0.5114588151834475,30653.97751065153,0.0005518401065296853,5.223690496596905,6.790797645575977,10.0,110.0,5.518401065296853e-05,10.213315992458353
,,,,,39856.968888445124,19290.0,0.5120106552899771,30659.206837265512,0.0005518401065296853,5.229326613982205,6.798124598176867,10.0,110.0,5.518401065296853e-05,10.213315992458353
,,,,,39863.7743399959,19300.0,0.5125624953965068,30664.44179999688,0.0005518401065296853,5.234962731367504,6.8054515507777555,10.0,110.0,5.518401065296853e-05,10.213315992458353
,,,,,39870.58711849928,19310.0,0.5131143355030364,30669.68239884563,0.0005518401065296853,5.240598848752803,6.812778503378643,10.0,110.0,5.518401065296853e-05,10.213315992458353
,,,,,39877.40722395526,19320.0,0.5136661756095661,30674.928633811767,0.0005518401065296853,5.246234966138102,6.820105455979533,10.0,110.0,5.518401065296853e-05,10.213315992458353
,,,,,39884.23465636384,19330.0,0.5142180157160957,30680.180504895292,0.0005518401065296853,5.251871083523401,6.827432408580422,10.0,110.0,5.518401065296853e-05,10.213315992458353
,,,,,39891.069415725025,19340.0,0.5147698558226254,30685.4380120962,0.0005518401065296853,5.257507200908701,6.8347593611813116,10.0,110.0,5.518401065296853e-05,10.213315992458353
,,,,,39897.911502038805,19350.0,0.515321695929155,30690.701155414496,0.0005518401065296853,5.2631433182939995,6.8420863137821994,10.0,110.0,5.518401065296853e-05,10.213315992458353
,,,,,39904.76091530519,19360.0,0.5158735360356846,30695.969934850174,0.0005518401065296853,5.268779435679298,6.849413266383088,10.0,110.0,5.518401065296853e-05,10.213315992458353
,,,,,39911.61765552418,19370.0,0.5164253761422143,30701.244350403238,0.0005518401065296853,5.274415553064598,6.856740218983978,10.0,110.0,5.518401065296853e-05,10.213315992458353
,,,,,39918.48172269576,19380.0,0.5169772162487439,30706.524402073686,0.0005518401065296853,5.280051670449897,6.864067171584866,10.0,110.0,5.518401065296853e-05,10.213315992458353
,,,,,39925.35311681995,19390.0,0.5175290563552736,30711.810089861523,0.0005518401065296853,5.285687787835196,6.8713941241857555,10.0,110.0,5.518401065296853e-05,10.213315992458353
,,,,,39932.23183789673,19400.0,0.5180808964618032,30717.101413766744,0.0005518401065296853,5.291323905220495,6.878721076786644,10.0,110.0,5.518401065296853e-05,10.213315992458353
,,,,,39939.11788592612,19410.0,0.5186327365683329,30722.39837378935,0.0005518401065296853,5.296960022605794,6.886048029387532,10.0,110.0,5.518401065296853e-05,10.213315992458353
,,,,,39946.01126090811,19420.0,0.5191845766748625,30727.70096992934,0.0005518401065296853,5.302596139991094,6.893374981988422,10.0,110.0,5.518401065296853e-05,10.213315992458353
,,,,,39952.9119628427,19430.0,0.5197364167813922,30733.009202186717,0.0005518401065296853,5.3082322573763925,6.900701934589311,10.0,110.0,5.518401065296853e-05,10.213315992458353
,,,,,39959.81999172989,19440.0,0.5202882568879218,30738.323070561477,0.0005518401065296853,5.313868374761692,6.9080288871902,10.0,110.0,5.518401065296853e-05,10.213315992458353
,,,,,39966.73534756968,19450.0,0.5208400969944514,30743.642575053625,0.0005518401065296853,5.319504492146991,6.915355839791088,10.0,110.0,5.518401065296853e-05,10.213315992458353
,,,,,39973.65803036207,19460.0,0.5213919371009811,30748.96771566316,0.0005518401065296853,5.32514060953229,6.922682792391977,10.0,110.0,5.518401065296853e-05,10.213315992458353
,,,,,39980.58804010707,19470.0,0.5219437772075107,30754.298492390077,0.0005518401065296853,5.330776726917589,6.930009744992867,10.0,110.0,5.518401065296853e-05,10.213315992458353
,,,,,39987.52537680466,19480.0,0.5224956173140404,30759.63490523438,0.0005518401065296853,5.336412844302888,6.9373366975937545,10.0,110.0,5.518401065296853e-05,10.213315992458353
,,,,,39994.47004045486,19490.0,0.52304745742057,30764.976954196067,0.0005518401065296853,5.342048961688187,6.944663650194643,10.0,110.0,5.518401065296853e-05,10.213315992458353
,,,,,40001.42203105765,19500.0,0.5235992975270997,30770.32463927514,0.0005518401065296853,5.347685079073487,6.951990602795533,10.0,110.0,5.518401065296853e-05,10.213315992458353
,,,,,40008.381348613046,19510.0,0.5241511376336293,30775.6779604716,0.0005518401065296853,5.3533211964587855,6.959317555396422,10.0,110.0,5.518401065296853e-05,10.213315992458353
,,,,,40015.347993121046,19520.0,0.524702977740159,30781.036917785445,0.0005518401065296853,5.358957313844085,6.9666445079973105,10.0,110.0,5.518401065296853e-05,10.213315992458353
,,,,,40022.32196458164,19530.0,0.5252548178466886,30786.401511216674,0.0005518401065296853,5.364593431229384,6.973971460598199,10.0,110.0,5.518401065296853e-05,10.213315992458353
,,,,,40029.30326299484,19540.0,0.5258066579532182,30791.77174076529,0.0005518401065296853,5.370229548614683,6.981298413199088,10.0,110.0,5.518401065296853e-05,10.213315992458353
,,,,,40036.29188836064,19550.0,0.5263584980597479,30797.14760643129,0.0005518401065296853,5.375865665999982,6.988625365799978,10.0,110.0,5.518401065296853e-05,10.213315992458353
,,,,,40043.28784067904,19560.0,0.5269103381662775,30802.529108214672,0.0005518401065296853,5.381501783385281,6.995952318400866,10.0,110.0,5.518401065296853e-05,10.213315992458353
,,,,,40050.291119950045,19570.0,0.5274621782728072,30807.916246115445,0.0005518401065296853,5.387137900770581,7.003279271001755,10.0,110.0,5.518401065296853e-05,10.213315992458353
,,,,,40057.301726173646,19580.0,0.5280140183793368,30813.3090201336,0.0005518401065296853,5.39277401815588,7.010606223602644,10.0,110.0,5.518401065296853e-05,10.213315992458353
,,,,,40064.31965934985,19590.0,0.5285658584858665,30818.707430269144,0.0005518401065296853,5.398410135541178,7.017933176203532,10.0,110.0,5.518401065296853e-05,10.213315992458353
,,,,,40071.34491947865,19600.0,0.5291176985923961,30824.11147652207,0.0005518401065296853,5.404046252926478,7.025260128804422,10.0,110.0,5.518401065296853e-05,10.213315992458353
,,,,,40078.37750656006,19610.0,0.5296695386989257,30829.52115889238,0.0005518401065296853,5.409682370311777,7.03258708140531,10.0,110.0,5.518401065296853e-05,10.213315992458353
,,,,,40085.417420594065,19620.0,0.5302213788054554,30834.936477380077,0.0005518401065296853,5.415318487697077,7.0399140340062,10.0,110.0,5.518401065296853e-05,10.213315992458353
,,,,,40092.46466158067,19630.0,0.530773218911985,30840.357431985158,0.0005518401065296853,5.420954605082375,7.047240986607088,10.0,110.0,5.518401065296853e-05,10.213315992458353
,,,,,40099.51922951988,19640.0,0.5313250590185147,30845.784022707627,0.0005518401065296853,5.426590722467674,7.054567939207977,10.0,110.0,5.518401065296853e-05,10.213315992458353
,,,,,40106.581124411685,19650.0,0.5318768991250443,30851.21624954748,0.0005518401065296853,5.432226839852974,7.061894891808866,10.0,110.0,5.518401065296853e-05,10.213315992458353
,,,,,40113.650346256094,19660.0,0.532428739231574,30856.65411250472,0.0005518401065296853,5.437862957238273,7.069221844409754,10.0,110.0,5.518401065296853e-05,10.213315992458353
,,,,,40120.72689505311,19670.0,0.5329805793381036,30862.097611579342,0.0005518401065296853,5.443499074623571,7.076548797010643,10.0,110.0,5.518401065296853e-05,10.213315992458353
,,,,,40127.81077080272,19680.0,0.5335324194446333,30867.54674677135,0.0005518401065296853,5.449135192008871,7.083875749611533,10.0,110.0,5.518401065296853e-05,10.213315992458353
,,,,,40134.90197350493,19690.0,0.5340842595511629,30873.001518080742,0.0005518401065296853,5.45477130939417,7.091202702212421,10.0,110.0,5.518401065296853e-05,10.213315992458353
,,,,,40142.00050315974,19700.0,0.5346360996576925,30878.461925507523,0.0005518401065296853,5.4604074267794696,7.09852965481331,10.0,110.0,5.518401065296853e-05,10.213315992458353
,,,,,40149.10635976715,19710.0,0.5351879397642222,30883.92796905169,0.0005518401065296853,5.466043544164768,7.105856607414199,10.0,110.0,5.518401065296853e-05,10.213315992458353
,,,,,40156.21954332717,19720.0,0.5357397798707518,30889.39964871324,0.0005518401065296853,5.471679661550067,7.113183560015088,10.0,110.0,5.518401065296853e-05,10.213315992458353
,,,,,40163.340053839784,19730.0,0.5362916199772815,30894.876964492174,0.0005518401065296853,5.477315778935367,7.120510512615977,10.0,110.0,5.518401065296853e-05,10.213315992458353
,,,,,40170.467891305,19740.0,0.5368434600838111,30900.359916388494,0.0005518401065296853,5.482951896320666,7.1278374652168655,10.0,110.0,5.518401065296853e-05,10.213315992458353
,,,,,40177.60305572282,19750.0,0.5373953001903408,30905.848504402198,0.0005518401065296853,5.488588013705965,7.135164417817755,10.0,110.0,5.518401065296853e-05,10.213315992458353
,,,,,40184.74554709324,19760.0,0.5379471402968704,30911.34272853329,0.0005518401065296853,5.494224131091264,7.142491370418644,10.0,110.0,5.518401065296853e-05,10.213315992458353
,,,,,40191.89536541626,19770.0,0.5384989804034,30916.84258878177,0.0005518401065296853,5.499860248476563,7.149818323019532,10.0,110.0,5.518401065296853e-05,10.213315992458353
,,,,,40199.05251069188,19780.0,0.5390508205099297,30922.34808514763,0.0005518401065296853,5.5054963658618625,7.1571452756204215,10.0,110.0,5.518401065296853e-05,10.213315992458353
,,,,,40206.2169829201,19790.0,0.5396026606164593,30927.859217630878,0.0005518401065296853,5.511132483247161,7.16447222822131,10.0,110.0,5.518401065296853e-05,10.213315992458353
,,,,,40213.38878210093,19800.0,0.540154500722989,30933.37598623151,0.0005518401065296853,5.516768600632461,7.1717991808222,10.0,110.0,5.518401065296853e-05,10.213315992458353
,,,,,40220.56790823435,19810.0,0.5407063408295186,30938.898390949525,0.0005518401065296853,5.52240471801776,7.179126133423088,10.0,110.0,5.518401065296853e-05,10.213315992458353
,,,,,40227.754361320374,19820.0,0.5412581809360483,30944.42643178493,0.0005518401065296853,5.528040835403059,7.186453086023977,10.0,110.0,5.518401065296853e-05,10.213315992458353
,,,,,40234.948141359,19830.0,0.5418100210425779,30949.96010873772,0.0005518401065296853,5.533676952788358,7.193780038624866,10.0,110.0,5.518401065296853e-05,10.213315992458353
,,,,,40242.14924835022,19840.0,0.5423618611491076,30955.499421807894,0.0005518401065296853,5.539313070173657,7.201106991225754,10.0,110.0,5.518401065296853e-05,10.213315992458353
,,,,,40249.35768229405,19850.0,0.5429137012556372,30961.044370995452,0.0005518401065296853,5.544949187558957,7.208433943826644,10.0,110.0,5.518401065296853e-05,10.213315992458353
,,,,,40256.57344319048,19860.0,0.5434655413621668,30966.594956300396,0.0005518401065296853,5.5505853049442555,7.215760896427533,10.0,110.0,5.518401065296853e-05,10.213315992458353
,,,,,40263.79653103951,19870.0,0.5440173814686965,30972.151177722724,0.0005518401065296853,5.556221422329554,7.2230878490284205,10.0,110.0,5.518401065296853e-05,10.213315992458353
,,,,,40271.026945841135,19880.0,0.5445692215752261,30977.71303526244,0.0005518401065296853,5.561857539714854,7.23041480162931,10.0,110.0,5.518401065296853e-05,10.213315992458353
,,,,,40278.264687595365,19890.0,0.5451210616817558,30983.280528919542,0.0005518401065296853,5.567493657100153,7.237741754230199,10.0,110.0,5.518401065296853e-05,10.213315992458353
,,,,,40285.5097563022,19900.0,0.5456729017882854,30988.853658694028,0.0005518401065296853,5.5731297744854515,7.245068706831087,10.0,110.0,5.518401065296853e-05,10.213315992458353
,,,,,40292.76215196163,19910.0,0.5462247418948151,30994.4324245859,0.0005518401065296853,5.578765891870751,7.2523956594319765,10.0,110.0,5.518401065296853e-05,10.213315992458353
,,,,,40300.021874573664,19920.0,0.5467765820013447,31000.016826595154,0.0005518401065296853,5.58440200925605,7.259722612032865,10.0,110.0,5.518401065296853e-05,10.213315992458353
,,,,,40307.288924138295,19930.0,0.5473284221078744,31005.606864721794,0.0005518401065296853,5.59003812664135,7.267049564633755,10.0,110.0,5.518401065296853e-05,10.213315992458353
,,,,,40314.56330065553,19940.0,0.547880262214404,31011.20253896582,0.0005518401065296853,5.5956742440266485,7.274376517234643,10.0,110.0,5.518401065296853e-05,10.213315992458353
,,,,,40321.84500412537,19950.0,0.5484321023209336,31016.803849327232,0.0005518401065296853,5.601310361411947,7.281703469835532,10.0,110.0,5.518401065296853e-05,10.213315992458353
,,,,,40329.1340345478,19960.0,0.5489839424274633,31022.41079580603,0.0005518401065296853,5.606946478797247,7.289030422436421,10.0,110.0,5.518401065296853e-05,10.213315992458353
,,,,,40336.43039192284,19970.0,0.5495357825339929,31028.023378402213,0.0005518401065296853,5.612582596182546,7.29635737503731,10.0,110.0,5.518401065296853e-05,10.213315992458353
,,,,,40343.734076250475,19980.0,0.5500876226405226,31033.64159711578,0.0005518401065296853,5.618218713567845,7.303684327638199,10.0,110.0,5.518401065296853e-05,10.213315992458353
,,,,,40351.045087530714,19990.0,0.5506394627470522,31039.265451946732,0.0005518401065296853,5.623854830953144,7.311011280239088,10.0,110.0,5.518401065296853e-05,10.213315992458353
,,,,,40358.36342576356,20000.0,0.5511913028535819,31044.89494289507,0.0005518401065296853,5.629490948338443,7.318338232839976,10.0,110.0,5.518401065296853e-05,10.213315992458353
,,,,,40365.689090948996,20010.0,0.5517431429601115,31050.530069960794,0.0005518401065296853,5.635127065723743,7.325665185440866,10.0,110.0,5.518401065296853e-05,10.213315992458353
,,,,,40373.02208308704,20020.0,0.5522949830666412,31056.170833143904,0.0005518401065296853,5.6407631831090415,7.332992138041754,10.0,110.0,5.518401065296853e-05,10.213315992458353
,,,,,40380.36240217768,20030.0,0.5528468231731708,31061.8172324444,0.0005518401065296853,5.646399300494341,7.340319090642644,10.0,110.0,5.518401065296853e-05,10.213315992458353
,,,,,40387.71004822092,20040.0,0.5533986632797004,31067.469267862278,0.0005518401065296853,5.65203541787964,7.347646043243532,10.0,110.0,5.518401065296853e-05,10.213315992458353
,,,,,40395.06502121677,20050.0,0.5539505033862301,31073.12693939754,0.0005518401065296853,5.657671535264939,7.35497299584442,10.0,110.0,5.518401065296853e-05,10.213315992458353
,,,,,40402.42732116521,20060.0,0.5545023434927597,31078.79024705019,0.0005518401065296853,5.663307652650238,7.36229994844531,10.0,110.0,5.518401065296853e-05,10.213315992458353
,,,,,40409.79694806626,20070.0,0.5550541835992894,31084.459190820227,0.0005518401065296853,5.668943770035537,7.369626901046199,10.0,110.0,5.518401065296853e-05,10.213315992458353
,,,,,40417.1739019199,20080.0,0.555606023705819,31090.13377070765,0.0005518401065296853,5.674579887420836,7.376953853647087,10.0,110.0,5.518401065296853e-05,10.213315992458353
,,,,,40424.55818272615,20090.0,0.5561578638123487,31095.813986712456,0.0005518401065296853,5.680216004806136,7.384280806247976,10.0,110.0,5.518401065296853e-05,10.213315992458353
,,,,,40431.949790485,20100.0,0.5567097039188783,31101.499838834647,0.0005518401065296853,5.685852122191434,7.391607758848865,10.0,110.0,5.518401065296853e-05,10.213315992458353
,,,,,40439.34872519645,20110.0,0.557261544025408,31107.191327074222,0.0005518401065296853,5.691488239576734,7.398934711449755,10.0,110.0,5.518401065296853e-05,10.213315992458353
,,,,,40446.7549868605,20120.0,0.5578133841319376,31112.888451431183,0.0005518401065296853,5.697124356962033,7.406261664050643,10.0,110.0,5.518401065296853e-05,10.213315992458353
,,,,,40454.16857547715,20130.0,0.5583652242384672,31118.591211905532,0.0005518401065296853,5.702760474347332,7.4135886166515315,10.0,110.0,5.518401065296853e-05,10.213315992458353
,,,,,40461.589491046405,20140.0,0.5589170643449969,31124.299608497266,0.0005518401065296853,5.708396591732631,7.420915569252421,10.0,110.0,5.518401065296853e-05,10.213315992458353
,,,,,40469.01773356826,20150.0,0.5594689044515265,31130.013641206384,0.0005518401065296853,5.71403270911793,7.428242521853309,10.0,110.0,5.518401065296853e-05,10.213315992458353
,,,,,40476.45330304271,20160.0,0.5600207445580562,31135.733310032887,0.0005518401065296853,5.71966882650323,7.435569474454199,10.0,110.0,5.518401065296853e-05,10.213315992458353
,,,,,40483.89619946977,20170.0,0.5605725846645858,31141.458614976775,0.0005518401065296853,5.725304943888529,7.4428964270550875,10.0,110.0,5.518401065296853e-05,10.213315992458353
,,,,,40491.34642284943,20180.0,0.5611244247711155,31147.189556038047,0.0005518401065296853,5.730941061273827,7.450223379655976,10.0,110.0,5.518401065296853e-05,10.213315992458353
,,,,,40498.80397318168,20190.0,0.5616762648776451,31152.926133216708,0.0005518401065296853,5.736577178659127,7.457550332256865,10.0,110.0,5.518401065296853e-05,10.213315992458353
,,,,,40506.26885046654,20200.0,0.5622281049841747,31158.668346512753,0.0005518401065296853,5.742213296044426,7.464877284857754,10.0,110.0,5.518401065296853e-05,10.213315992458353
,,,,,40513.741054704,20210.0,0.5627799450907044,31164.416195926184,0.0005518401065296853,5.7478494134297256,7.4722042374586435,10.0,110.0,5.518401065296853e-05,10.213315992458353
,,,,,40521.22058589406,20220.0,0.563331785197234,31170.169681457,0.0005518401065296853,5.753485530815024,7.479531190059532,10.0,110.0,5.518401065296853e-05,10.213315992458353
,,,,,40528.70744403672,20230.0,0.5638836253037637,31175.9288031052,0.0005518401065296853,5.759121648200323,7.48685814266042,10.0,110.0,5.518401065296853e-05,10.213315992458353
,,,,,40536.20162913198,20240.0,0.5644354654102933,31181.693560870783,0.0005518401065296853,5.764757765585623,7.49418509526131,10.0,110.0,5.518401065296853e-05,10.213315992458353
,,,,,40543.703141179845,20250.0,0.564987305516823,31187.463954753755,0.0005518401065296853,5.770393882970922,7.501512047862199,10.0,110.0,5.518401065296853e-05,10.213315992458353
,,,,,40551.211980180306,20260.0,0.5655391456233526,31193.239984754113,0.0005518401065296853,5.776030000356221,7.508839000463088,10.0,110.0,5.518401065296853e-05,10.213315992458353
,,,,,40558.72814613337,20270.0,0.5660909857298823,31199.021650871855,0.0005518401065296853,5.78166611774152,7.516165953063976,10.0,110.0,5.518401065296853e-05,10.213315992458353
,,,,,40566.25163903904,20280.0,0.5666428258364119,31204.80895310698,0.0005518401065296853,5.787302235126819,7.523492905664865,10.0,110.0,5.518401065296853e-05,10.213315992458353
,,,,,40615.36358887767,20290.0,0.5668267725385885,31242.58737605978,0.00018394670217656179,37.7784229527967,49.11194983863572,10.0,23.0,1.8394670217656178e-05,66.64897422470429
,,,,,40664.49147653302,20300.0,0.5670107192407651,31280.37805887159,0.00018394670217656179,37.79068281180879,49.12788765535143,10.0,23.0,1.8394670217656178e-05,66.64897422470429
,,,,,40713.63530200509,20310.0,0.5671946659429417,31318.18100154241,0.00018394670217656179,37.802942670820876,49.14382547206714,10.0,23.0,1.8394670217656178e-05,66.64897422470429
,,,,,40762.795065293874,20320.0,0.5673786126451182,31355.996204072242,0.00018394670217656179,37.815202529832966,49.159763288782855,10.0,23.0,1.8394670217656178e-05,66.64897422470429
,,,,,40811.970766399376,20330.0,0.5675625593472948,31393.82366646109,0.00018394670217656179,37.82746238884505,49.17570110549857,10.0,23.0,1.8394670217656178e-05,66.64897422470429
,,,,,40861.16240532159,20340.0,0.5677465060494714,31431.663388708945,0.00018394670217656179,37.83972224785714,49.19163892221428,10.0,23.0,1.8394670217656178e-05,66.64897422470429
,,,,,40910.369982060525,20350.0,0.567930452751648,31469.515370815814,0.00018394670217656179,37.85198210686922,49.207576738929994,10.0,23.0,1.8394670217656178e-05,66.64897422470429
,,,,,40959.59349661617,20360.0,0.5681143994538246,31507.379612781697,0.00018394670217656179,37.86424196588131,49.22351455564571,10.0,23.0,1.8394670217656178e-05,66.64897422470429
,,,,,41008.83294898854,20370.0,0.5682983461560012,31545.25611460659,0.00018394670217656179,37.876501824893396,49.23945237236141,10.0,23.0,1.8394670217656178e-05,66.64897422470429
,,,,,41058.088339177615,20380.0,0.5684822928581778,31583.144876290495,0.00018394670217656179,37.888761683905486,49.25539018907713,10.0,23.0,1.8394670217656178e-05,66.64897422470429
,,,,,41107.35966718341,20390.0,0.5686662395603543,31621.045897833414,0.00018394670217656179,37.90102154291757,49.27132800579284,10.0,23.0,1.8394670217656178e-05,66.64897422470429
,,,,,41156.64693300592,20400.0,0.5688501862625309,31658.959179235342,0.00018394670217656179,37.91328140192966,49.28726582250856,10.0,23.0,1.8394670217656178e-05,66.64897422470429
,,,,,41205.950136645144,20410.0,0.5690341329647075,31696.884720496284,0.00018394670217656179,37.92554126094174,49.303203639224265,10.0,23.0,1.8394670217656178e-05,66.64897422470429
,,,,,41255.269278101085,20420.0,0.5692180796668841,31734.82252161624,0.00018394670217656179,37.93780111995383,49.319141455939985,10.0,23.0,1.8394670217656178e-05,66.64897422470429
,,,,,41304.60435737374,20430.0,0.5694020263690607,31772.772582595204,0.00018394670217656179,37.950060978965915,49.33507927265569,10.0,23.0,1.8394670217656178e-05,66.64897422470429
,,,,,41353.95537446311,20440.0,0.5695859730712373,31810.734903433182,0.00018394670217656179,37.962320837978005,49.35101708937141,10.0,23.0,1.8394670217656178e-05,66.64897422470429
,,,,,41403.3223293692,20450.0,0.5697699197734138,31848.709484130173,0.00018394670217656179,37.97458069699009,49.366954906087116,10.0,23.0,1.8394670217656178e-05,66.64897422470429
,,,,,41452.705222092,20460.0,0.5699538664755904,31886.696324686174,0.00018394670217656179,37.98684055600218,49.382892722802836,10.0,23.0,1.8394670217656178e-05,66.64897422470429
,,,,,41502.10405263152,20470.0,0.570137813177767,31924.69542510119,0.00018394670217656179,37.99910041501426,49.39883053951854,10.0,23.0,1.8394670217656178e-05,66.64897422470429
,,,,,41565.91100814026,20480.0,0.5701727166738293,31973.77769856945,3.490349606228937e-05,49.08227346826162,63.80695550874011,10.0,15.0,3.4903496062289374e-06,86.08316749105241
,,,,,41573.48869545623,20490.0,0.5707245567803589,31979.606688812506,0.0005518401065296853,5.828990243053545,7.57768731596961,10.0,110.0,5.518401065296853e-05,10.213315992458353
,,,,,41581.073709724806,20500.0,0.5712763968868886,31985.441315172946,0.0005518401065296853,5.834626360438845,7.585014268570498,10.0,110.0,5.518401065296853e-05,10.213315992458353
,,,,,41588.666050945976,20510.0,0.5718282369934182,31991.28157765077,0.0005518401065296853,5.840262477824144,7.592341221171387,10.0,110.0,5.518401065296853e-05,10.213315992458353
,,,,,41596.26571911975,20520.0,0.5723800770999479,31997.12747624598,0.0005518401065296853,5.845898595209443,7.599668173772276,10.0,110.0,5.518401065296853e-05,10.213315992458353
,,,,,41603.87271424612,20530.0,0.5729319172064775,32002.979010958574,0.0005518401065296853,5.851534712594742,7.606995126373166,10.0,110.0,5.518401065296853e-05,10.213315992458353
,,,,,41611.487036325096,20540.0,0.5734837573130072,32008.836181788552,0.0005518401065296853,5.857170829980041,7.6143220789740536,10.0,110.0,5.518401065296853e-05,10.213315992458353
,,,,,41619.108685356674,20550.0,0.5740355974195368,32014.69898873592,0.0005518401065296853,5.86280694736534,7.621649031574942,10.0,110.0,5.518401065296853e-05,10.213315992458353
,,,,,41626.73766134085,20560.0,0.5745874375260664,32020.56743180067,0.0005518401065296853,5.86844306475064,7.628975984175832,10.0,110.0,5.518401065296853e-05,10.213315992458353
,,,,,41634.37396427763,20570.0,0.5751392776325961,32026.441510982808,0.0005518401065296853,5.874079182135938,7.63630293677672,10.0,110.0,5.518401065296853e-05,10.213315992458353
,,,,,41642.017594167,20580.0,0.5756911177391257,32032.32122628233,0.0005518401065296853,5.879715299521238,7.64362988937761,10.0,110.0,5.518401065296853e-05,10.213315992458353
,,,,,41649.66855100898,20590.0,0.5762429578456554,32038.206577699235,0.0005518401065296853,5.885351416906537,7.650956841978498,10.0,110.0,5.518401065296853e-05,10.213315992458353
,,,,,41657.32683480356,20600.0,0.576794797952185,32044.097565233526,0.0005518401065296853,5.890987534291836,7.658283794579386,10.0,110.0,5.518401065296853e-05,10.213315992458353
,,,,,41664.99244555074,20610.0,0.5773466380587147,32049.9941888852,0.0005518401065296853,5.896623651677135,7.665610747180276,10.0,110.0,5.518401065296853e-05,10.213315992458353
,,,,,41672.665383250525,20620.0,0.5778984781652443,32055.896448654265,0.0005518401065296853,5.902259769062434,7.672937699781165,10.0,110.0,5.518401065296853e-05,10.213315992458353
,,,,,41722.752564075694,20630.0,0.5780824248674209,32094.42504928901,0.00018394670217656179,38.52860063474329,50.08718082516628,10.0,23.0,1.8394670217656178e-05,66.64897422470429
,,,,,41772.85568271758,20640.0,0.5782663715695975,32132.965909782764,0.00018394670217656179,38.540860493755375,50.10311864188199,10.0,23.0,1.8394670217656178e-05,66.64897422470429
,,,,,41822.97473917618,20650.0,0.5784503182717741,32171.519030135532,0.00018394670217656179,38.553120352767465,50.119056458597704,10.0,23.0,1.8394670217656178e-05,66.64897422470429
,,,,,41873.10973345149,20660.0,0.5786342649739507,32210.084410347314,0.00018394670217656179,38.56538021177955,50.13499427531342,10.0,23.0,1.8394670217656178e-05,66.64897422470429
,,,,,41923.26066554352,20670.0,0.5788182116761272,32248.662050418105,0.00018394670217656179,38.57764007079164,50.15093209202913,10.0,23.0,1.8394670217656178e-05,66.64897422470429
,,,,,41973.42753545227,20680.0,0.5790021583783038,32287.25195034791,0.00018394670217656179,38.58989992980372,50.166869908744836,10.0,23.0,1.8394670217656178e-05,66.64897422470429
,,,,,42023.61034317773,20690.0,0.5791861050804804,32325.854110136726,0.00018394670217656179,38.60215978881581,50.182807725460556,10.0,23.0,1.8394670217656178e-05,66.64897422470429
,,,,,42073.80908871991,20700.0,0.579370051782657,32364.468529784554,0.00018394670217656179,38.614419647827894,50.19874554217626,10.0,23.0,1.8394670217656178e-05,66.64897422470429
,,,,,42124.0237720788,20710.0,0.5795539984848336,32403.095209291394,0.00018394670217656179,38.626679506839984,50.21468335889198,10.0,23.0,1.8394670217656178e-05,66.64897422470429
,,,,,42174.25439325441,20720.0,0.5797379451870102,32441.734148657248,0.00018394670217656179,38.63893936585207,50.23062117560769,10.0,23.0,1.8394670217656178e-05,66.64897422470429
,,,,,42224.50095224673,20730.0,0.5799218918891867,32480.38534788211,0.00018394670217656179,38.65119922486416,50.24655899232341,10.0,23.0,1.8394670217656178e-05,66.64897422470429
,,,,,42274.76344905577,20740.0,0.5801058385913633,32519.048806965988,0.00018394670217656179,38.66345908387624,50.26249680903911,10.0,23.0,1.8394670217656178e-05,66.64897422470429
,,,,,42325.04188368152,20750.0,0.5802897852935399,32557.724525908878,0.00018394670217656179,38.67571894288833,50.278434625754834,10.0,23.0,1.8394670217656178e-05,66.64897422470429
,,,,,42375.33625612399,20760.0,0.5804737319957165,32596.412504710777,0.00018394670217656179,38.687978801900414,50.29437244247054,10.0,23.0,1.8394670217656178e-05,66.64897422470429
,,,,,42425.64656638318,20770.0,0.5806576786978931,32635.11274337169,0.00018394670217656179,38.700238660912504,50.31031025918626,10.0,23.0,1.8394670217656178e-05,66.64897422470429
,,,,,42475.97281445908,20780.0,0.5808416254000697,32673.825241891616,0.00018394670217656179,38.71249851992459,50.326248075901965,10.0,23.0,1.8394670217656178e-05,66.64897422470429
,,,,,42526.31500035169,20790.0,0.5810255721022463,32712.550000270552,0.00018394670217656179,38.72475837893668,50.342185892617685,10.0,23.0,1.8394670217656178e-05,66.64897422470429
,,,,,42576.673124061024,20800.0,0.5812095188044228,32751.2870185085,0.00018394670217656179,38.73701823794876,50.35812370933339,10.0,23.0,1.8394670217656178e-05,66.64897422470429
,,,,,42627.04718558707,20810.0,0.5813934655065994,32790.03629660546,0.00018394670217656179,38.74927809696085,50.374061526049104,10.0,23.0,1.8394670217656178e-05,66.64897422470429
,,,,,42677.43718492983,20820.0,0.581577412208776,32828.79783456143,0.00018394670217656179,38.76153795597293,50.38999934276482,10.0,23.0,1.8394670217656178e-05,66.64897422470429
,,,,,42727.84312208931,20830.0,0.5817613589109526,32867.57163237641,0.00018394670217656179,38.77379781498502,50.40593715948053,10.0,23.0,1.8394670217656178e-05,66.64897422470429
,,,,,42778.264997065504,20840.0,0.5819453056131292,32906.35769005041,0.00018394670217656179,38.78605767399711,50.42187497619624,10.0,23.0,1.8394670217656178e-05,66.64897422470429
,,,,,42828.70280985841,20850.0,0.5821292523153058,32945.15600758342,0.00018394670217656179,38.7983175330092,50.437812792911956,10.0,23.0,1.8394670217656178e-05,66.64897422470429
,,,,,42879.15656046804,20860.0,0.5823131990174824,32983.96658497544,0.00018394670217656179,38.81057739202128,50.45375060962767,10.0,23.0,1.8394670217656178e-05,66.64897422470429
,,,,,42929.62624889439,20870.0,0.5824971457196589,33022.78942222647,0.00018394670217656179,38.82283725103337,50.46968842634338,10.0,23.0,1.8394670217656178e-05,66.64897422470429
,,,,,42980.11187513745,20880.0,0.5826810924218355,33061.62451933652,0.00018394670217656179,38.83509711004545,50.48562624305909,10.0,23.0,1.8394670217656178e-05,66.64897422470429
,,,,,43030.61343919723,20890.0,0.5828650391240121,33100.47187630557,0.00018394670217656179,38.84735696905754,50.50156405977481,10.0,23.0,1.8394670217656178e-05,66.64897422470429
,,,,,43081.13094107372,20900.0,0.5830489858261887,33139.33149313364,0.00018394670217656179,38.859616828069626,50.51750187649051,10.0,23.0,1.8394670217656178e-05,66.64897422470429
,,,,,43131.66438076693,20910.0,0.5832329325283653,33178.20336982072,0.00018394670217656179,38.871876687081716,50.53343969320623,10.0,23.0,1.8394670217656178e-05,66.64897422470429
,,,,,43182.213758276856,20920.0,0.5834168792305419,33217.08750636681,0.00018394670217656179,38.8841365460938,50.54937750992194,10.0,23.0,1.8394670217656178e-05,66.64897422470429
,,,,,43232.779073603495,20930.0,0.5836008259327184,33255.98390277192,0.00018394670217656179,38.89639640510589,50.56531532663766,10.0,23.0,1.8394670217656178e-05,66.64897422470429
,,,,,43283.36032674685,20940.0,0.583784772634895,33294.89255903604,0.00018394670217656179,38.90865626411797,50.581253143353365,10.0,23.0,1.8394670217656178e-05,66.64897422470429
,,,,,43333.95751770692,20950.0,0.5839687193370716,33333.813475159164,0.00018394670217656179,38.92091612313006,50.597190960069085,10.0,23.0,1.8394670217656178e-05,66.64897422470429
,,,,,43384.570646483706,20960.0,0.5841526660392482,33372.74665114131,0.00018394670217656179,38.933175982142146,50.61312877678479,10.0,23.0,1.8394670217656178e-05,66.64897422470429
,,,,,43435.19971307721,20970.0,0.5843366127414248,33411.69208698246,0.00018394670217656179,38.945435841154236,50.62906659350051,10.0,23.0,1.8394670217656178e-05,66.64897422470429
,,,,,43485.84471748742,20980.0,0.5845205594436014,33450.64978268262,0.00018394670217656179,38.95769570016632,50.64500441021622,10.0,23.0,1.8394670217656178e-05,66.64897422470429
,,,,,43536.505659714356,20990.0,0.584704506145778,33489.6197382418,0.00018394670217656179,38.96995555917841,50.66094222693194,10.0,23.0,1.8394670217656178e-05,66.64897422470429
,,,,,43587.182539758,21000.0,0.5848884528479545,33528.60195365999,0.00018394670217656179,38.98221541819049,50.67688004364764,10.0,23.0,1.8394670217656178e-05,66.64897422470429
,,,,,43637.875357618366,21010.0,0.5850723995501311,33567.59642893719,0.00018394670217656179,38.99447527720258,50.692817860363355,10.0,23.0,1.8394670217656178e-05,66.64897422470429
,,,,,43688.584113295445,21020.0,0.5852563462523077,33606.60316407341,0.00018394670217656179,39.006735136214665,50.70875567707907,10.0,23.0,1.8394670217656178e-05,66.64897422470429
,,,,,43739.30880678924,21030.0,0.5854402929544843,33645.62215906863,0.00018394670217656179,39.018994995226755,50.72469349379478,10.0,23.0,1.8394670217656178e-05,66.64897422470429
,,,,,43790.04943809975,21040.0,0.5856242396566609,33684.653413922875,0.00018394670217656179,39.03125485423884,50.740631310510494,10.0,23.0,1.8394670217656178e-05,66.64897422470429
,,,,,43840.80600722697,21050.0,0.5858081863588375,33723.69692863613,0.00018394670217656179,39.04351471325093,50.75656912722621,10.0,23.0,1.8394670217656178e-05,66.64897422470429
,,,,,43891.57851417091,21060.0,0.585992133061014,33762.75270320839,0.00018394670217656179,39.05577457226301,50.77250694394192,10.0,23.0,1.8394670217656178e-05,66.64897422470429
,,,,,43942.36695893157,21070.0,0.5861760797631906,33801.82073763967,0.00018394670217656179,39.0680344312751,50.78844476065763,10.0,23.0,1.8394670217656178e-05,66.64897422470429
,,,,,43993.17134150894,21080.0,0.5863600264653672,33840.901031929956,0.00018394670217656179,39.080294290287185,50.80438257737334,10.0,23.0,1.8394670217656178e-05,66.64897422470429
,,,,,44043.99166190303,21090.0,0.5865439731675438,33879.993586079254,0.00018394670217656179,39.092554149299275,50.82032039408906,10.0,23.0,1.8394670217656178e-05,66.64897422470429
,,,,,44094.82792011383,21100.0,0.5867279198697204,33919.09840008757,0.00018394670217656179,39.10481400831136,50.836258210804765,10.0,23.0,1.8394670217656178e-05,66.64897422470429
,,,,,44145.680116141346,21110.0,0.586911866571897,33958.21547395489,0.00018394670217656179,39.11707386732345,50.852196027520485,10.0,23.0,1.8394670217656178e-05,66.64897422470429
,,,,,44196.54824998558,21120.0,0.5870958132740736,33997.34480768123,0.00018394670217656179,39.12933372633553,50.86813384423619,10.0,23.0,1.8394670217656178e-05,66.64897422470429
,,,,,44247.43232164653,21130.0,0.5872797599762501,34036.48640126658,0.00018394670217656179,39.14159358534762,50.88407166095191,10.0,23.0,1.8394670217656178e-05,66.64897422470429
,,,,,44298.3323311242,21140.0,0.5874637066784267,34075.64025471094,0.00018394670217656179,39.153853444359704,50.900009477667616,10.0,23.0,1.8394670217656178e-05,66.64897422470429
,,,,,44349.248278418585,21150.0,0.5876476533806033,34114.80636801431,0.00018394670217656179,39.166113303371795,50.915947294383336,10.0,23.0,1.8394670217656178e-05,66.64897422470429
,,,,,44400.18016352969,21160.0,0.5878316000827799,34153.9847411767,0.00018394670217656179,39.17837316238388,50.93188511109904,10.0,23.0,1.8394670217656178e-05,66.64897422470429
,,,,,44451.127986457504,21170.0,0.5880155467849565,34193.175374198094,0.00018394670217656179,39.19063302139597,50.94782292781476,10.0,23.0,1.8394670217656178e-05,66.64897422470429
,,,,,44502.09174720204,21180.0,0.5881994934871331,34232.3782670785,0.00018394670217656179,39.20289288040805,50.96376074453047,10.0,23.0,1.8394670217656178e-05,66.64897422470429
,,,,,44553.071445763286,21190.0,0.5883834401893097,34271.593419817924,0.00018394670217656179,39.21515273942014,50.97969856124619,10.0,23.0,1.8394670217656178e-05,66.64897422470429
,,,,,44604.06708214125,21200.0,0.5885673868914862,34310.82083241636,0.00018394670217656179,39.227412598432224,50.995636377961894,10.0,23.0,1.8394670217656178e-05,66.64897422470429
,,,,,44655.07865633593,21210.0,0.5887513335936628,34350.0605048738,0.00018394670217656179,39.239672457444314,51.01157419467761,10.0,23.0,1.8394670217656178e-05,66.64897422470429
,,,,,44706.10616834732,21220.0,0.5889352802958394,34389.31243719026,0.00018394670217656179,39.2519323164564,51.02751201139332,10.0,23.0,1.8394670217656178e-05,66.64897422470429
,,,,,44757.149618175434,21230.0,0.589119226998016,34428.57662936573,0.00018394670217656179,39.26419217546849,51.04344982810903,10.0,23.0,1.8394670217656178e-05,66.64897422470429
,,,,,44808.20900582026,21240.0,0.5893031737001926,34467.85308140021,0.00018394670217656179,39.27645203448057,51.059387644824746,10.0,23.0,1.8394670217656178e-05,66.64897422470429
,,,,,44859.2843312818,21250.0,0.5894871204023692,34507.141793293704,0.00018394670217656179,39.28871189349266,51.07532546154046,10.0,23.0,1.8394670217656178e-05,66.64897422470429
,,,,,44910.37559456006,21260.0,0.5896710671045458,34546.44276504621,0.00018394670217656179,39.30097175250474,51.09126327825617,10.0,23.0,1.8394670217656178e-05,66.64897422470429
,,,,,44961.48279565503,21270.0,0.5898550138067223,34585.755996657725,0.00018394670217656179,39.313231611516834,51.107201094971884,10.0,23.0,1.8394670217656178e-05,66.64897422470429
,,,,,45012.605934566716,21280.0,0.5900389605088989,34625.08148812826,0.00018394670217656179,39.32549147052892,51.12313891168759,10.0,23.0,1.8394670217656178e-05,66.64897422470429
,,,,,45063.74501129512,21290.0,0.5902229072110755,34664.4192394578,0.00018394670217656179,39.33775132954101,51.13907672840331,10.0,23.0,1.8394670217656178e-05,66.64897422470429
,,,,,45114.90002584024,21300.0,0.5904068539132521,34703.76925064635,0.00018394670217656179,39.35001118855309,51.155014545119016,10.0,23.0,1.8394670217656178e-05,66.64897422470429
,,,,,45166.07097820207,21310.0,0.5905908006154287,34743.13152169392,0.00018394670217656179,39.36227104756517,51.17095236183473,10.0,23.0,1.8394670217656178e-05,66.64897422470429
,,,,,45217.25786838062,21320.0,0.5907747473176053,34782.506052600496,0.00018394670217656179,39.37453090657726,51.18689017855044,10.0,23.0,1.8394670217656178e-05,66.64897422470429
,,,,,45268.460696375885,21330.0,0.5909586940197818,34821.892843366084,0.00018394670217656179,39.386790765589346,51.202827995266155,10.0,23.0,1.8394670217656178e-05,66.64897422470429
,,,,,45319.679462187865,21340.0,0.5911426407219584,34861.29189399069,0.00018394670217656179,39.399050624601436,51.21876581198187,10.0,23.0,1.8394670217656178e-05,66.64897422470429
,,,,,45370.91416581656,21350.0,0.591326587424135,34900.7032044743,0.00018394670217656179,39.41131048361352,51.234703628697574,10.0,23.0,1.8394670217656178e-05,66.64897422470429
,,,,,45422.16480726197,21360.0,0.5915105341263116,34940.12677481693,0.00018394670217656179,39.42357034262561,51.250641445413294,10.0,23.0,1.8394670217656178e-05,66.64897422470429
,,,,,45473.4313865241,21370.0,0.5916944808284882,34979.56260501857,0.00018394670217656179,39.43583020163769,51.266579262129,10.0,23.0,1.8394670217656178e-05,66.64897422470429
,,,,,45524.71390360294,21380.0,0.5918784275306648,35019.01069507922,0.00018394670217656179,39.44809006064978,51.28251707884472,10.0,23.0,1.8394670217656178e-05,66.64897422470429
,,,,,45576.0123584985,21390.0,0.5920623742328414,35058.47104499888,0.00018394670217656179,39.460349919661866,51.298454895560425,10.0,23.0,1.8394670217656178e-05,66.64897422470429
,,,,,45627.32675121077,21400.0,0.592246320935018,35097.943654777555,0.00018394670217656179,39.472609778673956,51.314392712276145,10.0,23.0,1.8394670217656178e-05,66.64897422470429
,,,,,45678.65708173976,21410.0,0.5924302676371945,35137.42852441524,0.00018394670217656179,39.48486963768604,51.33033052899185,10.0,23.0,1.8394670217656178e-05,66.64897422470429
,,,,,45730.00335008547,21420.0,0.5926142143393711,35176.92565391194,0.00018394670217656179,39.49712949669813,51.34626834570757,10.0,23.0,1.8394670217656178e-05,66.64897422470429
,,,,,45781.365556247896,21430.0,0.5927981610415477,35216.43504326765,0.00018394670217656179,39.50938935571021,51.36220616242328,10.0,23.0,1.8394670217656178e-05,66.64897422470429
,,,,,45832.74370022704,21440.0,0.5929821077437243,35255.956692482374,0.00018394670217656179,39.5216492147223,51.378143979139,10.0,23.0,1.8394670217656178e-05,66.64897422470429
,,,,,45884.137782022895,21450.0,0.5931660544459009,35295.49060155611,0.00018394670217656179,39.533909073734385,51.3940817958547,10.0,23.0,1.8394670217656178e-05,66.64897422470429
,,,,,45935.54780163547,21460.0,0.5933500011480775,35335.036770488856,0.00018394670217656179,39.546168932746475,51.41001961257042,10.0,23.0,1.8394670217656178e-05,66.64897422470429
,,,,,45986.97375906476,21470.0,0.593533947850254,35374.595199280615,0.00018394670217656179,39.55842879175856,51.42595742928613,10.0,23.0,1.8394670217656178e-05,66.64897422470429
,,,,,46038.41565431076,21480.0,0.5937178945524306,35414.16588793138,0.00018394670217656179,39.57068865077065,51.44189524600184,10.0,23.0,1.8394670217656178e-05,66.64897422470429
,,,,,46089.87348737348,21490.0,0.5939018412546072,35453.74883644117,0.00018394670217656179,39.58294850978273,51.457833062717555,10.0,23.0,1.8394670217656178e-05,66.64897422470429
,,,,,46141.347258252914,21500.0,0.5940857879567838,35493.344044809965,0.00018394670217656179,39.59520836879482,51.47377087943327,10.0,23.0,1.8394670217656178e-05,66.64897422470429
,,,,,46192.836966949064,21510.0,0.5942697346589604,35532.95151303777,0.00018394670217656179,39.607468227806905,51.48970869614898,10.0,23.0,1.8394670217656178e-05,66.64897422470429
,,,,,46244.34261346193,21520.0,0.594453681361137,35572.57124112459,0.00018394670217656179,39.619728086818995,51.50564651286469,10.0,23.0,1.8394670217656178e-05,66.64897422470429
,,,,,46295.86419779151,21530.0,0.5946376280633136,35612.20322907042,0.00018394670217656179,39.63198794583108,51.521584329580406,10.0,23.0,1.8394670217656178e-05,66.64897422470429
,,,,,46347.40171993781,21540.0,0.5948215747654901,35651.847476875264,0.00018394670217656179,39.64424780484317,51.53752214629612,10.0,23.0,1.8394670217656178e-05,66.64897422470429
,,,,,46398.95517990082,21550.0,0.5950055214676667,35691.50398453912,0.00018394670217656179,39.65650766385525,51.553459963011825,10.0,23.0,1.8394670217656178e-05,66.64897422470429
,,,,,46450.524577680546,21560.0,0.5951894681698433,35731.17275206199,0.00018394670217656179,39.66876752286734,51.569397779727545,10.0,23.0,1.8394670217656178e-05,66.64897422470429
,,,,,46502.10991327699,21570.0,0.5953734148720199,35770.85377944387,0.00018394670217656179,39.681027381879424,51.58533559644325,10.0,23.0,1.8394670217656178e-05,66.64897422470429
,,,,,46553.71118669015,21580.0,0.5955573615741965,35810.54706668476,0.00018394670217656179,39.693287240891515,51.60127341315897,10.0,23.0,1.8394670217656178e-05,66.64897422470429
,,,,,46605.32839792002,21590.0,0.5957413082763731,35850.252613784665,0.00018394670217656179,39.7055470999036,51.61721122987468,10.0,23.0,1.8394670217656178e-05,66.64897422470429
,,,,,46656.96154696661,21600.0,0.5959252549785496,35889.97042074358,0.00018394670217656179,39.71780695891569,51.6331490465904,10.0,23.0,1.8394670217656178e-05,66.64897422470429
,,,,,46708.610633829914,21610.0,0.5961092016807262,35929.70048756151,0.00018394670217656179,39.73006681792777,51.6490868633061,10.0,23.0,1.8394670217656178e-05,66.64897422470429
,,,,,46760.275658509934,21620.0,0.5962931483829028,35969.44281423845,0.00018394670217656179,39.74232667693986,51.66502468002182,10.0,23.0,1.8394670217656178e-05,66.64897422470429
,,,,,46811.95662100667,21630.0,0.5964770950850794,36009.1974007744,0.00018394670217656179,39.754586535951944,51.68096249673753,10.0,23.0,1.8394670217656178e-05,66.64897422470429
,,,,,46863.65352132012,21640.0,0.596661041787256,36048.964247169366,0.00018394670217656179,39.766846394964034,51.69690031345325,10.0,23.0,1.8394670217656178e-05,66.64897422470429
,,,,,46915.36635945029,21650.0,0.5968449884894326,36088.74335342334,0.00018394670217656179,39.77910625397612,51.712838130168954,10.0,23.0,1.8394670217656178e-05,66.64897422470429
,,,,,46967.09513539717,21660.0,0.5970289351916092,36128.53471953633,0.00018394670217656179,39.79136611298821,51.728775946884674,10.0,23.0,1.8394670217656178e-05,66.64897422470429
,,,,,47018.839849160766,21670.0,0.5972128818937857,36168.33834550833,0.00018394670217656179,39.80362597200029,51.74471376360038,10.0,23.0,1.8394670217656178e-05,66.64897422470429
,,,,,47070.60050074108,21680.0,0.5973968285959623,36208.154231339344,0.00018394670217656179,39.81588583101238,51.76065158031609,10.0,23.0,1.8394670217656178e-05,66.64897422470429
,,,,,47122.377090138114,21690.0,0.5975807752981389,36247.982377029366,0.00018394670217656179,39.82814569002446,51.776589397031806,10.0,23.0,1.8394670217656178e-05,66.64897422470429
,,,,,47174.169617351865,21700.0,0.5977647220003155,36287.822782578405,0.00018394670217656179,39.840405549036554,51.79252721374752,10.0,23.0,1.8394670217656178e-05,66.64897422470429
,,,,,47225.97808238233,21710.0,0.5979486687024921,36327.675447986454,0.00018394670217656179,39.85266540804864,51.80846503046323,10.0,23.0,1.8394670217656178e-05,66.64897422470429
,,,,,47277.80248522951,21720.0,0.5981326154046687,36367.54037325351,0.00018394670217656179,39.86492526706073,51.824402847178945,10.0,23.0,1.8394670217656178e-05,66.64897422470429
,,,,,47329.64282589341,21730.0,0.5983165621068453,36407.41755837959,0.00018394670217656179,39.87718512607281,51.84034066389466,10.0,23.0,1.8394670217656178e-05,66.64897422470429
,,,,,47381.49910437402,21740.0,0.5985005088090218,36447.30700336467,0.00018394670217656179,39.8894449850849,51.85627848061037,10.0,23.0,1.8394670217656178e-05,66.64897422470429
,,,,,47433.37132067135,21750.0,0.5986844555111984,36487.20870820877,0.00018394670217656179,39.90170484409698,51.87221629732608,10.0,23.0,1.8394670217656178e-05,66.64897422470429
,,,,,47485.259474785395,21760.0,0.598868402213375,36527.12267291188,0.00018394670217656179,39.91396470310907,51.8881541140418,10.0,23.0,1.8394670217656178e-05,66.64897422470429
,,,,,47537.16356671615,21770.0,0.5990523489155516,36567.048897474,0.00018394670217656179,39.926224562121156,51.9040919307575,10.0,23.0,1.8394670217656178e-05,66.64897422470429
,,,,,47589.08359646363,21780.0,0.5992362956177282,36606.98738189513,0.00018394670217656179,39.938484421133246,51.92002974747322,10.0,23.0,1.8394670217656178e-05,66.64897422470429
,,,,,47641.01956402782,21790.0,0.5994202423199048,36646.93812617528,0.00018394670217656179,39.95074428014533,51.93596756418893,10.0,23.0,1.8394670217656178e-05,66.64897422470429
,,,,,47692.97146940872,21800.0,0.5996041890220813,36686.901130314436,0.00018394670217656179,39.96300413915742,51.95190538090465,10.0,23.0,1.8394670217656178e-05,66.64897422470429
,,,,,47744.939312606344,21810.0,0.5997881357242579,36726.8763943126,0.00018394670217656179,39.9752639981695,51.967843197620354,10.0,23.0,1.8394670217656178e-05,66.64897422470429
,,,,,47796.92309362068,21820.0,0.5999720824264345,36766.86391816979,0.00018394670217656179,39.98752385718159,51.983781014336074,10.0,23.0,1.8394670217656178e-05,66.64897422470429
,,,,,47848.92281245173,21830.0,0.6001560291286111,36806.86370188598,0.00018394670217656179,39.999783716193676,51.99971883105178,10.0,23.0,1.8394670217656178e-05,66.64897422470429
,,,,,47900.9384690995,21840.0,0.6003399758307877,36846.875745461184,0.00018394670217656179,40.012043575205766,52.0156566477675,10.0,23.0,1.8394670217656178e-05,66.64897422470429
,,,,,47952.97006356398,21850.0,0.6005239225329643,36886.900048895404,0.00018394670217656179,40.02430343421785,52.031594464483206,10.0,23.0,1.8394670217656178e-05,66.64897422470429
,,,,,48005.01759584518,21860.0,0.6007078692351409,36926.936612188634,0.00018394670217656179,40.03656329322994,52.047532281198926,10.0,23.0,1.8394670217656178e-05,66.64897422470429
,,,,,48057.08106594309,21870.0,0.6008918159373174,36966.985435340874,0.00018394670217656179,40.04882315224202,52.06347009791463,10.0,23.0,1.8394670217656178e-05,66.64897422470429
,,,,,48109.16047385772,21880.0,0.601075762639494,37007.04651835213,0.00018394670217656179,40.06108301125411,52.079407914630345,10.0,23.0,1.8394670217656178e-05,66.64897422470429
,,,,,48161.25581958907,21890.0,0.6012597093416706,37047.119861222396,0.00018394670217656179,40.073342870266195,52.09534573134606,10.0,23.0,1.8394670217656178e-05,66.64897422470429
,,,,,48213.36710313713,21900.0,0.6014436560438472,37087.20546395167,0.00018394670217656179,40.085602729278285,52.11128354806177,10.0,23.0,1.8394670217656178e-05,66.64897422470429
,,,,,48265.4943245019,21910.0,0.6016276027460238,37127.303326539964,0.00018394670217656179,40.09786258829037,52.12722136477748,10.0,23.0,1.8394670217656178e-05,66.64897422470429
,,,,,48317.63748368339,21920.0,0.6018115494482004,37167.41344898727,0.00018394670217656179,40.11012244730246,52.143159181493196,10.0,23.0,1.8394670217656178e-05,66.64897422470429
,,,,,48369.7965806816,21930.0,0.601995496150377,37207.53583129358,0.00018394670217656179,40.12238230631454,52.15909699820891,10.0,23.0,1.8394670217656178e-05,66.64897422470429
,,,,,48421.97161549652,21940.0,0.6021794428525535,37247.67047345891,0.00018394670217656179,40.13464216532663,52.17503481492462,10.0,23.0,1.8394670217656178e-05,66.64897422470429
,,,,,48474.16258812816,21950.0,0.6023633895547301,37287.817375483246,0.00018394670217656179,40.146902024338715,52.19097263164033,10.0,23.0,1.8394670217656178e-05,66.64897422470429
,,,,,48526.36949857651,21960.0,0.6025473362569067,37327.976537366594,0.00018394670217656179,40.159161883350805,52.20691044835605,10.0,23.0,1.8394670217656178e-05,66.64897422470429
,,,,,48578.592346841586,21970.0,0.6027312829590833,37368.14795910896,0.00018394670217656179,40.17142174236289,52.222848265071754,10.0,23.0,1.8394670217656178e-05,66.64897422470429
,,,,,48630.83113292338,21980.0,0.6029152296612599,37408.331640710334,0.00018394670217656179,40.18368160137498,52.238786081787474,10.0,23.0,1.8394670217656178e-05,66.64897422470429
,,,,,48683.08585682188,21990.0,0.6030991763634365,37448.52758217072,0.00018394670217656179,40.19594146038706,52.25472389850318,10.0,23.0,1.8394670217656178e-05,66.64897422470429
,,,,,48735.356518537104,22000.0,0.603283123065613,37488.73578349012,0.00018394670217656179,40.20820131939915,52.2706617152189,10.0,23.0,1.8394670217656178e-05,66.64897422470429
,,,,,48787.64311806904,22010.0,0.6034670697677896,37528.95624466853,0.00018394670217656179,40.220461178411234,52.286599531934606,10.0,23.0,1.8394670217656178e-05,66.64897422470429
,,,,,48839.945655417694,22020.0,0.6036510164699662,37569.18896570595,0.00018394670217656179,40.232721037423325,52.302537348650326,10.0,23.0,1.8394670217656178e-05,66.64897422470429
,,,,,48892.26413058306,22030.0,0.6038349631721428,37609.43394660239,0.00018394670217656179,40.24498089643541,52.31847516536603,10.0,23.0,1.8394670217656178e-05,66.64897422470429
,,,,,48944.598543565146,22040.0,0.6040189098743194,37649.691187357836,0.00018394670217656179,40.2572407554475,52.33441298208175,10.0,23.0,1.8394670217656178e-05,66.64897422470429
,,,,,48975.14640508989,22050.0,0.6040520208967565,37673.189542376866,3.31110224370807e-05,23.49835501902905,30.547861524737765,10.0,88.0,3.3111022437080697e-06,38.90121083304073
,,,,,49005.69594109115,22060.0,0.6040851319191936,37696.68918545476,3.31110224370807e-05,23.49964307789377,30.5495360012619,10.0,88.0,3.3111022437080697e-06,38.90121083304073
,,,,,49036.24715156894,22070.0,0.6041182429416306,37720.19011659152,3.31110224370807e-05,23.500931136758492,30.55121047778604,10.0,88.0,3.3111022437080697e-06,38.90121083304073
,,,,,49066.80003652325,22080.0,0.6041513539640677,37743.69233578714,3.31110224370807e-05,23.502219195623216,30.55288495431018,10.0,88.0,3.3111022437080697e-06,38.90121083304073
,,,,,49097.354595954086,22090.0,0.6041844649865048,37767.19584304163,3.31110224370807e-05,23.50350725448794,30.55455943083432,10.0,88.0,3.3111022437080697e-06,38.90121083304073
,,,,,49127.910829861445,22100.0,0.6042175760089419,37790.70063835498,3.31110224370807e-05,23.50479531335266,30.556233907358457,10.0,88.0,3.3111022437080697e-06,38.90121083304073
,,,,,49158.46873824533,22110.0,0.604250687031379,37814.2067217272,3.31110224370807e-05,23.506083372217383,30.557908383882598,10.0,88.0,3.3111022437080697e-06,38.90121083304073
,,,,,49189.02832110573,22120.0,0.604283798053816,37837.71409315828,3.31110224370807e-05,23.507371431082106,30.55958286040674,10.0,88.0,3.3111022437080697e-06,38.90121083304073
,,,,,49219.58957844266,22130.0,0.6043169090762531,37861.22275264823,3.31110224370807e-05,23.508659489946826,30.561257336930876,10.0,88.0,3.3111022437080697e-06,38.90121083304073
,,,,,49250.15251025611,22140.0,0.6043500200986902,37884.73270019704,3.31110224370807e-05,23.50994754881155,30.562931813455016,10.0,88.0,3.3111022437080697e-06,38.90121083304073
,,,,,49280.71711654609,22150.0,0.6043831311211273,37908.24393580472,3.31110224370807e-05,23.511235607676273,30.564606289979157,10.0,88.0,3.3111022437080697e-06,38.90121083304073
,,,,,49311.283397312596,22160.0,0.6044162421435644,37931.75645947126,3.31110224370807e-05,23.512523666540996,30.566280766503297,10.0,88.0,3.3111022437080697e-06,38.90121083304073
,,,,,49341.85135255563,22170.0,0.6044493531660015,37955.27027119666,3.31110224370807e-05,23.513811725405716,30.56795524302743,10.0,88.0,3.3111022437080697e-06,38.90121083304073
,,,,,49372.42098227518,22180.0,0.6044824641884385,37978.785370980935,3.31110224370807e-05,23.51509978427044,30.56962971955157,10.0,88.0,3.3111022437080697e-06,38.90121083304073
,,,,,49402.99228647126,22190.0,0.6045155752108756,38002.30175882407,3.31110224370807e-05,23.516387843135163,30.57130419607571,10.0,88.0,3.3111022437080697e-06,38.90121083304073
,,,,,49433.56526514386,22200.0,0.6045486862333127,38025.81943472607,3.31110224370807e-05,23.517675901999883,30.57297867259985,10.0,88.0,3.3111022437080697e-06,38.90121083304073
,,,,,49464.13991829298,22210.0,0.6045817972557498,38049.33839868694,3.31110224370807e-05,23.518963960864607,30.57465314912399,10.0,88.0,3.3111022437080697e-06,38.90121083304073
,,,,,49494.71624591863,22220.0,0.6046149082781869,38072.858650706665,3.31110224370807e-05,23.52025201972933,30.57632762564813,10.0,88.0,3.3111022437080697e-06,38.90121083304073
,,,,,49525.2942480208,22230.0,0.604648019300624,38096.38019078526,3.31110224370807e-05,23.521540078594054,30.57800210217227,10.0,88.0,3.3111022437080697e-06,38.90121083304073
,,,,,49555.873924599495,22240.0,0.604681130323061,38119.90301892272,3.31110224370807e-05,23.522828137458774,30.579676578696407,10.0,88.0,3.3111022437080697e-06,38.90121083304073
,,,,,49586.45527565471,22250.0,0.6047142413454981,38143.42713511904,3.31110224370807e-05,23.524116196323497,30.581351055220548,10.0,88.0,3.3111022437080697e-06,38.90121083304073
,,,,,49617.038301186454,22260.0,0.6047473523679352,38166.95253937423,3.31110224370807e-05,23.52540425518822,30.58302553174469,10.0,88.0,3.3111022437080697e-06,38.90121083304073
,,,,,49647.62300119473,22270.0,0.6047804633903723,38190.47923168828,3.31110224370807e-05,23.52669231405294,30.584700008268825,10.0,88.0,3.3111022437080697e-06,38.90121083304073
,,,,,49678.20937567952,22280.0,0.6048135744128094,38214.0072120612,3.31110224370807e-05,23.527980372917664,30.586374484792966,10.0,88.0,3.3111022437080697e-06,38.90121083304073
,,,,,49708.79742464084,22290.0,0.6048466854352464,38237.536480492985,3.31110224370807e-05,23.529268431782388,30.588048961317106,10.0,88.0,3.3111022437080697e-06,38.90121083304073
,,,,,49739.387148078684,22300.0,0.6048797964576835,38261.06703698363,3.31110224370807e-05,23.53055649064711,30.589723437841247,10.0,88.0,3.3111022437080697e-06,38.90121083304073
,,,,,49769.97854599305,22310.0,0.6049129074801206,38284.598881533144,3.31110224370807e-05,23.53184454951183,30.59139791436538,10.0,88.0,3.3111022437080697e-06,38.90121083304073
,,,,,49800.57161838394,22320.0,0.6049460185025577,38308.13201414152,3.31110224370807e-05,23.533132608376555,30.59307239088952,10.0,88.0,3.3111022437080697e-06,38.90121083304073
,,,,,49831.16636525135,22330.0,0.6049791295249948,38331.66643480876,3.31110224370807e-05,23.534420667241278,30.59474686741366,10.0,88.0,3.3111022437080697e-06,38.90121083304073
,,,,,49861.76278659529,22340.0,0.6050122405474319,38355.202143534865,3.31110224370807e-05,23.535708726105998,30.5964213439378,10.0,88.0,3.3111022437080697e-06,38.90121083304073
,,,,,49892.36088241575,22350.0,0.6050453515698689,38378.739140319834,3.31110224370807e-05,23.53699678497072,30.59809582046194,10.0,88.0,3.3111022437080697e-06,38.90121083304073
,,,,,49922.96065271273,22360.0,0.605078462592306,38402.27742516367,3.31110224370807e-05,23.538284843835445,30.59977029698608,10.0,88.0,3.3111022437080697e-06,38.90121083304073
,,,,,49953.56209748624,22370.0,0.6051115736147431,38425.81699806637,3.31110224370807e-05,23.53957290270017,30.60144477351022,10.0,88.0,3.3111022437080697e-06,38.90121083304073
,,,,,49984.16521673628,22380.0,0.6051446846371802,38449.357859027936,3.31110224370807e-05,23.54086096156489,30.603119250034357,10.0,88.0,3.3111022437080697e-06,38.90121083304073
,,,,,50014.77001046284,22390.0,0.6051777956596173,38472.90000804837,3.31110224370807e-05,23.542149020429612,30.604793726558498,10.0,88.0,3.3111022437080697e-06,38.90121083304073
,,,,,50045.37647866592,22400.0,0.6052109066820544,38496.44344512766,3.31110224370807e-05,23.543437079294335,30.60646820308264,10.0,88.0,3.3111022437080697e-06,38.90121083304073
,,,,,50075.98462134553,22410.0,0.6052440177044914,38519.98817026582,3.31110224370807e-05,23.544725138159055,30.60814267960677,10.0,88.0,3.3111022437080697e-06,38.90121083304073
,,,,,50106.59443850166,22420.0,0.6052771287269285,38543.53418346284,3.31110224370807e-05,23.54601319702378,30.609817156130912,10.0,88.0,3.3111022437080697e-06,38.90121083304073
,,,,,50137.20593013432,22430.0,0.6053102397493656,38567.08148471873,3.31110224370807e-05,23.547301255888502,30.611491632655053,10.0,88.0,3.3111022437080697e-06,38.90121083304073
,,,,,50167.8190962435,22440.0,0.6053433507718027,38590.630074033485,3.31110224370807e-05,23.548589314753226,30.613166109179193,10.0,88.0,3.3111022437080697e-06,38.90121083304073
,,,,,50198.4339368292,22450.0,0.6053764617942398,38614.1799514071,3.31110224370807e-05,23.549877373617946,30.61484058570333,10.0,88.0,3.3111022437080697e-06,38.90121083304073
,,,,,50229.050451891424,22460.0,0.6054095728166768,38637.73111683958,3.31110224370807e-05,23.55116543248267,30.61651506222747,10.0,88.0,3.3111022437080697e-06,38.90121083304073
,,,,,50259.66864143017,22470.0,0.6054426838391139,38661.28357033093,3.31110224370807e-05,23.552453491347393,30.61818953875161,10.0,88.0,3.3111022437080697e-06,38.90121083304073
,,,,,50290.288505445445,22480.0,0.605475794861551,38684.83731188114,3.31110224370807e-05,23.553741550212113,30.61986401527575,10.0,88.0,3.3111022437080697e-06,38.90121083304073
,,,,,50320.91004393725,22490.0,0.6055089058839881,38708.39234149022,3.31110224370807e-05,23.555029609076836,30.62153849179989,10.0,88.0,3.3111022437080697e-06,38.90121083304073
,,,,,50351.533256905575,22500.0,0.6055420169064252,38731.94865915816,3.31110224370807e-05,23.55631766794156,30.62321296832403,10.0,88.0,3.3111022437080697e-06,38.90121083304073
,,,,,50382.158144350426,22510.0,0.6055751279288623,38755.50626488496,3.31110224370807e-05,23.557605726806283,30.62488744484817,10.0,88.0,3.3111022437080697e-06,38.90121083304073
,,,,,50412.7847062718,22520.0,0.6056082389512993,38779.06515867064,3.31110224370807e-05,23.558893785671003,30.626561921372303,10.0,88.0,3.3111022437080697e-06,38.90121083304073
,,,,,50443.412942669696,22530.0,0.6056413499737364,38802.62534051517,3.31110224370807e-05,23.560181844535727,30.628236397896444,10.0,88.0,3.3111022437080697e-06,38.90121083304073
,,,,,50474.04285354412,22540.0,0.6056744609961735,38826.18681041857,3.31110224370807e-05,23.56146990340045,30.629910874420585,10.0,88.0,3.3111022437080697e-06,38.90121083304073
,,,,,50504.67443889506,22550.0,0.6057075720186106,38849.74956838084,3.31110224370807e-05,23.56275796226517,30.63158535094472,10.0,88.0,3.3111022437080697e-06,38.90121083304073
,,,,,50535.30769872253,22560.0,0.6057406830410477,38873.313614401966,3.31110224370807e-05,23.564046021129894,30.633259827468862,10.0,88.0,3.3111022437080697e-06,38.90121083304073
,,,,,50565.94263302652,22570.0,0.6057737940634847,38896.878948481964,3.31110224370807e-05,23.565334079994617,30.634934303993003,10.0,88.0,3.3111022437080697e-06,38.90121083304073
,,,,,50596.579241807034,22580.0,0.6058069050859218,38920.445570620825,3.31110224370807e-05,23.56662213885934,30.636608780517143,10.0,88.0,3.3111022437080697e-06,38.90121083304073
,,,,,50627.21752506407,22590.0,0.6058400161083589,38944.01348081855,3.31110224370807e-05,23.56791019772406,30.63828325704128,10.0,88.0,3.3111022437080697e-06,38.90121083304073
,,,,,50657.85748279764,22600.0,0.605873127130796,38967.58267907514,3.31110224370807e-05,23.569198256588784,30.63995773356542,10.0,88.0,3.3111022437080697e-06,38.90121083304073
,,,,,50688.49911500773,22610.0,0.6059062381532331,38991.15316539059,3.31110224370807e-05,23.570486315453508,30.64163221008956,10.0,88.0,3.3111022437080697e-06,38.90121083304073
,,,,,50901.00706760169,22620.0,0.6060160976522709,39154.6208212321,0.00010985949903787331,163.46765584150714,212.5079525939593,10.0,33.0,1.0985949903787331e-05,269.74144164616575
,,,,,51113.553543953196,22630.0,0.6061259571513088,39318.11811073326,0.00010985949903787331,163.49728950115613,212.54647635150297,10.0,33.0,1.0985949903787331e-05,269.74144164616575
,,,,,51326.13854406224,22640.0,0.6062358166503466,39481.64503389406,0.00010985949903787331,163.52692316080513,212.58500010904666,10.0,33.0,1.0985949903787331e-05,269.74144164616575
,,,,,51538.76206792883,22650.0,0.6063456761493845,39645.20159071452,0.00010985949903787331,163.55655682045412,212.62352386659038,10.0,33.0,1.0985949903787331e-05,269.74144164616575
,,,,,51751.42411555297,22660.0,0.6064555356484224,39808.787781194624,0.00010985949903787331,163.5861904801031,212.66204762413406,10.0,33.0,1.0985949903787331e-05,269.74144164616575
,,,,,51964.12468693464,22670.0,0.6065653951474602,39972.40360533437,0.00010985949903787331,163.6158241397521,212.70057138167775,10.0,33.0,1.0985949903787331e-05,269.74144164616575
,,,,,52176.863782073866,22680.0,0.6066752546464981,40136.049063133774,0.00010985949903787331,163.6454577994011,212.73909513922143,10.0,33.0,1.0985949903787331e-05,269.74144164616575
,,,,,52389.64140097063,22690.0,0.6067851141455359,40299.72415459283,0.00010985949903787331,163.6750914590501,212.77761889676512,10.0,33.0,1.0985949903787331e-05,269.74144164616575
,,,,,52602.457543624936,22700.0,0.6068949736445738,40463.42887971152,0.00010985949903787331,163.70472511869912,212.81614265430886,10.0,33.0,1.0985949903787331e-05,269.74144164616575
,,,,,52815.31221003679,22710.0,0.6070048331436116,40627.16323848987,0.00010985949903787331,163.7343587783481,212.85466641185255,10.0,33.0,1.0985949903787331e-05,269.74144164616575
,,,,,53028.205400206185,22720.0,0.6071146926426495,40790.92723092787,0.00010985949903787331,163.7639924379971,212.89319016939623,10.0,33.0,1.0985949903787331e-05,269.74144164616575
,,,,,53241.137114133126,22730.0,0.6072245521416874,40954.72085702552,0.00010985949903787331,163.7936260976461,212.93171392693992,10.0,33.0,1.0985949903787331e-05,269.74144164616575
,,,,,53454.10735181761,22740.0,0.6073344116407252,41118.54411678281,0.00010985949903787331,163.8232597572951,212.97023768448364,10.0,33.0,1.0985949903787331e-05,269.74144164616575
,,,,,53667.11611325964,22750.0,0.6074442711397631,41282.397010199755,0.00010985949903787331,163.85289341694408,213.00876144202732,10.0,33.0,1.0985949903787331e-05,269.74144164616575
,,,,,53880.16339845921,22760.0,0.6075541306388009,41446.27953727635,0.00010985949903787331,163.88252707659308,213.047285199571,10.0,33.0,1.0985949903787331e-05,269.74144164616575
,,,,,54093.249207416324,22770.0,0.6076639901378388,41610.19169801259,0.00010985949903787331,163.91216073624207,213.0858089571147,10.0,33.0,1.0985949903787331e-05,269.74144164616575
,,,,,54306.37354013098,22780.0,0.6077738496368766,41774.13349240848,0.00010985949903787331,163.94179439589107,213.12433271465838,10.0,33.0,1.0985949903787331e-05,269.74144164616575
,,,,,54519.53639660319,22790.0,0.6078837091359145,41938.10492046402,0.00010985949903787331,163.9714280555401,213.16285647220212,10.0,33.0,1.0985949903787331e-05,269.74144164616575
,,,,,54732.73777683293,22800.0,0.6079935686349524,42102.10598217921,0.00010985949903787331,164.00106171518908,213.2013802297458,10.0,33.0,1.0985949903787331e-05,269.74144164616575
,,,,,54945.97768082022,22810.0,0.6081034281339902,42266.136677554045,0.00010985949903787331,164.03069537483807,213.2399039872895,10.0,33.0,1.0985949903787331e-05,269.74144164616575
,,,,,55159.25610856505,22820.0,0.6082132876330281,42430.19700658853,0.00010985949903787331,164.06032903448707,213.2784277448332,10.0,33.0,1.0985949903787331e-05,269.74144164616575
,,,,,55372.57306006743,22830.0,0.6083231471320659,42594.28696928267,0.00010985949903787331,164.08996269413606,213.3169515023769,10.0,33.0,1.0985949903787331e-05,269.74144164616575
,,,,,55585.92853532735,22840.0,0.6084330066311038,42758.406565636455,0.00010985949903787331,164.11959635378506,213.35547525992058,10.0,33.0,1.0985949903787331e-05,269.74144164616575
,,,,,55799.322534344814,22850.0,0.6085428661301416,42922.55579564989,0.00010985949903787331,164.14923001343405,213.39399901746427,10.0,33.0,1.0985949903787331e-05,269.74144164616575
,,,,,56012.75505711982,22860.0,0.6086527256291795,43086.734659322974,0.00010985949903787331,164.17886367308304,213.43252277500795,10.0,33.0,1.0985949903787331e-05,269.74144164616575
,,,,,56226.22610365238,22870.0,0.6087625851282173,43250.9431566557,0.00010985949903787331,164.20849733273207,213.4710465325517,10.0,33.0,1.0985949903787331e-05,269.74144164616575
,,,,,56439.73567394247,22880.0,0.6088724446272552,43415.18128764808,0.00010985949903787331,164.23813099238106,213.50957029009538,10.0,33.0,1.0985949903787331e-05,269.74144164616575
,,,,,56653.28376799011,22890.0,0.6089823041262931,43579.449052300115,0.00010985949903787331,164.26776465203005,213.54809404763907,10.0,33.0,1.0985949903787331e-05,269.74144164616575
,,,,,56866.87038579529,22900.0,0.6090921636253309,43743.7464506118,0.00010985949903787331,164.29739831167905,213.58661780518275,10.0,33.0,1.0985949903787331e-05,269.74144164616575
,,,,,57080.49552735802,22910.0,0.6092020231243688,43908.073482583124,0.00010985949903787331,164.32703197132804,213.62514156272647,10.0,33.0,1.0985949903787331e-05,269.74144164616575
,,,,,57294.15919267829,22920.0,0.6093118826234066,44072.4301482141,0.00010985949903787331,164.35666563097703,213.66366532027016,10.0,33.0,1.0985949903787331e-05,269.74144164616575
,,,,,57507.861381756105,22930.0,0.6094217421224445,44236.81644750473,0.00010985949903787331,164.38629929062603,213.70218907781384,10.0,33.0,1.0985949903787331e-05,269.74144164616575
,,,,,57721.602094591464,22940.0,0.6095316016214823,44401.232380455,0.00010985949903787331,164.41593295027502,213.74071283535753,10.0,33.0,1.0985949903787331e-05,269.74144164616575
,,,,,57935.38133118436,22950.0,0.6096414611205202,44565.67794706493,0.00010985949903787331,164.44556660992401,213.7792365929012,10.0,33.0,1.0985949903787331e-05,269.74144164616575
,,,,,58149.19909153481,22960.0,0.6097513206195581,44730.1531473345,0.00010985949903787331,164.47520026957304,213.81776035044496,10.0,33.0,1.0985949903787331e-05,269.74144164616575
,,,,,58363.0553756428,22970.0,0.6098611801185959,44894.65798126372,0.00010985949903787331,164.50483392922203,213.85628410798864,10.0,33.0,1.0985949903787331e-05,269.74144164616575
,,,,,58576.95018350833,22980.0,0.6099710396176338,45059.19244885259,0.00010985949903787331,164.53446758887102,213.89480786553233,10.0,33.0,1.0985949903787331e-05,269.74144164616575
,,,,,58790.883515131405,22990.0,0.6100808991166716,45223.75655010111,0.00010985949903787331,164.56410124852002,213.93333162307604,10.0,33.0,1.0985949903787331e-05,269.74144164616575
,,,,,59004.85537051203,23000.0,0.6101907586157095,45388.350285009285,0.00010985949903787331,164.593734908169,213.97185538061973,10.0,33.0,1.0985949903787331e-05,269.74144164616575
,,,,,59218.86574965019,23010.0,0.6103006181147473,45552.9736535771,0.00010985949903787331,164.623368567818,214.01037913816342,10.0,33.0,1.0985949903787331e-05,269.74144164616575
,,,,,59432.9146525459,23020.0,0.6104104776137852,45717.62665580457,0.00010985949903787331,164.653002227467,214.0489028957071,10.0,33.0,1.0985949903787331e-05,269.74144164616575
,,,,,59647.00207919915,23030.0,0.610520337112823,45882.30929169169,0.00010985949903787331,164.682635887116,214.0874266532508,10.0,33.0,1.0985949903787331e-05,269.74144164616575
,,,,,59732.169718675505,23040.0,0.6106143033216533,45947.82286051965,9.396620883026356e-05,65.51356882796561,85.1676394763553,10.0,61.0,9.396620883026356e-06,107.29124501601304
,,,,,59817.350464428855,23050.0,0.6107082695304836,46013.34651109915,9.396620883026356e-05,65.52365057950044,85.18074575335058,10.0,61.0,9.396620883026356e-06,107.29124501601304
,,,,,59902.5443164592,23060.0,0.6108022357393139,46078.88024343019,9.396620883026356e-05,65.53373233103528,85.19385203034587,10.0,61.0,9.396620883026356e-06,107.29124501601304
,,,,,59987.75127476654,23070.0,0.6108962019481442,46144.42405751276,9.396620883026356e-05,65.54381408257012,85.20695830734117,10.0,61.0,9.396620883026356e-06,107.29124501601304
,,,,,60072.97133935087,23080.0,0.6109901681569745,46209.97795334687,9.396620883026356e-05,65.55389583410495,85.22006458433644,10.0,61.0,9.396620883026356e-06,107.29124501601304
,,,,,60158.20451021221,23090.0,0.6110841343658048,46275.54193093251,9.396620883026356e-05,65.56397758563979,85.23317086133173,10.0,61.0,9.396620883026356e-06,107.29124501601304
,,,,,60243.450787350535,23100.0,0.6111781005746351,46341.11599026968,9.396620883026356e-05,65.57405933717463,85.24627713832703,10.0,61.0,9.396620883026356e-06,107.29124501601304
,,,,,60328.71017076586,23110.0,0.6112720667834654,46406.70013135839,9.396620883026356e-05,65.58414108870946,85.2593834153223,10.0,61.0,9.396620883026356e-06,107.29124501601304
,,,,,60413.982660458176,23120.0,0.6113660329922956,46472.29435419863,9.396620883026356e-05,65.5942228402443,85.27248969231759,10.0,61.0,9.396620883026356e-06,107.29124501601304
,,,,,60499.26825642749,23130.0,0.6114599992011259,46537.89865879041,9.396620883026356e-05,65.60430459177914,85.28559596931288,10.0,61.0,9.396620883026356e-06,107.29124501601304
,,,,,60584.56695867379,23140.0,0.6115539654099562,46603.513045133725,9.396620883026356e-05,65.61438634331397,85.29870224630817,10.0,61.0,9.396620883026356e-06,107.29124501601304
,,,,,60669.87876719709,23150.0,0.6116479316187865,46669.137513228576,9.396620883026356e-05,65.62446809484881,85.31180852330345,10.0,61.0,9.396620883026356e-06,107.29124501601304
,,,,,60755.203681997395,23160.0,0.6117418978276168,46734.77206307496,9.396620883026356e-05,65.63454984638365,85.32491480029874,10.0,61.0,9.396620883026356e-06,107.29124501601304
,,,,,60840.54170307469,23170.0,0.6118358640364471,46800.41669467288,9.396620883026356e-05,65.64463159791848,85.33802107729402,10.0,61.0,9.396620883026356e-06,107.29124501601304
,,,,,60925.89283042898,23180.0,0.6119298302452774,46866.07140802233,9.396620883026356e-05,65.65471334945332,85.35112735428932,10.0,61.0,9.396620883026356e-06,107.29124501601304
,,,,,61011.257064060264,23190.0,0.6120237964541076,46931.73620312332,9.396620883026356e-05,65.66479510098816,85.3642336312846,10.0,61.0,9.396620883026356e-06,107.29124501601304
,,,,,61096.63440396854,23200.0,0.6121177626629379,46997.41107997584,9.396620883026356e-05,65.67487685252298,85.37733990827988,10.0,61.0,9.396620883026356e-06,107.29124501601304
,,,,,61182.024850153815,23210.0,0.6122117288717682,47063.0960385799,9.396620883026356e-05,65.68495860405783,85.39044618527518,10.0,61.0,9.396620883026356e-06,107.29124501601304
,,,,,61267.42840261609,23220.0,0.6123056950805985,47128.79107893549,9.396620883026356e-05,65.69504035559267,85.40355246227047,10.0,61.0,9.396620883026356e-06,107.29124501601304
,,,,,61352.84506135536,23230.0,0.6123996612894288,47194.49620104262,9.396620883026356e-05,65.7051221071275,85.41665873926574,10.0,61.0,9.396620883026356e-06,107.29124501601304
,,,,,61430.53467866354,23240.0,0.6125282033291451,47254.25744512583,0.00012854203971635465,59.76124408321614,77.68961730818098,10.0,22.0,1.2854203971635464e-05,97.56488559777081
,,,,,61508.24059951794,23250.0,0.6126567453688615,47314.03123039845,0.00012854203971635465,59.77378527261558,77.70592085440025,10.0,22.0,1.2854203971635464e-05,97.56488559777081
,,,,,61585.96282391856,23260.0,0.6127852874085779,47373.817556860464,0.00012854203971635465,59.786326462015005,77.72222440061951,10.0,22.0,1.2854203971635464e-05,97.56488559777081
,,,,,61663.7013518654,23270.0,0.6129138294482942,47433.61642451188,0.00012854203971635465,59.79886765141443,77.73852794683877,10.0,22.0,1.2854203971635464e-05,97.56488559777081
,,,,,61741.45618335846,23280.0,0.6130423714880106,47493.42783335269,0.00012854203971635465,59.81140884081386,77.75483149305802,10.0,22.0,1.2854203971635464e-05,97.56488559777081
,,,,,61819.22731839774,23290.0,0.6131709135277269,47553.251783382904,0.00012854203971635465,59.8239500302133,77.77113503927728,10.0,22.0,1.2854203971635464e-05,97.56488559777081
,,,,,61897.01475698323,23300.0,0.6132994555674433,47613.088274602516,0.00012854203971635465,59.836491219612725,77.78743858549655,10.0,22.0,1.2854203971635464e-05,97.56488559777081
,,,,,61974.81849911495,23310.0,0.6134279976071596,47672.937307011525,0.00012854203971635465,59.84903240901215,77.80374213171581,10.0,22.0,1.2854203971635464e-05,97.56488559777081
,,,,,62052.638544792884,23320.0,0.613556539646876,47732.79888060994,0.00012854203971635465,59.86157359841158,77.82004567793506,10.0,22.0,1.2854203971635464e-05,97.56488559777081
,,,,,62130.47489401704,23330.0,0.6136850816865923,47792.67299539775,0.00012854203971635465,59.87411478781101,77.83634922415432,10.0,22.0,1.2854203971635464e-05,97.56488559777081
,,,,,62208.32754678741,23340.0,0.6138136237263087,47852.559651374955,0.00012854203971635465,59.886655977210445,77.85265277037358,10.0,22.0,1.2854203971635464e-05,97.56488559777081
,,,,,62286.196503104,23350.0,0.613942165766025,47912.458848541566,0.00012854203971635465,59.89919716660987,77.86895631659284,10.0,22.0,1.2854203971635464e-05,97.56488559777081
,,,,,62364.081762966816,23360.0,0.6140707078057414,47972.370586897574,0.00012854203971635465,59.9117383560093,77.88525986281209,10.0,22.0,1.2854203971635464e-05,97.56488559777081
,,,,,62441.98332637585,23370.0,0.6141992498454577,48032.294866442986,0.00012854203971635465,59.92427954540873,77.90156340903135,10.0,22.0,1.2854203971635464e-05,97.56488559777081
,,,,,62519.9011933311,23380.0,0.6143277918851741,48092.231687177795,0.00012854203971635465,59.936820734808165,77.91786695525062,10.0,22.0,1.2854203971635464e-05,97.56488559777081
,,,,,62597.835363832564,23390.0,0.6144563339248904,48152.181049102,0.00012854203971635465,59.949361924207594,77.93417050146988,10.0,22.0,1.2854203971635464e-05,97.56488559777081
,,,,,62675.785837880256,23400.0,0.6145848759646068,48212.14295221561,0.00012854203971635465,59.96190311360702,77.95047404768913,10.0,22.0,1.2854203971635464e-05,97.56488559777081
,,,,,62753.752615474164,23410.0,0.6147134180043231,48272.11739651862,0.00012854203971635465,59.97444430300645,77.96677759390839,10.0,22.0,1.2854203971635464e-05,97.56488559777081
,,,,,62831.73569661429,23420.0,0.6148419600440395,48332.10438201102,0.00012854203971635465,59.98698549240588,77.98308114012764,10.0,22.0,1.2854203971635464e-05,97.56488559777081
,,,,,62909.735081300634,23430.0,0.6149705020837558,48392.10390869283,0.00012854203971635465,59.999526681805314,77.99938468634691,10.0,22.0,1.2854203971635464e-05,97.56488559777081
,,,,,62987.7507695332,23440.0,0.6150990441234722,48452.11597656403,0.00012854203971635465,60.01206787120474,78.01568823256616,10.0,22.0,1.2854203971635464e-05,97.56488559777081
,,,,,63065.78276131199,23450.0,0.6152275861631885,48512.140585624635,0.00012854203971635465,60.02460906060417,78.03199177878543,10.0,22.0,1.2854203971635464e-05,97.56488559777081
,,,,,63281.5459451006,23460.0,0.6152991502696568,48678.112265462034,7.156410646824169e-05,165.971679837398,215.7631837886174,10.0,58.0,7.156410646824169e-06,269.74144164616575
,,,,,63497.33422383604,23470.0,0.615370714376125,48844.10324910468,7.156410646824169e-05,165.99098364264685,215.7882787354409,10.0,58.0,7.156410646824169e-06,269.74144164616575
,,,,,63713.147597518306,23480.0,0.6154422784825933,49010.11353655258,7.156410646824169e-05,166.01028744789573,215.81337368226446,10.0,58.0,7.156410646824169e-06,269.74144164616575
,,,,,63928.986066147394,23490.0,0.6155138425890615,49176.14312780572,7.156410646824169e-05,166.0295912531446,215.83846862908797,10.0,58.0,7.156410646824169e-06,269.74144164616575
,,,,,64144.84962972331,23500.0,0.6155854066955297,49342.19202286412,7.156410646824169e-05,166.04889505839344,215.86356357591148,10.0,58.0,7.156410646824169e-06,269.74144164616575
,,,,,64360.738288246044,23510.0,0.615656970801998,49508.26022172776,7.156410646824169e-05,166.06819886364232,215.88865852273503,10.0,58.0,7.156410646824169e-06,269.74144164616575
,,,,,64576.652041715606,23520.0,0.6157285349084662,49674.34772439665,7.156410646824169e-05,166.08750266889118,215.91375346955854,10.0,58.0,7.156410646824169e-06,269.74144164616575
,,,,,64792.590890131985,23530.0,0.6158000990149345,49840.45453087079,7.156410646824169e-05,166.10680647414006,215.9388484163821,10.0,58.0,7.156410646824169e-06,269.74144164616575
,,,,,65008.55483349519,23540.0,0.6158716631214027,50006.580641150176,7.156410646824169e-05,166.1261102793889,215.9639433632056,10.0,58.0,7.156410646824169e-06,269.74144164616575
,,,,,65224.54387180522,23550.0,0.615943227227871,50172.726055234816,7.156410646824169e-05,166.14541408463776,215.9890383100291,10.0,58.0,7.156410646824169e-06,269.74144164616575
,,,,,65440.55800506207,23560.0,0.6160147913343392,50338.8907731247,7.156410646824169e-05,166.16471788988665,216.01413325685266,10.0,58.0,7.156410646824169e-06,269.74144164616575
,,,,,65656.59723326574,23570.0,0.6160863554408075,50505.07479481984,7.156410646824169e-05,166.1840216951355,216.03922820367615,10.0,58.0,7.156410646824169e-06,269.74144164616575
,,,,,65872.66155641623,23580.0,0.6161579195472757,50671.278120320225,7.156410646824169e-05,166.20332550038438,216.0643231504997,10.0,58.0,7.156410646824169e-06,269.74144164616575
,,,,,66088.75097451356,23590.0,0.616229483653744,50837.500749625855,7.156410646824169e-05,166.22262930563323,216.0894180973232,10.0,58.0,7.156410646824169e-06,269.74144164616575
,,,,,66304.8654875577,23600.0,0.6163010477602122,51003.74268273674,7.156410646824169e-05,166.2419331108821,216.11451304414672,10.0,58.0,7.156410646824169e-06,269.74144164616575
,,,,,66362.15389715784,23610.0,0.6164803183911038,51047.810690121456,0.00017927063089160367,44.06800738471847,57.28840960013401,10.0,29.0,1.7927063089160367e-05,71.48323485772842
,,,,,66419.45896605597,23620.0,0.6166595890219955,51091.89151235078,0.00017927063089160367,44.08082222932959,57.30506889812847,10.0,29.0,1.7927063089160367e-05,71.48323485772842
,,,,,66476.7806942521,23630.0,0.6168388596528871,51135.98514942473,0.00017927063089160367,44.093637073940705,57.32172819612292,10.0,29.0,1.7927063089160367e-05,71.48323485772842
,,,,,66534.11908174622,23640.0,0.6170181302837787,51180.09160134328,0.00017927063089160367,44.10645191855183,57.33838749411738,10.0,29.0,1.7927063089160367e-05,71.48323485772842
,,,,,66591.47412853834,23650.0,0.6171974009146703,51224.21086810644,0.00017927063089160367,44.11926676316295,57.355046792111835,10.0,29.0,1.7927063089160367e-05,71.48323485772842
,,,,,66648.84583462845,23660.0,0.617376671545562,51268.34294971421,0.00017927063089160367,44.13208160777406,57.37170609010628,10.0,29.0,1.7927063089160367e-05,71.48323485772842
,,,,,66706.23420001655,23670.0,0.6175559421764536,51312.4878461666,0.00017927063089160367,44.14489645238518,57.38836538810074,10.0,29.0,1.7927063089160367e-05,71.48323485772842
,,,,,66763.63922470265,23680.0,0.6177352128073452,51356.6455574636,0.00017927063089160367,44.157711296996304,57.405024686095196,10.0,29.0,1.7927063089160367e-05,71.48323485772842
,,,,,66821.06090868675,23690.0,0.6179144834382369,51400.816083605205,0.00017927063089160367,44.170526141607425,57.421683984089654,10.0,29.0,1.7927063089160367e-05,71.48323485772842
,,,,,66878.49925196884,23700.0,0.6180937540691285,51444.99942459142,0.00017927063089160367,44.18334098621854,57.438343282084105,10.0,29.0,1.7927063089160367e-05,71.48323485772842
,,,,,66935.95425454892,23710.0,0.6182730247000201,51489.19558042225,0.00017927063089160367,44.19615583082966,57.45500258007856,10.0,29.0,1.7927063089160367e-05,71.48323485772842
,,,,,67005.14793097606,23720.0,0.6183079281960824,51542.4214853662,3.490349606228937e-05,53.22590494394896,69.19367642713365,10.0,15.0,3.4903496062289374e-06,86.08316749105241
,,,,,67074.34551338774,23730.0,0.6183428316921447,51595.650394913646,3.490349606228937e-05,53.22890954744652,69.19758241168047,10.0,15.0,3.4903496062289374e-06,86.08316749105241
,,,,,67143.54700178397,23740.0,0.6183777351882069,51648.88230906459,3.490349606228937e-05,53.23191415094407,69.20148839622729,10.0,15.0,3.4903496062289374e-06,86.08316749105241
,,,,,67212.75239616474,23750.0,0.6184126386842692,51702.11722781903,3.490349606228937e-05,53.23491875444162,69.20539438077411,10.0,15.0,3.4903496062289374e-06,86.08316749105241
,,,,,67281.96169653007,23760.0,0.6184475421803315,51755.35515117697,3.490349606228937e-05,53.237923357939174,69.20930036532093,10.0,15.0,3.4903496062289374e-06,86.08316749105241
,,,,,67351.17490287994,23770.0,0.6184824456763938,51808.596079138406,3.490349606228937e-05,53.240927961436725,69.21320634986775,10.0,15.0,3.4903496062289374e-06,86.08316749105241
,,,,,67420.39201521435,23780.0,0.618517349172456,51861.84001170334,3.490349606228937e-05,53.243932564934276,69.21711233441457,10.0,15.0,3.4903496062289374e-06,86.08316749105241
,,,,,67489.61303353331,23790.0,0.6185522526685183,51915.08694887177,3.490349606228937e-05,53.24693716843183,69.22101831896138,10.0,15.0,3.4903496062289374e-06,86.08316749105241
,,,,,67558.83795783682,23800.0,0.6185871561645806,51968.3368906437,3.490349606228937e-05,53.249941771929386,69.2249243035082,10.0,15.0,3.4903496062289374e-06,86.08316749105241
,,,,,67628.06678812487,23810.0,0.6186220596606429,52021.58983701913,3.490349606228937e-05,53.25294637542694,69.22883028805502,10.0,15.0,3.4903496062289374e-06,86.08316749105241
,,,,,67697.29952439747,23820.0,0.6186569631567052,52074.845787998056,3.490349606228937e-05,53.25595097892449,69.23273627260184,10.0,15.0,3.4903496062289374e-06,86.08316749105241
,,,,,67766.53616665462,23830.0,0.6186918666527674,52128.10474358048,3.490349606228937e-05,53.25895558242204,69.23664225714866,10.0,15.0,3.4903496062289374e-06,86.08316749105241
,,,,,67835.77671489632,23840.0,0.6187267701488297,52181.3667037664,3.490349606228937e-05,53.26196018591959,69.24054824169546,10.0,15.0,3.4903496062289374e-06,86.08316749105241
,,,,,67905.02116912256,23850.0,0.618761673644892,52234.63166855581,3.490349606228937e-05,53.26496478941714,69.24445422624228,10.0,15.0,3.4903496062289374e-06,86.08316749105241
,,,,,67974.26952933334,23860.0,0.6187965771409543,52287.89963794873,3.490349606228937e-05,53.267969392914694,69.2483602107891,10.0,15.0,3.4903496062289374e-06,86.08316749105241
,,,,,68043.52179552868,23870.0,0.6188314806370165,52341.17061194514,3.490349606228937e-05,53.27097399641225,69.25226619533593,10.0,15.0,3.4903496062289374e-06,86.08316749105241
,,,,,68112.77796770856,23880.0,0.6188663841330788,52394.44459054505,3.490349606228937e-05,53.2739785999098,69.25617217988275,10.0,15.0,3.4903496062289374e-06,86.08316749105241
,,,,,68182.03804587299,23890.0,0.6189012876291411,52447.72157374846,3.490349606228937e-05,53.276983203407354,69.26007816442956,10.0,15.0,3.4903496062289374e-06,86.08316749105241
,,,,,68251.30203002197,23900.0,0.6189361911252034,52501.001561555364,3.490349606228937e-05,53.279987806904906,69.26398414897638,10.0,15.0,3.4903496062289374e-06,86.08316749105241
,,,,,68320.56992015548,23910.0,0.6189710946212656,52554.284553965765,3.490349606228937e-05,53.28299241040246,69.2678901335232,10.0,15.0,3.4903496062289374e-06,86.08316749105241
,,,,,68389.84171627356,23920.0,0.6190059981173279,52607.57055097967,3.490349606228937e-05,53.28599701390001,69.27179611807001,10.0,15.0,3.4903496062289374e-06,86.08316749105241
,,,,,68459.11741837618,23930.0,0.6190409016133902,52660.85955259707,3.490349606228937e-05,53.28900161739757,69.27570210261683,10.0,15.0,3.4903496062289374e-06,86.08316749105241
,,,,,68488.63228925123,23940.0,0.619133369828561,52683.56329942403,9.24682151708503e-05,22.703746826962877,29.51487087505174,10.0,62.0,9.24682151708503e-06,36.670203761185704
,,,,,68518.15156820306,23950.0,0.6192258380437319,52706.270437079285,9.24682151708503e-05,22.707137655254627,29.519278951831016,10.0,62.0,9.24682151708503e-06,36.670203761185704
,,,,,68547.67525523168,23960.0,0.6193183062589027,52728.980965562834,9.24682151708503e-05,22.710528483546373,29.523687028610286,10.0,62.0,9.24682151708503e-06,36.670203761185704
,,,,,68577.20335033706,23970.0,0.6194107744740736,52751.69488487467,9.24682151708503e-05,22.713919311838122,29.52809510538956,10.0,62.0,9.24682151708503e-06,36.670203761185704
,,,,,68606.73585351923,23980.0,0.6195032426892444,52774.4121950148,9.24682151708503e-05,22.717310140129868,29.532503182168828,10.0,62.0,9.24682151708503e-06,36.670203761185704
,,,,,68636.27276477819,23990.0,0.6195957109044152,52797.13289598322,9.24682151708503e-05,22.720700968421617,29.536911258948102,10.0,62.0,9.24682151708503e-06,36.670203761185704
,,,,,68665.81408411391,24000.0,0.6196881791195861,52819.85698777993,9.24682151708503e-05,22.724091796713367,29.541319335727376,10.0,62.0,9.24682151708503e-06,36.670203761185704
,,,,,68695.35981152642,24010.0,0.6197806473347569,52842.58447040494,9.24682151708503e-05,22.727482625005113,29.545727412506647,10.0,62.0,9.24682151708503e-06,36.670203761185704
,,,,,68724.90994701571,24020.0,0.6198731155499277,52865.31534385824,9.24682151708503e-05,22.730873453296862,29.55013548928592,10.0,62.0,9.24682151708503e-06,36.670203761185704
,,,,,68754.46449058177,24030.0,0.6199655837650986,52888.04960813982,9.24682151708503e-05,22.734264281588608,29.554543566065192,10.0,62.0,9.24682151708503e-06,36.670203761185704
,,,,,68784.02344222461,24040.0,0.6200580519802694,52910.7872632497,9.24682151708503e-05,22.737655109880357,29.558951642844466,10.0,62.0,9.24682151708503e-06,36.670203761185704
,,,,,68813.58680194424,24050.0,0.6201505201954403,52933.528309187874,9.24682151708503e-05,22.741045938172103,29.563359719623737,10.0,62.0,9.24682151708503e-06,36.670203761185704
,,,,,68843.15456974064,24060.0,0.6202429884106111,52956.27274595434,9.24682151708503e-05,22.744436766463853,29.56776779640301,10.0,62.0,9.24682151708503e-06,36.670203761185704
,,,,,68872.72674561382,24070.0,0.6203354566257819,52979.020573549096,9.24682151708503e-05,22.7478275947556,29.572175873182278,10.0,62.0,9.24682151708503e-06,36.670203761185704
,,,,,68902.30332956379,24080.0,0.6204279248409528,53001.77179197215,9.24682151708503e-05,22.751218423047348,29.576583949961552,10.0,62.0,9.24682151708503e-06,36.670203761185704
,,,,,68931.88432159052,24090.0,0.6205203930561236,53024.526401223484,9.24682151708503e-05,22.754609251339094,29.580992026740823,10.0,62.0,9.24682151708503e-06,36.670203761185704
,,,,,68961.46972169404,24110.0,0.6206128612712944,53047.28440130311,9.24682151708503e-05,22.758000079630843,29.585400103520097,10.0,62.0,9.24682151708503e-06,36.670203761185704
,,,,,68991.05952987434,24120.0,0.6207053294864653,53070.045792211036,9.24682151708503e-05,22.76139090792259,29.589808180299368,10.0,62.0,9.24682151708503e-06,36.670203761185704
,,,,,69020.65374613141,24130.0,0.6207977977016361,53092.81057394725,9.24682151708503e-05,22.76478173621434,29.594216257078642,10.0,62.0,9.24682151708503e-06,36.670203761185704
,,,,,69050.25237046527,24140.0,0.620890265916807,53115.57874651176,9.24682151708503e-05,22.768172564506088,29.598624333857916,10.0,62.0,9.24682151708503e-06,36.670203761185704
,,,,,69079.85540287591,24150.0,0.6209827341319778,53138.350309904556,9.24682151708503e-05,22.771563392797834,29.603032410637184,10.0,62.0,9.24682151708503e-06,36.670203761185704
,,,,,69109.46284336333,24160.0,0.6210752023471486,53161.12526412564,9.24682151708503e-05,22.774954221089583,29.607440487416458,10.0,62.0,9.24682151708503e-06,36.670203761185704
,,,,,69139.07469192753,24170.0,0.6211676705623195,53183.903609175024,9.24682151708503e-05,22.77834504938133,29.61184856419573,10.0,62.0,9.24682151708503e-06,36.670203761185704
,,,,,69321.65851683274,24180.0,0.6213524060656709,53324.35270525596,0.0001847355033514546,140.44909608093633,182.58382490521723,10.0,100.0,1.847355033514546e-05,226.03774397566625
,,,,,69504.29662609329,24190.0,0.6215371415690223,53464.843558533306,0.0001847355033514546,140.49085327734608,182.6381092605499,10.0,100.0,1.847355033514546e-05,226.03774397566625
,,,,,69686.98901970917,24200.0,0.6217218770723737,53605.37616900706,0.0001847355033514546,140.53261047375585,182.69239361588262,10.0,100.0,1.847355033514546e-05,226.03774397566625
,,,,,69869.73569768039,24210.0,0.6219066125757251,53745.95053667723,0.0001847355033514546,140.5743676701656,182.7466779712153,10.0,100.0,1.847355033514546e-05,226.03774397566625
,,,,,70052.53666000694,24220.0,0.6220913480790765,53886.5666615438,0.0001847355033514546,140.61612486657538,182.800962326548,10.0,100.0,1.847355033514546e-05,226.03774397566625
,,,,,70235.39190668882,24230.0,0.6222760835824279,54027.22454360679,0.0001847355033514546,140.65788206298512,182.85524668188066,10.0,100.0,1.847355033514546e-05,226.03774397566625
,,,,,70418.30143772603,24240.0,0.6224608190857793,54167.92418286618,0.0001847355033514546,140.6996392593949,182.90953103721338,10.0,100.0,1.847355033514546e-05,226.03774397566625
,,,,,70601.26525311857,24250.0,0.6226455545891307,54308.66557932199,0.0001847355033514546,140.74139645580465,182.96381539254605,10.0,100.0,1.847355033514546e-05,226.03774397566625
,,,,,70784.28335286645,24260.0,0.6228302900924821,54449.448732974204,0.0001847355033514546,140.78315365221442,183.01809974787875,10.0,100.0,1.847355033514546e-05,226.03774397566625
,,,,,70968.74554536524,24270.0,0.6229713586791422,54591.342727204035,0.00014106858666007688,141.89399422983354,184.4621924987836,10.0,90.0,1.4106858666007687e-05,227.76969158050042
,,,,,71153.24950835704,24280.0,0.6231124272658023,54733.26885258235,0.00014106858666007688,141.9261253783088,184.50396299180144,10.0,90.0,1.4106858666007687e-05,227.76969158050042
,,,,,71337.79524184186,24290.0,0.6232534958524624,54875.22710910913,0.00014106858666007688,141.95825652678406,184.54573348481927,10.0,90.0,1.4106858666007687e-05,227.76969158050042
,,,,,71522.38274581969,24300.0,0.6233945644391224,55017.21749678439,0.00014106858666007688,141.9903876752593,184.58750397783712,10.0,90.0,1.4106858666007687e-05,227.76969158050042
,,,,,71707.01202029054,24310.0,0.6235356330257825,55159.24001560813,0.00014106858666007688,142.02251882373457,184.62927447085494,10.0,90.0,1.4106858666007687e-05,227.76969158050042
,,,,,71891.68306525442,24320.0,0.6236767016124426,55301.29466558034,0.00014106858666007688,142.05464997220983,184.6710449638728,10.0,90.0,1.4106858666007687e-05,227.76969158050042
,,,,,72076.39588071131,24330.0,0.6238177701991027,55443.38144670102,0.00014106858666007688,142.0867811206851,184.7128154568906,10.0,90.0,1.4106858666007687e-05,227.76969158050042
,,,,,72261.15046666122,24340.0,0.6239588387857627,55585.50035897018,0.00014106858666007688,142.11891226916038,184.7545859499085,10.0,90.0,1.4106858666007687e-05,227.76969158050042
,,,,,72386.8448668311,24350.0,0.6240930304930808,55682.18835910086,0.00013419170731805382,96.68800013067758,125.69440016988086,10.0,89.0,1.3419170731805382e-05,154.92562071120506
,,,,,72512.5662936546,24360.0,0.624227222200399,55778.89714896509,0.00013419170731805382,96.70878986422812,125.72142682349657,10.0,89.0,1.3419170731805382e-05,154.92562071120506
,,,,,72638.3147471317,24370.0,0.624361413907717,55875.626728562864,0.00013419170731805382,96.72957959777868,125.74845347711229,10.0,89.0,1.3419170731805382e-05,154.92562071120506
,,,,,72764.09022726244,24380.0,0.6244956056150351,55972.37709789419,0.00013419170731805382,96.75036933132924,125.77548013072801,10.0,89.0,1.3419170731805382e-05,154.92562071120506
,,,,,72889.89273404678,24390.0,0.6246297973223532,56069.14825695907,0.00013419170731805382,96.77115906487978,125.80250678434372,10.0,89.0,1.3419170731805382e-05,154.92562071120506
,,,,,73015.72226748474,24400.0,0.6247639890296713,56165.940205757506,0.00013419170731805382,96.79194879843034,125.82953343795944,10.0,89.0,1.3419170731805382e-05,154.92562071120506
,,,,,73105.60853188149,24410.0,0.6249952110749025,56235.08348606269,0.00023122204523115796,69.1432803051845,89.88626439673986,10.0,93.0,2.3122204523115796e-05,110.63009616708571
,,,,,73195.52805043045,24420.0,0.6252264331201337,56304.25234648498,0.00023122204523115796,69.16886042228437,89.91951854896968,10.0,93.0,2.3122204523115796e-05,110.63009616708571
,,,,,73285.48082313166,24430.0,0.6254576551653649,56373.44678702437,0.00023122204523115796,69.19444053938425,89.95277270119952,10.0,93.0,2.3122204523115796e-05,110.63009616708571
,,,,,73370.46545048321,24510.0,0.6259305911813157,56438.819577294795,0.00047293601595078385,65.37279027042742,84.98462735155564,10.0,16.0,4.729360159507838e-05,104.4409574982582
,,,,,73455.51428989222,24520.0,0.6264035271972664,56504.24176145557,0.00047293601595078385,65.42218416076872,85.04883940899934,10.0,16.0,4.729360159507838e-05,104.4409574982582
,,,,,73540.62734135866,24530.0,0.6268764632132172,56569.71333950668,0.00047293601595078385,65.47157805111004,85.11305146644305,10.0,16.0,4.729360159507838e-05,104.4409574982582
,,,,,73603.74074014416,24540.0,0.6272541149770536,56618.26210780321,0.0003776517638364401,48.54876829653263,63.11339878549242,10.0,18.0,3.7765176383644014e-05,77.39888370171737
,,,,,73666.89213770209,24550.0,0.62763176674089,56666.84010592469,0.0003776517638364401,48.57799812148155,63.15139755792602,10.0,18.0,3.7765176383644014e-05,77.39888370171737
,,,,,73730.08153403245,24560.0,0.6280094185047265,56715.44733387112,0.0003776517638364401,48.60722794643048,63.18939633035962,10.0,18.0,3.7765176383644014e-05,77.39888370171737
,,,,,73793.30892913524,24570.0,0.6283870702685629,56764.0837916425,0.0003776517638364401,48.6364577713794,63.22739510279322,10.0,18.0,3.7765176383644014e-05,77.39888370171737
,,,,,73856.57432301047,24580.0,0.6287647220323993,56812.74947923883,0.0003776517638364401,48.66568759632832,63.26539387522681,10.0,18.0,3.7765176383644014e-05,77.39888370171737
,,,,,73919.87771565813,24590.0,0.6291423737962357,56861.44439666011,0.0003776517638364401,48.694917421277246,63.303392647660424,10.0,18.0,3.7765176383644014e-05,77.39888370171737
,,,,,73983.21910707823,24600.0,0.6295200255600721,56910.16854390634,0.0003776517638364401,48.72414724622617,63.34139142009402,10.0,18.0,3.7765176383644014e-05,77.39888370171737
,,,,,74046.59849727075,24610.0,0.6298976773239086,56958.92192097751,0.0003776517638364401,48.75337707117509,63.379390192527616,10.0,18.0,3.7765176383644014e-05,77.39888370171737
,,,,,74110.01588623572,24620.0,0.630275329087745,57007.70452787363,0.0003776517638364401,48.782606896124015,63.41738896496122,10.0,18.0,3.7765176383644014e-05,77.39888370171737
,,,,,74173.47127397312,24630.0,0.6306529808515814,57056.5163645947,0.0003776517638364401,48.811836721072936,63.45538773739482,10.0,18.0,3.7765176383644014e-05,77.39888370171737
,,,,,74236.96466048295,24640.0,0.6310306326154178,57105.35743114073,0.0003776517638364401,48.841066546021864,63.493386509828426,10.0,18.0,3.7765176383644014e-05,77.39888370171737
,,,,,74300.4960457652,24650.0,0.6314082843792542,57154.2277275117,0.0003776517638364401,48.870296370970784,63.53138528226202,10.0,18.0,3.7765176383644014e-05,77.39888370171737
,,,,,74364.06542981991,24660.0,0.6317859361430906,57203.12725370762,0.0003776517638364401,48.899526195919705,63.56938405469562,10.0,18.0,3.7765176383644014e-05,77.39888370171737
,,,,,74382.00350786734,24670.0,0.6323377762496203,57216.925775282565,0.0005518401065296853,13.798521574941702,17.938078047424213,10.0,32.0,5.518401065296853e-05,21.821441155675362
,,,,,74399.9572404451,24680.0,0.6328896163561499,57230.736338803916,0.0005518401065296853,13.81056352135368,17.953732577759784,10.0,32.0,5.518401065296853e-05,21.821441155675362
,,,,,74417.9266275532,24710.0,0.6334414564626796,57244.55894427168,0.0005518401065296853,13.82260546776566,17.969387108095358,10.0,32.0,5.518401065296853e-05,21.821441155675362
,,,,,74435.91166919163,24720.0,0.6339932965692092,57258.39359168586,0.0005518401065296853,13.834647414177638,17.985041638430932,10.0,32.0,5.518401065296853e-05,21.821441155675362
,,,,,74453.91236536039,24730.0,0.6345451366757389,57272.24028104645,0.0005518401065296853,13.846689360589616,18.000696168766503,10.0,32.0,5.518401065296853e-05,21.821441155675362
,,,,,74535.824786654,25380.0,0.6348170483446182,57335.24983588769,0.0002719116688792837,63.009554841241936,81.91242129361451,10.0,24.0,2.719116688792837e-05,99.25624241747904
,,,,,74548.0135095305,25410.0,0.6350018991200547,57344.625776561916,0.00018485077543650718,9.37594067422365,12.188722876490745,10.0,86.0,1.8485077543650717e-05,14.765216745361286
,,,,,74560.2057805773,25420.0,0.6351867498954912,57354.0044465979,0.00018485077543650718,9.378670035988517,12.192271046785072,10.0,86.0,1.8485077543650717e-05,14.765216745361286
,,,,,74572.40159979438,25430.0,0.6353716006709277,57363.385845995654,0.00018485077543650718,9.381399397753386,12.195819217079402,10.0,86.0,1.8485077543650717e-05,14.765216745361286
,,,,,74715.68777936122,25440.0,0.6355001216316043,57473.60598412399,0.00012852096067656637,110.2201381283407,143.28617956684292,10.0,37.0,1.2852096067656636e-05,173.43842176671473
,,,,,74859.00293654243,25450.0,0.6356286425922809,57583.84841272492,0.00012852096067656637,110.24242860092438,143.3151571812017,10.0,37.0,1.2852096067656636e-05,173.43842176671473
,,,,,74957.5078474516,25460.0,0.6357692638312483,57659.62142111659,0.00014062123896743217,75.77300839167506,98.50491090917758,10.0,113.0,1.4062123896743217e-05,119.18318909450682
,,,,,75056.03454595481,25470.0,0.6359098850702157,57735.411189195984,0.00014062123896743217,75.78976807938962,98.5266985032065,10.0,113.0,1.4062123896743217e-05,119.18318909450682
,,,,,75136.72768768003,25480.0,0.6361294442318595,57797.48283667692,0.00021955916164369396,62.07164748093845,80.69314172521999,10.0,28.0,2.1955916164369394e-05,97.57707027048772
,,,,,75217.44868052693,25490.0,0.6363490033935032,57859.575908097606,0.00021955916164369396,62.09307142068269,80.7209928468875,10.0,28.0,2.1955916164369394e-05,97.57707027048772
,,,,,75298.19752449548,25500.0,0.6365685625551469,57921.69040345803,0.00021955916164369396,62.114495360426936,80.74884396855502,10.0,28.0,2.1955916164369394e-05,97.57707027048772
,,,,,75378.97421958571,25510.0,0.6367881217167907,57983.8263227582,0.00021955916164369396,62.135919300171174,80.77669509022253,10.0,28.0,2.1955916164369394e-05,97.57707027048772
,,,,,75459.7787657976,25520.0,0.6370076808784344,58045.983665998116,0.00021955916164369396,62.15734323991541,80.80454621189004,10.0,28.0,2.1955916164369394e-05,97.57707027048772
,,,,,75540.61116313117,25530.0,0.6372272400400781,58108.16243317778,0.00021955916164369396,62.17876717965965,80.83239733355755,10.0,28.0,2.1955916164369394e-05,97.57707027048772
,,,,,75621.47141158639,25540.0,0.6374467992017219,58170.36262429718,0.00021955916164369396,62.20019111940389,80.86024845522506,10.0,28.0,2.1955916164369394e-05,97.57707027048772
,,,,,75702.35951116329,25550.0,0.6376663583633656,58232.58423935633,0.00021955916164369396,62.221615059148135,80.88809957689257,10.0,28.0,2.1955916164369394e-05,97.57707027048772
,,,,,75783.27546186185,25560.0,0.6378859175250093,58294.827278355224,0.00021955916164369396,62.243038998892374,80.91595069856008,10.0,28.0,2.1955916164369394e-05,97.57707027048772
,,,,,75864.21926368208,25570.0,0.6381054766866531,58357.09174129386,0.00021955916164369396,62.26446293863661,80.94380182022759,10.0,28.0,2.1955916164369394e-05,97.57707027048772
,,,,,75945.19091662398,25580.0,0.6383250358482968,58419.37762817224,0.00021955916164369396,62.28588687838085,80.9716529418951,10.0,28.0,2.1955916164369394e-05,97.57707027048772
,,,,,76026.19042068755,25590.0,0.6385445950099405,58481.684938990365,0.00021955916164369396,62.307310818125096,80.99950406356263,10.0,28.0,2.1955916164369394e-05,97.57707027048772
,,,,,76107.21777587278,25600.0,0.6387641541715843,58544.01367374823,0.00021955916164369396,62.328734757869334,81.02735518523014,10.0,28.0,2.1955916164369394e-05,97.57707027048772
,,,,,76188.27298217968,25610.0,0.638983713333228,58606.363832445844,0.00021955916164369396,62.35015869761357,81.05520630689765,10.0,28.0,2.1955916164369394e-05,97.57707027048772
,,,,,76350.68877365463,25620.0,0.6391698949827451,58731.29905665734,0.00018618164951715084,124.93522421149774,162.41579147494707,10.0,99.0,1.8618164951715085e-05,195.46481333397352
,,,,,76513.15187467936,25630.0,0.6393560766322622,58856.27067283021,0.00018618164951715084,124.97161617286682,162.46310102472685,10.0,99.0,1.8618164951715085e-05,195.46481333397352
,,,,,76675.66228525387,25640.0,0.6395422582817794,58981.278680964446,0.00018618164951715084,125.00800813423588,162.51041057450664,10.0,99.0,1.8618164951715085e-05,195.46481333397352
,,,,,76838.22000537816,25650.0,0.6397284399312965,59106.32308106005,0.00018618164951715084,125.04440009560496,162.55772012428645,10.0,99.0,1.8618164951715085e-05,195.46481333397352
,,,,,77000.82503505223,25660.0,0.6399146215808136,59231.40387311702,0.00018618164951715084,125.08079205697403,162.60502967406626,10.0,99.0,1.8618164951715085e-05,195.46481333397352
,,,,,77163.47737427607,25670.0,0.6401008032303307,59356.52105713537,0.00018618164951715084,125.11718401834311,162.65233922384604,10.0,99.0,1.8618164951715085e-05,195.46481333397352
,,,,,77326.1770230497,25680.0,0.6402869848798478,59481.67463311508,0.00018618164951715084,125.15357597971219,162.69964877362585,10.0,99.0,1.8618164951715085e-05,195.46481333397352
,,,,,77488.92398137311,25690.0,0.6404731665293649,59606.86460105616,0.00018618164951715084,125.18996794108125,162.74695832340564,10.0,99.0,1.8618164951715085e-05,195.46481333397352
,,,,,77651.7182492463,25700.0,0.640659348178882,59732.09096095861,0.00018618164951715084,125.22635990245033,162.79426787318542,10.0,99.0,1.8618164951715085e-05,195.46481333397352
,,,,,77814.55982666927,25710.0,0.6408455298283992,59857.35371282243,0.00018618164951715084,125.2627518638194,162.84157742296523,10.0,99.0,1.8618164951715085e-05,195.46481333397352
,,,,,77977.448713642,25720.0,0.6410317114779163,59982.65285664762,0.00018618164951715084,125.29914382518848,162.88888697274504,10.0,99.0,1.8618164951715085e-05,195.46481333397352
,,,,,78140.38491016453,25730.0,0.6412178931274334,60107.98839243418,0.00018618164951715084,125.33553578655756,162.93619652252482,10.0,99.0,1.8618164951715085e-05,195.46481333397352
,,,,,78303.36841623683,25740.0,0.6414040747769505,60233.3603201821,0.00018618164951715084,125.37192774792662,162.9835060723046,10.0,99.0,1.8618164951715085e-05,195.46481333397352
,,,,,78466.39923185892,25750.0,0.6415902564264676,60358.7686398914,0.00018618164951715084,125.4083197092957,163.03081562208442,10.0,99.0,1.8618164951715085e-05,195.46481333397352
,,,,,78629.47735703077,25760.0,0.6417764380759847,60484.213351562066,0.00018618164951715084,125.44471167066477,163.0781251718642,10.0,99.0,1.8618164951715085e-05,195.46481333397352
,,,,,78701.09793439634,25770.0,0.6419430898280524,60539.30610338173,0.00016665175206759318,55.09275181966246,71.6205773655612,10.0,109.0,1.666517520675932e-05,85.82186286080177
,,,,,78757.55871964202,25780.0,0.6422358194239203,60582.737476647635,0.00029272959586790556,43.431373265907325,56.460785245679524,10.0,102.0,2.927295958679056e-05,67.62527400739634
,,,,,78814.04523958257,25790.0,0.6425285490197882,60626.18864583267,0.00029272959586790556,43.45116918503797,56.486519940549364,10.0,102.0,2.927295958679056e-05,67.62527400739634
,,,,,78870.557494218,25800.0,0.6428212786156561,60669.65961093684,0.00029272959586790556,43.470965104168606,56.51225463541919,10.0,102.0,2.927295958679056e-05,67.62527400739634
,,,,,78927.09548354828,25810.0,0.643114008211524,60713.15037196014,0.00029272959586790556,43.49076102329925,56.53798933028903,10.0,102.0,2.927295958679056e-05,67.62527400739634
,,,,,79010.50066085331,25820.0,0.6432426084666666,60777.30820065632,0.00012860025514263226,64.15782869617955,83.40517730503342,10.0,108.0,1.2860025514263225e-05,99.74126068718638
,,,,,79093.92251293539,25830.0,0.6433712087218092,60841.47885610407,0.00012860025514263226,64.17065544775217,83.42185208207782,10.0,108.0,1.2860025514263225e-05,99.74126068718638
,,,,,79177.36103979452,25840.0,0.6434998089769518,60905.662338303395,0.00012860025514263226,64.18348219932479,83.43852685912222,10.0,108.0,1.2860025514263225e-05,99.74126068718638
,,,,,79260.81624143069,25850.0,0.6436284092320944,60969.858647254296,0.00012860025514263226,64.1963089508974,83.45520163616663,10.0,108.0,1.2860025514263225e-05,99.74126068718638
,,,,,79344.2881178439,25860.0,0.643757009487237,61034.067782956765,0.00012860025514263226,64.20913570247002,83.47187641321104,10.0,108.0,1.2860025514263225e-05,99.74126068718638
,,,,,79427.77666903415,25870.0,0.6438856097423796,61098.28974541081,0.00012860025514263226,64.22196245404264,83.48855119025544,10.0,108.0,1.2860025514263225e-05,99.74126068718638
,,,,,79459.27269388683,25880.0,0.6444374498489093,61122.51745683595,0.0005518401065296853,24.227711425137823,31.49602485267917,10.0,17.0,5.518401065296853e-05,37.59513267085595
,,,,,79490.79568919213,25890.0,0.6449892899554389,61146.765914763106,0.0005518401065296853,24.248457927155904,31.522995305302675,10.0,17.0,5.518401065296853e-05,37.59513267085595
,,,,,79589.3903706174,25900.0,0.6451518178645818,61222.60797739793,0.0001625279091428712,75.8420626348229,98.59468142526977,10.0,26.0,1.625279091428712e-05,117.55692309115099
,,,,,79688.00989020786,25910.0,0.6453143457737246,61298.46914631367,0.0001625279091428712,75.86116891573816,98.61951959045962,10.0,26.0,1.625279091428712e-05,117.55692309115099
,,,,,79786.65424796351,25920.0,0.6454768736828674,61374.34942151032,0.0001625279091428712,75.88027519665343,98.64435775564947,10.0,26.0,1.625279091428712e-05,117.55692309115099
,,,,,79885.32344388435,25930.0,0.6456394015920103,61450.24880298789,0.0001625279091428712,75.8993814775687,98.66919592083931,10.0,26.0,1.625279091428712e-05,117.55692309115099
,,,,,79984.01747797038,25940.0,0.6458019295011531,61526.16729074637,0.0001625279091428712,75.91848775848398,98.69403408602918,10.0,26.0,1.625279091428712e-05,117.55692309115099
,,,,,80082.7363502216,25950.0,0.645964457410296,61602.104884785775,0.0001625279091428712,75.93759403939924,98.71887225121903,10.0,26.0,1.625279091428712e-05,117.55692309115099
,,,,,80181.48006063802,25960.0,0.6461269853194388,61678.06158510609,0.0001625279091428712,75.95670032031451,98.74371041640887,10.0,26.0,1.625279091428712e-05,117.55692309115099
,,,,,80280.24860921962,25970.0,0.6462895132285816,61754.037391707316,0.0001625279091428712,75.97580660122978,98.76854858159871,10.0,26.0,1.625279091428712e-05,117.55692309115099
,,,,,80350.46926483748,25980.0,0.6466425274797598,61808.053280644126,0.0003530142511782076,54.015888936810455,70.2206556178536,10.0,98.0,3.530142511782076e-05,83.53284332741505
,,,,,80420.7282552247,25990.0,0.646995541730938,61862.09865786507,0.0003530142511782076,54.04537722094647,70.25899038723041,10.0,98.0,3.530142511782076e-05,83.53284332741505
,,,,,80491.0255803813,26000.0,0.6473485559821162,61916.173523370155,0.0003530142511782076,54.07486550508248,70.29732515660723,10.0,98.0,3.530142511782076e-05,83.53284332741505
,,,,,80561.36124030729,26010.0,0.6477015702332943,61970.27787715937,0.0003530142511782076,54.10435378921849,70.33565992598405,10.0,98.0,3.530142511782076e-05,83.53284332741505
,,,,,80631.73523500265,26020.0,0.6480545844844725,62024.411719232725,0.0003530142511782076,54.1338420733545,70.37399469536085,10.0,98.0,3.530142511782076e-05,83.53284332741505
,,,,,80702.14756446739,26030.0,0.6484075987356507,62078.57504959022,0.0003530142511782076,54.163330357490516,70.41232946473767,10.0,98.0,3.530142511782076e-05,83.53284332741505
,,,,,80772.5982287015,26040.0,0.6487606129868289,62132.767868231844,0.0003530142511782076,54.19281864162652,70.45066423411448,10.0,98.0,3.530142511782076e-05,83.53284332741505
,,,,,80843.087227705,26050.0,0.649113627238007,62186.9901751576,0.0003530142511782076,54.22230692576254,70.4889990034913,10.0,98.0,3.530142511782076e-05,83.53284332741505
,,,,,80913.61456147787,26060.0,0.6494666414891852,62241.241970367504,0.0003530142511782076,54.251795209898546,70.52733377286812,10.0,98.0,3.530142511782076e-05,83.53284332741505
,,,,,80984.18023002011,26070.0,0.6498196557403634,62295.52325386154,0.0003530142511782076,54.28128349403456,70.56566854224494,10.0,98.0,3.530142511782076e-05,83.53284332741505
,,,,,81130.76325580495,26080.0,0.6499910112450432,62408.27942754219,0.00017135550467986364,112.75617368065295,146.58302578484884,10.0,96.0,1.7135550467986363e-05,173.47343537054616
,,,,,81277.38492490629,26090.0,0.650162366749723,62521.06532685091,0.00017135550467986364,112.78589930871941,146.62166910133524,10.0,96.0,1.7135550467986363e-05,173.47343537054616
,,,,,81424.04523732411,26100.0,0.6503337222544029,62633.8809517877,0.00017135550467986364,112.81562493678588,146.66031241782164,10.0,96.0,1.7135550467986363e-05,173.47343537054616
,,,,,81570.74419305842,26110.0,0.6505050777590827,62746.72630235255,0.00017135550467986364,112.84535056485234,146.69895573430804,10.0,96.0,1.7135550467986363e-05,173.47343537054616
,,,,,81717.48179210922,26120.0,0.6506764332637626,62859.60137854547,0.00017135550467986364,112.8750761929188,146.73759905079444,10.0,96.0,1.7135550467986363e-05,173.47343537054616
,,,,,81864.2580344765,26130.0,0.6508477887684424,62972.50618036646,0.00017135550467986364,112.90480182098527,146.77624236728084,10.0,96.0,1.7135550467986363e-05,173.47343537054616
,,,,,82011.07292016027,26140.0,0.6510191442731222,63085.44070781551,0.00017135550467986364,112.93452744905173,146.81488568376724,10.0,96.0,1.7135550467986363e-05,173.47343537054616
,,,,,82157.92644916051,26150.0,0.6511904997778021,63198.40496089263,0.00017135550467986364,112.9642530771182,146.85352900025367,10.0,96.0,1.7135550467986363e-05,173.47343537054616
,,,,,82304.81862147726,26160.0,0.6513618552824819,63311.39893959781,0.00017135550467986364,112.99397870518466,146.89217231674007,10.0,96.0,1.7135550467986363e-05,173.47343537054616
,,,,,82451.74943711048,26170.0,0.6515332107871618,63424.422643931066,0.00017135550467986364,113.02370433325113,146.93081563322647,10.0,96.0,1.7135550467986363e-05,173.47343537054616
,,,,,82598.71889606019,26180.0,0.6517045662918416,63537.47607389239,0.00017135550467986364,113.05342996131759,146.96945894971287,10.0,96.0,1.7135550467986363e-05,173.47343537054616
,,,,,82607.31698972757,26190.0,0.6522564063983712,63544.08999209806,0.0005518401065296853,6.613918205674603,8.598093667376984,10.0,21.0,5.518401065296853e-05,10.140058634602502
,,,,,82615.92235779329,26200.0,0.6528082465049009,63550.70950599477,0.0005518401065296853,6.619513896711739,8.60536806572526,10.0,21.0,5.518401065296853e-05,10.140058634602502
,,,,,82624.53500025735,26210.0,0.6533600866114305,63557.33461558252,0.0005518401065296853,6.625109587748875,8.612642464073538,10.0,21.0,5.518401065296853e-05,10.140058634602502
,,,,,82633.15491711977,26220.0,0.6539119267179602,63563.96532086131,0.0005518401065296853,6.63070527878601,8.619916862421814,10.0,21.0,5.518401065296853e-05,10.140058634602502
,,,,,82641.78210838055,26230.0,0.6544637668244898,63570.601621831134,0.0005518401065296853,6.6363009698231465,8.627191260770092,10.0,21.0,5.518401065296853e-05,10.140058634602502
,,,,,82650.41657403967,26240.0,0.6550156069310195,63577.243518491996,0.0005518401065296853,6.641896660860282,8.634465659118367,10.0,21.0,5.518401065296853e-05,10.140058634602502
,,,,,82659.05831409714,26250.0,0.6555674470375491,63583.891010843894,0.0005518401065296853,6.6474923518974185,8.641740057466645,10.0,21.0,5.518401065296853e-05,10.140058634602502
,,,,,82667.70732855296,26260.0,0.6561192871440787,63590.54409888683,0.0005518401065296853,6.653088042934554,8.649014455814921,10.0,21.0,5.518401065296853e-05,10.140058634602502
,,,,,82676.36361740713,26270.0,0.6566711272506084,63597.2027826208,0.0005518401065296853,6.6586837339716896,8.656288854163197,10.0,21.0,5.518401065296853e-05,10.140058634602502
,,,,,82685.02718065964,26280.0,0.657222967357138,63603.86706204581,0.0005518401065296853,6.664279425008826,8.663563252511475,10.0,21.0,5.518401065296853e-05,10.140058634602502
,,,,,82693.6980183105,26290.0,0.6577748074636677,63610.53693716185,0.0005518401065296853,6.6698751160459615,8.67083765085975,10.0,21.0,5.518401065296853e-05,10.140058634602502
,,,,,82702.37613035971,26300.0,0.6583266475701973,63617.21240796893,0.0005518401065296853,6.675470807083098,8.678112049208028,10.0,21.0,5.518401065296853e-05,10.140058634602502
,,,,,82711.06151680727,26310.0,0.658878487676727,63623.89347446705,0.0005518401065296853,6.6810664981202335,8.685386447556304,10.0,21.0,5.518401065296853e-05,10.140058634602502
,,,,,82719.75417765317,26320.0,0.6594303277832566,63630.58013665621,0.0005518401065296853,6.686662189157369,8.69266084590458,10.0,21.0,5.518401065296853e-05,10.140058634602502
,,,,,82728.45411289742,26330.0,0.6599821678897863,63637.272394536405,0.0005518401065296853,6.692257880194505,8.699935244252858,10.0,21.0,5.518401065296853e-05,10.140058634602502
,,,,,82737.16132254002,26340.0,0.6605340079963159,63643.97024810764,0.0005518401065296853,6.697853571231641,8.707209642601134,10.0,21.0,5.518401065296853e-05,10.140058634602502
,,,,,82745.87580658097,26350.0,0.6610858481028455,63650.67369736991,0.0005518401065296853,6.703449262268777,8.714484040949412,10.0,21.0,5.518401065296853e-05,10.140058634602502
,,,,,82754.59756502026,26360.0,0.6616376882093752,63657.382742323214,0.0005518401065296853,6.709044953305913,8.721758439297687,10.0,21.0,5.518401065296853e-05,10.140058634602502
,,,,,82763.3265978579,26370.0,0.6621895283159048,63664.09738296756,0.0005518401065296853,6.714640644343048,8.729032837645963,10.0,21.0,5.518401065296853e-05,10.140058634602502
,,,,,82772.06290509389,26380.0,0.6627413684224345,63670.817619302936,0.0005518401065296853,6.720236335380185,8.736307235994241,10.0,21.0,5.518401065296853e-05,10.140058634602502
,,,,,82780.80648672824,26390.0,0.6632932085289641,63677.54345132935,0.0005518401065296853,6.72583202641732,8.743581634342517,10.0,21.0,5.518401065296853e-05,10.140058634602502
,,,,,82801.65762125306,26400.0,0.6634936946602107,63693.582785579216,0.0002004861312465204,16.03933424986414,20.851134524823383,10.0,105.0,2.004861312465204e-05,24.174056782978514
,,,,,82822.51505630995,26410.0,0.6636941807914573,63709.6269663922,0.0002004861312465204,16.044180812985097,20.857435056880625,10.0,105.0,2.004861312465204e-05,24.174056782978514
,,,,,82843.37879189888,26420.0,0.6638946669227038,63725.6759937683,0.0002004861312465204,16.04902737610605,20.863735588937868,10.0,105.0,2.004861312465204e-05,24.174056782978514
,,,,,82864.24882801987,26430.0,0.6640951530539504,63741.72986770753,0.0002004861312465204,16.053873939227003,20.870036120995106,10.0,105.0,2.004861312465204e-05,24.174056782978514
,,,,,82885.12516467292,26440.0,0.664295639185197,63757.78858820988,0.0002004861312465204,16.05872050234796,20.87633665305235,10.0,105.0,2.004861312465204e-05,24.174056782978514
,,,,,82906.00780185802,26450.0,0.6644961253164435,63773.852155275345,0.0002004861312465204,16.063567065468913,20.882637185109587,10.0,105.0,2.004861312465204e-05,24.174056782978514
,,,,,82926.8967395752,26460.0,0.6646966114476901,63789.92056890394,0.0002004861312465204,16.068413628589866,20.888937717166826,10.0,105.0,2.004861312465204e-05,24.174056782978514
,,,,,82947.79197782442,26470.0,0.6648970975789367,63805.99382909565,0.0002004861312465204,16.073260191710823,20.89523824922407,10.0,105.0,2.004861312465204e-05,24.174056782978514
,,,,,82968.69351660571,26480.0,0.6650975837101832,63822.07193585048,0.0002004861312465204,16.078106754831776,20.90153878128131,10.0,105.0,2.004861312465204e-05,24.174056782978514
,,,,,82989.60135591905,26490.0,0.6652980698414298,63838.15488916843,0.0002004861312465204,16.08295331795273,20.90783931333855,10.0,105.0,2.004861312465204e-05,24.174056782978514
,,,,,83010.51549576444,26500.0,0.6654985559726764,63854.242689049504,0.0002004861312465204,16.087799881073686,20.91413984539579,10.0,105.0,2.004861312465204e-05,24.174056782978514
,,,,,83031.43593614189,26510.0,0.6656990421039229,63870.3353354937,0.0002004861312465204,16.09264644419464,20.92044037745303,10.0,105.0,2.004861312465204e-05,24.174056782978514
,,,,,83052.3626770514,26520.0,0.6658995282351695,63886.43282850101,0.0002004861312465204,16.09749300731559,20.92674090951027,10.0,105.0,2.004861312465204e-05,24.174056782978514
,,,,,83215.4802168278,26530.0,0.6664513683416992,64011.907859098246,0.0005518401065296853,125.47503059723704,163.11753977640817,10.0,82.0,5.518401065296853e-05,188.27334830064328
,,,,,83378.73282242416,26540.0,0.6670032084482288,64137.48678648007,0.0005518401065296853,125.57892738181995,163.25260559636595,10.0,82.0,5.518401065296853e-05,188.27334830064328
,,,,,83449.00842946448,26550.0,0.6671586048513357,64191.54494574185,0.00015539640310686077,54.05815926178254,70.27560704031731,10.0,107.0,1.5539640310686077e-05,81.0274481490476
,,,,,83519.30040529098,26560.0,0.6673140012544426,64245.61569637763,0.00015539640310686077,54.070750635777834,70.29197582651119,10.0,107.0,1.5539640310686077e-05,81.0274481490476
,,,,,83589.60874990368,26570.0,0.6674693976575495,64299.6990383874,0.00015539640310686077,54.083342009773126,70.30834461270507,10.0,107.0,1.5539640310686077e-05,81.0274481490476
,,,,,83690.98676976922,26580.0,0.667566198995645,64377.68213059167,9.680133809546143e-05,77.98309220426684,101.37801986554689,10.0,44.0,9.680133809546143e-06,116.81701728097168
,,,,,83817.08915193888,26850.0,0.6677653386037676,64474.68396302987,0.00019913960812265806,97.00183243820015,126.1023821696602,10.0,45.0,1.9913960812265806e-05,145.26335350232696
,,,,,83943.22914010202,26860.0,0.6679644782118903,64571.71472315536,0.00019913960812265806,97.0307601254912,126.13998816313857,10.0,45.0,1.9913960812265806e-05,145.26335350232696
,,,,,84069.40673425863,26870.0,0.668163617820013,64668.774410968144,0.00019913960812265806,97.05968781278224,126.17759415661692,10.0,45.0,1.9913960812265806e-05,145.26335350232696
,,,,,84195.62193440873,26880.0,0.6683627574281357,64765.863026468214,0.00019913960812265806,97.08861550007327,126.21520015009526,10.0,45.0,1.9913960812265806e-05,145.26335350232696
,,,,,84321.8747405523,26890.0,0.6685618970362583,64862.98056965558,0.00019913960812265806,97.11754318736432,126.25280614357362,10.0,45.0,1.9913960812265806e-05,145.26335350232696
,,,,,84448.16515268935,26900.0,0.668761036644381,64960.127040530235,0.00019913960812265806,97.14647087465536,126.29041213705197,10.0,45.0,1.9913960812265806e-05,145.26335350232696
,,,,,84574.49317081989,26910.0,0.6689601762525037,65057.30243909218,0.00019913960812265806,97.1753985619464,126.32801813053032,10.0,45.0,1.9913960812265806e-05,145.26335350232696
,,,,,84700.8587949439,26920.0,0.6691593158606264,65154.506765341415,0.00019913960812265806,97.20432624923744,126.36562412400868,10.0,45.0,1.9913960812265806e-05,145.26335350232696
,,,,,84827.26202506138,26930.0,0.6693584554687491,65251.740019277946,0.00019913960812265806,97.23325393652847,126.40323011748701,10.0,45.0,1.9913960812265806e-05,145.26335350232696
,,,,,84953.70286117235,26940.0,0.6695575950768717,65349.00220090176,0.00019913960812265806,97.26218162381952,126.44083611096538,10.0,45.0,1.9913960812265806e-05,145.26335350232696
,,,,,85080.1813032768,26950.0,0.6697567346849944,65446.29331021287,0.00019913960812265806,97.29110931111056,126.47844210444373,10.0,45.0,1.9913960812265806e-05,145.26335350232696
,,,,,85206.69735137472,26960.0,0.6699558742931171,65543.61334721127,0.00019913960812265806,97.32003699840159,126.51604809792207,10.0,45.0,1.9913960812265806e-05,145.26335350232696
,,,,,85333.25100546613,26970.0,0.6701550139012398,65640.96231189696,0.00019913960812265806,97.34896468569264,126.55365409140043,10.0,45.0,1.9913960812265806e-05,145.26335350232696
,,,,,85459.84226555101,26980.0,0.6703541535093624,65738.34020426995,0.00019913960812265806,97.37789237298367,126.59126008487877,10.0,45.0,1.9913960812265806e-05,145.26335350232696
,,,,,85586.47113162937,26990.0,0.6705532931174851,65835.74702433022,0.00019913960812265806,97.40682006027471,126.62886607835713,10.0,45.0,1.9913960812265806e-05,145.26335350232696
,,,,,85713.13760370121,27000.0,0.6707524327256078,65933.1827720778,0.00019913960812265806,97.43574774756576,126.66647207183549,10.0,45.0,1.9913960812265806e-05,145.26335350232696
,,,,,85839.84168176653,27010.0,0.6709515723337305,66030.64744751265,0.00019913960812265806,97.46467543485679,126.70407806531382,10.0,45.0,1.9913960812265806e-05,145.26335350232696
,,,,,85966.58336582533,27020.0,0.6711507119418532,66128.14105063479,0.00019913960812265806,97.49360312214783,126.74168405879219,10.0,45.0,1.9913960812265806e-05,145.26335350232696
,,,,,86093.3626558776,27030.0,0.6713498515499758,66225.66358144423,0.00019913960812265806,97.52253080943888,126.77929005227054,10.0,45.0,1.9913960812265806e-05,145.26335350232696
,,,,,86220.17955192336,27040.0,0.6715489911580985,66323.21503994096,0.00019913960812265806,97.55145849672991,126.81689604574889,10.0,45.0,1.9913960812265806e-05,145.26335350232696
,,,,,86347.03405396259,27050.0,0.6717481307662212,66420.79542612498,0.00019913960812265806,97.58038618402095,126.85450203922724,10.0,45.0,1.9913960812265806e-05,145.26335350232696
,,,,,86473.9261619953,27060.0,0.6719472703743439,66518.4047399963,0.00019913960812265806,97.60931387131198,126.89210803270558,10.0,45.0,1.9913960812265806e-05,145.26335350232696
,,,,,86600.85587602148,27070.0,0.6721464099824666,66616.0429815549,0.00019913960812265806,97.63824155860303,126.92971402618394,10.0,45.0,1.9913960812265806e-05,145.26335350232696
,,,,,86727.82319604114,27080.0,0.6723455495905892,66713.71015080079,0.00019913960812265806,97.66716924589407,126.9673200196623,10.0,45.0,1.9913960812265806e-05,145.26335350232696
,,,,,86854.82812205427,27090.0,0.6725446891987119,66811.40624773398,0.00019913960812265806,97.6960969331851,127.00492601314063,10.0,45.0,1.9913960812265806e-05,145.26335350232696
,,,,,86981.87065406088,27100.0,0.6727438288068346,66909.13127235445,0.00019913960812265806,97.72502462047615,127.042532006619,10.0,45.0,1.9913960812265806e-05,145.26335350232696
,,,,,87108.95079206098,27110.0,0.6729429684149573,67006.88522466223,0.00019913960812265806,97.7539523077672,127.08013800009735,10.0,45.0,1.9913960812265806e-05,145.26335350232696
,,,,,87236.06853605455,27120.0,0.6731421080230799,67104.66810465728,0.00019913960812265806,97.78287999505822,127.1177439935757,10.0,45.0,1.9913960812265806e-05,145.26335350232696
,,,,,87363.2238860416,27130.0,0.6733412476312026,67202.47991233962,0.00019913960812265806,97.81180768234927,127.15534998705405,10.0,45.0,1.9913960812265806e-05,145.26335350232696
,,,,,87490.41684202212,27140.0,0.6735403872393253,67300.32064770926,0.00019913960812265806,97.8407353696403,127.19295598053239,10.0,45.0,1.9913960812265806e-05,145.26335350232696
,,,,,87617.64740399613,27150.0,0.673739526847448,67398.1903107662,0.00019913960812265806,97.86966305693134,127.23056197401075,10.0,45.0,1.9913960812265806e-05,145.26335350232696
,,,,,87744.91557196362,27160.0,0.6739386664555707,67496.08890151042,0.00019913960812265806,97.89859074422239,127.2681679674891,10.0,45.0,1.9913960812265806e-05,145.26335350232696
,,,,,87872.22134592458,27170.0,0.6741378060636933,67594.01641994194,0.00019913960812265806,97.92751843151342,127.30577396096746,10.0,45.0,1.9913960812265806e-05,145.26335350232696
,,,,,87999.56472587903,27180.0,0.674336945671816,67691.97286606074,0.00019913960812265806,97.95644611880446,127.34337995444581,10.0,45.0,1.9913960812265806e-05,145.26335350232696
,,,,,88126.94571182695,27190.0,0.6745360852799387,67789.95823986683,0.00019913960812265806,97.9853738060955,127.38098594792415,10.0,45.0,1.9913960812265806e-05,145.26335350232696
,,,,,88254.36430376835,27200.0,0.6747352248880614,67887.97254136021,0.00019913960812265806,98.01430149338654,127.41859194140251,10.0,45.0,1.9913960812265806e-05,145.26335350232696
,,,,,88381.82050170323,27210.0,0.674934364496184,67986.0157705409,0.00019913960812265806,98.04322918067759,127.45619793488086,10.0,45.0,1.9913960812265806e-05,145.26335350232696
,,,,,88509.31430563159,27220.0,0.6751335041043067,68084.08792740887,0.00019913960812265806,98.07215686796862,127.4938039283592,10.0,45.0,1.9913960812265806e-05,145.26335350232696
,,,,,88636.84571555343,27230.0,0.6753326437124294,68182.18901196413,0.00019913960812265806,98.10108455525966,127.53140992183756,10.0,45.0,1.9913960812265806e-05,145.26335350232696
,,,,,88764.41473146874,27240.0,0.6755317833205521,68280.31902420668,0.00019913960812265806,98.1300122425507,127.56901591531592,10.0,45.0,1.9913960812265806e-05,145.26335350232696
,,,,,88892.02135337754,27250.0,0.6757309229286748,68378.47796413652,0.00019913960812265806,98.15893992984174,127.60662190879427,10.0,45.0,1.9913960812265806e-05,145.26335350232696
,,,,,89019.66558127981,27260.0,0.6759300625367974,68476.66583175365,0.00019913960812265806,98.18786761713278,127.64422790227262,10.0,45.0,1.9913960812265806e-05,145.26335350232696
,,,,,89147.34741517557,27270.0,0.6761292021449201,68574.88262705808,0.00019913960812265806,98.21679530442381,127.68183389575096,10.0,45.0,1.9913960812265806e-05,145.26335350232696
,,,,,89210.4224173808,27280.0,0.6766810422514498,68623.40185952364,0.0005518401065296853,48.519232465563114,63.07500220523205,10.0,2.0,5.518401065296853e-05,71.70177592700125
,,,,,89273.5488578764,27290.0,0.6772328823579794,68671.96065990487,0.0005518401065296853,48.55880038122904,63.126440495597755,10.0,2.0,5.518401065296853e-05,71.70177592700125
,,,,,89336.72673666237,27300.0,0.677784722464509,68720.55902820177,0.0005518401065296853,48.59836829689496,63.17787878596345,10.0,2.0,5.518401065296853e-05,71.70177592700125
,,,,,89399.9560537387,27310.0,0.6783365625710387,68769.19696441432,0.0005518401065296853,48.63793621256088,63.229317076329146,10.0,2.0,5.518401065296853e-05,71.70177592700125
,,,,,89463.2368091054,27320.0,0.6788884026775683,68817.87446854255,0.0005518401065296853,48.6775041282268,63.28075536669484,10.0,2.0,5.518401065296853e-05,71.70177592700125
,,,,,89526.56900276245,27330.0,0.679440242784098,68866.59154058644,0.0005518401065296853,48.71707204389272,63.332193657060536,10.0,2.0,5.518401065296853e-05,71.70177592700125
,,,,,89589.95263470987,27340.0,0.6799920828906276,68915.34818054599,0.0005518401065296853,48.75663995955864,63.38363194742624,10.0,2.0,5.518401065296853e-05,71.70177592700125
,,,,,89653.38770494766,27350.0,0.6805439229971573,68964.14438842122,0.0005518401065296853,48.79620787522456,63.43507023779193,10.0,2.0,5.518401065296853e-05,71.70177592700125
,,,,,89716.87421347582,27360.0,0.6810957631036869,69012.98016421212,0.0005518401065296853,48.83577579089049,63.486508528157636,10.0,2.0,5.518401065296853e-05,71.70177592700125
,,,,,89780.41216029435,27370.0,0.6816476032102166,69061.85550791868,0.0005518401065296853,48.87534370655641,63.53794681852333,10.0,2.0,5.518401065296853e-05,71.70177592700125
,,,,,89844.00154540324,27380.0,0.6821994433167462,69110.7704195409,0.0005518401065296853,48.91491162222233,63.589385108889026,10.0,2.0,5.518401065296853e-05,71.70177592700125
,,,,,89907.6423688025,27390.0,0.6827512834232758,69159.72489907879,0.0005518401065296853,48.95447953788825,63.64082339925472,10.0,2.0,5.518401065296853e-05,71.70177592700125
,,,,,89971.33463049211,27400.0,0.6833031235298055,69208.71894653235,0.0005518401065296853,48.99404745355417,63.692261689620416,10.0,2.0,5.518401065296853e-05,71.70177592700125
,,,,,90035.0783304721,27410.0,0.6838549636363351,69257.75256190157,0.0005518401065296853,49.03361536922009,63.74369997998612,10.0,2.0,5.518401065296853e-05,71.70177592700125
,,,,,90098.87346874244,27420.0,0.6844068037428648,69306.82574518645,0.0005518401065296853,49.073183284886014,63.79513827035182,10.0,2.0,5.518401065296853e-05,71.70177592700125
,,,,,90162.72004530315,27430.0,0.6849586438493944,69355.938496387,0.0005518401065296853,49.11275120055193,63.846576560717516,10.0,2.0,5.518401065296853e-05,71.70177592700125
,,,,,90226.61806015424,27440.0,0.6855104839559241,69405.09081550321,0.0005518401065296853,49.15231911621785,63.89801485108321,10.0,2.0,5.518401065296853e-05,71.70177592700125
,,,,,90290.5675132957,27450.0,0.6860623240624537,69454.28270253509,0.0005518401065296853,49.19188703188377,63.949453141448906,10.0,2.0,5.518401065296853e-05,71.70177592700125
,,,,,90354.56840472751,27460.0,0.6866141641689834,69503.51415748264,0.0005518401065296853,49.23145494754969,64.00089143181461,10.0,2.0,5.518401065296853e-05,71.70177592700125
,,,,,90418.6207344497,27470.0,0.687166004275513,69552.78518034586,0.0005518401065296853,49.27102286321561,64.0523297221803,10.0,2.0,5.518401065296853e-05,71.70177592700125
,,,,,90482.72450246224,27480.0,0.6877178443820426,69602.09577112475,0.0005518401065296853,49.31059077888154,64.103768012546,10.0,2.0,5.518401065296853e-05,71.70177592700125
,,,,,90546.87970876515,27490.0,0.6882696844885723,69651.4459298193,0.0005518401065296853,49.35015869454746,64.1552063029117,10.0,2.0,5.518401065296853e-05,71.70177592700125
,,,,,90611.08635335842,27500.0,0.6888215245951019,69700.83565642951,0.0005518401065296853,49.38972661021338,64.2066445932774,10.0,2.0,5.518401065296853e-05,71.70177592700125
,,,,,90675.34443624206,27510.0,0.6893733647016316,69750.26495095539,0.0005518401065296853,49.4292945258793,64.2580828836431,10.0,2.0,5.518401065296853e-05,71.70177592700125
,,,,,90739.65395741607,27520.0,0.6899252048081612,69799.73381339693,0.0005518401065296853,49.46886244154522,64.3095211740088,10.0,2.0,5.518401065296853e-05,71.70177592700125
,,,,,90804.01491688045,27530.0,0.6904770449146909,69849.24224375414,0.0005518401065296853,49.50843035721114,64.36095946437449,10.0,2.0,5.518401065296853e-05,71.70177592700125
,,,,,90868.42731463519,27540.0,0.6910288850212205,69898.79024202701,0.0005518401065296853,49.54799827287707,64.41239775474018,10.0,2.0,5.518401065296853e-05,71.70177592700125
,,,,,90932.8911506803,27550.0,0.6915807251277502,69948.37780821555,0.0005518401065296853,49.587566188542986,64.46383604510588,10.0,2.0,5.518401065296853e-05,71.70177592700125
,,,,,90997.40642501577,27560.0,0.6921325652342798,69998.00494231976,0.0005518401065296853,49.627134104208906,64.51527433547157,10.0,2.0,5.518401065296853e-05,71.70177592700125
,,,,,91061.9731376416,27570.0,0.6926844053408094,70047.67164433964,0.0005518401065296853,49.666702019874826,64.56671262583728,10.0,2.0,5.518401065296853e-05,71.70177592700125
,,,,,91126.5912885578,27580.0,0.6932362454473391,70097.37791427519,0.0005518401065296853,49.706269935540746,64.61815091620298,10.0,2.0,5.518401065296853e-05,71.70177592700125
,,,,,91191.26087776436,27590.0,0.6937880855538687,70147.1237521264,0.0005518401065296853,49.745837851206666,64.66958920656867,10.0,2.0,5.518401065296853e-05,71.70177592700125
,,,,,91255.9819052613,27600.0,0.6943399256603984,70196.90915789327,0.0005518401065296853,49.78540576687259,64.72102749693437,10.0,2.0,5.518401065296853e-05,71.70177592700125
,,,,,91320.7543710486,27610.0,0.694891765766928,70246.73413157581,0.0005518401065296853,49.82497368253851,64.77246578730006,10.0,2.0,5.518401065296853e-05,71.70177592700125
,,,,,91385.57827512627,27620.0,0.6954436058734577,70296.59867317401,0.0005518401065296853,49.86454159820443,64.82390407766576,10.0,2.0,5.518401065296853e-05,71.70177592700125
,,,,,91450.4536174943,27630.0,0.6959954459799873,70346.50278268788,0.0005518401065296853,49.90410951387035,64.87534236803145,10.0,2.0,5.518401065296853e-05,71.70177592700125
,,,,,91515.3803981527,27640.0,0.696547286086517,70396.44646011741,0.0005518401065296853,49.94367742953627,64.92678065839716,10.0,2.0,5.518401065296853e-05,71.70177592700125
,,,,,91580.35861710146,27650.0,0.6970991261930466,70446.42970546261,0.0005518401065296853,49.98324534520219,64.97821894876286,10.0,2.0,5.518401065296853e-05,71.70177592700125
,,,,,91645.38827434058,27660.0,0.6976509662995762,70496.45251872347,0.0005518401065296853,50.02281326086812,65.02965723912855,10.0,2.0,5.518401065296853e-05,71.70177592700125
,,,,,91710.46936987007,27670.0,0.6982028064061059,70546.51489990001,0.0005518401065296853,50.06238117653404,65.08109552949425,10.0,2.0,5.518401065296853e-05,71.70177592700125
,,,,,91775.60190368994,27680.0,0.6987546465126355,70596.61684899221,0.0005518401065296853,50.10194909219996,65.13253381985994,10.0,2.0,5.518401065296853e-05,71.70177592700125
,,,,,91840.78587580017,27690.0,0.6993064866191652,70646.75836600008,0.0005518401065296853,50.14151700786588,65.18397211022564,10.0,2.0,5.518401065296853e-05,71.70177592700125
,,,,,91906.02128620076,27700.0,0.6998583267256948,70696.93945092362,0.0005518401065296853,50.1810849235318,65.23541040059133,10.0,2.0,5.518401065296853e-05,71.70177592700125
,,,,,91971.30813489172,27710.0,0.7004101668322245,70747.16010376281,0.0005518401065296853,50.22065283919772,65.28684869095704,10.0,2.0,5.518401065296853e-05,71.70177592700125
,,,,,92036.64642187304,27720.0,0.7009620069387541,70797.42032451768,0.0005518401065296853,50.260220754863646,65.33828698132274,10.0,2.0,5.518401065296853e-05,71.70177592700125
,,,,,92102.03614714472,27730.0,0.7015138470452837,70847.7201131882,0.0005518401065296853,50.299788670529566,65.38972527168843,10.0,2.0,5.518401065296853e-05,71.70177592700125
,,,,,92167.47731070677,27740.0,0.7020656871518134,70898.0594697744,0.0005518401065296853,50.339356586195485,65.44116356205413,10.0,2.0,5.518401065296853e-05,71.70177592700125
,,,,,92232.96991255919,27750.0,0.702617527258343,70948.43839427625,0.0005518401065296853,50.378924501861405,65.49260185241982,10.0,2.0,5.518401065296853e-05,71.70177592700125
,,,,,92298.51395270198,27760.0,0.7031693673648727,70998.85688669377,0.0005518401065296853,50.418492417527325,65.54404014278552,10.0,2.0,5.518401065296853e-05,71.70177592700125
,,,,,92364.10943113513,27770.0,0.7037212074714023,71049.31494702697,0.0005518401065296853,50.458060333193245,65.59547843315121,10.0,2.0,5.518401065296853e-05,71.70177592700125
,,,,,92429.75634785865,27780.0,0.704273047577932,71099.81257527584,0.0005518401065296853,50.497628248859165,65.64691672351692,10.0,2.0,5.518401065296853e-05,71.70177592700125
,,,,,92466.16094195266,27790.0,0.7048248876844616,71127.8161091943,0.0005518401065296853,28.00353391846624,36.404594094006114,10.0,1.0,5.518401065296853e-05,39.731193389701865
,,,,,92502.59403889246,27800.0,0.7053767277909913,71155.84156837876,0.0005518401065296853,28.025459184458963,36.433096939796656,10.0,1.0,5.518401065296853e-05,39.731193389701865
,,,,,92539.05563867805,27810.0,0.7059285678975209,71183.8889528292,0.0005518401065296853,28.047384450451688,36.4615997855872,10.0,1.0,5.518401065296853e-05,39.731193389701865
,,,,,92575.54574130943,27820.0,0.7064804080040505,71211.95826254565,0.0005518401065296853,28.06930971644441,36.49010263137773,10.0,1.0,5.518401065296853e-05,39.731193389701865
,,,,,92612.06434678659,27830.0,0.7070322481105802,71240.04949752809,0.0005518401065296853,28.091234982437133,36.51860547716827,10.0,1.0,5.518401065296853e-05,39.731193389701865
,,,,,92648.61145510955,27840.0,0.7075840882171098,71268.16265777651,0.0005518401065296853,28.113160248429857,36.54710832295881,10.0,1.0,5.518401065296853e-05,39.731193389701865
,,,,,92685.1870662783,27850.0,0.7081359283236395,71296.29774329094,0.0005518401065296853,28.135085514422578,36.575611168749354,10.0,1.0,5.518401065296853e-05,39.731193389701865
,,,,,92721.79118029284,27860.0,0.7086877684301691,71324.45475407135,0.0005518401065296853,28.157010780415302,36.604114014539896,10.0,1.0,5.518401065296853e-05,39.731193389701865
,,,,,92758.42379715317,27870.0,0.7092396085366988,71352.63369011776,0.0005518401065296853,28.178936046408023,36.63261686033043,10.0,1.0,5.518401065296853e-05,39.731193389701865
,,,,,92795.08491685928,27880.0,0.7097914486432284,71380.83455143016,0.0005518401065296853,28.200861312400747,36.66111970612097,10.0,1.0,5.518401065296853e-05,39.731193389701865
,,,,,92831.7745394112,27890.0,0.710343288749758,71409.05733800856,0.0005518401065296853,28.22278657839347,36.68962255191151,10.0,1.0,5.518401065296853e-05,39.731193389701865
,,,,,92868.4926648089,27900.0,0.7108951288562877,71437.30204985294,0.0005518401065296853,28.24471184438619,36.71812539770205,10.0,1.0,5.518401065296853e-05,39.731193389701865
,,,,,92905.2392930524,27910.0,0.7114469689628173,71465.56868696332,0.0005518401065296853,28.266637110378916,36.746628243492594,10.0,1.0,5.518401065296853e-05,39.731193389701865
,,,,,92942.01442414167,27920.0,0.711998809069347,71493.8572493397,0.0005518401065296853,28.28856237637164,36.775131089283136,10.0,1.0,5.518401065296853e-05,39.731193389701865
,,,,,92978.81805807675,27930.0,0.7125506491758766,71522.16773698205,0.0005518401065296853,28.31048764236436,36.80363393507367,10.0,1.0,5.518401065296853e-05,39.731193389701865
,,,,,93015.65019485762,27940.0,0.7131024892824063,71550.50014989042,0.0005518401065296853,28.332412908357085,36.83213678086421,10.0,1.0,5.518401065296853e-05,39.731193389701865
,,,,,93052.51083448427,27950.0,0.7136543293889359,71578.85448806477,0.0005518401065296853,28.35433817434981,36.86063962665475,10.0,1.0,5.518401065296853e-05,39.731193389701865
,,,,,93089.39997695672,27960.0,0.7142061694954656,71607.2307515051,0.0005518401065296853,28.37626344034253,36.88914247244529,10.0,1.0,5.518401065296853e-05,39.731193389701865
,,,,,93126.31762227495,27970.0,0.7147580096019952,71635.62894021145,0.0005518401065296853,28.398188706335254,36.917645318235834,10.0,1.0,5.518401065296853e-05,39.731193389701865
,,,,,93163.26377043898,27980.0,0.7153098497085248,71664.04905418378,0.0005518401065296853,28.420113972327975,36.94614816402637,10.0,1.0,5.518401065296853e-05,39.731193389701865
,,,,,93200.2384214488,27990.0,0.7158616898150545,71692.4910934221,0.0005518401065296853,28.4420392383207,36.97465100981691,10.0,1.0,5.518401065296853e-05,39.731193389701865
,,,,,93237.2415753044,28000.0,0.7164135299215841,71720.9550579264,0.0005518401065296853,28.463964504313424,37.00315385560745,10.0,1.0,5.518401065296853e-05,39.731193389701865
,,,,,93274.2732320058,28010.0,0.7169653700281138,71749.44094769671,0.0005518401065296853,28.485889770306144,37.03165670139799,10.0,1.0,5.518401065296853e-05,39.731193389701865
,,,,,93311.33339155298,28020.0,0.7175172101346434,71777.94876273301,0.0005518401065296853,28.50781503629887,37.06015954718853,10.0,1.0,5.518401065296853e-05,39.731193389701865
,,,,,93348.42205394596,28030.0,0.7180690502411731,71806.4785030353,0.0005518401065296853,28.529740302291593,37.088662392979074,10.0,1.0,5.518401065296853e-05,39.731193389701865
,,,,,93385.53921918473,28040.0,0.7186208903477027,71835.03016860358,0.0005518401065296853,28.551665568284314,37.11716523876961,10.0,1.0,5.518401065296853e-05,39.731193389701865
,,,,,93422.6848872693,28050.0,0.7191727304542324,71863.60375943786,0.0005518401065296853,28.573590834277038,37.14566808456015,10.0,1.0,5.518401065296853e-05,39.731193389701865
,,,,,93459.85905819964,28060.0,0.719724570560762,71892.19927553812,0.0005518401065296853,28.595516100269762,37.17417093035069,10.0,1.0,5.518401065296853e-05,39.731193389701865
,,,,,93497.06173197579,28070.0,0.7202764106672916,71920.81671690439,0.0005518401065296853,28.617441366262483,37.20267377614123,10.0,1.0,5.518401065296853e-05,39.731193389701865
,,,,,93534.29290859772,28080.0,0.7208282507738213,71949.45608353664,0.0005518401065296853,28.639366632255207,37.23117662193177,10.0,1.0,5.518401065296853e-05,39.731193389701865
,,,,,93571.55258806545,28090.0,0.7213800908803509,71978.11737543489,0.0005518401065296853,28.661291898247928,37.25967946772231,10.0,1.0,5.518401065296853e-05,39.731193389701865
,,,,,93608.84077037896,28100.0,0.7219319309868806,72006.80059259913,0.0005518401065296853,28.683217164240652,37.28818231351285,10.0,1.0,5.518401065296853e-05,39.731193389701865
,,,,,93646.15745553825,28110.0,0.7224837710934102,72035.50573502936,0.0005518401065296853,28.705142430233376,37.31668515930339,10.0,1.0,5.518401065296853e-05,39.731193389701865
,,,,,93683.50264354335,28120.0,0.7230356111999399,72064.23280272559,0.0005518401065296853,28.727067696226097,37.34518800509393,10.0,1.0,5.518401065296853e-05,39.731193389701865
,,,,,93720.87633439424,28130.0,0.7235874513064695,72092.98179568781,0.0005518401065296853,28.74899296221882,37.37369085088447,10.0,1.0,5.518401065296853e-05,39.731193389701865
,,,,,93758.27852809092,28140.0,0.7241392914129992,72121.75271391602,0.0005518401065296853,28.770918228211546,37.40219369667501,10.0,1.0,5.518401065296853e-05,39.731193389701865
,,,,,93795.70922463338,28150.0,0.7246911315195288,72150.54555741022,0.0005518401065296853,28.792843494204266,37.43069654246555,10.0,1.0,5.518401065296853e-05,39.731193389701865
,,,,,93833.16842402163,28160.0,0.7252429716260584,72179.36032617043,0.0005518401065296853,28.81476876019699,37.45919938825609,10.0,1.0,5.518401065296853e-05,39.731193389701865
,,,,,93870.65612625568,28170.0,0.7257948117325881,72208.19702019662,0.0005518401065296853,28.836694026189715,37.48770223404663,10.0,1.0,5.518401065296853e-05,39.731193389701865
,,,,,93908.17233133552,28180.0,0.7263466518391177,72237.0556394888,0.0005518401065296853,28.858619292182436,37.51620507983717,10.0,1.0,5.518401065296853e-05,39.731193389701865
,,,,,93945.71703926114,28190.0,0.7268984919456474,72265.93618404698,0.0005518401065296853,28.88054455817516,37.54470792562771,10.0,1.0,5.518401065296853e-05,39.731193389701865
,,,,,93983.29025003256,28200.0,0.727450332052177,72294.83865387115,0.0005518401065296853,28.90246982416788,37.573210771418246,10.0,1.0,5.518401065296853e-05,39.731193389701865
,,,,,94020.89196364977,28210.0,0.7280021721587067,72323.76304896131,0.0005518401065296853,28.924395090160605,37.60171361720879,10.0,1.0,5.518401065296853e-05,39.731193389701865
,,,,,94058.52218011278,28220.0,0.7285540122652363,72352.70936931745,0.0005518401065296853,28.94632035615333,37.63021646299933,10.0,1.0,5.518401065296853e-05,39.731193389701865
,,,,,94096.18089942157,28230.0,0.729105852371766,72381.6776149396,0.0005518401065296853,28.96824562214605,37.65871930878986,10.0,1.0,5.518401065296853e-05,39.731193389701865
,,,,,94133.86812157615,28240.0,0.7296576924782956,72410.66778582774,0.0005518401065296853,28.990170888138774,37.68722215458041,10.0,1.0,5.518401065296853e-05,39.731193389701865
,,,,,94171.58384657651,28250.0,0.7302095325848252,72439.67988198187,0.0005518401065296853,29.0120961541315,37.71572500037095,10.0,1.0,5.518401065296853e-05,39.731193389701865
,,,,,94209.32807442268,28260.0,0.7307613726913549,72468.713903402,0.0005518401065296853,29.03402142012422,37.744227846161486,10.0,1.0,5.518401065296853e-05,39.731193389701865
,,,,,94247.10080511463,28270.0,0.7313132127978845,72497.76985008811,0.0005518401065296853,29.055946686116943,37.77273069195203,10.0,1.0,5.518401065296853e-05,39.731193389701865
,,,,,94284.90203865238,28280.0,0.7318650529044142,72526.84772204021,0.0005518401065296853,29.077871952109668,37.80123353774257,10.0,1.0,5.518401065296853e-05,39.731193389701865
,,,,,94322.7317750359,28290.0,0.7324168930109438,72555.94751925832,0.0005518401065296853,29.09979721810239,37.8297363835331,10.0,1.0,5.518401065296853e-05,39.731193389701865
,,,,,94360.59001426522,28300.0,0.7329687331174735,72585.06924174241,0.0005518401065296853,29.121722484095113,37.85823922932365,10.0,1.0,5.518401065296853e-05,39.731193389701865
,,,,,94398.47675634034,28310.0,0.7335205732240031,72614.2128894925,0.0005518401065296853,29.143647750087833,37.886742075114185,10.0,1.0,5.518401065296853e-05,39.731193389701865
,,,,,94436.39200126125,28320.0,0.7340724133305327,72643.37846250858,0.0005518401065296853,29.165573016080558,37.915244920904726,10.0,1.0,5.518401065296853e-05,39.731193389701865
,,,,,94474.33574902794,28330.0,0.7346242534370624,72672.56596079066,0.0005518401065296853,29.187498282073282,37.94374776669527,10.0,1.0,5.518401065296853e-05,39.731193389701865
,,,,,94512.30799964043,28340.0,0.735176093543592,72701.77538433872,0.0005518401065296853,29.209423548066002,37.9722506124858,10.0,1.0,5.518401065296853e-05,39.731193389701865
,,,,,94550.3087530987,28350.0,0.7357279336501217,72731.00673315278,0.0005518401065296853,29.231348814058727,38.00075345827634,10.0,1.0,5.518401065296853e-05,39.731193389701865
,,,,,94588.33800940277,28360.0,0.7362797737566513,72760.26000723284,0.0005518401065296853,29.25327408005145,38.02925630406689,10.0,1.0,5.518401065296853e-05,39.731193389701865
,,,,,94626.39576855263,28370.0,0.736831613863181,72789.53520657888,0.0005518401065296853,29.27519934604417,38.057759149857425,10.0,1.0,5.518401065296853e-05,39.731193389701865
,,,,,94664.48203054827,28380.0,0.7373834539697106,72818.83233119092,0.0005518401065296853,29.297124612036896,38.086261995647966,10.0,1.0,5.518401065296853e-05,39.731193389701865
,,,,,94702.5967953897,28390.0,0.7379352940762403,72848.15138106895,0.0005518401065296853,29.31904987802962,38.11476484143851,10.0,1.0,5.518401065296853e-05,39.731193389701865
,,,,,94740.74006307694,28400.0,0.7384871341827699,72877.49235621297,0.0005518401065296853,29.34097514402234,38.14326768722904,10.0,1.0,5.518401065296853e-05,39.731193389701865
,,,,,94778.91183360996,28410.0,0.7390389742892995,72906.85525662299,0.0005518401065296853,29.362900410015065,38.17177053301958,10.0,1.0,5.518401065296853e-05,39.731193389701865
,,,,,94817.11210698877,28420.0,0.7395908143958292,72936.240082299,0.0005518401065296853,29.384825676007786,38.200273378810124,10.0,1.0,5.518401065296853e-05,39.731193389701865
,,,,,94855.34088321337,28430.0,0.7401426545023588,72965.646833241,0.0005518401065296853,29.40675094200051,38.228776224600665,10.0,1.0,5.518401065296853e-05,39.731193389701865
,,,,,94893.59816228376,28440.0,0.7406944946088885,72995.07550944899,0.0005518401065296853,29.428676207993234,38.257279070391206,10.0,1.0,5.518401065296853e-05,39.731193389701865
,,,,,94931.88394419994,28450.0,0.7412463347154181,73024.52611092298,0.0005518401065296853,29.450601473985955,38.28578191618174,10.0,1.0,5.518401065296853e-05,39.731193389701865
,,,,,94970.19822896192,28460.0,0.7417981748219478,73053.99863766295,0.0005518401065296853,29.47252673997868,38.31428476197228,10.0,1.0,5.518401065296853e-05,39.731193389701865
,,,,,95008.54101656968,28470.0,0.7423500149284774,73083.49308966892,0.0005518401065296853,29.494452005971404,38.34278760776282,10.0,1.0,5.518401065296853e-05,39.731193389701865
,,,,,95046.91230702323,28480.0,0.742901855035007,73113.00946694089,0.0005518401065296853,29.516377271964124,38.371290453553364,10.0,1.0,5.518401065296853e-05,39.731193389701865
,,,,,95085.31210032257,28490.0,0.7434536951415367,73142.54776947884,0.0005518401065296853,29.53830253795685,38.399793299343905,10.0,1.0,5.518401065296853e-05,39.731193389701865
,,,,,95123.7403964677,28500.0,0.7440055352480663,73172.10799728279,0.0005518401065296853,29.56022780394957,38.42829614513444,10.0,1.0,5.518401065296853e-05,39.731193389701865
,,,,,95162.19719545863,28510.0,0.744557375354596,73201.69015035273,0.0005518401065296853,29.582153069942294,38.45679899092498,10.0,1.0,5.518401065296853e-05,39.731193389701865
,,,,,95200.68249729535,28520.0,0.7451092154611256,73231.29422868867,0.0005518401065296853,29.604078335935018,38.48530183671552,10.0,1.0,5.518401065296853e-05,39.731193389701865
,,,,,95239.19630197785,28530.0,0.7456610555676553,73260.92023229059,0.0005518401065296853,29.62600360192774,38.51380468250606,10.0,1.0,5.518401065296853e-05,39.731193389701865
,,,,,95277.73860950615,28540.0,0.7462128956741849,73290.56816115852,0.0005518401065296853,29.647928867920463,38.542307528296604,10.0,1.0,5.518401065296853e-05,39.731193389701865
,,,,,95316.30941988024,28550.0,0.7467647357807146,73320.23801529243,0.0005518401065296853,29.669854133913187,38.570810374087145,10.0,1.0,5.518401065296853e-05,39.731193389701865
,,,,,95354.90873310012,28560.0,0.7473165758872442,73349.92979469233,0.0005518401065296853,29.691779399905908,38.59931321987768,10.0,1.0,5.518401065296853e-05,39.731193389701865
,,,,,95393.53654916579,28570.0,0.7478684159937738,73379.64349935824,0.0005518401065296853,29.713704665898632,38.62781606566822,10.0,1.0,5.518401065296853e-05,39.731193389701865
,,,,,95432.19286807724,28580.0,0.7484202561003035,73409.37912929013,0.0005518401065296853,29.735629931891356,38.65631891145876,10.0,1.0,5.518401065296853e-05,39.731193389701865
,,,,,95470.8776898345,28590.0,0.7489720962068331,73439.13668448801,0.0005518401065296853,29.757555197884077,38.6848217572493,10.0,1.0,5.518401065296853e-05,39.731193389701865
,,,,,95509.59101443754,28600.0,0.7495239363133628,73468.9161649519,0.0005518401065296853,29.7794804638768,38.713324603039844,10.0,1.0,5.518401065296853e-05,39.731193389701865
,,,,,95548.33284188637,28610.0,0.7500757764198924,73498.71757068177,0.0005518401065296853,29.801405729869522,38.74182744883038,10.0,1.0,5.518401065296853e-05,39.731193389701865
,,,,,95587.10317218098,28620.0,0.7506276165264221,73528.54090167762,0.0005518401065296853,29.823330995862246,38.77033029462092,10.0,1.0,5.518401065296853e-05,39.731193389701865
,,,,,95625.90200532139,28630.0,0.7511794566329517,73558.38615793949,0.0005518401065296853,29.84525626185497,38.79883314041146,10.0,1.0,5.518401065296853e-05,39.731193389701865
,,,,,95664.7293413076,28640.0,0.7517312967394814,73588.25333946734,0.0005518401065296853,29.86718152784769,38.827335986202,10.0,1.0,5.518401065296853e-05,39.731193389701865
,,,,,95703.58518013959,28650.0,0.752283136846011,73618.14244626118,0.0005518401065296853,29.889106793840416,38.85583883199254,10.0,1.0,5.518401065296853e-05,39.731193389701865
,,,,,95742.46952181737,28660.0,0.7528349769525406,73648.053478321,0.0005518401065296853,29.91103205983314,38.884341677783084,10.0,1.0,5.518401065296853e-05,39.731193389701865
,,,,,95781.38236634094,28670.0,0.7533868170590703,73677.98643564683,0.0005518401065296853,29.93295732582586,38.91284452357362,10.0,1.0,5.518401065296853e-05,39.731193389701865
,,,,,95820.32371371031,28680.0,0.7539386571655999,73707.94131823865,0.0005518401065296853,29.954882591818585,38.94134736936416,10.0,1.0,5.518401065296853e-05,39.731193389701865
,,,,,95859.29356392547,28690.0,0.7544904972721296,73737.91812609645,0.0005518401065296853,29.97680785781131,38.9698502151547,10.0,1.0,5.518401065296853e-05,39.731193389701865
,,,,,95898.29191698642,28700.0,0.7550423373786592,73767.91685922026,0.0005518401065296853,29.99873312380403,38.99835306094524,10.0,1.0,5.518401065296853e-05,39.731193389701865
,,,,,95937.31877289315,28710.0,0.7555941774851889,73797.93751761006,0.0005518401065296853,30.020658389796754,39.02685590673578,10.0,1.0,5.518401065296853e-05,39.731193389701865
,,,,,95976.37413164567,28720.0,0.7561460175917185,73827.98010126584,0.0005518401065296853,30.042583655789475,39.05535875252632,10.0,1.0,5.518401065296853e-05,39.731193389701865
,,,,,96015.457993244,28730.0,0.7566978576982482,73858.04461018763,0.0005518401065296853,30.0645089217822,39.08386159831686,10.0,1.0,5.518401065296853e-05,39.731193389701865
,,,,,96054.5703576881,28740.0,0.7572496978047778,73888.1310443754,0.0005518401065296853,30.086434187774923,39.1123644441074,10.0,1.0,5.518401065296853e-05,39.731193389701865
,,,,,96093.711224978,28750.0,0.7578015379113074,73918.23940382917,0.0005518401065296853,30.108359453767644,39.14086728989794,10.0,1.0,5.518401065296853e-05,39.731193389701865
,,,,,96132.88059511369,28760.0,0.7583533780178371,73948.36968854893,0.0005518401065296853,30.13028471976037,39.16937013568848,10.0,1.0,5.518401065296853e-05,39.731193389701865
,,,,,96172.07846809516,28770.0,0.7589052181243667,73978.52189853469,0.0005518401065296853,30.152209985753093,39.19787298147902,10.0,1.0,5.518401065296853e-05,39.731193389701865
,,,,,96211.30484392244,28780.0,0.7594570582308964,74008.69603378643,0.0005518401065296853,30.174135251745813,39.22637582726956,10.0,1.0,5.518401065296853e-05,39.731193389701865
,,,,,96250.5597225955,28790.0,0.760008898337426,74038.89209430417,0.0005518401065296853,30.196060517738537,39.2548786730601,10.0,1.0,5.518401065296853e-05,39.731193389701865
,,,,,96289.84310411435,28800.0,0.7605607384439557,74069.1100800879,0.0005518401065296853,30.21798578373126,39.28338151885064,10.0,1.0,5.518401065296853e-05,39.731193389701865
,,,,,96329.15498847899,28810.0,0.7611125785504853,74099.34999113763,0.0005518401065296853,30.239911049723982,39.31188436464118,10.0,1.0,5.518401065296853e-05,39.731193389701865
,,,,,96368.49537568941,28820.0,0.761664418657015,74129.61182745335,0.0005518401065296853,30.261836315716707,39.34038721043172,10.0,1.0,5.518401065296853e-05,39.731193389701865
,,,,,96407.86426574564,28830.0,0.7622162587635446,74159.89558903506,0.0005518401065296853,30.283761581709427,39.368890056222256,10.0,1.0,5.518401065296853e-05,39.731193389701865
,,,,,96447.26165864765,28840.0,0.7627680988700742,74190.20127588276,0.0005518401065296853,30.30568684770215,39.3973929020128,10.0,1.0,5.518401065296853e-05,39.731193389701865
,,,,,96486.68755439545,28850.0,0.7633199389766039,74220.52888799645,0.0005518401065296853,30.327612113694876,39.42589574780334,10.0,1.0,5.518401065296853e-05,39.731193389701865
,,,,,96526.14195298904,28860.0,0.7638717790831335,74250.87842537614,0.0005518401065296853,30.349537379687597,39.45439859359388,10.0,1.0,5.518401065296853e-05,39.731193389701865
,,,,,96565.62485442843,28870.0,0.7644236191896632,74281.24988802182,0.0005518401065296853,30.37146264568032,39.48290143938442,10.0,1.0,5.518401065296853e-05,39.731193389701865
,,,,,96605.13625871361,28880.0,0.7649754592961928,74311.64327593349,0.0005518401065296853,30.393387911673045,39.51140428517496,10.0,1.0,5.518401065296853e-05,39.731193389701865
,,,,,96644.67616584458,28890.0,0.7655272994027225,74342.05858911116,0.0005518401065296853,30.415313177665766,39.539907130965496,10.0,1.0,5.518401065296853e-05,39.731193389701865
,,,,,96684.24457582133,28900.0,0.7660791395092521,74372.49582755481,0.0005518401065296853,30.43723844365849,39.56840997675604,10.0,1.0,5.518401065296853e-05,39.731193389701865
,,,,,96723.84148864387,28910.0,0.7666309796157817,74402.95499126446,0.0005518401065296853,30.459163709651214,39.59691282254658,10.0,1.0,5.518401065296853e-05,39.731193389701865
,,,,,96763.46690431221,28920.0,0.7671828197223114,74433.4360802401,0.0005518401065296853,30.481088975643935,39.62541566833712,10.0,1.0,5.518401065296853e-05,39.731193389701865
,,,,,96803.12082282634,28930.0,0.767734659828841,74463.93909448174,0.0005518401065296853,30.50301424163666,39.65391851412766,10.0,1.0,5.518401065296853e-05,39.731193389701865
,,,,,96842.80324418626,28940.0,0.7682864999353707,74494.46403398937,0.0005518401065296853,30.52493950762938,39.682421359918195,10.0,1.0,5.518401065296853e-05,39.731193389701865
,,,,,96882.51416839196,28950.0,0.7688383400419003,74525.010898763,0.0005518401065296853,30.546864773622104,39.710924205708736,10.0,1.0,5.518401065296853e-05,39.731193389701865
,,,,,96922.25359544346,28960.0,0.76939018014843,74555.57968880261,0.0005518401065296853,30.56879003961483,39.73942705149928,10.0,1.0,5.518401065296853e-05,39.731193389701865
,,,,,96962.02152534075,28970.0,0.7699420202549596,74586.17040410821,0.0005518401065296853,30.59071530560755,39.76792989728982,10.0,1.0,5.518401065296853e-05,39.731193389701865
,,,,,97001.81795808383,28980.0,0.7704938603614893,74616.78304467982,0.0005518401065296853,30.612640571600274,39.79643274308036,10.0,1.0,5.518401065296853e-05,39.731193389701865
,,,,,97041.6428936727,28990.0,0.7710457004680189,74647.41761051741,0.0005518401065296853,30.634565837592998,39.8249355888709,10.0,1.0,5.518401065296853e-05,39.731193389701865
,,,,,97081.49633210736,29000.0,0.7715975405745485,74678.074101621,0.0005518401065296853,30.65649110358572,39.853438434661435,10.0,1.0,5.518401065296853e-05,39.731193389701865
,,,,,97121.37827338782,29010.0,0.7721493806810782,74708.75251799058,0.0005518401065296853,30.678416369578443,39.881941280451976,10.0,1.0,5.518401065296853e-05,39.731193389701865
,,,,,97161.28871751406,29020.0,0.7727012207876078,74739.45285962615,0.0005518401065296853,30.700341635571167,39.91044412624252,10.0,1.0,5.518401065296853e-05,39.731193389701865
,,,,,97201.2276644861,29030.0,0.7732530608941375,74770.17512652771,0.0005518401065296853,30.722266901563888,39.93894697203306,10.0,1.0,5.518401065296853e-05,39.731193389701865
,,,,,97241.19511430392,29040.0,0.7738049010006671,74800.91931869528,0.0005518401065296853,30.744192167556612,39.9674498178236,10.0,1.0,5.518401065296853e-05,39.731193389701865
,,,,,97281.19106696753,29050.0,0.7743567411071968,74831.68543612883,0.0005518401065296853,30.766117433549333,39.99595266361413,10.0,1.0,5.518401065296853e-05,39.731193389701865
,,,,,97321.21552247694,29060.0,0.7749085812137264,74862.47347882837,0.0005518401065296853,30.788042699542057,40.024455509404675,10.0,1.0,5.518401065296853e-05,39.731193389701865
,,,,,97361.26848083214,29070.0,0.775460421320256,74893.2834467939,0.0005518401065296853,30.80996796553478,40.052958355195216,10.0,1.0,5.518401065296853e-05,39.731193389701865
,,,,,97401.34994203312,29080.0,0.7760122614267857,74924.11534002543,0.0005518401065296853,30.831893231527502,40.08146120098576,10.0,1.0,5.518401065296853e-05,39.731193389701865
,,,,,97441.4599060799,29090.0,0.7765641015333153,74954.96915852294,0.0005518401065296853,30.853818497520226,40.1099640467763,10.0,1.0,5.518401065296853e-05,39.731193389701865
,,,,,97481.59837297245,29100.0,0.777115941639845,74985.84490228645,0.0005518401065296853,30.87574376351295,40.13846689256684,10.0,1.0,5.518401065296853e-05,39.731193389701865
,,,,,97521.76534271082,29110.0,0.7776677817463746,75016.74257131596,0.0005518401065296853,30.89766902950567,40.16696973835737,10.0,1.0,5.518401065296853e-05,39.731193389701865
,,,,,97561.96081529497,29120.0,0.7782196218529043,75047.66216561146,0.0005518401065296853,30.919594295498396,40.195472584147915,10.0,1.0,5.518401065296853e-05,39.731193389701865
,,,,,97602.1847907249,29130.0,0.7787714619594339,75078.60368517294,0.0005518401065296853,30.94151956149112,40.223975429938456,10.0,1.0,5.518401065296853e-05,39.731193389701865
,,,,,97642.43726900063,29140.0,0.7793233020659636,75109.56713000043,0.0005518401065296853,30.96344482748384,40.252478275729,10.0,1.0,5.518401065296853e-05,39.731193389701865
,,,,,97682.71825012215,29150.0,0.7798751421724932,75140.55250009391,0.0005518401065296853,30.985370093476565,40.28098112151954,10.0,1.0,5.518401065296853e-05,39.731193389701865
,,,,,97723.02773408947,29160.0,0.7804269822790229,75171.55979545337,0.0005518401065296853,31.007295359469286,40.30948396731007,10.0,1.0,5.518401065296853e-05,39.731193389701865
,,,,,97763.36572090257,29170.0,0.7809788223855525,75202.58901607884,0.0005518401065296853,31.02922062546201,40.33798681310061,10.0,1.0,5.518401065296853e-05,39.731193389701865
,,,,,97803.73221056146,29180.0,0.7815306624920821,75233.6401619703,0.0005518401065296853,31.051145891454734,40.366489658891155,10.0,1.0,5.518401065296853e-05,39.731193389701865
,,,,,97844.12720306613,29190.0,0.7820825025986118,75264.71323312774,0.0005518401065296853,31.073071157447455,40.394992504681696,10.0,1.0,5.518401065296853e-05,39.731193389701865
,,,,,97884.55069841661,29200.0,0.7826343427051414,75295.80822955118,0.0005518401065296853,31.09499642344018,40.42349535047224,10.0,1.0,5.518401065296853e-05,39.731193389701865
,,,,,97925.00269661288,29210.0,0.7831861828116711,75326.92515124062,0.0005518401065296853,31.116921689432903,40.45199819626278,10.0,1.0,5.518401065296853e-05,39.731193389701865
,,,,,97965.48319765493,29220.0,0.7837380229182007,75358.06399819604,0.0005518401065296853,31.138846955425624,40.48050104205331,10.0,1.0,5.518401065296853e-05,39.731193389701865
,,,,,98005.99220154277,29230.0,0.7842898630247304,75389.22477041747,0.0005518401065296853,31.16077222141835,40.50900388784385,10.0,1.0,5.518401065296853e-05,39.731193389701865
,,,,,98046.5297082764,29240.0,0.78484170313126,75420.40746790488,0.0005518401065296853,31.182697487411073,40.537506733634395,10.0,1.0,5.518401065296853e-05,39.731193389701865
,,,,,98087.09571785583,29250.0,0.7853935432377896,75451.61209065828,0.0005518401065296853,31.204622753403793,40.566009579424936,10.0,1.0,5.518401065296853e-05,39.731193389701865
,,,,,98127.69023028105,29260.0,0.7859453833443193,75482.83863867768,0.0005518401065296853,31.226548019396517,40.59451242521548,10.0,1.0,5.518401065296853e-05,39.731193389701865
,,,,,98168.31324555205,29270.0,0.7864972234508489,75514.08711196308,0.0005518401065296853,31.248473285389238,40.62301527100601,10.0,1.0,5.518401065296853e-05,39.731193389701865
,,,,,98208.96476366885,29280.0,0.7870490635573786,75545.35751051446,0.0005518401065296853,31.270398551381962,40.65151811679655,10.0,1.0,5.518401065296853e-05,39.731193389701865
,,,,,98249.64478463143,29290.0,0.7876009036639082,75576.64983433182,0.0005518401065296853,31.292323817374687,40.68002096258709,10.0,1.0,5.518401065296853e-05,39.731193389701865
,,,,,98260.10933356061,29300.0,0.7881527437704379,75584.69948735427,0.0005518401065296853,8.049653022450544,10.464548929185707,10.0,110.0,5.518401065296853e-05,10.213315992458353
,,,,,98270.5812094424,29310.0,0.7887045838769675,75592.75477649411,0.0005518401065296853,8.055289139835843,10.471875881786596,10.0,110.0,5.518401065296853e-05,10.213315992458353
,,,,,98281.0604122768,29320.0,0.7892564239834972,75600.81570175133,0.0005518401065296853,8.060925257221141,10.479202834387484,10.0,110.0,5.518401065296853e-05,10.213315992458353
,,,,,98291.54694206378,29330.0,0.7898082640900268,75608.88226312594,0.0005518401065296853,8.066561374606442,10.486529786988376,10.0,110.0,5.518401065296853e-05,10.213315992458353
,,,,,98302.04079880337,29340.0,0.7903601041965564,75616.95446061793,0.0005518401065296853,8.07219749199174,10.493856739589264,10.0,110.0,5.518401065296853e-05,10.213315992458353
,,,,,98312.54198249556,29350.0,0.7909119443030861,75625.0322942273,0.0005518401065296853,8.07783360937704,10.501183692190152,10.0,110.0,5.518401065296853e-05,10.213315992458353
,,,,,98323.05049314036,29360.0,0.7914637844096157,75633.11576395406,0.0005518401065296853,8.083469726762338,10.50851064479104,10.0,110.0,5.518401065296853e-05,10.213315992458353
,,,,,98333.56633073775,29370.0,0.7920156245161454,75641.20486979821,0.0005518401065296853,8.089105844147637,10.51583759739193,10.0,110.0,5.518401065296853e-05,10.213315992458353
,,,,,98344.08949528774,29380.0,0.792567464622675,75649.29961175974,0.0005518401065296853,8.094741961532938,10.523164549992819,10.0,110.0,5.518401065296853e-05,10.213315992458353
,,,,,98354.61998679033,29390.0,0.7931193047292047,75657.39998983865,0.0005518401065296853,8.100378078918236,10.530491502593708,10.0,110.0,5.518401065296853e-05,10.213315992458353
,,,,,98365.15780524553,29400.0,0.7936711448357343,75665.50600403496,0.0005518401065296853,8.106014196303535,10.537818455194596,10.0,110.0,5.518401065296853e-05,10.213315992458353
,,,,,98375.70295065333,29410.0,0.794222984942264,75673.61765434865,0.0005518401065296853,8.111650313688834,10.545145407795484,10.0,110.0,5.518401065296853e-05,10.213315992458353
,,,,,98386.25542301373,29420.0,0.7947748250487936,75681.73494077973,0.0005518401065296853,8.117286431074133,10.552472360396374,10.0,110.0,5.518401065296853e-05,10.213315992458353
,,,,,98396.81522232672,29430.0,0.7953266651553232,75689.85786332819,0.0005518401065296853,8.122922548459433,10.559799312997264,10.0,110.0,5.518401065296853e-05,10.213315992458353
,,,,,98407.38234859232,29440.0,0.7958785052618529,75697.98642199404,0.0005518401065296853,8.128558665844732,10.567126265598151,10.0,110.0,5.518401065296853e-05,10.213315992458353
,,,,,98417.95680181052,29450.0,0.7964303453683825,75706.12061677726,0.0005518401065296853,8.134194783230031,10.574453218199041,10.0,110.0,5.518401065296853e-05,10.213315992458353
,,,,,98428.53858198132,29460.0,0.7969821854749122,75714.26044767788,0.0005518401065296853,8.13983090061533,10.581780170799929,10.0,110.0,5.518401065296853e-05,10.213315992458353
,,,,,98439.12768910473,29470.0,0.7975340255814418,75722.40591469588,0.0005518401065296853,8.145467018000629,10.589107123400817,10.0,110.0,5.518401065296853e-05,10.213315992458353
,,,,,98449.72412318073,29480.0,0.7980858656879715,75730.55701783126,0.0005518401065296853,8.15110313538593,10.596434076001708,10.0,110.0,5.518401065296853e-05,10.213315992458353
,,,,,98460.32788420933,29490.0,0.7986377057945011,75738.71375708403,0.0005518401065296853,8.156739252771228,10.603761028602596,10.0,110.0,5.518401065296853e-05,10.213315992458353
,,,,,98470.93897219053,29500.0,0.7991895459010308,75746.87613245418,0.0005518401065296853,8.162375370156527,10.611087981203486,10.0,110.0,5.518401065296853e-05,10.213315992458353
,,,,,98481.55738712434,29510.0,0.7997413860075604,75755.04414394173,0.0005518401065296853,8.168011487541825,10.618414933804374,10.0,110.0,5.518401065296853e-05,10.213315992458353
,,,,,98492.18312901075,29520.0,0.80029322611409,75763.21779154666,0.0005518401065296853,8.173647604927124,10.625741886405262,10.0,110.0,5.518401065296853e-05,10.213315992458353
,,,,,98502.81619784975,29530.0,0.8008450662206197,75771.39707526898,0.0005518401065296853,8.179283722312425,10.633068839006153,10.0,110.0,5.518401065296853e-05,10.213315992458353
,,,,,98513.45659364136,29540.0,0.8013969063271493,75779.58199510867,0.0005518401065296853,8.184919839697724,10.640395791607041,10.0,110.0,5.518401065296853e-05,10.213315992458353
,,,,,98524.10431638556,29550.0,0.801948746433679,75787.77255106576,0.0005518401065296853,8.190555957083022,10.647722744207929,10.0,110.0,5.518401065296853e-05,10.213315992458353
,,,,,98534.75936608238,29560.0,0.8025005865402086,75795.96874314023,0.0005518401065296853,8.196192074468321,10.655049696808819,10.0,110.0,5.518401065296853e-05,10.213315992458353
,,,,,98545.42174273179,29570.0,0.8030524266467383,75804.17057133208,0.0005518401065296853,8.20182819185362,10.662376649409707,10.0,110.0,5.518401065296853e-05,10.213315992458353
,,,,,98556.0914463338,29580.0,0.8036042667532679,75812.37803564132,0.0005518401065296853,8.20746430923892,10.669703602010598,10.0,110.0,5.518401065296853e-05,10.213315992458353
,,,,,98566.7684768884,29590.0,0.8041561068597975,75820.59113606795,0.0005518401065296853,8.21310042662422,10.677030554611486,10.0,110.0,5.518401065296853e-05,10.213315992458353
,,,,,98577.45283439562,29600.0,0.8047079469663272,75828.80987261195,0.0005518401065296853,8.218736544009518,10.684357507212374,10.0,110.0,5.518401065296853e-05,10.213315992458353
,,,,,98588.14451885544,29610.0,0.8052597870728568,75837.03424527335,0.0005518401065296853,8.224372661394817,10.691684459813262,10.0,110.0,5.518401065296853e-05,10.213315992458353
,,,,,98598.84353026786,29620.0,0.8058116271793865,75845.26425405212,0.0005518401065296853,8.230008778780116,10.699011412414151,10.0,110.0,5.518401065296853e-05,10.213315992458353
,,,,,98609.54986863286,29630.0,0.8063634672859161,75853.49989894828,0.0005518401065296853,8.235644896165416,10.706338365015041,10.0,110.0,5.518401065296853e-05,10.213315992458353
,,,,,98620.26353395048,29640.0,0.8069153073924458,75861.74117996184,0.0005518401065296853,8.241281013550715,10.71366531761593,10.0,110.0,5.518401065296853e-05,10.213315992458353
,,,,,98630.9845262207,29650.0,0.8074671474989754,75869.98809709278,0.0005518401065296853,8.246917130936014,10.720992270216819,10.0,110.0,5.518401065296853e-05,10.213315992458353
,,,,,98641.71284544352,29660.0,0.8080189876055051,75878.2406503411,0.0005518401065296853,8.252553248321313,10.728319222817706,10.0,110.0,5.518401065296853e-05,10.213315992458353
,,,,,98652.44849161894,29670.0,0.8085708277120347,75886.49883970681,0.0005518401065296853,8.258189365706611,10.735646175418596,10.0,110.0,5.518401065296853e-05,10.213315992458353
,,,,,98663.19146474695,29680.0,0.8091226678185643,75894.7626651899,0.0005518401065296853,8.263825483091912,10.742973128019486,10.0,110.0,5.518401065296853e-05,10.213315992458353
,,,,,98673.94176482757,29690.0,0.809674507925094,75903.03212679038,0.0005518401065296853,8.26946160047721,10.750300080620374,10.0,110.0,5.518401065296853e-05,10.213315992458353
,,,,,98684.69939186079,29700.0,0.8102263480316236,75911.30722450824,0.0005518401065296853,8.27509771786251,10.757627033221263,10.0,110.0,5.518401065296853e-05,10.213315992458353
,,,,,98695.46434584662,29710.0,0.8107781881381533,75919.58795834349,0.0005518401065296853,8.280733835247808,10.764953985822151,10.0,110.0,5.518401065296853e-05,10.213315992458353
,,,,,98706.23662678504,29720.0,0.8113300282446829,75927.87432829612,0.0005518401065296853,8.286369952633107,10.77228093842304,10.0,110.0,5.518401065296853e-05,10.213315992458353
,,,,,98717.01623467606,29730.0,0.8118818683512126,75936.16633436613,0.0005518401065296853,8.292006070018406,10.779607891023929,10.0,110.0,5.518401065296853e-05,10.213315992458353
,,,,,98727.80316951968,29740.0,0.8124337084577422,75944.46397655354,0.0005518401065296853,8.297642187403707,10.786934843624818,10.0,110.0,5.518401065296853e-05,10.213315992458353
,,,,,98738.59743131591,29750.0,0.8129855485642719,75952.76725485832,0.0005518401065296853,8.303278304789005,10.794261796225708,10.0,110.0,5.518401065296853e-05,10.213315992458353
,,,,,98749.39902006474,29760.0,0.8135373886708015,75961.0761692805,0.0005518401065296853,8.308914422174304,10.801588748826596,10.0,110.0,5.518401065296853e-05,10.213315992458353
,,,,,98760.20793576617,29770.0,0.8140892287773311,75969.39071982006,0.0005518401065296853,8.314550539559603,10.808915701427484,10.0,110.0,5.518401065296853e-05,10.213315992458353
,,,,,98771.0241784202,29780.0,0.8146410688838608,75977.710906477,0.0005518401065296853,8.320186656944902,10.816242654028372,10.0,110.0,5.518401065296853e-05,10.213315992458353
,,,,,98781.84774802682,29790.0,0.8151929089903904,75986.03672925134,0.0005518401065296853,8.325822774330202,10.823569606629263,10.0,110.0,5.518401065296853e-05,10.213315992458353
,,,,,98792.67864458605,29800.0,0.8157447490969201,75994.36818814305,0.0005518401065296853,8.331458891715501,10.830896559230151,10.0,110.0,5.518401065296853e-05,10.213315992458353
,,,,,98803.51686809788,29810.0,0.8162965892034497,76002.70528315216,0.0005518401065296853,8.3370950091008,10.83822351183104,10.0,110.0,5.518401065296853e-05,10.213315992458353
,,,,,98814.36241856232,29820.0,0.8168484293099794,76011.04801427864,0.0005518401065296853,8.342731126486099,10.845550464431929,10.0,110.0,5.518401065296853e-05,10.213315992458353
,,,,,98825.21529597935,29830.0,0.817400269416509,76019.39638152251,0.0005518401065296853,8.348367243871397,10.852877417032817,10.0,110.0,5.518401065296853e-05,10.213315992458353
,,,,,98836.07550034898,29840.0,0.8179521095230387,76027.75038488377,0.0005518401065296853,8.354003361256698,10.860204369633708,10.0,110.0,5.518401065296853e-05,10.213315992458353
,,,,,98846.94303167121,29850.0,0.8185039496295683,76036.11002436241,0.0005518401065296853,8.359639478641997,10.867531322234596,10.0,110.0,5.518401065296853e-05,10.213315992458353
,,,,,98857.81788994605,29860.0,0.8190557897360979,76044.47529995843,0.0005518401065296853,8.365275596027296,10.874858274835484,10.0,110.0,5.518401065296853e-05,10.213315992458353
,,,,,98868.70007517349,29870.0,0.8196076298426276,76052.84621167184,0.0005518401065296853,8.370911713412594,10.882185227436374,10.0,110.0,5.518401065296853e-05,10.213315992458353
,,,,,98879.58958735352,29880.0,0.8201594699491572,76061.22275950265,0.0005518401065296853,8.376547830797893,10.889512180037261,10.0,110.0,5.518401065296853e-05,10.213315992458353
,,,,,98890.48642648615,29890.0,0.8207113100556869,76069.60494345083,0.0005518401065296853,8.382183948183194,10.896839132638153,10.0,110.0,5.518401065296853e-05,10.213315992458353
,,,,,98901.39059257139,29900.0,0.8212631501622165,76077.9927635164,0.0005518401065296853,8.387820065568492,10.90416608523904,10.0,110.0,5.518401065296853e-05,10.213315992458353
,,,,,98912.30208560923,29910.0,0.8218149902687462,76086.38621969936,0.0005518401065296853,8.393456182953791,10.911493037839929,10.0,110.0,5.518401065296853e-05,10.213315992458353
,,,,,98923.22090559968,29920.0,0.8223668303752758,76094.7853119997,0.0005518401065296853,8.39909230033909,10.918819990440818,10.0,110.0,5.518401065296853e-05,10.213315992458353
,,,,,98934.14705254271,29930.0,0.8229186704818054,76103.19004041742,0.0005518401065296853,8.404728417724389,10.926146943041706,10.0,110.0,5.518401065296853e-05,10.213315992458353
,,,,,98945.08052643835,29940.0,0.8234705105883351,76111.60040495254,0.0005518401065296853,8.41036453510969,10.933473895642596,10.0,110.0,5.518401065296853e-05,10.213315992458353
,,,,,98956.0213272866,29950.0,0.8240223506948647,76120.01640560503,0.0005518401065296853,8.416000652494988,10.940800848243486,10.0,110.0,5.518401065296853e-05,10.213315992458353
,,,,,98966.96945508744,29960.0,0.8245741908013944,76128.43804237491,0.0005518401065296853,8.421636769880287,10.948127800844373,10.0,110.0,5.518401065296853e-05,10.213315992458353
,,,,,98977.92490984089,29970.0,0.825126030907924,76136.86531526217,0.0005518401065296853,8.427272887265586,10.955454753445261,10.0,110.0,5.518401065296853e-05,10.213315992458353
,,,,,98988.88769154693,29980.0,0.8256778710144537,76145.29822426682,0.0005518401065296853,8.432909004650885,10.962781706046151,10.0,110.0,5.518401065296853e-05,10.213315992458353
,,,,,98999.85780020557,29990.0,0.8262297111209833,76153.73676938885,0.0005518401065296853,8.438545122036185,10.97010865864704,10.0,110.0,5.518401065296853e-05,10.213315992458353
,,,,,99010.83523581682,30000.0,0.826781551227513,76162.18095062827,0.0005518401065296853,8.444181239421484,10.97743561124793,10.0,110.0,5.518401065296853e-05,10.213315992458353
,,,,,99021.81999838067,30010.0,0.8273333913340426,76170.63076798509,0.0005518401065296853,8.449817356806783,10.984762563848818,10.0,110.0,5.518401065296853e-05,10.213315992458353
,,,,,99032.81208789712,30020.0,0.8278852314405722,76179.08622145928,0.0005518401065296853,8.455453474192081,10.992089516449706,10.0,110.0,5.518401065296853e-05,10.213315992458353
,,,,,99043.81150436617,30030.0,0.8284370715471019,76187.54731105086,0.0005518401065296853,8.46108959157738,10.999416469050594,10.0,110.0,5.518401065296853e-05,10.213315992458353
,,,,,99054.81824778781,30040.0,0.8289889116536315,76196.01403675982,0.0005518401065296853,8.46672570896268,11.006743421651485,10.0,110.0,5.518401065296853e-05,10.213315992458353
,,,,,99065.83231816207,30050.0,0.8295407517601612,76204.48639858617,0.0005518401065296853,8.47236182634798,11.014070374252373,10.0,110.0,5.518401065296853e-05,10.213315992458353
,,,,,99076.85371548892,30060.0,0.8300925918666908,76212.9643965299,0.0005518401065296853,8.477997943733278,11.021397326853263,10.0,110.0,5.518401065296853e-05,10.213315992458353
,,,,,99087.88243976838,30070.0,0.8306444319732205,76221.44803059103,0.0005518401065296853,8.483634061118577,11.028724279454151,10.0,110.0,5.518401065296853e-05,10.213315992458353
,,,,,99098.91849100044,30080.0,0.8311962720797501,76229.93730076952,0.0005518401065296853,8.489270178503876,11.036051232055039,10.0,110.0,5.518401065296853e-05,10.213315992458353
,,,,,99109.96186918509,30090.0,0.8317481121862798,76238.43220706542,0.0005518401065296853,8.494906295889177,11.04337818465593,10.0,110.0,5.518401065296853e-05,10.213315992458353
,,,,,99121.01257432235,30100.0,0.8322999522928094,76246.93274947868,0.0005518401065296853,8.500542413274475,11.050705137256818,10.0,110.0,5.518401065296853e-05,10.213315992458353
,,,,,99132.0706064122,30110.0,0.832851792399339,76255.43892800935,0.0005518401065296853,8.506178530659774,11.058032089857706,10.0,110.0,5.518401065296853e-05,10.213315992458353
,,,,,99143.13596545467,30120.0,0.8334036325058687,76263.95074265738,0.0005518401065296853,8.511814648045073,11.065359042458596,10.0,110.0,5.518401065296853e-05,10.213315992458353
,,,,,99154.20865144974,30130.0,0.8339554726123983,76272.46819342281,0.0005518401065296853,8.517450765430372,11.072685995059484,10.0,110.0,5.518401065296853e-05,10.213315992458353
,,,,,99165.28866439739,30140.0,0.834507312718928,76280.99128030564,0.0005518401065296853,8.52308688281567,11.080012947660371,10.0,110.0,5.518401065296853e-05,10.213315992458353
,,,,,99176.37600429765,30150.0,0.8350591528254576,76289.52000330584,0.0005518401065296853,8.528723000200971,11.087339900261263,10.0,110.0,5.518401065296853e-05,10.213315992458353
,,,,,99187.47067115051,30160.0,0.8356109929319873,76298.05436242343,0.0005518401065296853,8.53435911758627,11.09466685286215,10.0,110.0,5.518401065296853e-05,10.213315992458353
,,,,,99198.57266495598,30170.0,0.8361628330385169,76306.5943576584,0.0005518401065296853,8.539995234971569,11.10199380546304,10.0,110.0,5.518401065296853e-05,10.213315992458353
,,,,,99209.68198571405,30180.0,0.8367146731450466,76315.13998901076,0.0005518401065296853,8.545631352356867,11.109320758063928,10.0,110.0,5.518401065296853e-05,10.213315992458353
,,,,,99220.79863342471,30190.0,0.8372665132515762,76323.6912564805,0.0005518401065296853,8.551267469742166,11.116647710664816,10.0,110.0,5.518401065296853e-05,10.213315992458353
,,,,,99231.92260808797,30200.0,0.8378183533581058,76332.24816006763,0.0005518401065296853,8.556903587127467,11.123974663265708,10.0,110.0,5.518401065296853e-05,10.213315992458353
,,,,,99243.05390970384,30210.0,0.8383701934646355,76340.81069977213,0.0005518401065296853,8.562539704512766,11.131301615866596,10.0,110.0,5.518401065296853e-05,10.213315992458353
,,,,,99254.19253827231,30220.0,0.8389220335711651,76349.37887559403,0.0005518401065296853,8.568175821898064,11.138628568467484,10.0,110.0,5.518401065296853e-05,10.213315992458353
,,,,,99265.33849379339,30230.0,0.8394738736776948,76357.95268753331,0.0005518401065296853,8.573811939283363,11.145955521068373,10.0,110.0,5.518401065296853e-05,10.213315992458353
,,,,,99276.49177626705,30240.0,0.8400257137842244,76366.53213558998,0.0005518401065296853,8.579448056668662,11.153282473669261,10.0,110.0,5.518401065296853e-05,10.213315992458353
,,,,,99287.65238569332,30250.0,0.8405775538907541,76375.11721976404,0.0005518401065296853,8.585084174053963,11.160609426270153,10.0,110.0,5.518401065296853e-05,10.213315992458353
,,,,,99298.82032207219,30260.0,0.8411293939972837,76383.70794005548,0.0005518401065296853,8.590720291439261,11.16793637887104,10.0,110.0,5.518401065296853e-05,10.213315992458353
,,,,,99309.99558540367,30270.0,0.8416812341038133,76392.30429646431,0.0005518401065296853,8.59635640882456,11.175263331471928,10.0,110.0,5.518401065296853e-05,10.213315992458353
,,,,,99321.17817568775,30280.0,0.842233074210343,76400.90628899052,0.0005518401065296853,8.601992526209859,11.182590284072816,10.0,110.0,5.518401065296853e-05,10.213315992458353
,,,,,99332.36809292441,30290.0,0.8427849143168726,76409.51391763412,0.0005518401065296853,8.607628643595158,11.189917236673706,10.0,110.0,5.518401065296853e-05,10.213315992458353
,,,,,99343.56533711369,30300.0,0.8433367544234023,76418.1271823951,0.0005518401065296853,8.613264760980458,11.197244189274596,10.0,110.0,5.518401065296853e-05,10.213315992458353
,,,,,99354.76990825556,30310.0,0.8438885945299319,76426.74608327347,0.0005518401065296853,8.618900878365757,11.204571141875485,10.0,110.0,5.518401065296853e-05,10.213315992458353
,,,,,99365.98180635004,30320.0,0.8444404346364616,76435.37062026921,0.0005518401065296853,8.624536995751056,11.211898094476373,10.0,110.0,5.518401065296853e-05,10.213315992458353
,,,,,99523.3424411917,30330.0,0.8445857993851816,76556.4172624551,0.00014536474872005816,121.04664218588671,157.36063484165274,10.0,91.0,1.4536474872005817e-05,143.32071682237958
,,,,,99596.53638933432,30340.0,0.8447697460873582,76612.72029948789,0.00018394670217656179,56.30303703278633,73.19394814262223,10.0,23.0,1.8394670217656178e-05,66.64897422470429
,,,,,99669.74627529366,30350.0,0.8449536927895348,76669.03559637969,0.00018394670217656179,56.31529689179841,73.20988595933794,10.0,23.0,1.8394670217656178e-05,66.64897422470429
,,,,,99742.97209906971,30360.0,0.8451376394917114,76725.3631531305,0.00018394670217656179,56.3275567508105,73.22582377605366,10.0,23.0,1.8394670217656178e-05,66.64897422470429
,,,,,99816.21386066248,30370.0,0.845321586193888,76781.70296974032,0.00018394670217656179,56.339816609822584,73.24176159276936,10.0,23.0,1.8394670217656178e-05,66.64897422470429
,,,,,99889.47156007196,30380.0,0.8455055328960646,76838.05504620915,0.00018394670217656179,56.352076468834674,73.25769940948508,10.0,23.0,1.8394670217656178e-05,66.64897422470429
,,,,,99962.74519729817,30390.0,0.8456894795982411,76894.419382537,0.00018394670217656179,56.36433632784676,73.27363722620079,10.0,23.0,1.8394670217656178e-05,66.64897422470429
,,,,,100036.03477234108,30400.0,0.8458734263004177,76950.79597872387,0.00018394670217656179,56.37659618685885,73.28957504291651,10.0,23.0,1.8394670217656178e-05,66.64897422470429
,,,,,100109.34028520071,30410.0,0.8460573730025943,77007.18483476974,0.00018394670217656179,56.38885604587093,73.30551285963222,10.0,23.0,1.8394670217656178e-05,66.64897422470429
,,,,,100182.66173587706,30420.0,0.8462413197047709,77063.58595067462,0.00018394670217656179,56.40111590488302,73.32145067634794,10.0,23.0,1.8394670217656178e-05,66.64897422470429
,,,,,100255.99912437012,30430.0,0.8464252664069475,77119.99932643851,0.00018394670217656179,56.413375763895104,73.33738849306364,10.0,23.0,1.8394670217656178e-05,66.64897422470429
,,,,,100329.3524506799,30440.0,0.8466092131091241,77176.42496206141,0.00018394670217656179,56.425635622907194,73.35332630977935,10.0,23.0,1.8394670217656178e-05,66.64897422470429
,,,,,100402.7217148064,30450.0,0.8467931598113007,77232.86285754334,0.00018394670217656179,56.43789548191928,73.36926412649507,10.0,23.0,1.8394670217656178e-05,66.64897422470429
,,,,,100476.1069167496,30460.0,0.8469771065134772,77289.31301288427,0.00018394670217656179,56.45015534093137,73.38520194321077,10.0,23.0,1.8394670217656178e-05,66.64897422470429
,,,,,100549.50805650953,30470.0,0.8471610532156538,77345.77542808422,0.00018394670217656179,56.46241519994345,73.4011397599265,10.0,23.0,1.8394670217656178e-05,66.64897422470429
,,,,,100622.92513408617,30480.0,0.8473449999178304,77402.25010314317,0.00018394670217656179,56.47467505895554,73.4170775766422,10.0,23.0,1.8394670217656178e-05,66.64897422470429
,,,,,100696.35814947952,30490.0,0.847528946620007,77458.73703806114,0.00018394670217656179,56.48693491796762,73.43301539335792,10.0,23.0,1.8394670217656178e-05,66.64897422470429
,,,,,100769.80710268959,30500.0,0.8477128933221836,77515.23623283811,0.00018394670217656179,56.499194776979714,73.44895321007363,10.0,23.0,1.8394670217656178e-05,66.64897422470429
,,,,,100843.27199371638,30510.0,0.8478968400243602,77571.74768747411,0.00018394670217656179,56.5114546359918,73.46489102678933,10.0,23.0,1.8394670217656178e-05,66.64897422470429
,,,,,100916.75282255988,30520.0,0.8480807867265368,77628.27140196912,0.00018394670217656179,56.52371449500389,73.48082884350505,10.0,23.0,1.8394670217656178e-05,66.64897422470429
,,,,,101045.55887131084,30530.0,0.8481775880646322,77727.3529779314,9.680133809546143e-05,99.08157596227902,128.80604875096273,10.0,44.0,9.680133809546143e-06,116.81701728097168
,,,,,101056.82771570545,30540.0,0.8487294281711618,77736.02131977341,0.0005518401065296853,8.66834184201056,11.26884439461373,10.0,110.0,5.518401065296853e-05,10.213315992458353
,,,,,101068.10388705267,30550.0,0.8492812682776915,77744.6952977328,0.0005518401065296853,8.67397795939586,11.276171347214618,10.0,110.0,5.518401065296853e-05,10.213315992458353
,,,,,101079.38738535249,30560.0,0.8498331083842211,77753.37491180959,0.0005518401065296853,8.679614076781158,11.283498299815506,10.0,110.0,5.518401065296853e-05,10.213315992458353
,,,,,101090.6782106049,30570.0,0.8503849484907507,77762.06016200375,0.0005518401065296853,8.685250194166457,11.290825252416395,10.0,110.0,5.518401065296853e-05,10.213315992458353
,,,,,101101.97636280992,30580.0,0.8509367885972804,77770.7510483153,0.0005518401065296853,8.690886311551758,11.298152205017285,10.0,110.0,5.518401065296853e-05,10.213315992458353
,,,,,101113.28184196753,30590.0,0.85148862870381,77779.44757074423,0.0005518401065296853,8.696522428937056,11.305479157618175,10.0,110.0,5.518401065296853e-05,10.213315992458353
,,,,,101124.59464807775,30600.0,0.8520404688103397,77788.14972929056,0.0005518401065296853,8.702158546322355,11.312806110219062,10.0,110.0,5.518401065296853e-05,10.213315992458353
,,,,,101135.91478114057,30610.0,0.8525923089168693,77796.85752395427,0.0005518401065296853,8.707794663707654,11.32013306281995,10.0,110.0,5.518401065296853e-05,10.213315992458353
,,,,,101147.242241156,30620.0,0.853144149023399,77805.57095473536,0.0005518401065296853,8.713430781092953,11.327460015420838,10.0,110.0,5.518401065296853e-05,10.213315992458353
,,,,,101158.57702812401,30630.0,0.8536959891299286,77814.29002163385,0.0005518401065296853,8.719066898478253,11.33478696802173,10.0,110.0,5.518401065296853e-05,10.213315992458353
,,,,,101169.91914204463,30640.0,0.8542478292364583,77823.0147246497,0.0005518401065296853,8.724703015863552,11.342113920622618,10.0,110.0,5.518401065296853e-05,10.213315992458353
,,,,,101181.26858291785,30650.0,0.8547996693429879,77831.74506378296,0.0005518401065296853,8.730339133248851,11.349440873223507,10.0,110.0,5.518401065296853e-05,10.213315992458353
,,,,,101192.62535074368,30660.0,0.8553515094495175,77840.48103903359,0.0005518401065296853,8.73597525063415,11.356767825824395,10.0,110.0,5.518401065296853e-05,10.213315992458353
,,,,,101203.98944552211,30670.0,0.8559033495560472,77849.22265040161,0.0005518401065296853,8.741611368019448,11.364094778425283,10.0,110.0,5.518401065296853e-05,10.213315992458353
,,,,,101278.16398770724,30680.0,0.8560872962582238,77906.27999054402,0.00018394670217656179,57.05734014241114,74.17454218513448,10.0,23.0,1.8394670217656178e-05,66.64897422470429
,,,,,101352.3544677091,30690.0,0.8562712429604004,77963.34959054545,0.00018394670217656179,57.069600001423225,74.19048000185019,10.0,23.0,1.8394670217656178e-05,66.64897422470429
,,,,,101426.56088552767,30700.0,0.8564551896625769,78020.43145040589,0.00018394670217656179,57.081859860435316,74.20641781856591,10.0,23.0,1.8394670217656178e-05,66.64897422470429
,,,,,101500.78324116295,30710.0,0.8566391363647535,78077.52557012533,0.00018394670217656179,57.0941197194474,74.22235563528162,10.0,23.0,1.8394670217656178e-05,66.64897422470429
,,,,,101575.02153461495,30720.0,0.8568230830669301,78134.63194970379,0.00018394670217656179,57.10637957845949,74.23829345199734,10.0,23.0,1.8394670217656178e-05,66.64897422470429
,,,,,101649.27576588366,30730.0,0.8570070297691067,78191.75058914126,0.00018394670217656179,57.11863943747157,74.25423126871304,10.0,23.0,1.8394670217656178e-05,66.64897422470429
,,,,,101723.5459349691,30740.0,0.8571909764712833,78248.88148843774,0.00018394670217656179,57.13089929648366,74.27016908542876,10.0,23.0,1.8394670217656178e-05,66.64897422470429
,,,,,101797.83204187124,30750.0,0.8573749231734599,78306.02464759324,0.00018394670217656179,57.143159155495745,74.28610690214447,10.0,23.0,1.8394670217656178e-05,66.64897422470429
,,,,,101872.1340865901,30760.0,0.8575588698756365,78363.18006660775,0.00018394670217656179,57.155419014507835,74.30204471886019,10.0,23.0,1.8394670217656178e-05,66.64897422470429
,,,,,101946.45206912568,30770.0,0.857742816577813,78420.34774548127,0.00018394670217656179,57.16767887351992,74.3179825355759,10.0,23.0,1.8394670217656178e-05,66.64897422470429
,,,,,102020.78598947797,30780.0,0.8579267632799896,78477.5276842138,0.00018394670217656179,57.17993873253201,74.33392035229161,10.0,23.0,1.8394670217656178e-05,66.64897422470429
,,,,,102095.13584764698,30790.0,0.8581107099821662,78534.71988280534,0.00018394670217656179,57.19219859154409,74.34985816900732,10.0,23.0,1.8394670217656178e-05,66.64897422470429
,,,,,102169.5016436327,30800.0,0.8582946566843428,78591.92434125589,0.00018394670217656179,57.20445845055618,74.36579598572304,10.0,23.0,1.8394670217656178e-05,66.64897422470429
,,,,,102243.88337743514,30810.0,0.8584786033865194,78649.14105956546,0.00018394670217656179,57.216718309568265,74.38173380243875,10.0,23.0,1.8394670217656178e-05,66.64897422470429
,,,,,102318.28104905429,30820.0,0.858662550088696,78706.37003773404,0.00018394670217656179,57.228978168580355,74.39767161915447,10.0,23.0,1.8394670217656178e-05,66.64897422470429
,,,,,102392.69465849016,30830.0,0.8588464967908725,78763.61127576164,0.00018394670217656179,57.24123802759244,74.41360943587017,10.0,23.0,1.8394670217656178e-05,66.64897422470429
,,,,,102467.12420574274,30840.0,0.8590304434930491,78820.86477364824,0.00018394670217656179,57.25349788660453,74.42954725258589,10.0,23.0,1.8394670217656178e-05,66.64897422470429
,,,,,102541.56969081204,30850.0,0.8592143901952257,78878.13053139385,0.00018394670217656179,57.26575774561661,74.4454850693016,10.0,23.0,1.8394670217656178e-05,66.64897422470429
,,,,,102616.03111369806,30860.0,0.8593983368974023,78935.40854899847,0.00018394670217656179,57.2780176046287,74.46142288601732,10.0,23.0,1.8394670217656178e-05,66.64897422470429
,,,,,102690.50847440079,30870.0,0.8595822835995789,78992.69882646212,0.00018394670217656179,57.290277463640784,74.47736070273302,10.0,23.0,1.8394670217656178e-05,66.64897422470429
,,,,,102765.00177292024,30880.0,0.8597662303017555,79050.00136378477,0.00018394670217656179,57.302537322652874,74.49329851944874,10.0,23.0,1.8394670217656178e-05,66.64897422470429
,,,,,102839.5110092564,30890.0,0.8599501770039321,79107.31616096644,0.00018394670217656179,57.31479718166496,74.50923633616445,10.0,23.0,1.8394670217656178e-05,66.64897422470429
,,,,,102914.03618340928,30900.0,0.8601341237061086,79164.64321800711,0.00018394670217656179,57.32705704067705,74.52517415288017,10.0,23.0,1.8394670217656178e-05,66.64897422470429
,,,,,102988.57729537887,30910.0,0.8603180704082852,79221.9825349068,0.00018394670217656179,57.33931689968913,74.54111196959587,10.0,23.0,1.8394670217656178e-05,66.64897422470429
,,,,,103063.13434516518,30920.0,0.8605020171104618,79279.33411166549,0.00018394670217656179,57.35157675870122,74.5570497863116,10.0,23.0,1.8394670217656178e-05,66.64897422470429
,,,,,103137.7073327682,30930.0,0.8606859638126384,79336.69794828321,0.00018394670217656179,57.363836617713304,74.5729876030273,10.0,23.0,1.8394670217656178e-05,66.64897422470429
,,,,,103212.29625818794,30940.0,0.860869910514815,79394.07404475994,0.00018394670217656179,57.376096476725394,74.58892541974302,10.0,23.0,1.8394670217656178e-05,66.64897422470429
,,,,,103286.9011214244,30950.0,0.8610538572169916,79451.46240109568,0.00018394670217656179,57.38835633573748,74.60486323645873,10.0,23.0,1.8394670217656178e-05,66.64897422470429
,,,,,103361.52192247756,30960.0,0.8612378039191682,79508.86301729042,0.00018394670217656179,57.40061619474957,74.62080105317445,10.0,23.0,1.8394670217656178e-05,66.64897422470429
,,,,,103436.15866134745,30970.0,0.8614217506213447,79566.27589334418,0.00018394670217656179,57.41287605376165,74.63673886989015,10.0,23.0,1.8394670217656178e-05,66.64897422470429
,,,,,103510.81133803405,30980.0,0.8616056973235213,79623.70102925695,0.00018394670217656179,57.42513591277374,74.65267668660586,10.0,23.0,1.8394670217656178e-05,66.64897422470429
,,,,,103585.47995253737,30990.0,0.8617896440256979,79681.13842502874,0.00018394670217656179,57.43739577178582,74.66861450332158,10.0,23.0,1.8394670217656178e-05,66.64897422470429
,,,,,103660.1645048574,31000.0,0.8619735907278745,79738.58808065954,0.00018394670217656179,57.44965563079791,74.68455232003728,10.0,23.0,1.8394670217656178e-05,66.64897422470429
,,,,,103734.86499499415,31010.0,0.8621575374300511,79796.04999614935,0.00018394670217656179,57.461915489809996,74.700490136753,10.0,23.0,1.8394670217656178e-05,66.64897422470429
,,,,,103809.58142294761,31020.0,0.8623414841322277,79853.52417149817,0.00018394670217656179,57.47417534882209,74.71642795346871,10.0,23.0,1.8394670217656178e-05,66.64897422470429
,,,,,103884.31378871779,31030.0,0.8625254308344042,79911.010606706,0.00018394670217656179,57.48643520783417,74.73236577018443,10.0,23.0,1.8394670217656178e-05,66.64897422470429
,,,,,103959.06209230468,31040.0,0.8627093775365808,79968.50930177284,0.00018394670217656179,57.49869506684626,74.74830358690014,10.0,23.0,1.8394670217656178e-05,66.64897422470429
,,,,,104033.82633370829,31050.0,0.8628933242387574,80026.0202566987,0.00018394670217656179,57.51095492585834,74.76424140361584,10.0,23.0,1.8394670217656178e-05,66.64897422470429
,,,,,104108.60651292861,31060.0,0.863077270940934,80083.54347148357,0.00018394670217656179,57.52321478487043,74.78017922033156,10.0,23.0,1.8394670217656178e-05,66.64897422470429
,,,,,104183.40262996567,31070.0,0.8632612176431106,80141.07894612745,0.00018394670217656179,57.535474643882516,74.79611703704727,10.0,23.0,1.8394670217656178e-05,66.64897422470429
,,,,,104258.21468481944,31080.0,0.8634451643452872,80198.62668063035,0.00018394670217656179,57.547734502894606,74.81205485376299,10.0,23.0,1.8394670217656178e-05,66.64897422470429
,,,,,104333.04267748992,31090.0,0.8636291110474638,80256.18667499225,0.00018394670217656179,57.55999436190669,74.8279926704787,10.0,23.0,1.8394670217656178e-05,66.64897422470429
,,,,,104407.88660797713,31100.0,0.8638130577496403,80313.75892921317,0.00018394670217656179,57.57225422091878,74.84393048719441,10.0,23.0,1.8394670217656178e-05,66.64897422470429
,,,,,104482.74647628104,31110.0,0.8639970044518169,80371.34344329311,0.00018394670217656179,57.58451407993086,74.85986830391012,10.0,23.0,1.8394670217656178e-05,66.64897422470429
,,,,,104557.62228240167,31120.0,0.8641809511539935,80428.94021723206,0.00018394670217656179,57.59677393894295,74.87580612062584,10.0,23.0,1.8394670217656178e-05,66.64897422470429
,,,,,104632.51402633902,31130.0,0.8643648978561701,80486.54925103001,0.00018394670217656179,57.609033797955036,74.89174393734154,10.0,23.0,1.8394670217656178e-05,66.64897422470429
,,,,,104707.42170809308,31140.0,0.8645488445583467,80544.17054468697,0.00018394670217656179,57.621293656967126,74.90768175405726,10.0,23.0,1.8394670217656178e-05,66.64897422470429
,,,,,104782.34532766386,31150.0,0.8647327912605233,80601.80409820295,0.00018394670217656179,57.63355351597921,74.92361957077297,10.0,23.0,1.8394670217656178e-05,66.64897422470429
,,,,,104857.28488505135,31160.0,0.8649167379626999,80659.44991157795,0.00018394670217656179,57.6458133749913,74.93955738748869,10.0,23.0,1.8394670217656178e-05,66.64897422470429
,,,,,104932.24038025556,31170.0,0.8651006846648764,80717.10798481196,0.00018394670217656179,57.65807323400338,74.9554952042044,10.0,23.0,1.8394670217656178e-05,66.64897422470429
,,,,,105007.21181327649,31180.0,0.865284631367053,80774.77831790497,0.00018394670217656179,57.67033309301547,74.97143302092012,10.0,23.0,1.8394670217656178e-05,66.64897422470429
,,,,,105082.19918411413,31190.0,0.8654685780692296,80832.460910857,0.00018394670217656179,57.682592952027555,74.98737083763582,10.0,23.0,1.8394670217656178e-05,66.64897422470429
,,,,,105157.20249276848,31200.0,0.8656525247714062,80890.15576366804,0.00018394670217656179,57.694852811039645,75.00330865435154,10.0,23.0,1.8394670217656178e-05,66.64897422470429
,,,,,105232.22173923955,31210.0,0.8658364714735828,80947.86287633808,0.00018394670217656179,57.70711267005173,75.01924647106725,10.0,23.0,1.8394670217656178e-05,66.64897422470429
,,,,,105307.25692352734,31220.0,0.8660204181757594,81005.58224886715,0.00018394670217656179,57.71937252906382,75.03518428778297,10.0,23.0,1.8394670217656178e-05,66.64897422470429
,,,,,105382.30804563184,31230.0,0.866204364877936,81063.31388125524,0.00018394670217656179,57.7316323880759,75.05112210449867,10.0,23.0,1.8394670217656178e-05,66.64897422470429
,,,,,105457.37510555306,31240.0,0.8663883115801125,81121.05777350233,0.00018394670217656179,57.74389224708799,75.0670599212144,10.0,23.0,1.8394670217656178e-05,66.64897422470429
,,,,,105532.45810329099,31250.0,0.8665722582822891,81178.81392560843,0.00018394670217656179,57.756152106100075,75.0829977379301,10.0,23.0,1.8394670217656178e-05,66.64897422470429
,,,,,105607.55703884564,31260.0,0.8667562049844657,81236.58233757353,0.00018394670217656179,57.768411965112165,75.09893555464582,10.0,23.0,1.8394670217656178e-05,66.64897422470429
,,,,,105682.671912217,31270.0,0.8669401516866423,81294.36300939765,0.00018394670217656179,57.78067182412425,75.11487337136153,10.0,23.0,1.8394670217656178e-05,66.64897422470429
,,,,,105757.80272340508,31280.0,0.8671240983888189,81352.1559410808,0.00018394670217656179,57.79293168313634,75.13081118807725,10.0,23.0,1.8394670217656178e-05,66.64897422470429
,,,,,105832.94947240988,31290.0,0.8673080450909955,81409.96113262295,0.00018394670217656179,57.80519154214842,75.14674900479295,10.0,23.0,1.8394670217656178e-05,66.64897422470429
,,,,,105908.11215923139,31300.0,0.867491991793172,81467.77858402411,0.00018394670217656179,57.81745140116051,75.16268682150867,10.0,23.0,1.8394670217656178e-05,66.64897422470429
,,,,,105983.29078386961,31310.0,0.8676759384953486,81525.60829528428,0.00018394670217656179,57.829711260172594,75.17862463822438,10.0,23.0,1.8394670217656178e-05,66.64897422470429
,,,,,106058.48534632455,31320.0,0.8678598851975252,81583.45026640347,0.00018394670217656179,57.841971119184684,75.1945624549401,10.0,23.0,1.8394670217656178e-05,66.64897422470429
,,,,,106133.69584659621,31330.0,0.8680438318997018,81641.30449738166,0.00018394670217656179,57.85423097819677,75.2105002716558,10.0,23.0,1.8394670217656178e-05,66.64897422470429
,,,,,106208.92228468458,31340.0,0.8682277786018784,81699.17098821887,0.00018394670217656179,57.86649083720886,75.22643808837152,10.0,23.0,1.8394670217656178e-05,66.64897422470429
,,,,,106284.16466058967,31350.0,0.868411725304055,81757.0497389151,0.00018394670217656179,57.87875069622094,75.24237590508723,10.0,23.0,1.8394670217656178e-05,66.64897422470429
,,,,,106359.42297431147,31360.0,0.8685956720062316,81814.94074947033,0.00018394670217656179,57.89101055523303,75.25831372180295,10.0,23.0,1.8394670217656178e-05,66.64897422470429
,,,,,106434.69722584999,31370.0,0.8687796187084081,81872.84401988458,0.00018394670217656179,57.903270414245114,75.27425153851866,10.0,23.0,1.8394670217656178e-05,66.64897422470429
,,,,,106509.98741520522,31380.0,0.8689635654105847,81930.75955015783,0.00018394670217656179,57.915530273257204,75.29018935523436,10.0,23.0,1.8394670217656178e-05,66.64897422470429
,,,,,106585.29354237717,31390.0,0.8691475121127613,81988.6873402901,0.00018394670217656179,57.92779013226929,75.30612717195008,10.0,23.0,1.8394670217656178e-05,66.64897422470429
,,,,,106660.61560736583,31400.0,0.8693314588149379,82046.62739028138,0.00018394670217656179,57.94004999128138,75.32206498866579,10.0,23.0,1.8394670217656178e-05,66.64897422470429
,,,,,106735.95361017121,31410.0,0.8695154055171145,82104.57970013168,0.00018394670217656179,57.95230985029346,75.3380028053815,10.0,23.0,1.8394670217656178e-05,66.64897422470429
,,,,,106811.30755079331,31420.0,0.8696993522192911,82162.54426984099,0.00018394670217656179,57.96456970930555,75.35394062209721,10.0,23.0,1.8394670217656178e-05,66.64897422470429
,,,,,106886.67742923212,31430.0,0.8698832989214677,82220.5210994093,0.00018394670217656179,57.97682956831763,75.36987843881293,10.0,23.0,1.8394670217656178e-05,66.64897422470429
,,,,,106962.06324548765,31440.0,0.8700672456236442,82278.51018883663,0.00018394670217656179,57.98908942732972,75.38581625552864,10.0,23.0,1.8394670217656178e-05,66.64897422470429
,,,,,107037.46499955989,31450.0,0.8702511923258208,82336.51153812297,0.00018394670217656179,58.00134928634181,75.40175407224434,10.0,23.0,1.8394670217656178e-05,66.64897422470429
,,,,,107112.88269144885,31460.0,0.8704351390279974,82394.52514726833,0.00018394670217656179,58.0136091453539,75.41769188896006,10.0,23.0,1.8394670217656178e-05,66.64897422470429
,,,,,107188.31632115452,31470.0,0.870619085730174,82452.5510162727,0.00018394670217656179,58.02586900436598,75.43362970567577,10.0,23.0,1.8394670217656178e-05,66.64897422470429
,,,,,107263.7658886769,31480.0,0.8708030324323506,82510.58914513608,0.00018394670217656179,58.03812886337807,75.44956752239149,10.0,23.0,1.8394670217656178e-05,66.64897422470429
,,,,,107339.23139401601,31490.0,0.8709869791345272,82568.63953385847,0.00018394670217656179,58.05038872239015,75.4655053391072,10.0,23.0,1.8394670217656178e-05,66.64897422470429
,,,,,107414.71283717183,31500.0,0.8711709258367037,82626.70218243987,0.00018394670217656179,58.06264858140224,75.48144315582292,10.0,23.0,1.8394670217656178e-05,66.64897422470429
,,,,,107490.21021814436,31510.0,0.8713548725388803,82684.77709088028,0.00018394670217656179,58.074908440414326,75.49738097253862,10.0,23.0,1.8394670217656178e-05,66.64897422470429
,,,,,107565.72353693361,31520.0,0.8715388192410569,82742.86425917971,0.00018394670217656179,58.087168299426416,75.51331878925434,10.0,23.0,1.8394670217656178e-05,66.64897422470429
,,,,,107641.25279353958,31530.0,0.8717227659432335,82800.96368733815,0.00018394670217656179,58.0994281584385,75.52925660597005,10.0,23.0,1.8394670217656178e-05,66.64897422470429
,,,,,107716.79798796226,31540.0,0.8719067126454101,82859.0753753556,0.00018394670217656179,58.11168801745059,75.54519442268577,10.0,23.0,1.8394670217656178e-05,66.64897422470429
,,,,,107792.35912020165,31550.0,0.8720906593475867,82917.19932323207,0.00018394670217656179,58.12394787646267,75.56113223940147,10.0,23.0,1.8394670217656178e-05,66.64897422470429
,,,,,107867.93619025777,31560.0,0.8722746060497633,82975.33553096754,0.00018394670217656179,58.13620773547476,75.5770700561172,10.0,23.0,1.8394670217656178e-05,66.64897422470429
,,,,,107943.52919813059,31570.0,0.8724585527519398,83033.48399856202,0.00018394670217656179,58.148467594486846,75.5930078728329,10.0,23.0,1.8394670217656178e-05,66.64897422470429
,,,,,108019.13814382014,31580.0,0.8726424994541164,83091.64472601553,0.00018394670217656179,58.160727453498936,75.60894568954862,10.0,23.0,1.8394670217656178e-05,66.64897422470429
,,,,,108094.7630273264,31590.0,0.872826446156293,83149.81771332804,0.00018394670217656179,58.17298731251102,75.62488350626433,10.0,23.0,1.8394670217656178e-05,66.64897422470429
,,,,,108170.40384864937,31600.0,0.8730103928584696,83208.00296049957,0.00018394670217656179,58.18524717152311,75.64082132298005,10.0,23.0,1.8394670217656178e-05,66.64897422470429
,,,,,108246.06060778906,31610.0,0.8731943395606462,83266.2004675301,0.00018394670217656179,58.19750703053519,75.65675913969575,10.0,23.0,1.8394670217656178e-05,66.64897422470429
,,,,,108321.73330474546,31620.0,0.8733782862628228,83324.41023441964,0.00018394670217656179,58.20976688954728,75.67269695641147,10.0,23.0,1.8394670217656178e-05,66.64897422470429
,,,,,108397.4219395186,31630.0,0.8735622329649994,83382.6322611682,0.00018394670217656179,58.222026748559365,75.68863477312718,10.0,23.0,1.8394670217656178e-05,66.64897422470429
,,,,,108473.12651210844,31640.0,0.8737461796671759,83440.86654777577,0.00018394670217656179,58.234286607571455,75.7045725898429,10.0,23.0,1.8394670217656178e-05,66.64897422470429
,,,,,108548.84702251501,31650.0,0.8739301263693525,83499.11309424236,0.00018394670217656179,58.24654646658354,75.7205104065586,10.0,23.0,1.8394670217656178e-05,66.64897422470429
,,,,,108624.58347073829,31660.0,0.8741140730715291,83557.37190056796,0.00018394670217656179,58.25880632559563,75.73644822327432,10.0,23.0,1.8394670217656178e-05,66.64897422470429
,,,,,108700.33585677829,31670.0,0.8742980197737057,83615.64296675257,0.00018394670217656179,58.27106618460771,75.75238603999003,10.0,23.0,1.8394670217656178e-05,66.64897422470429
,,,,,108776.104180635,31680.0,0.8744819664758823,83673.92629279618,0.00018394670217656179,58.2833260436198,75.76832385670575,10.0,23.0,1.8394670217656178e-05,66.64897422470429
,,,,,108851.88844230842,31690.0,0.8746659131780589,83732.22187869881,0.00018394670217656179,58.295585902631885,75.78426167342145,10.0,23.0,1.8394670217656178e-05,66.64897422470429
,,,,,108927.68864179857,31700.0,0.8748498598802354,83790.52972446046,0.00018394670217656179,58.307845761643975,75.80019949013717,10.0,23.0,1.8394670217656178e-05,66.64897422470429
,,,,,109003.50477910542,31710.0,0.875033806582412,83848.84983008112,0.00018394670217656179,58.32010562065606,75.81613730685288,10.0,23.0,1.8394670217656178e-05,66.64897422470429
,,,,,109079.336854229,31720.0,0.8752177532845886,83907.18219556079,0.00018394670217656179,58.33236547966815,75.8320751235686,10.0,23.0,1.8394670217656178e-05,66.64897422470429
,,,,,109155.18486716929,31730.0,0.8754016999867652,83965.52682089947,0.00018394670217656179,58.34462533868023,75.8480129402843,10.0,23.0,1.8394670217656178e-05,66.64897422470429
,,,,,109231.04881792629,31740.0,0.8755856466889418,84023.88370609716,0.00018394670217656179,58.35688519769232,75.86395075700003,10.0,23.0,1.8394670217656178e-05,66.64897422470429
,,,,,109306.92870650001,31750.0,0.8757695933911184,84082.25285115385,0.00018394670217656179,58.369145056704404,75.87988857371573,10.0,23.0,1.8394670217656178e-05,66.64897422470429
,,,,,109382.82453289044,31760.0,0.875953540093295,84140.63425606958,0.00018394670217656179,58.381404915716494,75.89582639043145,10.0,23.0,1.8394670217656178e-05,66.64897422470429
,,,,,109458.7362970976,31770.0,0.8761374867954715,84199.02792084431,0.00018394670217656179,58.39366477472858,75.91176420714716,10.0,23.0,1.8394670217656178e-05,66.64897422470429
,,,,,109534.66399912146,31780.0,0.8763214334976481,84257.43384547805,0.00018394670217656179,58.40592463374067,75.92770202386286,10.0,23.0,1.8394670217656178e-05,66.64897422470429
,,,,,109610.60763896204,31790.0,0.8765053801998247,84315.8520299708,0.00018394670217656179,58.41818449275275,75.94363984057858,10.0,23.0,1.8394670217656178e-05,66.64897422470429
,,,,,109686.56721661934,31800.0,0.8766893269020013,84374.28247432256,0.00018394670217656179,58.43044435176484,75.95957765729429,10.0,23.0,1.8394670217656178e-05,66.64897422470429
,,,,,109762.54273209335,31810.0,0.8768732736041779,84432.72517853334,0.00018394670217656179,58.442704210776924,75.97551547401001,10.0,23.0,1.8394670217656178e-05,66.64897422470429
,,,,,109838.53418538408,31820.0,0.8770572203063545,84491.18014260313,0.00018394670217656179,58.454964069789014,75.99145329072572,10.0,23.0,1.8394670217656178e-05,66.64897422470429
,,,,,109914.54157649152,31830.0,0.877241167008531,84549.64736653194,0.00018394670217656179,58.4672239288011,76.00739110744144,10.0,23.0,1.8394670217656178e-05,66.64897422470429
,,,,,109990.56490541568,31840.0,0.8774251137107076,84608.12685031975,0.00018394670217656179,58.47948378781319,76.02332892415714,10.0,23.0,1.8394670217656178e-05,66.64897422470429
,,,,,110066.60417215656,31850.0,0.8776090604128842,84666.61859396657,0.00018394670217656179,58.49174364682527,76.03926674087285,10.0,23.0,1.8394670217656178e-05,66.64897422470429
,,,,,110142.65937671415,31860.0,0.8777930071150608,84725.12259747241,0.00018394670217656179,58.50400350583736,76.05520455758857,10.0,23.0,1.8394670217656178e-05,66.64897422470429
,,,,,110218.73051908845,31870.0,0.8779769538172374,84783.63886083725,0.00018394670217656179,58.51626336484944,76.07114237430427,10.0,23.0,1.8394670217656178e-05,66.64897422470429
,,,,,110294.81759927947,31880.0,0.878160900519414,84842.16738406112,0.00018394670217656179,58.528523223861534,76.08708019102,10.0,23.0,1.8394670217656178e-05,66.64897422470429
,,,,,110370.92061728721,31890.0,0.8783448472215906,84900.708167144,0.00018394670217656179,58.54078308287362,76.1030180077357,10.0,23.0,1.8394670217656178e-05,66.64897422470429
,,,,,110447.03957311166,31900.0,0.8785287939237671,84959.26121008588,0.00018394670217656179,58.55304294188571,76.11895582445142,10.0,23.0,1.8394670217656178e-05,66.64897422470429
,,,,,110523.17446675283,31910.0,0.8787127406259437,85017.82651288678,0.00018394670217656179,58.56530280089779,76.13489364116712,10.0,23.0,1.8394670217656178e-05,66.64897422470429
,,,,,110599.32529821071,31920.0,0.8788966873281203,85076.40407554668,0.00018394670217656179,58.57756265990988,76.15083145788284,10.0,23.0,1.8394670217656178e-05,66.64897422470429
,,,,,110675.4920674853,31930.0,0.8790806340302969,85134.9938980656,0.00018394670217656179,58.58982251892196,76.16676927459855,10.0,23.0,1.8394670217656178e-05,66.64897422470429
,,,,,110751.67477457662,31940.0,0.8792645807324735,85193.59598044354,0.00018394670217656179,58.60208237793405,76.18270709131427,10.0,23.0,1.8394670217656178e-05,66.64897422470429
,,,,,110827.87341948465,31950.0,0.8794485274346501,85252.21032268049,0.00018394670217656179,58.614342236946136,76.19864490802998,10.0,23.0,1.8394670217656178e-05,66.64897422470429
,,,,,110904.08800220939,31960.0,0.8796324741368267,85310.83692477645,0.00018394670217656179,58.62660209595822,76.21458272474568,10.0,23.0,1.8394670217656178e-05,66.64897422470429
,,,,,110980.31852275085,31970.0,0.8798164208390032,85369.47578673142,0.00018394670217656179,58.63886195497031,76.2305205414614,10.0,23.0,1.8394670217656178e-05,66.64897422470429
,,,,,111056.56498110903,31980.0,0.8800003675411798,85428.1269085454,0.00018394670217656179,58.65112181398239,76.24645835817711,10.0,23.0,1.8394670217656178e-05,66.64897422470429
,,,,,111132.82737728392,31990.0,0.8801843142433564,85486.79029021839,0.00018394670217656179,58.66338167299448,76.26239617489283,10.0,23.0,1.8394670217656178e-05,66.64897422470429
,,,,,111209.10571127552,32000.0,0.880368260945533,85545.4659317504,0.00018394670217656179,58.675641532006566,76.27833399160853,10.0,23.0,1.8394670217656178e-05,66.64897422470429
,,,,,111285.39998308384,32010.0,0.8805522076477096,85604.15383314142,0.00018394670217656179,58.687901391018656,76.29427180832425,10.0,23.0,1.8394670217656178e-05,66.64897422470429
,,,,,111361.71019270888,32020.0,0.8807361543498862,85662.85399439145,0.00018394670217656179,58.70016125003074,76.31020962503996,10.0,23.0,1.8394670217656178e-05,66.64897422470429
,,,,,111438.03634015063,32030.0,0.8809201010520628,85721.56641550049,0.00018394670217656179,58.71242110904283,76.32614744175568,10.0,23.0,1.8394670217656178e-05,66.64897422470429
,,,,,111514.3784254091,32040.0,0.8811040477542393,85780.29109646854,0.00018394670217656179,58.72468096805491,76.34208525847139,10.0,23.0,1.8394670217656178e-05,66.64897422470429
,,,,,111590.73644848428,32050.0,0.8812879944564159,85839.0280372956,0.00018394670217656179,58.736940827067,76.3580230751871,10.0,23.0,1.8394670217656178e-05,66.64897422470429
,,,,,111667.11040937618,32060.0,0.8814719411585925,85897.77723798169,0.00018394670217656179,58.749200686079085,76.37396089190281,10.0,23.0,1.8394670217656178e-05,66.64897422470429
,,,,,111743.5003080848,32070.0,0.8816558878607691,85956.53869852678,0.00018394670217656179,58.761460545091175,76.38989870861853,10.0,23.0,1.8394670217656178e-05,66.64897422470429
,,,,,111819.90614461013,32080.0,0.8818398345629457,86015.31241893089,0.00018394670217656179,58.77372040410326,76.40583652533424,10.0,23.0,1.8394670217656178e-05,66.64897422470429
,,,,,111864.50384760955,32090.0,0.8818729455853828,86049.61834431507,3.31110224370807e-05,34.30592538417163,44.59770299942312,10.0,88.0,3.3111022437080697e-06,38.90121083304073
,,,,,111909.10322508549,32100.0,0.8819060566078198,86083.9255577581,3.31110224370807e-05,34.30721344303635,44.599377475947264,10.0,88.0,3.3111022437080697e-06,38.90121083304073
,,,,,111953.70427703796,32110.0,0.8819391676302569,86118.23405926001,3.31110224370807e-05,34.30850150190108,44.6010519524714,10.0,88.0,3.3111022437080697e-06,38.90121083304073
,,,,,111998.30700346697,32120.0,0.881972278652694,86152.54384882077,3.31110224370807e-05,34.30978956076579,44.60272642899553,10.0,88.0,3.3111022437080697e-06,38.90121083304073
,,,,,112042.91140437248,32130.0,0.8820053896751311,86186.8549264404,3.31110224370807e-05,34.31107761963052,44.604400905519675,10.0,88.0,3.3111022437080697e-06,38.90121083304073
,,,,,112087.51747975453,32140.0,0.8820385006975682,86221.16729211889,3.31110224370807e-05,34.31236567849524,44.60607538204381,10.0,88.0,3.3111022437080697e-06,38.90121083304073
,,,,,112132.1252296131,32150.0,0.8820716117200053,86255.48094585625,3.31110224370807e-05,34.313653737359964,44.607749858567956,10.0,88.0,3.3111022437080697e-06,38.90121083304073
,,,,,112176.7346539482,32160.0,0.8821047227424423,86289.79588765248,3.31110224370807e-05,34.31494179622469,44.60942433509209,10.0,88.0,3.3111022437080697e-06,38.90121083304073
,,,,,112221.34575275981,32170.0,0.8821378337648794,86324.11211750757,3.31110224370807e-05,34.31622985508941,44.61109881161624,10.0,88.0,3.3111022437080697e-06,38.90121083304073
,,,,,112265.95852604795,32180.0,0.8821709447873165,86358.42963542152,3.31110224370807e-05,34.317517913954134,44.612773288140374,10.0,88.0,3.3111022437080697e-06,38.90121083304073
,,,,,112310.57297381261,32190.0,0.8822040558097536,86392.74844139433,3.31110224370807e-05,34.31880597281885,44.614447764664504,10.0,88.0,3.3111022437080697e-06,38.90121083304073
,,,,,112355.1890960538,32200.0,0.8822371668321907,86427.06853542602,3.31110224370807e-05,34.320094031683574,44.61612224118865,10.0,88.0,3.3111022437080697e-06,38.90121083304073
,,,,,112399.8068927715,32210.0,0.8822702778546277,86461.38991751657,3.31110224370807e-05,34.3213820905483,44.617796717712785,10.0,88.0,3.3111022437080697e-06,38.90121083304073
,,,,,112444.42636396574,32220.0,0.8823033888770648,86495.71258766598,3.31110224370807e-05,34.32267014941302,44.61947119423693,10.0,88.0,3.3111022437080697e-06,38.90121083304073
,,,,,112489.04750963651,32230.0,0.8823364998995019,86530.03654587426,3.31110224370807e-05,34.323958208277745,44.62114567076107,10.0,88.0,3.3111022437080697e-06,38.90121083304073
,,,,,112533.6703297838,32240.0,0.882369610921939,86564.3617921414,3.31110224370807e-05,34.32524626714247,44.62282014728521,10.0,88.0,3.3111022437080697e-06,38.90121083304073
,,,,,112578.29482440761,32250.0,0.8824027219443761,86598.68832646741,3.31110224370807e-05,34.32653432600719,44.62449462380935,10.0,88.0,3.3111022437080697e-06,38.90121083304073
,,,,,112622.92099350794,32260.0,0.8824358329668132,86633.01614885229,3.31110224370807e-05,34.32782238487191,44.626169100333485,10.0,88.0,3.3111022437080697e-06,38.90121083304073
,,,,,112667.5488370848,32270.0,0.8824689439892502,86667.34525929602,3.31110224370807e-05,34.32911044373663,44.62784357685762,10.0,88.0,3.3111022437080697e-06,38.90121083304073
,,,,,112712.17835513818,32280.0,0.8825020550116873,86701.67565779862,3.31110224370807e-05,34.330398502601355,44.629518053381766,10.0,88.0,3.3111022437080697e-06,38.90121083304073
,,,,,112756.80954766809,32290.0,0.8825351660341244,86736.00734436008,3.31110224370807e-05,34.33168656146608,44.6311925299059,10.0,88.0,3.3111022437080697e-06,38.90121083304073
,,,,,112801.44241467452,32300.0,0.8825682770565615,86770.34031898042,3.31110224370807e-05,34.3329746203308,44.63286700643005,10.0,88.0,3.3111022437080697e-06,38.90121083304073
,,,,,112846.07695615747,32310.0,0.8826013880789986,86804.67458165962,3.31110224370807e-05,34.334262679195525,44.634541482954184,10.0,88.0,3.3111022437080697e-06,38.90121083304073
,,,,,112890.71317211694,32320.0,0.8826344991014357,86839.01013239769,3.31110224370807e-05,34.33555073806025,44.63621595947833,10.0,88.0,3.3111022437080697e-06,38.90121083304073
,,,,,112935.35106255295,32330.0,0.8826676101238727,86873.34697119461,3.31110224370807e-05,34.336838796924965,44.63789043600246,10.0,88.0,3.3111022437080697e-06,38.90121083304073
,,,,,112979.99062746548,32340.0,0.8827007211463098,86907.6850980504,3.31110224370807e-05,34.33812685578969,44.639564912526595,10.0,88.0,3.3111022437080697e-06,38.90121083304073
,,,,,113024.63186685453,32350.0,0.8827338321687469,86942.02451296504,3.31110224370807e-05,34.33941491465441,44.64123938905074,10.0,88.0,3.3111022437080697e-06,38.90121083304073
,,,,,113069.27478072011,32360.0,0.882766943191184,86976.36521593857,3.31110224370807e-05,34.340702973519136,44.642913865574876,10.0,88.0,3.3111022437080697e-06,38.90121083304073
,,,,,113113.9193690622,32370.0,0.8828000542136211,87010.70720697095,3.31110224370807e-05,34.34199103238386,44.64458834209902,10.0,88.0,3.3111022437080697e-06,38.90121083304073
,,,,,113158.56563188083,32380.0,0.8828331652360581,87045.0504860622,3.31110224370807e-05,34.34327909124858,44.64626281862316,10.0,88.0,3.3111022437080697e-06,38.90121083304073
,,,,,113203.21356917598,32390.0,0.8828662762584952,87079.39505321231,3.31110224370807e-05,34.344567150113306,44.6479372951473,10.0,88.0,3.3111022437080697e-06,38.90121083304073
,,,,,113247.86318094765,32400.0,0.8828993872809323,87113.74090842128,3.31110224370807e-05,34.34585520897802,44.64961177167143,10.0,88.0,3.3111022437080697e-06,38.90121083304073
,,,,,113292.51446719584,32410.0,0.8829324983033694,87148.08805168913,3.31110224370807e-05,34.347143267842746,44.651286248195575,10.0,88.0,3.3111022437080697e-06,38.90121083304073
,,,,,113337.16742792056,32420.0,0.8829656093258065,87182.43648301584,3.31110224370807e-05,34.34843132670747,44.65296072471971,10.0,88.0,3.3111022437080697e-06,38.90121083304073
,,,,,113381.8220631218,32430.0,0.8829987203482436,87216.78620240142,3.31110224370807e-05,34.34971938557219,44.654635201243856,10.0,88.0,3.3111022437080697e-06,38.90121083304073
,,,,,113426.47837279957,32440.0,0.8830318313706806,87251.13720984585,3.31110224370807e-05,34.35100744443692,44.65630967776799,10.0,88.0,3.3111022437080697e-06,38.90121083304073
,,,,,113471.13635695387,32450.0,0.8830649423931177,87285.48950534915,3.31110224370807e-05,34.35229550330164,44.65798415429214,10.0,88.0,3.3111022437080697e-06,38.90121083304073
,,,,,113515.79601558468,32460.0,0.8830980534155548,87319.84308891132,3.31110224370807e-05,34.353583562166364,44.659658630816274,10.0,88.0,3.3111022437080697e-06,38.90121083304073
,,,,,113560.45734869203,32470.0,0.8831311644379919,87354.19796053236,3.31110224370807e-05,34.35487162103108,44.661333107340404,10.0,88.0,3.3111022437080697e-06,38.90121083304073
,,,,,113605.12035627589,32480.0,0.883164275460429,87388.55412021225,3.31110224370807e-05,34.3561596798958,44.66300758386455,10.0,88.0,3.3111022437080697e-06,38.90121083304073
,,,,,113649.78503833628,32490.0,0.883197386482866,87422.91156795101,3.31110224370807e-05,34.35744773876053,44.664682060388685,10.0,88.0,3.3111022437080697e-06,38.90121083304073
,,,,,113694.45139487319,32500.0,0.8832304975053031,87457.27030374864,3.31110224370807e-05,34.35873579762525,44.66635653691283,10.0,88.0,3.3111022437080697e-06,38.90121083304073
,,,,,113739.11942588663,32510.0,0.8832636085277402,87491.63032760512,3.31110224370807e-05,34.360023856489974,44.668031013436966,10.0,88.0,3.3111022437080697e-06,38.90121083304073
,,,,,113783.78913137659,32520.0,0.8832967195501773,87525.99163952048,3.31110224370807e-05,34.3613119153547,44.66970548996111,10.0,88.0,3.3111022437080697e-06,38.90121083304073
,,,,,113828.46051134307,32530.0,0.8833298305726144,87560.3542394947,3.31110224370807e-05,34.36259997421942,44.67137996648525,10.0,88.0,3.3111022437080697e-06,38.90121083304073
,,,,,113873.13356578608,32540.0,0.8833629415950515,87594.71812752778,3.31110224370807e-05,34.36388803308414,44.67305444300938,10.0,88.0,3.3111022437080697e-06,38.90121083304073
,,,,,113917.80829470561,32550.0,0.8833960526174885,87629.08330361973,3.31110224370807e-05,34.36517609194886,44.67472891953352,10.0,88.0,3.3111022437080697e-06,38.90121083304073
,,,,,113962.48469810167,32560.0,0.8834291636399256,87663.44976777054,3.31110224370807e-05,34.366464150813584,44.67640339605766,10.0,88.0,3.3111022437080697e-06,38.90121083304073
,,,,,114007.16277597426,32570.0,0.8834622746623627,87697.81751998022,3.31110224370807e-05,34.36775220967831,44.6780778725818,10.0,88.0,3.3111022437080697e-06,38.90121083304073
,,,,,114051.84252832337,32580.0,0.8834953856847998,87732.18656024877,3.31110224370807e-05,34.36904026854303,44.67975234910594,10.0,88.0,3.3111022437080697e-06,38.90121083304073
,,,,,114096.523955149,32590.0,0.8835284967072369,87766.55688857617,3.31110224370807e-05,34.370328327407755,44.68142682563008,10.0,88.0,3.3111022437080697e-06,38.90121083304073
,,,,,114141.20705645115,32600.0,0.883561607729674,87800.92850496245,3.31110224370807e-05,34.37161638627248,44.68310130215422,10.0,88.0,3.3111022437080697e-06,38.90121083304073
,,,,,114185.89183222983,32610.0,0.883594718752111,87835.30140940758,3.31110224370807e-05,34.372904445137195,44.68477577867836,10.0,88.0,3.3111022437080697e-06,38.90121083304073
,,,,,114230.57828248503,32620.0,0.8836278297745481,87869.67560191159,3.31110224370807e-05,34.37419250400192,44.686450255202494,10.0,88.0,3.3111022437080697e-06,38.90121083304073
,,,,,114275.26640721675,32630.0,0.8836609407969852,87904.05108247446,3.31110224370807e-05,34.37548056286664,44.68812473172664,10.0,88.0,3.3111022437080697e-06,38.90121083304073
,,,,,114319.956206425,32640.0,0.8836940518194223,87938.42785109619,3.31110224370807e-05,34.376768621731365,44.689799208250776,10.0,88.0,3.3111022437080697e-06,38.90121083304073
,,,,,114364.64768010977,32650.0,0.8837271628418594,87972.80590777678,3.31110224370807e-05,34.37805668059609,44.69147368477492,10.0,88.0,3.3111022437080697e-06,38.90121083304073
,,,,,114409.34082827107,32660.0,0.8837602738642965,88007.18525251624,3.31110224370807e-05,34.37934473946081,44.69314816129906,10.0,88.0,3.3111022437080697e-06,38.90121083304073
,,,,,114719.28215347292,32670.0,0.8838701333633343,88245.60165651765,0.00010985949903787331,238.41640400141458,309.94132520183894,10.0,33.0,1.0985949903787331e-05,269.74144164616575
,,,,,115029.2620024323,32680.0,0.8839799928623722,88484.04769417872,0.00010985949903787331,238.44603766106357,309.97984895938265,10.0,33.0,1.0985949903787331e-05,269.74144164616575
,,,,,115339.28037514922,32690.0,0.88408985236141,88722.52336549944,0.00010985949903787331,238.47567132071256,310.01837271692636,10.0,33.0,1.0985949903787331e-05,269.74144164616575
,,,,,115649.33727162369,32700.0,0.8841997118604479,88961.0286704798,0.00010985949903787331,238.5053049803616,310.0568964744701,10.0,33.0,1.0985949903787331e-05,269.74144164616575
,,,,,115959.4326918557,32710.0,0.8843095713594857,89199.56360911981,0.00010985949903787331,238.53493864001058,310.09542023201374,10.0,33.0,1.0985949903787331e-05,269.74144164616575
,,,,,116269.56663584526,32720.0,0.8844194308585236,89438.12818141947,0.00010985949903787331,238.56457229965957,310.13394398955745,10.0,33.0,1.0985949903787331e-05,269.74144164616575
,,,,,116579.73910359236,32730.0,0.8845292903575614,89676.72238737877,0.00010985949903787331,238.59420595930857,310.17246774710117,10.0,33.0,1.0985949903787331e-05,269.74144164616575
,,,,,116889.95009509701,32740.0,0.8846391498565993,89915.34622699773,0.00010985949903787331,238.62383961895756,310.2109915046448,10.0,33.0,1.0985949903787331e-05,269.74144164616575
,,,,,117200.1996103592,32750.0,0.8847490093556372,90153.99970027634,0.00010985949903787331,238.65347327860655,310.24951526218854,10.0,33.0,1.0985949903787331e-05,269.74144164616575
,,,,,117510.48764937893,32760.0,0.884858868854675,90392.6828072146,0.00010985949903787331,238.68310693825555,310.2880390197322,10.0,33.0,1.0985949903787331e-05,269.74144164616575
,,,,,117820.81421215621,32770.0,0.8849687283537129,90631.39554781251,0.00010985949903787331,238.71274059790454,310.3265627772759,10.0,33.0,1.0985949903787331e-05,269.74144164616575
,,,,,118131.17929869103,32780.0,0.8850785878527507,90870.13792207006,0.00010985949903787331,238.74237425755356,310.3650865348196,10.0,33.0,1.0985949903787331e-05,269.74144164616575
,,,,,118441.58290898339,32790.0,0.8851884473517886,91108.90992998726,0.00010985949903787331,238.77200791720256,310.40361029236334,10.0,33.0,1.0985949903787331e-05,269.74144164616575
,,,,,118752.0250430333,32800.0,0.8852983068508264,91347.71157156411,0.00010985949903787331,238.80164157685155,310.44213404990705,10.0,33.0,1.0985949903787331e-05,269.74144164616575
,,,,,119062.50570084075,32810.0,0.8854081663498643,91586.54284680061,0.00010985949903787331,238.83127523650055,310.4806578074507,10.0,33.0,1.0985949903787331e-05,269.74144164616575
,,,,,119373.02488240573,32820.0,0.8855180258489022,91825.40375569677,0.00010985949903787331,238.86090889614954,310.5191815649944,10.0,33.0,1.0985949903787331e-05,269.74144164616575
,,,,,119683.58258772828,32830.0,0.88562788534794,92064.29429825257,0.00010985949903787331,238.89054255579853,310.5577053225381,10.0,33.0,1.0985949903787331e-05,269.74144164616575
,,,,,119994.17881680836,32840.0,0.8857377448469779,92303.21447446801,0.00010985949903787331,238.92017621544753,310.5962290800818,10.0,33.0,1.0985949903787331e-05,269.74144164616575
,,,,,120304.81356964598,32850.0,0.8858476043460157,92542.1642843431,0.00010985949903787331,238.94980987509652,310.6347528376255,10.0,33.0,1.0985949903787331e-05,269.74144164616575
,,,,,120615.48684624115,32860.0,0.8859574638450536,92781.14372787785,0.00010985949903787331,238.9794435347455,310.67327659516917,10.0,33.0,1.0985949903787331e-05,269.74144164616575
,,,,,120926.19864659387,32870.0,0.8860673233440914,93020.15280507224,0.00010985949903787331,239.00907719439454,310.7118003527129,10.0,33.0,1.0985949903787331e-05,269.74144164616575
,,,,,121236.94897070412,32880.0,0.8861771828431293,93259.19151592629,0.00010985949903787331,239.03871085404353,310.7503241102566,10.0,33.0,1.0985949903787331e-05,269.74144164616575
,,,,,121547.73781857193,32890.0,0.8862870423421672,93498.25986043998,0.00010985949903787331,239.06834451369252,310.7888478678003,10.0,33.0,1.0985949903787331e-05,269.74144164616575
,,,,,121858.56519019727,32900.0,0.886396901841205,93737.35783861333,0.00010985949903787331,239.09797817334152,310.82737162534397,10.0,33.0,1.0985949903787331e-05,269.74144164616575
,,,,,122169.43108558016,32910.0,0.8865067613402429,93976.48545044631,0.00010985949903787331,239.1276118329905,310.8658953828877,10.0,33.0,1.0985949903787331e-05,269.74144164616575
,,,,,122480.33550472058,32920.0,0.8866166208392807,94215.64269593895,0.00010985949903787331,239.1572454926395,310.90441914043134,10.0,33.0,1.0985949903787331e-05,269.74144164616575
,,,,,122791.27844761856,32930.0,0.8867264803383186,94454.82957509124,0.00010985949903787331,239.1868791522885,310.94294289797506,10.0,33.0,1.0985949903787331e-05,269.74144164616575
,,,,,123102.25991427408,32940.0,0.8868363398373564,94694.04608790317,0.00010985949903787331,239.2165128119375,310.9814666555188,10.0,33.0,1.0985949903787331e-05,269.74144164616575
,,,,,123413.27990468714,32950.0,0.8869461993363943,94933.29223437476,0.00010985949903787331,239.2461464715865,311.0199904130625,10.0,33.0,1.0985949903787331e-05,269.74144164616575
,,,,,123724.33841885775,32960.0,0.8870560588354321,95172.568014506,0.00010985949903787331,239.2757801312355,311.05851417060614,10.0,33.0,1.0985949903787331e-05,269.74144164616575
,,,,,124035.4354567859,32970.0,0.88716591833447,95411.8734282969,0.00010985949903787331,239.3054137908845,311.09703792814986,10.0,33.0,1.0985949903787331e-05,269.74144164616575
,,,,,124346.57101847159,32980.0,0.8872757778335079,95651.20847574742,0.00010985949903787331,239.3350474505335,311.1355616856936,10.0,33.0,1.0985949903787331e-05,269.74144164616575
,,,,,124657.74510391483,32990.0,0.8873856373325457,95890.5731568576,0.00010985949903787331,239.3646811101825,311.17408544323723,10.0,33.0,1.0985949903787331e-05,269.74144164616575
,,,,,124968.95771311561,33000.0,0.8874954968315836,96129.96747162743,0.00010985949903787331,239.39431476983148,311.21260920078095,10.0,33.0,1.0985949903787331e-05,269.74144164616575
,,,,,125280.20884607393,33010.0,0.8876053563306214,96369.39142005691,0.00010985949903787331,239.42394842948048,311.2511329583246,10.0,33.0,1.0985949903787331e-05,269.74144164616575
,,,,,125591.49850278981,33020.0,0.8877152158296593,96608.84500214604,0.00010985949903787331,239.45358208912947,311.2896567158683,10.0,33.0,1.0985949903787331e-05,269.74144164616575
,,,,,125902.82668326322,33030.0,0.8878250753286971,96848.32821789483,0.00010985949903787331,239.48321574877846,311.32818047341203,10.0,33.0,1.0985949903787331e-05,269.74144164616575
,,,,,126214.19338749418,33040.0,0.887934934827735,97087.84106730326,0.00010985949903787331,239.51284940842748,311.36670423095575,10.0,33.0,1.0985949903787331e-05,269.74144164616575
,,,,,126525.59861548267,33050.0,0.8880447943267729,97327.38355037133,0.00010985949903787331,239.54248306807648,311.4052279884994,10.0,33.0,1.0985949903787331e-05,269.74144164616575
,,,,,126837.04236722871,33060.0,0.8881546538258107,97566.95566709906,0.00010985949903787331,239.57211672772547,311.4437517460431,10.0,33.0,1.0985949903787331e-05,269.74144164616575
,,,,,127148.5246427323,33070.0,0.8882645133248486,97806.55741748643,0.00010985949903787331,239.60175038737447,311.48227550358683,10.0,33.0,1.0985949903787331e-05,269.74144164616575
,,,,,127460.04544199342,33080.0,0.8883743728238864,98046.18880153346,0.00010985949903787331,239.63138404702346,311.5207992611305,10.0,33.0,1.0985949903787331e-05,269.74144164616575
,,,,,127583.9677785212,33090.0,0.8884683390327167,98141.51367578558,9.396620883026356e-05,95.32487425212935,123.92233652776815,10.0,61.0,9.396620883026356e-06,107.29124501601304
,,,,,127707.90322132596,33100.0,0.888562305241547,98236.84863178924,9.396620883026356e-05,95.33495600366419,123.93544280476345,10.0,61.0,9.396620883026356e-06,107.29124501601304
,,,,,127831.85177040772,33110.0,0.8886562714503773,98332.19366954443,9.396620883026356e-05,95.34503775519902,123.94854908175873,10.0,61.0,9.396620883026356e-06,107.29124501601304
,,,,,127955.81342576648,33120.0,0.8887502376592076,98427.54878905116,9.396620883026356e-05,95.35511950673386,123.96165535875402,10.0,61.0,9.396620883026356e-06,107.29124501601304
,,,,,128079.78818740223,33130.0,0.8888442038680379,98522.91399030943,9.396620883026356e-05,95.3652012582687,123.97476163574932,10.0,61.0,9.396620883026356e-06,107.29124501601304
,,,,,128203.77605531497,33140.0,0.8889381700768682,98618.28927331924,9.396620883026356e-05,95.37528300980352,123.98786791274459,10.0,61.0,9.396620883026356e-06,107.29124501601304
,,,,,128327.77702950471,33150.0,0.8890321362856984,98713.67463808059,9.396620883026356e-05,95.38536476133837,124.00097418973988,10.0,61.0,9.396620883026356e-06,107.29124501601304
,,,,,128451.79110997144,33160.0,0.8891261024945287,98809.07008459346,9.396620883026356e-05,95.3954465128732,124.01408046673517,10.0,61.0,9.396620883026356e-06,107.29124501601304
,,,,,128575.81829671517,33170.0,0.889220068703359,98904.47561285787,9.396620883026356e-05,95.40552826440803,124.02718674373045,10.0,61.0,9.396620883026356e-06,107.29124501601304
,,,,,128699.85858973589,33180.0,0.8893140349121893,98999.89122287382,9.396620883026356e-05,95.41561001594287,124.04029302072574,10.0,61.0,9.396620883026356e-06,107.29124501601304
,,,,,128823.9119890336,33190.0,0.8894080011210196,99095.3169146413,9.396620883026356e-05,95.42569176747772,124.05339929772103,10.0,61.0,9.396620883026356e-06,107.29124501601304
,,,,,128947.97849460832,33200.0,0.8895019673298499,99190.75268816031,9.396620883026356e-05,95.43577351901254,124.0665055747163,10.0,61.0,9.396620883026356e-06,107.29124501601304
,,,,,129072.05810646004,33210.0,0.8895959335386802,99286.19854343086,9.396620883026356e-05,95.44585527054738,124.0796118517116,10.0,61.0,9.396620883026356e-06,107.29124501601304
,,,,,129196.15082458875,33220.0,0.8896898997475104,99381.65448045294,9.396620883026356e-05,95.45593702208222,124.09271812870689,10.0,61.0,9.396620883026356e-06,107.29124501601304
,,,,,129320.25664899446,33230.0,0.8897838659563407,99477.12049922656,9.396620883026356e-05,95.46601877361705,124.10582440570217,10.0,61.0,9.396620883026356e-06,107.29124501601304
,,,,,129444.37557967716,33240.0,0.889877832165171,99572.5965997517,9.396620883026356e-05,95.47610052515189,124.11893068269747,10.0,61.0,9.396620883026356e-06,107.29124501601304
,,,,,129568.50761663685,33250.0,0.8899717983740013,99668.08278202839,9.396620883026356e-05,95.48618227668673,124.13203695969275,10.0,61.0,9.396620883026356e-06,107.29124501601304
,,,,,129692.65275987354,33260.0,0.8900657645828316,99763.5790460566,9.396620883026356e-05,95.49626402822156,124.14514323668803,10.0,61.0,9.396620883026356e-06,107.29124501601304
,,,,,129816.81100938722,33270.0,0.8901597307916619,99859.08539183636,9.396620883026356e-05,95.5063457797564,124.15824951368333,10.0,61.0,9.396620883026356e-06,107.29124501601304
,,,,,129940.9823651779,33280.0,0.8902536970004922,99954.60181936764,9.396620883026356e-05,95.51642753129124,124.17135579067862,10.0,61.0,9.396620883026356e-06,107.29124501601304
,,,,,130053.91341885521,33290.0,0.8903822390402085,100041.47186065788,0.00012854203971635465,86.87004129024497,112.93105367731846,10.0,22.0,1.2854203971635464e-05,97.56488559777081
,,,,,130166.86077607876,33300.0,0.8905107810799249,100128.35444313753,0.00012854203971635465,86.8825824796444,112.94735722353772,10.0,22.0,1.2854203971635464e-05,97.56488559777081
,,,,,130279.82443684852,33310.0,0.8906393231196412,100215.24956680658,0.00012854203971635465,86.89512366904383,112.96366076975698,10.0,22.0,1.2854203971635464e-05,97.56488559777081
,,,,,130392.8044011645,33320.0,0.8907678651593576,100302.15723166503,0.00012854203971635465,86.90766485844325,112.97996431597623,10.0,22.0,1.2854203971635464e-05,97.56488559777081
,,,,,130505.80066902669,33330.0,0.8908964071990739,100389.07743771287,0.00012854203971635465,86.92020604784268,112.9962678621955,10.0,22.0,1.2854203971635464e-05,97.56488559777081
,,,,,130618.8132404351,33340.0,0.8910249492387903,100476.01018495011,0.00012854203971635465,86.93274723724211,113.01257140841474,10.0,22.0,1.2854203971635464e-05,97.56488559777081
,,,,,130731.84211538974,33350.0,0.8911534912785066,100562.95547337674,0.00012854203971635465,86.94528842664155,113.02887495463402,10.0,22.0,1.2854203971635464e-05,97.56488559777081
,,,,,130844.88729389058,33360.0,0.891282033318223,100649.91330299279,0.00012854203971635465,86.95782961604098,113.04517850085328,10.0,22.0,1.2854203971635464e-05,97.56488559777081
,,,,,130957.94877593765,33370.0,0.8914105753579393,100736.88367379823,0.00012854203971635465,86.97037080544041,113.06148204707253,10.0,22.0,1.2854203971635464e-05,97.56488559777081
,,,,,131071.02656153095,33380.0,0.8915391173976557,100823.86658579308,0.00012854203971635465,86.98291199483984,113.0777855932918,10.0,22.0,1.2854203971635464e-05,97.56488559777081
,,,,,131184.12065067046,33390.0,0.891667659437372,100910.86203897731,0.00012854203971635465,86.99545318423927,113.09408913951106,10.0,22.0,1.2854203971635464e-05,97.56488559777081
,,,,,131297.23104335618,33400.0,0.8917962014770884,100997.87003335095,0.00012854203971635465,87.0079943736387,113.1103926857303,10.0,22.0,1.2854203971635464e-05,97.56488559777081
,,,,,131410.35773958813,33410.0,0.8919247435168047,101084.89056891398,0.00012854203971635465,87.02053556303812,113.12669623194957,10.0,22.0,1.2854203971635464e-05,97.56488559777081
,,,,,131523.5007393663,33420.0,0.8920532855565211,101171.92364566642,0.00012854203971635465,87.03307675243755,113.14299977816881,10.0,22.0,1.2854203971635464e-05,97.56488559777081
,,,,,131636.6600426907,33430.0,0.8921818275962374,101258.96926360826,0.00012854203971635465,87.04561794183698,113.15930332438808,10.0,22.0,1.2854203971635464e-05,97.56488559777081
,,,,,131749.8356495613,33440.0,0.8923103696359538,101346.0274227395,0.00012854203971635465,87.05815913123642,113.17560687060735,10.0,22.0,1.2854203971635464e-05,97.56488559777081
,,,,,131863.02755997813,33450.0,0.8924389116756701,101433.09812306013,0.00012854203971635465,87.07070032063585,113.19191041682662,10.0,22.0,1.2854203971635464e-05,97.56488559777081
,,,,,131976.23577394118,33460.0,0.8925674537153865,101520.18136457016,0.00012854203971635465,87.08324151003528,113.20821396304586,10.0,22.0,1.2854203971635464e-05,97.56488559777081
,,,,,132089.46029145044,33470.0,0.8926959957551028,101607.2771472696,0.00012854203971635465,87.09578269943471,113.22451750926513,10.0,22.0,1.2854203971635464e-05,97.56488559777081
,,,,,132202.70111250592,33480.0,0.8928245377948192,101694.38547115844,0.00012854203971635465,87.10832388883414,113.24082105548437,10.0,22.0,1.2854203971635464e-05,97.56488559777081
,,,,,132315.95823710764,33490.0,0.8929530798345355,101781.50633623668,0.00012854203971635465,87.12086507823356,113.25712460170364,10.0,22.0,1.2854203971635464e-05,97.56488559777081
,,,,,132429.23166525556,33500.0,0.8930816218742519,101868.63974250431,0.00012854203971635465,87.13340626763299,113.2734281479229,10.0,22.0,1.2854203971635464e-05,97.56488559777081
,,,,,132742.42822165205,33510.0,0.8931531859807201,102109.56017050162,7.156410646824169e-05,240.92042799730544,313.1965563964971,10.0,58.0,7.156410646824169e-06,269.74144164616575
,,,,,133055.64987299536,33520.0,0.8932247500871884,102350.49990230417,7.156410646824169e-05,240.93973180255432,313.2216513433206,10.0,58.0,7.156410646824169e-06,269.74144164616575
,,,,,133368.89661928552,33530.0,0.8932963141936566,102591.45893791197,7.156410646824169e-05,240.95903560780317,313.24674629014413,10.0,58.0,7.156410646824169e-06,269.74144164616575
,,,,,133682.1684605225,33540.0,0.8933678783001249,102832.43727732502,7.156410646824169e-05,240.97833941305205,313.2718412369677,10.0,58.0,7.156410646824169e-06,269.74144164616575
,,,,,133995.46539670628,33550.0,0.8934394424065931,103073.43492054332,7.156410646824169e-05,240.9976432183009,313.2969361837912,10.0,58.0,7.156410646824169e-06,269.74144164616575
,,,,,134308.78742783688,33560.0,0.8935110065130614,103314.45186756688,7.156410646824169e-05,241.01694702354976,313.3220311306147,10.0,58.0,7.156410646824169e-06,269.74144164616575
,,,,,134622.1345539143,33570.0,0.8935825706195296,103555.48811839567,7.156410646824169e-05,241.03625082879864,313.34712607743825,10.0,58.0,7.156410646824169e-06,269.74144164616575
,,,,,134935.50677493858,33580.0,0.8936541347259979,103796.54367302972,7.156410646824169e-05,241.0555546340475,313.37222102426176,10.0,58.0,7.156410646824169e-06,269.74144164616575
,,,,,135248.90409090967,33590.0,0.8937256988324661,104037.61853146902,7.156410646824169e-05,241.07485843929638,313.3973159710853,10.0,58.0,7.156410646824169e-06,269.74144164616575
,,,,,135562.32650182757,33600.0,0.8937972629389344,104278.71269371356,7.156410646824169e-05,241.09416224454523,313.4224109179088,10.0,58.0,7.156410646824169e-06,269.74144164616575
,,,,,135875.7740076923,33610.0,0.8938688270454026,104519.82615976335,7.156410646824169e-05,241.11346604979408,313.4475058647323,10.0,58.0,7.156410646824169e-06,269.74144164616575
,,,,,136189.24660850386,33620.0,0.8939403911518709,104760.9589296184,7.156410646824169e-05,241.13276985504297,313.4726008115559,10.0,58.0,7.156410646824169e-06,269.74144164616575
,,,,,136502.74430426225,33630.0,0.8940119552583391,105002.1110032787,7.156410646824169e-05,241.15207366029182,313.4976957583794,10.0,58.0,7.156410646824169e-06,269.74144164616575
,,,,,136816.26709496745,33640.0,0.8940835193648073,105243.28238074423,7.156410646824169e-05,241.1713774655407,313.5227907052029,10.0,58.0,7.156410646824169e-06,269.74144164616575
,,,,,137129.81498061947,33650.0,0.8941550834712756,105484.47306201502,7.156410646824169e-05,241.19068127078955,313.5478856520264,10.0,58.0,7.156410646824169e-06,269.74144164616575
,,,,,137212.92386709776,33660.0,0.8943343541021672,105548.40297469065,0.00017927063089160367,63.92991267562007,83.1088864783061,10.0,29.0,1.7927063089160367e-05,71.48323485772842
,,,,,137296.04941287407,33670.0,0.8945136247330588,105612.34570221088,0.00017927063089160367,63.94272752023119,83.12554577630054,10.0,29.0,1.7927063089160367e-05,71.48323485772842
,,,,,137379.19161794835,33680.0,0.8946928953639505,105676.30124457572,0.00017927063089160367,63.95554236484231,83.142205074295,10.0,29.0,1.7927063089160367e-05,71.48323485772842
,,,,,137462.35048232065,33690.0,0.8948721659948421,105740.26960178517,0.00017927063089160367,63.96835720945343,83.15886437228946,10.0,29.0,1.7927063089160367e-05,71.48323485772842
,,,,,137545.52600599092,33700.0,0.8950514366257337,105804.25077383923,0.00017927063089160367,63.98117205406455,83.17552367028392,10.0,29.0,1.7927063089160367e-05,71.48323485772842
,,,,,137628.7181889592,33710.0,0.8952307072566253,105868.2447607379,0.00017927063089160367,63.993986898675665,83.19218296827837,10.0,29.0,1.7927063089160367e-05,71.48323485772842
,,,,,137711.92703122547,33720.0,0.895409977887517,105932.2515624812,0.00017927063089160367,64.00680174328679,83.20884226627282,10.0,29.0,1.7927063089160367e-05,71.48323485772842
,,,,,137795.15253278974,33730.0,0.8955892485184086,105996.2711790691,0.00017927063089160367,64.0196165878979,83.22550156426728,10.0,29.0,1.7927063089160367e-05,71.48323485772842
,,,,,137878.394693652,33750.0,0.8957685191493002,106060.3036105016,0.00017927063089160367,64.03243143250903,83.24216086226174,10.0,29.0,1.7927063089160367e-05,71.48323485772842
,,,,,137961.65351381226,33760.0,0.8959477897801919,106124.34885677873,0.00017927063089160367,64.04524627712014,83.25882016025619,10.0,29.0,1.7927063089160367e-05,71.48323485772842
,,,,,138061.92125054295,33770.0,0.8959826932762541,106201.4778850331,3.490349606228937e-05,77.12902825438402,100.26773673069924,10.0,15.0,3.4903496062289374e-06,86.08316749105241
,,,,,138162.19289325818,33780.0,0.8960175967723164,106278.609917891,3.490349606228937e-05,77.13203285788157,100.27164271524605,10.0,15.0,3.4903496062289374e-06,86.08316749105241
,,,,,138262.468441958,33790.0,0.8960525002683787,106355.74495535238,3.490349606228937e-05,77.13503746137913,100.27554869979286,10.0,15.0,3.4903496062289374e-06,86.08316749105241
,,,,,138362.74789664234,33800.0,0.896087403764441,106432.88299741725,3.490349606228937e-05,77.13804206487667,100.27945468433968,10.0,15.0,3.4903496062289374e-06,86.08316749105241
,,,,,138463.03125731123,33810.0,0.8961223072605032,106510.02404408563,3.490349606228937e-05,77.14104666837423,100.2833606688865,10.0,15.0,3.4903496062289374e-06,86.08316749105241
,,,,,138563.31852396467,33820.0,0.8961572107565655,106587.1680953575,3.490349606228937e-05,77.14405127187177,100.2872666534333,10.0,15.0,3.4903496062289374e-06,86.08316749105241
,,,,,138663.60969660265,33830.0,0.8961921142526278,106664.31515123286,3.490349606228937e-05,77.14705587536933,100.29117263798014,10.0,15.0,3.4903496062289374e-06,86.08316749105241
,,,,,138763.90477522518,33840.0,0.8962270177486901,106741.46521171172,3.490349606228937e-05,77.15006047886689,100.29507862252696,10.0,15.0,3.4903496062289374e-06,86.08316749105241
,,,,,138864.20375983225,33850.0,0.8962619212447523,106818.61827679409,3.490349606228937e-05,77.15306508236444,100.29898460707376,10.0,15.0,3.4903496062289374e-06,86.08316749105241
,,,,,138964.50665042386,33860.0,0.8962968247408146,106895.77434647996,3.490349606228937e-05,77.156069685862,100.3028905916206,10.0,15.0,3.4903496062289374e-06,86.08316749105241
,,,,,139064.81344700002,33870.0,0.8963317282368769,106972.93342076932,3.490349606228937e-05,77.15907428935954,100.3067965761674,10.0,15.0,3.4903496062289374e-06,86.08316749105241
,,,,,139165.12414956072,33880.0,0.8963666317329392,107050.09549966217,3.490349606228937e-05,77.1620788928571,100.31070256071423,10.0,15.0,3.4903496062289374e-06,86.08316749105241
,,,,,139265.438758106,33890.0,0.8964015352290015,107127.26058315852,3.490349606228937e-05,77.16508349635464,100.31460854526104,10.0,15.0,3.4903496062289374e-06,86.08316749105241
,,,,,139365.75727263582,33900.0,0.8964364387250637,107204.42867125837,3.490349606228937e-05,77.1680880998522,100.31851452980786,10.0,15.0,3.4903496062289374e-06,86.08316749105241
,,,,,139466.07969315018,33910.0,0.896471342221126,107281.59976396173,3.490349606228937e-05,77.17109270334976,100.32242051435469,10.0,15.0,3.4903496062289374e-06,86.08316749105241
,,,,,139566.4060196491,33920.0,0.8965062457171883,107358.77386126858,3.490349606228937e-05,77.1740973068473,100.3263264989015,10.0,15.0,3.4903496062289374e-06,86.08316749105241
,,,,,139666.73625213254,33930.0,0.8965411492132506,107435.95096317893,3.490349606228937e-05,77.17710191034486,100.33023248344833,10.0,15.0,3.4903496062289374e-06,86.08316749105241
,,,,,139767.07039060054,33940.0,0.8965760527093128,107513.13106969277,3.490349606228937e-05,77.1801065138424,100.33413846799513,10.0,15.0,3.4903496062289374e-06,86.08316749105241
,,,,,139867.40843505308,33950.0,0.8966109562053751,107590.3141808101,3.490349606228937e-05,77.18311111733996,100.33804445254195,10.0,15.0,3.4903496062289374e-06,86.08316749105241
,,,,,139967.75038549016,33960.0,0.8966458597014374,107667.50029653094,3.490349606228937e-05,77.18611572083752,100.34195043708878,10.0,15.0,3.4903496062289374e-06,86.08316749105241
,,,,,140068.0962419118,33970.0,0.8966807631974997,107744.68941685527,3.490349606228937e-05,77.18912032433506,100.34585642163559,10.0,15.0,3.4903496062289374e-06,86.08316749105241
,,,,,140168.44600431796,33980.0,0.896715666693562,107821.8815417831,3.490349606228937e-05,77.19212492783262,100.3497624061824,10.0,15.0,3.4903496062289374e-06,86.08316749105241
,,,,,140211.19798247228,33990.0,0.8968081349087328,107854.7676788249,9.24682151708503e-05,32.886137041792146,42.75197815432979,10.0,62.0,9.24682151708503e-06,36.670203761185704
,,,,,140253.9543687034,34000.0,0.8969006031239036,107887.65720669497,9.24682151708503e-05,32.889527870083896,42.75638623110907,10.0,62.0,9.24682151708503e-06,36.670203761185704
,,,,,140296.71516301128,34010.0,0.8969930713390745,107920.55012539335,9.24682151708503e-05,32.892918698375645,42.76079430788834,10.0,62.0,9.24682151708503e-06,36.670203761185704
,,,,,140339.48036539595,34020.0,0.8970855395542453,107953.44643492001,9.24682151708503e-05,32.896309526667395,42.76520238466762,10.0,62.0,9.24682151708503e-06,36.670203761185704
,,,,,140382.2499758574,34030.0,0.8971780077694161,107986.34613527497,9.24682151708503e-05,32.89970035495914,42.76961046144688,10.0,62.0,9.24682151708503e-06,36.670203761185704
,,,,,140425.02399439563,34040.0,0.897270475984587,108019.24922645823,9.24682151708503e-05,32.903091183250886,42.77401853822615,10.0,62.0,9.24682151708503e-06,36.670203761185704
,,,,,140467.80242101062,34050.0,0.8973629441997578,108052.15570846977,9.24682151708503e-05,32.906482011542636,42.77842661500543,10.0,62.0,9.24682151708503e-06,36.670203761185704
,,,,,140510.5852557024,34060.0,0.8974554124149287,108085.06558130961,9.24682151708503e-05,32.909872839834385,42.7828346917847,10.0,62.0,9.24682151708503e-06,36.670203761185704
,,,,,140553.37249847097,34070.0,0.8975478806300995,108117.97884497774,9.24682151708503e-05,32.913263668126135,42.78724276856398,10.0,62.0,9.24682151708503e-06,36.670203761185704
,,,,,140596.16414931632,34080.0,0.8976403488452703,108150.89549947417,9.24682151708503e-05,32.91665449641788,42.79165084534324,10.0,62.0,9.24682151708503e-06,36.670203761185704
,,,,,140638.96020823845,34090.0,0.8977328170604412,108183.81554479887,9.24682151708503e-05,32.920045324709626,42.79605892212252,10.0,62.0,9.24682151708503e-06,36.670203761185704
,,,,,140681.76067523734,34100.0,0.897825285275612,108216.73898095186,9.24682151708503e-05,32.923436153001376,42.80046699890179,10.0,62.0,9.24682151708503e-06,36.670203761185704
,,,,,140724.565550313,34110.0,0.8979177534907828,108249.66580793315,9.24682151708503e-05,32.926826981293125,42.80487507568107,10.0,62.0,9.24682151708503e-06,36.670203761185704
,,,,,140767.37483346547,34120.0,0.8980102217059537,108282.59602574274,9.24682151708503e-05,32.93021780958487,42.80928315246033,10.0,62.0,9.24682151708503e-06,36.670203761185704
,,,,,140810.1885246947,34130.0,0.8981026899211245,108315.52963438061,9.24682151708503e-05,32.93360863787662,42.8136912292396,10.0,62.0,9.24682151708503e-06,36.670203761185704
,,,,,140853.00662400073,34140.0,0.8981951581362954,108348.46663384678,9.24682151708503e-05,32.936999466168366,42.81809930601888,10.0,62.0,9.24682151708503e-06,36.670203761185704
,,,,,140895.82913138354,34150.0,0.8982876263514662,108381.40702414124,9.24682151708503e-05,32.940390294460116,42.82250738279815,10.0,62.0,9.24682151708503e-06,36.670203761185704
,,,,,140938.65604684313,34160.0,0.898380094566637,108414.350805264,9.24682151708503e-05,32.94378112275186,42.826915459577414,10.0,62.0,9.24682151708503e-06,36.670203761185704
,,,,,140981.48737037947,34170.0,0.8984725627818079,108447.29797721504,9.24682151708503e-05,32.94717195104361,42.83132353635669,10.0,62.0,9.24682151708503e-06,36.670203761185704
,,,,,141024.3231019926,34180.0,0.8985650309969787,108480.24853999438,9.24682151708503e-05,32.95056277933536,42.83573161313596,10.0,62.0,9.24682151708503e-06,36.670203761185704
,,,,,141067.16324168252,34190.0,0.8986574992121495,108513.20249360202,9.24682151708503e-05,32.953953607627106,42.84013968991524,10.0,62.0,9.24682151708503e-06,36.670203761185704
,,,,,141110.0077894492,34200.0,0.8987499674273204,108546.15983803793,9.24682151708503e-05,32.957344435918856,42.84454776669451,10.0,62.0,9.24682151708503e-06,36.670203761185704
,,,,,141152.8567452927,34210.0,0.8988424356424912,108579.12057330213,9.24682151708503e-05,32.9607352642106,42.84895584347378,10.0,62.0,9.24682151708503e-06,36.670203761185704
,,,,,141195.71010921296,34220.0,0.8989349038576621,108612.08469939463,9.24682151708503e-05,32.96412609250235,42.85336392025305,10.0,62.0,9.24682151708503e-06,36.670203761185704
,,,,,141459.91557651196,34230.0,0.8991196393610135,108815.31967424002,0.0001847355033514546,203.23497484537813,264.2054672989916,10.0,100.0,1.847355033514546e-05,226.03774397566625
,,,,,141724.17532816628,34240.0,0.8993043748643649,109018.59640628181,0.0001847355033514546,203.27673204178788,264.25975165432425,10.0,100.0,1.847355033514546e-05,226.03774397566625
,,,,,141988.48936417594,34250.0,0.8994891103677163,109221.91489552,0.0001847355033514546,203.31848923819766,264.31403600965695,10.0,100.0,1.847355033514546e-05,226.03774397566625
,,,,,142252.85768454094,34260.0,0.8996738458710677,109425.27514195461,0.0001847355033514546,203.3602464346074,264.36832036498964,10.0,100.0,1.847355033514546e-05,226.03774397566625
,,,,,142517.28028926125,34270.0,0.8998585813744191,109628.67714558562,0.0001847355033514546,203.40200363101718,264.42260472032234,10.0,100.0,1.847355033514546e-05,226.03774397566625
,,,,,142781.7571783369,34280.0,0.9000433168777705,109832.12090641305,0.0001847355033514546,203.44376082742693,264.47688907565504,10.0,100.0,1.847355033514546e-05,226.03774397566625
,,,,,143046.2883517679,34290.0,0.9002280523811219,110035.60642443689,0.0001847355033514546,203.4855180238367,264.53117343098774,10.0,100.0,1.847355033514546e-05,226.03774397566625
,,,,,143310.8738095542,34300.0,0.9004127878844733,110239.13369965713,0.0001847355033514546,203.52727522024645,264.5854577863204,10.0,100.0,1.847355033514546e-05,226.03774397566625
,,,,,143577.5283459363,34310.0,0.9005538564711334,110444.25257379719,0.00014106858666007688,205.11887414006029,266.6545363820784,10.0,90.0,1.4106858666007687e-05,227.76969158050042
,,,,,143844.2246528114,34320.0,0.9006949250577935,110649.40357908573,0.00014106858666007688,205.15100528853557,266.69630687509624,10.0,90.0,1.4106858666007687e-05,227.76969158050042
,,,,,144110.9627301795,34330.0,0.9008359936444535,110854.58671552275,0.00014106858666007688,205.18313643701083,266.7380773681141,10.0,90.0,1.4106858666007687e-05,227.76969158050042
,,,,,144377.74257804063,34340.0,0.9009770622311136,111059.80198310823,0.00014106858666007688,205.2152675854861,266.77984786113194,10.0,90.0,1.4106858666007687e-05,227.76969158050042
,,,,,144644.5641963948,34350.0,0.9011181308177737,111265.0493818422,0.00014106858666007688,205.24739873396135,266.82161835414973,10.0,90.0,1.4106858666007687e-05,227.76969158050042
,,,,,144911.42758524197,34360.0,0.9012591994044338,111470.32891172463,0.00014106858666007688,205.2795298824366,266.8633888471676,10.0,90.0,1.4106858666007687e-05,227.76969158050042
,,,,,145178.33274458215,34370.0,0.9014002679910939,111675.64057275554,0.00014106858666007688,205.31166103091186,266.90515934018543,10.0,90.0,1.4106858666007687e-05,227.76969158050042
,,,,,145445.27967441536,34380.0,0.9015413365777539,111880.98436493492,0.00014106858666007688,205.34379217938712,266.9469298332033,10.0,90.0,1.4106858666007687e-05,227.76969158050042
,,,,,145626.88010758493,34390.0,0.901675528285072,112020.67700583459,0.00013419170731805382,139.6926408996685,181.60043316956907,10.0,89.0,1.3419170731805382e-05,154.92562071120506
,,,,,145808.50756740812,34400.0,0.9018097199923901,112160.3904364678,0.00013419170731805382,139.71343063321908,181.6274598231848,10.0,89.0,1.3419170731805382e-05,154.92562071120506
,,,,,145990.1620538849,34410.0,0.9019439116997082,112300.12465683457,0.00013419170731805382,139.73422036676962,181.6544864768005,10.0,89.0,1.3419170731805382e-05,154.92562071120506
,,,,,146171.8435670153,34420.0,0.9020781034070263,112439.87966693488,0.00013419170731805382,139.75501010032016,181.68151313041622,10.0,89.0,1.3419170731805382e-05,154.92562071120506
,,,,,146353.55210679935,34430.0,0.9022122951143444,112579.65546676875,0.00013419170731805382,139.77579983387074,181.70853978403196,10.0,89.0,1.3419170731805382e-05,154.92562071120506
,,,,,146535.287673237,34440.0,0.9023464868216625,112719.45205633617,0.00013419170731805382,139.79658956742128,181.73556643764766,10.0,89.0,1.3419170731805382e-05,154.92562071120506
,,,,,146717.05026632827,34450.0,0.9024806785289806,112859.26943563715,0.00013419170731805382,139.81737930097182,181.76259309126337,10.0,89.0,1.3419170731805382e-05,154.92562071120506
,,,,,146846.87750201148,34460.0,0.9027119005742118,112959.13654000885,0.00023122204523115796,99.86710437169776,129.8272356832071,10.0,93.0,2.3122204523115796e-05,110.63009616708571
,,,,,146976.73799184692,34470.0,0.902943122619443,113059.02922449766,0.00023122204523115796,99.89268448879764,129.86048983543694,10.0,93.0,2.3122204523115796e-05,110.63009616708571
,,,,,147099.39772148506,34560.0,0.9034160586353938,113153.38286268084,0.00047293601595078385,94.3536381831831,122.65972963813803,10.0,16.0,4.729360159507838e-05,104.4409574982582
,,,,,147222.12166318065,34570.0,0.9038889946513445,113247.78589475436,0.00047293601595078385,94.40303207352441,122.72394169558174,10.0,16.0,4.729360159507838e-05,104.4409574982582
,,,,,147344.90981693368,34580.0,0.9043619306672953,113342.23832071823,0.00047293601595078385,94.45242596386572,122.78815375302544,10.0,16.0,4.729360159507838e-05,104.4409574982582
,,,,,147435.9434007709,34590.0,0.9047395824311317,113412.26415443915,0.0003776517638364401,70.0258337209275,91.03358383720574,10.0,18.0,3.7765176383644014e-05,77.39888370171737
,,,,,147527.01498338053,34600.0,0.9051172341949681,113482.31921798503,0.0003776517638364401,70.05506354587642,91.07158260963935,10.0,18.0,3.7765176383644014e-05,77.39888370171737
,,,,,147618.1245647626,34610.0,0.9054948859588046,113552.40351135585,0.0003776517638364401,70.08429337082535,91.10958138207296,10.0,18.0,3.7765176383644014e-05,77.39888370171737
,,,,,147709.2721449171,34620.0,0.905872537722641,113622.51703455162,0.0003776517638364401,70.11352319577426,91.14758015450654,10.0,18.0,3.7765176383644014e-05,77.39888370171737
,,,,,147800.45772384404,34630.0,0.9062501894864774,113692.65978757235,0.0003776517638364401,70.14275302072319,91.18557892694015,10.0,18.0,3.7765176383644014e-05,77.39888370171737
,,,,,147891.6813015434,34640.0,0.9066278412503138,113762.83177041802,0.0003776517638364401,70.17198284567212,91.22357769937376,10.0,18.0,3.7765176383644014e-05,77.39888370171737
,,,,,147982.94287801522,34650.0,0.9070054930141502,113833.03298308865,0.0003776517638364401,70.20121267062103,91.26157647180735,10.0,18.0,3.7765176383644014e-05,77.39888370171737
,,,,,148074.24245325947,34660.0,0.9073831447779866,113903.26342558421,0.0003776517638364401,70.23044249556996,91.29957524424096,10.0,18.0,3.7765176383644014e-05,77.39888370171737
,,,,,148165.58002727616,34670.0,0.9077607965418231,113973.52309790473,0.0003776517638364401,70.25967232051889,91.33757401667455,10.0,18.0,3.7765176383644014e-05,77.39888370171737
,,,,,148256.95560006527,34680.0,0.9081384483056595,114043.8120000502,0.0003776517638364401,70.2889021454678,91.37557278910815,10.0,18.0,3.7765176383644014e-05,77.39888370171737
,,,,,148348.3691716268,34690.0,0.9085161000694959,114114.13013202061,0.0003776517638364401,70.31813197041673,91.41357156154176,10.0,18.0,3.7765176383644014e-05,77.39888370171737
,,,,,148439.82074196078,34700.0,0.9088937518333323,114184.47749381598,0.0003776517638364401,70.34736179536566,91.45157033397535,10.0,18.0,3.7765176383644014e-05,77.39888370171737
,,,,,148465.61977947023,34710.0,0.909445591939862,114204.32290728479,0.0005518401065296853,19.845413468804047,25.799037509445263,10.0,32.0,5.518401065296853e-05,21.821441155675362
,,,,,148491.43447151,34720.0,0.9099974320463916,114224.1803627,0.0005518401065296853,19.857455415216023,25.81469203978083,10.0,32.0,5.518401065296853e-05,21.821441155675362
,,,,,148517.26481808012,34730.0,0.9105492721529213,114244.04986006163,0.0005518401065296853,19.869497361628003,25.830346570116404,10.0,32.0,5.518401065296853e-05,21.821441155675362
,,,,,148543.11081918058,34760.0,0.9111011122594509,114263.93139936967,0.0005518401065296853,19.88153930803998,25.846001100451975,10.0,32.0,5.518401065296853e-05,21.821441155675362
,,,,,148568.97247481137,34770.0,0.9116529523659805,114283.82498062412,0.0005518401065296853,19.89358125445196,25.86165563078755,10.0,32.0,5.518401065296853e-05,21.821441155675362
,,,,,148594.8497849725,34780.0,0.9122047924725102,114303.73060382498,0.0005518401065296853,19.905623200863936,25.877310161123116,10.0,32.0,5.518401065296853e-05,21.821441155675362
,,,,,148712.58949660303,35420.0,0.9124767041413895,114394.29961277155,0.0002719116688792837,90.56900894656006,117.73971163052808,10.0,24.0,2.719116688792837e-05,99.25624241747904
,,,,,148730.1078359786,35450.0,0.912661554916826,114407.77525844505,0.00018485077543650718,13.475645673505388,17.518339375557005,10.0,86.0,1.8485077543650717e-05,14.765216745361286
,,,,,148747.62972352444,35460.0,0.9128464056922625,114421.25363348032,0.00018485077543650718,13.478375035270256,17.52188754585133,10.0,86.0,1.8485077543650717e-05,14.765216745361286
,,,,,148765.1551592406,35470.0,0.913031256467699,114434.73473787736,0.00018485077543650718,13.481104397035125,17.52543571614566,10.0,86.0,1.8485077543650717e-05,14.765216745361286
,,,,,148782.68414312703,35480.0,0.9132161072431355,114448.21857163616,0.00018485077543650718,13.483833758799992,17.528983886439992,10.0,86.0,1.8485077543650717e-05,14.765216745361286
,,,,,148988.61590922525,35490.0,0.9133446282038121,114606.62762248093,0.00012852096067656637,158.409050844776,205.9317660982088,10.0,37.0,1.2852096067656636e-05,173.43842176671473
,,,,,149194.57665293783,35500.0,0.9134731491644887,114765.05896379829,0.00012852096067656637,158.4313413173597,205.96074371256762,10.0,37.0,1.2852096067656636e-05,173.43842176671473
,,,,,149336.13027652237,35510.0,0.9136137704034561,114873.94636655564,0.00014062123896743217,108.88740275734045,141.5536235845426,10.0,113.0,1.4062123896743217e-05,119.18318909450682
,,,,,149452.0502092412,35520.0,0.9138333295650999,114963.11554557012,0.00021955916164369396,89.16917901448751,115.91993271883376,10.0,28.0,2.1955916164369394e-05,97.57707027048772
,,,,,149567.9979930817,35530.0,0.9140528887267436,115052.30614852435,0.00021955916164369396,89.19060295423176,115.9477838405013,10.0,28.0,2.1955916164369394e-05,97.57707027048772
,,,,,149683.97362804387,35540.0,0.9142724478883874,115141.51817541833,0.00021955916164369396,89.212026893976,115.97563496216881,10.0,28.0,2.1955916164369394e-05,97.57707027048772
,,,,,149799.97711412772,35550.0,0.9144920070500311,115230.75162625205,0.00021955916164369396,89.23345083372024,116.00348608383632,10.0,28.0,2.1955916164369394e-05,97.57707027048772
,,,,,149916.0084513332,35560.0,0.9147115662116748,115320.00650102552,0.00021955916164369396,89.25487477346448,116.03133720550383,10.0,28.0,2.1955916164369394e-05,97.57707027048772
,,,,,150032.06763966038,35570.0,0.9149311253733186,115409.28279973874,0.00021955916164369396,89.27629871320872,116.05918832717134,10.0,28.0,2.1955916164369394e-05,97.57707027048772
,,,,,150148.15467910923,35580.0,0.9151506845349623,115498.58052239168,0.00021955916164369396,89.29772265295296,116.08703944883885,10.0,28.0,2.1955916164369394e-05,97.57707027048772
,,,,,150264.26956967975,35590.0,0.915370243696606,115587.89966898438,0.00021955916164369396,89.3191465926972,116.11489057050636,10.0,28.0,2.1955916164369394e-05,97.57707027048772
,,,,,150380.4123113719,35600.0,0.9155898028582498,115677.24023951682,0.00021955916164369396,89.34057053244143,116.14274169217387,10.0,28.0,2.1955916164369394e-05,97.57707027048772
,,,,,150496.58290418575,35610.0,0.9158093620198935,115766.602233989,0.00021955916164369396,89.36199447218569,116.1705928138414,10.0,28.0,2.1955916164369394e-05,97.57707027048772
,,,,,150612.78134812127,35620.0,0.9160289211815372,115855.98565240094,0.00021955916164369396,89.38341841192992,116.1984439355089,10.0,28.0,2.1955916164369394e-05,97.57707027048772
,,,,,150729.00764317845,35630.0,0.916248480343181,115945.39049475262,0.00021955916164369396,89.40484235167416,116.22629505717642,10.0,28.0,2.1955916164369394e-05,97.57707027048772
,,,,,150845.2617893573,35640.0,0.9164680395048247,116034.81676104403,0.00021955916164369396,89.4262662914184,116.25414617884392,10.0,28.0,2.1955916164369394e-05,97.57707027048772
,,,,,150961.5437866578,35650.0,0.9166875986664684,116124.26445127519,0.00021955916164369396,89.44769023116264,116.28199730051143,10.0,28.0,2.1955916164369394e-05,97.57707027048772
,,,,,151077.85363507998,35660.0,0.9169071578281122,116213.73356544609,0.00021955916164369396,89.46911417090688,116.30984842217894,10.0,28.0,2.1955916164369394e-05,97.57707027048772
,,,,,151310.89095701405,35670.0,0.9170933394776293,116392.99304385691,0.00018618164951715084,179.2594784108252,233.0373219340728,10.0,99.0,1.8618164951715085e-05,195.46481333397352
,,,,,151543.9755884979,35680.0,0.9172795211271464,116572.28891422911,0.00018618164951715084,179.2958703721943,233.08463148385258,10.0,99.0,1.8618164951715085e-05,195.46481333397352
,,,,,151777.10752953155,35690.0,0.9174657027766635,116751.62117656268,0.00018618164951715084,179.33226233356336,233.1319410336324,10.0,99.0,1.8618164951715085e-05,195.46481333397352
,,,,,152010.28678011496,35700.0,0.9176518844261806,116930.98983085761,0.00018618164951715084,179.36865429493244,233.17925058341217,10.0,99.0,1.8618164951715085e-05,195.46481333397352
,,,,,152243.51334024814,35710.0,0.9178380660756977,117110.39487711391,0.00018618164951715084,179.40504625630152,233.22656013319198,10.0,99.0,1.8618164951715085e-05,195.46481333397352
,,,,,152476.78720993112,35720.0,0.9180242477252148,117289.83631533159,0.00018618164951715084,179.4414382176706,233.2738696829718,10.0,99.0,1.8618164951715085e-05,195.46481333397352
,,,,,152710.10838916388,35730.0,0.918210429374732,117469.31414551062,0.00018618164951715084,179.47783017903967,233.32117923275158,10.0,99.0,1.8618164951715085e-05,195.46481333397352
,,,,,152943.4768779464,35740.0,0.9183966110242491,117648.82836765103,0.00018618164951715084,179.51422214040875,233.3684887825314,10.0,99.0,1.8618164951715085e-05,195.46481333397352
,,,,,153176.89267627872,35750.0,0.9185827926737662,117828.37898175282,0.00018618164951715084,179.55061410177782,233.41579833231117,10.0,99.0,1.8618164951715085e-05,195.46481333397352
,,,,,153410.3557841608,35760.0,0.9187689743232833,118007.96598781596,0.00018618164951715084,179.58700606314687,233.46310788209095,10.0,99.0,1.8618164951715085e-05,195.46481333397352
,,,,,153643.8662015927,35770.0,0.9189551559728004,118187.58938584047,0.00018618164951715084,179.62339802451595,233.51041743187074,10.0,99.0,1.8618164951715085e-05,195.46481333397352
,,,,,153877.42392857434,35780.0,0.9191413376223175,118367.24917582636,0.00018618164951715084,179.65978998588503,233.55772698165055,10.0,99.0,1.8618164951715085e-05,195.46481333397352
,,,,,154111.02896510577,35790.0,0.9193275192718346,118546.94535777361,0.00018618164951715084,179.6961819472541,233.60503653143033,10.0,99.0,1.8618164951715085e-05,195.46481333397352
,,,,,154344.68131118699,35800.0,0.9195137009213518,118726.67793168224,0.00018618164951715084,179.73257390862318,233.65234608121014,10.0,99.0,1.8618164951715085e-05,195.46481333397352
,,,,,154447.28859662078,35810.0,0.9196803526734194,118805.60661278515,0.00016665175206759318,78.92868110291201,102.60728543378562,10.0,109.0,1.666517520675932e-05,85.82186286080177
,,,,,154528.16605791904,35820.0,0.9199730822692873,118867.82004455304,0.00029272959586790556,62.21343176788953,80.87746129825639,10.0,102.0,2.927295958679056e-05,67.62527400739634
,,,,,154609.06925391217,35830.0,0.9202658118651552,118930.05327224005,0.00029272959586790556,62.233227687020175,80.90319599312623,10.0,102.0,2.927295958679056e-05,67.62527400739634
,,,,,154689.99818460018,35840.0,0.9205585414610231,118992.30629584621,0.00029272959586790556,62.25302360615081,80.92893068799606,10.0,102.0,2.927295958679056e-05,67.62527400739634
,,,,,154770.95284998303,35850.0,0.920851271056891,119054.5791153715,0.00029272959586790556,62.272819525281456,80.9546653828659,10.0,102.0,2.927295958679056e-05,67.62527400739634
,,,,,154851.93325006077,35860.0,0.9211440006527589,119116.87173081591,0.00029272959586790556,62.2926154444121,80.98040007773574,10.0,102.0,2.927295958679056e-05,67.62527400739634
,,,,,154971.38880790723,35870.0,0.9212726009079015,119208.76062146702,0.00012860025514263226,91.88889065111722,119.4555578464524,10.0,108.0,1.2860025514263225e-05,99.74126068718638
,,,,,155090.86104053073,35880.0,0.9214012011630441,119300.66233886972,0.00012860025514263226,91.90171740268984,119.4722326234968,10.0,108.0,1.2860025514263225e-05,99.74126068718638
,,,,,155210.34994793127,35890.0,0.9215298014181867,119392.57688302398,0.00012860025514263226,91.91454415426246,119.4889074005412,10.0,108.0,1.2860025514263225e-05,99.74126068718638
,,,,,155329.85553010885,35900.0,0.9216584016733294,119484.50425392982,0.00012860025514263226,91.92737090583508,119.50558217758561,10.0,108.0,1.2860025514263225e-05,99.74126068718638
,,,,,155449.37778706348,35910.0,0.921787001928472,119576.44445158722,0.00012860025514263226,91.9401976574077,119.52225695463001,10.0,108.0,1.2860025514263225e-05,99.74126068718638
,,,,,155494.4558735374,35920.0,0.9223388420350016,119611.11990272101,0.0005518401065296853,34.67545113378954,45.0780864739264,10.0,17.0,5.518401065296853e-05,37.59513267085595
,,,,,155539.56093046395,35930.0,0.9228906821415312,119645.81610035682,0.0005518401065296853,34.69619763580762,45.105056926549906,10.0,17.0,5.518401065296853e-05,37.59513267085595
,,,,,155584.69295784313,35940.0,0.9234425222480609,119680.53304449464,0.0005518401065296853,34.7169441378257,45.13202737917341,10.0,17.0,5.518401065296853e-05,37.59513267085595
,,,,,155725.84197604543,35950.0,0.9236050501572037,119789.10921234258,0.0001625279091428712,108.57616784792906,141.1490182023078,10.0,26.0,1.625279091428712e-05,117.55692309115099
,,,,,155867.01583241293,35960.0,0.9237675780663466,119897.70448647143,0.0001625279091428712,108.59527412884432,141.17385636749762,10.0,26.0,1.625279091428712e-05,117.55692309115099
,,,,,156008.2145269456,35970.0,0.9239301059754894,120006.31886688119,0.0001625279091428712,108.61438040975959,141.19869453268748,10.0,26.0,1.625279091428712e-05,117.55692309115099
,,,,,156149.4380596435,35980.0,0.9240926338846323,120114.95235357186,0.0001625279091428712,108.63348669067487,141.22353269787735,10.0,26.0,1.625279091428712e-05,117.55692309115099
,,,,,156290.68643050655,35990.0,0.9242551617937751,120223.60494654345,0.0001625279091428712,108.65259297159014,141.24837086306718,10.0,26.0,1.625279091428712e-05,117.55692309115099
,,,,,156431.95963953482,36000.0,0.9244176897029179,120332.27664579595,0.0001625279091428712,108.6716992525054,141.27320902825704,10.0,26.0,1.625279091428712e-05,117.55692309115099
,,,,,156573.25768672826,36010.0,0.9245802176120608,120440.96745132937,0.0001625279091428712,108.69080553342067,141.29804719344688,10.0,26.0,1.625279091428712e-05,117.55692309115099
,,,,,156714.5805720869,36020.0,0.9247427455212036,120549.67736314371,0.0001625279091428712,108.70991181433595,141.32288535863674,10.0,26.0,1.625279091428712e-05,117.55692309115099
,,,,,156815.039215,36030.0,0.9250957597723818,120626.95324230763,0.0003530142511782076,77.27587916392235,100.45864291309907,10.0,98.0,3.530142511782076e-05,83.53284332741505
,,,,,156915.53619268248,36040.0,0.92544877402356,120704.25860975569,0.0003530142511782076,77.30536744805838,100.49697768247589,10.0,98.0,3.530142511782076e-05,83.53284332741505
,,,,,157016.07150513434,36050.0,0.9258017882747381,120781.59346548788,0.0003530142511782076,77.33485573219438,100.5353124518527,10.0,98.0,3.530142511782076e-05,83.53284332741505
,,,,,157116.64515235557,36060.0,0.9261548025259163,120858.95780950421,0.0003530142511782076,77.36434401633039,100.5736472212295,10.0,98.0,3.530142511782076e-05,83.53284332741505
,,,,,157217.25713434618,36070.0,0.9265078167770945,120936.35164180468,0.0003530142511782076,77.3938323004664,100.61198199060632,10.0,98.0,3.530142511782076e-05,83.53284332741505
,,,,,157317.90745110615,36080.0,0.9268608310282727,121013.77496238927,0.0003530142511782076,77.42332058460242,100.65031675998316,10.0,98.0,3.530142511782076e-05,83.53284332741505
,,,,,157418.59610263552,36090.0,0.9272138452794508,121091.22777125801,0.0003530142511782076,77.45280886873843,100.68865152935996,10.0,98.0,3.530142511782076e-05,83.53284332741505
,,,,,157519.32308893427,36100.0,0.927566859530629,121168.71006841089,0.0003530142511782076,77.48229715287444,100.72698629873678,10.0,98.0,3.530142511782076e-05,83.53284332741505
,,,,,157620.08841000238,36110.0,0.9279198737818072,121246.22185384789,0.0003530142511782076,77.51178543701045,100.76532106811358,10.0,98.0,3.530142511782076e-05,83.53284332741505
,,,,,157829.38733604847,36120.0,0.928091229286487,121407.2210277295,0.00017135550467986364,160.99917388160014,209.2989260460802,10.0,96.0,1.7135550467986363e-05,173.47343537054616
,,,,,158038.72490541104,36130.0,0.9282625847911669,121568.24992723916,0.00017135550467986364,161.02889950966662,209.3375693625666,10.0,96.0,1.7135550467986363e-05,173.47343537054616
,,,,,158248.1011180901,36140.0,0.9284339402958467,121729.3085523769,0.00017135550467986364,161.05862513773306,209.376212679053,10.0,96.0,1.7135550467986363e-05,173.47343537054616
,,,,,158457.51597408563,36150.0,0.9286052958005265,121890.3969031427,0.00017135550467986364,161.08835076579953,209.4148559955394,10.0,96.0,1.7135550467986363e-05,173.47343537054616
,,,,,158666.96947339765,36160.0,0.9287766513052064,122051.51497953656,0.00017135550467986364,161.118076393866,209.45349931202583,10.0,96.0,1.7135550467986363e-05,173.47343537054616
,,,,,158876.46161602615,36170.0,0.9289480068098862,122212.6627815585,0.00017135550467986364,161.14780202193248,209.49214262851223,10.0,96.0,1.7135550467986363e-05,173.47343537054616
,,,,,159085.99240197116,36180.0,0.929119362314566,122373.84030920849,0.00017135550467986364,161.17752764999892,209.5307859449986,10.0,96.0,1.7135550467986363e-05,173.47343537054616
,,,,,159295.56183123266,36190.0,0.9292907178192459,122535.04756248655,0.00017135550467986364,161.2072532780654,209.56942926148503,10.0,96.0,1.7135550467986363e-05,173.47343537054616
,,,,,159505.16990381063,36200.0,0.9294620733239257,122696.28454139268,0.00017135550467986364,161.23697890613187,209.60807257797143,10.0,96.0,1.7135550467986363e-05,173.47343537054616
,,,,,159714.8166197051,36210.0,0.9296334288286056,122857.55124592688,0.00017135550467986364,161.26670453419834,209.64671589445786,10.0,96.0,1.7135550467986363e-05,173.47343537054616
,,,,,159924.50197891603,36220.0,0.9298047843332854,123018.84767608915,0.00017135550467986364,161.29643016226478,209.68535921094423,10.0,96.0,1.7135550467986363e-05,173.47343537054616
,,,,,160134.22598144345,36230.0,0.9299761398379652,123180.17383187948,0.00017135550467986364,161.32615579033126,209.72400252743063,10.0,96.0,1.7135550467986363e-05,173.47343537054616
,,,,,160146.49227220454,36240.0,0.9305279799444949,123189.60944015726,0.0005518401065296853,9.4356082777754,12.266290761108019,10.0,21.0,5.518401065296853e-05,10.140058634602502
,,,,,160158.76583736402,36250.0,0.9310798200510245,123199.05064412608,0.0005518401065296853,9.441203968812534,12.273565159456295,10.0,21.0,5.518401065296853e-05,10.140058634602502
,,,,,160171.04667692183,36260.0,0.9316316601575542,123208.49744378593,0.0005518401065296853,9.44679965984967,12.280839557804573,10.0,21.0,5.518401065296853e-05,10.140058634602502
,,,,,160183.334790878,36270.0,0.9321835002640838,123217.94983913683,0.0005518401065296853,9.452395350886807,12.288113956152849,10.0,21.0,5.518401065296853e-05,10.140058634602502
,,,,,160195.6301792325,36280.0,0.9327353403706135,123227.40783017875,0.0005518401065296853,9.457991041923943,12.295388354501126,10.0,21.0,5.518401065296853e-05,10.140058634602502
,,,,,160207.93284198537,36290.0,0.9332871804771431,123236.87141691172,0.0005518401065296853,9.463586732961078,12.302662752849402,10.0,21.0,5.518401065296853e-05,10.140058634602502
,,,,,160220.24277913658,36300.0,0.9338390205836727,123246.34059933572,0.0005518401065296853,9.469182423998214,12.30993715119768,10.0,21.0,5.518401065296853e-05,10.140058634602502
,,,,,160232.55999068613,36310.0,0.9343908606902024,123255.81537745075,0.0005518401065296853,9.47477811503535,12.317211549545956,10.0,21.0,5.518401065296853e-05,10.140058634602502
,,,,,160244.88447663403,36320.0,0.934942700796732,123265.29575125682,0.0005518401065296853,9.480373806072485,12.324485947894232,10.0,21.0,5.518401065296853e-05,10.140058634602502
,,,,,160257.21623698028,36330.0,0.9354945409032617,123274.78172075393,0.0005518401065296853,9.485969497109622,12.33176034624251,10.0,21.0,5.518401065296853e-05,10.140058634602502
,,,,,160269.55527172488,36340.0,0.9360463810097913,123284.27328594208,0.0005518401065296853,9.491565188146758,12.339034744590785,10.0,21.0,5.518401065296853e-05,10.140058634602502
,,,,,160281.90158086782,36350.0,0.936598221116321,123293.77044682126,0.0005518401065296853,9.497160879183893,12.346309142939061,10.0,21.0,5.518401065296853e-05,10.140058634602502
,,,,,160294.2551644091,36360.0,0.9371500612228506,123303.27320339148,0.0005518401065296853,9.50275657022103,12.353583541287339,10.0,21.0,5.518401065296853e-05,10.140058634602502
,,,,,160306.61602234875,36370.0,0.9377019013293802,123312.78155565273,0.0005518401065296853,9.508352261258166,12.360857939635617,10.0,21.0,5.518401065296853e-05,10.140058634602502
,,,,,160318.98415468674,36380.0,0.9382537414359099,123322.29550360503,0.0005518401065296853,9.513947952295302,12.368132337983893,10.0,21.0,5.518401065296853e-05,10.140058634602502
,,,,,160331.35956142307,36390.0,0.9388055815424395,123331.81504724835,0.0005518401065296853,9.519543643332437,12.375406736332168,10.0,21.0,5.518401065296853e-05,10.140058634602502
,,,,,160343.74224255775,36400.0,0.9393574216489692,123341.34018658272,0.0005518401065296853,9.525139334369573,12.382681134680446,10.0,21.0,5.518401065296853e-05,10.140058634602502
,,,,,160356.13219809078,36410.0,0.9399092617554988,123350.87092160812,0.0005518401065296853,9.53073502540671,12.389955533028722,10.0,21.0,5.518401065296853e-05,10.140058634602502
,,,,,160368.52942802216,36420.0,0.9404611018620285,123360.40725232456,0.0005518401065296853,9.536330716443844,12.397229931376998,10.0,21.0,5.518401065296853e-05,10.140058634602502
,,,,,160380.93393235188,36430.0,0.9410129419685581,123369.94917873204,0.0005518401065296853,9.54192640748098,12.404504329725276,10.0,21.0,5.518401065296853e-05,10.140058634602502
,,,,,160393.34571107995,36440.0,0.9415647820750878,123379.49670083057,0.0005518401065296853,9.547522098518117,12.411778728073553,10.0,21.0,5.518401065296853e-05,10.140058634602502
,,,,,160422.94188427075,36450.0,0.9417652682063343,123402.26298790042,0.0002004861312465204,22.766287069856915,29.59617319081399,10.0,105.0,2.004861312465204e-05,24.174056782978514
,,,,,160452.5443579936,36460.0,0.9419657543375809,123425.0341215334,0.0002004861312465204,22.77113363297787,29.602473722871235,10.0,105.0,2.004861312465204e-05,24.174056782978514
,,,,,160482.15313224855,36470.0,0.9421662404688275,123447.8101017295,0.0002004861312465204,22.775980196098825,29.608774254928473,10.0,105.0,2.004861312465204e-05,24.174056782978514
,,,,,160511.76820703555,36480.0,0.942366726600074,123470.59092848872,0.0002004861312465204,22.780826759219778,29.615074786985712,10.0,105.0,2.004861312465204e-05,24.174056782978514
,,,,,160541.3895823546,36490.0,0.9425672127313206,123493.37660181106,0.0002004861312465204,22.785673322340735,29.621375319042954,10.0,105.0,2.004861312465204e-05,24.174056782978514
,,,,,160571.0172582057,36500.0,0.9427676988625672,123516.16712169652,0.0002004861312465204,22.790519885461688,29.627675851100197,10.0,105.0,2.004861312465204e-05,24.174056782978514
,,,,,160600.65123458888,36510.0,0.9429681849938137,123538.9624881451,0.0002004861312465204,22.79536644858264,29.633976383157435,10.0,105.0,2.004861312465204e-05,24.174056782978514
,,,,,160630.2915115041,36520.0,0.9431686711250603,123561.76270115681,0.0002004861312465204,22.800213011703597,29.640276915214677,10.0,105.0,2.004861312465204e-05,24.174056782978514
,,,,,160659.93808895137,36530.0,0.9433691572563069,123584.56776073163,0.0002004861312465204,22.80505957482455,29.646577447271916,10.0,105.0,2.004861312465204e-05,24.174056782978514
,,,,,160689.5909669307,36540.0,0.9435696433875534,123607.37766686958,0.0002004861312465204,22.809906137945504,29.652877979329155,10.0,105.0,2.004861312465204e-05,24.174056782978514
,,,,,160719.25014544209,36550.0,0.9437701295188,123630.19241957065,0.0002004861312465204,22.814752701066457,29.659178511386393,10.0,105.0,2.004861312465204e-05,24.174056782978514
,,,,,160748.91562448553,36560.0,0.9439706156500466,123653.01201883484,0.0002004861312465204,22.819599264187413,29.66547904344364,10.0,105.0,2.004861312465204e-05,24.174056782978514
,,,,,160778.58740406102,36570.0,0.9441711017812932,123675.83646466215,0.0002004861312465204,22.824445827308367,29.671779575500878,10.0,105.0,2.004861312465204e-05,24.174056782978514
,,,,,161009.81340099237,36580.0,0.9447229418878228,123853.7026161478,0.0005518401065296853,177.86615148565443,231.22599693135075,10.0,82.0,5.518401065296853e-05,188.27334830064328
,,,,,161241.17446374366,36590.0,0.9452747819943524,124031.67266441803,0.0005518401065296853,177.97004827023736,231.36106275130857,10.0,82.0,5.518401065296853e-05,188.27334830064328
,,,,,161340.7619969299,36600.0,0.9454301783974594,124108.27845917667,0.00015539640310686077,76.60579475864496,99.58753318623846,10.0,107.0,1.5539640310686077e-05,81.0274481490476
,,,,,161440.36589890235,36610.0,0.9455855748005663,124184.89684530931,0.00015539640310686077,76.61838613264025,99.60390197243234,10.0,107.0,1.5539640310686077e-05,81.0274481490476
,,,,,161583.97923172076,36620.0,0.9456823761386617,124295.36863978501,9.680133809546143e-05,110.4717944757004,143.61333281841053,10.0,44.0,9.680133809546143e-06,116.81701728097168
,,,,,161727.60726499584,36630.0,0.9457791774767571,124405.8517423043,9.680133809546143e-05,110.48310251928552,143.62803327507118,10.0,44.0,9.680133809546143e-06,116.81701728097168
,,,,,161906.24804248015,36890.0,0.9459783170848798,124543.26772498453,0.00019913960812265806,137.41598268023725,178.64077748430844,10.0,45.0,1.9913960812265806e-05,145.26335350232696
,,,,,162084.92642595794,36900.0,0.9461774566930025,124680.71263535206,0.00019913960812265806,137.44491036752828,178.67838347778678,10.0,45.0,1.9913960812265806e-05,145.26335350232696
,,,,,162263.6424154292,36910.0,0.9463765963011251,124818.18647340688,0.00019913960812265806,137.4738380548193,178.71598947126512,10.0,45.0,1.9913960812265806e-05,145.26335350232696
,,,,,162442.39601089395,36920.0,0.9465757359092478,124955.689239149,0.00019913960812265806,137.50276574211037,178.75359546474348,10.0,45.0,1.9913960812265806e-05,145.26335350232696
,,,,,162621.18721235218,36930.0,0.9467748755173705,125093.22093257839,0.00019913960812265806,137.5316934294014,178.79120145822182,10.0,45.0,1.9913960812265806e-05,145.26335350232696
,,,,,162800.01601980388,36940.0,0.9469740151254932,125230.78155369508,0.00019913960812265806,137.56062111669243,178.82880745170016,10.0,45.0,1.9913960812265806e-05,145.26335350232696
,,,,,162978.88243324906,36950.0,0.9471731547336159,125368.37110249906,0.00019913960812265806,137.5895488039835,178.86641344517855,10.0,45.0,1.9913960812265806e-05,145.26335350232696
,,,,,163157.78645268772,36960.0,0.9473722943417385,125505.98957899034,0.00019913960812265806,137.61847649127452,178.9040194386569,10.0,45.0,1.9913960812265806e-05,145.26335350232696
,,,,,163336.72807811986,36970.0,0.9475714339498612,125643.63698316891,0.00019913960812265806,137.64740417856555,178.94162543213523,10.0,45.0,1.9913960812265806e-05,145.26335350232696
,,,,,163515.70730954548,36980.0,0.9477705735579839,125781.31331503477,0.00019913960812265806,137.67633186585658,178.97923142561356,10.0,45.0,1.9913960812265806e-05,145.26335350232696
,,,,,163694.72414696458,36990.0,0.9479697131661066,125919.01857458791,0.00019913960812265806,137.70525955314764,179.01683741909193,10.0,45.0,1.9913960812265806e-05,145.26335350232696
,,,,,163873.77859037716,37000.0,0.9481688527742292,126056.75276182835,0.00019913960812265806,137.73418724043867,179.0544434125703,10.0,45.0,1.9913960812265806e-05,145.26335350232696
,,,,,164052.8706397832,37010.0,0.9483679923823519,126194.51587675608,0.00019913960812265806,137.7631149277297,179.09204940604863,10.0,45.0,1.9913960812265806e-05,145.26335350232696
,,,,,164232.00029518275,37020.0,0.9485671319904746,126332.3079193711,0.00019913960812265806,137.79204261502076,179.129655399527,10.0,45.0,1.9913960812265806e-05,145.26335350232696
,,,,,164411.16755657576,37030.0,0.9487662715985973,126470.12888967342,0.00019913960812265806,137.8209703023118,179.16726139300533,10.0,45.0,1.9913960812265806e-05,145.26335350232696
,,,,,164590.37242396225,37040.0,0.94896541120672,126607.97878766301,0.00019913960812265806,137.84989798960282,179.20486738648367,10.0,45.0,1.9913960812265806e-05,145.26335350232696
,,,,,164769.61489734222,37050.0,0.9491645508148426,126745.8576133399,0.00019913960812265806,137.87882567689388,179.24247337996206,10.0,45.0,1.9913960812265806e-05,145.26335350232696
,,,,,164948.89497671567,37060.0,0.9493636904229653,126883.76536670409,0.00019913960812265806,137.9077533641849,179.2800793734404,10.0,45.0,1.9913960812265806e-05,145.26335350232696
,,,,,165128.2126620826,37070.0,0.949562830031088,127021.70204775556,0.00019913960812265806,137.93668105147594,179.31768536691874,10.0,45.0,1.9913960812265806e-05,145.26335350232696
,,,,,165307.567953443,37080.0,0.9497619696392107,127159.66765649433,0.00019913960812265806,137.965608738767,179.3552913603971,10.0,45.0,1.9913960812265806e-05,145.26335350232696
,,,,,165486.9608507969,37090.0,0.9499611092473333,127297.6621929204,0.00019913960812265806,137.99453642605803,179.39289735387544,10.0,45.0,1.9913960812265806e-05,145.26335350232696
,,,,,165666.39135414426,37100.0,0.950160248855456,127435.68565703374,0.00019913960812265806,138.02346411334906,179.43050334735378,10.0,45.0,1.9913960812265806e-05,145.26335350232696
,,,,,165845.8594634851,37110.0,0.9503593884635787,127573.73804883438,0.00019913960812265806,138.0523918006401,179.46810934083214,10.0,45.0,1.9913960812265806e-05,145.26335350232696
,,,,,166025.36517881943,37120.0,0.9505585280717014,127711.8193683223,0.00019913960812265806,138.08131948793115,179.5057153343105,10.0,45.0,1.9913960812265806e-05,145.26335350232696
,,,,,166204.90850014723,37130.0,0.9507576676798241,127849.92961549753,0.00019913960812265806,138.11024717522218,179.54332132778885,10.0,45.0,1.9913960812265806e-05,145.26335350232696
,,,,,166384.4894274685,37140.0,0.9509568072879467,127988.06879036005,0.00019913960812265806,138.13917486251322,179.58092732126718,10.0,45.0,1.9913960812265806e-05,145.26335350232696
,,,,,166564.10796078327,37150.0,0.9511559468960694,128126.23689290986,0.00019913960812265806,138.16810254980427,179.61853331474558,10.0,45.0,1.9913960812265806e-05,145.26335350232696
,,,,,166743.7641000915,37160.0,0.9513550865041921,128264.43392314695,0.00019913960812265806,138.1970302370953,179.6561393082239,10.0,45.0,1.9913960812265806e-05,145.26335350232696
,,,,,166923.45784539322,37170.0,0.9515542261123148,128402.65988107133,0.00019913960812265806,138.22595792438634,179.69374530170225,10.0,45.0,1.9913960812265806e-05,145.26335350232696
,,,,,167103.1891966884,37180.0,0.9517533657204374,128540.91476668301,0.00019913960812265806,138.2548856116774,179.73135129518062,10.0,45.0,1.9913960812265806e-05,145.26335350232696
,,,,,167282.95815397706,37190.0,0.9519525053285601,128679.19857998198,0.00019913960812265806,138.28381329896843,179.76895728865895,10.0,45.0,1.9913960812265806e-05,145.26335350232696
,,,,,167462.76471725918,37200.0,0.9521516449366828,128817.51132096825,0.00019913960812265806,138.31274098625946,179.8065632821373,10.0,45.0,1.9913960812265806e-05,145.26335350232696
,,,,,167642.60888653478,37210.0,0.9523507845448055,128955.85298964179,0.00019913960812265806,138.34166867355052,179.84416927561568,10.0,45.0,1.9913960812265806e-05,145.26335350232696
,,,,,167822.49066180387,37220.0,0.9525499241529282,129094.22358600263,0.00019913960812265806,138.37059636084155,179.88177526909402,10.0,45.0,1.9913960812265806e-05,145.26335350232696
,,,,,168002.41004306643,37230.0,0.9527490637610508,129232.62311005076,0.00019913960812265806,138.39952404813258,179.91938126257236,10.0,45.0,1.9913960812265806e-05,145.26335350232696
,,,,,168182.36703032246,37240.0,0.9529482033691735,129371.05156178618,0.00019913960812265806,138.4284517354236,179.9569872560507,10.0,45.0,1.9913960812265806e-05,145.26335350232696
,,,,,168362.36162357198,37250.0,0.9531473429772962,129509.5089412089,0.00019913960812265806,138.45737942271467,179.99459324952906,10.0,45.0,1.9913960812265806e-05,145.26335350232696
,,,,,168542.39382281498,37260.0,0.9533464825854189,129647.99524831891,0.00019913960812265806,138.4863071100057,180.03219924300743,10.0,45.0,1.9913960812265806e-05,145.26335350232696
,,,,,168722.46362805145,37270.0,0.9535456221935416,129786.5104831162,0.00019913960812265806,138.51523479729673,180.06980523648576,10.0,45.0,1.9913960812265806e-05,145.26335350232696
,,,,,168902.5710392814,37280.0,0.9537447618016642,129925.05464560079,0.00019913960812265806,138.5441624845878,180.10741122996413,10.0,45.0,1.9913960812265806e-05,145.26335350232696
,,,,,169082.71605650484,37290.0,0.9539439014097869,130063.62773577266,0.00019913960812265806,138.57309017187882,180.14501722344247,10.0,45.0,1.9913960812265806e-05,145.26335350232696
,,,,,169262.89867972175,37300.0,0.9541430410179096,130202.22975363184,0.00019913960812265806,138.60201785916985,180.1826232169208,10.0,45.0,1.9913960812265806e-05,145.26335350232696
,,,,,169443.11890893214,37310.0,0.9543421806260323,130340.8606991783,0.00019913960812265806,138.6309455464609,180.2202292103992,10.0,45.0,1.9913960812265806e-05,145.26335350232696
,,,,,169532.1267851733,37320.0,0.9548940207325619,130409.3282962869,0.0005518401065296853,68.46759710859943,89.00787624117928,10.0,2.0,5.518401065296853e-05,71.70177592700125
,,,,,169621.18609970485,37330.0,0.9554458608390916,130477.83546131116,0.0005518401065296853,68.50716502426536,89.05931453154497,10.0,2.0,5.518401065296853e-05,71.70177592700125
,,,,,169710.29685252675,37340.0,0.9559977009456212,130546.38219425108,0.0005518401065296853,68.54673293993129,89.11075282191068,10.0,2.0,5.518401065296853e-05,71.70177592700125
,,,,,169799.459043639,37350.0,0.9565495410521508,130614.96849510669,0.0005518401065296853,68.5863008555972,89.16219111227636,10.0,2.0,5.518401065296853e-05,71.70177592700125
,,,,,169888.67267304164,37360.0,0.9571013811586805,130683.59436387796,0.0005518401065296853,68.62586877126313,89.21362940264207,10.0,2.0,5.518401065296853e-05,71.70177592700125
,,,,,169977.93774073466,37370.0,0.9576532212652101,130752.25980056489,0.0005518401065296853,68.66543668692904,89.26506769300775,10.0,2.0,5.518401065296853e-05,71.70177592700125
,,,,,170067.25424671805,37380.0,0.9582050613717398,130820.96480516749,0.0005518401065296853,68.70500460259497,89.31650598337346,10.0,2.0,5.518401065296853e-05,71.70177592700125
,,,,,170156.6221909918,37390.0,0.9587569014782694,130889.70937768575,0.0005518401065296853,68.74457251826088,89.36794427373916,10.0,2.0,5.518401065296853e-05,71.70177592700125
,,,,,170246.0415735559,37400.0,0.9593087415847991,130958.49351811968,0.0005518401065296853,68.78414043392681,89.41938256410485,10.0,2.0,5.518401065296853e-05,71.70177592700125
,,,,,170335.51239441038,37410.0,0.9598605816913287,131027.31722646927,0.0005518401065296853,68.82370834959274,89.47082085447056,10.0,2.0,5.518401065296853e-05,71.70177592700125
,,,,,170425.03465355522,37420.0,0.9604124217978584,131096.18050273453,0.0005518401065296853,68.86327626525865,89.52225914483624,10.0,2.0,5.518401065296853e-05,71.70177592700125
,,,,,170514.60835099043,37430.0,0.960964261904388,131165.08334691546,0.0005518401065296853,68.90284418092457,89.57369743520195,10.0,2.0,5.518401065296853e-05,71.70177592700125
,,,,,170604.233486716,37440.0,0.9615161020109176,131234.02575901206,0.0005518401065296853,68.94241209659049,89.62513572556763,10.0,2.0,5.518401065296853e-05,71.70177592700125
,,,,,170693.91006073193,37450.0,0.9620679421174473,131303.00773902432,0.0005518401065296853,68.98198001225641,89.67657401593334,10.0,2.0,5.518401065296853e-05,71.70177592700125
,,,,,170783.63807303822,37460.0,0.9626197822239769,131372.02928695225,0.0005518401065296853,69.02154792792234,89.72801230629905,10.0,2.0,5.518401065296853e-05,71.70177592700125
,,,,,170873.41752363488,37470.0,0.9631716223305066,131441.09040279585,0.0005518401065296853,69.06111584358825,89.77945059666473,10.0,2.0,5.518401065296853e-05,71.70177592700125
,,,,,170963.2484125219,37480.0,0.9637234624370362,131510.1910865551,0.0005518401065296853,69.10068375925418,89.83088888703044,10.0,2.0,5.518401065296853e-05,71.70177592700125
,,,,,171053.1307396993,37490.0,0.9642753025435659,131579.33133823003,0.0005518401065296853,69.1402516749201,89.88232717739612,10.0,2.0,5.518401065296853e-05,71.70177592700125
,,,,,171143.06450516704,37500.0,0.9648271426500955,131648.5111578206,0.0005518401065296853,69.17981959058602,89.93376546776183,10.0,2.0,5.518401065296853e-05,71.70177592700125
,,,,,171233.04970892516,37510.0,0.9653789827566251,131717.73054532686,0.0005518401065296853,69.21938750625193,89.98520375812751,10.0,2.0,5.518401065296853e-05,71.70177592700125
,,,,,171323.08635097364,37520.0,0.9659308228631548,131786.98950074878,0.0005518401065296853,69.25895542191786,90.03664204849322,10.0,2.0,5.518401065296853e-05,71.70177592700125
,,,,,171413.1744313125,37530.0,0.9664826629696844,131856.28802408636,0.0005518401065296853,69.29852333758379,90.08808033885893,10.0,2.0,5.518401065296853e-05,71.70177592700125
,,,,,171503.31394994174,37540.0,0.9670345030762141,131925.6261153396,0.0005518401065296853,69.3380912532497,90.13951862922461,10.0,2.0,5.518401065296853e-05,71.70177592700125
,,,,,171593.50490686134,37550.0,0.9675863431827437,131995.0037745085,0.0005518401065296853,69.37765916891563,90.19095691959032,10.0,2.0,5.518401065296853e-05,71.70177592700125
,,,,,171683.7473020713,37560.0,0.9681381832892734,132064.4210015931,0.0005518401065296853,69.41722708458154,90.242395209956,10.0,2.0,5.518401065296853e-05,71.70177592700125
,,,,,171774.04113557164,37570.0,0.968690023395803,132133.87779659333,0.0005518401065296853,69.45679500024747,90.29383350032171,10.0,2.0,5.518401065296853e-05,71.70177592700125
,,,,,171864.38640736233,37580.0,0.9692418635023327,132203.37415950923,0.0005518401065296853,69.4963629159134,90.34527179068742,10.0,2.0,5.518401065296853e-05,71.70177592700125
,,,,,171954.78311744338,37590.0,0.9697937036088623,132272.9100903408,0.0005518401065296853,69.53593083157931,90.3967100810531,10.0,2.0,5.518401065296853e-05,71.70177592700125
,,,,,172045.2312658148,37600.0,0.970345543715392,132342.48558908803,0.0005518401065296853,69.57549874724523,90.44814837141881,10.0,2.0,5.518401065296853e-05,71.70177592700125
,,,,,172135.73085247658,37610.0,0.9708973838219216,132412.10065575095,0.0005518401065296853,69.61506666291115,90.49958666178449,10.0,2.0,5.518401065296853e-05,71.70177592700125
,,,,,172226.28187742873,37620.0,0.9714492239284512,132481.75529032954,0.0005518401065296853,69.65463457857707,90.5510249521502,10.0,2.0,5.518401065296853e-05,71.70177592700125
,,,,,172316.88434067124,37630.0,0.9720010640349809,132551.4494928238,0.0005518401065296853,69.69420249424299,90.60246324251588,10.0,2.0,5.518401065296853e-05,71.70177592700125
,,,,,172407.53824220411,37640.0,0.9725529041415105,132621.18326323372,0.0005518401065296853,69.73377040990891,90.65390153288159,10.0,2.0,5.518401065296853e-05,71.70177592700125
,,,,,172498.24358202735,37650.0,0.9731047442480402,132690.9566015593,0.0005518401065296853,69.77333832557484,90.7053398232473,10.0,2.0,5.518401065296853e-05,71.70177592700125
,,,,,172589.00036014096,37660.0,0.9736565843545698,132760.76950780055,0.0005518401065296853,69.81290624124075,90.75677811361298,10.0,2.0,5.518401065296853e-05,71.70177592700125
,,,,,172679.80857654492,37670.0,0.9742084244610995,132830.62198195746,0.0005518401065296853,69.85247415690668,90.80821640397869,10.0,2.0,5.518401065296853e-05,71.70177592700125
,,,,,172770.66823123925,37680.0,0.9747602645676291,132900.51402403004,0.0005518401065296853,69.8920420725726,90.85965469434437,10.0,2.0,5.518401065296853e-05,71.70177592700125
,,,,,172861.57932422397,37690.0,0.9753121046741587,132970.44563401828,0.0005518401065296853,69.93160998823852,90.91109298471008,10.0,2.0,5.518401065296853e-05,71.70177592700125
,,,,,172952.54185549906,37700.0,0.9758639447806884,133040.4168119222,0.0005518401065296853,69.97117790390443,90.96253127507576,10.0,2.0,5.518401065296853e-05,71.70177592700125
,,,,,173043.5558250645,37710.0,0.976415784887218,133110.42755774176,0.0005518401065296853,70.01074581957036,91.01396956544147,10.0,2.0,5.518401065296853e-05,71.70177592700125
,,,,,173134.62123292033,37720.0,0.9769676249937477,133180.477871477,0.0005518401065296853,70.05031373523629,91.06540785580718,10.0,2.0,5.518401065296853e-05,71.70177592700125
,,,,,173225.7380790665,37730.0,0.9775194651002773,133250.5677531279,0.0005518401065296853,70.0898816509022,91.11684614617286,10.0,2.0,5.518401065296853e-05,71.70177592700125
,,,,,173316.90636350305,37740.0,0.978071305206807,133320.69720269446,0.0005518401065296853,70.12944956656813,91.16828443653857,10.0,2.0,5.518401065296853e-05,71.70177592700125
,,,,,173408.12608622995,37750.0,0.9786231453133366,133390.8662201767,0.0005518401065296853,70.16901748223404,91.21972272690425,10.0,2.0,5.518401065296853e-05,71.70177592700125
,,,,,173499.39724724722,37760.0,0.9791749854198663,133461.07480557458,0.0005518401065296853,70.20858539789997,91.27116101726996,10.0,2.0,5.518401065296853e-05,71.70177592700125
,,,,,173590.71984655486,37770.0,0.9797268255263959,133531.32295888814,0.0005518401065296853,70.2481533135659,91.32259930763567,10.0,2.0,5.518401065296853e-05,71.70177592700125
,,,,,173682.09388415286,37780.0,0.9802786656329255,133601.61068011736,0.0005518401065296853,70.2877212292318,91.37403759800135,10.0,2.0,5.518401065296853e-05,71.70177592700125
,,,,,173773.51936004122,37790.0,0.9808305057394552,133671.93796926225,0.0005518401065296853,70.32728914489773,91.42547588836706,10.0,2.0,5.518401065296853e-05,71.70177592700125
,,,,,173864.99627421994,37800.0,0.9813823458459848,133742.3048263228,0.0005518401065296853,70.36685706056365,91.47691417873274,10.0,2.0,5.518401065296853e-05,71.70177592700125
,,,,,173956.52462668903,37810.0,0.9819341859525145,133812.711251299,0.0005518401065296853,70.40642497622957,91.52835246909845,10.0,2.0,5.518401065296853e-05,71.70177592700125
,,,,,174048.10441744849,37820.0,0.9824860260590441,133883.15724419092,0.0005518401065296853,70.44599289189549,91.57979075946413,10.0,2.0,5.518401065296853e-05,71.70177592700125
,,,,,174139.7356464983,37830.0,0.9830378661655738,133953.6428049985,0.0005518401065296853,70.48556080756141,91.63122904982984,10.0,2.0,5.518401065296853e-05,71.70177592700125
,,,,,174190.53859718514,37840.0,0.9835897062721034,133992.7219978345,0.0005518401065296853,39.07919283601699,50.80295068682209,10.0,1.0,5.518401065296853e-05,39.731193389701865
,,,,,174241.37005071776,37850.0,0.984141546378633,134031.8231159365,0.0005518401065296853,39.101118102009714,50.83145353261263,10.0,1.0,5.518401065296853e-05,39.731193389701865
,,,,,174292.23000709616,37860.0,0.9846933864851627,134070.9461593045,0.0005518401065296853,39.12304336800244,50.859956378403176,10.0,1.0,5.518401065296853e-05,39.731193389701865
,,,,,174343.11846632036,37870.0,0.9852452265916923,134110.0911279385,0.0005518401065296853,39.14496863399516,50.88845922419371,10.0,1.0,5.518401065296853e-05,39.731193389701865
,,,,,174394.03542839034,37880.0,0.985797066698222,134149.2580218385,0.0005518401065296853,39.16689389998788,50.91696206998425,10.0,1.0,5.518401065296853e-05,39.731193389701865
,,,,,174444.9808933061,37890.0,0.9863489068047516,134188.44684100448,0.0005518401065296853,39.18881916598061,50.9454649157748,10.0,1.0,5.518401065296853e-05,39.731193389701865
,,,,,174495.95486106767,37900.0,0.9869007469112813,134227.65758543645,0.0005518401065296853,39.21074443197333,50.97396776156533,10.0,1.0,5.518401065296853e-05,39.731193389701865
,,,,,174546.95733167502,37910.0,0.9874525870178109,134266.8902551344,0.0005518401065296853,39.23266969796605,51.00247060735587,10.0,1.0,5.518401065296853e-05,39.731193389701865
,,,,,174597.98830512815,37920.0,0.9880044271243406,134306.14485009835,0.0005518401065296853,39.25459496395878,51.030973453146416,10.0,1.0,5.518401065296853e-05,39.731193389701865
,,,,,174649.0477814271,37930.0,0.9885562672308702,134345.42137032832,0.0005518401065296853,39.2765202299515,51.05947629893695,10.0,1.0,5.518401065296853e-05,39.731193389701865
,,,,,174700.13576057184,37940.0,0.9891081073373998,134384.71981582427,0.0005518401065296853,39.29844549594422,51.08797914472749,10.0,1.0,5.518401065296853e-05,39.731193389701865
,,,,,174751.25224256236,37950.0,0.9896599474439295,134424.0401865862,0.0005518401065296853,39.32037076193695,51.11648199051804,10.0,1.0,5.518401065296853e-05,39.731193389701865
,,,,,174802.39722739867,37960.0,0.9902117875504591,134463.38248261414,0.0005518401065296853,39.34229602792967,51.14498483630857,10.0,1.0,5.518401065296853e-05,39.731193389701865
,,,,,174853.57071508077,37970.0,0.9907636276569888,134502.74670390805,0.0005518401065296853,39.36422129392239,51.17348768209911,10.0,1.0,5.518401065296853e-05,39.731193389701865
,,,,,174904.77270560866,37980.0,0.9913154677635184,134542.13285046795,0.0005518401065296853,39.38614655991511,51.20199052788965,10.0,1.0,5.518401065296853e-05,39.731193389701865
,,,,,174956.00319898233,37990.0,0.9918673078700481,134581.54092229388,0.0005518401065296853,39.40807182590784,51.23049337368019,10.0,1.0,5.518401065296853e-05,39.731193389701865
,,,,,175007.2621952018,38000.0,0.9924191479765777,134620.97091938579,0.0005518401065296853,39.42999709190056,51.25899621947073,10.0,1.0,5.518401065296853e-05,39.731193389701865
,,,,,175058.54969426704,38010.0,0.9929709880831074,134660.42284174368,0.0005518401065296853,39.45192235789328,51.287499065261265,10.0,1.0,5.518401065296853e-05,39.731193389701865
,,,,,175109.8656961781,38020.0,0.993522828189637,134699.89668936757,0.0005518401065296853,39.47384762388601,51.31600191105181,10.0,1.0,5.518401065296853e-05,39.731193389701865
,,,,,175161.21020093496,38030.0,0.9940746682961666,134739.39246225744,0.0005518401065296853,39.49577288987873,51.34450475684235,10.0,1.0,5.518401065296853e-05,39.731193389701865
,,,,,175212.5832085376,38040.0,0.9946265084026963,134778.9101604133,0.0005518401065296853,39.51769815587145,51.37300760263289,10.0,1.0,5.518401065296853e-05,39.731193389701865
,,,,,175263.98471898603,38050.0,0.9951783485092259,134818.44978383515,0.0005518401065296853,39.53962342186418,51.40151044842343,10.0,1.0,5.518401065296853e-05,39.731193389701865
,,,,,175315.41473228025,38060.0,0.9957301886157556,134858.01133252302,0.0005518401065296853,39.5615486878569,51.43001329421397,10.0,1.0,5.518401065296853e-05,39.731193389701865
,,,,,175366.87324842025,38070.0,0.9962820287222852,134897.59480647687,0.0005518401065296853,39.58347395384962,51.458516140004505,10.0,1.0,5.518401065296853e-05,39.731193389701865
,,,,,175418.36026740604,38080.0,0.9968338688288149,134937.20020569672,0.0005518401065296853,39.60539921984235,51.48701898579505,10.0,1.0,5.518401065296853e-05,39.731193389701865
,,,,,175469.87578923762,38090.0,0.9973857089353445,134976.82753018255,0.0005518401065296853,39.62732448583507,51.51552183158559,10.0,1.0,5.518401065296853e-05,39.731193389701865
,,,,,175521.41981391498,38100.0,0.9979375490418742,135016.47677993437,0.0005518401065296853,39.64924975182779,51.54402467737613,10.0,1.0,5.518401065296853e-05,39.731193389701865
,,,,,175572.99234143813,38110.0,0.9984893891484038,135056.14795495218,0.0005518401065296853,39.67117501782052,51.57252752316667,10.0,1.0,5.518401065296853e-05,39.731193389701865
,,,,,175624.5933718071,38120.0,0.9990412292549334,135095.841055236,0.0005518401065296853,39.69310028381324,51.60103036895721,10.0,1.0,5.518401065296853e-05,39.731193389701865
,,,,,175676.22290502186,38130.0,0.9995930693614631,135135.5560807858,0.0005518401065296853,39.71502554980596,51.629533214747745,10.0,1.0,5.518401065296853e-05,39.731193389701865
,,,,,175727.8809410824,38140.0,1.0001449094679928,135175.2930316016,0.0005518401065296853,39.736950815798686,51.658036060538294,10.0,1.0,5.518401065296853e-05,39.731193389701865
,,,,,175779.56747998873,38150.0,1.0006967495745225,135215.0519076834,0.0005518401065296853,39.758876081791406,51.68653890632883,10.0,1.0,5.518401065296853e-05,39.731193389701865
,,,,,175831.28252174085,38160.0,1.0012485896810521,135254.83270903118,0.0005518401065296853,39.780801347784134,51.715041752119376,10.0,1.0,5.518401065296853e-05,39.731193389701865
,,,,,175883.02606633876,38170.0,1.0018004297875818,135294.63543564494,0.0005518401065296853,39.802726613776855,51.74354459790991,10.0,1.0,5.518401065296853e-05,39.731193389701865
,,,,,175934.79811378245,38180.0,1.0023522698941114,135334.46008752473,0.0005518401065296853,39.824651879769576,51.77204744370045,10.0,1.0,5.518401065296853e-05,39.731193389701865
,,,,,175986.59866407193,38190.0,1.002904110000641,135374.3066646705,0.0005518401065296853,39.8465771457623,51.800550289491,10.0,1.0,5.518401065296853e-05,39.731193389701865
,,,,,176038.4277172072,38200.0,1.0034559501071707,135414.17516708226,0.0005518401065296853,39.868502411755024,51.829053135281534,10.0,1.0,5.518401065296853e-05,39.731193389701865
,,,,,176090.2852731883,38210.0,1.0040077902137003,135454.06559476,0.0005518401065296853,39.890427677747745,51.85755598107207,10.0,1.0,5.518401065296853e-05,39.731193389701865
,,,,,176142.17133201516,38220.0,1.00455963032023,135493.97794770374,0.0005518401065296853,39.91235294374047,51.886058826862616,10.0,1.0,5.518401065296853e-05,39.731193389701865
,,,,,176194.08589368782,38230.0,1.0051114704267596,135533.91222591346,0.0005518401065296853,39.93427820973319,51.91456167265315,10.0,1.0,5.518401065296853e-05,39.731193389701865
,,,,,176246.02895820627,38240.0,1.0056633105332893,135573.8684293892,0.0005518401065296853,39.956203475725914,51.94306451844369,10.0,1.0,5.518401065296853e-05,39.731193389701865
,,,,,176298.0005255705,38250.0,1.006215150639819,135613.84655813093,0.0005518401065296853,39.97812874171864,51.97156736423424,10.0,1.0,5.518401065296853e-05,39.731193389701865
,,,,,176350.00059578053,38260.0,1.0067669907463486,135653.84661213864,0.0005518401065296853,40.00005400771136,52.000070210024774,10.0,1.0,5.518401065296853e-05,39.731193389701865
,,,,,176402.02916883634,38270.0,1.0073188308528782,135693.86859141235,0.0005518401065296853,40.02197927370408,52.02857305581531,10.0,1.0,5.518401065296853e-05,39.731193389701865
,,,,,176454.08624473793,38280.0,1.0078706709594079,135733.91249595204,0.0005518401065296853,40.04390453969681,52.057075901605856,10.0,1.0,5.518401065296853e-05,39.731193389701865
,,,,,176506.17182348532,38290.0,1.0084225110659375,135773.97832575772,0.0005518401065296853,40.06582980568953,52.08557874739639,10.0,1.0,5.518401065296853e-05,39.731193389701865
,,,,,176558.28590507852,38300.0,1.0089743511724671,135814.0660808294,0.0005518401065296853,40.08775507168225,52.11408159318693,10.0,1.0,5.518401065296853e-05,39.731193389701865
,,,,,176610.4284895175,38310.0,1.0095261912789968,135854.17576116708,0.0005518401065296853,40.10968033767498,52.14258443897748,10.0,1.0,5.518401065296853e-05,39.731193389701865
,,,,,176662.59957680228,38320.0,1.0100780313855264,135894.30736677075,0.0005518401065296853,40.1316056036677,52.171087284768014,10.0,1.0,5.518401065296853e-05,39.731193389701865
,,,,,176714.79916693285,38330.0,1.010629871492056,135934.4608976404,0.0005518401065296853,40.15353086966042,52.19959013055855,10.0,1.0,5.518401065296853e-05,39.731193389701865
,,,,,176767.0272599092,38340.0,1.0111817115985857,135974.63635377606,0.0005518401065296853,40.17545613565315,52.228092976349096,10.0,1.0,5.518401065296853e-05,39.731193389701865
,,,,,176819.28385573134,38350.0,1.0117335517051154,136014.8337351777,0.0005518401065296853,40.19738140164587,52.25659582213963,10.0,1.0,5.518401065296853e-05,39.731193389701865
,,,,,176871.56895439926,38360.0,1.012285391811645,136055.05304184533,0.0005518401065296853,40.21930666763859,52.28509866793017,10.0,1.0,5.518401065296853e-05,39.731193389701865
,,,,,176923.88255591298,38370.0,1.0128372319181747,136095.29427377897,0.0005518401065296853,40.24123193363131,52.313601513720705,10.0,1.0,5.518401065296853e-05,39.731193389701865
,,,,,176976.22466027248,38380.0,1.0133890720247043,136135.5574309786,0.0005518401065296853,40.26315719962404,52.342104359511254,10.0,1.0,5.518401065296853e-05,39.731193389701865
,,,,,177028.59526747777,38390.0,1.013940912131234,136175.84251344422,0.0005518401065296853,40.28508246561676,52.37060720530179,10.0,1.0,5.518401065296853e-05,39.731193389701865
,,,,,177080.99437752887,38400.0,1.0144927522377636,136216.14952117583,0.0005518401065296853,40.30700773160948,52.39911005109233,10.0,1.0,5.518401065296853e-05,39.731193389701865
,,,,,177133.42199042576,38410.0,1.0150445923442932,136256.47845417343,0.0005518401065296853,40.32893299760221,52.42761289688287,10.0,1.0,5.518401065296853e-05,39.731193389701865
,,,,,177185.87810616844,38420.0,1.0155964324508229,136296.829312437,0.0005518401065296853,40.35085826359493,52.45611574267341,10.0,1.0,5.518401065296853e-05,39.731193389701865
,,,,,177238.3627247569,38430.0,1.0161482725573525,136337.2020959666,0.0005518401065296853,40.37278352958765,52.484618588463945,10.0,1.0,5.518401065296853e-05,39.731193389701865
,,,,,177290.87584619116,38440.0,1.0167001126638822,136377.5968047622,0.0005518401065296853,40.39470879558038,52.513121434254494,10.0,1.0,5.518401065296853e-05,39.731193389701865
,,,,,177343.4174704712,38450.0,1.0172519527704118,136418.01343882378,0.0005518401065296853,40.4166340615731,52.54162428004503,10.0,1.0,5.518401065296853e-05,39.731193389701865
,,,,,177395.98759759704,38460.0,1.0178037928769414,136458.45199815134,0.0005518401065296853,40.43855932756582,52.57012712583557,10.0,1.0,5.518401065296853e-05,39.731193389701865
,,,,,177448.58622756865,38470.0,1.018355632983471,136498.9124827449,0.0005518401065296853,40.46048459355855,52.59862997162611,10.0,1.0,5.518401065296853e-05,39.731193389701865
,,,,,177501.21336038606,38480.0,1.0189074730900007,136539.39489260444,0.0005518401065296853,40.48240985955127,52.62713281741665,10.0,1.0,5.518401065296853e-05,39.731193389701865
,,,,,177553.86899604928,38490.0,1.0194593131965304,136579.89922772997,0.0005518401065296853,40.50433512554399,52.655635663207185,10.0,1.0,5.518401065296853e-05,39.731193389701865
,,,,,177606.5531345583,38500.0,1.02001115330306,136620.42548812152,0.0005518401065296853,40.52626039153672,52.684138508997734,10.0,1.0,5.518401065296853e-05,39.731193389701865
,,,,,177659.26577591308,38510.0,1.0205629934095897,136660.97367377905,0.0005518401065296853,40.54818565752944,52.71264135478827,10.0,1.0,5.518401065296853e-05,39.731193389701865
,,,,,177712.00692011366,38520.0,1.0211148335161193,136701.54378470258,0.0005518401065296853,40.57011092352216,52.74114420057881,10.0,1.0,5.518401065296853e-05,39.731193389701865
,,,,,177764.77656716004,38530.0,1.021666673622649,136742.1358208921,0.0005518401065296853,40.592036189514886,52.76964704636935,10.0,1.0,5.518401065296853e-05,39.731193389701865
,,,,,177817.5747170522,38540.0,1.0222185137291786,136782.7497823476,0.0005518401065296853,40.61396145550761,52.79814989215989,10.0,1.0,5.518401065296853e-05,39.731193389701865
,,,,,177870.40136979014,38550.0,1.0227703538357082,136823.38566906907,0.0005518401065296853,40.63588672150033,52.826652737950425,10.0,1.0,5.518401065296853e-05,39.731193389701865
,,,,,177923.25652537387,38560.0,1.023322193942238,136864.04348105658,0.0005518401065296853,40.657811987493055,52.855155583740974,10.0,1.0,5.518401065296853e-05,39.731193389701865
,,,,,177976.1401838034,38570.0,1.0238740340487675,136904.72321831007,0.0005518401065296853,40.679737253485776,52.88365842953151,10.0,1.0,5.518401065296853e-05,39.731193389701865
,,,,,178029.0523450787,38580.0,1.0244258741552972,136945.42488082955,0.0005518401065296853,40.7016625194785,52.91216127532205,10.0,1.0,5.518401065296853e-05,39.731193389701865
,,,,,178081.99300919982,38590.0,1.0249777142618268,136986.14846861502,0.0005518401065296853,40.72358778547122,52.94066412111258,10.0,1.0,5.518401065296853e-05,39.731193389701865
,,,,,178134.96217616674,38600.0,1.0255295543683565,137026.89398166648,0.0005518401065296853,40.745513051463945,52.96916696690313,10.0,1.0,5.518401065296853e-05,39.731193389701865
,,,,,178187.95984597944,38610.0,1.026081394474886,137067.66141998392,0.0005518401065296853,40.767438317456666,52.997669812693665,10.0,1.0,5.518401065296853e-05,39.731193389701865
,,,,,178240.98601863792,38620.0,1.0266332345814158,137108.4507835674,0.0005518401065296853,40.789363583449386,53.02617265848421,10.0,1.0,5.518401065296853e-05,39.731193389701865
,,,,,178294.0406941422,38630.0,1.0271850746879454,137149.26207241684,0.0005518401065296853,40.811288849442114,53.05467550427475,10.0,1.0,5.518401065296853e-05,39.731193389701865
,,,,,178347.12387249226,38640.0,1.027736914794475,137190.09528653228,0.0005518401065296853,40.833214115434835,53.08317835006529,10.0,1.0,5.518401065296853e-05,39.731193389701865
,,,,,178400.2355536881,38650.0,1.0282887549010047,137230.9504259137,0.0005518401065296853,40.855139381427556,53.11168119585582,10.0,1.0,5.518401065296853e-05,39.731193389701865
,,,,,178453.37573772974,38660.0,1.0288405950075343,137271.82749056112,0.0005518401065296853,40.87706464742028,53.14018404164637,10.0,1.0,5.518401065296853e-05,39.731193389701865
,,,,,178506.54442461717,38670.0,1.029392435114064,137312.72648047452,0.0005518401065296853,40.898989913413004,53.168686887436905,10.0,1.0,5.518401065296853e-05,39.731193389701865
,,,,,178559.7416143504,38680.0,1.0299442752205936,137353.64739565394,0.0005518401065296853,40.920915179405725,53.19718973322745,10.0,1.0,5.518401065296853e-05,39.731193389701865
,,,,,178612.96730692944,38690.0,1.0304961153271233,137394.59023609935,0.0005518401065296853,40.94284044539845,53.22569257901799,10.0,1.0,5.518401065296853e-05,39.731193389701865
,,,,,178666.22150235425,38700.0,1.031047955433653,137435.55500181075,0.0005518401065296853,40.96476571139117,53.25419542480853,10.0,1.0,5.518401065296853e-05,39.731193389701865
,,,,,178719.50420062486,38710.0,1.0315997955401826,137476.54169278813,0.0005518401065296853,40.986690977383894,53.28269827059906,10.0,1.0,5.518401065296853e-05,39.731193389701865
,,,,,178772.81540174125,38720.0,1.0321516356467122,137517.5503090315,0.0005518401065296853,41.00861624337662,53.31120111638961,10.0,1.0,5.518401065296853e-05,39.731193389701865
,,,,,178826.15510570342,38730.0,1.0327034757532418,137558.58085054086,0.0005518401065296853,41.03054150936934,53.339703962180145,10.0,1.0,5.518401065296853e-05,39.731193389701865
,,,,,178879.5233125114,38740.0,1.0332553158597715,137599.6333173162,0.0005518401065296853,41.05246677536206,53.36820680797069,10.0,1.0,5.518401065296853e-05,39.731193389701865
,,,,,178932.92002216514,38750.0,1.0338071559663011,137640.70770935758,0.0005518401065296853,41.07439204135479,53.39670965376123,10.0,1.0,5.518401065296853e-05,39.731193389701865
,,,,,178986.34523466468,38760.0,1.0343589960728308,137681.80402666493,0.0005518401065296853,41.09631730734751,53.42521249955177,10.0,1.0,5.518401065296853e-05,39.731193389701865
,,,,,179039.79895001004,38770.0,1.0349108361793604,137722.92226923828,0.0005518401065296853,41.11824257334023,53.4537153453423,10.0,1.0,5.518401065296853e-05,39.731193389701865
,,,,,179093.28116820118,38780.0,1.03546267628589,137764.0624370776,0.0005518401065296853,41.14016783933296,53.48221819113285,10.0,1.0,5.518401065296853e-05,39.731193389701865
,,,,,179146.7918892381,38790.0,1.0360145163924197,137805.22453018292,0.0005518401065296853,41.16209310532568,53.510721036923385,10.0,1.0,5.518401065296853e-05,39.731193389701865
,,,,,179200.33111312083,38800.0,1.0365663564989493,137846.40854855423,0.0005518401065296853,41.1840183713184,53.53922388271393,10.0,1.0,5.518401065296853e-05,39.731193389701865
,,,,,179253.89883984934,38810.0,1.037118196605479,137887.61449219155,0.0005518401065296853,41.20594363731112,53.56772672850446,10.0,1.0,5.518401065296853e-05,39.731193389701865
,,,,,179307.49506942363,38820.0,1.0376700367120086,137928.84236109487,0.0005518401065296853,41.22786890330385,53.59622957429501,10.0,1.0,5.518401065296853e-05,39.731193389701865
,,,,,179361.1198018437,38830.0,1.0382218768185383,137970.09215526417,0.0005518401065296853,41.24979416929657,53.62473242008554,10.0,1.0,5.518401065296853e-05,39.731193389701865
,,,,,179414.77303710958,38840.0,1.038773716925068,138011.36387469945,0.0005518401065296853,41.27171943528929,53.653235265876084,10.0,1.0,5.518401065296853e-05,39.731193389701865
,,,,,179468.45477522124,38850.0,1.0393255570315976,138052.65751940073,0.0005518401065296853,41.29364470128202,53.681738111666625,10.0,1.0,5.518401065296853e-05,39.731193389701865
,,,,,179522.16501617868,38860.0,1.0398773971381272,138093.973089368,0.0005518401065296853,41.31556996727474,53.71024095745717,10.0,1.0,5.518401065296853e-05,39.731193389701865
,,,,,179575.90375998194,38870.0,1.0404292372446569,138135.31058460128,0.0005518401065296853,41.33749523326746,53.7387438032477,10.0,1.0,5.518401065296853e-05,39.731193389701865
,,,,,179629.671006631,38880.0,1.0409810773511865,138176.67000510055,0.0005518401065296853,41.35942049926019,53.76724664903825,10.0,1.0,5.518401065296853e-05,39.731193389701865
,,,,,179683.46675612582,38890.0,1.0415329174577161,138218.0513508658,0.0005518401065296853,41.38134576525291,53.79574949482878,10.0,1.0,5.518401065296853e-05,39.731193389701865
,,,,,179737.29100846645,38900.0,1.0420847575642458,138259.45462189705,0.0005518401065296853,41.40327103124563,53.824252340619324,10.0,1.0,5.518401065296853e-05,39.731193389701865
,,,,,179791.14376365286,38910.0,1.0426365976707754,138300.87981819428,0.0005518401065296853,41.42519629723836,53.852755186409865,10.0,1.0,5.518401065296853e-05,39.731193389701865
,,,,,179845.02502168505,38920.0,1.043188437777305,138342.3269397575,0.0005518401065296853,41.44712156323108,53.88125803220041,10.0,1.0,5.518401065296853e-05,39.731193389701865
,,,,,179898.93478256304,38930.0,1.0437402778838347,138383.79598658672,0.0005518401065296853,41.4690468292238,53.90976087799094,10.0,1.0,5.518401065296853e-05,39.731193389701865
,,,,,179952.8730462868,38940.0,1.0442921179903644,138425.28695868194,0.0005518401065296853,41.49097209521653,53.93826372378149,10.0,1.0,5.518401065296853e-05,39.731193389701865
,,,,,180006.83981285637,38950.0,1.044843958096894,138466.79985604316,0.0005518401065296853,41.51289736120925,53.96676656957202,10.0,1.0,5.518401065296853e-05,39.731193389701865
,,,,,180060.83508227175,38960.0,1.0453957982034237,138508.33467867036,0.0005518401065296853,41.53482262720197,53.995269415362564,10.0,1.0,5.518401065296853e-05,39.731193389701865
,,,,,180114.8588545329,38970.0,1.0459476383099533,138549.89142656355,0.0005518401065296853,41.5567478931947,54.023772261153105,10.0,1.0,5.518401065296853e-05,39.731193389701865
,,,,,180168.91112963986,38980.0,1.046499478416483,138591.47009972273,0.0005518401065296853,41.57867315918742,54.05227510694365,10.0,1.0,5.518401065296853e-05,39.731193389701865
,,,,,180222.9919075926,38990.0,1.0470513185230126,138633.0706981479,0.0005518401065296853,41.60059842518014,54.08077795273418,10.0,1.0,5.518401065296853e-05,39.731193389701865
,,,,,180277.10118839113,39000.0,1.0476031586295422,138674.6932218391,0.0005518401065296853,41.622523691172866,54.10928079852473,10.0,1.0,5.518401065296853e-05,39.731193389701865
,,,,,180331.23897203544,39010.0,1.0481549987360719,138716.33767079626,0.0005518401065296853,41.64444895716559,54.13778364431526,10.0,1.0,5.518401065296853e-05,39.731193389701865
,,,,,180385.40525852554,39020.0,1.0487068388426015,138758.00404501942,0.0005518401065296853,41.66637422315831,54.166286490105804,10.0,1.0,5.518401065296853e-05,39.731193389701865
,,,,,180439.60004786143,39030.0,1.0492586789491312,138799.69234450857,0.0005518401065296853,41.68829948915103,54.19478933589634,10.0,1.0,5.518401065296853e-05,39.731193389701865
,,,,,180493.8233400431,39040.0,1.0498105190556608,138841.4025692637,0.0005518401065296853,41.710224755143756,54.22329218168689,10.0,1.0,5.518401065296853e-05,39.731193389701865
,,,,,180548.07513507057,39050.0,1.0503623591621905,138883.13471928483,0.0005518401065296853,41.732150021136476,54.25179502747742,10.0,1.0,5.518401065296853e-05,39.731193389701865
,,,,,180602.35543294385,39060.0,1.05091419926872,138924.88879457198,0.0005518401065296853,41.7540752871292,54.280297873267955,10.0,1.0,5.518401065296853e-05,39.731193389701865
,,,,,180656.66423366292,39070.0,1.0514660393752497,138966.6647951251,0.0005518401065296853,41.776000553121925,54.3088007190585,10.0,1.0,5.518401065296853e-05,39.731193389701865
,,,,,180711.00153722777,39080.0,1.0520178794817794,139008.46272094423,0.0005518401065296853,41.797925819114646,54.337303564849044,10.0,1.0,5.518401065296853e-05,39.731193389701865
,,,,,180765.3673436384,39090.0,1.052569719588309,139050.28257202933,0.0005518401065296853,41.819851085107366,54.36580641063958,10.0,1.0,5.518401065296853e-05,39.731193389701865
,,,,,180819.76165289484,39100.0,1.0531215596948387,139092.12434838043,0.0005518401065296853,41.841776351100094,54.39430925643013,10.0,1.0,5.518401065296853e-05,39.731193389701865
,,,,,180874.18446499706,39110.0,1.0536733998013683,139133.9880499975,0.0005518401065296853,41.863701617092815,54.42281210222066,10.0,1.0,5.518401065296853e-05,39.731193389701865
,,,,,180928.63577994506,39120.0,1.054225239907898,139175.87367688058,0.0005518401065296853,41.885626883085536,54.451314948011195,10.0,1.0,5.518401065296853e-05,39.731193389701865
,,,,,180983.11559773886,39130.0,1.0547770800144276,139217.78122902967,0.0005518401065296853,41.90755214907826,54.47981779380174,10.0,1.0,5.518401065296853e-05,39.731193389701865
,,,,,181037.62391837843,39140.0,1.0553289201209572,139259.71070644475,0.0005518401065296853,41.929477415070984,54.508320639592284,10.0,1.0,5.518401065296853e-05,39.731193389701865
,,,,,181092.16074186383,39150.0,1.055880760227487,139301.6621091258,0.0005518401065296853,41.951402681063705,54.53682348538282,10.0,1.0,5.518401065296853e-05,39.731193389701865
,,,,,181146.726068195,39160.0,1.0564326003340165,139343.63543707287,0.0005518401065296853,41.97332794705643,54.56532633117337,10.0,1.0,5.518401065296853e-05,39.731193389701865
,,,,,181201.31989737198,39170.0,1.0569844404405462,139385.6306902859,0.0005518401065296853,41.99525321304915,54.5938291769639,10.0,1.0,5.518401065296853e-05,39.731193389701865
,,,,,181255.94222939474,39180.0,1.0575362805470758,139427.64786876494,0.0005518401065296853,42.017178479041874,54.622332022754435,10.0,1.0,5.518401065296853e-05,39.731193389701865
,,,,,181310.5930642633,39190.0,1.0580881206536055,139469.68697250998,0.0005518401065296853,42.0391037450346,54.65083486854498,10.0,1.0,5.518401065296853e-05,39.731193389701865
,,,,,181365.27240197762,39200.0,1.0586399607601351,139511.74800152102,0.0005518401065296853,42.06102901102732,54.679337714335524,10.0,1.0,5.518401065296853e-05,39.731193389701865
,,,,,181419.98024253774,39210.0,1.0591918008666648,139553.83095579804,0.0005518401065296853,42.08295427702004,54.70784056012606,10.0,1.0,5.518401065296853e-05,39.731193389701865
,,,,,181474.71658594365,39220.0,1.0597436409731944,139595.93583534105,0.0005518401065296853,42.10487954301277,54.73634340591661,10.0,1.0,5.518401065296853e-05,39.731193389701865
,,,,,181529.48143219535,39230.0,1.060295481079724,139638.06264015005,0.0005518401065296853,42.12680480900549,54.76484625170714,10.0,1.0,5.518401065296853e-05,39.731193389701865
,,,,,181584.27478129286,39240.0,1.0608473211862537,139680.21137022504,0.0005518401065296853,42.14873007499821,54.793349097497675,10.0,1.0,5.518401065296853e-05,39.731193389701865
,,,,,181639.09663323616,39250.0,1.0613991612927833,139722.38202556604,0.0005518401065296853,42.17065534099093,54.821851943288216,10.0,1.0,5.518401065296853e-05,39.731193389701865
,,,,,181693.94698802524,39260.0,1.061951001399313,139764.57460617303,0.0005518401065296853,42.19258060698366,54.850354789078764,10.0,1.0,5.518401065296853e-05,39.731193389701865
,,,,,181748.82584566012,39270.0,1.0625028415058426,139806.789112046,0.0005518401065296853,42.21450587297638,54.8788576348693,10.0,1.0,5.518401065296853e-05,39.731193389701865
,,,,,181803.73320614078,39280.0,1.0630546816123723,139849.02554318498,0.0005518401065296853,42.2364311389691,54.90736048065983,10.0,1.0,5.518401065296853e-05,39.731193389701865
,,,,,181858.66906946723,39290.0,1.063606521718902,139891.28389958994,0.0005518401065296853,42.25835640496183,54.93586332645038,10.0,1.0,5.518401065296853e-05,39.731193389701865
,,,,,181913.63343563947,39300.0,1.0641583618254316,139933.56418126088,0.0005518401065296853,42.28028167095455,54.964366172240915,10.0,1.0,5.518401065296853e-05,39.731193389701865
,,,,,181968.6263046575,39310.0,1.0647102019319612,139975.86638819784,0.0005518401065296853,42.30220693694727,54.992869018031456,10.0,1.0,5.518401065296853e-05,39.731193389701865
,,,,,182023.6476765213,39320.0,1.0652620420384908,140018.1905204008,0.0005518401065296853,42.32413220294,55.021371863822004,10.0,1.0,5.518401065296853e-05,39.731193389701865
,,,,,182078.6975512309,39330.0,1.0658138821450205,140060.53657786973,0.0005518401065296853,42.34605746893272,55.04987470961254,10.0,1.0,5.518401065296853e-05,39.731193389701865
,,,,,182133.77592878632,39340.0,1.0663657222515501,140102.90456060466,0.0005518401065296853,42.36798273492544,55.07837755540307,10.0,1.0,5.518401065296853e-05,39.731193389701865
,,,,,182147.94172484925,39350.0,1.0669175623580798,140113.80132680692,0.0005518401065296853,10.896766202266459,14.165796062946397,10.0,110.0,5.518401065296853e-05,10.213315992458353
,,,,,182162.1148478648,39360.0,1.0674694024646094,140124.70372912657,0.0005518401065296853,10.902402319651758,14.173123015547286,10.0,110.0,5.518401065296853e-05,10.213315992458353
,,,,,182176.29529783296,39370.0,1.068021242571139,140135.61176756362,0.0005518401065296853,10.908038437037057,14.180449968148174,10.0,110.0,5.518401065296853e-05,10.213315992458353
,,,,,182190.4830747537,39380.0,1.0685730826776687,140146.52544211803,0.0005518401065296853,10.913674554422355,14.187776920749062,10.0,110.0,5.518401065296853e-05,10.213315992458353
,,,,,182204.67817862704,39390.0,1.0691249227841984,140157.44475278983,0.0005518401065296853,10.919310671807656,14.195103873349954,10.0,110.0,5.518401065296853e-05,10.213315992458353
,,,,,182218.880609453,39400.0,1.069676762890728,140168.36969957902,0.0005518401065296853,10.924946789192955,14.202430825950842,10.0,110.0,5.518401065296853e-05,10.213315992458353
,,,,,182233.09036723155,39410.0,1.0702286029972576,140179.3002824856,0.0005518401065296853,10.930582906578254,14.20975777855173,10.0,110.0,5.518401065296853e-05,10.213315992458353
,,,,,182247.3074519627,39420.0,1.0707804431037873,140190.2365015096,0.0005518401065296853,10.936219023963552,14.21708473115262,10.0,110.0,5.518401065296853e-05,10.213315992458353
,,,,,182261.53186364644,39430.0,1.071332283210317,140201.17835665093,0.0005518401065296853,10.941855141348851,14.224411683753507,10.0,110.0,5.518401065296853e-05,10.213315992458353
,,,,,182275.7636022828,39440.0,1.0718841233168466,140212.12584790966,0.0005518401065296853,10.947491258734152,14.231738636354399,10.0,110.0,5.518401065296853e-05,10.213315992458353
,,,,,182290.00266787174,39450.0,1.0724359634233762,140223.07897528578,0.0005518401065296853,10.95312737611945,14.239065588955286,10.0,110.0,5.518401065296853e-05,10.213315992458353
,,,,,182304.2490604133,39460.0,1.0729878035299059,140234.0377387793,0.0005518401065296853,10.95876349350475,14.246392541556174,10.0,110.0,5.518401065296853e-05,10.213315992458353
,,,,,182318.50277990746,39470.0,1.0735396436364355,140245.00213839018,0.0005518401065296853,10.964399610890048,14.253719494157062,10.0,110.0,5.518401065296853e-05,10.213315992458353
,,,,,182332.7638263542,39480.0,1.0740914837429651,140255.97217411845,0.0005518401065296853,10.970035728275347,14.261046446757952,10.0,110.0,5.518401065296853e-05,10.213315992458353
,,,,,182347.03219975356,39490.0,1.0746433238494948,140266.9478459641,0.0005518401065296853,10.975671845660647,14.268373399358842,10.0,110.0,5.518401065296853e-05,10.213315992458353
,,,,,182361.30790010552,39500.0,1.0751951639560244,140277.92915392717,0.0005518401065296853,10.981307963045946,14.275700351959731,10.0,110.0,5.518401065296853e-05,10.213315992458353
,,,,,182375.59092741008,39510.0,1.075747004062554,140288.91609800758,0.0005518401065296853,10.986944080431245,14.283027304560619,10.0,110.0,5.518401065296853e-05,10.213315992458353
,,,,,182389.88128166724,39520.0,1.0762988441690837,140299.9086782054,0.0005518401065296853,10.992580197816544,14.290354257161507,10.0,110.0,5.518401065296853e-05,10.213315992458353
,,,,,182404.17896287702,39530.0,1.0768506842756134,140310.9068945206,0.0005518401065296853,10.998216315201843,14.297681209762397,10.0,110.0,5.518401065296853e-05,10.213315992458353
,,,,,182418.4839710394,39540.0,1.077402524382143,140321.9107469532,0.0005518401065296853,11.003852432587141,14.305008162363285,10.0,110.0,5.518401065296853e-05,10.213315992458353
,,,,,182432.79630615434,39550.0,1.0779543644886727,140332.92023550317,0.0005518401065296853,11.009488549972442,14.312335114964174,10.0,110.0,5.518401065296853e-05,10.213315992458353
,,,,,182447.11596822191,39560.0,1.0785062045952023,140343.93536017052,0.0005518401065296853,11.01512466735774,14.319662067565064,10.0,110.0,5.518401065296853e-05,10.213315992458353
,,,,,182461.44295724208,39570.0,1.079058044701732,140354.95612095526,0.0005518401065296853,11.02076078474304,14.326989020165952,10.0,110.0,5.518401065296853e-05,10.213315992458353
,,,,,182475.77727321486,39580.0,1.0796098848082616,140365.9825178574,0.0005518401065296853,11.026396902128338,14.33431597276684,10.0,110.0,5.518401065296853e-05,10.213315992458353
,,,,,182490.11891614023,39590.0,1.0801617249147912,140377.01455087692,0.0005518401065296853,11.032033019513637,14.34164292536773,10.0,110.0,5.518401065296853e-05,10.213315992458353
,,,,,182504.4678860182,39600.0,1.0807135650213209,140388.0522200138,0.0005518401065296853,11.037669136898938,14.348969877968619,10.0,110.0,5.518401065296853e-05,10.213315992458353
,,,,,182518.82418284877,39610.0,1.0812654051278505,140399.0955252681,0.0005518401065296853,11.043305254284236,14.356296830569509,10.0,110.0,5.518401065296853e-05,10.213315992458353
,,,,,182533.18780663193,39620.0,1.0818172452343802,140410.14446663976,0.0005518401065296853,11.048941371669535,14.363623783170397,10.0,110.0,5.518401065296853e-05,10.213315992458353
,,,,,182547.55875736772,39630.0,1.0823690853409098,140421.19904412882,0.0005518401065296853,11.054577489054834,14.370950735771284,10.0,110.0,5.518401065296853e-05,10.213315992458353
,,,,,182561.9370350561,39640.0,1.0829209254474395,140432.25925773525,0.0005518401065296853,11.060213606440133,14.378277688372172,10.0,110.0,5.518401065296853e-05,10.213315992458353
,,,,,182576.32263969706,39650.0,1.083472765553969,140443.32510745907,0.0005518401065296853,11.065849723825433,14.385604640973064,10.0,110.0,5.518401065296853e-05,10.213315992458353
,,,,,182590.71557129064,39660.0,1.0840246056604987,140454.39659330028,0.0005518401065296853,11.071485841210732,14.392931593573952,10.0,110.0,5.518401065296853e-05,10.213315992458353
,,,,,182605.1158298368,39670.0,1.0845764457670284,140465.47371525888,0.0005518401065296853,11.077121958596031,14.400258546174841,10.0,110.0,5.518401065296853e-05,10.213315992458353
,,,,,182619.5234153356,39680.0,1.085128285873558,140476.55647333487,0.0005518401065296853,11.08275807598133,14.40758549877573,10.0,110.0,5.518401065296853e-05,10.213315992458353
,,,,,182633.93832778698,39690.0,1.0856801259800877,140487.64486752823,0.0005518401065296853,11.088394193366629,14.414912451376617,10.0,110.0,5.518401065296853e-05,10.213315992458353
,,,,,182648.36056719095,39700.0,1.0862319660866173,140498.73889783898,0.0005518401065296853,11.09403031075193,14.422239403977509,10.0,110.0,5.518401065296853e-05,10.213315992458353
,,,,,182662.79013354753,39710.0,1.086783806193147,140509.83856426712,0.0005518401065296853,11.099666428137228,14.429566356578396,10.0,110.0,5.518401065296853e-05,10.213315992458353
,,,,,182677.2270268567,39720.0,1.0873356462996766,140520.94386681265,0.0005518401065296853,11.105302545522527,14.436893309179284,10.0,110.0,5.518401065296853e-05,10.213315992458353
,,,,,182691.6712471185,39730.0,1.0878874864062062,140532.05480547555,0.0005518401065296853,11.110938662907826,14.444220261780174,10.0,110.0,5.518401065296853e-05,10.213315992458353
,,,,,182706.12279433288,39740.0,1.088439326512736,140543.17138025584,0.0005518401065296853,11.116574780293124,14.451547214381062,10.0,110.0,5.518401065296853e-05,10.213315992458353
,,,,,182720.58166849986,39750.0,1.0889911666192655,140554.29359115352,0.0005518401065296853,11.122210897678425,14.458874166981953,10.0,110.0,5.518401065296853e-05,10.213315992458353
,,,,,182735.04786961945,39760.0,1.0895430067257952,140565.4214381686,0.0005518401065296853,11.127847015063724,14.466201119582841,10.0,110.0,5.518401065296853e-05,10.213315992458353
,,,,,182749.52139769163,39770.0,1.0900948468323248,140576.55492130102,0.0005518401065296853,11.133483132449022,14.47352807218373,10.0,110.0,5.518401065296853e-05,10.213315992458353
,,,,,182764.00225271643,39780.0,1.0906466869388545,140587.69404055085,0.0005518401065296853,11.139119249834321,14.480855024784619,10.0,110.0,5.518401065296853e-05,10.213315992458353
,,,,,182778.4904346938,39790.0,1.0911985270453841,140598.83879591807,0.0005518401065296853,11.14475536721962,14.488181977385507,10.0,110.0,5.518401065296853e-05,10.213315992458353
,,,,,182792.9859436238,39800.0,1.0917503671519138,140609.98918740268,0.0005518401065296853,11.15039148460492,14.495508929986396,10.0,110.0,5.518401065296853e-05,10.213315992458353
,,,,,182807.48877950638,39810.0,1.0923022072584434,140621.14521500468,0.0005518401065296853,11.15602760199022,14.502835882587286,10.0,110.0,5.518401065296853e-05,10.213315992458353
,,,,,182821.99894234157,39820.0,1.092854047364973,140632.30687872405,0.0005518401065296853,11.161663719375518,14.510162835188174,10.0,110.0,5.518401065296853e-05,10.213315992458353
,,,,,182836.51643212937,39830.0,1.0934058874715027,140643.4741785608,0.0005518401065296853,11.167299836760817,14.517489787789062,10.0,110.0,5.518401065296853e-05,10.213315992458353
,,,,,182851.04124886976,39840.0,1.0939577275780323,140654.64711451496,0.0005518401065296853,11.172935954146116,14.524816740389952,10.0,110.0,5.518401065296853e-05,10.213315992458353
,,,,,182865.57339256274,39850.0,1.094509567684562,140665.8256865865,0.0005518401065296853,11.178572071531416,14.532143692990841,10.0,110.0,5.518401065296853e-05,10.213315992458353
,,,,,182880.11286320834,39860.0,1.0950614077910916,140677.0098947754,0.0005518401065296853,11.184208188916715,14.53947064559173,10.0,110.0,5.518401065296853e-05,10.213315992458353
,,,,,182894.65966080653,39870.0,1.0956132478976213,140688.1997390817,0.0005518401065296853,11.189844306302014,14.546797598192619,10.0,110.0,5.518401065296853e-05,10.213315992458353
,,,,,182909.21378535734,39880.0,1.096165088004151,140699.3952195054,0.0005518401065296853,11.195480423687313,14.554124550793507,10.0,110.0,5.518401065296853e-05,10.213315992458353
,,,,,182923.77523686073,39890.0,1.0967169281106806,140710.59633604647,0.0005518401065296853,11.201116541072611,14.561451503394395,10.0,110.0,5.518401065296853e-05,10.213315992458353
,,,,,182938.34401531672,39900.0,1.0972687682172102,140721.80308870494,0.0005518401065296853,11.206752658457912,14.568778455995286,10.0,110.0,5.518401065296853e-05,10.213315992458353
,,,,,182952.92012072532,39910.0,1.0978206083237398,140733.01547748077,0.0005518401065296853,11.21238877584321,14.576105408596174,10.0,110.0,5.518401065296853e-05,10.213315992458353
,,,,,182967.5035530865,39920.0,1.0983724484302695,140744.233502374,0.0005518401065296853,11.21802489322851,14.583432361197064,10.0,110.0,5.518401065296853e-05,10.213315992458353
,,,,,182982.09431240032,39930.0,1.0989242885367991,140755.45716338462,0.0005518401065296853,11.223661010613808,14.590759313797951,10.0,110.0,5.518401065296853e-05,10.213315992458353
,,,,,182996.69239866672,39940.0,1.0994761286433288,140766.68646051263,0.0005518401065296853,11.229297127999107,14.59808626639884,10.0,110.0,5.518401065296853e-05,10.213315992458353
,,,,,183011.2978118857,39950.0,1.1000279687498584,140777.921393758,0.0005518401065296853,11.234933245384406,14.605413218999729,10.0,110.0,5.518401065296853e-05,10.213315992458353
,,,,,183025.91055205732,39960.0,1.100579808856388,140789.16196312077,0.0005518401065296853,11.240569362769707,14.612740171600619,10.0,110.0,5.518401065296853e-05,10.213315992458353
,,,,,183040.53061918152,39970.0,1.1011316489629177,140800.40816860093,0.0005518401065296853,11.246205480155005,14.620067124201507,10.0,110.0,5.518401065296853e-05,10.213315992458353
,,,,,183055.15801325833,39980.0,1.1016834890694474,140811.66001019848,0.0005518401065296853,11.251841597540304,14.627394076802396,10.0,110.0,5.518401065296853e-05,10.213315992458353
,,,,,183069.79273428774,39990.0,1.102235329175977,140822.9174879134,0.0005518401065296853,11.257477714925603,14.634721029403284,10.0,110.0,5.518401065296853e-05,10.213315992458353
,,,,,183084.43478226973,40000.0,1.1027871692825066,140834.1806017457,0.0005518401065296853,11.263113832310902,14.642047982004172,10.0,110.0,5.518401065296853e-05,10.213315992458353
,,,,,183099.08415720434,40010.0,1.1033390093890363,140845.4493516954,0.0005518401065296853,11.268749949696202,14.649374934605063,10.0,110.0,5.518401065296853e-05,10.213315992458353
,,,,,183113.74085909154,40020.0,1.103890849495566,140856.72373776248,0.0005518401065296853,11.274386067081501,14.656701887205951,10.0,110.0,5.518401065296853e-05,10.213315992458353
,,,,,183128.40488793136,40030.0,1.1044426896020956,140868.00375994697,0.0005518401065296853,11.2800221844668,14.664028839806841,10.0,110.0,5.518401065296853e-05,10.213315992458353
,,,,,183143.07624372377,40040.0,1.1049945297086252,140879.2894182488,0.0005518401065296853,11.285658301852099,14.671355792407729,10.0,110.0,5.518401065296853e-05,10.213315992458353
,,,,,183157.75492646877,40050.0,1.1055463698151549,140890.58071266804,0.0005518401065296853,11.291294419237397,14.678682745008617,10.0,110.0,5.518401065296853e-05,10.213315992458353
,,,,,183172.4409361664,40060.0,1.1060982099216845,140901.87764320467,0.0005518401065296853,11.296930536622698,14.686009697609508,10.0,110.0,5.518401065296853e-05,10.213315992458353
,,,,,183187.1342728166,40070.0,1.1066500500282141,140913.1802098587,0.0005518401065296853,11.302566654007997,14.693336650210396,10.0,110.0,5.518401065296853e-05,10.213315992458353
,,,,,183201.83493641941,40080.0,1.1072018901347438,140924.48841263007,0.0005518401065296853,11.308202771393296,14.700663602811284,10.0,110.0,5.518401065296853e-05,10.213315992458353
,,,,,183216.54292697483,40090.0,1.1077537302412734,140935.80225151885,0.0005518401065296853,11.313838888778594,14.707990555412174,10.0,110.0,5.518401065296853e-05,10.213315992458353
,,,,,183231.25824448283,40100.0,1.108305570347803,140947.12172652502,0.0005518401065296853,11.319475006163893,14.715317508013062,10.0,110.0,5.518401065296853e-05,10.213315992458353
,,,,,183245.98088894345,40110.0,1.1088574104543327,140958.44683764857,0.0005518401065296853,11.325111123549194,14.722644460613953,10.0,110.0,5.518401065296853e-05,10.213315992458353
,,,,,183260.71086035666,40120.0,1.1094092505608624,140969.7775848895,0.0005518401065296853,11.330747240934492,14.729971413214841,10.0,110.0,5.518401065296853e-05,10.213315992458353
,,,,,183275.4481587225,40130.0,1.109961090667392,140981.1139682478,0.0005518401065296853,11.336383358319791,14.737298365815729,10.0,110.0,5.518401065296853e-05,10.213315992458353
,,,,,183290.1927840409,40140.0,1.1105129307739217,140992.45598772352,0.0005518401065296853,11.34201947570509,14.744625318416617,10.0,110.0,5.518401065296853e-05,10.213315992458353
,,,,,183304.9447363119,40150.0,1.1110647708804513,141003.8036433166,0.0005518401065296853,11.347655593090389,14.751952271017506,10.0,110.0,5.518401065296853e-05,10.213315992458353
,,,,,183319.70401553554,40160.0,1.111616610986981,141015.1569350271,0.0005518401065296853,11.35329171047569,14.759279223618396,10.0,110.0,5.518401065296853e-05,10.213315992458353
,,,,,183334.47062171175,40170.0,1.1121684510935106,141026.51586285495,0.0005518401065296853,11.358927827860988,14.766606176219286,10.0,110.0,5.518401065296853e-05,10.213315992458353
,,,,,183349.24455484058,40180.0,1.1127202912000402,141037.8804268002,0.0005518401065296853,11.364563945246287,14.773933128820174,10.0,110.0,5.518401065296853e-05,10.213315992458353
,,,,,183364.025814922,40190.0,1.1132721313065699,141049.25062686283,0.0005518401065296853,11.370200062631586,14.781260081421062,10.0,110.0,5.518401065296853e-05,10.213315992458353
,,,,,183378.814401956,40200.0,1.1138239714130995,141060.62646304286,0.0005518401065296853,11.375836180016885,14.788587034021951,10.0,110.0,5.518401065296853e-05,10.213315992458353
,,,,,183393.61031594264,40210.0,1.1143758115196292,141072.00793534025,0.0005518401065296853,11.381472297402185,14.79591398662284,10.0,110.0,5.518401065296853e-05,10.213315992458353
,,,,,183408.41355688186,40220.0,1.1149276516261588,141083.39504375504,0.0005518401065296853,11.387108414787484,14.803240939223729,10.0,110.0,5.518401065296853e-05,10.213315992458353
,,,,,183423.2241247737,40230.0,1.1154794917326885,141094.7877882872,0.0005518401065296853,11.392744532172783,14.810567891824618,10.0,110.0,5.518401065296853e-05,10.213315992458353
,,,,,183438.04201961812,40240.0,1.116031331839218,141106.18616893678,0.0005518401065296853,11.398380649558082,14.817894844425506,10.0,110.0,5.518401065296853e-05,10.213315992458353
,,,,,183452.86724141514,40250.0,1.1165831719457477,141117.5901857037,0.0005518401065296853,11.40401676694338,14.825221797026394,10.0,110.0,5.518401065296853e-05,10.213315992458353
,,,,,183467.69979016477,40260.0,1.1171350120522774,141128.99983858803,0.0005518401065296853,11.40965288432868,14.832548749627286,10.0,110.0,5.518401065296853e-05,10.213315992458353
,,,,,183482.539665867,40270.0,1.117686852158807,141140.41512758975,0.0005518401065296853,11.41528900171398,14.839875702228174,10.0,110.0,5.518401065296853e-05,10.213315992458353
,,,,,183497.38686852183,40280.0,1.1182386922653367,141151.83605270885,0.0005518401065296853,11.420925119099278,14.847202654829063,10.0,110.0,5.518401065296853e-05,10.213315992458353
,,,,,183512.24139812926,40290.0,1.1187905323718663,141163.26261394535,0.0005518401065296853,11.426561236484577,14.854529607429951,10.0,110.0,5.518401065296853e-05,10.213315992458353
,,,,,183527.10325468928,40300.0,1.119342372478396,141174.6948112992,0.0005518401065296853,11.432197353869876,14.861856560030839,10.0,110.0,5.518401065296853e-05,10.213315992458353
,,,,,183541.97243820192,40310.0,1.1198942125849256,141186.13264477046,0.0005518401065296853,11.437833471255177,14.86918351263173,10.0,110.0,5.518401065296853e-05,10.213315992458353
,,,,,183556.84894866715,40320.0,1.1204460526914553,141197.5761143591,0.0005518401065296853,11.443469588640475,14.876510465232618,10.0,110.0,5.518401065296853e-05,10.213315992458353
,,,,,183571.732786085,40330.0,1.120997892797985,141209.02522006514,0.0005518401065296853,11.449105706025774,14.883837417833506,10.0,110.0,5.518401065296853e-05,10.213315992458353
,,,,,183586.62395045543,40340.0,1.1215497329045145,141220.47996188854,0.0005518401065296853,11.454741823411073,14.891164370434396,10.0,110.0,5.518401065296853e-05,10.213315992458353
,,,,,183601.52244177845,40350.0,1.1221015730110442,141231.94033982934,0.0005518401065296853,11.460377940796372,14.898491323035284,10.0,110.0,5.518401065296853e-05,10.213315992458353
,,,,,183616.4282600541,40360.0,1.1226534131175738,141243.40635388752,0.0005518401065296853,11.46601405818167,14.905818275636172,10.0,110.0,5.518401065296853e-05,10.213315992458353
,,,,,183631.34140528232,40370.0,1.1232052532241035,141254.8780040631,0.0005518401065296853,11.471650175566971,14.913145228237063,10.0,110.0,5.518401065296853e-05,10.213315992458353
,,,,,183728.67596446158,40380.0,1.12338919992628,141329.75074189328,0.00018394670217656179,74.8727378301978,97.33455917925716,10.0,23.0,1.8394670217656178e-05,66.64897422470429
,,,,,183826.02646145754,40390.0,1.1235731466284564,141404.6357395825,0.00018394670217656179,74.88499768920988,97.35049699597285,10.0,23.0,1.8394670217656178e-05,66.64897422470429
,,,,,183923.39289627023,40400.0,1.123757093330633,141479.53299713074,0.00018394670217656179,74.89725754822196,97.36643481268855,10.0,23.0,1.8394670217656178e-05,66.64897422470429
,,,,,184020.77526889963,40410.0,1.1239410400328094,141554.44251453798,0.00018394670217656179,74.90951740723405,97.38237262940427,10.0,23.0,1.8394670217656178e-05,66.64897422470429
,,,,,184118.17357934575,40420.0,1.1241249867349858,141629.36429180423,0.00018394670217656179,74.92177726624612,97.39831044611996,10.0,23.0,1.8394670217656178e-05,66.64897422470429
,,,,,184215.58782760857,40430.0,1.1243089334371623,141704.2983289295,0.00018394670217656179,74.9340371252582,97.41424826283567,10.0,23.0,1.8394670217656178e-05,66.64897422470429
,,,,,184313.01801368812,40440.0,1.1244928801393388,141779.24462591377,0.00018394670217656179,74.94629698427028,97.43018607955136,10.0,23.0,1.8394670217656178e-05,66.64897422470429
,,,,,184410.46413758438,40450.0,1.1246768268415153,141854.20318275705,0.00018394670217656179,74.95855684328237,97.44612389626708,10.0,23.0,1.8394670217656178e-05,66.64897422470429
,,,,,184507.92619929736,40460.0,1.1248607735436917,141929.17399945934,0.00018394670217656179,74.97081670229444,97.46206171298277,10.0,23.0,1.8394670217656178e-05,66.64897422470429
,,,,,184605.40419882705,40470.0,1.1250447202458682,142004.15707602064,0.00018394670217656179,74.98307656130652,97.47799952969848,10.0,23.0,1.8394670217656178e-05,66.64897422470429
,,,,,184702.89813617346,40480.0,1.1252286669480447,142079.15241244095,0.00018394670217656179,74.9953364203186,97.49393734641417,10.0,23.0,1.8394670217656178e-05,66.64897422470429
,,,,,184800.40801133658,40490.0,1.1254126136502212,142154.16000872027,0.00018394670217656179,75.00759627933068,97.50987516312989,10.0,23.0,1.8394670217656178e-05,66.64897422470429
,,,,,184897.93382431642,40500.0,1.1255965603523976,142229.1798648586,0.00018394670217656179,75.01985613834276,97.5258129798456,10.0,23.0,1.8394670217656178e-05,66.64897422470429
,,,,,184995.475575113,40510.0,1.125780507054574,142304.21198085597,0.00018394670217656179,75.03211599735484,97.54175079656129,10.0,23.0,1.8394670217656178e-05,66.64897422470429
,,,,,185093.03326372628,40520.0,1.1259644537567506,142379.25635671234,0.00018394670217656179,75.04437585636691,97.557688613277,10.0,23.0,1.8394670217656178e-05,66.64897422470429
,,,,,185190.60689015628,40530.0,1.126148400458927,142454.31299242773,0.00018394670217656179,75.05663571537899,97.57362642999269,10.0,23.0,1.8394670217656178e-05,66.64897422470429
,,,,,185288.196454403,40540.0,1.1263323471611035,142529.38188800213,0.00018394670217656179,75.06889557439108,97.5895642467084,10.0,23.0,1.8394670217656178e-05,66.64897422470429
,,,,,185385.80195646643,40550.0,1.12651629386328,142604.46304343553,0.00018394670217656179,75.08115543340315,97.6055020634241,10.0,23.0,1.8394670217656178e-05,66.64897422470429
,,,,,185483.42339634657,40560.0,1.1267002405654565,142679.55645872795,0.00018394670217656179,75.09341529241523,97.6214398801398,10.0,23.0,1.8394670217656178e-05,66.64897422470429
,,,,,185581.06077404344,40570.0,1.126884187267633,142754.66213387938,0.00018394670217656179,75.1056751514273,97.6373776968555,10.0,23.0,1.8394670217656178e-05,66.64897422470429
,,,,,185596.03009257495,40580.0,1.1274360273741626,142766.17699428822,0.0005518401065296853,11.514860408854249,14.969318531510524,10.0,110.0,5.518401065296853e-05,10.213315992458353
,,,,,185611.00673805905,40590.0,1.1279878674806922,142777.69749081446,0.0005518401065296853,11.520496526239548,14.976645484111412,10.0,110.0,5.518401065296853e-05,10.213315992458353
,,,,,185625.99071049577,40600.0,1.1285397075872219,142789.2236234581,0.0005518401065296853,11.526132643624846,14.983972436712302,10.0,110.0,5.518401065296853e-05,10.213315992458353
,,,,,185640.98200988508,40610.0,1.1290915476937515,142800.75539221911,0.0005518401065296853,11.531768761010147,14.991299389313191,10.0,110.0,5.518401065296853e-05,10.213315992458353
,,,,,185655.980636227,40620.0,1.1296433878002812,142812.2927970975,0.0005518401065296853,11.537404878395446,14.998626341914079,10.0,110.0,5.518401065296853e-05,10.213315992458353
,,,,,185670.98658952152,40630.0,1.1301952279068108,142823.83583809328,0.0005518401065296853,11.543040995780744,15.005953294514969,10.0,110.0,5.518401065296853e-05,10.213315992458353
,,,,,185685.99986976862,40640.0,1.1307470680133405,142835.38451520645,0.0005518401065296853,11.548677113166043,15.013280247115857,10.0,110.0,5.518401065296853e-05,10.213315992458353
,,,,,185701.02047696835,40650.0,1.13129890811987,142846.938828437,0.0005518401065296853,11.554313230551342,15.020607199716745,10.0,110.0,5.518401065296853e-05,10.213315992458353
,,,,,185716.04841112066,40660.0,1.1318507482263997,142858.49877778493,0.0005518401065296853,11.559949347936643,15.027934152317636,10.0,110.0,5.518401065296853e-05,10.213315992458353
,,,,,185731.0836722256,40670.0,1.1324025883329294,142870.06436325025,0.0005518401065296853,11.565585465321941,15.035261104918524,10.0,110.0,5.518401065296853e-05,10.213315992458353
,,,,,185746.1262602831,40680.0,1.132954428439459,142881.63558483295,0.0005518401065296853,11.57122158270724,15.042588057519414,10.0,110.0,5.518401065296853e-05,10.213315992458353
,,,,,185761.17617529322,40690.0,1.1335062685459887,142893.21244253305,0.0005518401065296853,11.576857700092539,15.049915010120301,10.0,110.0,5.518401065296853e-05,10.213315992458353
,,,,,185776.23341725595,40700.0,1.1340581086525183,142904.79493635055,0.0005518401065296853,11.582493817477838,15.05724196272119,10.0,110.0,5.518401065296853e-05,10.213315992458353
,,,,,185791.29798617127,40710.0,1.134609948759048,142916.3830662854,0.0005518401065296853,11.588129934863138,15.06456891532208,10.0,110.0,5.518401065296853e-05,10.213315992458353
,,,,,185889.62068998688,40720.0,1.1347938954612244,142992.01591537436,0.00018394670217656179,75.63284908894693,98.322703815631,10.0,23.0,1.8394670217656178e-05,66.64897422470429
,,,,,185987.95933161923,40730.0,1.134977842163401,143067.66102432233,0.00018394670217656179,75.645108947959,98.33864163234671,10.0,23.0,1.8394670217656178e-05,66.64897422470429
,,,,,186086.31391106828,40740.0,1.1351617888655774,143143.3183931293,0.00018394670217656179,75.65736880697108,98.3545794490624,10.0,23.0,1.8394670217656178e-05,66.64897422470429
,,,,,186184.68442833406,40750.0,1.1353457355677539,143218.9880217953,0.00018394670217656179,75.66962866598315,98.3705172657781,10.0,23.0,1.8394670217656178e-05,66.64897422470429
,,,,,186283.07088341654,40760.0,1.1355296822699303,143294.66991032028,0.00018394670217656179,75.68188852499524,98.38645508249382,10.0,23.0,1.8394670217656178e-05,66.64897422470429
,,,,,186381.47327631575,40770.0,1.1357136289721068,143370.3640587043,0.00018394670217656179,75.69414838400732,98.40239289920952,10.0,23.0,1.8394670217656178e-05,66.64897422470429
,,,,,186479.89160703166,40780.0,1.1358975756742833,143446.0704669473,0.00018394670217656179,75.7064082430194,98.41833071592522,10.0,23.0,1.8394670217656178e-05,66.64897422470429
,,,,,186578.3258755643,40790.0,1.1360815223764598,143521.78913504933,0.00018394670217656179,75.71866810203147,98.43426853264091,10.0,23.0,1.8394670217656178e-05,66.64897422470429
,,,,,186676.77608191367,40800.0,1.1362654690786362,143597.52006301036,0.00018394670217656179,75.73092796104356,98.45020634935663,10.0,23.0,1.8394670217656178e-05,66.64897422470429
,,,,,186775.24222607975,40810.0,1.1364494157808127,143673.2632508304,0.00018394670217656179,75.74318782005564,98.46614416607234,10.0,23.0,1.8394670217656178e-05,66.64897422470429
,,,,,186873.72430806255,40820.0,1.1366333624829892,143749.01869850946,0.00018394670217656179,75.75544767906771,98.48208198278803,10.0,23.0,1.8394670217656178e-05,66.64897422470429
,,,,,186972.22232786205,40830.0,1.1368173091851657,143824.78640604755,0.00018394670217656179,75.76770753807979,98.49801979950374,10.0,23.0,1.8394670217656178e-05,66.64897422470429
,,,,,187070.73628547828,40840.0,1.1370012558873421,143900.56637344466,0.00018394670217656179,75.77996739709187,98.51395761621943,10.0,23.0,1.8394670217656178e-05,66.64897422470429
,,,,,187169.26618091122,40850.0,1.1371852025895186,143976.35860070077,0.00018394670217656179,75.79222725610396,98.52989543293515,10.0,23.0,1.8394670217656178e-05,66.64897422470429
,,,,,187267.81201416088,40860.0,1.137369149291695,144052.1630878159,0.00018394670217656179,75.80448711511603,98.54583324965084,10.0,23.0,1.8394670217656178e-05,66.64897422470429
,,,,,187366.37378522725,40870.0,1.1375530959938716,144127.97983479002,0.00018394670217656179,75.81674697412811,98.56177106636655,10.0,23.0,1.8394670217656178e-05,66.64897422470429
,,,,,187464.95149411034,40880.0,1.137737042696048,144203.80884162316,0.00018394670217656179,75.82900683314018,98.57770888308224,10.0,23.0,1.8394670217656178e-05,66.64897422470429
,,,,,187563.54514081014,40890.0,1.1379209893982245,144279.6501083153,0.00018394670217656179,75.84126669215227,98.59364669979796,10.0,23.0,1.8394670217656178e-05,66.64897422470429
,,,,,187662.15472532666,40900.0,1.138104936100401,144355.50363486647,0.00018394670217656179,75.85352655116435,98.60958451651366,10.0,23.0,1.8394670217656178e-05,66.64897422470429
,,,,,187760.7802476599,40910.0,1.1382888828025775,144431.36942127664,0.00018394670217656179,75.86578641017643,98.62552233322936,10.0,23.0,1.8394670217656178e-05,66.64897422470429
,,,,,187859.42170780984,40920.0,1.138472829504754,144507.24746754582,0.00018394670217656179,75.8780462691885,98.64146014994506,10.0,23.0,1.8394670217656178e-05,66.64897422470429
,,,,,187958.0791057765,40930.0,1.1386567762069304,144583.137773674,0.00018394670217656179,75.89030612820058,98.65739796666075,10.0,23.0,1.8394670217656178e-05,66.64897422470429
,,,,,188056.7524415599,40940.0,1.1388407229091069,144659.0403396612,0.00018394670217656179,75.90256598721267,98.67333578337647,10.0,23.0,1.8394670217656178e-05,66.64897422470429
,,,,,188155.44171515998,40950.0,1.1390246696112833,144734.95516550745,0.00018394670217656179,75.91482584622474,98.68927360009216,10.0,23.0,1.8394670217656178e-05,66.64897422470429
,,,,,188254.1469265768,40960.0,1.1392086163134598,144810.8822512127,0.00018394670217656179,75.92708570523682,98.70521141680787,10.0,23.0,1.8394670217656178e-05,66.64897422470429
,,,,,188352.86807581031,40970.0,1.1393925630156363,144886.82159677695,0.00018394670217656179,75.9393455642489,98.72114923352356,10.0,23.0,1.8394670217656178e-05,66.64897422470429
,,,,,188451.60516286056,40980.0,1.1395765097178128,144962.77320220022,0.00018394670217656179,75.95160542326099,98.73708705023928,10.0,23.0,1.8394670217656178e-05,66.64897422470429
,,,,,188550.3581877275,40990.0,1.1397604564199892,145038.7370674825,0.00018394670217656179,75.96386528227306,98.75302486695499,10.0,23.0,1.8394670217656178e-05,66.64897422470429
,,,,,188649.1271504112,41000.0,1.1399444031221657,145114.71319262378,0.00018394670217656179,75.97612514128514,98.76896268367068,10.0,23.0,1.8394670217656178e-05,66.64897422470429
,,,,,188747.91205091157,41010.0,1.1401283498243422,145190.70157762407,0.00018394670217656179,75.98838500029721,98.78490050038639,10.0,23.0,1.8394670217656178e-05,66.64897422470429
,,,,,188846.7128892287,41020.0,1.1403122965265187,145266.70222248338,0.00018394670217656179,76.0006448593093,98.8008383171021,10.0,23.0,1.8394670217656178e-05,66.64897422470429
,,,,,188945.5296653625,41030.0,1.1404962432286951,145342.7151272017,0.00018394670217656179,76.01290471832138,98.8167761338178,10.0,23.0,1.8394670217656178e-05,66.64897422470429
,,,,,189044.36237931304,41040.0,1.1406801899308716,145418.74029177902,0.00018394670217656179,76.02516457733346,98.8327139505335,10.0,23.0,1.8394670217656178e-05,66.64897422470429
,,,,,189143.21103108028,41050.0,1.140864136633048,145494.77771621535,0.00018394670217656179,76.03742443634553,98.8486517672492,10.0,23.0,1.8394670217656178e-05,66.64897422470429
,,,,,189242.07562066425,41060.0,1.1410480833352246,145570.8274005107,0.00018394670217656179,76.04968429535761,98.8645895839649,10.0,23.0,1.8394670217656178e-05,66.64897422470429
,,,,,189340.95614806493,41070.0,1.141232030037401,145646.88934466508,0.00018394670217656179,76.0619441543697,98.8805274006806,10.0,23.0,1.8394670217656178e-05,66.64897422470429
,,,,,189439.85261328233,41080.0,1.1414159767395775,145722.96354867847,0.00018394670217656179,76.07420401338177,98.89646521739631,10.0,23.0,1.8394670217656178e-05,66.64897422470429
,,,,,189538.76501631644,41090.0,1.141599923441754,145799.05001255087,0.00018394670217656179,76.08646387239385,98.912403034112,10.0,23.0,1.8394670217656178e-05,66.64897422470429
,,,,,189637.69335716727,41100.0,1.1417838701439305,145875.14873628228,0.00018394670217656179,76.09872373140593,98.92834085082771,10.0,23.0,1.8394670217656178e-05,66.64897422470429
,,,,,189736.6376358348,41110.0,1.141967816846107,145951.2597198727,0.00018394670217656179,76.11098359041802,98.94427866754343,10.0,23.0,1.8394670217656178e-05,66.64897422470429
,,,,,189835.59785231907,41120.0,1.1421517635482834,146027.38296332213,0.00018394670217656179,76.12324344943009,98.96021648425912,10.0,23.0,1.8394670217656178e-05,66.64897422470429
,,,,,189934.57400662004,41130.0,1.1423357102504599,146103.51846663057,0.00018394670217656179,76.13550330844217,98.97615430097483,10.0,23.0,1.8394670217656178e-05,66.64897422470429
,,,,,190033.56609873773,41140.0,1.1425196569526364,146179.66622979802,0.00018394670217656179,76.14776316745424,98.99209211769052,10.0,23.0,1.8394670217656178e-05,66.64897422470429
,,,,,190132.57412867213,41150.0,1.1427036036548128,146255.82625282448,0.00018394670217656179,76.16002302646633,99.00802993440624,10.0,23.0,1.8394670217656178e-05,66.64897422470429
,,,,,190231.59809642326,41160.0,1.1428875503569893,146331.99853570995,0.00018394670217656179,76.17228288547841,99.02396775112193,10.0,23.0,1.8394670217656178e-05,66.64897422470429
,,,,,190330.6380019911,41170.0,1.1430714970591658,146408.18307845443,0.00018394670217656179,76.18454274449049,99.03990556783764,10.0,23.0,1.8394670217656178e-05,66.64897422470429
,,,,,190429.69384537564,41180.0,1.1432554437613422,146484.37988105792,0.00018394670217656179,76.19680260350256,99.05584338455333,10.0,23.0,1.8394670217656178e-05,66.64897422470429
,,,,,190528.7656265769,41190.0,1.1434393904635187,146560.58894352044,0.00018394670217656179,76.20906246251464,99.07178120126903,10.0,23.0,1.8394670217656178e-05,66.64897422470429
,,,,,190627.8533455949,41200.0,1.1436233371656952,146636.81026584198,0.00018394670217656179,76.22132232152673,99.08771901798475,10.0,23.0,1.8394670217656178e-05,66.64897422470429
,,,,,190726.95700242958,41210.0,1.1438072838678717,146713.04384802253,0.00018394670217656179,76.2335821805388,99.10365683470044,10.0,23.0,1.8394670217656178e-05,66.64897422470429
,,,,,190826.076597081,41220.0,1.1439912305700481,146789.28969006208,0.00018394670217656179,76.24584203955088,99.11959465141615,10.0,23.0,1.8394670217656178e-05,66.64897422470429
,,,,,190925.21212954912,41230.0,1.1441751772722246,146865.54779196065,0.00018394670217656179,76.25810189856296,99.13553246813184,10.0,23.0,1.8394670217656178e-05,66.64897422470429
,,,,,191024.36359983397,41240.0,1.144359123974401,146941.81815371822,0.00018394670217656179,76.27036175757505,99.15147028484756,10.0,23.0,1.8394670217656178e-05,66.64897422470429
,,,,,191123.53100793553,41250.0,1.1445430706765776,147018.1007753348,0.00018394670217656179,76.28262161658712,99.16740810156327,10.0,23.0,1.8394670217656178e-05,66.64897422470429
,,,,,191222.7143538538,41260.0,1.144727017378754,147094.3956568104,0.00018394670217656179,76.2948814755992,99.18334591827896,10.0,23.0,1.8394670217656178e-05,66.64897422470429
,,,,,191321.9136375888,41270.0,1.1449109640809305,147170.702798145,0.00018394670217656179,76.30714133461127,99.19928373499467,10.0,23.0,1.8394670217656178e-05,66.64897422470429
,,,,,191421.1288591405,41280.0,1.145094910783107,147247.02219933862,0.00018394670217656179,76.31940119362335,99.21522155171036,10.0,23.0,1.8394670217656178e-05,66.64897422470429
,,,,,191520.36001850892,41290.0,1.1452788574852835,147323.35386039125,0.00018394670217656179,76.33166105263544,99.23115936842608,10.0,23.0,1.8394670217656178e-05,66.64897422470429
,,,,,191619.60711569406,41300.0,1.14546280418746,147399.69778130288,0.00018394670217656179,76.34392091164752,99.24709718514177,10.0,23.0,1.8394670217656178e-05,66.64897422470429
,,,,,191718.8701506959,41310.0,1.1456467508896364,147476.05396207355,0.00018394670217656179,76.35618077065959,99.26303500185747,10.0,23.0,1.8394670217656178e-05,66.64897422470429
,,,,,191818.14912351448,41320.0,1.1458306975918129,147552.42240270323,0.00018394670217656179,76.36844062967167,99.27897281857317,10.0,23.0,1.8394670217656178e-05,66.64897422470429
,,,,,191917.44403414975,41330.0,1.1460146442939894,147628.80310319192,0.00018394670217656179,76.38070048868376,99.29491063528889,10.0,23.0,1.8394670217656178e-05,66.64897422470429
,,,,,192016.75488260176,41340.0,1.1461985909961658,147705.19606353962,0.00018394670217656179,76.39296034769583,99.31084845200459,10.0,23.0,1.8394670217656178e-05,66.64897422470429
,,,,,192116.08166887047,41350.0,1.1463825376983423,147781.60128374633,0.00018394670217656179,76.40522020670791,99.32678626872028,10.0,23.0,1.8394670217656178e-05,66.64897422470429
,,,,,192215.4243929559,41360.0,1.1465664844005188,147858.01876381206,0.00018394670217656179,76.41748006571999,99.34272408543599,10.0,23.0,1.8394670217656178e-05,66.64897422470429
,,,,,192314.78305485807,41370.0,1.1467504311026953,147934.44850373678,0.00018394670217656179,76.42973992473208,99.3586619021517,10.0,23.0,1.8394670217656178e-05,66.64897422470429
,,,,,192414.15765457693,41380.0,1.1469343778048717,148010.89050352052,0.00018394670217656179,76.44199978374415,99.3745997188674,10.0,23.0,1.8394670217656178e-05,66.64897422470429
,,,,,192513.54819211253,41390.0,1.1471183245070482,148087.34476316327,0.00018394670217656179,76.45425964275623,99.39053753558309,10.0,23.0,1.8394670217656178e-05,66.64897422470429
,,,,,192612.95466746483,41400.0,1.1473022712092247,148163.81128266503,0.00018394670217656179,76.4665195017683,99.4064753522988,10.0,23.0,1.8394670217656178e-05,66.64897422470429
,,,,,192712.37708063386,41410.0,1.1474862179114012,148240.2900620258,0.00018394670217656179,76.47877936078038,99.42241316901449,10.0,23.0,1.8394670217656178e-05,66.64897422470429
,,,,,192811.8154316196,41420.0,1.1476701646135776,148316.78110124558,0.00018394670217656179,76.49103921979247,99.43835098573021,10.0,23.0,1.8394670217656178e-05,66.64897422470429
,,,,,192911.26972042205,41430.0,1.147854111315754,148393.2844003244,0.00018394670217656179,76.50329907880455,99.45428880244592,10.0,23.0,1.8394670217656178e-05,66.64897422470429
,,,,,193010.7399470412,41440.0,1.1480380580179306,148469.79995926222,0.00018394670217656179,76.51555893781662,99.47022661916161,10.0,23.0,1.8394670217656178e-05,66.64897422470429
,,,,,193110.2261114771,41450.0,1.148222004720107,148546.32777805906,0.00018394670217656179,76.5278187968287,99.48616443587731,10.0,23.0,1.8394670217656178e-05,66.64897422470429
,,,,,193209.7282137297,41460.0,1.1484059514222835,148622.8678567149,0.00018394670217656179,76.54007865584079,99.50210225259303,10.0,23.0,1.8394670217656178e-05,66.64897422470429
,,,,,193309.246253799,41470.0,1.14858989812446,148699.42019522976,0.00018394670217656179,76.55233851485286,99.51804006930873,10.0,23.0,1.8394670217656178e-05,66.64897422470429
,,,,,193408.78023168503,41480.0,1.1487738448266365,148775.98479360362,0.00018394670217656179,76.56459837386494,99.53397788602443,10.0,23.0,1.8394670217656178e-05,66.64897422470429
,,,,,193508.33014738778,41490.0,1.148957791528813,148852.5616518365,0.00018394670217656179,76.57685823287702,99.54991570274012,10.0,23.0,1.8394670217656178e-05,66.64897422470429
,,,,,193607.89600090723,41500.0,1.1491417382309894,148929.15076992838,0.00018394670217656179,76.58911809188909,99.56585351945583,10.0,23.0,1.8394670217656178e-05,66.64897422470429
,,,,,193707.47779224342,41510.0,1.149325684933166,149005.75214787928,0.00018394670217656179,76.60137795090118,99.58179133617153,10.0,23.0,1.8394670217656178e-05,66.64897422470429
,,,,,193807.0755213963,41520.0,1.1495096316353424,149082.36578568918,0.00018394670217656179,76.61363780991326,99.59772915288724,10.0,23.0,1.8394670217656178e-05,66.64897422470429
,,,,,193906.6891883659,41530.0,1.1496935783375188,149158.9916833581,0.00018394670217656179,76.62589766892533,99.61366696960293,10.0,23.0,1.8394670217656178e-05,66.64897422470429
,,,,,194006.31879315223,41540.0,1.1498775250396953,149235.62984088602,0.00018394670217656179,76.63815752793741,99.62960478631864,10.0,23.0,1.8394670217656178e-05,66.64897422470429
,,,,,194105.96433575527,41550.0,1.1500614717418718,149312.28025827298,0.00018394670217656179,76.6504173869495,99.64554260303436,10.0,23.0,1.8394670217656178e-05,66.64897422470429
,,,,,194205.62581617502,41560.0,1.1502454184440483,149388.94293551895,0.00018394670217656179,76.66267724596158,99.66148041975005,10.0,23.0,1.8394670217656178e-05,66.64897422470429
,,,,,194305.3032344115,41570.0,1.1504293651462247,149465.61787262393,0.00018394670217656179,76.67493710497365,99.67741823646575,10.0,23.0,1.8394670217656178e-05,66.64897422470429
,,,,,194404.99659046467,41580.0,1.1506133118484012,149542.30506958792,0.00018394670217656179,76.68719696398573,99.69335605318145,10.0,23.0,1.8394670217656178e-05,66.64897422470429
,,,,,194504.70588433457,41590.0,1.1507972585505777,149619.00452641092,0.00018394670217656179,76.69945682299782,99.70929386989717,10.0,23.0,1.8394670217656178e-05,66.64897422470429
,,,,,194604.43111602118,41600.0,1.1509812052527542,149695.71624309293,0.00018394670217656179,76.7117166820099,99.72523168661286,10.0,23.0,1.8394670217656178e-05,66.64897422470429
,,,,,194704.17228552452,41610.0,1.1511651519549306,149772.44021963395,0.00018394670217656179,76.72397654102197,99.74116950332856,10.0,23.0,1.8394670217656178e-05,66.64897422470429
,,,,,194803.92939284455,41620.0,1.151349098657107,149849.17645603398,0.00018394670217656179,76.73623640003404,99.75710732004426,10.0,23.0,1.8394670217656178e-05,66.64897422470429
,,,,,194903.70243798132,41630.0,1.1515330453592836,149925.92495229302,0.00018394670217656179,76.74849625904612,99.77304513675996,10.0,23.0,1.8394670217656178e-05,66.64897422470429
,,,,,195003.4914209348,41640.0,1.15171699206146,150002.68570841107,0.00018394670217656179,76.76075611805821,99.78898295347568,10.0,23.0,1.8394670217656178e-05,66.64897422470429
,,,,,195103.296341705,41650.0,1.1519009387636365,150079.45872438813,0.00018394670217656179,76.77301597707029,99.80492077019137,10.0,23.0,1.8394670217656178e-05,66.64897422470429
,,,,,195203.1172002919,41660.0,1.152084885465813,150156.24400022422,0.00018394670217656179,76.78527583608236,99.82085858690708,10.0,23.0,1.8394670217656178e-05,66.64897422470429
,,,,,195302.95399669552,41670.0,1.1522688321679895,150233.04153591933,0.00018394670217656179,76.79753569509444,99.83679640362277,10.0,23.0,1.8394670217656178e-05,66.64897422470429
,,,,,195402.80673091585,41680.0,1.152452778870166,150309.85133147344,0.00018394670217656179,76.80979555410653,99.85273422033849,10.0,23.0,1.8394670217656178e-05,66.64897422470429
,,,,,195502.6754029529,41690.0,1.1526367255723424,150386.67338688657,0.00018394670217656179,76.8220554131186,99.8686720370542,10.0,23.0,1.8394670217656178e-05,66.64897422470429
,,,,,195602.56001280667,41700.0,1.152820672274519,150463.5077021587,0.00018394670217656179,76.83431527213068,99.88460985376989,10.0,23.0,1.8394670217656178e-05,66.64897422470429
,,,,,195702.46056047716,41710.0,1.1530046189766954,150540.35427728985,0.00018394670217656179,76.84657513114276,99.9005476704856,10.0,23.0,1.8394670217656178e-05,66.64897422470429
,,,,,195802.37704596436,41720.0,1.1531885656788718,150617.21311228,0.00018394670217656179,76.85883499015483,99.91648548720129,10.0,23.0,1.8394670217656178e-05,66.64897422470429
,,,,,195902.30946926828,41730.0,1.1533725123810483,150694.08420712917,0.00018394670217656179,76.87109484916692,99.932423303917,10.0,23.0,1.8394670217656178e-05,66.64897422470429
,,,,,196002.2578303889,41740.0,1.1535564590832248,150770.96756183734,0.00018394670217656179,76.883354708179,99.9483611206327,10.0,23.0,1.8394670217656178e-05,66.64897422470429
,,,,,196102.22212932626,41750.0,1.1537404057854013,150847.86317640453,0.00018394670217656179,76.89561456719107,99.9642989373484,10.0,23.0,1.8394670217656178e-05,66.64897422470429
,,,,,196202.2023660803,41760.0,1.1539243524875777,150924.77105083072,0.00018394670217656179,76.90787442620315,99.9802367540641,10.0,23.0,1.8394670217656178e-05,66.64897422470429
,,,,,196302.1985406511,41770.0,1.1541082991897542,151001.69118511592,0.00018394670217656179,76.92013428521524,99.99617457077981,10.0,23.0,1.8394670217656178e-05,66.64897422470429
,,,,,196402.21065303858,41780.0,1.1542922458919307,151078.62357926017,0.00018394670217656179,76.93239414422732,100.01211238749552,10.0,23.0,1.8394670217656178e-05,66.64897422470429
,,,,,196502.2387032428,41790.0,1.1544761925941072,151155.56823326342,0.00018394670217656179,76.94465400323939,100.02805020421121,10.0,23.0,1.8394670217656178e-05,66.64897422470429
,,,,,196602.2826912637,41800.0,1.1546601392962836,151232.52514712568,0.00018394670217656179,76.95691386225147,100.04398802092692,10.0,23.0,1.8394670217656178e-05,66.64897422470429
,,,,,196702.34261710136,41810.0,1.1548440859984601,151309.49432084695,0.00018394670217656179,76.96917372126356,100.05992583764262,10.0,23.0,1.8394670217656178e-05,66.64897422470429
,,,,,196802.4184807557,41820.0,1.1550280327006366,151386.47575442723,0.00018394670217656179,76.98143358027563,100.07586365435833,10.0,23.0,1.8394670217656178e-05,66.64897422470429
,,,,,196902.51028222678,41830.0,1.155211979402813,151463.46944786652,0.00018394670217656179,76.99369343928771,100.09180147107402,10.0,23.0,1.8394670217656178e-05,66.64897422470429
,,,,,197002.61802151456,41840.0,1.1553959261049895,151540.47540116482,0.00018394670217656179,77.00595329829979,100.10773928778973,10.0,23.0,1.8394670217656178e-05,66.64897422470429
,,,,,197102.74169861907,41850.0,1.155579872807166,151617.49361432213,0.00018394670217656179,77.01821315731186,100.12367710450542,10.0,23.0,1.8394670217656178e-05,66.64897422470429
,,,,,197202.88131354027,41860.0,1.1557638195093425,151694.52408733845,0.00018394670217656179,77.03047301632395,100.13961492122114,10.0,23.0,1.8394670217656178e-05,66.64897422470429
,,,,,197303.0368662782,41870.0,1.155947766211519,151771.56682021377,0.00018394670217656179,77.04273287533603,100.15555273793684,10.0,23.0,1.8394670217656178e-05,66.64897422470429
,,,,,197403.20835683285,41880.0,1.1561317129136954,151848.6218129481,0.00018394670217656179,77.0549927343481,100.17149055465254,10.0,23.0,1.8394670217656178e-05,66.64897422470429
,,,,,197503.39578520422,41890.0,1.156315659615872,151925.68906554146,0.00018394670217656179,77.06725259336018,100.18742837136824,10.0,23.0,1.8394670217656178e-05,66.64897422470429
,,,,,197603.5991513923,41900.0,1.1564996063180484,152002.76857799385,0.00018394670217656179,77.07951245237227,100.20336618808396,10.0,23.0,1.8394670217656178e-05,66.64897422470429
,,,,,197703.8184553971,41910.0,1.1566835530202249,152079.86035030524,0.00018394670217656179,77.09177231138435,100.21930400479965,10.0,23.0,1.8394670217656178e-05,66.64897422470429
,,,,,197804.0536972186,41920.0,1.1568674997224013,152156.96438247565,0.00018394670217656179,77.10403217039642,100.23524182151536,10.0,23.0,1.8394670217656178e-05,66.64897422470429
,,,,,197904.30487685683,41930.0,1.1570514464245778,152234.08067450506,0.00018394670217656179,77.1162920294085,100.25117963823105,10.0,23.0,1.8394670217656178e-05,66.64897422470429
,,,,,198004.57199431176,41940.0,1.1572353931267543,152311.2092263935,0.00018394670217656179,77.12855188842059,100.26711745494677,10.0,23.0,1.8394670217656178e-05,66.64897422470429
,,,,,198104.85504958342,41950.0,1.1574193398289307,152388.35003814092,0.00018394670217656179,77.14081174743266,100.28305527166246,10.0,23.0,1.8394670217656178e-05,66.64897422470429
,,,,,198205.1540426718,41960.0,1.1576032865311072,152465.50310974737,0.00018394670217656179,77.15307160644474,100.29899308837817,10.0,23.0,1.8394670217656178e-05,66.64897422470429
,,,,,198305.4689735769,41970.0,1.1577872332332837,152542.66844121282,0.00018394670217656179,77.16533146545682,100.31493090509386,10.0,23.0,1.8394670217656178e-05,66.64897422470429
,,,,,198405.79984229873,41980.0,1.1579711799354602,152619.8460325373,0.00018394670217656179,77.17759132446889,100.33086872180957,10.0,23.0,1.8394670217656178e-05,66.64897422470429
,,,,,198506.14664883725,41990.0,1.1581551266376366,152697.03588372076,0.00018394670217656179,77.18985118348098,100.34680653852529,10.0,23.0,1.8394670217656178e-05,66.64897422470429
,,,,,198606.5093931925,42000.0,1.1583390733398131,152774.23799476324,0.00018394670217656179,77.20211104249306,100.36274435524098,10.0,23.0,1.8394670217656178e-05,66.64897422470429
,,,,,198706.88807536446,42010.0,1.1585230200419896,152851.45236566474,0.00018394670217656179,77.21437090150513,100.37868217195668,10.0,23.0,1.8394670217656178e-05,66.64897422470429
,,,,,198807.28269535315,42020.0,1.158706966744166,152928.67899642527,0.00018394670217656179,77.22663076051721,100.39461998867237,10.0,23.0,1.8394670217656178e-05,66.64897422470429
,,,,,198907.69325315853,42030.0,1.1588909134463425,153005.9178870448,0.00018394670217656179,77.2388906195293,100.4105578053881,10.0,23.0,1.8394670217656178e-05,66.64897422470429
,,,,,199008.11974878065,42040.0,1.159074860148519,153083.16903752336,0.00018394670217656179,77.25115047854138,100.42649562210379,10.0,23.0,1.8394670217656178e-05,66.64897422470429
,,,,,199108.56218221947,42050.0,1.1592588068506955,153160.43244786092,0.00018394670217656179,77.26341033755345,100.44243343881949,10.0,23.0,1.8394670217656178e-05,66.64897422470429
,,,,,199209.020553475,42060.0,1.159442753552872,153237.7081180575,0.00018394670217656179,77.27567019656553,100.45837125553518,10.0,23.0,1.8394670217656178e-05,66.64897422470429
,,,,,199309.49486254726,42070.0,1.1596267002550484,153314.99604811307,0.00018394670217656179,77.2879300555776,100.47430907225089,10.0,23.0,1.8394670217656178e-05,66.64897422470429
,,,,,199409.98510943624,42080.0,1.159810646957225,153392.29623802766,0.00018394670217656179,77.3001899145897,100.49024688896661,10.0,23.0,1.8394670217656178e-05,66.64897422470429
,,,,,199510.49129414192,42090.0,1.1599945936594014,153469.60868780126,0.00018394670217656179,77.31244977360177,100.5061847056823,10.0,23.0,1.8394670217656178e-05,66.64897422470429
,,,,,199611.01341666433,42100.0,1.1601785403615779,153546.93339743387,0.00018394670217656179,77.32470963261385,100.522122522398,10.0,23.0,1.8394670217656178e-05,66.64897422470429
,,,,,199711.55147700344,42110.0,1.1603624870637543,153624.27036692548,0.00018394670217656179,77.33696949162592,100.5380603391137,10.0,23.0,1.8394670217656178e-05,66.64897422470429
,,,,,199812.10547515927,42120.0,1.1605464337659308,153701.6195962761,0.00018394670217656179,77.34922935063801,100.55399815582942,10.0,23.0,1.8394670217656178e-05,66.64897422470429
,,,,,199912.67541113182,42130.0,1.1607303804681073,153778.98108548575,0.00018394670217656179,77.36148920965009,100.56993597254512,10.0,23.0,1.8394670217656178e-05,66.64897422470429
,,,,,199971.3770480345,42140.0,1.1607634914905443,153824.1361907955,3.31110224370807e-05,45.15510530977014,58.70163690270119,10.0,88.0,3.3111022437080697e-06,38.90121083304073
,,,,,200030.08035941373,42150.0,1.1607966025129812,153869.29258416416,3.31110224370807e-05,45.15639336863486,58.70331137922532,10.0,88.0,3.3111022437080697e-06,38.90121083304073
,,,,,200088.78534526948,42160.0,1.1608297135354182,153914.45026559164,3.31110224370807e-05,45.157681427499575,58.70498585574945,10.0,88.0,3.3111022437080697e-06,38.90121083304073
,,,,,200147.49200560176,42170.0,1.1608628245578552,153959.609235078,3.31110224370807e-05,45.15896948636429,58.70666033227358,10.0,88.0,3.3111022437080697e-06,38.90121083304073
,,,,,200206.20034041055,42180.0,1.1608959355802921,154004.76949262325,3.31110224370807e-05,45.160257545229015,58.70833480879772,10.0,88.0,3.3111022437080697e-06,38.90121083304073
,,,,,200264.91034969589,42190.0,1.160929046602729,154049.93103822734,3.31110224370807e-05,45.16154560409373,58.71000928532185,10.0,88.0,3.3111022437080697e-06,38.90121083304073
,,,,,200323.62203345774,42200.0,1.160962157625166,154095.0938718903,3.31110224370807e-05,45.16283366295845,58.71168376184598,10.0,88.0,3.3111022437080697e-06,38.90121083304073
,,,,,200382.3353916961,42210.0,1.160995268647603,154140.25799361212,3.31110224370807e-05,45.164121721823165,58.71335823837011,10.0,88.0,3.3111022437080697e-06,38.90121083304073
,,,,,200441.050424411,42220.0,1.16102837967004,154185.4234033928,3.31110224370807e-05,45.16540978068789,58.71503271489426,10.0,88.0,3.3111022437080697e-06,38.90121083304073
,,,,,200499.76713160242,42230.0,1.161061490692477,154230.59010123237,3.31110224370807e-05,45.166697839552604,58.71670719141839,10.0,88.0,3.3111022437080697e-06,38.90121083304073
,,,,,200558.48551327037,42240.0,1.161094601714914,154275.7580871308,3.31110224370807e-05,45.16798589841732,58.718381667942516,10.0,88.0,3.3111022437080697e-06,38.90121083304073
,,,,,200617.20556941483,42250.0,1.161127712737351,154320.92736108808,3.31110224370807e-05,45.16927395728204,58.72005614446665,10.0,88.0,3.3111022437080697e-06,38.90121083304073
,,,,,200675.9273000358,42260.0,1.161160823759788,154366.09792310421,3.31110224370807e-05,45.17056201614676,58.72173062099079,10.0,88.0,3.3111022437080697e-06,38.90121083304073
,,,,,200734.65070513333,42270.0,1.1611939347822249,154411.26977317923,3.31110224370807e-05,45.17185007501148,58.72340509751492,10.0,88.0,3.3111022437080697e-06,38.90121083304073
,,,,,200793.37578470737,42280.0,1.1612270458046619,154456.44291131312,3.31110224370807e-05,45.17313813387619,58.72507957403905,10.0,88.0,3.3111022437080697e-06,38.90121083304073
,,,,,200852.10253875793,42290.0,1.1612601568270988,154501.61733750586,3.31110224370807e-05,45.17442619274091,58.72675405056319,10.0,88.0,3.3111022437080697e-06,38.90121083304073
,,,,,200910.83096728503,42300.0,1.1612932678495358,154546.79305175747,3.31110224370807e-05,45.17571425160563,58.728428527087324,10.0,88.0,3.3111022437080697e-06,38.90121083304073
,,,,,200969.56107028865,42310.0,1.1613263788719728,154591.97005406793,3.31110224370807e-05,45.17700231047035,58.730103003611454,10.0,88.0,3.3111022437080697e-06,38.90121083304073
,,,,,201028.29284776878,42320.0,1.1613594898944097,154637.14834443727,3.31110224370807e-05,45.178290369335066,58.73177748013559,10.0,88.0,3.3111022437080697e-06,38.90121083304073
,,,,,201087.02629972543,42330.0,1.1613926009168467,154682.32792286546,3.31110224370807e-05,45.17957842819978,58.73345195665972,10.0,88.0,3.3111022437080697e-06,38.90121083304073
,,,,,201145.76142615863,42340.0,1.1614257119392837,154727.50878935252,3.31110224370807e-05,45.180866487064506,58.73512643318386,10.0,88.0,3.3111022437080697e-06,38.90121083304073
,,,,,201204.49822706834,42350.0,1.1614588229617206,154772.69094389846,3.31110224370807e-05,45.18215454592922,58.73680090970799,10.0,88.0,3.3111022437080697e-06,38.90121083304073
,,,,,201263.23670245457,42360.0,1.1614919339841576,154817.87438650324,3.31110224370807e-05,45.18344260479394,58.738475386232125,10.0,88.0,3.3111022437080697e-06,38.90121083304073
,,,,,201321.9768523173,42370.0,1.1615250450065946,154863.0591171669,3.31110224370807e-05,45.184730663658655,58.740149862756255,10.0,88.0,3.3111022437080697e-06,38.90121083304073
,,,,,201380.7186766566,42380.0,1.1615581560290316,154908.24513588942,3.31110224370807e-05,45.18601872252338,58.74182433928039,10.0,88.0,3.3111022437080697e-06,38.90121083304073
,,,,,201439.4621754724,42390.0,1.1615912670514685,154953.4324426708,3.31110224370807e-05,45.187306781388095,58.74349881580453,10.0,88.0,3.3111022437080697e-06,38.90121083304073
,,,,,201498.20734876473,42400.0,1.1616243780739055,154998.62103751107,3.31110224370807e-05,45.18859484025281,58.74517329232866,10.0,88.0,3.3111022437080697e-06,38.90121083304073
,,,,,201556.9541965336,42410.0,1.1616574890963425,155043.81092041018,3.31110224370807e-05,45.18988289911753,58.74684776885279,10.0,88.0,3.3111022437080697e-06,38.90121083304073
,,,,,201615.70271877898,42420.0,1.1616906001187794,155089.00209136817,3.31110224370807e-05,45.19117095798225,58.748522245376925,10.0,88.0,3.3111022437080697e-06,38.90121083304073
,,,,,201674.45291550088,42430.0,1.1617237111412164,155134.194550385,3.31110224370807e-05,45.19245901684697,58.75019672190106,10.0,88.0,3.3111022437080697e-06,38.90121083304073
,,,,,201733.2047866993,42440.0,1.1617568221636534,155179.3882974607,3.31110224370807e-05,45.193747075711684,58.75187119842519,10.0,88.0,3.3111022437080697e-06,38.90121083304073
,,,,,201791.95833237426,42450.0,1.1617899331860904,155224.5833325953,3.31110224370807e-05,45.1950351345764,58.75354567494932,10.0,88.0,3.3111022437080697e-06,38.90121083304073
,,,,,201850.71355252573,42460.0,1.1618230442085273,155269.77965578873,3.31110224370807e-05,45.196323193441124,58.755220151473466,10.0,88.0,3.3111022437080697e-06,38.90121083304073
,,,,,201909.47044715373,42470.0,1.1618561552309643,155314.97726704105,3.31110224370807e-05,45.19761125230584,58.756894627997596,10.0,88.0,3.3111022437080697e-06,38.90121083304073
,,,,,201968.22901625824,42480.0,1.1618892662534013,155360.1761663522,3.31110224370807e-05,45.19889931117056,58.758569104521726,10.0,88.0,3.3111022437080697e-06,38.90121083304073
,,,,,202026.9892598393,42490.0,1.1619223772758382,155405.37635372224,3.31110224370807e-05,45.20018737003527,58.760243581045856,10.0,88.0,3.3111022437080697e-06,38.90121083304073
,,,,,202085.75117789686,42500.0,1.1619554882982752,155450.57782915115,3.31110224370807e-05,45.2014754289,58.76191805757,10.0,88.0,3.3111022437080697e-06,38.90121083304073
,,,,,202144.51477043095,42510.0,1.1619885993207122,155495.7805926389,3.31110224370807e-05,45.20276348776471,58.76359253409413,10.0,88.0,3.3111022437080697e-06,38.90121083304073
,,,,,202203.28003744158,42520.0,1.1620217103431492,155540.98464418555,3.31110224370807e-05,45.20405154662943,58.76526701061826,10.0,88.0,3.3111022437080697e-06,38.90121083304073
,,,,,202262.04697892873,42530.0,1.1620548213655861,155586.18998379103,3.31110224370807e-05,45.205339605494146,58.76694148714239,10.0,88.0,3.3111022437080697e-06,38.90121083304073
,,,,,202320.8155948924,42540.0,1.162087932388023,155631.3966114554,3.31110224370807e-05,45.20662766435887,58.768615963666534,10.0,88.0,3.3111022437080697e-06,38.90121083304073
,,,,,202379.58588533258,42550.0,1.16212104341046,155676.60452717863,3.31110224370807e-05,45.207915723223586,58.770290440190664,10.0,88.0,3.3111022437080697e-06,38.90121083304073
,,,,,202438.3578502493,42560.0,1.162154154432897,155721.8137309607,3.31110224370807e-05,45.2092037820883,58.77196491671479,10.0,88.0,3.3111022437080697e-06,38.90121083304073
,,,,,202497.13148964255,42570.0,1.162187265455334,155767.02422280167,3.31110224370807e-05,45.21049184095302,58.77363939323892,10.0,88.0,3.3111022437080697e-06,38.90121083304073
,,,,,202555.9068035123,42580.0,1.162220376477771,155812.23600270148,3.31110224370807e-05,45.21177989981774,58.77531386976307,10.0,88.0,3.3111022437080697e-06,38.90121083304073
,,,,,202614.68379185858,42590.0,1.162253487500208,155857.44907066016,3.31110224370807e-05,45.21306795868246,58.7769883462872,10.0,88.0,3.3111022437080697e-06,38.90121083304073
,,,,,202673.4624546814,42600.0,1.162286598522645,155902.66342667773,3.31110224370807e-05,45.214356017547175,58.77866282281133,10.0,88.0,3.3111022437080697e-06,38.90121083304073
,,,,,202732.24279198074,42610.0,1.162319709545082,155947.87907075413,3.31110224370807e-05,45.21564407641189,58.78033729933546,10.0,88.0,3.3111022437080697e-06,38.90121083304073
,,,,,202791.0248037566,42620.0,1.1623528205675189,155993.09600288942,3.31110224370807e-05,45.216932135276615,58.7820117758596,10.0,88.0,3.3111022437080697e-06,38.90121083304073
,,,,,202849.808490009,42630.0,1.1623859315899558,156038.31422308355,3.31110224370807e-05,45.21822019414133,58.78368625238373,10.0,88.0,3.3111022437080697e-06,38.90121083304073
,,,,,202908.5938507379,42640.0,1.1624190426123928,156083.53373133656,3.31110224370807e-05,45.21950825300605,58.78536072890786,10.0,88.0,3.3111022437080697e-06,38.90121083304073
,,,,,202967.38088594333,42650.0,1.1624521536348298,156128.75452764842,3.31110224370807e-05,45.220796311870764,58.787035205432,10.0,88.0,3.3111022437080697e-06,38.90121083304073
,,,,,203026.16959562528,42660.0,1.1624852646572668,156173.97661201915,3.31110224370807e-05,45.22208437073549,58.788709681956135,10.0,88.0,3.3111022437080697e-06,38.90121083304073
,,,,,203084.95997978377,42670.0,1.1625183756797037,156219.19998444876,3.31110224370807e-05,45.223372429600204,58.790384158480265,10.0,88.0,3.3111022437080697e-06,38.90121083304073
,,,,,203143.75203841878,42680.0,1.1625514867021407,156264.42464493721,3.31110224370807e-05,45.22466048846492,58.792058635004395,10.0,88.0,3.3111022437080697e-06,38.90121083304073
,,,,,203202.5457715303,42690.0,1.1625845977245777,156309.65059348455,3.31110224370807e-05,45.22594854732964,58.79373311152853,10.0,88.0,3.3111022437080697e-06,38.90121083304073
,,,,,203261.34117911835,42700.0,1.1626177087470146,156354.87783009073,3.31110224370807e-05,45.22723660619436,58.79540758805267,10.0,88.0,3.3111022437080697e-06,38.90121083304073
,,,,,203320.13826118293,42710.0,1.1626508197694516,156400.1063547558,3.31110224370807e-05,45.228524665059076,58.7970820645768,10.0,88.0,3.3111022437080697e-06,38.90121083304073
,,,,,203727.8764256729,42720.0,1.1627606792684895,156713.75109667116,0.00010985949903787331,313.6447419153573,407.7381644899645,10.0,33.0,1.0985949903787331e-05,269.74144164616575
,,,,,204135.65311392042,42730.0,1.1628705387675273,157027.42547224616,0.00010985949903787331,313.6743755750063,407.7766882475082,10.0,33.0,1.0985949903787331e-05,269.74144164616575
,,,,,204543.46832592547,42740.0,1.1629803982665652,157341.1294814808,0.00010985949903787331,313.7040092346553,407.81521200505193,10.0,33.0,1.0985949903787331e-05,269.74144164616575
,,,,,204951.32206168806,42750.0,1.163090257765603,157654.86312437512,0.00010985949903787331,313.7336428943043,407.8537357625956,10.0,33.0,1.0985949903787331e-05,269.74144164616575
,,,,,205359.2143212082,42760.0,1.163200117264641,157968.62640092906,0.00010985949903787331,313.7632765539533,407.8922595201393,10.0,33.0,1.0985949903787331e-05,269.74144164616575
,,,,,205767.14510448585,42770.0,1.1633099767636788,158282.41931114267,0.00010985949903787331,313.7929102136023,407.93078327768296,10.0,33.0,1.0985949903787331e-05,269.74144164616575
,,,,,206175.1144115211,42780.0,1.1634198362627166,158596.24185501592,0.00010985949903787331,313.8225438732513,407.9693070352267,10.0,33.0,1.0985949903787331e-05,269.74144164616575
,,,,,206583.12224231387,42790.0,1.1635296957617545,158910.09403254883,0.00010985949903787331,313.85217753290027,408.0078307927704,10.0,33.0,1.0985949903787331e-05,269.74144164616575
,,,,,206991.16859686418,42800.0,1.1636395552607923,159223.97584374138,0.00010985949903787331,313.88181119254926,408.04635455031405,10.0,33.0,1.0985949903787331e-05,269.74144164616575
,,,,,207399.25347517204,42810.0,1.1637494147598302,159537.88728859357,0.00010985949903787331,313.91144485219826,408.08487830785776,10.0,33.0,1.0985949903787331e-05,269.74144164616575
,,,,,207807.37687723743,42820.0,1.163859274258868,159851.82836710542,0.00010985949903787331,313.94107851184725,408.1234020654014,10.0,33.0,1.0985949903787331e-05,269.74144164616575
,,,,,208215.53880306036,42830.0,1.163969133757906,160165.7990792769,0.00010985949903787331,313.97071217149625,408.16192582294514,10.0,33.0,1.0985949903787331e-05,269.74144164616575
,,,,,208623.73925264087,42840.0,1.1640789932569438,160479.79942510807,0.00010985949903787331,314.0003458311453,408.2004495804889,10.0,33.0,1.0985949903787331e-05,269.74144164616575
,,,,,209031.9782259789,42850.0,1.1641888527559816,160793.82940459886,0.00010985949903787331,314.0299794907943,408.23897333803257,10.0,33.0,1.0985949903787331e-05,269.74144164616575
,,,,,209440.2557230745,42860.0,1.1642987122550195,161107.88901774932,0.00010985949903787331,314.0596131504433,408.2774970955763,10.0,33.0,1.0985949903787331e-05,269.74144164616575
,,,,,209848.5717439276,42870.0,1.1644085717540573,161421.9782645594,0.00010985949903787331,314.0892468100923,408.31602085312,10.0,33.0,1.0985949903787331e-05,269.74144164616575
,,,,,210256.92628853826,42880.0,1.1645184312530952,161736.09714502914,0.00010985949903787331,314.11888046974127,408.35454461066365,10.0,33.0,1.0985949903787331e-05,269.74144164616575
,,,,,210665.31935690646,42890.0,1.164628290752133,162050.24565915854,0.00010985949903787331,314.14851412939026,408.39306836820737,10.0,33.0,1.0985949903787331e-05,269.74144164616575
,,,,,211073.7509490322,42900.0,1.164738150251171,162364.42380694757,0.00010985949903787331,314.17814778903926,408.431592125751,10.0,33.0,1.0985949903787331e-05,269.74144164616575
,,,,,211482.2210649155,42910.0,1.1648480097502087,162678.63158839627,0.00010985949903787331,314.20778144868825,408.47011588329474,10.0,33.0,1.0985949903787331e-05,269.74144164616575
,,,,,211890.72970455635,42920.0,1.1649578692492466,162992.8690035046,0.00010985949903787331,314.23741510833725,408.50863964083845,10.0,33.0,1.0985949903787331e-05,269.74144164616575
,,,,,212299.27686795473,42930.0,1.1650677287482845,163307.1360522726,0.00010985949903787331,314.26704876798624,408.5471633983821,10.0,33.0,1.0985949903787331e-05,269.74144164616575
,,,,,212707.86255511065,42940.0,1.1651775882473223,163621.43273470024,0.00010985949903787331,314.29668242763523,408.5856871559258,10.0,33.0,1.0985949903787331e-05,269.74144164616575
,,,,,213116.4867660241,42950.0,1.1652874477463602,163935.7590507875,0.00010985949903787331,314.3263160872842,408.6242109134695,10.0,33.0,1.0985949903787331e-05,269.74144164616575
,,,,,213525.14950069512,42960.0,1.165397307245398,164250.11500053445,0.00010985949903787331,314.3559497469332,408.6627346710132,10.0,33.0,1.0985949903787331e-05,269.74144164616575
,,,,,213933.85075912368,42970.0,1.1655071667444359,164564.50058394103,0.00010985949903787331,314.3855834065822,408.7012584285569,10.0,33.0,1.0985949903787331e-05,269.74144164616575
,,,,,214342.5905413098,42980.0,1.1656170262434737,164878.91580100727,0.00010985949903787331,314.4152170662312,408.73978218610057,10.0,33.0,1.0985949903787331e-05,269.74144164616575
,,,,,214751.36884725344,42990.0,1.1657268857425116,165193.36065173315,0.00010985949903787331,314.4448507258802,408.7783059436443,10.0,33.0,1.0985949903787331e-05,269.74144164616575
,,,,,215160.18567695463,43000.0,1.1658367452415495,165507.83513611867,0.00010985949903787331,314.4744843855292,408.81682970118794,10.0,33.0,1.0985949903787331e-05,269.74144164616575
,,,,,215569.04103041335,43010.0,1.1659466047405873,165822.33925416385,0.00010985949903787331,314.50411804517825,408.8553534587317,10.0,33.0,1.0985949903787331e-05,269.74144164616575
,,,,,215977.93490762962,43020.0,1.1660564642396252,166136.87300586866,0.00010985949903787331,314.53375170482724,408.8938772162754,10.0,33.0,1.0985949903787331e-05,269.74144164616575
,,,,,216386.86730860343,43030.0,1.166166323738663,166451.43639123315,0.00010985949903787331,314.56338536447623,408.93240097381914,10.0,33.0,1.0985949903787331e-05,269.74144164616575
,,,,,216795.8382333348,43040.0,1.1662761832377009,166766.02941025727,0.00010985949903787331,314.5930190241252,408.9709247313628,10.0,33.0,1.0985949903787331e-05,269.74144164616575
,,,,,217204.8476818237,43050.0,1.1663860427367387,167080.65206294105,0.00010985949903787331,314.6226526837742,409.0094484889065,10.0,33.0,1.0985949903787331e-05,269.74144164616575
,,,,,217613.89565407016,43060.0,1.1664959022357766,167395.30434928447,0.00010985949903787331,314.6522863434232,409.0479722464502,10.0,33.0,1.0985949903787331e-05,269.74144164616575
,,,,,218022.98215007415,43070.0,1.1666057617348145,167709.98626928753,0.00010985949903787331,314.6819200030722,409.0864960039939,10.0,33.0,1.0985949903787331e-05,269.74144164616575
,,,,,218432.10716983568,43080.0,1.1667156212338523,168024.69782295026,0.00010985949903787331,314.7115536627212,409.1250197615376,10.0,33.0,1.0985949903787331e-05,269.74144164616575
,,,,,218841.27071335475,43090.0,1.1668254807328902,168339.43901027262,0.00010985949903787331,314.7411873223702,409.16354351908126,10.0,33.0,1.0985949903787331e-05,269.74144164616575
,,,,,219250.4727806314,43100.0,1.166935340231928,168654.20983125464,0.00010985949903787331,314.7708209820192,409.202067276625,10.0,33.0,1.0985949903787331e-05,269.74144164616575
,,,,,219659.71337166557,43110.0,1.1670451997309659,168969.0102858963,0.00010985949903787331,314.8004546416682,409.24059103416863,10.0,33.0,1.0985949903787331e-05,269.74144164616575
,,,,,220068.99248645728,43120.0,1.1671550592300037,169283.84037419764,0.00010985949903787331,314.8300883013172,409.27911479171235,10.0,33.0,1.0985949903787331e-05,269.74144164616575
,,,,,220231.79876799526,43130.0,1.167249025438834,169409.0759753807,9.396620883026356e-05,125.23560118306037,162.8062815379785,10.0,61.0,9.396620883026356e-06,107.29124501601304
,,,,,220394.61815581023,43140.0,1.167342991647664,169534.32165831528,9.396620883026356e-05,125.24568293459518,162.81938781497374,10.0,61.0,9.396620883026356e-06,107.29124501601304
,,,,,220557.4506499022,43150.0,1.1674369578564943,169659.5774230014,9.396620883026356e-05,125.25576468613001,162.832494091969,10.0,61.0,9.396620883026356e-06,107.29124501601304
,,,,,220720.29625027115,43160.0,1.1675309240653244,169784.84326943906,9.396620883026356e-05,125.26584643766483,162.84560036896428,10.0,61.0,9.396620883026356e-06,107.29124501601304
,,,,,220883.1549569171,43170.0,1.1676248902741546,169910.11919762826,9.396620883026356e-05,125.27592818919966,162.85870664595956,10.0,61.0,9.396620883026356e-06,107.29124501601304
,,,,,221046.02676984007,43180.0,1.1677188564829848,170035.40520756898,9.396620883026356e-05,125.28600994073449,162.87181292295483,10.0,61.0,9.396620883026356e-06,107.29124501601304
,,,,,221208.91168904002,43190.0,1.167812822691815,170160.70129926124,9.396620883026356e-05,125.29609169226931,162.8849191999501,10.0,61.0,9.396620883026356e-06,107.29124501601304
,,,,,221371.80971451697,43200.0,1.1679067889006451,170286.00747270504,9.396620883026356e-05,125.30617344380413,162.89802547694538,10.0,61.0,9.396620883026356e-06,107.29124501601304
,,,,,221534.7208462709,43210.0,1.1680007551094753,170411.32372790037,9.396620883026356e-05,125.31625519533895,162.91113175394065,10.0,61.0,9.396620883026356e-06,107.29124501601304
,,,,,221697.64508430185,43220.0,1.1680947213183055,170536.65006484723,9.396620883026356e-05,125.32633694687378,162.92423803093592,10.0,61.0,9.396620883026356e-06,107.29124501601304
,,,,,221860.58242860978,43230.0,1.1681886875271357,170661.98648354562,9.396620883026356e-05,125.33641869840861,162.9373443079312,10.0,61.0,9.396620883026356e-06,107.29124501601304
,,,,,222023.5328791947,43240.0,1.1682826537359658,170787.33298399555,9.396620883026356e-05,125.34650044994343,162.95045058492647,10.0,61.0,9.396620883026356e-06,107.29124501601304
,,,,,222186.49643605662,43250.0,1.168376619944796,170912.68956619702,9.396620883026356e-05,125.35658220147825,162.96355686192172,10.0,61.0,9.396620883026356e-06,107.29124501601304
,,,,,222349.47309919554,43260.0,1.1684705861536262,171038.05623015005,9.396620883026356e-05,125.36666395301307,162.976663138917,10.0,61.0,9.396620883026356e-06,107.29124501601304
,,,,,222512.46286861144,43270.0,1.1685645523624564,171163.4329758546,9.396620883026356e-05,125.3767457045479,162.98976941591226,10.0,61.0,9.396620883026356e-06,107.29124501601304
,,,,,222675.46574430435,43280.0,1.1686585185712866,171288.8198033107,9.396620883026356e-05,125.38682745608273,163.00287569290754,10.0,61.0,9.396620883026356e-06,107.29124501601304
,,,,,222838.48172627424,43290.0,1.1687524847801167,171414.21671251833,9.396620883026356e-05,125.39690920761755,163.01598196990284,10.0,61.0,9.396620883026356e-06,107.29124501601304
,,,,,223001.51081452114,43300.0,1.168846450988947,171539.6237034775,9.396620883026356e-05,125.40699095915238,163.0290882468981,10.0,61.0,9.396620883026356e-06,107.29124501601304
,,,,,223164.55300904505,43310.0,1.168940417197777,171665.0407761882,9.396620883026356e-05,125.4170727106872,163.04219452389336,10.0,61.0,9.396620883026356e-06,107.29124501601304
,,,,,223327.60830984593,43320.0,1.1690343834066073,171790.46793065043,9.396620883026356e-05,125.42715446222202,163.05530080088863,10.0,61.0,9.396620883026356e-06,107.29124501601304
,,,,,223475.89833103216,43330.0,1.1691629254463236,171904.53717771676,0.00012854203971635465,114.0692470663256,148.2900211862233,10.0,22.0,1.2854203971635464e-05,97.56488559777081
,,,,,223624.2046557646,43340.0,1.16929146748604,172018.61896597248,0.00012854203971635465,114.08178825572503,148.30632473244253,10.0,22.0,1.2854203971635464e-05,97.56488559777081
,,,,,223772.52728404326,43350.0,1.1694200095257563,172132.7132954176,0.00012854203971635465,114.09432944512447,148.32262827866182,10.0,22.0,1.2854203971635464e-05,97.56488559777081
,,,,,223920.86621586815,43360.0,1.1695485515654727,172246.82016605212,0.00012854203971635465,114.1068706345239,148.3389318248811,10.0,22.0,1.2854203971635464e-05,97.56488559777081
,,,,,224069.22145123925,43370.0,1.169677093605189,172360.93957787604,0.00012854203971635465,114.11941182392333,148.35523537110032,10.0,22.0,1.2854203971635464e-05,97.56488559777081
,,,,,224217.59299015658,43380.0,1.1698056356449054,172475.07153088937,0.00012854203971635465,114.13195301332276,148.37153891731958,10.0,22.0,1.2854203971635464e-05,97.56488559777081
,,,,,224365.98083262012,43390.0,1.1699341776846217,172589.2160250921,0.00012854203971635465,114.14449420272219,148.38784246353885,10.0,22.0,1.2854203971635464e-05,97.56488559777081
,,,,,224514.38497862988,43400.0,1.170062719724338,172703.3730604842,0.00012854203971635465,114.15703539212161,148.4041460097581,10.0,22.0,1.2854203971635464e-05,97.56488559777081
,,,,,224662.80542818585,43410.0,1.1701912617640544,172817.54263706572,0.00012854203971635465,114.16957658152104,148.42044955597737,10.0,22.0,1.2854203971635464e-05,97.56488559777081
,,,,,224811.24218128805,43420.0,1.1703198038037708,172931.72475483664,0.00012854203971635465,114.18211777092047,148.4367531021966,10.0,22.0,1.2854203971635464e-05,97.56488559777081
,,,,,224959.69523793645,43430.0,1.1704483458434871,173045.91941379698,0.00012854203971635465,114.1946589603199,148.45305664841587,10.0,22.0,1.2854203971635464e-05,97.56488559777081
,,,,,225108.1645981311,43440.0,1.1705768878832035,173160.1266139467,0.00012854203971635465,114.20720014971934,148.46936019463516,10.0,22.0,1.2854203971635464e-05,97.56488559777081
,,,,,225256.65026187195,43450.0,1.1707054299229198,173274.34635528582,0.00012854203971635465,114.21974133911877,148.4856637408544,10.0,22.0,1.2854203971635464e-05,97.56488559777081
,,,,,225405.15222915902,43460.0,1.1708339719626362,173388.57863781432,0.00012854203971635465,114.2322825285182,148.50196728707365,10.0,22.0,1.2854203971635464e-05,97.56488559777081
,,,,,225553.67049999232,43470.0,1.1709625140023525,173502.82346153224,0.00012854203971635465,114.24482371791763,148.51827083329292,10.0,22.0,1.2854203971635464e-05,97.56488559777081
,,,,,225702.20507437183,43480.0,1.1710910560420689,173617.08082643957,0.00012854203971635465,114.25736490731705,148.53457437951218,10.0,22.0,1.2854203971635464e-05,97.56488559777081
,,,,,225850.75595229756,43490.0,1.1712195980817852,173731.3507325363,0.00012854203971635465,114.26990609671648,148.55087792573144,10.0,22.0,1.2854203971635464e-05,97.56488559777081
,,,,,225999.3231337695,43500.0,1.1713481401215016,173845.6331798224,0.00012854203971635465,114.28244728611591,148.56718147195068,10.0,22.0,1.2854203971635464e-05,97.56488559777081
,,,,,226147.90661878767,43510.0,1.171476682161218,173959.92816829792,0.00012854203971635465,114.29498847551534,148.58348501816994,10.0,22.0,1.2854203971635464e-05,97.56488559777081
,,,,,226296.50640735208,43520.0,1.1716052242009343,174074.23569796284,0.00012854203971635465,114.30752966491477,148.5997885643892,10.0,22.0,1.2854203971635464e-05,97.56488559777081
,,,,,226445.12249946268,43530.0,1.1717337662406506,174188.55576881714,0.00012854203971635465,114.32007085431421,148.6160921106085,10.0,22.0,1.2854203971635464e-05,97.56488559777081
,,,,,226593.75489511952,43540.0,1.171862308280367,174302.88838086085,0.00012854203971635465,114.33261204371364,148.63239565682773,10.0,22.0,1.2854203971635464e-05,97.56488559777081
,,,,,226742.40359432256,43550.0,1.1719908503200833,174417.23353409398,0.00012854203971635465,114.34515323311307,148.648699203047,10.0,22.0,1.2854203971635464e-05,97.56488559777081
,,,,,227153.40354129928,43560.0,1.1720624144265515,174733.3873394607,7.156410646824169e-05,316.15380536670375,410.9999469767149,10.0,58.0,7.156410646824169e-06,269.74144164616575
,,,,,227564.42858322282,43570.0,1.1721339785330196,175049.56044863263,7.156410646824169e-05,316.1731091719526,411.0250419235384,10.0,58.0,7.156410646824169e-06,269.74144164616575
,,,,,227975.47872009318,43580.0,1.1722055426394877,175365.75286160983,7.156410646824169e-05,316.19241297720146,411.0501368703619,10.0,58.0,7.156410646824169e-06,269.74144164616575
,,,,,228386.55395191035,43590.0,1.1722771067459559,175681.96457839228,7.156410646824169e-05,316.21171678245025,411.07523181718534,10.0,58.0,7.156410646824169e-06,269.74144164616575
,,,,,228797.65427867437,43600.0,1.172348670852424,175998.19559897998,7.156410646824169e-05,316.2310205876991,411.10032676400886,10.0,58.0,7.156410646824169e-06,269.74144164616575
,,,,,229208.7797003852,43610.0,1.1724202349588921,176314.44592337293,7.156410646824169e-05,316.25032439294796,411.12542171083237,10.0,58.0,7.156410646824169e-06,269.74144164616575
,,,,,229619.93021704286,43620.0,1.1724917990653603,176630.71555157113,7.156410646824169e-05,316.26962819819676,411.15051665765577,10.0,58.0,7.156410646824169e-06,269.74144164616575
,,,,,230031.10582864733,43630.0,1.1725633631718284,176947.0044835746,7.156410646824169e-05,316.2889320034456,411.1756116044793,10.0,58.0,7.156410646824169e-06,269.74144164616575
,,,,,230442.30653519864,43640.0,1.1726349272782965,177263.31271938328,7.156410646824169e-05,316.30823580869446,411.2007065513028,10.0,58.0,7.156410646824169e-06,269.74144164616575
,,,,,230853.53233669678,43650.0,1.1727064913847647,177579.6402589972,7.156410646824169e-05,316.32753961394326,411.22580149812626,10.0,58.0,7.156410646824169e-06,269.74144164616575
,,,,,231264.78323314173,43660.0,1.1727780554912328,177895.9871024164,7.156410646824169e-05,316.3468434191921,411.2508964449498,10.0,58.0,7.156410646824169e-06,269.74144164616575
,,,,,231676.0592245335,43670.0,1.172849619597701,178212.35324964084,7.156410646824169e-05,316.36614722444097,411.2759913917733,10.0,58.0,7.156410646824169e-06,269.74144164616575
,,,,,232087.36031087209,43680.0,1.172921183704169,178528.73870067054,7.156410646824169e-05,316.38545102968976,411.3010863385967,10.0,58.0,7.156410646824169e-06,269.74144164616575
,,,,,232498.68649215752,43690.0,1.1729927478106372,178845.1434555055,7.156410646824169e-05,316.4047548349386,411.3261812854202,10.0,58.0,7.156410646824169e-06,269.74144164616575
,,,,,232910.03776838977,43700.0,1.1730643119171054,179161.5675141457,7.156410646824169e-05,316.42405864018747,411.3512762322437,10.0,58.0,7.156410646824169e-06,269.74144164616575
,,,,,233019.06518891334,43710.0,1.173243582547997,179245.43476070228,0.00017927063089160367,83.86724655660115,109.0274205235815,10.0,29.0,1.7927063089160367e-05,71.48323485772842
,,,,,233128.10926873493,43720.0,1.1734228531788886,179329.31482210348,0.00017927063089160367,83.88006140121227,109.04407982157596,10.0,29.0,1.7927063089160367e-05,71.48323485772842
,,,,,233237.1700078545,43730.0,1.1736021238097802,179413.2076983493,0.00017927063089160367,83.89287624582339,109.06073911957041,10.0,29.0,1.7927063089160367e-05,71.48323485772842
,,,,,233346.24740627207,43740.0,1.1737813944406719,179497.11338943974,0.00017927063089160367,83.9056910904345,109.07739841756485,10.0,29.0,1.7927063089160367e-05,71.48323485772842
,,,,,233455.34146398763,43750.0,1.1739606650715635,179581.0318953748,0.00017927063089160367,83.91850593504563,109.09405771555932,10.0,29.0,1.7927063089160367e-05,71.48323485772842
,,,,,233564.4521810012,43760.0,1.1741399357024551,179664.96321615446,0.00017927063089160367,83.93132077965674,109.11071701355377,10.0,29.0,1.7927063089160367e-05,71.48323485772842
,,,,,233673.57955731274,43770.0,1.1743192063333467,179748.90735177873,0.00017927063089160367,83.94413562426786,109.12737631154822,10.0,29.0,1.7927063089160367e-05,71.48323485772842
,,,,,233782.7235929223,43780.0,1.1744984769642384,179832.86430224762,0.00017927063089160367,83.95695046887899,109.14403560954268,10.0,29.0,1.7927063089160367e-05,71.48323485772842
,,,,,233891.88428782983,43790.0,1.17467774759513,179916.8340675611,0.00017927063089160367,83.9697653134901,109.16069490753713,10.0,29.0,1.7927063089160367e-05,71.48323485772842
,,,,,234001.06164203538,43800.0,1.1748570182260216,180000.8166477192,0.00017927063089160367,83.98258015810123,109.1773542055316,10.0,29.0,1.7927063089160367e-05,71.48323485772842
,,,,,234132.5415855413,43810.0,1.174891921722084,180101.9550658007,3.490349606228937e-05,101.13841808148658,131.47994350593257,10.0,15.0,3.4903496062289374e-06,86.08316749105241
,,,,,234264.02543503177,43820.0,1.1749268252181462,180203.09648848567,3.490349606228937e-05,101.14142268498414,131.48384949047937,10.0,15.0,3.4903496062289374e-06,86.08316749105241
,,,,,234395.51319050678,43830.0,1.1749617287142085,180304.24091577413,3.490349606228937e-05,101.14442728848168,131.48775547502618,10.0,15.0,3.4903496062289374e-06,86.08316749105241
,,,,,234527.00485196637,43840.0,1.1749966322102707,180405.38834766613,3.490349606228937e-05,101.14743189197924,131.491661459573,10.0,15.0,3.4903496062289374e-06,86.08316749105241
,,,,,234658.5004194105,43850.0,1.175031535706333,180506.53878416162,3.490349606228937e-05,101.1504364954768,131.49556744411984,10.0,15.0,3.4903496062289374e-06,86.08316749105241
,,,,,234789.99989283917,43860.0,1.1750664392023953,180607.6922252606,3.490349606228937e-05,101.15344109897434,131.49947342866665,10.0,15.0,3.4903496062289374e-06,86.08316749105241
,,,,,234921.5032722524,43870.0,1.1751013426984576,180708.84867096308,3.490349606228937e-05,101.1564457024719,131.50337941321348,10.0,15.0,3.4903496062289374e-06,86.08316749105241
,,,,,235053.01055765015,43880.0,1.1751362461945198,180810.00812126906,3.490349606228937e-05,101.15945030596944,131.50728539776028,10.0,15.0,3.4903496062289374e-06,86.08316749105241
,,,,,235184.52174903246,43890.0,1.1751711496905821,180911.17057617853,3.490349606228937e-05,101.162454909467,131.51119138230712,10.0,15.0,3.4903496062289374e-06,86.08316749105241
,,,,,235316.0368463993,43900.0,1.1752060531866444,181012.3360356915,3.490349606228937e-05,101.16545951296456,131.51509736685392,10.0,15.0,3.4903496062289374e-06,86.08316749105241
,,,,,235447.5558497507,43910.0,1.1752409566827067,181113.50449980795,3.490349606228937e-05,101.1684641164621,131.51900335140073,10.0,15.0,3.4903496062289374e-06,86.08316749105241
,,,,,235579.07875908664,43920.0,1.175275860178769,181214.6759685279,3.490349606228937e-05,101.17146871995966,131.52290933594756,10.0,15.0,3.4903496062289374e-06,86.08316749105241
,,,,,235710.60557440712,43930.0,1.1753107636748312,181315.85044185136,3.490349606228937e-05,101.1744733234572,131.52681532049436,10.0,15.0,3.4903496062289374e-06,86.08316749105241
,,,,,235842.13629571217,43940.0,1.1753456671708935,181417.0279197783,3.490349606228937e-05,101.17747792695477,131.5307213050412,10.0,15.0,3.4903496062289374e-06,86.08316749105241
,,,,,235973.67092300177,43950.0,1.1753805706669558,181518.20840230875,3.490349606228937e-05,101.18048253045231,131.534627289588,10.0,15.0,3.4903496062289374e-06,86.08316749105241
,,,,,236105.20945627592,43960.0,1.175415474163018,181619.3918894427,3.490349606228937e-05,101.18348713394987,131.53853327413483,10.0,15.0,3.4903496062289374e-06,86.08316749105241
,,,,,236236.7518955346,43970.0,1.1754503776590803,181720.57838118012,3.490349606228937e-05,101.18649173744743,131.54243925868167,10.0,15.0,3.4903496062289374e-06,86.08316749105241
,,,,,236368.29824077783,43980.0,1.1754852811551426,181821.76787752108,3.490349606228937e-05,101.18949634094497,131.54634524322847,10.0,15.0,3.4903496062289374e-06,86.08316749105241
,,,,,236499.8484920056,43990.0,1.175520184651205,181922.96037846553,3.490349606228937e-05,101.19250094444253,131.5502512277753,10.0,15.0,3.4903496062289374e-06,86.08316749105241
,,,,,236631.40264921793,44000.0,1.1755550881472672,182024.15588401348,3.490349606228937e-05,101.19550554794007,131.5541572123221,10.0,15.0,3.4903496062289374e-06,86.08316749105241
,,,,,236762.9607124148,44010.0,1.1755899916433294,182125.35439416493,3.490349606228937e-05,101.19851015143763,131.55806319686891,10.0,15.0,3.4903496062289374e-06,86.08316749105241
,,,,,236894.5226815962,44020.0,1.1756248951393917,182226.55590891987,3.490349606228937e-05,101.20151475493518,131.56196918141572,10.0,15.0,3.4903496062289374e-06,86.08316749105241
,,,,,236950.5706154599,44030.0,1.1757173633545626,182269.66970419965,9.24682151708503e-05,43.11379527977582,56.04793386370857,10.0,62.0,9.24682151708503e-06,36.670203761185704
,,,,,237006.6229574004,44040.0,1.1758098315697334,182312.78689030773,9.24682151708503e-05,43.117186108067564,56.052341940487835,10.0,62.0,9.24682151708503e-06,36.670203761185704
,,,,,237062.67970741767,44050.0,1.1759022997849042,182355.9074672441,9.24682151708503e-05,43.12057693635931,56.056750017267106,10.0,62.0,9.24682151708503e-06,36.670203761185704
,,,,,237118.74086551173,44060.0,1.175994768000075,182399.03143500874,9.24682151708503e-05,43.12396776465106,56.061158094046384,10.0,62.0,9.24682151708503e-06,36.670203761185704
,,,,,237174.80643168255,44070.0,1.176087236215246,182442.15879360167,9.24682151708503e-05,43.12735859294281,56.065566170825655,10.0,62.0,9.24682151708503e-06,36.670203761185704
,,,,,237230.87640593015,44080.0,1.1761797044304168,182485.2895430229,9.24682151708503e-05,43.130749421234555,56.069974247604925,10.0,62.0,9.24682151708503e-06,36.670203761185704
,,,,,237286.95078825453,44090.0,1.1762721726455876,182528.4236832724,9.24682151708503e-05,43.134140249526304,56.074382324384196,10.0,62.0,9.24682151708503e-06,36.670203761185704
,,,,,237343.0295786557,44100.0,1.1763646408607584,182571.56121435022,9.24682151708503e-05,43.13753107781805,56.078790401163474,10.0,62.0,9.24682151708503e-06,36.670203761185704
,,,,,237399.11277713365,44110.0,1.1764571090759293,182614.70213625632,9.24682151708503e-05,43.1409219061098,56.083198477942744,10.0,62.0,9.24682151708503e-06,36.670203761185704
,,,,,237455.20038368838,44120.0,1.1765495772911,182657.84644899072,9.24682151708503e-05,43.14431273440155,56.08760655472202,10.0,62.0,9.24682151708503e-06,36.670203761185704
,,,,,237511.29239831987,44130.0,1.176642045506271,182700.9941525534,9.24682151708503e-05,43.147703562693295,56.092014631501286,10.0,62.0,9.24682151708503e-06,36.670203761185704
,,,,,237567.38882102814,44140.0,1.1767345137214418,182744.1452469444,9.24682151708503e-05,43.151094390985044,56.096422708280556,10.0,62.0,9.24682151708503e-06,36.670203761185704
,,,,,237623.4896518132,44150.0,1.1768269819366126,182787.29973216366,9.24682151708503e-05,43.15448521927679,56.100830785059834,10.0,62.0,9.24682151708503e-06,36.670203761185704
,,,,,237679.59489067504,44160.0,1.1769194501517835,182830.45760821123,9.24682151708503e-05,43.15787604756854,56.105238861839105,10.0,62.0,9.24682151708503e-06,36.670203761185704
,,,,,237735.70453761367,44170.0,1.1770119183669543,182873.6188750871,9.24682151708503e-05,43.161266875860285,56.109646938618376,10.0,62.0,9.24682151708503e-06,36.670203761185704
,,,,,237791.81859262908,44180.0,1.1771043865821251,182916.78353279125,9.24682151708503e-05,43.164657704152035,56.114055015397646,10.0,62.0,9.24682151708503e-06,36.670203761185704
,,,,,237847.93705572124,44200.0,1.177196854797296,182959.9515813237,9.24682151708503e-05,43.168048532443784,56.118463092176924,10.0,62.0,9.24682151708503e-06,36.670203761185704
,,,,,237904.0599268902,44210.0,1.1772893230124668,183003.12302068443,9.24682151708503e-05,43.17143936073553,56.122871168956195,10.0,62.0,9.24682151708503e-06,36.670203761185704
,,,,,237960.18720613592,44220.0,1.1773817912276376,183046.29785087347,9.24682151708503e-05,43.174830189027276,56.12727924573546,10.0,62.0,9.24682151708503e-06,36.670203761185704
,,,,,238016.31889345843,44230.0,1.1774742594428085,183089.4760718908,9.24682151708503e-05,43.178221017319025,56.131687322514736,10.0,62.0,9.24682151708503e-06,36.670203761185704
,,,,,238072.45498885773,44240.0,1.1775667276579793,183132.6576837364,9.24682151708503e-05,43.181611845610774,56.13609539929401,10.0,62.0,9.24682151708503e-06,36.670203761185704
,,,,,238128.5954923338,44250.0,1.1776591958731502,183175.84268641032,9.24682151708503e-05,43.185002673902524,56.140503476073285,10.0,62.0,9.24682151708503e-06,36.670203761185704
,,,,,238184.74040388668,44260.0,1.177751664088321,183219.03107991253,9.24682151708503e-05,43.18839350219427,56.144911552852555,10.0,62.0,9.24682151708503e-06,36.670203761185704
,,,,,238240.8897235163,44270.0,1.1778441323034918,183262.22286424303,9.24682151708503e-05,43.191784330486016,56.14931962963182,10.0,62.0,9.24682151708503e-06,36.670203761185704
,,,,,238587.05240741876,44280.0,1.1780288678068433,183528.5018518603,0.0001847355033514546,266.2789876172672,346.1626839024474,10.0,100.0,1.847355033514546e-05,226.03774397566625
,,,,,238933.26937567652,44290.0,1.1782136033101949,183794.82259667397,0.0001847355033514546,266.32074481367704,346.21696825778014,10.0,100.0,1.847355033514546e-05,226.03774397566625
,,,,,239279.54062828963,44300.0,1.1783983388135464,184061.18509868404,0.0001847355033514546,266.3625020100868,346.2712526131129,10.0,100.0,1.847355033514546e-05,226.03774397566625
,,,,,239625.86616525808,44310.0,1.178583074316898,184327.58935789054,0.0001847355033514546,266.4042592064966,346.3255369684456,10.0,100.0,1.847355033514546e-05,226.03774397566625
,,,,,239972.24598658187,44320.0,1.1787678098202494,184594.03537429345,0.0001847355033514546,266.44601640290637,346.3798213237783,10.0,100.0,1.847355033514546e-05,226.03774397566625
,,,,,240318.68009226097,44330.0,1.178952545323601,184860.52314789276,0.0001847355033514546,266.48777359931614,346.434105679111,10.0,100.0,1.847355033514546e-05,226.03774397566625
,,,,,240665.1684822954,44340.0,1.1791372808269525,185127.0526786885,0.0001847355033514546,266.529530795726,346.4883900344438,10.0,100.0,1.847355033514546e-05,226.03774397566625
,,,,,241011.7111566852,44350.0,1.179322016330304,185393.62396668064,0.0001847355033514546,266.57128799213575,346.5426743897765,10.0,100.0,1.847355033514546e-05,226.03774397566625
,,,,,241360.95088269195,44360.0,1.179463084916964,185662.26990976275,0.00014106858666007688,268.64594308212247,349.2397260067592,10.0,90.0,1.4106858666007687e-05,227.76969158050042
,,,,,241710.23237919173,44370.0,1.1796041535036241,185930.94798399333,0.00014106858666007688,268.67807423059776,349.2814964997771,10.0,90.0,1.4106858666007687e-05,227.76969158050042
,,,,,242059.5556461845,44380.0,1.1797452220902842,186199.6581893724,0.00014106858666007688,268.710205379073,349.3232669927949,10.0,90.0,1.4106858666007687e-05,227.76969158050042
,,,,,242408.92068367032,44390.0,1.1798862906769443,186468.40052589995,0.00014106858666007688,268.7423365275483,349.36503748581276,10.0,90.0,1.4106858666007687e-05,227.76969158050042
,,,,,242758.32749164916,44400.0,1.1800273592636044,186737.174993576,0.00014106858666007688,268.7744676760235,349.40680797883056,10.0,90.0,1.4106858666007687e-05,227.76969158050042
,,,,,243107.776070121,44410.0,1.1801684278502644,187005.9815924005,0.00014106858666007688,268.8065988244988,349.44857847184846,10.0,90.0,1.4106858666007687e-05,227.76969158050042
,,,,,243457.26641908588,44420.0,1.1803094964369245,187274.82032237347,0.00014106858666007688,268.8387299729741,349.4903489648663,10.0,90.0,1.4106858666007687e-05,227.76969158050042
,,,,,243806.79853854375,44430.0,1.1804505650235846,187543.69118349493,0.00014106858666007688,268.8708611214493,349.5321194578841,10.0,90.0,1.4106858666007687e-05,227.76969158050042
,,,,,244044.57221265408,44440.0,1.1805847567309027,187726.59400973364,0.00013419170731805382,182.90282623872213,237.77367411033876,10.0,89.0,1.3419170731805382e-05,154.92562071120506
,,,,,244282.37291341805,44450.0,1.1807189484382208,187909.51762570592,0.00013419170731805382,182.92361597227267,237.80070076395447,10.0,89.0,1.3419170731805382e-05,154.92562071120506
,,,,,244520.20064083562,44460.0,1.1808531401455389,188092.46203141173,0.00013419170731805382,182.94440570582321,237.82772741757017,10.0,89.0,1.3419170731805382e-05,154.92562071120506
,,,,,244758.0553949068,44470.0,1.180987331852857,188275.4272268511,0.00013419170731805382,182.9651954393738,237.85475407118594,10.0,89.0,1.3419170731805382e-05,154.92562071120506
,,,,,244995.9371756316,44480.0,1.181121523560175,188458.41321202402,0.00013419170731805382,182.98598517292433,237.88178072480164,10.0,89.0,1.3419170731805382e-05,154.92562071120506
,,,,,245233.84598301002,44490.0,1.1812557152674932,188641.4199869305,0.00013419170731805382,183.00677490647487,237.90880737841735,10.0,89.0,1.3419170731805382e-05,154.92562071120506
,,,,,245403.7664005536,44500.0,1.1814869373127244,188772.12800042555,0.00023122204523115796,130.70801349506226,169.92041754358095,10.0,93.0,2.3122204523115796e-05,110.63009616708571
,,,,,245573.72007224942,44510.0,1.1817181593579555,188902.8615940377,0.00023122204523115796,130.73359361216214,169.95367169581078,10.0,93.0,2.3122204523115796e-05,110.63009616708571
,,,,,245743.70699809745,44520.0,1.1819493814031867,189033.62076776696,0.00023122204523115796,130.75917372926202,169.98692584804064,10.0,93.0,2.3122204523115796e-05,110.63009616708571
,,,,,245904.2483127956,44610.0,1.1824223174191375,189157.11408676553,0.00047293601595078385,123.4933189985641,160.54131469813333,10.0,16.0,4.729360159507838e-05,104.4409574982582
,,,,,246064.85383955116,44620.0,1.1828952534350883,189280.65679965445,0.00047293601595078385,123.54271288890541,160.60552675557705,10.0,16.0,4.729360159507838e-05,104.4409574982582
,,,,,246183.9130421211,44630.0,1.1832729051989248,189372.24080163133,0.0003776517638364401,91.58400197688482,119.05920256995027,10.0,18.0,3.7765176383644014e-05,77.39888370171737
,,,,,246303.01024346348,44640.0,1.1836505569627613,189463.85403343316,0.0003776517638364401,91.61323180183375,119.09720134238388,10.0,18.0,3.7765176383644014e-05,77.39888370171737
,,,,,246422.14544357828,44650.0,1.1840282087265979,189555.49649505995,0.0003776517638364401,91.64246162678269,119.13520011481751,10.0,18.0,3.7765176383644014e-05,77.39888370171737
,,,,,246541.31864246554,44660.0,1.1844058604904344,189647.1681865117,0.0003776517638364401,91.67169145173162,119.1731988872511,10.0,18.0,3.7765176383644014e-05,77.39888370171737
,,,,,246660.52984012524,44670.0,1.184783512254271,189738.86910778837,0.0003776517638364401,91.70092127668055,119.21119765968471,10.0,18.0,3.7765176383644014e-05,77.39888370171737
,,,,,246779.77903655736,44680.0,1.1851611640181074,189830.59925889,0.0003776517638364401,91.73015110162947,119.24919643211832,10.0,18.0,3.7765176383644014e-05,77.39888370171737
,,,,,246899.0662317619,44690.0,1.185538815781944,189922.35863981658,0.0003776517638364401,91.75938092657842,119.28719520455195,10.0,18.0,3.7765176383644014e-05,77.39888370171737
,,,,,247018.3914257389,44700.0,1.1859164675457805,190014.14725056812,0.0003776517638364401,91.78861075152734,119.32519397698555,10.0,18.0,3.7765176383644014e-05,77.39888370171737
,,,,,247137.7546184883,44710.0,1.186294119309617,190105.96509114458,0.0003776517638364401,91.81784057647627,119.36319274941916,10.0,18.0,3.7765176383644014e-05,77.39888370171737
,,,,,247257.15581001015,44720.0,1.1866717710734536,190197.812161546,0.0003776517638364401,91.84707040142521,119.40119152185278,10.0,18.0,3.7765176383644014e-05,77.39888370171737
,,,,,247376.59500030443,44730.0,1.18704942283729,190289.68846177237,0.0003776517638364401,91.87630022637414,119.43919029428639,10.0,18.0,3.7765176383644014e-05,77.39888370171737
,,,,,247496.07218937116,44740.0,1.1874270746011266,190381.5939918237,0.0003776517638364401,91.90553005132307,119.47718906671999,10.0,18.0,3.7765176383644014e-05,77.39888370171737
,,,,,247615.58737721032,44750.0,1.1878047263649631,190473.52875169998,0.0003776517638364401,91.934759876272,119.5151878391536,10.0,18.0,3.7765176383644014e-05,77.39888370171737
,,,,,247649.2985259637,44760.0,1.1883565664714928,190499.4604045872,0.0005518401065296853,25.931652887218096,33.711148753383526,10.0,32.0,5.518401065296853e-05,21.821441155675362
,,,,,247683.02532924744,44770.0,1.1889084065780224,190525.40409942085,0.0005518401065296853,25.943694833630076,33.7268032837191,10.0,32.0,5.518401065296853e-05,21.821441155675362
,,,,,247716.7677870615,44800.0,1.189460246684552,190551.3598362009,0.0005518401065296853,25.955736780042052,33.74245781405467,10.0,32.0,5.518401065296853e-05,21.821441155675362
,,,,,247750.52589940588,44810.0,1.1900120867910817,190577.32761492734,0.0005518401065296853,25.967778726454032,33.75811234439024,10.0,32.0,5.518401065296853e-05,21.821441155675362
,,,,,247784.2996662806,44820.0,1.1905639268976114,190603.3074356002,0.0005518401065296853,25.979820672866012,33.773766874725816,10.0,32.0,5.518401065296853e-05,21.821441155675362
,,,,,247937.95692415442,45470.0,1.1908358385664906,190721.50532627237,0.0002719116688792837,118.19789067217752,153.6572578738308,10.0,24.0,2.719116688792837e-05,99.25624241747904
,,,,,247960.81830636866,45500.0,1.191020689341927,190739.0910048987,0.00018485077543650718,17.585678626343164,22.861382214246113,10.0,86.0,1.8485077543650717e-05,14.765216745361286
,,,,,247983.6832367532,45510.0,1.1912055401173636,190756.67941288682,0.00018485077543650718,17.58840798810803,22.86493038454044,10.0,86.0,1.8485077543650717e-05,14.765216745361286
,,,,,248006.551715308,45520.0,1.1913903908928,190774.2705502367,0.00018485077543650718,17.5911373498729,22.86847855483477,10.0,86.0,1.8485077543650717e-05,14.765216745361286
,,,,,248275.2034227582,45530.0,1.1915189118534766,190980.92570981375,0.00012852096067656637,206.65515957706026,268.6517074501783,10.0,37.0,1.2852096067656636e-05,173.43842176671473
,,,,,248543.88410782273,45540.0,1.191647432814153,191187.60315986339,0.00012852096067656637,206.67745004964394,268.6806850645371,10.0,37.0,1.2852096067656636e-05,173.43842176671473
,,,,,248812.5937705016,45550.0,1.1917759537748296,191394.3029003856,0.00012852096067656637,206.69974052222761,268.7096626788959,10.0,37.0,1.2852096067656636e-05,173.43842176671473
,,,,,248997.26711460977,45560.0,1.191916575013797,191536.35931893036,0.00014062123896743217,142.0564185447463,184.6733441081702,10.0,113.0,1.4062123896743217e-05,119.18318909450682
,,,,,249148.48981134713,45570.0,1.1921361341754406,191652.6844702668,0.00021955916164369396,116.32515133642455,151.22269673735192,10.0,28.0,2.1955916164369394e-05,97.57707027048772
,,,,,249299.74035920616,45580.0,1.1923556933370842,191769.03104554297,0.00021955916164369396,116.34657527616878,151.2505478590194,10.0,28.0,2.1955916164369394e-05,97.57707027048772
,,,,,249451.01875818684,45590.0,1.1925752524987279,191885.39904475887,0.00021955916164369396,116.367999215913,151.27839898068692,10.0,28.0,2.1955916164369394e-05,97.57707027048772
,,,,,249602.3250082892,45600.0,1.1927948116603715,192001.78846791454,0.00021955916164369396,116.38942315565724,151.30625010235443,10.0,28.0,2.1955916164369394e-05,97.57707027048772
,,,,,249753.65910951322,45610.0,1.1930143708220151,192118.19931500993,0.00021955916164369396,116.41084709540146,151.3341012240219,10.0,28.0,2.1955916164369394e-05,97.57707027048772
,,,,,249905.02106185892,45620.0,1.1932339299836587,192234.63158604508,0.00021955916164369396,116.4322710351457,151.36195234568942,10.0,28.0,2.1955916164369394e-05,97.57707027048772
,,,,,250056.41086532627,45630.0,1.1934534891453024,192351.08528101997,0.00021955916164369396,116.45369497488993,151.3898034673569,10.0,28.0,2.1955916164369394e-05,97.57707027048772
,,,,,250207.8285199153,45640.0,1.193673048306946,192467.56039993462,0.00021955916164369396,116.47511891463415,151.4176545890244,10.0,28.0,2.1955916164369394e-05,97.57707027048772
,,,,,250359.274025626,45650.0,1.1938926074685896,192584.056942789,0.00021955916164369396,116.49654285437839,151.44550571069192,10.0,28.0,2.1955916164369394e-05,97.57707027048772
,,,,,250510.74738245836,45660.0,1.1941121666302332,192700.5749095831,0.00021955916164369396,116.51796679412261,151.4733568323594,10.0,28.0,2.1955916164369394e-05,97.57707027048772
,,,,,250662.24859041238,45670.0,1.1943317257918769,192817.114300317,0.00021955916164369396,116.53939073386684,151.50120795402688,10.0,28.0,2.1955916164369394e-05,97.57707027048772
,,,,,250813.77764948807,45680.0,1.1945512849535205,192933.6751149906,0.00021955916164369396,116.56081467361108,151.5290590756944,10.0,28.0,2.1955916164369394e-05,97.57707027048772
,,,,,250965.33455968543,45690.0,1.194770844115164,193050.25735360396,0.00021955916164369396,116.5822386133553,151.5569101973619,10.0,28.0,2.1955916164369394e-05,97.57707027048772
,,,,,251116.91932100448,45700.0,1.1949904032768077,193166.86101615705,0.00021955916164369396,116.60366255309953,151.58476131902938,10.0,28.0,2.1955916164369394e-05,97.57707027048772
,,,,,251268.53193344516,45710.0,1.1952099624384513,193283.48610264988,0.00021955916164369396,116.62508649284376,151.6126124406969,10.0,28.0,2.1955916164369394e-05,97.57707027048772
,,,,,251572.28718285877,45720.0,1.1953961440879686,193517.1439868142,0.00018618164951715084,233.6578841643065,303.75524941359845,10.0,99.0,1.8618164951715085e-05,195.46481333397352
,,,,,251876.08974182216,45730.0,1.1955823257374858,193750.83826293985,0.00018618164951715084,233.6942761256756,303.8025589633783,10.0,99.0,1.8618164951715085e-05,195.46481333397352
,,,,,252179.9396103353,45740.0,1.195768507387003,193984.5689310269,0.00018618164951715084,233.73066808704468,303.84986851315807,10.0,99.0,1.8618164951715085e-05,195.46481333397352
,,,,,252483.83678839824,45750.0,1.1959546890365202,194218.33599107532,0.00018618164951715084,233.76706004841378,303.89717806293794,10.0,99.0,1.8618164951715085e-05,195.46481333397352
,,,,,252787.78127601097,45760.0,1.1961408706860375,194452.1394430851,0.00018618164951715084,233.8034520097829,303.94448761271775,10.0,99.0,1.8618164951715085e-05,195.46481333397352
,,,,,253091.77307317348,45770.0,1.1963270523355547,194685.97928705625,0.00018618164951715084,233.83984397115196,303.99179716249756,10.0,99.0,1.8618164951715085e-05,195.46481333397352
,,,,,253395.81217988575,45780.0,1.196513233985072,194919.85552298877,0.00018618164951715084,233.87623593252107,304.0391067122774,10.0,99.0,1.8618164951715085e-05,195.46481333397352
,,,,,253699.8985961478,45790.0,1.1966994156345891,195153.76815088265,0.00018618164951715084,233.91262789389017,304.08641626205724,10.0,99.0,1.8618164951715085e-05,195.46481333397352
,,,,,254004.03232195965,45800.0,1.1968855972841064,195387.71717073792,0.00018618164951715084,233.94901985525925,304.13372581183705,10.0,99.0,1.8618164951715085e-05,195.46481333397352
,,,,,254308.21335732128,45810.0,1.1970717789336236,195621.70258255454,0.00018618164951715084,233.98541181662836,304.18103536161686,10.0,99.0,1.8618164951715085e-05,195.46481333397352
,,,,,254612.44170223267,45820.0,1.1972579605831408,195855.72438633253,0.00018618164951715084,234.02180377799746,304.22834491139673,10.0,99.0,1.8618164951715085e-05,195.46481333397352
,,,,,254916.71735669384,45830.0,1.197444142232658,196089.7825820719,0.00018618164951715084,234.05819573936654,304.2756544611765,10.0,99.0,1.8618164951715085e-05,195.46481333397352
,,,,,255221.0403207048,45840.0,1.1976303238821753,196323.87716977263,0.00018618164951715084,234.09458770073564,304.32296401095635,10.0,99.0,1.8618164951715085e-05,195.46481333397352
,,,,,255525.41059426553,45850.0,1.1978165055316925,196558.00814943473,0.00018618164951715084,234.13097966210475,304.37027356073617,10.0,99.0,1.8618164951715085e-05,195.46481333397352
,,,,,255659.0676843697,45860.0,1.19798315728376,196660.8212956687,0.00016665175206759318,102.81314623395717,133.65709010414432,10.0,109.0,1.666517520675932e-05,85.82186286080177
,,,,,255764.41154011237,45870.0,1.198275886879628,196741.85503085537,0.00029272959586790556,81.0337351866907,105.34385574269793,10.0,102.0,2.927295958679056e-05,67.62527400739634
,,,,,255869.78113054993,45880.0,1.1985686164754958,196822.9085619612,0.00029272959586790556,81.05353110582135,105.36959043756775,10.0,102.0,2.927295958679056e-05,67.62527400739634
,,,,,255975.17645568238,45890.0,1.1988613460713637,196903.98188898616,0.00029272959586790556,81.07332702495198,105.39532513243758,10.0,102.0,2.927295958679056e-05,67.62527400739634
,,,,,256080.5975155097,45900.0,1.1991540756672316,196985.07501193025,0.00029272959586790556,81.09312294408262,105.42105982730742,10.0,102.0,2.927295958679056e-05,67.62527400739634
,,,,,256236.10087133152,45910.0,1.1992826759223743,197104.69297794707,0.00012860025514263226,119.6179660168,155.50335582184,10.0,108.0,1.2860025514263225e-05,99.74126068718638
,,,,,256391.6209019304,45920.0,1.1994112761775169,197224.32377071545,0.00012860025514263226,119.63079276837261,155.5200305988844,10.0,108.0,1.2860025514263225e-05,99.74126068718638
,,,,,256547.15760730635,45930.0,1.1995398764326595,197343.9673902354,0.00012860025514263226,119.64361951994523,155.53670537592882,10.0,108.0,1.2860025514263225e-05,99.74126068718638
,,,,,256702.71098745932,45940.0,1.199668476687802,197463.62383650691,0.00012860025514263226,119.65644627151785,155.5533801529732,10.0,108.0,1.2860025514263225e-05,99.74126068718638
,,,,,256858.28104238934,45950.0,1.1997970769429447,197583.29310953,0.00012860025514263226,119.66927302309047,155.57005493001762,10.0,108.0,1.2860025514263225e-05,99.74126068718638
,,,,,257013.8677720964,45960.0,1.1999256771980873,197702.97520930466,0.00012860025514263226,119.68209977466309,155.586729707062,10.0,108.0,1.2860025514263225e-05,99.74126068718638
,,,,,257072.53951708728,45970.0,1.200477517304617,197748.1073208361,0.0005518401065296853,45.132111531446846,58.6717449908809,10.0,17.0,5.518401065296853e-05,37.59513267085595
,,,,,257131.23823253077,45980.0,1.2010293574111466,197793.26017886956,0.0005518401065296853,45.15285803346493,58.69871544350441,10.0,17.0,5.518401065296853e-05,37.59513267085595
,,,,,257314.80918123518,45990.0,1.2011918853202894,197934.46860094988,0.0001625279091428712,141.20842208031192,183.5709487044055,10.0,26.0,1.625279091428712e-05,117.55692309115099
,,,,,257498.40496810476,46000.0,1.2013544132294323,198075.6961293111,0.0001625279091428712,141.2275283612272,183.59578686959537,10.0,26.0,1.625279091428712e-05,117.55692309115099
,,,,,257682.02559313955,46010.0,1.201516941138575,198216.94276395324,0.0001625279091428712,141.24663464214245,183.6206250347852,10.0,26.0,1.625279091428712e-05,117.55692309115099
,,,,,257865.67105633952,46020.0,1.201679469047718,198358.2085048763,0.0001625279091428712,141.26574092305773,183.64546319997507,10.0,26.0,1.625279091428712e-05,117.55692309115099
,,,,,258049.3413577047,46030.0,1.2018419969568608,198499.49335208026,0.0001625279091428712,141.28484720397302,183.67030136516493,10.0,26.0,1.625279091428712e-05,117.55692309115099
,,,,,258233.03649723504,46040.0,1.2020045248660036,198640.79730556515,0.0001625279091428712,141.30395348488827,183.69513953035477,10.0,26.0,1.625279091428712e-05,117.55692309115099
,,,,,258416.7564749306,46050.0,1.2021670527751465,198782.12036533095,0.0001625279091428712,141.32305976580355,183.71997769554463,10.0,26.0,1.625279091428712e-05,117.55692309115099
,,,,,258600.50129079132,46060.0,1.2023295806842893,198923.46253137768,0.0001625279091428712,141.34216604671883,183.7448158607345,10.0,26.0,1.625279091428712e-05,117.55692309115099
,,,,,258731.10383659927,46070.0,1.2026825949354676,199023.92602815304,0.0003530142511782076,100.46349677535339,130.60254580795942,10.0,98.0,3.530142511782076e-05,83.53284332741505
,,,,,258861.7447171766,46080.0,1.2030356091866459,199124.41901321252,0.0003530142511782076,100.49298505948941,130.64088057733625,10.0,98.0,3.530142511782076e-05,83.53284332741505
,,,,,258992.42393252332,46090.0,1.2033886234378242,199224.94148655614,0.0003530142511782076,100.52247334362544,130.67921534671308,10.0,98.0,3.530142511782076e-05,83.53284332741505
,,,,,259123.14148263942,46100.0,1.2037416376890024,199325.4934481839,0.0003530142511782076,100.55196162776146,130.7175501160899,10.0,98.0,3.530142511782076e-05,83.53284332741505
,,,,,259253.89736752489,46110.0,1.2040946519401807,199426.0748980958,0.0003530142511782076,100.58144991189748,130.75588488546674,10.0,98.0,3.530142511782076e-05,83.53284332741505
,,,,,259384.69158717972,46120.0,1.204447666191359,199526.68583629184,0.0003530142511782076,100.6109381960335,130.79421965484354,10.0,98.0,3.530142511782076e-05,83.53284332741505
,,,,,259515.52414160394,46130.0,1.2048006804425373,199627.32626277203,0.0003530142511782076,100.64042648016951,130.83255442422038,10.0,98.0,3.530142511782076e-05,83.53284332741505
,,,,,259646.39503079755,46140.0,1.2051536946937156,199727.99617753632,0.0003530142511782076,100.66991476430553,130.8708891935972,10.0,98.0,3.530142511782076e-05,83.53284332741505
,,,,,259777.30425476053,46150.0,1.2055067089448939,199828.69558058475,0.0003530142511782076,100.69940304844155,130.909223962974,10.0,98.0,3.530142511782076e-05,83.53284332741505
,,,,,259908.25181349288,46160.0,1.2058597231960722,199929.42447191733,0.0003530142511782076,100.72889133257758,130.94755873235084,10.0,98.0,3.530142511782076e-05,83.53284332741505
,,,,,260180.2304741945,46170.0,1.206031078700752,200138.63882630318,0.00017135550467986364,209.21435438586497,271.97866070162445,10.0,96.0,1.7135550467986363e-05,173.47343537054616
,,,,,260452.24777821262,46180.0,1.2062024342054318,200347.88290631713,0.00017135550467986364,209.24408001393144,272.0173040181109,10.0,96.0,1.7135550467986363e-05,173.47343537054616
,,,,,260724.30372554722,46190.0,1.2063737897101117,200557.15671195913,0.00017135550467986364,209.27380564199788,272.05594733459725,10.0,96.0,1.7135550467986363e-05,173.47343537054616
,,,,,260996.3983161983,46200.0,1.2065451452147915,200766.4602432292,0.00017135550467986364,209.30353127006435,272.09459065108365,10.0,96.0,1.7135550467986363e-05,173.47343537054616
,,,,,261268.53155016585,46210.0,1.2067165007194713,200975.79350012733,0.00017135550467986364,209.33325689813083,272.1332339675701,10.0,96.0,1.7135550467986363e-05,173.47343537054616
,,,,,261540.70342744992,46220.0,1.2068878562241512,201185.15648265352,0.00017135550467986364,209.3629825261973,272.1718772840565,10.0,96.0,1.7135550467986363e-05,173.47343537054616
,,,,,261812.91394805047,46230.0,1.207059211728831,201394.54919080777,0.00017135550467986364,209.39270815426374,272.21052060054285,10.0,96.0,1.7135550467986363e-05,173.47343537054616
,,,,,262085.1631119675,46240.0,1.2072305672335109,201603.9716245901,0.00017135550467986364,209.42243378233022,272.2491639170293,10.0,96.0,1.7135550467986363e-05,173.47343537054616
,,,,,262357.450919201,46250.0,1.2074019227381907,201813.4237840005,0.00017135550467986364,209.4521594103967,272.2878072335157,10.0,96.0,1.7135550467986363e-05,173.47343537054616
,,,,,262629.777369751,46260.0,1.2075732782428705,202022.90566903897,0.00017135550467986364,209.48188503846316,272.3264505500021,10.0,96.0,1.7135550467986363e-05,173.47343537054616
,,,,,262902.1424636175,46270.0,1.2077446337475504,202232.4172797055,0.00017135550467986364,209.5116106665296,272.3650938664885,10.0,96.0,1.7135550467986363e-05,173.47343537054616
,,,,,262918.07031983824,46280.0,1.20829647385408,202244.66947679836,0.0005518401065296853,12.25219709286382,15.927856220722967,10.0,21.0,5.518401065296853e-05,10.140058634602502
,,,,,262934.00545045733,46290.0,1.2088483139606097,202256.92726958226,0.0005518401065296853,12.257792783900957,15.935130619071245,10.0,21.0,5.518401065296853e-05,10.140058634602502
,,,,,262949.9478554748,46300.0,1.2094001540671393,202269.1906580572,0.0005518401065296853,12.263388474938091,15.942405017419519,10.0,21.0,5.518401065296853e-05,10.140058634602502
,,,,,262965.89753489057,46310.0,1.209951994173669,202281.45964222317,0.0005518401065296853,12.268984165975228,15.949679415767797,10.0,21.0,5.518401065296853e-05,10.140058634602502
,,,,,262981.8544887047,46320.0,1.2105038342801986,202293.73422208018,0.0005518401065296853,12.274579857012364,15.956953814116074,10.0,21.0,5.518401065296853e-05,10.140058634602502
,,,,,262997.8187169172,46330.0,1.2110556743867282,202306.01439762823,0.0005518401065296853,12.280175548049499,15.964228212464349,10.0,21.0,5.518401065296853e-05,10.140058634602502
,,,,,263013.790219528,46340.0,1.2116075144932579,202318.3001688673,0.0005518401065296853,12.285771239086635,15.971502610812626,10.0,21.0,5.518401065296853e-05,10.140058634602502
,,,,,263029.7689965372,46350.0,1.2121593545997875,202330.59153579743,0.0005518401065296853,12.291366930123772,15.978777009160904,10.0,21.0,5.518401065296853e-05,10.140058634602502
,,,,,263045.7550479447,46360.0,1.2127111947063172,202342.8884984186,0.0005518401065296853,12.296962621160906,15.986051407509178,10.0,21.0,5.518401065296853e-05,10.140058634602502
,,,,,263061.7483737506,46370.0,1.2132630348128468,202355.19105673078,0.0005518401065296853,12.302558312198043,15.993325805857456,10.0,21.0,5.518401065296853e-05,10.140058634602502
,,,,,263077.7489739548,46380.0,1.2138148749193765,202367.499210734,0.0005518401065296853,12.30815400323518,16.000600204205735,10.0,21.0,5.518401065296853e-05,10.140058634602502
,,,,,263093.7568485574,46390.0,1.214366715025906,202379.81296042827,0.0005518401065296853,12.313749694272316,16.00787460255401,10.0,21.0,5.518401065296853e-05,10.140058634602502
,,,,,263109.7719975583,46400.0,1.2149185551324357,202392.13230581357,0.0005518401065296853,12.31934538530945,16.015149000902287,10.0,21.0,5.518401065296853e-05,10.140058634602502
,,,,,263125.79442095757,46410.0,1.2154703952389654,202404.4572468899,0.0005518401065296853,12.324941076346587,16.022423399250563,10.0,21.0,5.518401065296853e-05,10.140058634602502
,,,,,263141.8241187552,46420.0,1.216022235345495,202416.7877836573,0.0005518401065296853,12.330536767383723,16.02969779759884,10.0,21.0,5.518401065296853e-05,10.140058634602502
,,,,,263157.86109095113,46430.0,1.2165740754520247,202429.1239161157,0.0005518401065296853,12.336132458420858,16.036972195947115,10.0,21.0,5.518401065296853e-05,10.140058634602502
,,,,,263173.90533754544,46440.0,1.2171259155585543,202441.46564426515,0.0005518401065296853,12.341728149457994,16.044246594295394,10.0,21.0,5.518401065296853e-05,10.140058634602502
,,,,,263189.9568585381,46450.0,1.217677755665084,202453.81296810563,0.0005518401065296853,12.34732384049513,16.05152099264367,10.0,21.0,5.518401065296853e-05,10.140058634602502
,,,,,263206.0156539291,46460.0,1.2182295957716136,202466.16588763715,0.0005518401065296853,12.352919531532265,16.058795390991946,10.0,21.0,5.518401065296853e-05,10.140058634602502
,,,,,263222.08172371844,46470.0,1.2187814358781432,202478.5244028597,0.0005518401065296853,12.358515222569402,16.066069789340222,10.0,21.0,5.518401065296853e-05,10.140058634602502
,,,,,263238.15506790613,46480.0,1.219333275984673,202490.8885137733,0.0005518401065296853,12.364110913606538,16.0733441876885,10.0,21.0,5.518401065296853e-05,10.140058634602502
,,,,,263276.48046984454,46490.0,1.2195337621159195,202520.36959218746,0.0002004861312465204,29.48107841414965,38.32540193839455,10.0,105.0,2.004861312465204e-05,24.174056782978514
,,,,,263314.81217231497,46500.0,1.219734248247166,202549.85551716472,0.0002004861312465204,29.485924977270603,38.33170247045179,10.0,105.0,2.004861312465204e-05,24.174056782978514
,,,,,263353.1501753175,46510.0,1.2199347343784126,202579.3462887051,0.0002004861312465204,29.490771540391556,38.338003002509026,10.0,105.0,2.004861312465204e-05,24.174056782978514
,,,,,263391.494478852,46520.0,1.2201352205096592,202608.8419068086,0.0002004861312465204,29.495618103512513,38.344303534566265,10.0,105.0,2.004861312465204e-05,24.174056782978514
,,,,,263429.84508291865,46530.0,1.2203357066409057,202638.34237147524,0.0002004861312465204,29.500464666633466,38.350604066623504,10.0,105.0,2.004861312465204e-05,24.174056782978514
,,,,,263468.20198751736,46540.0,1.2205361927721523,202667.847682705,0.0002004861312465204,29.50531122975442,38.35690459868074,10.0,105.0,2.004861312465204e-05,24.174056782978514
,,,,,263506.5651926481,46550.0,1.2207366789033989,202697.3578404979,0.0002004861312465204,29.510157792875376,38.36320513073799,10.0,105.0,2.004861312465204e-05,24.174056782978514
,,,,,263544.9346983109,46560.0,1.2209371650346454,202726.87284485387,0.0002004861312465204,29.51500435599633,38.36950566279523,10.0,105.0,2.004861312465204e-05,24.174056782978514
,,,,,263583.31050450576,46570.0,1.221137651165892,202756.392695773,0.0002004861312465204,29.51985091911728,38.375806194852466,10.0,105.0,2.004861312465204e-05,24.174056782978514
,,,,,263621.6926112327,46580.0,1.2213381372971386,202785.91739325522,0.0002004861312465204,29.52469748223824,38.38210672690971,10.0,105.0,2.004861312465204e-05,24.174056782978514
,,,,,263660.08101849165,46590.0,1.2215386234283852,202815.44693730058,0.0002004861312465204,29.52954404535919,38.38840725896695,10.0,105.0,2.004861312465204e-05,24.174056782978514
,,,,,263698.4757262827,46600.0,1.2217391095596317,202844.98132790907,0.0002004861312465204,29.534390608480145,38.39470779102419,10.0,105.0,2.004861312465204e-05,24.174056782978514
,,,,,263736.87673460576,46610.0,1.2219395956908783,202874.5205650807,0.0002004861312465204,29.5392371716011,38.401008323081435,10.0,105.0,2.004861312465204e-05,24.174056782978514
,,,,,263775.2840434609,46620.0,1.2221400818221249,202904.0646488154,0.0002004861312465204,29.544083734722054,38.40730885513867,10.0,105.0,2.004861312465204e-05,24.174056782978514
,,,,,264074.54443616705,46630.0,1.2226919219286545,203134.26495089705,0.0005518401065296853,230.2003020816565,299.2603927061535,10.0,82.0,5.518401065296853e-05,188.27334830064328
,,,,,264373.93989469315,46640.0,1.2232437620351841,203364.5691497633,0.0005518401065296853,230.30419886623943,299.39545852611127,10.0,82.0,5.518401065296853e-05,188.27334830064328
,,,,,264502.80748013186,46650.0,1.223399158438291,203463.69806163924,0.00015539640310686077,99.1289118759471,128.86758543873123,10.0,107.0,1.5539640310686077e-05,81.0274481490476
,,,,,264631.6914343568,46660.0,1.223554554841398,203562.83956488917,0.00015539640310686077,99.14150324994239,128.8839542249251,10.0,107.0,1.5539640310686077e-05,81.0274481490476
,,,,,264817.51772646373,46670.0,1.2236513561794935,203705.7828665099,9.680133809546143e-05,142.94330162070432,185.82629210691562,10.0,44.0,9.680133809546143e-06,116.81701728097168
,,,,,265003.3587190273,46680.0,1.223748157517589,203848.7374761742,9.680133809546143e-05,142.95460966428945,185.8409925635763,10.0,44.0,9.680133809546143e-06,116.81701728097168
,,,,,265234.49181458505,46940.0,1.2239472971257117,204026.5321650648,0.00019913960812265806,177.79468889058987,231.13309555776684,10.0,45.0,1.9913960812265806e-05,145.26335350232696
,,,,,265465.6625161363,46950.0,1.2241464367338344,204204.3557816427,0.00019913960812265806,177.82361657788093,231.1707015512452,10.0,45.0,1.9913960812265806e-05,145.26335350232696
,,,,,265696.870823681,46960.0,1.224345576341957,204382.20832590785,0.00019913960812265806,177.85254426517196,231.20830754472354,10.0,45.0,1.9913960812265806e-05,145.26335350232696
,,,,,265928.1167372192,46970.0,1.2245447159500797,204560.0897978603,0.00019913960812265806,177.881471952463,231.2459135382019,10.0,45.0,1.9913960812265806e-05,145.26335350232696
,,,,,266159.4002567509,46980.0,1.2247438555582024,204738.00019750005,0.00019913960812265806,177.91039963975405,231.28351953168027,10.0,45.0,1.9913960812265806e-05,145.26335350232696
,,,,,266390.72138227604,46990.0,1.224942995166325,204915.9395248271,0.00019913960812265806,177.93932732704508,231.3211255251586,10.0,45.0,1.9913960812265806e-05,145.26335350232696
,,,,,266622.08011379465,47000.0,1.2251421347744478,205093.90777984142,0.00019913960812265806,177.9682550143361,231.35873151863694,10.0,45.0,1.9913960812265806e-05,145.26335350232696
,,,,,266853.4764513068,47010.0,1.2253412743825705,205271.90496254305,0.00019913960812265806,177.99718270162714,231.39633751211528,10.0,45.0,1.9913960812265806e-05,145.26335350232696
,,,,,267084.91039481235,47020.0,1.2255404139906931,205449.93107293197,0.00019913960812265806,178.0261103889182,231.43394350559367,10.0,45.0,1.9913960812265806e-05,145.26335350232696
,,,,,267316.38194431143,47030.0,1.2257395535988158,205627.98611100818,0.00019913960812265806,178.05503807620923,231.471549499072,10.0,45.0,1.9913960812265806e-05,145.26335350232696
,,,,,267547.89109980396,47040.0,1.2259386932069385,205806.0700767717,0.00019913960812265806,178.08396576350026,231.50915549255035,10.0,45.0,1.9913960812265806e-05,145.26335350232696
,,,,,267779.43786129,47050.0,1.2261378328150612,205984.1829702225,0.00019913960812265806,178.11289345079132,231.54676148602871,10.0,45.0,1.9913960812265806e-05,145.26335350232696
,,,,,268011.0222287695,47060.0,1.2263369724231838,206162.3247913606,0.00019913960812265806,178.14182113808235,231.58436747950705,10.0,45.0,1.9913960812265806e-05,145.26335350232696
,,,,,268242.6442022425,47070.0,1.2265361120313065,206340.49554018595,0.00019913960812265806,178.17074882537338,231.6219734729854,10.0,45.0,1.9913960812265806e-05,145.26335350232696
,,,,,268474.30378170894,47080.0,1.2267352516394292,206518.6952166986,0.00019913960812265806,178.19967651266444,231.65957946646378,10.0,45.0,1.9913960812265806e-05,145.26335350232696
,,,,,268706.0009671689,47090.0,1.2269343912475519,206696.92382089855,0.00019913960812265806,178.22860419995547,231.69718545994212,10.0,45.0,1.9913960812265806e-05,145.26335350232696
,,,,,268937.7357586223,47100.0,1.2271335308556746,206875.1813527858,0.00019913960812265806,178.2575318872465,231.73479145342046,10.0,45.0,1.9913960812265806e-05,145.26335350232696
,,,,,269169.5081560692,47110.0,1.2273326704637972,207053.46781236032,0.00019913960812265806,178.28645957453756,231.77239744689882,10.0,45.0,1.9913960812265806e-05,145.26335350232696
,,,,,269401.31815950957,47120.0,1.22753181007192,207231.78319962215,0.00019913960812265806,178.3153872618286,231.8100034403772,10.0,45.0,1.9913960812265806e-05,145.26335350232696
,,,,,269633.16576894344,47130.0,1.2277309496800426,207410.12751457127,0.00019913960812265806,178.34431494911962,231.84760943385552,10.0,45.0,1.9913960812265806e-05,145.26335350232696
,,,,,269865.05098437076,47140.0,1.2279300892881653,207588.5007572077,0.00019913960812265806,178.37324263641065,231.88521542733386,10.0,45.0,1.9913960812265806e-05,145.26335350232696
,,,,,270096.9738057916,47150.0,1.228129228896288,207766.9029275314,0.00019913960812265806,178.4021703237017,231.92282142081223,10.0,45.0,1.9913960812265806e-05,145.26335350232696
,,,,,270328.93423320586,47160.0,1.2283283685044106,207945.3340255424,0.00019913960812265806,178.43109801099274,231.96042741429056,10.0,45.0,1.9913960812265806e-05,145.26335350232696
,,,,,270560.93226661364,47170.0,1.2285275081125333,208123.7940512407,0.00019913960812265806,178.46002569828377,231.9980334077689,10.0,45.0,1.9913960812265806e-05,145.26335350232696
,,,,,270792.9679060149,47180.0,1.228726647720656,208302.28300462625,0.00019913960812265806,178.48895338557483,232.0356394012473,10.0,45.0,1.9913960812265806e-05,145.26335350232696
,,,,,271025.0411514096,47190.0,1.2289257873287787,208480.8008856991,0.00019913960812265806,178.51788107286586,232.07324539472563,10.0,45.0,1.9913960812265806e-05,145.26335350232696
,,,,,271257.1520027978,47200.0,1.2291249269369013,208659.34769445925,0.00019913960812265806,178.5468087601569,232.11085138820397,10.0,45.0,1.9913960812265806e-05,145.26335350232696
,,,,,271489.3004601795,47210.0,1.229324066545024,208837.9234309067,0.00019913960812265806,178.57573644744795,232.14845738168233,10.0,45.0,1.9913960812265806e-05,145.26335350232696
,,,,,271721.48652355466,47220.0,1.2295232061531467,209016.52809504143,0.00019913960812265806,178.60466413473898,232.18606337516067,10.0,45.0,1.9913960812265806e-05,145.26335350232696
,,,,,271953.7101929233,47230.0,1.2297223457612694,209195.16168686346,0.00019913960812265806,178.63359182203,232.22366936863904,10.0,45.0,1.9913960812265806e-05,145.26335350232696
,,,,,272185.9714682854,47240.0,1.229921485369392,209373.82420637278,0.00019913960812265806,178.66251950932107,232.2612753621174,10.0,45.0,1.9913960812265806e-05,145.26335350232696
,,,,,272418.27034964104,47250.0,1.2301206249775147,209552.5156535694,0.00019913960812265806,178.6914471966121,232.29888135559574,10.0,45.0,1.9913960812265806e-05,145.26335350232696
,,,,,272650.6068369901,47260.0,1.2303197645856374,209731.2360284533,0.00019913960812265806,178.72037488390313,232.33648734907408,10.0,45.0,1.9913960812265806e-05,145.26335350232696
,,,,,272882.9809303327,47270.0,1.23051890419376,209909.9853310245,0.00019913960812265806,178.74930257119416,232.3740933425524,10.0,45.0,1.9913960812265806e-05,145.26335350232696
,,,,,273115.3926296687,47280.0,1.2307180438018828,210088.763561283,0.00019913960812265806,178.77823025848522,232.4116993360308,10.0,45.0,1.9913960812265806e-05,145.26335350232696
,,,,,273347.8419349982,47290.0,1.2309171834100054,210267.5707192288,0.00019913960812265806,178.80715794577625,232.44930532950914,10.0,45.0,1.9913960812265806e-05,145.26335350232696
,,,,,273580.3288463212,47300.0,1.2311163230181281,210446.40680486185,0.00019913960812265806,178.83608563306728,232.48691132298748,10.0,45.0,1.9913960812265806e-05,145.26335350232696
,,,,,273812.8533636377,47310.0,1.2313154626262508,210625.2718181822,0.00019913960812265806,178.86501332035834,232.52451731646585,10.0,45.0,1.9913960812265806e-05,145.26335350232696
,,,,,274045.41548694763,47320.0,1.2315146022343735,210804.16575918984,0.00019913960812265806,178.89394100764937,232.56212330994418,10.0,45.0,1.9913960812265806e-05,145.26335350232696
,,,,,274278.0152162511,47330.0,1.2317137418424962,210983.08862788478,0.00019913960812265806,178.9228686949404,232.59972930342252,10.0,45.0,1.9913960812265806e-05,145.26335350232696
,,,,,274510.652551548,47340.0,1.2319128814506188,211162.040424267,0.00019913960812265806,178.95179638223146,232.63733529690091,10.0,45.0,1.9913960812265806e-05,145.26335350232696
,,,,,274743.3274928384,47350.0,1.2321120210587415,211341.02114833653,0.00019913960812265806,178.9807240695225,232.67494129037925,10.0,45.0,1.9913960812265806e-05,145.26335350232696
,,,,,274976.0400401222,47360.0,1.2323111606668642,211520.03080009334,0.00019913960812265806,179.00965175681353,232.7125472838576,10.0,45.0,1.9913960812265806e-05,145.26335350232696
,,,,,275090.95804674143,47370.0,1.2328630007733938,211608.42926672348,0.0005518401065296853,88.39846663014426,114.91800661918754,10.0,2.0,5.518401065296853e-05,71.70177592700125
,,,,,275205.927491651,47380.0,1.2334148408799235,211696.8673012693,0.0005518401065296853,88.43803454581017,114.96944490955322,10.0,2.0,5.518401065296853e-05,71.70177592700125
,,,,,275320.9483748509,47390.0,1.2339666809864531,211785.34490373076,0.0005518401065296853,88.4776024614761,115.02088319991893,10.0,2.0,5.518401065296853e-05,71.70177592700125
,,,,,275436.0206963412,47400.0,1.2345185210929828,211873.8620741079,0.0005518401065296853,88.51717037714202,115.07232149028464,10.0,2.0,5.518401065296853e-05,71.70177592700125
,,,,,275551.14445612184,47410.0,1.2350703611995124,211962.4188124007,0.0005518401065296853,88.55673829280794,115.12375978065032,10.0,2.0,5.518401065296853e-05,71.70177592700125
,,,,,275666.31965419283,47420.0,1.235622201306042,212051.01511860915,0.0005518401065296853,88.59630620847386,115.17519807101603,10.0,2.0,5.518401065296853e-05,71.70177592700125
,,,,,275781.5462905542,47430.0,1.2361740414125717,212139.65099273328,0.0005518401065296853,88.63587412413978,115.22663636138171,10.0,2.0,5.518401065296853e-05,71.70177592700125
,,,,,275896.82436520595,47440.0,1.2367258815191013,212228.32643477307,0.0005518401065296853,88.6754420398057,115.27807465174742,10.0,2.0,5.518401065296853e-05,71.70177592700125
,,,,,276012.15387814806,47450.0,1.237277721625631,212317.04144472856,0.0005518401065296853,88.71500995547163,115.32951294211313,10.0,2.0,5.518401065296853e-05,71.70177592700125
,,,,,276127.5348293805,47460.0,1.2378295617321606,212405.7960225997,0.0005518401065296853,88.75457787113754,115.38095123247881,10.0,2.0,5.518401065296853e-05,71.70177592700125
,,,,,276242.96721890336,47470.0,1.2383814018386903,212494.59016838652,0.0005518401065296853,88.79414578680347,115.43238952284452,10.0,2.0,5.518401065296853e-05,71.70177592700125
,,,,,276358.4510467166,47480.0,1.23893324194522,212583.423882089,0.0005518401065296853,88.83371370246938,115.4838278132102,10.0,2.0,5.518401065296853e-05,71.70177592700125
,,,,,276473.98631282017,47490.0,1.2394850820517496,212672.29716370715,0.0005518401065296853,88.87328161813531,115.5352661035759,10.0,2.0,5.518401065296853e-05,71.70177592700125
,,,,,276589.57301721413,47500.0,1.2400369221582792,212761.21001324095,0.0005518401065296853,88.91284953380122,115.58670439394159,10.0,2.0,5.518401065296853e-05,71.70177592700125
,,,,,276705.21115989843,47510.0,1.2405887622648089,212850.16243069043,0.0005518401065296853,88.95241744946715,115.6381426843073,10.0,2.0,5.518401065296853e-05,71.70177592700125
,,,,,276820.9007408731,47520.0,1.2411406023713385,212939.15441605556,0.0005518401065296853,88.99198536513308,115.689580974673,10.0,2.0,5.518401065296853e-05,71.70177592700125
,,,,,276936.64176013815,47530.0,1.2416924424778681,213028.18596933637,0.0005518401065296853,89.03155328079899,115.74101926503869,10.0,2.0,5.518401065296853e-05,71.70177592700125
,,,,,277052.4342176936,47540.0,1.2422442825843978,213117.25709053283,0.0005518401065296853,89.07112119646492,115.7924575554044,10.0,2.0,5.518401065296853e-05,71.70177592700125
,,,,,277168.27811353933,47550.0,1.2427961226909274,213206.36777964496,0.0005518401065296853,89.11068911213083,115.84389584577008,10.0,2.0,5.518401065296853e-05,71.70177592700125
,,,,,277284.1734476755,47560.0,1.243347962797457,213295.51803667276,0.0005518401065296853,89.15025702779675,115.89533413613579,10.0,2.0,5.518401065296853e-05,71.70177592700125
,,,,,277400.12022010196,47570.0,1.2438998029039867,213384.70786161622,0.0005518401065296853,89.18982494346268,115.9467724265015,10.0,2.0,5.518401065296853e-05,71.70177592700125
,,,,,277516.11843081884,47580.0,1.2444516430105164,213473.93725447534,0.0005518401065296853,89.2293928591286,115.99821071686718,10.0,2.0,5.518401065296853e-05,71.70177592700125
,,,,,277632.16807982605,47590.0,1.245003483117046,213563.20621525013,0.0005518401065296853,89.26896077479452,116.04964900723289,10.0,2.0,5.518401065296853e-05,71.70177592700125
,,,,,277748.26916712365,47600.0,1.2455553232235757,213652.51474394058,0.0005518401065296853,89.30852869046043,116.10108729759857,10.0,2.0,5.518401065296853e-05,71.70177592700125
,,,,,277864.4216927116,47610.0,1.2461071633301053,213741.8628405467,0.0005518401065296853,89.34809660612636,116.15252558796428,10.0,2.0,5.518401065296853e-05,71.70177592700125
,,,,,277980.6256565899,47620.0,1.246659003436635,213831.25050506848,0.0005518401065296853,89.38766452179227,116.20396387832996,10.0,2.0,5.518401065296853e-05,71.70177592700125
,,,,,278096.88105875865,47630.0,1.2472108435431646,213920.67773750593,0.0005518401065296853,89.4272324374582,116.25540216869567,10.0,2.0,5.518401065296853e-05,71.70177592700125
,,,,,278213.1878992177,47640.0,1.2477626836496942,214010.14453785904,0.0005518401065296853,89.46680035312413,116.30684045906138,10.0,2.0,5.518401065296853e-05,71.70177592700125
,,,,,278329.54617796716,47650.0,1.2483145237562239,214099.65090612782,0.0005518401065296853,89.50636826879004,116.35827874942706,10.0,2.0,5.518401065296853e-05,71.70177592700125
,,,,,278445.95589500695,47660.0,1.2488663638627535,214189.1968423123,0.0005518401065296853,89.54593618445597,116.40971703979277,10.0,2.0,5.518401065296853e-05,71.70177592700125
,,,,,278562.4170503371,47670.0,1.2494182039692832,214278.78234641242,0.0005518401065296853,89.58550410012188,116.46115533015845,10.0,2.0,5.518401065296853e-05,71.70177592700125
,,,,,278678.92964395764,47680.0,1.2499700440758128,214368.40741842822,0.0005518401065296853,89.62507201578781,116.51259362052416,10.0,2.0,5.518401065296853e-05,71.70177592700125
,,,,,278795.49367586855,47690.0,1.2505218841823424,214458.07205835968,0.0005518401065296853,89.66463993145372,116.56403191088984,10.0,2.0,5.518401065296853e-05,71.70177592700125
,,,,,278912.1091460698,47700.0,1.251073724288872,214547.7762662068,0.0005518401065296853,89.70420784711965,116.61547020125555,10.0,2.0,5.518401065296853e-05,71.70177592700125
,,,,,279028.77605456143,47710.0,1.2516255643954017,214637.5200419696,0.0005518401065296853,89.74377576278557,116.66690849162126,10.0,2.0,5.518401065296853e-05,71.70177592700125
,,,,,279145.4944013434,47720.0,1.2521774045019314,214727.30338564806,0.0005518401065296853,89.78334367845149,116.71834678198694,10.0,2.0,5.518401065296853e-05,71.70177592700125
,,,,,279262.26418641576,47730.0,1.252729244608461,214817.12629724218,0.0005518401065296853,89.82291159411741,116.76978507235265,10.0,2.0,5.518401065296853e-05,71.70177592700125
,,,,,279379.08540977846,47740.0,1.2532810847149907,214906.98877675197,0.0005518401065296853,89.86247950978333,116.82122336271833,10.0,2.0,5.518401065296853e-05,71.70177592700125
,,,,,279495.95807143155,47750.0,1.2538329248215203,214996.89082417742,0.0005518401065296853,89.90204742544925,116.87266165308404,10.0,2.0,5.518401065296853e-05,71.70177592700125
,,,,,279612.882171375,47760.0,1.25438476492805,215086.83243951853,0.0005518401065296853,89.94161534111518,116.92409994344973,10.0,2.0,5.518401065296853e-05,71.70177592700125
,,,,,279729.8577096088,47770.0,1.2549366050345796,215176.8136227753,0.0005518401065296853,89.9811832567811,116.97553823381543,10.0,2.0,5.518401065296853e-05,71.70177592700125
,,,,,279846.88468613295,47780.0,1.2554884451411092,215266.83437394776,0.0005518401065296853,90.02075117244702,117.02697652418114,10.0,2.0,5.518401065296853e-05,71.70177592700125
,,,,,279963.9631009475,47790.0,1.2560402852476389,215356.89469303587,0.0005518401065296853,90.06031908811293,117.07841481454682,10.0,2.0,5.518401065296853e-05,71.70177592700125
,,,,,280081.09295405244,47800.0,1.2565921253541685,215446.99458003964,0.0005518401065296853,90.09988700377886,117.12985310491253,10.0,2.0,5.518401065296853e-05,71.70177592700125
,,,,,280198.2742454477,47810.0,1.2571439654606982,215537.13403495908,0.0005518401065296853,90.13945491944477,117.18129139527821,10.0,2.0,5.518401065296853e-05,71.70177592700125
,,,,,280315.5069751334,47820.0,1.2576958055672278,215627.31305779418,0.0005518401065296853,90.1790228351107,117.23272968564392,10.0,2.0,5.518401065296853e-05,71.70177592700125
,,,,,280432.7911431094,47830.0,1.2582476456737575,215717.53164854494,0.0005518401065296853,90.21859075077663,117.28416797600961,10.0,2.0,5.518401065296853e-05,71.70177592700125
,,,,,280550.1267493758,47840.0,1.258799485780287,215807.78980721137,0.0005518401065296853,90.25815866644254,117.33560626637531,10.0,2.0,5.518401065296853e-05,71.70177592700125
,,,,,280667.5137939325,47850.0,1.2593513258868168,215898.08753379347,0.0005518401065296853,90.29772658210847,117.38704455674102,10.0,2.0,5.518401065296853e-05,71.70177592700125
,,,,,280784.95227677963,47860.0,1.2599031659933464,215988.42482829123,0.0005518401065296853,90.33729449777438,117.4384828471067,10.0,2.0,5.518401065296853e-05,71.70177592700125
,,,,,280902.4421979171,47870.0,1.260455006099876,216078.80169070468,0.0005518401065296853,90.3768624134403,117.48992113747241,10.0,2.0,5.518401065296853e-05,71.70177592700125
,,,,,280967.57389685116,47880.0,1.2610068462064057,216128.90299757704,0.0005518401065296853,50.101306872364745,65.13169893407417,10.0,1.0,5.518401065296853e-05,39.731193389701865
,,,,,281032.734098631,47890.0,1.2615586863129353,216179.02622971538,0.0005518401065296853,50.123232138357466,65.1602017798647,10.0,1.0,5.518401065296853e-05,39.731193389701865
,,,,,281097.92280325666,47900.0,1.262110526419465,216229.17138711974,0.0005518401065296853,50.145157404350186,65.18870462565525,10.0,1.0,5.518401065296853e-05,39.731193389701865
,,,,,281163.1400107281,47910.0,1.2626623665259946,216279.3384697901,0.0005518401065296853,50.16708267034291,65.21720747144578,10.0,1.0,5.518401065296853e-05,39.731193389701865
,,,,,281228.3857210453,47920.0,1.2632142066325243,216329.52747772643,0.0005518401065296853,50.189007936335635,65.24571031723633,10.0,1.0,5.518401065296853e-05,39.731193389701865
,,,,,281293.6599342083,47930.0,1.263766046739054,216379.73841092875,0.0005518401065296853,50.210933202328356,65.27421316302687,10.0,1.0,5.518401065296853e-05,39.731193389701865
,,,,,281358.9626502171,47940.0,1.2643178868455835,216429.97126939707,0.0005518401065296853,50.232858468321076,65.3027160088174,10.0,1.0,5.518401065296853e-05,39.731193389701865
,,,,,281424.2938690717,47950.0,1.2648697269521132,216480.22605313137,0.0005518401065296853,50.254783734313804,65.33121885460795,10.0,1.0,5.518401065296853e-05,39.731193389701865
,,,,,281489.65359077207,47960.0,1.2654215670586428,216530.50276213168,0.0005518401065296853,50.276709000306525,65.35972170039848,10.0,1.0,5.518401065296853e-05,39.731193389701865
,,,,,281555.0418153183,47970.0,1.2659734071651725,216580.801396398,0.0005518401065296853,50.298634266299246,65.38822454618902,10.0,1.0,5.518401065296853e-05,39.731193389701865
,,,,,281620.4585427103,47980.0,1.2665252472717021,216631.12195593028,0.0005518401065296853,50.32055953229197,65.41672739197956,10.0,1.0,5.518401065296853e-05,39.731193389701865
,,,,,281685.9037729481,47990.0,1.2670770873782318,216681.46444072857,0.0005518401065296853,50.342484798284694,65.4452302377701,10.0,1.0,5.518401065296853e-05,39.731193389701865
,,,,,281751.37750603165,48000.0,1.2676289274847614,216731.82885079284,0.0005518401065296853,50.364410064277415,65.47373308356065,10.0,1.0,5.518401065296853e-05,39.731193389701865
,,,,,281816.879741961,48010.0,1.268180767591291,216782.2151861231,0.0005518401065296853,50.38633533027014,65.50223592935119,10.0,1.0,5.518401065296853e-05,39.731193389701865
,,,,,281882.4104807362,48020.0,1.2687326076978207,216832.62344671937,0.0005518401065296853,50.40826059626286,65.53073877514173,10.0,1.0,5.518401065296853e-05,39.731193389701865
,,,,,281947.9697223571,48030.0,1.2692844478043503,216883.05363258164,0.0005518401065296853,50.430185862255584,65.55924162093226,10.0,1.0,5.518401065296853e-05,39.731193389701865
,,,,,282013.55746682384,48040.0,1.26983628791088,216933.5057437099,0.0005518401065296853,50.45211112824831,65.58774446672281,10.0,1.0,5.518401065296853e-05,39.731193389701865
,,,,,282079.17371413636,48050.0,1.2703881280174096,216983.97978010413,0.0005518401065296853,50.47403639424103,65.61624731251335,10.0,1.0,5.518401065296853e-05,39.731193389701865
,,,,,282144.81846429466,48060.0,1.2709399681239393,217034.47574176436,0.0005518401065296853,50.49596166023375,65.64475015830388,10.0,1.0,5.518401065296853e-05,39.731193389701865
,,,,,282210.49171729875,48070.0,1.271491808230469,217084.99362869057,0.0005518401065296853,50.51788692622648,65.67325300409443,10.0,1.0,5.518401065296853e-05,39.731193389701865
,,,,,282276.1934731486,48080.0,1.2720436483369986,217135.5334408828,0.0005518401065296853,50.5398121922192,65.70175584988496,10.0,1.0,5.518401065296853e-05,39.731193389701865
,,,,,282341.9237318443,48090.0,1.2725954884435282,217186.09517834103,0.0005518401065296853,50.56173745821192,65.7302586956755,10.0,1.0,5.518401065296853e-05,39.731193389701865
,,,,,282407.68249338574,48100.0,1.2731473285500579,217236.67884106524,0.0005518401065296853,50.58366272420465,65.75876154146604,10.0,1.0,5.518401065296853e-05,39.731193389701865
,,,,,282473.469757773,48110.0,1.2736991686565875,217287.28442905543,0.0005518401065296853,50.60558799019737,65.78726438725658,10.0,1.0,5.518401065296853e-05,39.731193389701865
,,,,,282539.285525006,48120.0,1.2742510087631171,217337.91194231162,0.0005518401065296853,50.62751325619009,65.81576723304713,10.0,1.0,5.518401065296853e-05,39.731193389701865
,,,,,282605.1297950848,48130.0,1.2748028488696468,217388.5613808338,0.0005518401065296853,50.64943852218281,65.84427007883765,10.0,1.0,5.518401065296853e-05,39.731193389701865
,,,,,282671.0025680094,48140.0,1.2753546889761764,217439.23274462196,0.0005518401065296853,50.67136378817554,65.87277292462821,10.0,1.0,5.518401065296853e-05,39.731193389701865
,,,,,282736.9038437799,48150.0,1.275906529082706,217489.92603367614,0.0005518401065296853,50.69328905416826,65.90127577041874,10.0,1.0,5.518401065296853e-05,39.731193389701865
,,,,,282802.8336223961,48160.0,1.2764583691892357,217540.6412479963,0.0005518401065296853,50.71521432016098,65.92977861620928,10.0,1.0,5.518401065296853e-05,39.731193389701865
,,,,,282868.79190385813,48170.0,1.2770102092957654,217591.37838758246,0.0005518401065296853,50.73713958615371,65.95828146199983,10.0,1.0,5.518401065296853e-05,39.731193389701865
,,,,,282934.77868816594,48180.0,1.277562049402295,217642.1374524346,0.0005518401065296853,50.75906485214643,65.98678430779036,10.0,1.0,5.518401065296853e-05,39.731193389701865
,,,,,283000.79397531954,48190.0,1.2781138895088247,217692.91844255273,0.0005518401065296853,50.78099011813915,66.0152871535809,10.0,1.0,5.518401065296853e-05,39.731193389701865
,,,,,283066.8377653189,48200.0,1.2786657296153543,217743.72135793685,0.0005518401065296853,50.80291538413188,66.04378999937144,10.0,1.0,5.518401065296853e-05,39.731193389701865
,,,,,283132.9100581641,48210.0,1.279217569721884,217794.546198587,0.0005518401065296853,50.8248406501246,66.07229284516198,10.0,1.0,5.518401065296853e-05,39.731193389701865
,,,,,283199.01085385506,48220.0,1.2797694098284136,217845.39296450312,0.0005518401065296853,50.84676591611732,66.10079569095252,10.0,1.0,5.518401065296853e-05,39.731193389701865
,,,,,283265.1401523918,48230.0,1.2803212499349432,217896.26165568523,0.0005518401065296853,50.86869118211005,66.12929853674306,10.0,1.0,5.518401065296853e-05,39.731193389701865
,,,,,283331.29795377434,48240.0,1.2808730900414729,217947.15227213333,0.0005518401065296853,50.89061644810277,66.1578013825336,10.0,1.0,5.518401065296853e-05,39.731193389701865
,,,,,283397.48425800266,48250.0,1.2814249301480025,217998.06481384742,0.0005518401065296853,50.91254171409549,66.18630422832413,10.0,1.0,5.518401065296853e-05,39.731193389701865
,,,,,283463.69906507677,48260.0,1.2819767702545322,218048.9992808275,0.0005518401065296853,50.93446698008822,66.21480707411469,10.0,1.0,5.518401065296853e-05,39.731193389701865
,,,,,283529.94237499667,48270.0,1.2825286103610618,218099.9556730736,0.0005518401065296853,50.95639224608094,66.24330991990522,10.0,1.0,5.518401065296853e-05,39.731193389701865
,,,,,283596.21418776235,48280.0,1.2830804504675914,218150.93399058568,0.0005518401065296853,50.97831751207366,66.27181276569576,10.0,1.0,5.518401065296853e-05,39.731193389701865
,,,,,283662.5145033738,48290.0,1.283632290574121,218201.93423336375,0.0005518401065296853,51.00024277806639,66.30031561148631,10.0,1.0,5.518401065296853e-05,39.731193389701865
,,,,,283728.8433218311,48300.0,1.2841841306806507,218252.9564014078,0.0005518401065296853,51.02216804405911,66.32881845727684,10.0,1.0,5.518401065296853e-05,39.731193389701865
,,,,,283795.2006431341,48310.0,1.2847359707871804,218304.00049471785,0.0005518401065296853,51.04409331005183,66.35732130306738,10.0,1.0,5.518401065296853e-05,39.731193389701865
,,,,,283861.58646728296,48320.0,1.28528781089371,218355.0665132939,0.0005518401065296853,51.06601857604455,66.38582414885792,10.0,1.0,5.518401065296853e-05,39.731193389701865
,,,,,283928.0007942776,48330.0,1.2858396510002397,218406.1544571359,0.0005518401065296853,51.08794384203728,66.41432699464846,10.0,1.0,5.518401065296853e-05,39.731193389701865
,,,,,283994.44362411805,48340.0,1.2863914911067693,218457.26432624395,0.0005518401065296853,51.10986910803,66.442829840439,10.0,1.0,5.518401065296853e-05,39.731193389701865
,,,,,284060.9149568043,48350.0,1.286943331213299,218508.39612061798,0.0005518401065296853,51.13179437402272,66.47133268622953,10.0,1.0,5.518401065296853e-05,39.731193389701865
,,,,,284127.41479233635,48360.0,1.2874951713198286,218559.549840258,0.0005518401065296853,51.153719640015446,66.49983553202009,10.0,1.0,5.518401065296853e-05,39.731193389701865
,,,,,284193.9431307142,48370.0,1.2880470114263582,218610.725485164,0.0005518401065296853,51.175644906008166,66.52833837781061,10.0,1.0,5.518401065296853e-05,39.731193389701865
,,,,,284260.4999719378,48380.0,1.288598851532888,218661.923055336,0.0005518401065296853,51.19757017200089,66.55684122360115,10.0,1.0,5.518401065296853e-05,39.731193389701865
,,,,,284327.0853160072,48390.0,1.2891506916394175,218713.14255077398,0.0005518401065296853,51.219495437993615,66.5853440693917,10.0,1.0,5.518401065296853e-05,39.731193389701865
,,,,,284393.6991629224,48400.0,1.2897025317459472,218764.38397147798,0.0005518401065296853,51.241420703986336,66.61384691518224,10.0,1.0,5.518401065296853e-05,39.731193389701865
,,,,,284460.3415126834,48410.0,1.2902543718524768,218815.64731744796,0.0005518401065296853,51.263345969979056,66.64234976097278,10.0,1.0,5.518401065296853e-05,39.731193389701865
,,,,,284527.01236529014,48420.0,1.2908062119590065,218866.93258868394,0.0005518401065296853,51.285271235971784,66.67085260676332,10.0,1.0,5.518401065296853e-05,39.731193389701865
,,,,,284593.7117207427,48430.0,1.291358052065536,218918.2397851859,0.0005518401065296853,51.307196501964505,66.69935545255386,10.0,1.0,5.518401065296853e-05,39.731193389701865
,,,,,284660.43957904103,48440.0,1.2919098921720658,218969.56890695385,0.0005518401065296853,51.329121767957226,66.7278582983444,10.0,1.0,5.518401065296853e-05,39.731193389701865
,,,,,284727.19594018516,48450.0,1.2924617322785954,219020.9199539878,0.0005518401065296853,51.35104703394995,66.75636114413494,10.0,1.0,5.518401065296853e-05,39.731193389701865
,,,,,284793.9808041751,48460.0,1.293013572385125,219072.29292628774,0.0005518401065296853,51.372972299942674,66.78486398992548,10.0,1.0,5.518401065296853e-05,39.731193389701865
,,,,,284860.7941710108,48470.0,1.2935654124916547,219123.6878238537,0.0005518401065296853,51.394897565935395,66.81336683571601,10.0,1.0,5.518401065296853e-05,39.731193389701865
,,,,,284927.6360406923,48480.0,1.2941172525981843,219175.10464668562,0.0005518401065296853,51.41682283192812,66.84186968150657,10.0,1.0,5.518401065296853e-05,39.731193389701865
,,,,,284994.50641321955,48490.0,1.294669092704714,219226.54339478354,0.0005518401065296853,51.43874809792084,66.87037252729709,10.0,1.0,5.518401065296853e-05,39.731193389701865
,,,,,285061.4052885926,48500.0,1.2952209328112436,219278.00406814745,0.0005518401065296853,51.460673363913564,66.89887537308763,10.0,1.0,5.518401065296853e-05,39.731193389701865
,,,,,285128.3326668115,48510.0,1.2957727729177733,219329.48666677735,0.0005518401065296853,51.48259862990629,66.92737821887818,10.0,1.0,5.518401065296853e-05,39.731193389701865
,,,,,285195.2885478761,48520.0,1.296324613024303,219380.99119067323,0.0005518401065296853,51.50452389589901,66.95588106466872,10.0,1.0,5.518401065296853e-05,39.731193389701865
,,,,,285262.2729317866,48530.0,1.2968764531308326,219432.51763983513,0.0005518401065296853,51.52644916189173,66.98438391045926,10.0,1.0,5.518401065296853e-05,39.731193389701865
,,,,,285329.2858185429,48540.0,1.2974282932373622,219484.06601426302,0.0005518401065296853,51.548374427884454,67.0128867562498,10.0,1.0,5.518401065296853e-05,39.731193389701865
,,,,,285396.32720814494,48550.0,1.2979801333438918,219535.6363139569,0.0005518401065296853,51.57029969387718,67.04138960204034,10.0,1.0,5.518401065296853e-05,39.731193389701865
,,,,,285463.3971005928,48560.0,1.2985319734504215,219587.22853891677,0.0005518401065296853,51.5922249598699,67.06989244783088,10.0,1.0,5.518401065296853e-05,39.731193389701865
,,,,,285530.4954958864,48570.0,1.2990838135569511,219638.84268914262,0.0005518401065296853,51.61415022586262,67.09839529362141,10.0,1.0,5.518401065296853e-05,39.731193389701865
,,,,,285597.62239402585,48580.0,1.2996356536634808,219690.47876463446,0.0005518401065296853,51.63607549185535,67.12689813941196,10.0,1.0,5.518401065296853e-05,39.731193389701865
,,,,,285664.77779501106,48590.0,1.3001874937700104,219742.13676539232,0.0005518401065296853,51.65800075784807,67.15540098520249,10.0,1.0,5.518401065296853e-05,39.731193389701865
,,,,,285731.96169884206,48600.0,1.30073933387654,219793.81669141617,0.0005518401065296853,51.67992602384079,67.18390383099303,10.0,1.0,5.518401065296853e-05,39.731193389701865
,,,,,285799.17410551885,48610.0,1.3012911739830697,219845.518542706,0.0005518401065296853,51.70185128983352,67.21240667678357,10.0,1.0,5.518401065296853e-05,39.731193389701865
,,,,,285866.4150150414,48620.0,1.3018430140895993,219897.24231926183,0.0005518401065296853,51.72377655582624,67.24090952257411,10.0,1.0,5.518401065296853e-05,39.731193389701865
,,,,,285933.6844274098,48630.0,1.302394854196129,219948.98802108364,0.0005518401065296853,51.74570182181896,67.26941236836466,10.0,1.0,5.518401065296853e-05,39.731193389701865
,,,,,286000.98234262393,48640.0,1.3029466943026586,220000.75564817144,0.0005518401065296853,51.76762708781169,67.2979152141552,10.0,1.0,5.518401065296853e-05,39.731193389701865
,,,,,286068.30876068387,48650.0,1.3034985344091883,220052.54520052526,0.0005518401065296853,51.78955235380441,67.32641805994574,10.0,1.0,5.518401065296853e-05,39.731193389701865
,,,,,286135.6636815896,48660.0,1.304050374515718,220104.35667814506,0.0005518401065296853,51.81147761979713,67.35492090573628,10.0,1.0,5.518401065296853e-05,39.731193389701865
,,,,,286203.0471053411,48670.0,1.3046022146222476,220156.19008103086,0.0005518401065296853,51.83340288578986,67.38342375152682,10.0,1.0,5.518401065296853e-05,39.731193389701865
,,,,,286270.4590319384,48680.0,1.3051540547287772,220208.04540918264,0.0005518401065296853,51.85532815178258,67.41192659731736,10.0,1.0,5.518401065296853e-05,39.731193389701865
,,,,,286337.8994613815,48690.0,1.3057058948353069,220259.9226626004,0.0005518401065296853,51.8772534177753,67.44042944310789,10.0,1.0,5.518401065296853e-05,39.731193389701865
,,,,,286405.36839367036,48700.0,1.3062577349418365,220311.82184128417,0.0005518401065296853,51.89917868376803,67.46893228889844,10.0,1.0,5.518401065296853e-05,39.731193389701865
,,,,,286472.865828805,48710.0,1.3068095750483661,220363.74294523394,0.0005518401065296853,51.92110394976075,67.49743513468897,10.0,1.0,5.518401065296853e-05,39.731193389701865
,,,,,286540.3917667855,48720.0,1.3073614151548958,220415.6859744497,0.0005518401065296853,51.94302921575347,67.52593798047951,10.0,1.0,5.518401065296853e-05,39.731193389701865
,,,,,286607.9462076118,48730.0,1.3079132552614254,220467.65092893146,0.0005518401065296853,51.9649544817462,67.55444082627005,10.0,1.0,5.518401065296853e-05,39.731193389701865
,,,,,286675.5291512839,48740.0,1.308465095367955,220519.6378086792,0.0005518401065296853,51.98687974773892,67.5829436720606,10.0,1.0,5.518401065296853e-05,39.731193389701865
,,,,,286743.1405978018,48750.0,1.3090169354744847,220571.64661369292,0.0005518401065296853,52.00880501373164,67.61144651785114,10.0,1.0,5.518401065296853e-05,39.731193389701865
,,,,,286810.7805471654,48760.0,1.3095687755810144,220623.67734397264,0.0005518401065296853,52.03073027972436,67.63994936364168,10.0,1.0,5.518401065296853e-05,39.731193389701865
,,,,,286878.4489993749,48770.0,1.310120615687544,220675.72999951834,0.0005518401065296853,52.05265554571709,67.66845220943222,10.0,1.0,5.518401065296853e-05,39.731193389701865
,,,,,286946.1459544301,48780.0,1.3106724557940737,220727.80458033006,0.0005518401065296853,52.07458081170981,67.69695505522276,10.0,1.0,5.518401065296853e-05,39.731193389701865
,,,,,287013.8714123311,48790.0,1.3112242959006033,220779.90108640777,0.0005518401065296853,52.09650607770253,67.72545790101329,10.0,1.0,5.518401065296853e-05,39.731193389701865
,,,,,287081.6253730779,48800.0,1.311776136007133,220832.01951775147,0.0005518401065296853,52.118431343695256,67.75396074680384,10.0,1.0,5.518401065296853e-05,39.731193389701865
,,,,,287149.4078366705,48810.0,1.3123279761136626,220884.15987436115,0.0005518401065296853,52.14035660968798,67.78246359259437,10.0,1.0,5.518401065296853e-05,39.731193389701865
,,,,,287217.2188031089,48820.0,1.3128798162201922,220936.32215623683,0.0005518401065296853,52.1622818756807,67.81096643838491,10.0,1.0,5.518401065296853e-05,39.731193389701865
,,,,,287285.0582723931,48830.0,1.3134316563267219,220988.5063633785,0.0005518401065296853,52.184207141673426,67.83946928417545,10.0,1.0,5.518401065296853e-05,39.731193389701865
,,,,,287352.926244523,48840.0,1.3139834964332515,221040.71249578617,0.0005518401065296853,52.206132407666146,67.86797212996599,10.0,1.0,5.518401065296853e-05,39.731193389701865
,,,,,287420.82271949877,48850.0,1.3145353365397812,221092.94055345983,0.0005518401065296853,52.22805767365887,67.89647497575653,10.0,1.0,5.518401065296853e-05,39.731193389701865
,,,,,287488.7476973203,48860.0,1.3150871766463108,221145.1905363995,0.0005518401065296853,52.249982939651595,67.92497782154707,10.0,1.0,5.518401065296853e-05,39.731193389701865
,,,,,287556.7011779876,48870.0,1.3156390167528405,221197.46244460513,0.0005518401065296853,52.271908205644316,67.95348066733762,10.0,1.0,5.518401065296853e-05,39.731193389701865
,,,,,287624.6831615007,48880.0,1.31619085685937,221249.75627807676,0.0005518401065296853,52.293833471637036,67.98198351312816,10.0,1.0,5.518401065296853e-05,39.731193389701865
,,,,,287692.6936478596,48890.0,1.3167426969658997,221302.07203681438,0.0005518401065296853,52.315758737629764,68.0104863589187,10.0,1.0,5.518401065296853e-05,39.731193389701865
,,,,,287760.7326370643,48900.0,1.3172945370724294,221354.40972081802,0.0005518401065296853,52.337684003622485,68.03898920470924,10.0,1.0,5.518401065296853e-05,39.731193389701865
,,,,,287828.8001291148,48910.0,1.317846377178959,221406.76933008764,0.0005518401065296853,52.359609269615206,68.06749205049977,10.0,1.0,5.518401065296853e-05,39.731193389701865
,,,,,287896.89612401114,48920.0,1.3183982172854887,221459.15086462325,0.0005518401065296853,52.38153453560793,68.09599489629032,10.0,1.0,5.518401065296853e-05,39.731193389701865
,,,,,287965.02062175324,48930.0,1.3189500573920183,221511.55432442485,0.0005518401065296853,52.403459801600654,68.12449774208085,10.0,1.0,5.518401065296853e-05,39.731193389701865
,,,,,288033.1736223411,48940.0,1.319501897498548,221563.97970949244,0.0005518401065296853,52.425385067593375,68.15300058787139,10.0,1.0,5.518401065296853e-05,39.731193389701865
,,,,,288101.3551257748,48950.0,1.3200537376050776,221616.42701982602,0.0005518401065296853,52.4473103335861,68.18150343366193,10.0,1.0,5.518401065296853e-05,39.731193389701865
,,,,,288169.56513205427,48960.0,1.3206055777116072,221668.89625542558,0.0005518401065296853,52.46923559957882,68.21000627945247,10.0,1.0,5.518401065296853e-05,39.731193389701865
,,,,,288237.8036411795,48970.0,1.321157417818137,221721.38741629117,0.0005518401065296853,52.491160865571544,68.23850912524301,10.0,1.0,5.518401065296853e-05,39.731193389701865
,,,,,288306.07065315056,48980.0,1.3217092579246665,221773.90050242274,0.0005518401065296853,52.513086131564265,68.26701197103354,10.0,1.0,5.518401065296853e-05,39.731193389701865
,,,,,288374.3661679674,48990.0,1.3222610980311962,221826.4355138203,0.0005518401065296853,52.53501139755699,68.2955148168241,10.0,1.0,5.518401065296853e-05,39.731193389701865
,,,,,288442.69018563,49000.0,1.3228129381377258,221878.99245048384,0.0005518401065296853,52.55693666354971,68.32401766261464,10.0,1.0,5.518401065296853e-05,39.731193389701865
,,,,,288511.0427061384,49010.0,1.3233647782442555,221931.57131241338,0.0005518401065296853,52.578861929542434,68.35252050840516,10.0,1.0,5.518401065296853e-05,39.731193389701865
,,,,,288579.4237294926,49020.0,1.3239166183507851,221984.1720996089,0.0005518401065296853,52.60078719553516,68.38102335419572,10.0,1.0,5.518401065296853e-05,39.731193389701865
,,,,,288647.83325569256,49030.0,1.3244684584573148,222036.79481207044,0.0005518401065296853,52.62271246152788,68.40952619998625,10.0,1.0,5.518401065296853e-05,39.731193389701865
,,,,,288716.2712847383,49040.0,1.3250202985638444,222089.43944979797,0.0005518401065296853,52.6446377275206,68.43802904577679,10.0,1.0,5.518401065296853e-05,39.731193389701865
,,,,,288784.7378166299,49050.0,1.325572138670374,222142.10601279148,0.0005518401065296853,52.66656299351333,68.46653189156733,10.0,1.0,5.518401065296853e-05,39.731193389701865
,,,,,288853.2328513672,49060.0,1.3261239787769037,222194.794501051,0.0005518401065296853,52.68848825950605,68.49503473735787,10.0,1.0,5.518401065296853e-05,39.731193389701865
,,,,,288921.75638895034,49070.0,1.3266758188834333,222247.50491457648,0.0005518401065296853,52.71041352549877,68.52353758314841,10.0,1.0,5.518401065296853e-05,39.731193389701865
,,,,,288990.30842937925,49080.0,1.327227658989963,222300.23725336796,0.0005518401065296853,52.7323387914915,68.55204042893895,10.0,1.0,5.518401065296853e-05,39.731193389701865
,,,,,289058.888972654,49090.0,1.3277794990964926,222352.99151742546,0.0005518401065296853,52.75426405748422,68.5805432747295,10.0,1.0,5.518401065296853e-05,39.731193389701865
,,,,,289127.49801877455,49100.0,1.3283313392030223,222405.76770674894,0.0005518401065296853,52.77618932347694,68.60904612052002,10.0,1.0,5.518401065296853e-05,39.731193389701865
,,,,,289196.1355677409,49110.0,1.328883179309552,222458.56582133842,0.0005518401065296853,52.79811458946967,68.63754896631058,10.0,1.0,5.518401065296853e-05,39.731193389701865
,,,,,289264.801619553,49120.0,1.3294350194160816,222511.38586119388,0.0005518401065296853,52.82003985546239,68.66605181210112,10.0,1.0,5.518401065296853e-05,39.731193389701865
,,,,,289333.4961742109,49130.0,1.3299868595226112,222564.22782631533,0.0005518401065296853,52.84196512145511,68.69455465789164,10.0,1.0,5.518401065296853e-05,39.731193389701865
,,,,,289402.2192317146,49140.0,1.3305386996291408,222617.09171670277,0.0005518401065296853,52.86389038744784,68.7230575036822,10.0,1.0,5.518401065296853e-05,39.731193389701865
,,,,,289470.9707920641,49150.0,1.3310905397356705,222669.9775323562,0.0005518401065296853,52.88581565344056,68.75156034947273,10.0,1.0,5.518401065296853e-05,39.731193389701865
,,,,,289539.75085525936,49160.0,1.3316423798422001,222722.88527327563,0.0005518401065296853,52.90774091943328,68.78006319526327,10.0,1.0,5.518401065296853e-05,39.731193389701865
,,,,,289608.5594213004,49170.0,1.3321942199487298,222775.81493946107,0.0005518401065296853,52.92966618542601,68.80856604105381,10.0,1.0,5.518401065296853e-05,39.731193389701865
,,,,,289677.39649018727,49180.0,1.3327460600552594,222828.7665309125,0.0005518401065296853,52.95159145141873,68.83706888684435,10.0,1.0,5.518401065296853e-05,39.731193389701865
,,,,,289746.2620619199,49190.0,1.333297900161789,222881.7400476299,0.0005518401065296853,52.97351671741145,68.86557173263489,10.0,1.0,5.518401065296853e-05,39.731193389701865
,,,,,289815.1561364983,49200.0,1.3338497402683187,222934.7354896133,0.0005518401065296853,52.99544198340417,68.89407457842542,10.0,1.0,5.518401065296853e-05,39.731193389701865
,,,,,289884.0787139225,49210.0,1.3344015803748484,222987.75285686267,0.0005518401065296853,53.0173672493969,68.92257742421597,10.0,1.0,5.518401065296853e-05,39.731193389701865
,,,,,289953.0297941925,49220.0,1.334953420481378,223040.79214937807,0.0005518401065296853,53.03929251538962,68.9510802700065,10.0,1.0,5.518401065296853e-05,39.731193389701865
,,,,,290022.0093773083,49230.0,1.3355052605879076,223093.85336715946,0.0005518401065296853,53.06121778138234,68.97958311579704,10.0,1.0,5.518401065296853e-05,39.731193389701865
,,,,,290091.0174632699,49240.0,1.3360571006944373,223146.93651020684,0.0005518401065296853,53.08314304737507,69.0080859615876,10.0,1.0,5.518401065296853e-05,39.731193389701865
,,,,,290160.05405207723,49250.0,1.336608940800967,223200.0415785202,0.0005518401065296853,53.10506831336779,69.03658880737812,10.0,1.0,5.518401065296853e-05,39.731193389701865
,,,,,290229.1191437304,49260.0,1.3371607809074966,223253.16857209956,0.0005518401065296853,53.12699357936051,69.06509165316866,10.0,1.0,5.518401065296853e-05,39.731193389701865
,,,,,290298.2127382293,49270.0,1.3377126210140262,223306.3174909449,0.0005518401065296853,53.148918845353236,69.0935944989592,10.0,1.0,5.518401065296853e-05,39.731193389701865
,,,,,290367.3348355741,49280.0,1.3382644611205559,223359.48833505626,0.0005518401065296853,53.17084411134596,69.12209734474975,10.0,1.0,5.518401065296853e-05,39.731193389701865
,,,,,290436.48543576465,49290.0,1.3388163012270855,223412.6811044336,0.0005518401065296853,53.19276937733868,69.15060019054029,10.0,1.0,5.518401065296853e-05,39.731193389701865
,,,,,290505.664538801,49300.0,1.3393681413336151,223465.89579907694,0.0005518401065296853,53.214694643331406,69.17910303633083,10.0,1.0,5.518401065296853e-05,39.731193389701865
,,,,,290574.87214468315,49310.0,1.3399199814401448,223519.13241898626,0.0005518401065296853,53.236619909324126,69.20760588212137,10.0,1.0,5.518401065296853e-05,39.731193389701865
,,,,,290644.1082534111,49320.0,1.3404718215466744,223572.39096416158,0.0005518401065296853,53.25854517531685,69.2361087279119,10.0,1.0,5.518401065296853e-05,39.731193389701865
,,,,,290713.3728649848,49330.0,1.341023661653204,223625.67143460287,0.0005518401065296853,53.280470441309575,69.26461157370245,10.0,1.0,5.518401065296853e-05,39.731193389701865
,,,,,290782.6659794043,49340.0,1.3415755017597337,223678.9738303102,0.0005518401065296853,53.302395707302296,69.29311441949298,10.0,1.0,5.518401065296853e-05,39.731193389701865
,,,,,290851.9875966696,49350.0,1.3421273418662634,223732.2981512835,0.0005518401065296853,53.324320973295016,69.32161726528352,10.0,1.0,5.518401065296853e-05,39.731193389701865
,,,,,290921.33771678066,49360.0,1.342679181972793,223785.6443975228,0.0005518401065296853,53.346246239287744,69.35012011107408,10.0,1.0,5.518401065296853e-05,39.731193389701865
,,,,,290990.7163397375,49370.0,1.3432310220793227,223839.01256902807,0.0005518401065296853,53.368171505280465,69.3786229568646,10.0,1.0,5.518401065296853e-05,39.731193389701865
,,,,,291060.1234655402,49380.0,1.3437828621858523,223892.40266579934,0.0005518401065296853,53.390096771273186,69.40712580265514,10.0,1.0,5.518401065296853e-05,39.731193389701865
,,,,,291129.5590941886,49390.0,1.344334702292382,223945.8146878366,0.0005518401065296853,53.41202203726591,69.43562864844569,10.0,1.0,5.518401065296853e-05,39.731193389701865
,,,,,291147.4155707896,49400.0,1.3448865423989116,223959.55043906812,0.0005518401065296853,13.735751231524823,17.85647660098227,10.0,110.0,5.518401065296853e-05,10.213315992458353
,,,,,291165.27937434317,49410.0,1.3454383825054412,223973.29182641703,0.0005518401065296853,13.741387348910122,17.86380355358316,10.0,110.0,5.518401065296853e-05,10.213315992458353
,,,,,291183.1505048493,49420.0,1.3459902226119709,223987.03884988333,0.0005518401065296853,13.747023466295422,17.87113050618405,10.0,110.0,5.518401065296853e-05,10.213315992458353
,,,,,291201.02896230813,49430.0,1.3465420627185005,224000.791509467,0.0005518401065296853,13.752659583680721,17.878457458784936,10.0,110.0,5.518401065296853e-05,10.213315992458353
,,,,,291218.9147467195,49440.0,1.3470939028250302,224014.54980516806,0.0005518401065296853,13.75829570106602,17.885784411385828,10.0,110.0,5.518401065296853e-05,10.213315992458353
,,,,,291236.8078580835,49450.0,1.3476457429315598,224028.3137369865,0.0005518401065296853,13.763931818451319,17.893111363986716,10.0,110.0,5.518401065296853e-05,10.213315992458353
,,,,,291254.7082964001,49460.0,1.3481975830380895,224042.08330492236,0.0005518401065296853,13.769567935836617,17.900438316587604,10.0,110.0,5.518401065296853e-05,10.213315992458353
,,,,,291272.61606166925,49470.0,1.348749423144619,224055.8585089756,0.0005518401065296853,13.775204053221916,17.90776526918849,10.0,110.0,5.518401065296853e-05,10.213315992458353
,,,,,291290.53115389106,49480.0,1.3493012632511487,224069.6393491462,0.0005518401065296853,13.780840170607217,17.915092221789383,10.0,110.0,5.518401065296853e-05,10.213315992458353
,,,,,291308.45357306546,49490.0,1.3498531033576784,224083.42582543418,0.0005518401065296853,13.786476287992516,17.92241917439027,10.0,110.0,5.518401065296853e-05,10.213315992458353
,,,,,291326.38331919245,49500.0,1.350404943464208,224097.21793783957,0.0005518401065296853,13.792112405377814,17.92974612699116,10.0,110.0,5.518401065296853e-05,10.213315992458353
,,,,,291344.320392272,49510.0,1.3509567835707377,224111.01568636234,0.0005518401065296853,13.797748522763113,17.937073079592047,10.0,110.0,5.518401065296853e-05,10.213315992458353
,,,,,291362.2647923042,49520.0,1.3515086236772673,224124.81907100248,0.0005518401065296853,13.803384640148412,17.944400032192934,10.0,110.0,5.518401065296853e-05,10.213315992458353
,,,,,291380.216519289,49530.0,1.352060463783797,224138.62809176,0.0005518401065296853,13.809020757533712,17.951726984793826,10.0,110.0,5.518401065296853e-05,10.213315992458353
,,,,,291398.1755732264,49540.0,1.3526123038903266,224152.44274863493,0.0005518401065296853,13.814656874919011,17.959053937394714,10.0,110.0,5.518401065296853e-05,10.213315992458353
,,,,,291416.1419541164,49550.0,1.3531641439968563,224166.26304162724,0.0005518401065296853,13.82029299230431,17.966380889995605,10.0,110.0,5.518401065296853e-05,10.213315992458353
,,,,,291434.115661959,49560.0,1.353715984103386,224180.08897073692,0.0005518401065296853,13.825929109689609,17.973707842596493,10.0,110.0,5.518401065296853e-05,10.213315992458353
,,,,,291452.09669675416,49570.0,1.3542678242099155,224193.920535964,0.0005518401065296853,13.831565227074908,17.98103479519738,10.0,110.0,5.518401065296853e-05,10.213315992458353
,,,,,291470.085058502,49580.0,1.3548196643164452,224207.75773730845,0.0005518401065296853,13.837201344460208,17.988361747798272,10.0,110.0,5.518401065296853e-05,10.213315992458353
,,,,,291488.0807472024,49590.0,1.3553715044229748,224221.6005747703,0.0005518401065296853,13.842837461845507,17.99568870039916,10.0,110.0,5.518401065296853e-05,10.213315992458353
,,,,,291506.0837628554,49600.0,1.3559233445295045,224235.44904834955,0.0005518401065296853,13.848473579230806,18.00301565300005,10.0,110.0,5.518401065296853e-05,10.213315992458353
,,,,,291524.094105461,49610.0,1.3564751846360341,224249.30315804615,0.0005518401065296853,13.854109696616105,18.010342605600936,10.0,110.0,5.518401065296853e-05,10.213315992458353
,,,,,291542.11177501915,49620.0,1.3570270247425638,224263.16290386015,0.0005518401065296853,13.859745814001403,18.017669558201824,10.0,110.0,5.518401065296853e-05,10.213315992458353
,,,,,291560.13677153,49630.0,1.3575788648490934,224277.02828579154,0.0005518401065296853,13.865381931386704,18.024996510802715,10.0,110.0,5.518401065296853e-05,10.213315992458353
,,,,,291578.1690949934,49640.0,1.358130704955623,224290.89930384033,0.0005518401065296853,13.871018048772003,18.032323463403603,10.0,110.0,5.518401065296853e-05,10.213315992458353
,,,,,291596.2087454094,49650.0,1.3586825450621527,224304.77595800647,0.0005518401065296853,13.876654166157302,18.03965041600449,10.0,110.0,5.518401065296853e-05,10.213315992458353
,,,,,291614.255722778,49660.0,1.3592343851686823,224318.65824829,0.0005518401065296853,13.8822902835426,18.046977368605383,10.0,110.0,5.518401065296853e-05,10.213315992458353
,,,,,291632.31002709916,49670.0,1.359786225275212,224332.54617469094,0.0005518401065296853,13.887926400927899,18.05430432120627,10.0,110.0,5.518401065296853e-05,10.213315992458353
,,,,,291650.371658373,49680.0,1.3603380653817416,224346.43973720926,0.0005518401065296853,13.8935625183132,18.06163127380716,10.0,110.0,5.518401065296853e-05,10.213315992458353
,,,,,291668.4406165994,49690.0,1.3608899054882713,224360.33893584495,0.0005518401065296853,13.899198635698498,18.06895822640805,10.0,110.0,5.518401065296853e-05,10.213315992458353
,,,,,291686.5169017784,49700.0,1.361441745594801,224374.24377059803,0.0005518401065296853,13.904834753083797,18.076285179008938,10.0,110.0,5.518401065296853e-05,10.213315992458353
,,,,,291704.60051391,49710.0,1.3619935857013306,224388.1542414685,0.0005518401065296853,13.910470870469096,18.083612131609826,10.0,110.0,5.518401065296853e-05,10.213315992458353
,,,,,291722.6914529942,49720.0,1.3625454258078602,224402.07034845636,0.0005518401065296853,13.916106987854395,18.090939084210714,10.0,110.0,5.518401065296853e-05,10.213315992458353
,,,,,291740.789719031,49730.0,1.3630972659143898,224415.9920915616,0.0005518401065296853,13.921743105239695,18.098266036811605,10.0,110.0,5.518401065296853e-05,10.213315992458353
,,,,,291758.89531202044,49740.0,1.3636491060209195,224429.91947078423,0.0005518401065296853,13.927379222624994,18.105592989412493,10.0,110.0,5.518401065296853e-05,10.213315992458353
,,,,,291777.00823196245,49750.0,1.3642009461274491,224443.85248612423,0.0005518401065296853,13.933015340010293,18.11291994201338,10.0,110.0,5.518401065296853e-05,10.213315992458353
,,,,,291795.12847885705,49760.0,1.3647527862339788,224457.79113758163,0.0005518401065296853,13.938651457395592,18.12024689461427,10.0,110.0,5.518401065296853e-05,10.213315992458353
,,,,,291813.25605270424,49770.0,1.3653046263405084,224471.73542515642,0.0005518401065296853,13.94428757478089,18.127573847215157,10.0,110.0,5.518401065296853e-05,10.213315992458353
,,,,,291831.3909535041,49780.0,1.365856466447038,224485.68534884858,0.0005518401065296853,13.949923692166191,18.134900799816048,10.0,110.0,5.518401065296853e-05,10.213315992458353
,,,,,291849.5331812565,49790.0,1.3664083065535677,224499.64090865813,0.0005518401065296853,13.95555980955149,18.142227752416936,10.0,110.0,5.518401065296853e-05,10.213315992458353
,,,,,291867.6827359615,49800.0,1.3669601466600974,224513.60210458506,0.0005518401065296853,13.961195926936789,18.149554705017827,10.0,110.0,5.518401065296853e-05,10.213315992458353
,,,,,291885.8396176191,49810.0,1.367511986766627,224527.5689366294,0.0005518401065296853,13.966832044322087,18.156881657618715,10.0,110.0,5.518401065296853e-05,10.213315992458353
,,,,,291904.0038262293,49820.0,1.3680638268731566,224541.5414047911,0.0005518401065296853,13.972468161707386,18.164208610219603,10.0,110.0,5.518401065296853e-05,10.213315992458353
,,,,,291922.17536179215,49830.0,1.3686156669796863,224555.51950907017,0.0005518401065296853,13.978104279092687,18.171535562820495,10.0,110.0,5.518401065296853e-05,10.213315992458353
,,,,,291940.3542243076,49840.0,1.369167507086216,224569.50324946665,0.0005518401065296853,13.983740396477986,18.178862515421383,10.0,110.0,5.518401065296853e-05,10.213315992458353
,,,,,291958.5404137756,49850.0,1.3697193471927456,224583.49262598052,0.0005518401065296853,13.989376513863284,18.18618946802227,10.0,110.0,5.518401065296853e-05,10.213315992458353
,,,,,291976.7339301962,49860.0,1.3702711872992752,224597.48763861178,0.0005518401065296853,13.995012631248583,18.19351642062316,10.0,110.0,5.518401065296853e-05,10.213315992458353
,,,,,291994.9347735694,49870.0,1.3708230274058049,224611.4882873604,0.0005518401065296853,14.000648748633882,18.200843373224046,10.0,110.0,5.518401065296853e-05,10.213315992458353
,,,,,292013.14294389525,49880.0,1.3713748675123345,224625.49457222642,0.0005518401065296853,14.00628486601918,18.208170325824934,10.0,110.0,5.518401065296853e-05,10.213315992458353
,,,,,292031.3584411737,49890.0,1.3719267076188641,224639.50649320983,0.0005518401065296853,14.011920983404481,18.215497278425826,10.0,110.0,5.518401065296853e-05,10.213315992458353
,,,,,292049.5812654047,49900.0,1.3724785477253938,224653.52405031063,0.0005518401065296853,14.01755710078978,18.222824231026713,10.0,110.0,5.518401065296853e-05,10.213315992458353
,,,,,292067.8114165883,49910.0,1.3730303878319234,224667.5472435288,0.0005518401065296853,14.023193218175079,18.230151183627605,10.0,110.0,5.518401065296853e-05,10.213315992458353
,,,,,292086.0488947245,49920.0,1.373582227938453,224681.57607286435,0.0005518401065296853,14.028829335560378,18.237478136228493,10.0,110.0,5.518401065296853e-05,10.213315992458353
,,,,,292104.29369981337,49930.0,1.3741340680449827,224695.6105383173,0.0005518401065296853,14.034465452945676,18.24480508882938,10.0,110.0,5.518401065296853e-05,10.213315992458353
,,,,,292122.5458318548,49940.0,1.3746859081515124,224709.65063988764,0.0005518401065296853,14.040101570330977,18.252132041430272,10.0,110.0,5.518401065296853e-05,10.213315992458353
,,,,,292140.80529084883,49950.0,1.375237748258042,224723.69637757534,0.0005518401065296853,14.045737687716276,18.25945899403116,10.0,110.0,5.518401065296853e-05,10.213315992458353
,,,,,292159.07207679545,49960.0,1.3757895883645717,224737.74775138043,0.0005518401065296853,14.051373805101575,18.266785946632048,10.0,110.0,5.518401065296853e-05,10.213315992458353
,,,,,292177.34618969465,49970.0,1.3763414284711013,224751.80476130292,0.0005518401065296853,14.057009922486873,18.274112899232936,10.0,110.0,5.518401065296853e-05,10.213315992458353
,,,,,292195.6276295465,49980.0,1.376893268577631,224765.8674073428,0.0005518401065296853,14.062646039872172,18.281439851833824,10.0,110.0,5.518401065296853e-05,10.213315992458353
,,,,,292213.91639635095,49990.0,1.3774451086841606,224779.93568950007,0.0005518401065296853,14.068282157257473,18.288766804434715,10.0,110.0,5.518401065296853e-05,10.213315992458353
,,,,,292232.212490108,50000.0,1.3779969487906902,224794.0096077747,0.0005518401065296853,14.073918274642772,18.296093757035603,10.0,110.0,5.518401065296853e-05,10.213315992458353
,,,,,292250.5159108176,50010.0,1.3785487888972199,224808.08916216673,0.0005518401065296853,14.07955439202807,18.30342070963649,10.0,110.0,5.518401065296853e-05,10.213315992458353
,,,,,292268.8266584798,50020.0,1.3791006290037495,224822.17435267614,0.0005518401065296853,14.08519050941337,18.31074766223738,10.0,110.0,5.518401065296853e-05,10.213315992458353
,,,,,292287.14473309467,50030.0,1.3796524691102792,224836.26517930295,0.0005518401065296853,14.090826626798668,18.31807461483827,10.0,110.0,5.518401065296853e-05,10.213315992458353
,,,,,292305.4701346621,50040.0,1.3802043092168088,224850.36164204712,0.0005518401065296853,14.096462744183968,18.325401567439158,10.0,110.0,5.518401065296853e-05,10.213315992458353
,,,,,292323.80286318215,50050.0,1.3807561493233385,224864.4637409087,0.0005518401065296853,14.102098861569267,18.33272852004005,10.0,110.0,5.518401065296853e-05,10.213315992458353
,,,,,292342.1429186548,50060.0,1.381307989429868,224878.57147588764,0.0005518401065296853,14.107734978954566,18.340055472640937,10.0,110.0,5.518401065296853e-05,10.213315992458353
,,,,,292360.49030108,50070.0,1.3818598295363977,224892.684846984,0.0005518401065296853,14.113371096339865,18.347382425241825,10.0,110.0,5.518401065296853e-05,10.213315992458353
,,,,,292378.84501045785,50080.0,1.3824116696429274,224906.80385419773,0.0005518401065296853,14.119007213725164,18.354709377842713,10.0,110.0,5.518401065296853e-05,10.213315992458353
,,,,,292397.2070467883,50090.0,1.382963509749457,224920.92849752883,0.0005518401065296853,14.124643331110464,18.362036330443605,10.0,110.0,5.518401065296853e-05,10.213315992458353
,,,,,292415.57641007134,50100.0,1.3835153498559867,224935.05877697733,0.0005518401065296853,14.130279448495763,18.369363283044493,10.0,110.0,5.518401065296853e-05,10.213315992458353
,,,,,292433.953100307,50110.0,1.3840671899625163,224949.1946925432,0.0005518401065296853,14.135915565881062,18.37669023564538,10.0,110.0,5.518401065296853e-05,10.213315992458353
,,,,,292452.3371174952,50120.0,1.384619030069046,224963.3362442265,0.0005518401065296853,14.14155168326636,18.38401718824627,10.0,110.0,5.518401065296853e-05,10.213315992458353
,,,,,292470.72846163606,50130.0,1.3851708701755756,224977.48343202713,0.0005518401065296853,14.14718780065166,18.391344140847156,10.0,110.0,5.518401065296853e-05,10.213315992458353
,,,,,292489.1271327295,50140.0,1.3857227102821053,224991.63625594517,0.0005518401065296853,14.15282391803696,18.398671093448048,10.0,110.0,5.518401065296853e-05,10.213315992458353
,,,,,292507.53313077556,50150.0,1.386274550388635,225005.7947159806,0.0005518401065296853,14.158460035422259,18.405998046048936,10.0,110.0,5.518401065296853e-05,10.213315992458353
,,,,,292525.9464557742,50160.0,1.3868263904951645,225019.9588121334,0.0005518401065296853,14.164096152807558,18.413324998649827,10.0,110.0,5.518401065296853e-05,10.213315992458353
,,,,,292544.3671077254,50170.0,1.3873782306016942,225034.1285444036,0.0005518401065296853,14.169732270192856,18.420651951250715,10.0,110.0,5.518401065296853e-05,10.213315992458353
,,,,,292562.7950866293,50180.0,1.3879300707082238,225048.30391279116,0.0005518401065296853,14.175368387578155,18.427978903851603,10.0,110.0,5.518401065296853e-05,10.213315992458353
,,,,,292581.23039248574,50190.0,1.3884819108147535,225062.48491729613,0.0005518401065296853,14.181004504963456,18.435305856452494,10.0,110.0,5.518401065296853e-05,10.213315992458353
,,,,,292599.6730252948,50200.0,1.3890337509212831,225076.67155791848,0.0005518401065296853,14.186640622348754,18.442632809053382,10.0,110.0,5.518401065296853e-05,10.213315992458353
,,,,,292618.1229850564,50210.0,1.3895855910278128,225090.86383465823,0.0005518401065296853,14.192276739734053,18.44995976165427,10.0,110.0,5.518401065296853e-05,10.213315992458353
,,,,,292636.58027177065,50220.0,1.3901374311343424,225105.06174751534,0.0005518401065296853,14.197912857119352,18.457286714255158,10.0,110.0,5.518401065296853e-05,10.213315992458353
,,,,,292655.0448854375,50230.0,1.390689271240872,225119.26529648984,0.0005518401065296853,14.20354897450465,18.464613666856046,10.0,110.0,5.518401065296853e-05,10.213315992458353
,,,,,292673.516826057,50240.0,1.3912411113474017,225133.47448158174,0.0005518401065296853,14.209185091889951,18.471940619456937,10.0,110.0,5.518401065296853e-05,10.213315992458353
,,,,,292691.99609362904,50250.0,1.3917929514539313,225147.68930279103,0.0005518401065296853,14.21482120927525,18.479267572057825,10.0,110.0,5.518401065296853e-05,10.213315992458353
,,,,,292710.4826881537,50260.0,1.392344791560461,225161.90976011768,0.0005518401065296853,14.220457326660549,18.486594524658713,10.0,110.0,5.518401065296853e-05,10.213315992458353
,,,,,292728.9766096309,50270.0,1.3928966316669906,225176.13585356172,0.0005518401065296853,14.226093444045848,18.4939214772596,10.0,110.0,5.518401065296853e-05,10.213315992458353
,,,,,292747.4778580608,50280.0,1.3934484717735203,225190.36758312315,0.0005518401065296853,14.231729561431147,18.501248429860492,10.0,110.0,5.518401065296853e-05,10.213315992458353
,,,,,292765.98643344326,50290.0,1.39400031188005,225204.60494880198,0.0005518401065296853,14.237365678816445,18.50857538246138,10.0,110.0,5.518401065296853e-05,10.213315992458353
,,,,,292784.5023357783,50300.0,1.3945521519865796,225218.84795059817,0.0005518401065296853,14.243001796201746,18.515902335062272,10.0,110.0,5.518401065296853e-05,10.213315992458353
,,,,,292803.02556506597,50310.0,1.3951039920931092,225233.09658851175,0.0005518401065296853,14.248637913587045,18.52322928766316,10.0,110.0,5.518401065296853e-05,10.213315992458353
,,,,,292821.5561213062,50320.0,1.3956558321996388,225247.35086254272,0.0005518401065296853,14.254274030972343,18.530556240264048,10.0,110.0,5.518401065296853e-05,10.213315992458353
,,,,,292840.0940044991,50330.0,1.3962076723061685,225261.61077269109,0.0005518401065296853,14.259910148357642,18.537883192864935,10.0,110.0,5.518401065296853e-05,10.213315992458353
,,,,,292858.63921464456,50340.0,1.3967595124126981,225275.87631895684,0.0005518401065296853,14.265546265742941,18.545210145465823,10.0,110.0,5.518401065296853e-05,10.213315992458353
,,,,,292877.1917517426,50350.0,1.3973113525192278,225290.14750133996,0.0005518401065296853,14.271182383128242,18.552537098066715,10.0,110.0,5.518401065296853e-05,10.213315992458353
,,,,,292895.75161579327,50360.0,1.3978631926257574,225304.42431984047,0.0005518401065296853,14.27681850051354,18.559864050667603,10.0,110.0,5.518401065296853e-05,10.213315992458353
,,,,,292914.3188067965,50370.0,1.398415032732287,225318.70677445838,0.0005518401065296853,14.28245461789884,18.56719100326849,10.0,110.0,5.518401065296853e-05,10.213315992458353
,,,,,292932.8933247524,50380.0,1.3989668728388167,225332.99486519367,0.0005518401065296853,14.288090735284138,18.57451795586938,10.0,110.0,5.518401065296853e-05,10.213315992458353
,,,,,292951.4751696609,50390.0,1.3995187129453464,225347.28859204633,0.0005518401065296853,14.293726852669437,18.58184490847027,10.0,110.0,5.518401065296853e-05,10.213315992458353
,,,,,292970.06434152194,50400.0,1.400070553051876,225361.58795501638,0.0005518401065296853,14.299362970054737,18.589171861071158,10.0,110.0,5.518401065296853e-05,10.213315992458353
,,,,,292988.6608403356,50410.0,1.4006223931584056,225375.89295410382,0.0005518401065296853,14.304999087440036,18.59649881367205,10.0,110.0,5.518401065296853e-05,10.213315992458353
,,,,,293061.0322621005,50420.0,1.4011742332649353,225431.56327853835,0.0005518401065296853,55.670324434516374,72.37142176487129,10.0,1.0,5.518401065296853e-05,39.731193389701865
,,,,,293182.4510728816,50430.0,1.4013581799671118,225524.96236375454,0.00018394670217656179,93.39908521620654,121.41881078106852,10.0,23.0,1.8394670217656178e-05,66.64897422470429
,,,,,293303.8858214794,50440.0,1.4015421266692882,225618.37370882975,0.00018394670217656179,93.41134507521862,121.4347485977842,10.0,23.0,1.8394670217656178e-05,66.64897422470429
,,,,,293425.33650789387,50450.0,1.4017260733714647,225711.797313764,0.00018394670217656179,93.42360493423071,121.45068641449993,10.0,23.0,1.8394670217656178e-05,66.64897422470429
,,,,,293546.80313212506,50460.0,1.4019100200736412,225805.23317855725,0.00018394670217656179,93.43586479324279,121.46662423121562,10.0,23.0,1.8394670217656178e-05,66.64897422470429
,,,,,293668.285694173,50470.0,1.4020939667758177,225898.6813032095,0.00018394670217656179,93.44812465225486,121.48256204793132,10.0,23.0,1.8394670217656178e-05,66.64897422470429
,,,,,293789.78419403767,50480.0,1.4022779134779941,225992.14168772078,0.00018394670217656179,93.46038451126694,121.49849986464702,10.0,23.0,1.8394670217656178e-05,66.64897422470429
,,,,,293911.298631719,50490.0,1.4024618601801706,226085.61433209106,0.00018394670217656179,93.47264437027903,121.51443768136274,10.0,23.0,1.8394670217656178e-05,66.64897422470429
,,,,,294032.8290072171,50500.0,1.402645806882347,226179.09923632035,0.00018394670217656179,93.4849042292911,121.53037549807844,10.0,23.0,1.8394670217656178e-05,66.64897422470429
,,,,,294154.3753205319,50510.0,1.4028297535845236,226272.59640040866,0.00018394670217656179,93.49716408830318,121.54631331479413,10.0,23.0,1.8394670217656178e-05,66.64897422470429
,,,,,294275.9375716634,50520.0,1.4030137002867,226366.10582435597,0.00018394670217656179,93.50942394731526,121.56225113150984,10.0,23.0,1.8394670217656178e-05,66.64897422470429
,,,,,294397.5157606116,50530.0,1.4031976469888765,226459.6275081623,0.00018394670217656179,93.52168380632735,121.57818894822556,10.0,23.0,1.8394670217656178e-05,66.64897422470429
,,,,,294519.10988737654,50540.0,1.403381593691053,226553.16145182762,0.00018394670217656179,93.53394366533942,121.59412676494125,10.0,23.0,1.8394670217656178e-05,66.64897422470429
,,,,,294640.7199519582,50550.0,1.4035655403932294,226646.70765535196,0.00018394670217656179,93.5462035243515,121.61006458165696,10.0,23.0,1.8394670217656178e-05,66.64897422470429
,,,,,294762.3459543566,50560.0,1.403749487095406,226740.2661187353,0.00018394670217656179,93.55846338336357,121.62600239837265,10.0,23.0,1.8394670217656178e-05,66.64897422470429
,,,,,294883.9878945717,50570.0,1.4039334337975824,226833.8368419777,0.00018394670217656179,93.57072324237565,121.64194021508835,10.0,23.0,1.8394670217656178e-05,66.64897422470429
,,,,,295005.64577260346,50580.0,1.4041173804997589,226927.4198250791,0.00018394670217656179,93.58298310138774,121.65787803180406,10.0,23.0,1.8394670217656178e-05,66.64897422470429
,,,,,295127.319588452,50590.0,1.4043013272019353,227021.0150680395,0.00018394670217656179,93.59524296039982,121.67381584851977,10.0,23.0,1.8394670217656178e-05,66.64897422470429
,,,,,295249.00934211724,50600.0,1.4044852739041118,227114.62257085892,0.00018394670217656179,93.60750281941189,121.68975366523546,10.0,23.0,1.8394670217656178e-05,66.64897422470429
,,,,,295370.7150335992,50610.0,1.4046692206062883,227208.24233353735,0.00018394670217656179,93.61976267842397,121.70569148195116,10.0,23.0,1.8394670217656178e-05,66.64897422470429
,,,,,295653.64708641806,50620.0,1.4048034123136064,227425.88237416724,0.00013419170731805382,217.6400406299044,282.9320528188757,10.0,89.0,1.3419170731805382e-05,154.92562071120506
,,,,,295672.3064248751,50630.0,1.405355252420136,227440.23571144187,0.0005518401065296853,14.353337274627922,18.6593384570163,10.0,110.0,5.518401065296853e-05,10.213315992458353
,,,,,295690.97309028474,50640.0,1.4059070925266657,227454.5946848339,0.0005518401065296853,14.35897339201322,18.66666540961719,10.0,110.0,5.518401065296853e-05,10.213315992458353
,,,,,295709.64708264696,50650.0,1.4064589326331953,227468.95929434328,0.0005518401065296853,14.36460950939852,18.673992362218076,10.0,110.0,5.518401065296853e-05,10.213315992458353
,,,,,295728.3284019618,50660.0,1.407010772739725,227483.32953997006,0.0005518401065296853,14.370245626783818,18.681319314818964,10.0,110.0,5.518401065296853e-05,10.213315992458353
,,,,,295747.0170482292,50670.0,1.4075626128462546,227497.70542171423,0.0005518401065296853,14.375881744169117,18.688646267419852,10.0,110.0,5.518401065296853e-05,10.213315992458353
,,,,,295765.7130214492,50680.0,1.4081144529527843,227512.0869395758,0.0005518401065296853,14.381517861554418,18.695973220020743,10.0,110.0,5.518401065296853e-05,10.213315992458353
,,,,,295784.41632162186,50690.0,1.408666293059314,227526.47409355472,0.0005518401065296853,14.387153978939716,18.70330017262163,10.0,110.0,5.518401065296853e-05,10.213315992458353
,,,,,295803.1269487471,50700.0,1.4092181331658435,227540.86688365103,0.0005518401065296853,14.392790096325015,18.71062712522252,10.0,110.0,5.518401065296853e-05,10.213315992458353
,,,,,295821.8449028249,50710.0,1.4097699732723732,227555.26530986474,0.0005518401065296853,14.398426213710314,18.71795407782341,10.0,110.0,5.518401065296853e-05,10.213315992458353
,,,,,295840.5701838553,50720.0,1.4103218133789028,227569.66937219584,0.0005518401065296853,14.404062331095613,18.7252810304243,10.0,110.0,5.518401065296853e-05,10.213315992458353
,,,,,295859.30279183836,50730.0,1.4108736534854325,227584.07907064434,0.0005518401065296853,14.409698448480913,18.732607983025186,10.0,110.0,5.518401065296853e-05,10.213315992458353
,,,,,295878.042726774,50740.0,1.4114254935919621,227598.4944052102,0.0005518401065296853,14.415334565866212,18.739934935626078,10.0,110.0,5.518401065296853e-05,10.213315992458353
,,,,,295896.78998866223,50750.0,1.4119773336984918,227612.91537589344,0.0005518401065296853,14.420970683251511,18.747261888226966,10.0,110.0,5.518401065296853e-05,10.213315992458353
,,,,,295915.54457750305,50760.0,1.4125291738050214,227627.34198269408,0.0005518401065296853,14.42660680063681,18.754588840827854,10.0,110.0,5.518401065296853e-05,10.213315992458353
,,,,,296037.9472219653,50770.0,1.4127131205071979,227721.49786304968,0.00018394670217656179,94.1558803555858,122.40264446226153,10.0,23.0,1.8394670217656178e-05,66.64897422470429
,,,,,296160.3658042443,50780.0,1.4128970672093744,227815.66600326428,0.00018394670217656179,94.16814021459787,122.41858227897724,10.0,23.0,1.8394670217656178e-05,66.64897422470429
,,,,,296282.80032434,50790.0,1.4130810139115508,227909.8464033379,0.00018394670217656179,94.18040007360996,122.43452009569295,10.0,23.0,1.8394670217656178e-05,66.64897422470429
,,,,,296405.2507822524,50800.0,1.4132649606137273,228004.03906327052,0.00018394670217656179,94.19265993262204,122.45045791240865,10.0,23.0,1.8394670217656178e-05,66.64897422470429
,,,,,296527.7171779815,50810.0,1.4134489073159038,228098.24398306216,0.00018394670217656179,94.20491979163411,122.46639572912434,10.0,23.0,1.8394670217656178e-05,66.64897422470429
,,,,,296650.1995115274,50820.0,1.4136328540180803,228192.4611627128,0.00018394670217656179,94.21717965064619,122.48233354584005,10.0,23.0,1.8394670217656178e-05,66.64897422470429
,,,,,296772.69778288994,50830.0,1.4138168007202567,228286.69060222246,0.00018394670217656179,94.22943950965828,122.49827136255577,10.0,23.0,1.8394670217656178e-05,66.64897422470429
,,,,,296895.2119920692,50840.0,1.4140007474224332,228380.93230159112,0.00018394670217656179,94.24169936867035,122.51420917927146,10.0,23.0,1.8394670217656178e-05,66.64897422470429
,,,,,297017.7421390652,50850.0,1.4141846941246097,228475.1862608188,0.00018394670217656179,94.25395922768243,122.53014699598717,10.0,23.0,1.8394670217656178e-05,66.64897422470429
,,,,,297140.2882238779,50860.0,1.4143686408267861,228569.45247990548,0.00018394670217656179,94.2662190866945,122.54608481270286,10.0,23.0,1.8394670217656178e-05,66.64897422470429
,,,,,297262.8502465073,50870.0,1.4145525875289626,228663.73095885117,0.00018394670217656179,94.2784789457066,122.56202262941858,10.0,23.0,1.8394670217656178e-05,66.64897422470429
,,,,,297385.42820695345,50880.0,1.414736534231139,228758.0216976559,0.00018394670217656179,94.29073880471867,122.57796044613427,10.0,23.0,1.8394670217656178e-05,66.64897422470429
,,,,,297508.0221052163,50890.0,1.4149204809333156,228852.32469631964,0.00018394670217656179,94.30299866373075,122.59389826284998,10.0,23.0,1.8394670217656178e-05,66.64897422470429
,,,,,297630.63194129587,50900.0,1.415104427635492,228946.6399548424,0.00018394670217656179,94.31525852274282,122.60983607956567,10.0,23.0,1.8394670217656178e-05,66.64897422470429
,,,,,297753.25771519216,50910.0,1.4152883743376685,229040.96747322415,0.00018394670217656179,94.3275183817549,122.62577389628137,10.0,23.0,1.8394670217656178e-05,66.64897422470429
,,,,,297875.89942690515,50920.0,1.415472321039845,229135.30725146492,0.00018394670217656179,94.33977824076699,122.6417117129971,10.0,23.0,1.8394670217656178e-05,66.64897422470429
,,,,,297998.55707643484,50930.0,1.4156562677420215,229229.6592895647,0.00018394670217656179,94.35203809977907,122.65764952971278,10.0,23.0,1.8394670217656178e-05,66.64897422470429
,,,,,298121.2306637813,50940.0,1.415840214444198,229324.0235875235,0.00018394670217656179,94.36429795879114,122.67358734642849,10.0,23.0,1.8394670217656178e-05,66.64897422470429
,,,,,298243.92018894444,50950.0,1.4160241611463744,229418.4001453413,0.00018394670217656179,94.37655781780322,122.68952516314418,10.0,23.0,1.8394670217656178e-05,66.64897422470429
,,,,,298366.6256519243,50960.0,1.416208107848551,229512.7889630181,0.00018394670217656179,94.38881767681531,122.7054629798599,10.0,23.0,1.8394670217656178e-05,66.64897422470429
,,,,,298489.34705272084,50970.0,1.4163920545507274,229607.19004055392,0.00018394670217656179,94.40107753582738,122.72140079657561,10.0,23.0,1.8394670217656178e-05,66.64897422470429
,,,,,298612.08439133415,50980.0,1.4165760012529038,229701.60337794875,0.00018394670217656179,94.41333739483946,122.7373386132913,10.0,23.0,1.8394670217656178e-05,66.64897422470429
,,,,,298734.83766776416,50990.0,1.4167599479550803,229796.0289752026,0.00018394670217656179,94.42559725385154,122.753276430007,10.0,23.0,1.8394670217656178e-05,66.64897422470429
,,,,,298857.6068820109,51000.0,1.4169438946572568,229890.46683231546,0.00018394670217656179,94.43785711286361,122.7692142467227,10.0,23.0,1.8394670217656178e-05,66.64897422470429
,,,,,298980.3920340743,51010.0,1.4171278413594333,229984.91694928735,0.00018394670217656179,94.4501169718757,122.78515206343842,10.0,23.0,1.8394670217656178e-05,66.64897422470429
,,,,,299103.19312395446,51020.0,1.4173117880616097,230079.37932611824,0.00018394670217656179,94.46237683088778,122.80108988015411,10.0,23.0,1.8394670217656178e-05,66.64897422470429
,,,,,299226.01015165134,51030.0,1.4174957347637862,230173.85396280815,0.00018394670217656179,94.47463668989985,122.81702769686981,10.0,23.0,1.8394670217656178e-05,66.64897422470429
,,,,,299348.8431171649,51040.0,1.4176796814659627,230268.34085935706,0.00018394670217656179,94.48689654891193,122.8329655135855,10.0,23.0,1.8394670217656178e-05,66.64897422470429
,,,,,299471.6920204952,51050.0,1.4178636281681392,230362.840015765,0.00018394670217656179,94.49915640792402,122.84890333030123,10.0,23.0,1.8394670217656178e-05,66.64897422470429
,,,,,299594.5568616422,51060.0,1.4180475748703156,230457.35143203192,0.00018394670217656179,94.5114162669361,122.86484114701693,10.0,23.0,1.8394670217656178e-05,66.64897422470429
,,,,,299717.43764060596,51070.0,1.418231521572492,230551.87510815787,0.00018394670217656179,94.52367612594817,122.88077896373262,10.0,23.0,1.8394670217656178e-05,66.64897422470429
,,,,,299840.3343573864,51080.0,1.4184154682746686,230646.41104414282,0.00018394670217656179,94.53593598496025,122.89671678044833,10.0,23.0,1.8394670217656178e-05,66.64897422470429
,,,,,299963.24701198353,51090.0,1.418599414976845,230740.95923998678,0.00018394670217656179,94.54819584397234,122.91265459716404,10.0,23.0,1.8394670217656178e-05,66.64897422470429
,,,,,300086.17560439743,51100.0,1.4187833616790215,230835.51969568976,0.00018394670217656179,94.56045570298441,122.92859241387974,10.0,23.0,1.8394670217656178e-05,66.64897422470429
