Timestamp,NP Chiller High Level Status WCC_N_2_3_Motor FLA Loading,NP Chiller Hard-wired Status WCC_NP_2_3_FM_01_FR,NP Chiller High Level Status WCC_N_2_3_Running Hours,condensing_delta_t,chilled_delta_t,small_delta_t,NP WCC Power WCC_2_3_Power
2025-05-21 11:15:00,81.5,504.1956,0,5.4999999999999964,6.6000000000000005,2.4000000000000057,0.0
2025-05-21 11:18:00,80.5,492.1441,0,5.4999999999999964,6.800000000000001,2.4000000000000057,0.0
2025-05-21 11:21:00,80.5,489.9306,0,5.4999999999999964,6.9,2.3000000000000043,0.0
2025-05-21 11:24:00,80.5,498.2928,0,5.599999999999998,6.9,2.4000000000000057,0.0
2025-05-21 11:27:00,81.0,499.5226,0,5.599999999999998,6.800000000000001,2.5,0.0
2025-05-21 11:30:00,82.0,503.2118,0,5.699999999999999,6.9,2.3000000000000043,0.0
2025-05-21 11:33:00,81.0,507.147,0,5.699999999999999,6.9,2.3000000000000043,0.0
2025-05-21 11:36:00,81.5,530.2662,0,5.699999999999999,6.800000000000001,2.3000000000000043,0.0
2025-05-21 11:39:00,82.0,524.3634,0,5.599999999999998,6.800000000000001,2.4000000000000057,0.0
2025-05-21 11:42:00,81.5,510.0984,0,5.599999999999998,6.800000000000001,2.3000000000000043,0.0
2025-05-21 11:45:00,80.5,508.1308,0,5.5000000000000036,7.000000000000001,2.3999999999999986,0.0
2025-05-21 11:48:00,80.5,515.7552,1,5.5000000000000036,6.9,2.3999999999999986,0.0
2025-05-21 11:51:00,81.5,510.8362,1,5.5000000000000036,6.9,2.3999999999999986,0.0
2025-05-21 11:54:00,81.0,507.147,1,5.5000000000000036,6.799999999999999,2.299999999999997,0.0
2025-05-21 11:57:00,78.0,500.2604,1,5.400000000000002,6.799999999999999,2.1000000000000014,0.0
2025-05-21 12:00:00,78.0,497.309,1,5.399999999999999,6.799999999999999,2.299999999999997,0.0
2025-05-21 12:03:00,78.5,500.7523,1,5.399999999999999,6.9,2.200000000000003,0.0
2025-05-21 12:06:00,76.5,474.4358,1,5.399999999999999,7.000000000000001,2.1000000000000014,0.0
2025-05-21 12:09:00,75.5,458.941,1,5.199999999999996,7.000000000000001,2.200000000000003,0.0
2025-05-21 12:12:00,74.0,459.9248,1,5.100000000000001,6.9,2.0999999999999943,0.0
2025-05-21 12:15:00,73.0,467.3032,1,5.100000000000001,6.9,2.0999999999999943,0.0
2025-05-21 12:18:00,74.0,470.7465,1,5.100000000000001,6.9,2.0999999999999943,0.0
2025-05-21 12:21:00,73.5,475.1736,1,5.100000000000001,6.800000000000001,2.1999999999999957,0.0
2025-05-21 12:24:00,73.5,481.3224,1,5.0000000000000036,6.699999999999999,2.1999999999999957,0.0
2025-05-21 12:27:00,73.5,486.7332,1,5.100000000000001,6.6,2.0999999999999943,0.0
2025-05-21 12:30:00,73.0,465.3356,1,5.0,6.700000000000001,2.1999999999999957,0.0
2025-05-21 12:33:00,73.0,468.7789,1,5.0,6.800000000000001,2.1999999999999957,0.0
2025-05-21 12:36:00,71.5,458.941,1,4.899999999999999,6.9,2.200000000000003,0.0
2025-05-21 12:39:00,72.0,455.2517,1,5.0,6.800000000000001,2.1000000000000014,0.0
2025-05-21 12:42:00,71.0,457.9572,1,4.899999999999999,6.699999999999999,2.200000000000003,0.0
2025-05-21 12:45:00,72.0,459.1869,1,4.800000000000001,6.699999999999999,2.200000000000003,0.0
2025-05-21 12:48:00,70.5,458.4491,2,4.800000000000001,6.799999999999999,2.200000000000003,0.0
2025-05-21 12:51:00,69.5,454.7599,2,4.800000000000001,6.699999999999999,2.0,0.0
2025-05-21 12:54:00,69.5,459.9248,2,4.600000000000001,6.699999999999999,2.1999999999999993,0.0
2025-05-21 12:57:00,70.0,462.6302,2,4.699999999999999,6.6,2.200000000000003,0.0
2025-05-21 13:00:00,70.0,466.3194,2,4.800000000000001,6.5,2.1000000000000014,0.0
2025-05-21 13:03:00,70.0,467.3032,2,4.800000000000001,6.5,2.1000000000000014,0.0
2025-05-21 13:06:00,71.0,473.6979,2,4.800000000000001,6.5,2.1000000000000014,0.0
2025-05-21 13:09:00,70.0,454.7599,2,4.800000000000001,6.6,2.1000000000000014,0.0
2025-05-21 13:12:00,70.5,454.022,2,4.800000000000001,6.699999999999999,2.1000000000000014,0.0
2025-05-21 13:15:00,70.0,451.5625,2,4.800000000000001,6.699999999999999,2.1000000000000014,0.0
2025-05-21 13:18:00,69.5,456.7274,2,4.800000000000001,6.6,2.1000000000000014,0.0
2025-05-21 13:21:00,71.0,470.0087,2,4.800000000000001,6.699999999999999,2.1000000000000014,0.0
2025-05-21 13:24:00,70.5,468.7789,2,4.800000000000001,6.6,2.1000000000000014,0.0
2025-05-21 13:27:00,71.0,465.8275,2,4.800000000000001,6.6,2.1000000000000014,0.0
2025-05-21 13:30:00,71.5,473.9438,2,4.800000000000001,6.499999999999999,2.200000000000003,0.0
2025-05-21 13:33:00,71.0,471.4844,2,4.900000000000002,6.6,2.1000000000000014,0.0
2025-05-21 13:36:00,70.5,473.6979,2,4.800000000000001,6.6,2.200000000000003,0.0
2025-05-21 13:39:00,70.5,478.8629,2,4.800000000000001,6.499999999999999,2.200000000000003,0.0
2025-05-21 13:42:00,71.0,466.5654,2,4.800000000000001,6.6000000000000005,2.200000000000003,0.0
2025-05-21 13:45:00,71.5,472.2223,2,4.900000000000002,6.6000000000000005,2.1999999999999957,0.0
2025-05-21 13:48:00,72.0,470.0087,3,4.900000000000002,6.6000000000000005,2.1999999999999957,0.0
2025-05-21 13:51:00,72.0,470.7465,3,4.900000000000002,6.700000000000001,2.1999999999999957,0.0
2025-05-21 13:54:00,71.0,466.3194,3,4.800000000000001,6.6,2.200000000000003,0.0
2025-05-21 13:57:00,71.0,472.7141,3,4.900000000000002,6.6,2.1000000000000014,0.0
2025-05-21 14:00:00,72.0,461.6464,3,4.900000000000002,6.6,2.1000000000000014,0.0
2025-05-21 14:03:00,71.5,473.9438,3,4.900000000000002,6.700000000000001,2.1000000000000014,0.0
2025-05-21 14:06:00,72.0,467.5492,3,4.900000000000002,6.700000000000001,2.1000000000000014,0.0
2025-05-21 14:09:00,71.5,469.5168,3,4.800000000000001,6.700000000000001,2.1000000000000014,0.0
2025-05-21 14:12:00,71.5,471.4844,3,4.800000000000001,6.6,2.1999999999999957,0.0
2025-05-21 14:15:00,71.5,468.287,3,4.800000000000001,6.6,2.1999999999999957,0.0
2025-05-21 14:18:00,72.0,471.4844,3,4.900000000000002,6.6000000000000005,2.0999999999999943,0.0
2025-05-21 14:21:00,72.0,477.6331,3,4.900000000000002,6.499999999999999,2.0999999999999943,0.0
2025-05-21 14:24:00,72.5,479.6007,3,4.900000000000002,6.6000000000000005,2.0999999999999943,0.0
2025-05-21 14:27:00,72.0,473.452,3,4.900000000000002,6.499999999999999,2.0999999999999943,0.0
2025-05-21 14:30:00,72.5,479.6007,3,4.900000000000002,6.499999999999999,2.0999999999999943,0.0
2025-05-21 14:33:00,72.0,473.9438,3,4.900000000000002,6.6,2.0999999999999943,0.0
2025-05-21 14:36:00,73.0,494.1117,3,4.9999999999999964,6.499999999999999,2.200000000000003,0.0
2025-05-21 14:39:00,72.0,483.5359,3,4.9999999999999964,6.499999999999999,2.200000000000003,0.0
2025-05-21 14:42:00,72.5,486.2413,3,4.9999999999999964,6.499999999999999,2.200000000000003,0.0
2025-05-21 14:45:00,73.0,483.5359,3,4.9999999999999964,6.6,2.200000000000003,0.0
2025-05-21 14:48:00,72.0,470.2546,4,4.899999999999999,6.6000000000000005,2.200000000000003,0.0
2025-05-21 14:51:00,72.5,474.9276,4,4.899999999999999,6.6000000000000005,2.3000000000000043,0.0
2025-05-21 14:54:00,73.5,473.6979,4,5.0,6.6000000000000005,2.200000000000003,0.0
2025-05-21 14:57:00,73.5,479.6007,4,5.0,6.700000000000001,2.200000000000003,0.0
2025-05-21 15:00:00,74.0,480.5845,4,5.100000000000001,6.700000000000001,2.1000000000000014,0.0
2025-05-21 15:03:00,73.5,479.3548,4,5.100000000000001,6.700000000000001,2.1000000000000014,0.0
2025-05-21 15:06:00,73.5,469.0249,4,5.100000000000001,6.700000000000001,2.1000000000000014,0.0
2025-05-21 15:09:00,72.5,477.6331,4,4.899999999999999,6.700000000000001,2.200000000000003,0.0
2025-05-21 15:12:00,73.5,471.4844,4,5.0,6.700000000000001,2.1000000000000014,0.0
2025-05-21 15:15:00,73.0,465.3356,4,4.899999999999999,6.800000000000001,2.200000000000003,0.0
2025-05-21 15:18:00,73.0,468.7789,4,5.0,6.800000000000001,2.1000000000000014,0.0
2025-05-21 15:21:00,74.0,482.0602,4,5.0,6.700000000000001,2.200000000000003,0.0
2025-05-21 15:24:00,75.0,489.1927,4,5.0,6.700000000000001,2.200000000000003,0.0
2025-05-21 15:27:00,75.0,484.5197,4,5.0,6.700000000000001,2.200000000000003,0.0
2025-05-21 15:30:00,74.0,478.6169,4,5.0,6.700000000000001,2.200000000000003,0.0
2025-05-21 15:33:00,74.0,477.3871,4,5.0,6.6,2.200000000000003,0.0
2025-05-21 15:36:00,75.0,477.3871,4,5.0,6.6,2.200000000000003,0.0
2025-05-21 15:39:00,73.0,475.9114,4,5.0,6.699999999999999,2.1000000000000014,0.0
2025-05-21 15:42:00,72.5,470.9925,4,4.899999999999999,6.699999999999999,2.200000000000003,0.0
2025-05-21 15:45:00,73.5,478.125,4,5.0,6.699999999999999,2.1000000000000014,0.0
2025-05-21 15:48:00,73.0,475.6655,5,4.899999999999999,6.699999999999999,2.200000000000003,0.0
2025-05-21 15:51:00,72.5,472.7141,5,4.799999999999997,6.5,2.3000000000000043,0.0
2025-05-21 15:54:00,72.5,470.9925,5,4.899999999999999,6.6,2.1000000000000014,0.0
2025-05-21 15:57:00,71.5,454.2679,5,4.899999999999999,6.699999999999999,2.1000000000000014,0.0
2025-05-21 16:00:00,72.5,466.5654,5,4.799999999999997,6.6,2.200000000000003,0.0
2025-05-21 16:03:00,72.5,467.5492,5,4.899999999999999,6.6,2.1000000000000014,0.0
2025-05-21 16:06:00,73.0,459.9248,5,4.799999999999997,6.799999999999999,2.200000000000003,0.0
2025-05-21 16:09:00,72.0,453.5301,5,4.700000000000003,6.699999999999999,2.0999999999999943,0.0
2025-05-21 16:12:00,71.0,450.3327,5,4.800000000000004,6.8999999999999995,2.0999999999999943,0.0
2025-05-21 16:15:00,71.5,457.2193,5,4.899999999999999,6.699999999999999,2.1000000000000014,0.0
2025-05-21 16:18:00,71.5,457.2193,5,4.800000000000004,6.799999999999999,2.0999999999999943,0.0
2025-05-21 16:21:00,70.0,457.2193,5,4.800000000000004,6.799999999999999,2.0,0.0
2025-05-21 16:24:00,70.0,455.2517,5,4.800000000000004,6.6,2.0999999999999943,0.0
2025-05-21 16:27:00,70.5,446.8895,5,4.700000000000003,6.699999999999999,2.1000000000000014,0.0
2025-05-21 16:30:00,70.0,448.6111,5,4.700000000000003,6.799999999999999,2.1000000000000014,0.0
2025-05-21 16:33:00,69.0,437.5434,5,4.700000000000003,6.799999999999999,2.1000000000000014,0.0
2025-05-21 16:36:00,68.5,442.7083,5,4.5,6.499999999999999,1.8000000000000043,0.0
2025-05-21 16:39:00,72.0,453.5301,5,4.600000000000001,6.299999999999999,2.0,0.0
2025-05-21 16:42:00,74.0,454.2679,5,4.700000000000003,6.499999999999999,2.0999999999999943,0.0
2025-05-21 16:48:00,73.5,440.0029,6,4.700000000000003,6.700000000000001,2.0999999999999943,0.0
2025-05-21 16:51:00,71.5,432.1325,6,4.600000000000001,6.800000000000001,2.1000000000000014,0.0
2025-05-21 16:54:00,71.0,434.592,6,4.600000000000001,6.9,2.1000000000000014,0.0
2025-05-21 16:57:00,71.0,432.1325,6,4.600000000000001,6.800000000000001,2.1000000000000014,0.0
2025-05-21 17:00:00,71.0,439.265,6,4.600000000000001,6.800000000000001,2.1000000000000014,0.0
2025-05-21 17:03:00,71.0,455.2517,6,4.700000000000003,6.799999999999999,2.0999999999999943,0.0
2025-05-21 17:06:00,71.5,467.0573,6,4.799999999999997,6.699999999999999,2.1000000000000014,0.0
2025-05-21 17:09:00,73.0,480.0926,6,4.799999999999997,6.6,2.200000000000003,0.0
2025-05-21 17:12:00,73.5,481.8142,6,4.799999999999997,6.499999999999999,2.3000000000000043,0.0
2025-05-21 17:15:00,74.0,471.4844,6,5.0,6.6,2.1000000000000014,0.0
2025-05-21 17:18:00,73.5,462.3843,6,4.799999999999997,6.700000000000001,2.3000000000000043,0.0
2025-05-21 17:21:00,73.5,461.1545,6,4.799999999999997,6.700000000000001,2.200000000000003,0.0
2025-05-21 17:24:00,72.5,452.3004,6,4.899999999999999,6.800000000000001,2.1000000000000014,0.0
2025-05-21 17:27:00,72.5,451.5625,6,4.799999999999997,6.800000000000001,2.200000000000003,0.0
2025-05-21 17:30:00,73.0,451.5625,6,4.799999999999997,6.800000000000001,2.200000000000003,0.0
2025-05-21 17:33:00,72.0,451.8085,6,4.799999999999997,6.800000000000001,2.1000000000000014,0.0
2025-05-21 17:36:00,70.5,447.3813,6,4.700000000000003,6.800000000000001,2.0999999999999943,0.0
2025-05-21 17:39:00,72.5,451.5625,6,4.799999999999997,6.800000000000001,2.200000000000003,0.0
2025-05-21 17:42:00,73.0,461.6464,6,4.899999999999999,6.800000000000001,2.1000000000000014,0.0
2025-05-21 17:45:00,73.0,460.1707,6,4.899999999999999,6.700000000000001,2.1000000000000014,0.0
2025-05-21 17:48:00,72.5,448.8571,7,4.799999999999997,6.800000000000001,2.200000000000003,0.0
2025-05-21 17:51:00,71.5,431.6406,7,4.799999999999997,6.9,2.0,0.0
2025-05-21 17:54:00,69.5,436.3137,7,4.700000000000003,6.800000000000001,2.0,0.0
2025-05-21 17:57:00,71.5,427.7054,7,4.5,6.6000000000000005,2.0,0.0
2025-05-21 18:00:00,72.5,435.8218,7,4.5,6.499999999999999,2.0,0.0
2025-05-21 18:03:00,73.0,430.9027,7,4.600000000000001,6.700000000000001,2.1000000000000014,0.0
2025-05-21 18:06:00,72.5,429.673,7,4.600000000000001,6.700000000000001,2.0,0.0
2025-05-21 18:09:00,71.0,421.0648,7,4.600000000000001,6.800000000000001,2.0,0.0
2025-05-21 18:12:00,70.5,421.0648,7,4.5,6.800000000000001,2.0,0.0
2025-05-21 18:15:00,69.0,418.6053,7,4.5,6.699999999999999,2.0,0.0
2025-05-21 18:18:00,69.5,432.1325,7,4.5,6.699999999999999,2.1000000000000014,0.0
2025-05-21 18:21:00,70.0,425.7379,7,4.600000000000001,6.699999999999999,2.0,0.0
2025-05-21 18:24:00,69.5,423.5243,7,4.5,6.799999999999999,2.1000000000000014,0.0
2025-05-21 18:27:00,68.5,422.0486,7,4.5,6.699999999999999,1.7000000000000028,0.0
2025-05-21 18:30:00,70.5,424.7541,7,4.300000000000001,6.499999999999999,1.9999999999999964,0.0
2025-05-21 18:33:00,71.5,436.3137,7,4.399999999999999,6.3999999999999995,2.1000000000000014,0.0
2025-05-21 18:36:00,70.0,454.022,7,4.5,6.3999999999999995,2.1000000000000014,0.0
2025-05-21 18:39:00,72.0,448.6111,7,4.5,6.3,2.0,0.0
2025-05-21 18:42:00,71.0,442.9543,7,4.5,6.3999999999999995,2.1000000000000014,0.0
2025-05-21 18:45:00,70.5,449.3489,7,4.5,6.5,2.1000000000000014,0.0
2025-05-21 18:48:00,69.0,424.7541,8,4.5,6.6,2.0,0.0
2025-05-21 18:51:00,68.0,417.8675,8,4.399999999999999,6.5,2.0,0.0
2025-05-21 18:54:00,66.0,417.1296,8,4.199999999999999,6.4,1.9000000000000021,0.0
2025-05-21 18:57:00,67.0,430.6568,8,4.199999999999999,6.2,1.9000000000000021,0.0
2025-05-21 19:00:00,67.5,430.6568,8,4.199999999999999,6.1000000000000005,2.0000000000000036,0.0
2025-05-21 19:03:00,68.0,420.8188,8,4.300000000000001,6.300000000000001,1.9999999999999964,0.0
2025-05-21 19:06:00,66.0,419.0972,8,4.300000000000001,6.500000000000001,1.9999999999999964,0.0
2025-05-21 19:09:00,62.5,406.7998,8,4.100000000000001,6.300000000000001,1.6999999999999957,0.0
2025-05-21 19:12:00,64.0,386.386,8,4.0,6.4,1.8999999999999986,0.0
2025-05-21 19:15:00,65.0,481.3224,8,4.0,6.1000000000000005,2.1000000000000014,0.0
2025-05-21 19:18:00,72.0,479.3548,8,4.399999999999999,6.000000000000001,2.200000000000003,0.0
2025-05-21 19:21:00,71.5,484.7656,8,4.600000000000001,5.999999999999999,2.1000000000000014,0.0
2025-05-21 19:24:00,70.0,476.8952,8,4.600000000000001,6.1,2.0,0.0
2025-05-21 19:27:00,71.5,481.8142,8,4.600000000000001,5.999999999999999,2.1000000000000014,0.0
2025-05-21 19:30:00,70.0,482.5521,8,4.600000000000001,6.1,2.1000000000000014,0.0
2025-05-21 19:33:00,70.0,481.8142,8,4.600000000000001,6.1,2.1000000000000014,0.0
2025-05-21 19:36:00,71.0,498.0469,8,4.600000000000001,5.999999999999999,2.1999999999999957,0.0
2025-05-21 19:39:00,71.0,503.9496,8,4.700000000000003,5.999999999999999,2.1999999999999957,0.0
2025-05-21 19:42:00,70.5,501.7361,8,4.700000000000003,5.999999999999999,2.1999999999999957,0.0
2025-05-21 19:45:00,70.5,497.0631,8,4.700000000000003,6.1,2.0999999999999943,0.0
2025-05-21 19:48:00,69.5,486.9792,9,4.700000000000003,6.1,2.0,0.0
2025-05-21 19:51:00,69.0,484.2737,9,4.600000000000001,6.0,2.1000000000000014,0.0
2025-05-21 19:54:00,68.5,489.9306,9,4.600000000000001,6.0,2.1000000000000014,0.0
2025-05-21 19:57:00,69.0,484.5197,9,4.700000000000003,6.0,2.0999999999999943,0.0
2025-05-21 20:00:00,68.5,481.8142,9,4.5,6.1,1.8999999999999986,0.0
2025-05-21 20:03:00,70.0,503.9496,9,4.5,5.6,2.1000000000000014,0.0
2025-05-21 20:06:00,75.5,502.7199,9,4.799999999999997,5.799999999999999,2.200000000000003,0.0
2025-05-21 20:09:00,76.0,494.1117,9,4.699999999999996,5.999999999999999,2.200000000000003,0.0
2025-05-21 20:12:00,74.0,490.6684,9,4.799999999999997,6.1,2.1000000000000014,0.0
2025-05-21 20:15:00,74.5,496.8171,9,4.799999999999997,6.1,2.200000000000003,0.0
2025-05-21 20:18:00,74.0,495.8333,9,4.899999999999999,6.1,2.1000000000000014,0.0
2025-05-21 20:21:00,74.5,493.3738,9,4.899999999999999,6.199999999999999,2.1000000000000014,0.0
2025-05-21 20:24:00,73.0,490.9144,9,4.899999999999999,6.1,2.1000000000000014,0.0
2025-05-21 20:27:00,72.0,482.0602,9,4.799999999999997,6.3,2.1000000000000014,0.0
2025-05-21 20:30:00,71.0,478.371,9,4.799999999999997,6.3,2.1000000000000014,0.0
2025-05-21 20:33:00,70.5,483.5359,9,4.699999999999996,6.199999999999999,2.200000000000003,0.0
2025-05-21 20:36:00,71.5,493.1279,9,4.799999999999997,6.199999999999999,2.1000000000000014,0.0
2025-05-21 20:39:00,72.5,520.1823,9,4.899999999999999,6.0,2.200000000000003,0.0
2025-05-21 20:42:00,74.0,512.8038,9,5.0,6.0,2.1999999999999957,0.0
2025-05-21 20:45:00,73.5,513.7876,9,5.0,6.0,2.1000000000000014,0.0
2025-05-21 20:48:00,72.5,504.4415,10,5.0,6.1,2.1000000000000014,0.0
2025-05-21 20:51:00,71.0,492.1441,10,4.899999999999999,6.1,2.1000000000000014,0.0
2025-05-21 20:54:00,71.5,486.9792,10,4.899999999999999,6.199999999999999,2.1000000000000014,0.0
2025-05-21 20:57:00,70.0,483.2899,10,4.699999999999996,6.199999999999999,2.1000000000000014,0.0
2025-05-21 21:00:00,69.5,478.6169,10,4.699999999999999,6.199999999999999,2.1000000000000014,0.0
2025-05-21 21:03:00,67.5,470.9925,10,4.600000000000001,6.3,2.0,0.0
2025-05-21 21:06:00,69.5,468.533,10,4.5,5.8999999999999995,1.8999999999999986,0.0
2025-05-21 21:09:00,70.0,471.2384,10,4.5,5.8999999999999995,2.0,0.0
2025-05-21 21:12:00,71.5,534.9393,10,4.600000000000001,5.9,2.299999999999997,0.0
2025-05-21 21:15:00,74.0,546.9907,10,5.0,5.7,2.1999999999999957,0.0
2025-05-21 21:18:00,75.5,575.2749,10,5.0,5.6000000000000005,2.3999999999999986,0.0
2025-05-21 21:21:00,76.5,568.3883,10,5.199999999999996,5.7,2.3000000000000043,0.0
2025-05-21 21:24:00,77.0,549.6962,10,5.199999999999996,5.500000000000001,2.3000000000000043,0.0
2025-05-21 21:27:00,76.0,532.4797,10,5.100000000000001,5.800000000000001,2.299999999999997,0.0
2025-05-21 21:30:00,74.5,525.3472,10,5.100000000000001,6.000000000000001,2.0999999999999943,0.0
2025-05-21 21:33:00,72.0,510.0984,10,5.0,6.000000000000001,2.1000000000000014,0.0
2025-05-21 21:36:00,71.0,531.25,10,4.899999999999999,5.799999999999999,2.0,0.0
2025-05-21 21:39:00,74.0,538.6285,10,5.0,5.800000000000001,2.1999999999999957,0.0
2025-05-21 21:42:00,74.0,545.2691,10,5.0,5.800000000000001,2.1999999999999957,0.0
2025-05-21 21:45:00,74.0,542.5637,10,5.100000000000001,5.700000000000001,2.0999999999999943,0.0
2025-05-21 21:48:00,73.0,533.7095,11,5.0,5.9,2.1999999999999957,0.0
2025-05-21 21:51:00,72.0,523.8715,11,5.0,5.9,2.1000000000000014,0.0
2025-05-21 21:54:00,73.0,523.1337,11,5.0,5.9,2.1000000000000014,0.0
2025-05-21 21:57:00,73.0,524.1175,11,5.0,5.9,2.1000000000000014,0.0
2025-05-21 22:00:00,75.0,542.3177,11,5.100000000000001,5.800000000000001,2.1999999999999957,0.0
2025-05-21 22:03:00,72.0,463.614,11,4.800000000000001,6.0,2.1000000000000014,0.0
2025-05-21 22:06:00,72.5,577.7344,11,4.599999999999998,5.4,2.1000000000000014,0.0
2025-05-21 22:09:00,80.5,563.4694,11,5.0000000000000036,5.5,2.299999999999997,0.0
2025-05-21 22:12:00,78.0,553.6313,11,5.099999999999998,5.8,2.200000000000003,0.0
2025-05-21 22:15:00,78.5,560.5179,11,5.099999999999998,5.8,2.3000000000000043,0.0
2025-05-21 22:18:00,77.5,545.761,11,5.199999999999999,5.800000000000001,2.200000000000003,0.0
2025-05-21 22:21:00,77.5,565.4369,11,5.300000000000001,5.800000000000001,2.200000000000003,0.0
2025-05-21 22:24:00,78.0,562.9774,11,5.300000000000001,5.800000000000001,2.200000000000003,0.0
2025-05-21 22:27:00,76.5,564.945,11,5.300000000000001,5.800000000000001,2.200000000000003,0.0
2025-05-21 22:30:00,76.5,567.1586,11,5.300000000000001,5.800000000000001,2.200000000000003,0.0
2025-05-21 22:33:00,77.0,576.7506,11,5.400000000000002,5.800000000000001,2.1999999999999957,0.0
2025-05-21 22:36:00,76.5,574.2911,11,5.400000000000002,5.800000000000001,2.1999999999999957,0.0
2025-05-21 22:39:00,77.5,571.8316,11,5.400000000000002,5.800000000000001,2.299999999999997,0.0
2025-05-21 22:42:00,77.5,563.7153,11,5.400000000000002,5.800000000000001,2.1999999999999957,0.0
2025-05-21 22:45:00,76.0,572.0775,11,5.300000000000001,5.800000000000001,2.200000000000003,0.0
2025-05-21 22:48:00,76.0,573.0613,12,5.300000000000001,5.800000000000001,2.200000000000003,0.0
2025-05-21 22:51:00,77.0,561.7477,12,5.300000000000001,5.800000000000001,2.200000000000003,0.0
2025-05-21 22:54:00,75.5,547.7286,12,5.199999999999999,5.9,2.200000000000003,0.0
2025-05-21 22:57:00,75.0,536.6609,12,5.300000000000001,5.800000000000001,2.1000000000000014,0.0
2025-05-21 23:00:00,71.0,506.9011,12,4.900000000000002,6.1000000000000005,2.0,0.0
2025-05-21 23:03:00,71.0,486.7332,12,4.800000000000001,6.1000000000000005,2.1000000000000014,0.0
2025-05-21 23:06:00,67.0,470.7465,12,4.699999999999999,6.1000000000000005,1.7999999999999972,0.0
2025-05-21 23:09:00,68.5,480.8304,12,4.400000000000002,5.6000000000000005,2.0,0.0
2025-05-21 23:12:00,70.5,478.6169,12,4.4999999999999964,6.2,2.0,0.0
2025-05-21 23:15:00,71.5,495.3414,12,4.699999999999999,5.5,2.0,0.0
2025-05-21 23:18:00,69.0,476.4034,12,4.599999999999998,5.8,1.8999999999999986,0.0
2025-05-21 23:21:00,69.0,470.9925,12,4.4999999999999964,5.8999999999999995,2.0,0.0
2025-05-21 23:24:00,66.5,468.7789,12,4.400000000000002,5.8999999999999995,2.0,0.0
2025-05-21 23:27:00,65.5,460.1707,12,4.400000000000002,5.8,2.0,0.0
2025-05-21 23:30:00,65.5,471.2384,12,4.199999999999999,5.6,1.8999999999999986,0.0
2025-05-21 23:33:00,65.0,456.7274,12,4.199999999999999,5.5,2.0,0.0
2025-05-21 23:36:00,65.0,467.3032,12,4.199999999999999,5.5,2.0,0.0
2025-05-21 23:39:00,65.0,479.6007,12,4.199999999999999,5.6,2.0,0.0
2025-05-21 23:42:00,66.0,466.0735,12,4.300000000000001,5.5,2.1000000000000014,0.0
2025-05-21 23:45:00,66.0,480.0926,12,4.400000000000002,5.6,1.8999999999999986,0.0
2025-05-21 23:48:00,66.0,467.5492,13,4.100000000000001,5.5,2.0,0.0
2025-05-21 23:51:00,66.0,464.1059,13,4.200000000000003,5.699999999999999,1.8999999999999986,0.0
2025-05-21 23:54:00,65.0,436.8056,13,4.100000000000001,5.699999999999999,2.0,0.0
2025-05-21 23:57:00,65.0,438.7731,13,4.100000000000001,5.699999999999999,2.0,0.0
2025-05-22 00:00:00,64.5,455.2517,13,4.100000000000001,5.699999999999999,2.0,0.0
2025-05-22 00:03:00,63.5,429.4271,13,4.0,5.6,1.8999999999999986,0.0
2025-05-22 00:06:00,62.5,429.673,13,4.0,5.699999999999999,1.8000000000000043,0.0
2025-05-22 00:09:00,63.5,434.1001,13,3.900000000000002,5.699999999999999,1.9000000000000021,0.0
2025-05-22 00:12:00,63.0,424.2621,13,3.900000000000002,5.6,1.9999999999999964,0.0
2025-05-22 00:15:00,61.0,426.4757,13,3.900000000000002,5.6,1.9000000000000021,0.0
2025-05-22 00:18:00,62.0,435.5758,13,3.8000000000000007,5.6,1.9000000000000021,0.0
2025-05-22 00:21:00,61.5,435.5758,13,3.8000000000000007,5.6,1.9000000000000021,0.0
2025-05-22 00:24:00,62.0,422.2946,13,3.8999999999999986,5.6,1.8999999999999986,0.0
2025-05-22 00:27:00,60.5,425.7379,13,3.8000000000000007,5.5,1.8000000000000007,0.0
2025-05-22 00:30:00,61.0,429.4271,13,3.8000000000000007,5.6,1.8000000000000007,0.0
2025-05-22 00:33:00,60.5,414.6701,13,3.8000000000000007,5.5,1.8000000000000007,0.0
2025-05-22 00:36:00,59.5,418.6053,13,3.8000000000000007,5.6,1.8000000000000007,0.0
2025-05-22 00:39:00,60.0,418.6053,13,3.599999999999998,5.5,1.9000000000000021,0.0
2025-05-22 00:42:00,59.5,415.6539,13,3.599999999999998,5.5,1.9000000000000021,0.0
2025-05-22 00:45:00,59.0,414.9161,13,3.599999999999998,5.4,1.8000000000000007,0.0
2025-05-22 00:48:00,58.5,419.3432,14,3.599999999999998,5.4,1.8000000000000007,0.0
2025-05-22 00:51:00,59.0,408.7674,14,3.599999999999998,5.4,1.8000000000000007,0.0
2025-05-22 00:54:00,58.0,410.735,14,3.5,5.6,1.8999999999999986,0.0
2025-05-22 00:57:00,58.5,414.1782,14,3.599999999999998,5.5,1.8000000000000007,0.0
2025-05-22 01:00:00,58.0,410.489,14,3.599999999999998,5.4,1.8000000000000007,0.0
2025-05-22 01:03:00,58.5,439.0191,14,3.6999999999999993,5.300000000000001,1.8000000000000007,0.0
2025-05-22 01:06:00,59.0,445.4138,14,3.6999999999999993,5.200000000000001,1.9000000000000021,0.0
2025-05-22 01:09:00,58.5,433.1163,14,3.6999999999999993,5.1,1.8000000000000007,0.0
2025-05-22 01:12:00,58.5,435.8218,14,3.6999999999999993,5.1,1.8000000000000007,0.0
2025-05-22 01:15:00,58.0,445.1678,14,3.6999999999999993,5.199999999999999,1.8000000000000007,0.0
2025-05-22 01:18:00,57.5,427.2136,14,3.6000000000000014,5.199999999999999,1.8999999999999986,0.0
2025-05-22 01:21:00,57.0,423.2784,14,3.6000000000000014,5.199999999999999,1.8999999999999986,0.0
2025-05-22 01:24:00,57.5,435.5758,14,3.6000000000000014,5.199999999999999,1.7999999999999972,0.0
2025-05-22 01:27:00,57.5,426.9676,14,3.6000000000000014,5.1,1.7999999999999972,0.0
2025-05-22 01:30:00,57.0,431.8866,14,3.6000000000000014,5.1,1.7999999999999972,0.0
2025-05-22 01:33:00,57.5,438.2813,14,3.6000000000000014,5.1,1.7999999999999972,0.0
2025-05-22 01:36:00,58.0,437.7894,14,3.6000000000000014,5.1,1.7999999999999972,0.0
2025-05-22 01:39:00,58.0,432.1325,14,3.5,5.1,1.8999999999999986,0.0
2025-05-22 01:42:00,57.5,431.6406,14,3.6000000000000014,5.1,1.7999999999999972,0.0
2025-05-22 01:45:00,57.0,426.7216,14,3.5,5.199999999999999,1.7999999999999972,0.0
2025-05-22 01:48:00,55.5,422.0486,15,3.5,5.1,1.7000000000000028,0.0
2025-05-22 01:51:00,55.5,423.5243,15,3.5,5.0,1.7000000000000028,0.0
2025-05-22 01:54:00,56.0,425.4919,15,3.5,5.0,1.7000000000000028,0.0
2025-05-22 01:57:00,55.5,423.5243,15,3.3999999999999986,5.0,1.8000000000000043,0.0
2025-05-22 02:00:00,55.5,427.2136,15,3.3999999999999986,5.0,1.8000000000000043,0.0
2025-05-22 02:03:00,56.0,424.0162,15,3.3999999999999986,4.9,1.8000000000000043,0.0
2025-05-22 02:06:00,52.5,399.6672,15,3.3000000000000007,5.000000000000001,1.6999999999999993,0.0
2025-05-22 02:09:00,49.5,376.3021,15,3.0,4.800000000000001,1.6000000000000014,0.0
2025-05-22 02:12:00,48.0,373.5966,15,2.8000000000000007,4.699999999999999,1.6999999999999993,0.0
2025-05-22 02:15:00,48.5,369.4155,15,2.8000000000000007,4.699999999999999,1.5999999999999979,0.0
2025-05-22 02:18:00,47.5,375.3183,15,2.8000000000000007,4.699999999999999,1.6999999999999993,0.0
2025-05-22 02:21:00,47.5,375.3183,15,2.8000000000000007,4.699999999999999,1.5999999999999979,0.0
2025-05-22 02:24:00,47.0,368.1858,15,2.6999999999999993,4.699999999999999,1.6999999999999993,0.0
2025-05-22 02:27:00,47.0,373.1047,15,2.6999999999999993,4.699999999999999,1.6999999999999993,0.0
2025-05-22 02:30:00,47.0,373.8426,15,2.6999999999999993,4.699999999999999,1.6999999999999993,0.0
2025-05-22 02:33:00,47.5,366.7101,15,2.6999999999999993,4.699999999999999,1.6999999999999993,0.0
2025-05-22 02:36:00,47.0,376.548,15,2.6999999999999993,4.699999999999999,1.6999999999999993,0.0
2025-05-22 02:39:00,47.0,370.3993,15,2.6999999999999993,4.699999999999999,1.5999999999999979,0.0
2025-05-22 02:42:00,47.0,365.7263,15,2.6999999999999993,4.699999999999999,1.6999999999999993,0.0
2025-05-22 02:45:00,47.5,376.794,15,2.6999999999999993,4.699999999999999,1.5999999999999979,0.0
2025-05-22 02:48:00,47.5,372.3669,16,2.6999999999999993,4.699999999999999,1.5999999999999979,0.0
2025-05-22 02:51:00,47.5,370.3993,16,2.6999999999999993,4.699999999999999,1.6999999999999993,0.0
2025-05-22 02:54:00,46.5,375.3183,16,2.6999999999999993,4.699999999999999,1.5999999999999979,0.0
2025-05-22 02:57:00,46.5,370.3993,16,2.6999999999999993,4.6,1.6999999999999993,0.0
2025-05-22 03:00:00,46.5,370.6453,16,2.6999999999999993,4.6,1.5999999999999979,0.0
2025-05-22 03:03:00,46.5,368.9236,16,2.6999999999999993,4.699999999999999,1.6999999999999993,0.0
2025-05-22 03:06:00,47.0,366.7101,16,2.6999999999999993,4.699999999999999,1.5999999999999979,0.0
2025-05-22 03:09:00,46.5,367.9398,16,2.6999999999999993,4.700000000000001,1.6999999999999993,0.0
2025-05-22 03:12:00,47.5,370.1534,16,2.6999999999999993,4.800000000000001,1.8000000000000007,0.0
2025-05-22 03:15:00,48.0,372.8588,16,2.8000000000000007,4.9,1.6999999999999993,0.0
2025-05-22 03:18:00,47.5,371.875,16,2.6999999999999993,4.8,1.8000000000000007,0.0
2025-05-22 03:21:00,48.0,374.3345,16,2.6999999999999993,4.8,1.8000000000000007,0.0
2025-05-22 03:24:00,48.0,363.2668,16,2.6999999999999993,4.8,1.8000000000000007,0.0
2025-05-22 03:27:00,47.5,375.5642,16,2.6999999999999993,4.8,1.8000000000000007,0.0
2025-05-22 03:30:00,47.5,362.7749,16,2.8000000000000007,4.8999999999999995,1.6999999999999993,0.0
2025-05-22 03:33:00,48.0,368.6777,16,2.8000000000000007,4.9,1.6999999999999993,0.0
2025-05-22 03:36:00,48.0,378.5156,16,2.8000000000000007,4.9,1.6999999999999993,0.0
2025-05-22 03:39:00,48.0,369.4155,16,2.8000000000000007,4.8,1.8000000000000007,0.0
2025-05-22 03:42:00,48.0,368.1858,16,2.8000000000000007,4.9,1.6999999999999993,0.0
2025-05-22 03:45:00,48.0,376.0562,16,2.8000000000000007,4.9,1.8000000000000007,0.0
2025-05-22 03:48:00,48.0,376.3021,17,2.8000000000000007,4.800000000000001,1.8000000000000007,0.0
2025-05-22 03:51:00,48.0,370.1534,17,2.8000000000000007,4.800000000000001,1.6999999999999993,0.0
2025-05-22 03:54:00,47.5,363.0208,17,2.8000000000000007,4.700000000000001,1.6999999999999993,0.0
2025-05-22 03:57:00,47.0,370.6453,17,2.6999999999999993,4.800000000000001,1.8000000000000007,0.0
2025-05-22 04:00:00,48.0,377.5318,17,2.6999999999999993,4.800000000000001,1.8000000000000007,0.0
2025-05-22 04:03:00,46.5,368.9236,17,2.6999999999999993,4.699999999999999,1.5999999999999979,0.0
2025-05-22 04:06:00,47.0,377.2859,17,2.6999999999999993,4.699999999999999,1.6999999999999993,0.0
2025-05-22 04:09:00,47.0,370.3993,17,2.6999999999999993,4.6,1.6999999999999993,0.0
2025-05-22 04:12:00,46.5,362.7749,17,2.6999999999999993,4.699999999999999,1.5999999999999979,0.0
2025-05-22 04:15:00,47.0,369.9074,17,2.6999999999999993,4.699999999999999,1.5999999999999979,0.0
2025-05-22 04:18:00,46.5,373.5966,17,2.6999999999999993,4.699999999999999,1.5999999999999979,0.0
2025-05-22 04:21:00,46.5,385.8941,17,2.6999999999999993,4.6,1.5999999999999979,0.0
2025-05-22 04:24:00,47.0,384.9103,17,2.6999999999999993,4.6,1.5999999999999979,0.0
2025-05-22 04:27:00,46.5,377.5318,17,2.6999999999999993,4.6,1.5999999999999979,0.0
2025-05-22 04:30:00,46.5,366.4641,17,2.6999999999999993,4.6,1.5999999999999979,0.0
2025-05-22 04:33:00,46.0,369.9074,17,2.6000000000000014,4.6,1.6999999999999957,0.0
2025-05-22 04:36:00,47.0,384.6644,17,2.6999999999999993,4.499999999999999,1.5999999999999979,0.0
2025-05-22 04:39:00,47.0,392.2888,17,2.6999999999999993,4.499999999999999,1.8000000000000007,0.0
2025-05-22 04:42:00,47.0,391.059,17,2.6999999999999993,4.499999999999999,1.8000000000000007,0.0
2025-05-22 04:45:00,47.0,400.897,17,2.6999999999999993,4.499999999999999,1.8000000000000007,0.0
2025-05-22 04:48:00,47.5,397.4537,18,2.6999999999999993,4.6,1.6999999999999993,0.0
2025-05-22 04:51:00,47.0,391.059,18,2.6999999999999993,4.499999999999999,1.8000000000000007,0.0
2025-05-22 04:54:00,47.0,386.386,18,2.6999999999999993,4.3999999999999995,1.6999999999999993,0.0
2025-05-22 04:57:00,47.0,387.1238,18,2.6999999999999993,4.5,1.6999999999999993,0.0
2025-05-22 05:00:00,46.5,391.5509,18,2.6999999999999993,4.5,1.6999999999999993,0.0
2025-05-22 05:03:00,47.0,398.9294,18,2.6999999999999993,4.499999999999999,1.8000000000000007,0.0
2025-05-22 05:06:00,47.0,405.57,18,2.6999999999999993,4.499999999999999,1.8000000000000007,0.0
2025-05-22 05:09:00,48.0,402.1267,18,2.8000000000000007,4.499999999999999,1.6999999999999993,0.0
2025-05-22 05:12:00,49.0,398.1916,18,2.8000000000000007,4.499999999999999,1.8000000000000007,0.0
2025-05-22 05:15:00,48.0,391.305,18,2.8000000000000007,4.6,1.6999999999999993,0.0
2025-05-22 05:18:00,48.5,399.6672,18,2.8000000000000007,4.6,1.8000000000000007,0.0
2025-05-22 05:21:00,49.0,396.9618,18,2.8000000000000007,4.6,1.8000000000000007,0.0
2025-05-22 05:24:00,50.0,402.6187,18,2.8000000000000007,4.499999999999999,1.8000000000000007,0.0
2025-05-22 05:27:00,49.0,402.6187,18,2.8000000000000007,4.6,1.8000000000000007,0.0
2025-05-22 05:30:00,49.0,407.5376,18,2.8000000000000007,4.499999999999999,1.8000000000000007,0.0
2025-05-22 05:33:00,49.5,411.2269,18,2.8000000000000007,4.499999999999999,1.8000000000000007,0.0
2025-05-22 05:36:00,50.0,418.1134,18,2.8999999999999986,4.3999999999999995,1.8000000000000043,0.0
2025-05-22 05:39:00,50.0,421.0648,18,3.0,4.3999999999999995,1.7000000000000028,0.0
2025-05-22 05:42:00,51.5,427.7054,18,3.0,4.499999999999999,1.7999999999999972,0.0
2025-05-22 05:45:00,51.5,431.3947,18,3.0,4.499999999999999,1.7999999999999972,0.0
2025-05-22 05:48:00,52.0,429.1812,19,3.0,4.499999999999999,1.7999999999999972,0.0
2025-05-22 05:51:00,51.5,429.4271,19,3.0,4.6000000000000005,1.7999999999999972,0.0
2025-05-22 05:54:00,51.0,436.3137,19,3.1000000000000014,4.8,1.6999999999999957,0.0
2025-05-22 05:57:00,52.5,435.0839,19,3.1000000000000014,4.7,1.8999999999999986,0.0
2025-05-22 06:00:00,52.0,435.0839,19,3.1000000000000014,4.7,1.7999999999999972,0.0
2025-05-22 06:03:00,54.0,440.4948,19,3.200000000000003,4.7,2.0,0.0
2025-05-22 06:06:00,55.0,447.6273,19,3.3000000000000007,4.8,1.9000000000000021,0.0
2025-05-22 06:09:00,54.5,447.8733,19,3.3000000000000007,4.8,1.9000000000000021,0.0
2025-05-22 06:12:00,56.0,441.4786,19,3.3000000000000007,4.8,2.0000000000000036,0.0
2025-05-22 06:15:00,56.5,440.2488,19,3.400000000000002,4.8999999999999995,1.9000000000000021,0.0
2025-05-22 06:18:00,55.5,442.4624,19,3.400000000000002,4.8,1.9000000000000021,0.0
2025-05-22 06:21:00,56.5,460.9086,19,3.400000000000002,4.8,1.9999999999999964,0.0
2025-05-22 06:24:00,58.0,466.0735,19,3.400000000000002,4.8,1.9999999999999964,0.0
2025-05-22 06:27:00,57.5,457.9572,19,3.400000000000002,4.8,1.9999999999999964,0.0
2025-05-22 06:30:00,57.0,457.9572,19,3.400000000000002,4.8,1.9000000000000021,0.0
2025-05-22 06:33:00,58.0,468.287,19,3.5,4.8,1.8999999999999986,0.0
2025-05-22 06:36:00,58.5,481.8142,19,3.400000000000002,4.8,1.9999999999999964,0.0
2025-05-22 06:39:00,59.0,486.9792,19,3.6000000000000014,4.8,1.8999999999999986,0.0
2025-05-22 06:42:00,61.0,485.0116,19,3.6000000000000014,4.8999999999999995,2.0,0.0
2025-05-22 06:45:00,60.0,486.7332,19,3.6999999999999993,4.8999999999999995,2.0,0.0
2025-05-22 06:48:00,60.5,486.7332,20,3.6999999999999993,4.8999999999999995,2.0,0.0
2025-05-22 06:51:00,60.5,480.5845,20,3.6999999999999993,4.999999999999999,2.0,0.0
2025-05-22 06:54:00,61.5,490.4225,20,3.6999999999999993,5.000000000000001,2.1000000000000014,0.0
2025-05-22 06:57:00,62.5,485.5035,20,3.8000000000000007,5.000000000000001,2.0,0.0
2025-05-22 07:00:00,64.0,503.2118,20,3.8000000000000007,5.000000000000001,2.1000000000000014,0.0
2025-05-22 07:03:00,65.0,504.1956,20,3.8000000000000007,5.000000000000001,2.1000000000000014,0.0
2025-05-22 07:06:00,66.0,523.1337,20,3.8999999999999986,5.000000000000001,2.099999999999998,0.0
2025-05-22 07:09:00,69.0,532.2338,20,4.0,5.0,2.3000000000000007,0.0
2025-05-22 07:12:00,69.0,523.6256,20,4.199999999999999,5.0,2.200000000000003,0.0
2025-05-22 07:15:00,68.0,534.6933,20,4.0,5.000000000000001,2.3000000000000007,0.0
2025-05-22 07:18:00,70.0,542.8096,20,4.300000000000001,5.1000000000000005,2.200000000000003,0.0
2025-05-22 07:21:00,74.0,608.478,20,4.5000000000000036,4.800000000000001,2.3999999999999986,0.0
2025-05-22 07:24:00,78.5,628.6458,20,4.900000000000002,5.0,2.5,0.0
2025-05-22 07:27:00,79.5,645.6163,20,5.099999999999998,5.2,2.6000000000000014,0.0
2025-05-22 07:30:00,78.5,547.2367,20,5.099999999999998,5.2,2.6000000000000014,0.0
2025-05-22 07:33:00,70.0,546.9907,20,4.599999999999998,5.3999999999999995,2.200000000000003,0.0
2025-05-22 07:36:00,62.5,497.309,20,4.199999999999999,5.300000000000001,1.7000000000000028,0.0
2025-05-22 07:39:00,64.0,515.7552,20,4.0,4.999999999999999,2.0000000000000036,0.0
2025-05-22 07:42:00,65.5,545.0231,20,4.100000000000001,4.8,1.9999999999999964,0.0
2025-05-22 07:45:00,66.5,545.0231,20,4.100000000000001,4.8,2.099999999999998,0.0
2025-05-22 07:48:00,67.5,540.3501,21,4.100000000000001,4.8,2.1999999999999993,0.0
2025-05-22 07:51:00,67.5,542.5637,21,4.100000000000001,4.8999999999999995,2.1999999999999993,0.0
2025-05-22 07:54:00,68.0,537.8906,21,4.100000000000001,4.8,2.1999999999999993,0.0
2025-05-22 07:57:00,68.5,564.945,21,4.100000000000001,4.8,2.1999999999999993,0.0
2025-05-22 08:00:00,69.0,566.9126,21,4.199999999999999,4.8,2.200000000000003,0.0
2025-05-22 08:03:00,71.0,581.4236,21,4.300000000000001,4.999999999999999,2.299999999999997,0.0
2025-05-22 08:06:00,72.0,588.0643,21,4.600000000000001,4.8999999999999995,2.299999999999997,0.0
2025-05-22 08:09:00,73.0,601.5914,21,4.699999999999996,5.000000000000001,2.3000000000000043,0.0
2025-05-22 08:12:00,74.0,622.4971,21,4.699999999999996,5.1000000000000005,2.4000000000000057,0.0
2025-05-22 08:15:00,72.5,585.6047,21,4.699999999999996,4.8999999999999995,2.3000000000000043,0.0
2025-05-22 08:18:00,70.5,584.129,21,4.600000000000001,5.1,2.299999999999997,0.0
2025-05-22 08:21:00,69.0,542.5637,21,4.600000000000001,5.1,2.0999999999999943,0.0
2025-05-22 08:24:00,71.0,577.2425,21,4.600000000000001,5.2,2.299999999999997,0.0
2025-05-22 08:27:00,69.0,535.923,21,4.600000000000001,5.5,2.1999999999999957,0.0
2025-05-22 08:30:00,70.0,538.3825,21,4.600000000000001,5.5,2.299999999999997,0.0
2025-05-22 08:33:00,69.0,537.3987,21,4.600000000000001,5.5,2.299999999999997,0.0
2025-05-22 08:36:00,70.0,551.1719,21,4.600000000000001,5.300000000000001,2.299999999999997,0.0
2025-05-22 08:39:00,70.0,552.6476,21,4.600000000000001,5.4,2.299999999999997,0.0
2025-05-22 08:42:00,70.0,552.4016,21,4.600000000000001,5.5,2.3999999999999986,0.0
2025-05-22 08:45:00,72.0,548.9583,21,4.699999999999996,5.499999999999999,2.4000000000000057,0.0
2025-05-22 08:48:00,71.5,539.6123,22,4.699999999999996,5.6000000000000005,2.3000000000000043,0.0
2025-05-22 08:51:00,71.5,526.0851,22,4.699999999999996,5.800000000000001,2.3000000000000043,0.0
2025-05-22 08:54:00,70.5,508.8687,22,4.699999999999996,5.9,2.3000000000000043,0.0
2025-05-22 08:57:00,71.0,493.6198,22,4.699999999999996,6.1,2.3000000000000043,0.0
2025-05-22 09:00:00,70.5,474.4358,22,4.600000000000001,6.199999999999999,2.299999999999997,0.0
2025-05-22 09:03:00,71.0,479.3548,22,4.699999999999996,6.200000000000001,2.3000000000000043,0.0
2025-05-22 09:06:00,72.0,489.4387,22,4.699999999999996,6.3,2.5,0.0
2025-05-22 09:09:00,73.0,509.3605,22,4.799999999999997,6.3,2.3999999999999986,0.0
2025-05-22 09:12:00,76.5,521.412,22,5.100000000000001,6.199999999999999,2.5,0.0
2025-05-22 09:15:00,75.5,508.1308,22,5.0,6.3,2.5,0.0
2025-05-22 09:18:00,74.5,512.8038,22,5.0,6.3,2.5,0.0
2025-05-22 09:21:00,75.5,507.8849,22,5.0,6.3,2.5,0.0
2025-05-22 09:24:00,74.5,506.4091,22,5.0,6.3,2.5,0.0
2025-05-22 09:27:00,73.5,498.5388,22,5.0,6.4,2.3999999999999986,0.0
2025-05-22 09:30:00,74.0,488.7008,22,4.899999999999999,6.4,2.5,0.0
2025-05-22 09:33:00,73.0,486.9792,22,4.899999999999999,6.5,2.3999999999999986,0.0
2025-05-22 09:36:00,72.5,500.5063,22,4.899999999999999,6.300000000000001,2.299999999999997,0.0
2025-05-22 09:39:00,75.0,500.9983,22,5.0,6.3,2.3999999999999986,0.0
2025-05-22 09:42:00,75.5,499.5226,22,5.100000000000001,6.499999999999999,2.3999999999999986,0.0
2025-05-22 09:45:00,77.0,494.3576,22,5.100000000000001,6.6000000000000005,2.5,0.0
2025-05-22 09:48:00,77.5,497.309,23,5.100000000000001,6.7,2.5,0.0
2025-05-22 09:51:00,76.5,496.8171,23,5.100000000000001,6.6000000000000005,2.5,0.0
2025-05-22 09:54:00,76.5,496.8171,23,5.100000000000001,6.7,2.5,0.0
2025-05-22 09:57:00,76.0,491.8981,23,5.100000000000001,6.7,2.3999999999999986,0.0
2025-05-22 10:00:00,76.5,482.5521,23,5.200000000000003,6.700000000000001,2.3999999999999986,0.0
2025-05-22 10:03:00,76.0,491.6522,23,5.100000000000001,6.700000000000001,2.5,0.0
2025-05-22 10:06:00,76.5,506.9011,23,5.200000000000003,6.499999999999999,2.5,0.0
2025-05-22 10:09:00,77.0,515.0174,23,5.100000000000001,6.499999999999999,2.5,0.0
2025-05-22 10:12:00,77.0,518.7066,23,5.200000000000003,6.3999999999999995,2.5,0.0
2025-05-22 10:15:00,77.5,524.8553,23,5.199999999999996,6.3,2.5,0.0
2025-05-22 10:18:00,78.5,520.1823,23,5.299999999999997,6.3,2.4000000000000057,0.0
2025-05-22 10:21:00,78.0,534.6933,23,5.200000000000003,6.4,2.5999999999999943,0.0
2025-05-22 10:24:00,78.5,529.0364,23,5.200000000000003,6.4,2.5999999999999943,0.0
2025-05-22 10:27:00,80.5,546.4988,23,5.299999999999997,6.3,2.6000000000000014,0.0
2025-05-22 10:30:00,79.5,530.0203,23,5.299999999999997,6.5,2.6000000000000014,0.0
2025-05-22 10:33:00,79.5,538.8744,23,5.299999999999997,6.4,2.5,0.0
2025-05-22 10:36:00,80.0,528.7905,23,5.299999999999997,6.5,2.6000000000000014,0.0
2025-05-22 10:39:00,80.0,535.4312,23,5.399999999999999,6.499999999999999,2.6000000000000014,0.0
2025-05-22 10:42:00,80.5,530.5121,23,5.399999999999999,6.499999999999999,2.6000000000000014,0.0
2025-05-22 10:45:00,81.0,536.1689,23,5.399999999999999,6.5,2.5,0.0
2025-05-22 10:48:00,82.5,534.9393,24,5.5,6.6,2.5,0.0
2025-05-22 10:51:00,83.0,538.3825,24,5.5,6.6000000000000005,2.6000000000000014,0.0
2025-05-22 10:54:00,83.0,528.7905,24,5.5,6.6000000000000005,2.6000000000000014,0.0
2025-05-22 10:57:00,82.0,530.2662,24,5.5,6.700000000000001,2.6000000000000014,0.0
2025-05-22 11:00:00,83.0,548.2205,24,5.5,6.6000000000000005,2.6000000000000014,0.0
2025-05-22 11:03:00,84.0,544.7772,24,5.600000000000001,6.500000000000001,2.6000000000000014,0.0
2025-05-22 11:06:00,83.5,532.7257,24,5.600000000000001,6.7,2.6000000000000014,0.0
2025-05-22 11:09:00,83.0,535.923,24,5.600000000000001,6.6000000000000005,2.5,0.0
2025-05-22 11:12:00,83.0,521.9039,24,5.5,6.700000000000001,2.6000000000000014,0.0
2025-05-22 11:15:00,82.5,516.739,24,5.5,6.800000000000001,2.6000000000000014,0.0
2025-05-22 11:18:00,81.0,505.6713,24,5.5,6.800000000000001,2.3999999999999986,0.0
2025-05-22 11:21:00,81.0,502.7199,24,5.399999999999999,6.9,2.5,0.0
2025-05-22 11:24:00,80.5,503.4577,24,5.299999999999997,6.9,2.6000000000000014,0.0
2025-05-22 11:27:00,81.0,504.6875,24,5.399999999999999,6.800000000000001,2.5,0.0
2025-05-22 11:30:00,81.0,504.1956,24,5.399999999999999,6.800000000000001,2.5,0.0
2025-05-22 11:33:00,80.5,512.5579,24,5.399999999999999,6.800000000000001,2.6000000000000014,0.0
2025-05-22 11:36:00,80.5,516.2471,24,5.399999999999999,6.700000000000001,2.6000000000000014,0.0
2025-05-22 11:39:00,82.0,531.7419,24,5.5,6.6000000000000005,2.6000000000000014,0.0
2025-05-22 11:42:00,82.0,505.4254,24,5.5,6.6000000000000005,2.6000000000000014,0.0
2025-05-22 11:45:00,81.0,498.2928,24,5.5,6.800000000000001,2.5,0.0
2025-05-22 11:48:00,81.0,505.4254,25,5.5,6.800000000000001,2.5,0.0
2025-05-22 11:51:00,79.5,505.1794,25,5.399999999999999,6.800000000000001,2.5,0.0
2025-05-22 11:54:00,81.0,509.1146,25,5.5,6.800000000000001,2.5,0.0
2025-05-22 11:57:00,80.5,515.2633,25,5.399999999999999,6.800000000000001,2.6000000000000014,0.0
2025-05-22 12:00:00,81.0,496.0793,25,5.399999999999999,6.800000000000001,2.6000000000000014,0.0
2025-05-22 12:03:00,79.0,488.4549,25,5.299999999999997,6.800000000000001,2.5,0.0
2025-05-22 12:06:00,78.5,483.044,25,5.199999999999996,6.9,2.6000000000000014,0.0
2025-05-22 12:09:00,78.0,494.6036,25,5.199999999999996,6.9,2.6000000000000014,0.0
2025-05-22 12:12:00,79.5,498.2928,25,5.299999999999997,6.800000000000001,2.6000000000000014,0.0
2025-05-22 12:15:00,80.0,500.9983,25,5.299999999999997,6.7,2.6000000000000014,0.0
2025-05-22 12:18:00,78.5,502.228,25,5.299999999999997,6.700000000000001,2.5,0.0
2025-05-22 12:21:00,80.0,521.1661,25,5.399999999999999,6.7,2.5,0.0
2025-05-22 12:24:00,80.5,492.39,25,5.5,6.7,2.5,0.0
2025-05-22 12:27:00,79.5,483.7818,25,5.399999999999999,6.9,2.5,0.0
2025-05-22 12:30:00,79.0,491.8981,25,5.399999999999999,6.9,2.3999999999999986,0.0
2025-05-22 12:33:00,80.0,500.5063,25,5.300000000000001,6.9,2.6000000000000014,0.0
2025-05-22 12:36:00,80.0,493.3738,25,5.300000000000001,6.8,2.5,0.0
2025-05-22 12:39:00,79.0,490.6684,25,5.300000000000001,6.8,2.5,0.0
2025-05-22 12:42:00,79.0,508.1308,25,5.399999999999999,6.9,2.3999999999999986,0.0
2025-05-22 12:45:00,79.5,514.5255,25,5.399999999999999,6.8,2.5,0.0
2025-05-22 12:48:00,80.0,503.9496,26,5.300000000000001,6.8,2.5,0.0
2025-05-22 12:51:00,79.0,500.2604,26,5.399999999999999,6.7,2.5,0.0
2025-05-22 12:54:00,80.5,500.7523,26,5.399999999999999,6.8,2.6000000000000014,0.0
2025-05-22 12:57:00,80.5,502.7199,26,5.399999999999999,6.8,2.6000000000000014,0.0
2025-05-22 13:00:00,79.0,497.309,26,5.399999999999999,6.8,2.5,0.0
2025-05-22 13:03:00,80.0,499.7685,26,5.399999999999999,6.8,2.6000000000000014,0.0
2025-05-22 13:06:00,80.5,513.7876,26,5.399999999999999,6.9,2.6000000000000014,0.0
2025-05-22 13:09:00,81.5,515.7552,26,5.5,6.8,2.6000000000000014,0.0
2025-05-22 13:12:00,80.0,509.6065,26,5.5,6.8999999999999995,2.5,0.0
2025-05-22 13:15:00,80.5,505.4254,26,5.5,6.8,2.5,0.0
2025-05-22 13:18:00,81.0,499.2766,26,5.5,6.8,2.5,0.0
2025-05-22 13:21:00,81.0,514.2795,26,5.5,6.8,2.6000000000000014,0.0
2025-05-22 13:24:00,81.5,530.5121,26,5.5,6.8,2.6000000000000014,0.0
2025-05-22 13:27:00,83.0,526.8229,26,5.600000000000001,6.8,2.6999999999999957,0.0
2025-05-22 13:30:00,82.0,515.2633,26,5.5000000000000036,6.8,2.6999999999999957,0.0
2025-05-22 13:33:00,82.5,517.7228,26,5.599999999999998,6.8,2.5,0.0
2025-05-22 13:36:00,83.0,524.8553,26,5.599999999999998,6.8,2.700000000000003,0.0
2025-05-22 13:39:00,83.0,521.9039,26,5.699999999999999,6.8,2.6000000000000014,0.0
2025-05-22 13:42:00,84.0,517.7228,26,5.699999999999999,6.8999999999999995,2.700000000000003,0.0
2025-05-22 13:45:00,85.0,518.2147,26,5.800000000000001,6.8,2.6999999999999957,0.0
2025-05-22 13:48:00,85.0,527.3148,27,5.800000000000001,6.8999999999999995,2.6000000000000014,0.0
2025-05-22 13:51:00,84.0,531.004,27,5.700000000000003,6.8,2.6999999999999957,0.0
2025-05-22 13:54:00,85.5,526.0851,27,5.700000000000003,6.8999999999999995,2.6999999999999957,0.0
2025-05-22 13:57:00,85.0,531.004,27,5.800000000000004,6.8,2.5999999999999943,0.0
2025-05-22 14:00:00,86.0,516.493,27,5.900000000000002,6.8999999999999995,2.5999999999999943,0.0
2025-05-22 14:03:00,85.5,526.577,27,5.800000000000001,6.8999999999999995,2.6000000000000014,0.0
2025-05-22 14:06:00,86.5,538.3825,27,5.800000000000001,6.8999999999999995,2.6999999999999957,0.0
2025-05-22 14:09:00,86.5,537.1528,27,5.800000000000001,6.8999999999999995,2.6999999999999957,0.0
2025-05-22 14:12:00,86.0,524.1175,27,5.900000000000002,6.8999999999999995,2.6000000000000014,0.0
2025-05-22 14:15:00,85.0,531.25,27,5.800000000000001,6.8999999999999995,2.6000000000000014,0.0
2025-05-22 14:18:00,86.5,523.1337,27,5.800000000000001,6.8,2.6000000000000014,0.0
2025-05-22 14:21:00,86.0,527.8067,27,5.800000000000001,6.8999999999999995,2.6000000000000014,0.0
2025-05-22 14:24:00,85.5,532.2338,27,5.800000000000001,6.8,2.6000000000000014,0.0
2025-05-22 14:27:00,86.0,525.3472,27,5.800000000000001,7.0,2.700000000000003,0.0
2025-05-22 14:30:00,86.5,518.9525,27,5.800000000000001,7.0,2.6000000000000014,0.0
2025-05-22 14:33:00,85.5,530.2662,27,5.800000000000001,6.9,2.6000000000000014,0.0
2025-05-22 14:36:00,86.0,529.0364,27,5.800000000000001,6.9,2.700000000000003,0.0
2025-05-22 14:39:00,85.5,516.493,27,5.800000000000001,7.0,2.700000000000003,0.0
2025-05-22 14:42:00,86.0,526.3311,27,5.800000000000001,7.0,2.700000000000003,0.0
2025-05-22 14:45:00,86.5,539.1204,27,5.800000000000001,6.8999999999999995,2.700000000000003,0.0
2025-05-22 14:48:00,87.5,557.3206,28,5.900000000000002,6.8999999999999995,2.6999999999999957,0.0
2025-05-22 14:51:00,88.5,548.4664,28,5.900000000000002,6.7,2.6999999999999957,0.0
2025-05-22 14:54:00,87.5,525.1013,28,5.800000000000001,6.8999999999999995,2.700000000000003,0.0
2025-05-22 14:57:00,86.0,525.3472,28,5.800000000000001,7.0,2.6000000000000014,0.0
2025-05-22 15:00:00,86.0,525.5931,28,5.800000000000001,7.0,2.6000000000000014,0.0
2025-05-22 15:03:00,86.0,520.1823,28,5.699999999999999,7.0,2.6000000000000014,0.0
2025-05-22 15:06:00,85.0,527.3148,28,5.699999999999999,7.0,2.700000000000003,0.0
2025-05-22 15:09:00,86.0,510.5902,28,5.699999999999999,6.9,2.6000000000000014,0.0
2025-05-22 15:12:00,85.5,505.1794,28,5.699999999999999,7.0,2.6000000000000014,0.0
2025-05-22 15:15:00,85.0,496.8171,28,5.599999999999998,7.0,2.700000000000003,0.0
2025-05-22 15:18:00,84.0,511.3281,28,5.599999999999998,7.0,2.6000000000000014,0.0
2025-05-22 15:21:00,83.0,531.496,28,5.599999999999998,7.0,2.6000000000000014,0.0
2025-05-22 15:24:00,87.0,555.1071,28,5.800000000000001,6.7,2.700000000000003,0.0
2025-05-22 15:27:00,87.5,554.3692,28,5.900000000000002,6.7,2.6999999999999957,0.0
2025-05-22 15:30:00,86.0,526.577,28,5.800000000000001,6.8,2.700000000000003,0.0
2025-05-22 15:33:00,82.5,501.7361,28,5.4999999999999964,7.0,2.5,0.0
2025-05-22 15:36:00,82.0,466.5654,28,5.400000000000002,6.799999999999999,2.5,0.0
2025-05-22 15:39:00,78.5,474.6817,28,5.400000000000002,7.1000000000000005,2.3999999999999986,0.0
2025-05-22 15:42:00,79.0,482.3062,28,5.300000000000001,7.1000000000000005,2.3999999999999986,0.0
2025-05-22 15:45:00,77.5,480.8304,28,5.300000000000001,6.9,2.5,0.0
2025-05-22 15:48:00,78.0,478.8629,29,5.300000000000001,7.1000000000000005,2.3999999999999986,0.0
2025-05-22 15:51:00,77.5,471.2384,29,4.800000000000001,7.0,2.5,0.0
2025-05-22 15:54:00,78.0,457.7112,29,4.9999999999999964,7.1000000000000005,2.5,0.0
2025-05-22 15:57:00,74.0,441.7245,29,4.800000000000001,7.000000000000001,2.3999999999999986,0.0
2025-05-22 16:00:00,74.0,460.1707,29,4.800000000000001,7.000000000000001,2.3999999999999986,0.0
2025-05-22 16:03:00,79.5,513.2957,29,5.400000000000002,6.6000000000000005,2.5,0.0
2025-05-22 16:06:00,79.5,521.412,29,5.699999999999999,6.500000000000001,2.5,0.0
2025-05-22 16:09:00,79.5,500.5063,29,5.700000000000003,6.6000000000000005,2.5,0.0
2025-05-22 16:12:00,80.0,500.7523,29,5.700000000000003,6.700000000000001,2.1000000000000014,0.0
2025-05-22 16:15:00,80.0,505.9173,29,5.200000000000003,6.6000000000000005,2.6000000000000014,0.0
2025-05-22 16:18:00,79.5,514.0336,29,5.300000000000001,6.6000000000000005,2.5,0.0
2025-05-22 16:21:00,79.5,520.1823,29,5.300000000000004,6.6000000000000005,2.5,0.0
2025-05-22 16:24:00,79.5,528.5446,29,5.300000000000004,6.500000000000001,2.5999999999999943,0.0
2025-05-22 16:27:00,81.5,519.1985,29,5.300000000000004,6.500000000000001,2.5999999999999943,0.0
2025-05-22 16:30:00,80.5,507.147,29,5.300000000000004,6.6000000000000005,2.5,0.0
2025-05-22 16:33:00,80.5,506.4091,29,5.300000000000004,6.7,2.5,0.0
2025-05-22 16:36:00,81.0,507.8849,29,5.300000000000004,6.8,2.5,0.0
2025-05-22 16:39:00,80.0,499.7685,29,5.300000000000004,6.800000000000001,2.5,0.0
2025-05-22 16:42:00,79.5,494.3576,29,5.200000000000003,6.800000000000001,2.6000000000000014,0.0
2025-05-22 16:45:00,78.5,490.9144,29,5.200000000000003,6.800000000000001,2.5,0.0
2025-05-22 16:48:00,77.5,481.0764,30,5.100000000000001,6.800000000000001,2.5,0.0
2025-05-22 16:51:00,78.0,471.2384,30,5.100000000000001,6.800000000000001,2.5,0.0
2025-05-22 16:54:00,75.5,462.8762,30,5.0,6.9,2.3999999999999986,0.0
2025-05-22 16:57:00,76.5,480.5845,30,5.099999999999998,6.800000000000001,2.3999999999999986,0.0
2025-05-22 17:00:00,77.5,488.7008,30,5.100000000000001,6.699999999999999,2.5,0.0
2025-05-22 17:03:00,78.0,514.5255,30,5.100000000000001,6.6,2.5,0.0
2025-05-22 17:06:00,78.5,511.5741,30,5.200000000000003,6.5,2.5,0.0
2025-05-22 17:09:00,79.0,500.7523,30,5.199999999999999,6.5,2.5,0.0
2025-05-22 17:12:00,77.0,498.0469,30,5.100000000000001,6.6,2.5,0.0
2025-05-22 17:15:00,77.0,488.2089,30,5.100000000000001,6.699999999999999,2.3999999999999986,0.0
2025-05-22 17:18:00,76.0,479.6007,30,4.9999999999999964,6.6,2.4000000000000057,0.0
2025-05-22 17:21:00,76.5,497.8009,30,5.099999999999998,6.5,2.3999999999999986,0.0
2025-05-22 17:24:00,77.0,501.9821,30,5.099999999999998,6.6,2.5,0.0
2025-05-22 17:27:00,78.0,504.4415,30,5.199999999999999,6.6,2.5,0.0
2025-05-22 17:30:00,77.5,495.5874,30,5.100000000000001,6.700000000000001,2.5,0.0
2025-05-22 17:33:00,77.5,477.3871,30,5.199999999999999,6.700000000000001,2.3999999999999986,0.0
2025-05-22 17:36:00,75.5,469.5168,30,4.899999999999999,6.800000000000001,2.5,0.0
2025-05-22 17:39:00,76.5,485.7494,30,5.0,6.700000000000001,2.5,0.0
2025-05-22 17:42:00,77.0,479.3548,30,5.199999999999999,6.700000000000001,2.5,0.0
2025-05-22 17:45:00,77.0,480.0926,30,5.199999999999999,6.700000000000001,2.3999999999999986,0.0
2025-05-22 17:48:00,75.5,462.6302,31,4.899999999999999,6.800000000000001,2.5,0.0
2025-05-22 17:51:00,75.0,459.6788,31,4.9999999999999964,7.000000000000001,2.3000000000000043,0.0
2025-05-22 17:54:00,75.0,476.1574,31,4.899999999999999,6.700000000000001,2.5,0.0
2025-05-22 17:57:00,76.5,500.9983,31,5.100000000000001,6.6000000000000005,2.3999999999999986,0.0
2025-05-22 18:00:00,77.0,506.6551,31,5.100000000000001,6.6000000000000005,2.5,0.0
2025-05-22 18:03:00,77.5,495.5874,31,5.100000000000001,6.6000000000000005,2.5,0.0
2025-05-22 18:06:00,76.5,494.6036,31,5.100000000000001,6.6000000000000005,2.3999999999999986,0.0
2025-05-22 18:09:00,76.5,474.4358,31,5.0,6.7,2.5,0.0
2025-05-22 18:12:00,75.5,463.614,31,4.899999999999999,6.800000000000001,2.5,0.0
2025-05-22 18:15:00,75.5,484.7656,31,4.899999999999999,6.800000000000001,2.5,0.0
2025-05-22 18:18:00,76.5,473.6979,31,5.0,6.800000000000001,2.5,0.0
2025-05-22 18:21:00,76.0,485.9954,31,5.0,6.700000000000001,2.5,0.0
2025-05-22 18:24:00,77.0,477.6331,31,5.0,6.700000000000001,2.5,0.0
2025-05-22 18:27:00,76.5,479.3548,31,4.899999999999999,6.800000000000001,2.5,0.0
2025-05-22 18:30:00,74.5,468.287,31,4.9999999999999964,6.800000000000001,2.4000000000000057,0.0
2025-05-22 18:33:00,74.0,469.0249,31,4.900000000000002,6.800000000000001,2.5,0.0
2025-05-22 18:36:00,74.0,450.3327,31,4.900000000000002,6.800000000000001,2.3999999999999986,0.0
2025-05-22 18:39:00,73.5,462.6302,31,4.800000000000001,6.800000000000001,2.5,0.0
2025-05-22 18:42:00,74.0,449.8409,31,4.800000000000001,6.800000000000001,2.5,0.0
2025-05-22 18:45:00,73.5,440.0029,31,4.800000000000001,6.800000000000001,2.5,0.0
2025-05-22 18:48:00,72.5,458.941,32,4.699999999999999,6.9,2.3999999999999986,0.0
2025-05-22 18:51:00,77.5,548.4664,32,4.9999999999999964,6.299999999999999,2.8000000000000043,0.0
2025-05-22 18:54:00,81.0,543.3015,32,5.300000000000001,6.300000000000001,2.6999999999999957,0.0
2025-05-22 18:57:00,82.0,544.0394,32,5.400000000000002,6.500000000000001,2.6999999999999957,0.0
2025-05-22 19:00:00,82.0,532.9717,32,5.400000000000002,6.500000000000001,2.6999999999999957,0.0
2025-05-22 19:03:00,79.5,528.0527,32,5.300000000000001,6.6000000000000005,2.6000000000000014,0.0
2025-05-22 19:06:00,80.5,510.3443,32,5.300000000000001,6.6000000000000005,2.6000000000000014,0.0
2025-05-22 19:09:00,79.0,507.147,32,5.300000000000001,6.800000000000001,2.5,0.0
2025-05-22 19:12:00,80.5,515.5093,32,5.400000000000002,6.700000000000001,2.6000000000000014,0.0
2025-05-22 19:15:00,80.0,505.6713,32,5.400000000000002,6.700000000000001,2.5,0.0
2025-05-22 19:18:00,79.0,499.5226,32,5.400000000000002,6.800000000000001,2.5,0.0
2025-05-22 19:21:00,78.0,478.6169,32,5.300000000000001,6.800000000000001,2.5,0.0
2025-05-22 19:24:00,77.5,490.4225,32,5.199999999999999,6.9,2.5,0.0
2025-05-22 19:27:00,78.0,479.8466,32,5.199999999999999,6.800000000000001,2.6000000000000014,0.0
2025-05-22 19:30:00,77.0,489.4387,32,5.099999999999998,6.8999999999999995,2.5,0.0
2025-05-22 19:33:00,77.0,478.125,32,5.099999999999998,6.799999999999999,2.5,0.0
2025-05-22 19:36:00,75.5,467.3032,32,5.0000000000000036,6.8,2.5,0.0
2025-05-22 19:39:00,75.0,479.6007,32,5.0000000000000036,6.699999999999999,2.5,0.0
2025-05-22 19:42:00,75.0,465.3356,32,5.0000000000000036,6.7,2.3999999999999986,0.0
2025-05-22 19:45:00,73.5,471.9763,32,4.900000000000002,6.8,2.3999999999999986,0.0
2025-05-22 19:48:00,72.0,445.6598,33,4.800000000000001,6.699999999999999,2.3999999999999986,0.0
2025-05-22 19:51:00,70.5,456.2355,33,4.699999999999999,6.8,2.3000000000000043,0.0
2025-05-22 19:54:00,70.0,442.7083,33,4.5000000000000036,6.3,2.0999999999999943,0.0
2025-05-22 19:57:00,73.5,457.9572,33,4.599999999999998,6.3,2.4000000000000057,0.0
2025-05-22 20:00:00,75.0,456.2355,33,4.800000000000001,6.3999999999999995,2.5,0.0
2025-05-22 20:03:00,73.0,440.7407,33,4.800000000000001,6.6,2.3999999999999986,0.0
2025-05-22 20:06:00,71.0,446.8895,33,4.599999999999998,6.6,2.4000000000000057,0.0
2025-05-22 20:09:00,72.5,477.1412,33,4.800000000000001,6.5,2.3999999999999986,0.0
2025-05-22 20:12:00,73.5,495.8333,33,4.800000000000001,6.3999999999999995,2.5,0.0
2025-05-22 20:15:00,73.5,501.4901,33,4.900000000000002,6.3999999999999995,2.5,0.0
2025-05-22 20:18:00,74.5,507.6389,33,4.900000000000002,6.3999999999999995,2.5,0.0
2025-05-22 20:21:00,74.0,493.6198,33,5.0000000000000036,6.3999999999999995,2.5,0.0
2025-05-22 20:24:00,74.0,498.0469,33,4.900000000000002,6.3999999999999995,2.6000000000000014,0.0
2025-05-22 20:27:00,73.5,472.7141,33,4.900000000000002,6.5,2.5,0.0
2025-05-22 20:30:00,72.0,468.287,33,4.800000000000001,6.6,2.5,0.0
2025-05-22 20:33:00,71.0,454.7599,33,4.800000000000001,6.5,2.299999999999997,0.0
2025-05-22 20:36:00,72.0,485.9954,33,4.800000000000001,6.4,2.5,0.0
2025-05-22 20:39:00,70.5,474.6817,33,4.800000000000001,6.4,2.5,0.0
2025-05-22 20:42:00,71.0,451.0706,33,4.800000000000001,6.4,2.3999999999999986,0.0
2025-05-22 20:45:00,71.0,464.1059,33,4.800000000000001,6.6,2.299999999999997,0.0
2025-05-22 20:48:00,70.5,453.0382,34,4.800000000000001,6.6,2.3999999999999986,0.0
2025-05-22 20:51:00,70.0,452.7923,34,4.699999999999999,6.5,2.3999999999999986,0.0
2025-05-22 20:54:00,71.0,466.0735,34,4.800000000000001,6.5,2.5,0.0
2025-05-22 20:57:00,71.0,464.8438,34,4.800000000000001,6.5,2.5,0.0
2025-05-22 21:00:00,71.0,452.7923,34,4.800000000000001,6.5,2.5,0.0
2025-05-22 21:03:00,72.5,470.2546,34,4.800000000000001,6.5,2.5,0.0
2025-05-22 21:06:00,71.0,464.1059,34,4.800000000000001,6.6,2.5,0.0
2025-05-22 21:09:00,72.0,466.3194,34,4.800000000000001,6.5,2.5,0.0
2025-05-22 21:12:00,71.5,453.5301,34,4.800000000000001,6.6,2.5,0.0
2025-05-22 21:15:00,70.5,444.9219,34,4.800000000000001,6.699999999999999,2.299999999999997,0.0
2025-05-22 21:18:00,72.5,464.5978,34,4.5000000000000036,6.3,2.3999999999999986,0.0
2025-05-22 21:21:00,77.0,470.2546,34,4.800000000000001,6.3,2.6000000000000014,0.0
2025-05-22 21:24:00,77.0,478.6169,34,5.0000000000000036,6.5,2.5,0.0
2025-05-22 21:27:00,76.5,488.7008,34,5.0000000000000036,6.5,2.5,0.0
2025-05-22 21:30:00,77.5,485.5035,34,5.099999999999998,6.6,2.6000000000000014,0.0
2025-05-22 21:33:00,76.5,477.3871,34,5.099999999999998,6.6,2.6000000000000014,0.0
2025-05-22 21:36:00,76.5,487.2251,34,5.099999999999998,6.6,2.6000000000000014,0.0
2025-05-22 21:39:00,76.5,476.4034,34,5.099999999999998,6.699999999999999,2.6000000000000014,0.0
2025-05-22 21:42:00,75.5,477.1412,34,5.099999999999998,6.8,2.6000000000000014,0.0
2025-05-22 21:45:00,76.0,464.5978,34,5.099999999999998,6.699999999999999,2.5,0.0
2025-05-22 21:48:00,74.0,462.8762,35,5.0000000000000036,6.8,2.5,0.0
2025-05-22 21:51:00,72.5,450.0868,35,4.900000000000002,6.7,2.5,0.0
2025-05-22 21:54:00,70.5,440.0029,35,4.800000000000001,6.6,2.3999999999999986,0.0
2025-05-22 21:57:00,70.0,468.7789,35,4.599999999999998,6.3,2.200000000000003,0.0
2025-05-22 22:00:00,72.5,446.6435,35,4.699999999999999,6.2,2.3999999999999986,0.0
2025-05-22 22:03:00,69.0,398.9294,35,4.599999999999998,6.7,2.3000000000000043,0.0
2025-05-22 22:06:00,63.0,386.14,35,4.300000000000001,6.8,2.0,0.0
2025-05-22 22:09:00,72.0,496.5712,35,4.5000000000000036,6.1,2.3999999999999986,0.0
2025-05-22 22:12:00,78.5,532.9717,35,5.099999999999998,5.9,2.700000000000003,0.0
2025-05-22 22:15:00,79.0,539.6123,35,5.300000000000001,6.3,2.700000000000003,0.0
2025-05-22 22:18:00,80.0,542.5637,35,5.400000000000002,6.2,2.6999999999999957,0.0
2025-05-22 22:21:00,81.0,537.1528,35,5.300000000000001,6.3,2.799999999999997,0.0
2025-05-22 22:24:00,79.5,541.088,35,5.300000000000001,6.3,2.6999999999999957,0.0
2025-05-22 22:27:00,80.0,528.5446,35,5.400000000000002,6.4,2.6999999999999957,0.0
2025-05-22 22:30:00,80.0,534.9393,35,5.400000000000002,6.4,2.6999999999999957,0.0
2025-05-22 22:33:00,80.5,538.3825,35,5.400000000000002,6.4,2.799999999999997,0.0
2025-05-22 22:36:00,80.5,540.1042,35,5.300000000000004,6.4,2.799999999999997,0.0
2025-05-22 22:39:00,80.0,525.1013,35,5.400000000000002,6.300000000000001,2.799999999999997,0.0
2025-05-22 22:42:00,76.5,490.9144,35,5.200000000000003,6.6000000000000005,2.5,0.0
2025-05-22 22:45:00,76.0,489.6846,35,5.200000000000003,6.500000000000001,2.5,0.0
2025-05-22 22:48:00,75.0,490.9144,36,5.100000000000001,6.500000000000001,2.3999999999999986,0.0
2025-05-22 22:51:00,74.5,497.8009,36,5.100000000000001,6.300000000000001,2.5,0.0
2025-05-22 22:54:00,74.5,495.5874,36,5.100000000000001,6.300000000000001,2.299999999999997,0.0
2025-05-22 22:57:00,75.5,494.3576,36,4.899999999999999,6.200000000000001,2.5,0.0
2025-05-22 23:00:00,74.5,497.309,36,5.0,6.1,2.5,0.0
2025-05-22 23:03:00,74.0,479.6007,36,5.0,6.299999999999999,2.5,0.0
2025-05-22 23:06:00,70.5,463.614,36,4.799999999999997,6.3999999999999995,2.4000000000000057,0.0
2025-05-22 23:09:00,71.0,469.7627,36,4.699999999999996,6.300000000000001,2.4000000000000057,0.0
2025-05-22 23:12:00,69.0,473.9438,36,4.399999999999999,5.8,2.200000000000003,0.0
2025-05-22 23:15:00,69.5,478.371,36,4.399999999999999,5.7,2.200000000000003,0.0
2025-05-22 23:18:00,69.5,473.9438,36,4.399999999999999,5.7,2.299999999999997,0.0
2025-05-22 23:21:00,69.5,466.3194,36,4.399999999999999,5.8,2.200000000000003,0.0
2025-05-22 23:24:00,69.0,466.3194,36,4.399999999999999,5.8,2.200000000000003,0.0
2025-05-22 23:27:00,69.0,450.5787,36,4.399999999999999,5.7,2.200000000000003,0.0
2025-05-22 23:30:00,68.0,426.4757,36,4.299999999999997,5.9,2.200000000000003,0.0
2025-05-22 23:33:00,65.5,428.4433,36,4.199999999999996,5.9,2.200000000000003,0.0
2025-05-22 23:36:00,65.5,429.673,36,4.199999999999996,5.9,2.200000000000003,0.0
2025-05-22 23:39:00,65.5,441.9705,36,4.199999999999996,5.9,2.200000000000003,0.0
2025-05-22 23:42:00,65.5,441.7245,36,4.199999999999996,5.699999999999999,2.200000000000003,0.0
2025-05-22 23:45:00,66.0,444.184,36,4.099999999999998,5.699999999999999,2.3000000000000043,0.0
2025-05-22 23:48:00,65.5,442.9543,37,4.099999999999998,5.699999999999999,2.3000000000000043,0.0
2025-05-22 23:51:00,66.0,439.265,37,4.099999999999998,5.800000000000001,2.3000000000000043,0.0
2025-05-22 23:54:00,66.0,440.7407,37,4.099999999999998,5.800000000000001,2.3000000000000043,0.0
2025-05-22 23:57:00,66.0,437.0515,37,4.199999999999999,5.800000000000001,2.3000000000000043,0.0
2025-05-23 00:00:00,65.0,419.8351,37,4.099999999999998,5.9,2.3000000000000043,0.0
2025-05-23 00:03:00,64.5,422.0486,37,4.099999999999998,5.9,2.3000000000000043,0.0
2025-05-23 00:06:00,65.5,420.8188,37,4.099999999999998,5.9,2.3000000000000043,0.0
2025-05-23 00:09:00,64.0,419.8351,37,4.0000000000000036,6.000000000000001,2.299999999999997,0.0
2025-05-23 00:12:00,63.0,416.1458,37,4.0000000000000036,6.000000000000001,2.1999999999999957,0.0
2025-05-23 00:15:00,62.0,404.5862,37,4.0000000000000036,5.8999999999999995,2.1999999999999957,0.0
2025-05-23 00:18:00,62.0,409.7512,37,4.0000000000000036,5.8999999999999995,2.0999999999999943,0.0
2025-05-23 00:21:00,62.5,408.5214,37,3.900000000000002,5.8999999999999995,2.0999999999999943,0.0
2025-05-23 00:24:00,60.0,397.4537,37,3.8000000000000007,5.799999999999999,2.1000000000000014,0.0
2025-05-23 00:27:00,59.5,400.1591,37,3.6999999999999993,5.799999999999999,2.1000000000000014,0.0
2025-05-23 00:30:00,59.0,388.5995,37,3.6999999999999993,5.699999999999999,2.1000000000000014,0.0
2025-05-23 00:33:00,59.0,394.5023,37,3.6999999999999993,5.6,2.0,0.0
2025-05-23 00:36:00,59.0,408.5214,37,3.8000000000000007,5.6,2.0,0.0
2025-05-23 00:39:00,60.0,409.5052,37,3.6999999999999993,5.6,2.200000000000003,0.0
2025-05-23 00:42:00,61.0,407.2917,37,3.900000000000002,5.6,2.299999999999997,0.0
2025-05-23 00:45:00,61.0,413.6863,37,3.9999999999999964,5.6,2.200000000000003,0.0
2025-05-23 00:48:00,60.5,415.408,38,4.099999999999998,5.6,2.200000000000003,0.0
2025-05-23 00:51:00,61.0,415.8999,38,4.099999999999998,5.6,2.200000000000003,0.0
2025-05-23 00:54:00,60.5,403.6024,38,4.099999999999998,5.6,2.200000000000003,0.0
2025-05-23 00:57:00,59.5,395.7321,38,3.9999999999999964,5.6,2.1000000000000014,0.0
2025-05-23 01:00:00,60.0,401.1429,38,4.099999999999998,5.699999999999999,2.1000000000000014,0.0
2025-05-23 01:03:00,59.0,400.897,38,3.900000000000002,5.6,2.0999999999999943,0.0
2025-05-23 01:06:00,58.5,404.5862,38,3.900000000000002,5.6,2.0999999999999943,0.0
2025-05-23 01:09:00,58.5,401.8808,38,3.900000000000002,5.6,2.0999999999999943,0.0
2025-05-23 01:12:00,58.0,397.4537,38,4.0000000000000036,5.5,2.0,0.0
2025-05-23 01:15:00,57.0,401.3889,38,3.900000000000002,5.4,2.0,0.0
2025-05-23 01:18:00,56.5,402.1267,38,3.8000000000000007,5.199999999999999,2.0,0.0
2025-05-23 01:21:00,57.0,408.2755,38,3.8000000000000007,5.299999999999999,2.0,0.0
2025-05-23 01:24:00,56.0,409.5052,38,3.8000000000000007,5.199999999999999,2.1000000000000014,0.0
2025-05-23 01:27:00,57.0,417.3756,38,3.8000000000000007,5.199999999999999,2.1000000000000014,0.0
2025-05-23 01:30:00,57.0,414.4242,38,3.8000000000000007,5.1,2.1000000000000014,0.0
2025-05-23 01:33:00,57.5,407.5376,38,3.8000000000000007,5.300000000000001,2.1000000000000014,0.0
2025-05-23 01:36:00,57.5,408.0295,38,3.8000000000000007,5.300000000000001,2.1000000000000014,0.0
2025-05-23 01:39:00,57.5,409.2593,38,3.900000000000002,5.300000000000001,2.0,0.0
2025-05-23 01:42:00,57.5,413.4404,38,3.8000000000000007,5.300000000000001,2.1000000000000014,0.0
2025-05-23 01:45:00,58.0,415.408,38,3.900000000000002,5.300000000000001,2.0,0.0
2025-05-23 01:48:00,57.5,409.9971,39,3.900000000000002,5.300000000000001,2.0999999999999943,0.0
2025-05-23 01:51:00,58.0,404.3403,39,3.900000000000002,5.300000000000001,2.0999999999999943,0.0
2025-05-23 01:54:00,57.5,422.7865,39,3.900000000000002,5.300000000000001,2.0999999999999943,0.0
2025-05-23 01:57:00,58.0,415.6539,39,3.900000000000002,5.300000000000001,2.0999999999999943,0.0
2025-05-23 02:00:00,58.0,418.1134,39,3.900000000000002,5.200000000000001,2.0999999999999943,0.0
2025-05-23 02:03:00,57.0,415.6539,39,3.900000000000002,5.300000000000001,2.0999999999999943,0.0
2025-05-23 02:06:00,57.0,412.2106,39,3.8000000000000007,5.199999999999999,2.1000000000000014,0.0
2025-05-23 02:09:00,57.0,414.9161,39,3.8000000000000007,5.199999999999999,2.1000000000000014,0.0
2025-05-23 02:12:00,57.0,419.5891,39,3.8000000000000007,5.1,2.1000000000000014,0.0
2025-05-23 02:15:00,55.5,408.5214,39,3.6999999999999993,5.0,2.0,0.0
2025-05-23 02:18:00,55.0,415.8999,39,3.6999999999999993,5.0,2.0,0.0
2025-05-23 02:21:00,54.5,405.0781,39,3.599999999999998,5.1000000000000005,2.0,0.0
2025-05-23 02:24:00,54.0,408.0295,39,3.5,5.000000000000001,1.9999999999999964,0.0
2025-05-23 02:27:00,53.0,394.5023,39,3.5,5.000000000000001,1.9000000000000021,0.0
2025-05-23 02:30:00,51.0,378.0237,39,3.3000000000000007,4.9,1.8999999999999986,0.0
2025-05-23 02:33:00,50.5,389.0914,39,3.3000000000000007,4.800000000000001,1.8999999999999986,0.0
2025-05-23 02:36:00,50.5,374.3345,39,3.3000000000000007,4.9,1.8999999999999986,0.0
2025-05-23 02:39:00,50.0,378.0237,39,3.3000000000000007,4.9,1.8999999999999986,0.0
2025-05-23 02:42:00,50.5,382.9427,39,3.3000000000000007,4.799999999999999,1.7999999999999972,0.0
2025-05-23 02:45:00,50.5,381.2211,39,3.1999999999999993,4.799999999999999,2.0,0.0
2025-05-23 02:48:00,50.5,382.2049,40,3.1999999999999993,4.8999999999999995,2.0,0.0
2025-05-23 02:51:00,49.5,374.3345,40,3.1999999999999993,4.8999999999999995,1.7999999999999972,0.0
2025-05-23 02:54:00,48.0,386.6319,40,3.099999999999998,4.699999999999999,1.8999999999999986,0.0
2025-05-23 02:57:00,48.5,379.0075,40,3.099999999999998,4.699999999999999,1.8999999999999986,0.0
2025-05-23 03:00:00,49.0,391.059,40,3.1999999999999993,4.699999999999999,1.8999999999999986,0.0
2025-05-23 03:03:00,49.0,394.9942,40,3.1999999999999993,4.6,1.8999999999999986,0.0
2025-05-23 03:06:00,49.0,384.1725,40,3.1999999999999993,4.699999999999999,1.7999999999999972,0.0
2025-05-23 03:09:00,49.5,391.5509,40,3.1999999999999993,4.700000000000001,1.8999999999999986,0.0
2025-05-23 03:12:00,50.0,384.9103,40,3.1999999999999993,4.700000000000001,2.0,0.0
2025-05-23 03:15:00,50.5,386.6319,40,3.400000000000002,4.9,2.0,0.0
2025-05-23 03:18:00,51.0,394.5023,40,3.3000000000000007,4.9,2.0,0.0
2025-05-23 03:21:00,51.0,389.8293,40,3.3000000000000007,4.8,2.0,0.0
2025-05-23 03:24:00,51.0,384.9103,40,3.3000000000000007,4.9,2.0,0.0
2025-05-23 03:27:00,51.0,390.3212,40,3.3000000000000007,4.9,2.0,0.0
2025-05-23 03:30:00,51.0,383.6806,40,3.3000000000000007,5.0,2.0,0.0
2025-05-23 03:33:00,50.0,384.1725,40,3.1999999999999993,4.9,2.0,0.0
2025-05-23 03:36:00,50.0,383.6806,40,3.3000000000000007,4.9,2.0,0.0
2025-05-23 03:39:00,49.5,384.1725,40,3.3000000000000007,4.9,2.0,0.0
2025-05-23 03:42:00,49.5,382.9427,40,3.1999999999999993,4.9,1.8999999999999986,0.0
2025-05-23 03:45:00,49.0,383.9265,40,3.1999999999999993,4.7,1.8999999999999986,0.0
2025-05-23 03:48:00,48.5,385.8941,41,3.1999999999999993,4.7,1.8999999999999986,0.0
2025-05-23 03:51:00,49.0,384.1725,41,3.1000000000000014,4.7,1.9999999999999964,0.0
2025-05-23 03:54:00,48.0,388.8455,41,3.1000000000000014,4.7,1.9999999999999964,0.0
2025-05-23 03:57:00,48.0,384.6644,41,3.1000000000000014,4.7,1.9999999999999964,0.0
2025-05-23 04:00:00,47.5,391.305,41,3.1000000000000014,4.6000000000000005,1.9000000000000021,0.0
2025-05-23 04:03:00,48.0,382.6968,41,3.1000000000000014,4.6000000000000005,1.9000000000000021,0.0
2025-05-23 04:06:00,48.0,387.6157,41,3.1000000000000014,4.6000000000000005,1.9999999999999964,0.0
2025-05-26 22:06:00,90.0,598.1481,48,5.800000000000004,2.5999999999999996,2.8999999999999986,0.0
2025-06-02 08:00:00,40.5,276.6927,48,2.1999999999999993,3.8000000000000007,2.1000000000000014,0.0
2025-06-02 08:03:00,47.0,542.3177,48,3.1999999999999993,3.9000000000000004,2.799999999999997,0.0
2025-06-02 08:06:00,61.0,560.0261,48,3.5,4.0,2.1999999999999993,0.0
2025-06-02 08:09:00,75.5,577.2425,48,4.5,4.3,3.200000000000003,0.0
2025-06-02 08:12:00,74.0,580.4398,48,4.899999999999999,5.1,3.099999999999998,0.0
2025-06-02 08:15:00,74.5,494.3576,49,5.199999999999999,5.3,2.799999999999997,0.0
2025-06-02 08:18:00,72.5,560.7639,49,5.0,5.5,2.8000000000000043,0.0
2025-06-02 08:21:00,74.5,592.9832,49,5.300000000000001,5.3999999999999995,2.8999999999999986,0.0
2025-06-02 08:24:00,76.0,615.1187,49,5.5,5.2,2.9999999999999964,0.0
2025-06-02 08:27:00,74.5,616.5944,49,5.5,5.200000000000001,2.900000000000002,0.0
2025-06-02 08:30:00,74.0,617.8241,49,5.5,5.1,2.900000000000002,0.0
2025-06-02 08:33:00,69.5,562.9774,49,5.300000000000001,5.3999999999999995,2.6000000000000014,0.0
2025-06-02 08:36:00,70.5,566.1748,49,5.300000000000001,5.4,2.6999999999999957,0.0
2025-06-02 08:39:00,72.5,571.5856,49,5.300000000000001,5.6000000000000005,2.8000000000000007,0.0
2025-06-02 08:42:00,74.0,598.64,49,5.699999999999999,5.8,2.700000000000003,0.0
2025-06-02 08:45:00,81.0,608.9699,49,5.9999999999999964,5.699999999999999,3.1000000000000014,0.0
2025-06-02 08:48:00,81.0,611.1835,49,6.199999999999999,5.8,2.8999999999999986,0.0
2025-06-02 08:51:00,81.0,617.3322,49,6.199999999999999,5.8,2.8999999999999986,0.0
2025-06-02 08:54:00,81.5,602.5752,49,6.199999999999999,5.8999999999999995,2.799999999999997,0.0
2025-06-02 08:57:00,80.5,565.9288,49,5.9999999999999964,5.8999999999999995,3.0,0.0
2025-06-02 09:00:00,78.5,533.4636,49,5.800000000000001,6.4,2.799999999999997,0.0
2025-06-02 09:03:00,79.5,531.496,49,5.800000000000001,6.5,2.8999999999999986,0.0
2025-06-02 09:06:00,78.5,525.1013,49,5.800000000000001,6.6,2.8999999999999986,0.0
2025-06-02 09:09:00,78.0,525.5931,49,5.800000000000001,6.6,2.6999999999999957,0.0
2025-06-02 09:12:00,79.0,543.3015,49,5.900000000000002,6.4,2.799999999999997,0.0
2025-06-02 09:15:00,79.0,545.761,50,5.900000000000002,6.300000000000001,2.799999999999997,0.0
2025-06-02 09:18:00,79.0,540.842,50,5.800000000000001,6.300000000000001,2.799999999999997,0.0
2025-06-02 09:21:00,77.0,518.2147,50,5.699999999999999,6.500000000000001,2.700000000000003,0.0
2025-06-02 09:24:00,74.0,500.5063,50,5.5,6.500000000000001,2.6999999999999993,0.0
2025-06-02 09:27:00,75.0,499.0307,50,5.5,6.500000000000001,2.6999999999999993,0.0
2025-06-02 09:30:00,72.5,485.5035,50,5.399999999999999,6.500000000000001,2.599999999999998,0.0
2025-06-02 09:33:00,70.5,489.6846,50,5.300000000000001,6.500000000000001,2.6000000000000014,0.0
2025-06-02 09:36:00,72.0,507.8849,50,5.300000000000001,6.300000000000001,2.6000000000000014,0.0
2025-06-02 09:39:00,73.5,516.985,50,5.5,6.4,2.6999999999999993,0.0
2025-06-02 09:42:00,76.0,506.9011,50,5.599999999999998,6.7,2.8000000000000043,0.0
2025-06-02 09:45:00,77.5,501.9821,50,5.800000000000001,6.8999999999999995,2.6999999999999957,0.0
2025-06-02 09:48:00,76.5,483.7818,50,5.699999999999999,6.999999999999999,2.799999999999997,0.0
2025-06-02 09:51:00,75.0,475.9114,50,5.599999999999998,6.9,2.700000000000003,0.0
2025-06-02 09:54:00,74.5,471.4844,50,5.5,6.800000000000001,2.599999999999998,0.0
2025-06-02 09:57:00,72.5,472.7141,50,5.399999999999999,6.8,2.5000000000000036,0.0
2025-06-02 10:00:00,71.0,472.4682,50,5.300000000000001,6.6,2.6000000000000014,0.0
2025-06-02 10:03:00,70.5,472.7141,50,5.199999999999999,6.5,2.6000000000000014,0.0
2025-06-02 10:06:00,70.0,473.6979,50,5.199999999999999,6.5,2.6000000000000014,0.0
2025-06-02 10:09:00,67.0,458.695,50,5.100000000000001,6.500000000000001,2.3999999999999986,0.0
2025-06-02 10:12:00,66.5,470.0087,50,4.800000000000001,6.300000000000001,2.400000000000002,0.0
2025-06-02 10:15:00,70.0,470.0087,51,4.899999999999999,6.000000000000001,2.5000000000000036,0.0
2025-06-02 10:18:00,72.0,499.2766,51,5.0,5.9,2.4999999999999964,0.0
2025-06-02 10:21:00,74.0,494.1117,51,5.199999999999999,6.000000000000001,2.6000000000000014,0.0
2025-06-02 10:24:00,72.5,489.4387,51,5.199999999999999,6.0,2.5,0.0
2025-06-02 10:27:00,69.5,465.8275,51,5.0,6.3,2.3000000000000043,0.0
2025-06-02 10:30:00,67.5,467.3032,51,5.0,6.3,2.3000000000000007,0.0
2025-06-02 10:33:00,68.5,474.9276,51,5.0,6.200000000000001,2.4999999999999964,0.0
2025-06-02 10:36:00,69.5,488.2089,51,5.199999999999999,6.3,2.5,0.0
2025-06-02 10:39:00,72.0,506.4091,51,5.300000000000001,6.3,2.6999999999999957,0.0
2025-06-02 10:42:00,73.0,507.147,51,5.399999999999999,6.3,2.6999999999999993,0.0
2025-06-02 10:45:00,73.5,503.9496,51,5.399999999999999,6.3,2.599999999999998,0.0
2025-06-02 10:48:00,71.5,487.2251,51,5.399999999999999,6.3,2.5000000000000036,0.0
2025-06-02 10:51:00,70.0,474.6817,51,5.300000000000001,6.5,2.6000000000000014,0.0
2025-06-02 10:54:00,70.0,474.9276,51,5.300000000000001,6.6,2.6000000000000014,0.0
2025-06-02 10:57:00,72.0,488.2089,51,5.399999999999999,6.499999999999999,2.599999999999998,0.0
2025-06-02 11:00:00,73.5,495.3414,51,5.300000000000001,6.500000000000001,2.6999999999999993,0.0
2025-06-02 11:03:00,74.0,500.5063,51,5.400000000000002,6.500000000000001,2.6999999999999993,0.0
2025-06-02 11:06:00,75.0,497.309,51,5.300000000000001,6.500000000000001,2.6999999999999993,0.0
2025-06-02 11:09:00,74.0,497.309,51,5.400000000000002,6.500000000000001,2.6999999999999993,0.0
2025-06-02 11:12:00,74.0,488.2089,51,5.400000000000002,6.6000000000000005,2.6999999999999993,0.0
2025-06-02 11:15:00,73.5,488.2089,52,5.400000000000002,6.6000000000000005,2.6999999999999993,0.0
2025-06-02 11:18:00,73.5,493.1279,52,5.400000000000002,6.6000000000000005,2.6999999999999993,0.0
2025-06-02 11:21:00,74.5,498.5388,52,5.400000000000002,6.6000000000000005,2.6999999999999993,0.0
2025-06-02 11:24:00,75.0,508.8687,52,5.400000000000002,6.500000000000001,2.8000000000000007,0.0
2025-06-02 11:27:00,74.5,501.4901,52,5.400000000000002,6.6000000000000005,2.6999999999999993,0.0
2025-06-02 11:30:00,74.5,510.0984,52,5.400000000000002,6.499999999999999,2.6999999999999993,0.0
2025-06-02 11:33:00,75.0,505.6713,52,5.5,6.499999999999999,2.6999999999999993,0.0
2025-06-02 11:36:00,74.5,503.2118,52,5.5,6.499999999999999,2.6999999999999993,0.0
2025-06-02 11:39:00,74.0,495.8333,52,5.5,6.6000000000000005,2.6999999999999993,0.0
2025-06-02 11:42:00,74.5,508.1308,52,5.5,6.499999999999999,2.6999999999999993,0.0
2025-06-02 11:45:00,77.0,525.3472,52,5.699999999999999,6.3,2.799999999999997,0.0
2025-06-02 11:48:00,76.0,521.1661,52,5.699999999999999,6.3999999999999995,2.700000000000003,0.0
2025-06-02 11:51:00,76.0,524.3634,52,5.699999999999999,6.3999999999999995,2.700000000000003,0.0
2025-06-02 11:54:00,75.0,514.0336,52,5.699999999999999,6.3999999999999995,2.6000000000000014,0.0
2025-06-02 11:57:00,75.0,506.9011,52,5.699999999999999,6.5,2.6000000000000014,0.0
2025-06-02 12:00:00,75.0,507.8849,52,5.599999999999998,6.5,2.700000000000003,0.0
2025-06-02 12:03:00,75.5,503.2118,52,5.5,6.5,2.8000000000000007,0.0
2025-06-02 12:06:00,76.5,516.739,52,5.599999999999998,6.5,2.8000000000000043,0.0
2025-06-02 12:09:00,77.0,531.004,52,5.699999999999999,6.5,2.799999999999997,0.0
2025-06-02 12:12:00,77.5,531.25,52,5.699999999999999,6.3999999999999995,2.799999999999997,0.0
2025-06-02 12:15:00,77.0,520.1823,53,5.699999999999999,6.5,2.700000000000003,0.0
2025-06-02 12:18:00,77.5,515.2633,53,5.699999999999999,6.6,2.700000000000003,0.0
2025-06-02 12:21:00,77.0,501.4901,53,5.600000000000001,6.6000000000000005,2.700000000000003,0.0
2025-06-02 12:24:00,78.0,509.3605,53,5.699999999999999,6.7,2.799999999999997,0.0
2025-06-02 12:27:00,78.5,521.658,53,5.800000000000001,6.7,2.799999999999997,0.0
2025-06-02 12:30:00,80.0,526.577,53,5.900000000000002,6.6000000000000005,2.799999999999997,0.0
2025-06-02 12:33:00,78.5,519.4445,53,5.900000000000002,6.6,2.799999999999997,0.0
2025-06-02 12:36:00,78.0,510.3443,53,5.800000000000001,6.6,2.6999999999999957,0.0
2025-06-02 12:39:00,77.5,504.6875,53,5.800000000000001,6.6,2.6999999999999957,0.0
2025-06-02 12:42:00,77.0,504.6875,53,5.600000000000001,6.800000000000001,2.700000000000003,0.0
2025-06-02 12:45:00,77.0,502.228,53,5.800000000000001,6.700000000000001,2.6999999999999957,0.0
2025-06-02 12:48:00,77.5,521.412,53,5.700000000000003,6.6000000000000005,2.6999999999999957,0.0
2025-06-02 12:51:00,78.0,520.6742,53,5.700000000000003,6.6,2.6999999999999957,0.0
2025-06-02 12:54:00,78.0,519.9363,53,5.700000000000003,6.499999999999999,2.6999999999999957,0.0
2025-06-02 12:57:00,76.5,509.6065,53,5.700000000000003,6.5,2.6000000000000014,0.0
2025-06-02 13:00:00,77.0,509.3605,53,5.600000000000001,6.5,2.700000000000003,0.0
2025-06-02 13:03:00,76.5,503.2118,53,5.600000000000001,6.5,2.6000000000000014,0.0
2025-06-02 13:06:00,75.5,504.6875,53,5.5,6.5,2.700000000000003,0.0
2025-06-02 13:09:00,77.0,519.1985,53,5.5,6.5,2.700000000000003,0.0
2025-06-02 13:12:00,77.0,519.1985,53,5.600000000000001,6.5,2.6999999999999957,0.0
2025-06-02 13:15:00,78.0,522.3958,54,5.600000000000001,6.5,2.6999999999999957,0.0
2025-06-02 13:18:00,76.0,515.2633,54,5.5,6.4,2.6000000000000014,0.0
2025-06-02 13:21:00,77.0,527.5607,54,5.5,6.4,2.700000000000003,0.0
2025-06-02 13:24:00,77.0,543.7934,54,5.700000000000003,6.3,2.6999999999999957,0.0
2025-06-02 13:27:00,76.5,530.0203,54,5.600000000000001,6.3999999999999995,2.6000000000000014,0.0
2025-06-02 13:30:00,78.5,540.1042,54,5.700000000000003,6.3,2.799999999999997,0.0
2025-06-02 13:33:00,79.0,537.6447,54,5.700000000000003,6.3999999999999995,2.799999999999997,0.0
2025-06-02 13:36:00,78.5,533.7095,54,5.700000000000003,6.3999999999999995,2.799999999999997,0.0
2025-06-02 13:39:00,78.5,530.0203,54,5.700000000000003,6.6000000000000005,2.799999999999997,0.0
2025-06-02 13:42:00,79.0,529.7743,54,5.799999999999997,6.6000000000000005,2.700000000000003,0.0
2025-06-02 13:45:00,79.0,540.3501,54,5.799999999999997,6.500000000000001,2.8000000000000043,0.0
2025-06-02 13:48:00,79.5,531.25,54,5.799999999999997,6.6000000000000005,2.8000000000000043,0.0
2025-06-02 13:51:00,79.5,555.8449,54,5.799999999999997,6.500000000000001,2.8000000000000043,0.0
2025-06-02 13:54:00,81.5,555.8449,54,6.0,6.4,2.799999999999997,0.0
2025-06-02 13:57:00,81.5,548.2205,54,6.0,6.6000000000000005,2.799999999999997,0.0
2025-06-02 14:00:00,82.0,537.1528,54,6.0,6.6000000000000005,2.799999999999997,0.0
2025-06-02 14:03:00,80.5,531.25,54,6.0,6.700000000000001,2.700000000000003,0.0
2025-06-02 14:06:00,81.0,538.6285,54,5.799999999999997,6.700000000000001,2.9000000000000057,0.0
2025-06-02 14:09:00,80.0,531.004,54,5.899999999999999,6.6000000000000005,2.8000000000000043,0.0
2025-06-02 14:12:00,81.5,542.8096,54,6.0,6.499999999999999,2.700000000000003,0.0
2025-06-02 14:15:00,81.0,544.7772,55,6.0,6.499999999999999,2.700000000000003,0.0
2025-06-02 14:18:00,80.5,543.5475,55,5.899999999999999,6.5,2.8000000000000043,0.0
2025-06-02 14:21:00,80.0,532.4797,55,5.899999999999999,6.5,2.8000000000000043,0.0
2025-06-02 14:24:00,81.0,538.8744,55,5.899999999999999,6.6,2.700000000000003,0.0
2025-06-02 14:27:00,80.5,542.0718,55,5.899999999999999,6.5,2.8000000000000043,0.0
2025-06-02 14:30:00,80.5,538.3825,55,6.0,6.5,2.700000000000003,0.0
2025-06-02 14:33:00,81.0,554.6152,55,5.899999999999999,6.5,2.799999999999997,0.0
2025-06-02 14:36:00,81.5,555.5989,55,6.0,6.3999999999999995,2.799999999999997,0.0
2025-06-02 14:39:00,81.5,550.9259,55,6.0,6.3999999999999995,2.799999999999997,0.0
2025-06-02 14:42:00,81.0,536.4149,55,6.0,6.6,2.799999999999997,0.0
2025-06-02 14:45:00,81.5,526.577,55,6.0,6.6,2.799999999999997,0.0
2025-06-02 14:48:00,81.0,535.1852,55,6.0,6.6,2.6999999999999957,0.0
2025-06-02 14:51:00,80.5,526.3311,55,6.0,6.6,2.6999999999999957,0.0
2025-06-02 14:54:00,81.5,541.5799,55,6.0,6.6,2.8999999999999986,0.0
2025-06-02 14:57:00,81.5,537.6447,55,6.0,6.5,2.799999999999997,0.0
2025-06-02 15:00:00,82.0,532.7257,55,6.0,6.6,2.799999999999997,0.0
2025-06-02 15:03:00,80.5,535.923,55,6.0,6.5,2.799999999999997,0.0
2025-06-02 15:06:00,80.5,536.4149,55,6.0,6.699999999999999,2.799999999999997,0.0
2025-06-02 15:09:00,81.5,533.7095,55,6.0,6.6,2.799999999999997,0.0
2025-06-02 15:12:00,81.0,545.2691,55,6.0,6.6,2.799999999999997,0.0
2025-06-02 15:15:00,81.5,548.9583,56,5.900000000000002,6.6,2.8999999999999986,0.0
2025-06-02 15:18:00,82.5,552.6476,56,6.0000000000000036,6.3999999999999995,2.799999999999997,0.0
2025-06-02 15:21:00,82.0,549.4502,56,5.900000000000002,6.5,2.799999999999997,0.0
2025-06-02 15:24:00,81.0,538.3825,56,5.900000000000002,6.5,2.6999999999999957,0.0
2025-06-02 15:27:00,81.0,529.7743,56,5.900000000000002,6.6,2.6999999999999957,0.0
2025-06-02 15:30:00,80.0,532.9717,56,5.900000000000002,6.6,2.6999999999999957,0.0
2025-06-02 15:33:00,80.0,536.6609,56,5.900000000000002,6.5,2.799999999999997,0.0
2025-06-02 15:36:00,81.5,551.1719,56,5.900000000000002,6.6,2.8999999999999986,0.0
2025-06-02 15:39:00,82.5,556.0908,56,6.0000000000000036,6.3999999999999995,2.8999999999999986,0.0
2025-06-02 15:42:00,82.5,554.6152,56,6.0000000000000036,6.5,2.799999999999997,0.0
2025-06-02 15:45:00,83.0,551.4178,56,6.0000000000000036,6.3999999999999995,2.799999999999997,0.0
2025-06-02 15:48:00,81.0,533.4636,56,5.900000000000002,6.6,2.799999999999997,0.0
2025-06-02 15:51:00,80.0,527.3148,56,5.900000000000002,6.6,2.6999999999999957,0.0
2025-06-02 15:54:00,81.0,531.25,56,5.900000000000002,6.6,2.799999999999997,0.0
2025-06-02 15:57:00,81.0,534.2014,56,5.900000000000002,6.6,2.799999999999997,0.0
2025-06-02 16:00:00,81.0,537.6447,56,6.0000000000000036,6.5,2.6999999999999957,0.0
2025-06-02 16:03:00,81.0,537.8906,56,6.0000000000000036,6.5,2.799999999999997,0.0
2025-06-02 16:06:00,79.5,531.004,56,5.900000000000002,6.4,2.6999999999999957,0.0
2025-06-02 16:09:00,78.5,515.2633,56,5.800000000000001,6.6,2.700000000000003,0.0
2025-06-02 16:12:00,79.0,522.8877,56,5.800000000000001,6.6,2.700000000000003,0.0
2025-06-02 16:15:00,80.0,525.1013,57,5.800000000000001,6.699999999999999,2.799999999999997,0.0
2025-06-02 16:18:00,79.5,518.9525,57,5.800000000000001,6.6,2.799999999999997,0.0
2025-06-02 16:21:00,80.5,534.9393,57,5.900000000000002,6.5,2.799999999999997,0.0
2025-06-02 16:24:00,81.0,532.2338,57,5.900000000000002,6.6,2.799999999999997,0.0
2025-06-02 16:27:00,80.0,527.5607,57,5.900000000000002,6.5,2.6999999999999957,0.0
2025-06-02 16:30:00,78.5,503.4577,57,5.699999999999999,6.6,2.6000000000000014,0.0
2025-06-02 16:33:00,77.0,491.1603,57,5.699999999999999,6.6,2.6000000000000014,0.0
2025-06-02 16:36:00,76.5,499.5226,57,5.599999999999998,6.699999999999999,2.700000000000003,0.0
2025-06-02 16:39:00,76.5,491.1603,57,5.599999999999998,6.699999999999999,2.700000000000003,0.0
2025-06-02 16:42:00,76.0,505.1794,57,5.699999999999999,6.6,2.6000000000000014,0.0
2025-06-02 16:45:00,77.0,509.6065,57,5.699999999999999,6.6,2.6000000000000014,0.0
2025-06-02 16:48:00,78.0,526.8229,57,5.699999999999999,6.5,2.700000000000003,0.0
2025-06-02 16:51:00,79.5,527.3148,57,5.800000000000001,6.4,2.700000000000003,0.0
2025-06-02 16:54:00,79.0,542.8096,57,5.900000000000002,6.5,2.799999999999997,0.0
2025-06-02 16:57:00,80.5,540.3501,57,5.900000000000002,6.5,2.799999999999997,0.0
2025-06-02 17:00:00,79.0,540.842,57,5.900000000000002,6.5,2.6999999999999957,0.0
2025-06-02 17:03:00,79.5,553.3854,57,5.900000000000002,6.3,2.8999999999999986,0.0
2025-06-02 17:06:00,80.5,552.6476,57,6.0000000000000036,6.3,2.799999999999997,0.0
2025-06-02 17:09:00,79.0,527.8067,57,6.0000000000000036,6.3999999999999995,2.5999999999999943,0.0
2025-06-02 17:12:00,80.0,524.8553,57,5.800000000000001,6.6,2.6999999999999957,0.0
2025-06-02 17:15:00,80.5,533.7095,58,5.900000000000002,6.6,2.8999999999999986,0.0
2025-06-02 17:18:00,81.5,542.5637,58,6.0000000000000036,6.6000000000000005,2.8999999999999986,0.0
2025-06-02 17:21:00,83.0,544.0394,58,5.9999999999999964,6.6000000000000005,2.9000000000000057,0.0
2025-06-02 17:24:00,82.0,537.6447,58,6.099999999999998,6.6000000000000005,2.8000000000000043,0.0
2025-06-02 17:27:00,82.5,535.4312,58,6.099999999999998,6.800000000000001,2.8000000000000043,0.0
2025-06-02 17:30:00,82.0,524.1175,58,5.9999999999999964,6.700000000000001,2.8000000000000043,0.0
2025-06-02 17:33:00,81.0,520.1823,58,5.900000000000002,6.700000000000001,2.799999999999997,0.0
2025-06-02 17:36:00,81.0,517.4769,58,6.0000000000000036,6.800000000000001,2.799999999999997,0.0
2025-06-02 17:39:00,80.5,511.82,58,5.900000000000002,6.700000000000001,2.8999999999999986,0.0
2025-06-02 17:42:00,81.0,507.147,58,5.900000000000002,6.6,2.6999999999999957,0.0
2025-06-02 17:45:00,77.0,507.8849,58,5.699999999999999,6.500000000000001,2.6000000000000014,0.0
2025-06-02 17:48:00,74.5,494.6036,58,5.4999999999999964,6.500000000000001,2.5,0.0
2025-06-02 17:51:00,74.0,488.2089,58,5.400000000000002,6.5,2.5999999999999943,0.0
2025-06-02 17:54:00,73.0,487.963,58,5.4999999999999964,6.5,2.5,0.0
2025-06-02 17:57:00,73.0,489.4387,58,5.400000000000002,6.5,2.5999999999999943,0.0
2025-06-02 18:00:00,71.5,434.1001,58,5.300000000000001,6.6,2.3999999999999986,0.0
2025-06-02 18:03:00,67.5,425.246,58,4.899999999999999,6.6,2.099999999999998,0.0
2025-06-02 18:06:00,67.5,417.1296,58,4.800000000000001,6.3999999999999995,2.1999999999999957,0.0
2025-06-02 18:09:00,66.5,373.5966,58,4.599999999999998,6.699999999999999,2.200000000000003,0.0
2025-06-02 18:12:00,59.5,347.772,58,4.300000000000001,6.8999999999999995,2.0,0.0
2025-06-02 18:15:00,58.0,344.3287,59,4.199999999999999,6.8,2.0,0.0
2025-06-02 18:18:00,56.5,347.2801,59,4.0,6.8,2.099999999999998,0.0
2025-06-02 18:21:00,56.0,345.5584,59,4.0,6.699999999999999,2.099999999999998,0.0
2025-06-02 18:24:00,54.0,335.7205,59,3.8999999999999986,6.8,2.099999999999998,0.0
2025-06-02 18:27:00,54.0,343.099,59,3.8000000000000007,6.699999999999999,2.0,0.0
2025-06-02 18:30:00,54.0,334.7367,59,3.6999999999999993,6.5,2.0,0.0
2025-06-02 18:33:00,54.5,338.6719,59,3.8000000000000007,6.5,2.0,0.0
2025-06-02 18:36:00,55.0,334.4907,59,3.8000000000000007,6.5,2.1000000000000014,0.0
2025-06-02 18:39:00,55.0,339.1638,59,3.8000000000000007,6.5,2.1000000000000014,0.0
2025-06-02 18:42:00,55.0,339.1638,59,3.8000000000000007,6.5,2.1000000000000014,0.0
2025-06-02 18:45:00,54.5,331.2934,59,3.8000000000000007,6.5,2.1000000000000014,0.0
2025-06-02 18:48:00,51.0,286.7766,59,3.8000000000000007,6.699999999999999,1.7000000000000028,0.0
2025-06-02 18:51:00,47.0,273.2494,59,3.1999999999999993,6.699999999999999,1.6999999999999993,0.0
2025-06-02 18:54:00,46.0,264.1493,59,3.1999999999999993,6.799999999999999,1.8000000000000007,0.0
2025-06-02 18:57:00,45.0,265.625,59,3.0,6.6,1.8000000000000007,0.0
2025-06-02 19:00:00,44.0,258.0006,59,2.8999999999999986,6.5,1.8000000000000007,0.0
2025-06-02 19:03:00,45.0,256.033,59,3.0,6.5,1.8000000000000007,0.0
2025-06-02 19:06:00,44.5,253.3275,59,3.0,6.699999999999999,1.8000000000000007,0.0
2025-06-02 19:09:00,43.5,249.6383,59,3.0,6.699999999999999,1.6000000000000014,0.0
2025-06-02 19:12:00,43.0,252.5897,59,2.900000000000002,6.6,1.6999999999999993,0.0
2025-06-02 19:18:00,35.5,258.4925,60,2.8000000000000007,5.8999999999999995,1.6999999999999993,0.0
2025-06-02 19:21:00,35.5,253.8194,60,2.8000000000000007,6.2,1.8000000000000007,0.0
2025-06-02 19:24:00,34.5,245.7031,60,2.6000000000000014,6.3,1.6999999999999993,0.0
2025-06-02 19:27:00,36.5,244.7193,60,2.599999999999998,6.1000000000000005,1.8000000000000007,0.0
2025-06-02 19:30:00,35.0,242.7518,60,2.6999999999999993,6.4,1.8000000000000007,0.0
2025-06-03 07:39:00,31.5,294.401,60,0.6999999999999993,-0.09999999999999964,2.0,0.0
2025-06-03 07:42:00,39.5,360.8073,60,2.099999999999998,3.8000000000000007,2.0,0.0
2025-06-03 07:45:00,49.5,437.5434,60,2.5,5.0,2.099999999999998,0.0
2025-06-03 07:48:00,68.0,457.7112,60,2.599999999999998,3.999999999999999,1.6999999999999993,0.0
2025-06-03 07:51:00,58.5,460.9086,60,3.6999999999999993,5.199999999999999,2.6999999999999993,0.0
2025-06-03 07:54:00,58.5,463.86,60,3.6999999999999993,5.1,2.6999999999999993,0.0
2025-06-03 07:57:00,59.5,495.8333,60,3.8999999999999986,4.999999999999999,2.700000000000003,0.0
2025-06-03 08:00:00,61.0,522.6418,60,3.8999999999999986,4.8999999999999995,2.700000000000003,0.0
2025-06-03 08:03:00,66.0,538.8744,60,4.199999999999999,4.9,2.8000000000000007,0.0
2025-06-03 08:06:00,69.0,556.0908,60,4.5,5.1000000000000005,2.6000000000000014,0.0
2025-06-03 08:09:00,71.5,507.6389,60,4.799999999999997,5.3,2.700000000000003,0.0
2025-06-03 08:12:00,69.0,557.3206,60,4.599999999999998,5.300000000000001,2.6999999999999993,0.0
2025-06-03 08:15:00,69.5,572.3235,60,4.699999999999999,5.2,2.8000000000000007,0.0
2025-06-03 08:18:00,70.0,571.8316,61,4.799999999999997,5.2,2.700000000000003,0.0
2025-06-03 08:21:00,69.0,573.0613,61,4.899999999999999,5.1000000000000005,2.6000000000000014,0.0
2025-06-03 08:24:00,68.5,572.8154,61,4.799999999999997,5.1000000000000005,2.3999999999999986,0.0
2025-06-03 08:27:00,70.5,551.4178,61,4.799999999999997,5.2,2.700000000000003,0.0
2025-06-03 08:30:00,69.5,531.25,61,4.899999999999999,5.3999999999999995,2.6000000000000014,0.0
2025-06-03 08:33:00,67.5,521.412,61,4.799999999999997,5.5,2.6000000000000014,0.0
2025-06-03 08:36:00,66.5,529.0364,61,4.699999999999999,5.3999999999999995,2.3000000000000007,0.0
2025-06-03 08:39:00,70.5,522.8877,61,4.699999999999999,5.4,2.599999999999998,0.0
2025-06-03 08:42:00,73.0,525.1013,61,4.899999999999999,5.7,2.799999999999997,0.0
2025-06-03 08:45:00,74.5,538.8744,61,5.299999999999997,5.8,2.8000000000000043,0.0
2025-06-03 08:48:00,72.0,486.2413,61,5.299999999999997,5.9,2.6000000000000014,0.0
2025-06-03 08:51:00,70.5,467.7951,61,5.5,6.199999999999999,2.6000000000000014,0.0
2025-06-03 08:54:00,69.5,451.3165,61,5.600000000000001,6.299999999999999,2.5,0.0
2025-06-03 08:57:00,68.5,439.511,61,5.600000000000001,6.500000000000001,2.5,0.0
2025-06-03 09:00:00,68.5,432.1325,61,5.600000000000001,6.6,2.5,0.0
2025-06-03 09:03:00,68.5,440.4948,61,4.899999999999999,6.7,2.6000000000000014,0.0
2025-06-03 09:06:00,67.5,461.6464,61,5.0,6.4,2.6000000000000014,0.0
2025-06-03 09:09:00,69.5,470.2546,61,4.899999999999999,6.300000000000001,2.5,0.0
2025-06-03 09:12:00,69.0,475.1736,61,4.599999999999998,6.300000000000001,2.599999999999998,0.0
2025-06-03 09:15:00,70.0,486.7332,61,4.699999999999999,6.199999999999999,2.599999999999998,0.0
2025-06-03 09:18:00,70.5,484.7656,62,4.699999999999999,6.199999999999999,2.6999999999999993,0.0
2025-06-03 09:21:00,69.0,470.9925,62,4.699999999999999,6.199999999999999,2.6999999999999993,0.0
2025-06-03 09:24:00,68.0,455.4977,62,4.899999999999999,6.4,2.5,0.0
2025-06-03 09:27:00,67.0,447.8733,62,4.5,6.200000000000001,2.299999999999997,0.0
2025-06-03 09:30:00,69.0,445.4138,62,4.5,6.1000000000000005,2.5,0.0
2025-06-03 09:33:00,69.0,451.3165,62,4.5,6.1000000000000005,2.5,0.0
2025-06-03 09:36:00,68.0,361.2992,62,4.5,6.200000000000001,2.3999999999999986,0.0
2025-06-09 09:54:00,40.0,278.1684,62,2.1999999999999993,3.1000000000000014,2.6999999999999993,1249.088
2025-06-09 09:57:00,44.0,274.4792,62,2.8999999999999986,5.500000000000001,2.6000000000000014,1339.578
2025-06-09 10:00:00,41.5,276.6927,62,3.0,6.799999999999999,2.6000000000000014,1258.554
2025-06-09 10:03:00,40.0,288.2523,62,3.0,6.8999999999999995,2.3000000000000007,1216.037
2025-06-09 10:06:00,39.5,289.974,62,3.0,6.7,2.299999999999997,1210.494
2025-06-09 10:09:00,38.5,285.5469,62,2.8999999999999986,6.7,2.1999999999999993,1170.771
2025-06-09 10:12:00,37.5,281.6117,62,2.8999999999999986,6.6000000000000005,2.1000000000000014,1137.546
2025-06-09 10:15:00,37.5,281.8576,62,2.799999999999997,6.4,2.1000000000000014,1143.192
2025-06-09 10:18:00,37.5,283.3333,62,2.8000000000000007,6.4,2.099999999999998,1139.34
2025-06-09 10:21:00,37.5,284.3171,62,2.8000000000000007,6.299999999999999,2.3000000000000007,1135.263
2025-06-09 10:24:00,37.5,284.5631,62,2.8000000000000007,6.199999999999999,2.299999999999997,1137.75
2025-06-09 10:27:00,37.5,294.401,63,2.8000000000000007,6.1,2.3000000000000007,1145.943
2025-06-09 10:30:00,37.5,296.6146,63,2.8999999999999986,6.0,2.200000000000003,1144.628
2025-06-09 10:33:00,38.0,291.9416,63,2.8000000000000007,5.999999999999999,2.0,1167.255
2025-06-09 10:36:00,40.0,289.974,63,2.8999999999999986,6.000000000000001,2.1999999999999993,1206.625
2025-06-09 10:39:00,40.0,301.7795,63,2.8000000000000007,6.1000000000000005,2.3000000000000007,1211.717
2025-06-09 10:42:00,40.0,315.3067,63,2.8999999999999986,6.1000000000000005,2.3000000000000043,1222.536
2025-06-09 10:45:00,41.0,320.2257,63,3.1000000000000014,6.000000000000001,2.1999999999999957,1239.04
2025-06-09 10:48:00,41.0,300.3038,63,3.0,6.000000000000001,2.1999999999999957,1238.381
2025-06-09 10:51:00,40.0,303.0093,63,3.0,6.200000000000001,2.1000000000000014,1220.606
2025-06-09 10:54:00,40.0,288.0063,63,2.900000000000002,6.300000000000001,2.1000000000000014,1214.248
2025-06-09 10:57:00,37.5,257.0168,63,2.8000000000000007,6.7,1.7999999999999972,1143.662
2025-06-09 11:00:00,37.0,275.7089,63,2.6999999999999993,6.5,2.0,1126.854
2025-06-09 11:03:00,37.5,274.2332,63,2.8000000000000007,6.3,2.0,1146.466
2025-06-09 11:06:00,39.0,315.3067,63,2.8000000000000007,6.2,2.200000000000003,1193.339
2025-06-09 11:09:00,38.5,310.8796,63,2.8000000000000007,6.5,2.0,1172.705
2025-06-09 11:12:00,40.5,314.8148,63,3.0,6.3,2.099999999999998,1231.793
2025-06-09 11:15:00,41.5,319.9797,63,3.0,6.2,2.1999999999999993,1270.247
2025-06-09 11:18:00,42.0,320.7176,63,3.0,6.3,2.1999999999999993,1284.69
2025-06-09 11:21:00,42.5,325.6366,63,3.099999999999998,6.3,2.1000000000000014,1288.725
2025-06-09 11:24:00,43.5,332.0313,63,3.1999999999999993,6.199999999999999,2.200000000000003,1327.42
2025-06-09 11:27:00,43.5,332.2772,64,3.1999999999999993,6.199999999999999,2.200000000000003,1334.737
2025-06-09 11:30:00,43.5,329.3258,64,3.1999999999999993,6.2,2.200000000000003,1332.508
2025-06-09 11:33:00,43.5,328.0961,64,3.1999999999999993,6.1000000000000005,2.1000000000000014,1314.84
2025-06-09 11:36:00,43.5,331.2934,64,3.1999999999999993,6.1000000000000005,2.1000000000000014,1315.838
2025-06-09 11:39:00,43.5,335.7205,64,3.1999999999999993,6.1,2.1000000000000014,1315.02
2025-06-09 11:42:00,43.0,337.1962,64,3.1999999999999993,6.1,2.1000000000000014,1316.397
2025-06-09 11:45:00,43.5,335.7205,64,3.1999999999999993,6.1000000000000005,2.1000000000000014,1320.402
2025-06-09 11:48:00,43.5,324.6528,64,3.1999999999999993,6.1000000000000005,2.1000000000000014,1327.187
2025-06-09 11:51:00,43.0,313.5851,64,3.1000000000000014,6.4,2.1000000000000014,1321.779
2025-06-09 11:54:00,43.0,313.3391,64,3.1999999999999993,6.4,2.1000000000000014,1309.965
2025-06-09 11:57:00,43.5,316.2905,64,3.1999999999999993,6.4,2.1000000000000014,1310.614
2025-06-09 12:00:00,43.0,330.5556,64,3.1000000000000014,6.4,2.1000000000000014,1326.087
2025-06-09 12:03:00,44.0,336.7043,64,3.3000000000000007,6.3,2.1000000000000014,1335.993
2025-06-09 12:06:00,44.5,336.2124,64,3.3000000000000007,6.1000000000000005,2.1000000000000014,1345.411
2025-06-09 12:09:00,44.0,335.9664,64,3.3000000000000007,6.000000000000001,2.1000000000000014,1327.36
2025-06-09 12:12:00,43.5,332.5231,64,3.3000000000000007,6.1000000000000005,2.0,1313.631
2025-06-09 12:15:00,43.5,327.6042,64,3.200000000000003,6.1000000000000005,2.0,1310.934
2025-06-09 12:18:00,43.0,334.4907,64,3.3000000000000007,6.1000000000000005,2.0,1316.251
2025-06-09 12:21:00,44.0,343.5909,64,3.200000000000003,6.2,2.1000000000000014,1340.396
2025-06-09 12:24:00,45.0,349.2477,64,3.200000000000003,6.1000000000000005,2.1000000000000014,1373.713
2025-06-09 12:27:00,45.5,348.0179,65,3.3000000000000007,6.1000000000000005,2.099999999999998,1384.39
2025-06-09 12:30:00,45.0,344.3287,65,3.3000000000000007,6.1000000000000005,2.0000000000000036,1379.957
2025-06-09 12:33:00,44.5,333.5069,65,3.3000000000000007,6.2,2.0000000000000036,1369.641
2025-06-09 12:36:00,44.5,326.1285,65,3.3000000000000007,6.4,2.0000000000000036,1354.637
2025-06-09 12:39:00,44.0,321.9473,65,3.3000000000000007,6.4,2.0000000000000036,1346.19
2025-06-09 12:42:00,45.0,367.6938,65,3.200000000000003,6.3,2.1999999999999957,1383.767
2025-06-09 12:45:00,47.5,385.4022,65,3.400000000000002,6.0,2.1999999999999993,1449.716
2025-06-09 12:48:00,49.0,389.0914,65,3.6000000000000014,5.800000000000001,2.1000000000000014,1502.48
2025-06-09 12:51:00,49.5,391.5509,65,3.6000000000000014,5.9,2.1000000000000014,1515.854
2025-06-09 12:54:00,48.5,350.7234,65,3.6000000000000014,6.1000000000000005,2.0,1487.193
2025-06-09 12:57:00,47.5,342.3611,65,3.5,6.4,2.1000000000000014,1452.05
2025-06-09 13:00:00,47.5,336.2124,65,3.400000000000002,6.5,2.1999999999999993,1448.606
2025-06-09 13:03:00,47.5,337.4421,65,3.5,6.5,2.1000000000000014,1446.371
2025-06-09 13:06:00,47.5,338.6719,65,3.5,6.5,2.200000000000003,1450.041
2025-06-09 13:09:00,47.5,341.6233,65,3.6000000000000014,6.5,2.1000000000000014,1450.159
2025-06-09 13:12:00,47.0,344.0828,65,3.5,6.4,2.1000000000000014,1450.131
2025-06-09 13:15:00,47.5,344.0828,65,3.5,6.300000000000001,2.200000000000003,1451.852
2025-06-09 13:18:00,47.5,339.4097,65,3.5,6.4,2.200000000000003,1446.537
2025-06-09 13:21:00,47.0,337.934,65,3.5,6.4,2.1000000000000014,1444.2
2025-06-09 13:24:00,47.0,337.4421,65,3.5,6.5,2.1000000000000014,1441.294
2025-06-09 13:27:00,47.5,349.4937,66,3.6000000000000014,6.5,2.1000000000000014,1451.714
2025-06-09 13:30:00,48.0,348.5098,66,3.6000000000000014,6.4,2.1000000000000014,1468.13
2025-06-09 13:33:00,47.5,349.0017,66,3.5,6.4,2.1000000000000014,1468.569
2025-06-09 13:36:00,48.0,350.4774,66,3.5,6.4,2.1000000000000014,1465.75
2025-06-09 13:39:00,49.0,351.4612,66,3.5,6.4,2.200000000000003,1482.12
2025-06-09 13:42:00,50.0,477.6331,66,3.700000000000003,6.3999999999999995,2.299999999999997,1536.648
2025-06-09 13:45:00,61.0,495.5874,66,3.6999999999999993,4.8999999999999995,2.0000000000000036,1767.0610000000001
2025-06-09 13:48:00,61.5,499.2766,66,3.3000000000000007,4.3,1.9000000000000021,1759.341
2025-06-09 13:51:00,71.0,499.7685,66,4.100000000000001,5.5,2.6999999999999957,2137.141
2025-06-09 13:54:00,74.5,495.3414,66,4.5,5.8,2.700000000000003,2270.34
2025-06-09 13:57:00,77.0,491.1603,66,4.799999999999997,6.2,2.9000000000000057,2366.565
2025-06-09 14:00:00,77.0,499.2766,66,4.899999999999999,6.3,2.700000000000003,2348.4440000000004
2025-06-09 14:03:00,79.0,519.1985,66,5.100000000000001,6.2,2.799999999999997,2402.762
2025-06-09 14:06:00,78.5,518.9525,66,5.100000000000001,6.3,2.799999999999997,2388.828
2025-06-09 14:09:00,79.5,521.9039,66,5.200000000000003,6.3,2.799999999999997,2428.819
2025-06-09 14:12:00,79.0,512.8038,66,5.200000000000003,6.3,2.799999999999997,2395.591
2025-06-09 14:15:00,78.5,504.1956,66,5.200000000000003,6.300000000000001,2.799999999999997,2384.502
2025-06-09 14:18:00,76.0,525.3472,66,5.100000000000001,6.5,2.6999999999999957,2332.4170000000004
2025-06-09 14:21:00,79.0,532.4797,66,5.200000000000003,6.2,2.8999999999999986,2392.882
2025-06-09 14:24:00,77.5,527.5607,66,5.299999999999997,6.3,2.8000000000000043,2374.651
2025-06-09 14:27:00,79.0,523.8715,67,5.199999999999996,6.3,2.9000000000000057,2406.6369999999997
2025-06-09 14:30:00,79.0,529.2824,67,5.299999999999997,6.3,2.8000000000000043,2411.273
2025-06-09 14:33:00,80.0,535.923,67,5.399999999999999,6.3,2.799999999999997,2451.4930000000004
2025-06-09 14:36:00,81.0,560.5179,67,5.399999999999999,6.3,2.8999999999999986,2474.298
2025-06-09 14:39:00,81.5,561.2558,67,5.5,6.2,2.8999999999999986,2504.214
2025-06-09 14:42:00,82.0,553.3854,67,5.100000000000001,6.2,2.8999999999999986,2489.766
2025-06-09 14:45:00,81.0,547.7286,67,5.100000000000001,6.3,2.8999999999999986,2489.001
2025-06-09 14:48:00,81.0,536.6609,67,5.100000000000001,6.3999999999999995,2.8999999999999986,2487.74
2025-06-09 14:51:00,81.0,534.6933,67,5.0000000000000036,6.5,2.8999999999999986,2474.192
2025-06-09 14:54:00,82.0,543.7934,67,5.0000000000000036,6.3,3.0,2470.832
2025-06-09 14:57:00,81.0,538.6285,67,5.0000000000000036,6.300000000000001,3.0,2475.701
2025-06-09 15:00:00,80.5,531.25,67,5.099999999999998,6.4,2.8000000000000043,2460.0190000000002
2025-06-09 15:03:00,80.5,523.8715,67,5.0000000000000036,6.4,2.8999999999999986,2445.297
2025-06-09 15:06:00,80.0,527.3148,67,4.9999999999999964,6.4,2.8000000000000043,2451.831
2025-06-09 15:09:00,80.0,528.0527,67,5.099999999999998,6.5,2.9000000000000057,2462.13
2025-06-09 15:12:00,81.0,519.9363,67,4.9999999999999964,6.4,2.9000000000000057,2454.665
2025-06-09 15:15:00,79.0,523.8715,67,4.900000000000002,6.4,2.8999999999999986,2421.3239999999996
2025-06-09 15:18:00,79.5,525.1013,67,4.9999999999999964,6.4,2.9000000000000057,2433.192
2025-06-09 15:21:00,79.5,521.412,67,4.9999999999999964,6.4,2.9000000000000057,2419.4049999999997
2025-06-09 15:24:00,78.0,515.0174,67,4.899999999999999,6.300000000000001,2.8000000000000043,2405.068
2025-06-09 15:27:00,78.0,514.0336,68,5.0,6.300000000000001,2.8000000000000043,2384.5649999999996
2025-06-09 15:30:00,78.0,515.0174,68,4.899999999999999,6.300000000000001,2.8000000000000043,2387.166
2025-06-09 15:33:00,78.0,504.1956,68,5.0,6.300000000000001,2.700000000000003,2373.7110000000002
2025-06-09 15:36:00,77.5,490.6684,68,4.799999999999997,6.300000000000001,2.700000000000003,2361.065
2025-06-09 15:39:00,75.0,479.3548,68,4.700000000000003,6.500000000000001,2.5,2283.41
2025-06-09 15:42:00,72.5,472.4682,68,4.5,6.4,2.5,2205.215
2025-06-09 15:45:00,73.5,490.6684,68,4.299999999999997,5.800000000000001,2.5,2239.88
2025-06-09 15:48:00,74.5,485.5035,68,4.399999999999999,5.9,2.5,2281.381
2025-06-09 15:51:00,73.5,475.6655,68,4.399999999999999,6.000000000000001,2.6000000000000014,2248.666
2025-06-09 15:54:00,75.0,463.3681,68,4.600000000000001,6.200000000000001,2.5999999999999943,2302.069
2025-06-09 15:57:00,74.0,462.1383,68,4.5,6.300000000000001,2.6000000000000014,2258.045
2025-06-09 16:00:00,75.0,461.1545,68,4.5000000000000036,6.4,2.5999999999999943,2272.433
2025-06-09 16:03:00,73.0,473.9438,68,4.5,6.299999999999999,2.6000000000000014,2229.556
2025-06-09 16:06:00,73.5,467.7951,68,4.600000000000001,6.299999999999999,2.5999999999999943,2230.4719999999998
2025-06-09 16:09:00,73.5,469.7627,68,4.5000000000000036,6.299999999999999,2.5999999999999943,2237.958
2025-06-09 16:12:00,72.0,468.287,68,4.5000000000000036,6.299999999999999,2.5999999999999943,2213.465
2025-06-09 16:15:00,74.0,474.9276,68,4.5000000000000036,6.300000000000001,2.6999999999999957,2232.8410000000003
2025-06-09 16:18:00,73.5,472.2223,68,4.599999999999998,6.300000000000001,2.700000000000003,2243.366
2025-06-09 16:21:00,74.0,459.9248,68,4.599999999999998,6.4,2.700000000000003,2234.232
2025-06-09 16:24:00,72.5,461.6464,68,4.599999999999998,6.4,2.6000000000000014,2202.085
2025-06-09 16:27:00,71.5,452.3004,69,4.300000000000001,6.1000000000000005,2.3999999999999986,2174.447
2025-06-09 16:30:00,70.5,406.7998,69,4.300000000000001,6.200000000000001,2.299999999999997,2141.0389999999998
2025-06-09 16:33:00,68.0,406.3079,69,4.199999999999999,6.300000000000001,2.3000000000000043,2076.8450000000003
2025-06-09 16:36:00,68.0,401.8808,69,4.300000000000001,6.500000000000001,2.299999999999997,2055.387
2025-06-09 16:39:00,72.0,498.5388,69,4.300000000000001,6.300000000000001,2.700000000000003,2220.237
2025-06-09 16:42:00,78.5,525.1013,69,4.599999999999998,6.0,3.0,2399.416
2025-06-09 16:45:00,79.5,519.1985,69,4.900000000000002,6.2,2.799999999999997,2424.978
2025-06-09 16:48:00,79.5,513.0498,69,4.900000000000002,6.2,2.6999999999999957,2422.661
2025-06-09 16:51:00,80.0,502.228,69,4.900000000000002,6.5,2.8999999999999986,2418.6769999999997
2025-06-09 16:54:00,79.5,505.1794,69,4.900000000000002,6.5,2.8999999999999986,2420.742
2025-06-09 16:57:00,79.5,498.2928,69,4.900000000000002,6.5,2.8999999999999986,2432.26
2025-06-09 17:00:00,79.0,501.4901,69,5.0000000000000036,6.4,2.799999999999997,2421.942
2025-06-09 17:03:00,79.0,495.8333,69,4.900000000000002,6.5,2.799999999999997,2404.709
2025-06-09 17:06:00,79.0,500.7523,69,4.900000000000002,6.5,2.799999999999997,2405.64
2025-06-09 17:09:00,77.5,497.309,69,4.900000000000002,6.5,2.6999999999999957,2370.2749999999996
2025-06-09 17:12:00,77.5,500.9983,69,4.900000000000002,6.4,2.6999999999999957,2351.515
2025-06-09 17:15:00,79.0,516.985,69,4.900000000000002,6.5,2.799999999999997,2411.849
2025-06-09 17:18:00,78.5,508.3767,69,5.0000000000000036,6.5,2.799999999999997,2408.478
2025-06-09 17:21:00,79.0,515.7552,69,5.0000000000000036,6.3999999999999995,2.8999999999999986,2410.873
2025-06-09 17:24:00,79.0,516.493,69,5.0000000000000036,6.3999999999999995,2.8999999999999986,2420.172
2025-06-09 17:27:00,78.5,515.0174,70,5.0000000000000036,6.3999999999999995,2.8999999999999986,2421.3469999999998
2025-06-09 17:30:00,78.0,520.1823,70,5.0000000000000036,6.3,2.8999999999999986,2434.633
2025-06-09 17:33:00,79.0,533.7095,70,5.0000000000000036,6.3,2.8999999999999986,2431.8
2025-06-09 17:36:00,80.5,541.5799,70,5.099999999999998,6.2,2.9000000000000057,2456.9849999999997
2025-06-09 17:39:00,80.0,541.5799,70,5.099999999999998,6.2,2.9000000000000057,2458.904
2025-06-09 17:42:00,80.5,535.1852,70,4.9999999999999964,6.2,2.9000000000000057,2466.394
2025-06-09 17:45:00,80.5,529.0364,70,4.9999999999999964,6.3,2.9000000000000057,2456.413
2025-06-09 17:48:00,78.0,491.6522,70,4.900000000000002,6.5,2.799999999999997,2404.0119999999997
2025-06-09 17:51:00,72.5,432.6244,70,4.4999999999999964,6.8999999999999995,2.5,2236.3940000000002
2025-06-09 17:54:00,73.0,477.1412,70,4.300000000000001,6.1,2.5,2262.051
2025-06-09 17:57:00,78.0,472.2223,70,4.599999999999998,6.3999999999999995,2.8000000000000043,2379.487
2025-06-09 18:00:00,77.0,467.5492,70,4.699999999999999,6.6,2.700000000000003,2369.1360000000004
2025-06-09 18:03:00,77.5,459.1869,70,4.800000000000001,6.6,2.700000000000003,2380.871
2025-06-09 18:06:00,74.0,398.9294,70,4.699999999999999,6.8999999999999995,2.3999999999999986,2282.2219999999998
2025-06-09 18:09:00,67.0,389.5833,70,4.300000000000001,6.999999999999999,2.299999999999997,2048.2039999999997
2025-06-09 18:12:00,66.0,386.14,70,4.099999999999998,6.8999999999999995,2.3000000000000043,1994.7645
2025-06-09 18:15:00,67.0,389.0914,70,3.900000000000002,6.6,2.3999999999999986,2035.2420000000002
2025-06-09 18:18:00,67.0,386.386,70,4.0000000000000036,6.699999999999999,2.299999999999997,2025.245
2025-06-09 18:21:00,66.5,381.467,70,4.0000000000000036,6.6,2.299999999999997,2017.5819999999999
2025-06-09 18:24:00,65.0,367.6938,70,3.900000000000002,6.699999999999999,2.1999999999999957,1981.8147
2025-06-09 18:27:00,63.0,368.9236,71,3.8000000000000007,6.5,2.200000000000003,1899.4139
2025-06-09 18:30:00,63.0,369.1696,71,3.8000000000000007,6.5,2.200000000000003,1913.7033999999999
2025-06-09 18:33:00,63.0,379.2535,71,3.6999999999999993,6.6,2.200000000000003,1904.9909
2025-06-09 18:36:00,63.0,380.9751,71,3.6999999999999993,6.4,2.3000000000000043,1912.1257999999998
2025-06-09 18:39:00,63.0,379.7454,71,3.6999999999999993,6.5,2.200000000000003,1897.362
2025-06-09 18:42:00,62.0,373.1047,71,3.599999999999998,6.300000000000001,2.3000000000000043,1886.6939
2025-06-09 18:45:00,61.5,366.956,71,3.599999999999998,6.4,2.200000000000003,1851.435
2025-06-09 18:48:00,60.5,343.3449,71,3.5000000000000036,6.5,2.299999999999997,1807.0996
2025-06-09 18:51:00,56.0,322.4392,71,3.3000000000000007,6.7,2.1000000000000014,1657.0215
2025-06-09 18:54:00,55.0,317.5203,71,3.1999999999999993,6.500000000000001,2.1000000000000014,1650.5697
2025-06-10 08:18:00,34.0,319.4879,71,1.2000000000000028,1.299999999999999,2.099999999999998,1068.885
2025-06-10 08:21:00,42.0,312.6013,71,2.099999999999998,3.8,2.5000000000000036,1291.9
2025-06-10 08:24:00,38.5,314.077,71,2.5,5.3999999999999995,2.3000000000000007,1175.828
2025-06-10 08:27:00,37.5,387.6157,71,2.3000000000000007,5.199999999999999,2.0,1134.913
2025-06-10 08:30:00,44.0,514.5255,71,2.6999999999999993,4.1000000000000005,2.4999999999999964,1386.165
2025-06-10 08:33:00,36.5,504.4415,71,2.599999999999998,3.500000000000001,1.5000000000000036,751.7852
2025-06-10 08:36:00,55.5,507.147,71,3.0,3.7,2.5,1649.7214
2025-06-10 08:39:00,59.5,506.9011,71,3.1999999999999993,4.500000000000001,2.8000000000000043,1820.4061
2025-06-10 08:42:00,66.0,504.4415,71,3.599999999999998,4.8999999999999995,2.8000000000000007,2008.2499
2025-06-10 08:45:00,68.5,494.3576,72,3.8000000000000007,5.199999999999999,2.599999999999998,2069.505
2025-06-10 08:48:00,68.0,483.2899,72,3.8999999999999986,5.3999999999999995,2.5000000000000036,2057.035
2025-06-10 08:51:00,69.0,488.7008,72,3.8999999999999986,5.3999999999999995,2.6999999999999993,2101.4030000000002
2025-06-10 08:54:00,69.0,478.8629,72,4.100000000000001,5.6000000000000005,2.4999999999999964,2094.533
2025-06-10 08:57:00,68.5,465.8275,72,4.100000000000001,5.7,2.4999999999999964,2084.741
2025-06-10 09:00:00,68.0,446.6435,72,4.100000000000001,5.9,2.400000000000002,2050.702
2025-06-10 09:03:00,67.5,454.2679,72,4.100000000000001,6.0,2.4999999999999964,2045.616
2025-06-10 09:06:00,69.0,468.7789,72,4.0,5.8,2.599999999999998,2093.7349999999997
2025-06-10 09:09:00,70.0,480.8304,72,4.099999999999998,5.8,2.6000000000000014,2121.2200000000003
2025-06-10 09:12:00,71.0,495.5874,72,4.199999999999999,5.6000000000000005,2.6000000000000014,2150.7749999999996
2025-06-10 09:15:00,71.0,509.1146,72,4.199999999999999,5.3999999999999995,2.6000000000000014,2152.9849999999997
2025-06-10 09:18:00,70.5,523.6256,72,4.300000000000001,5.3999999999999995,2.6000000000000014,2164.536
2025-06-10 09:21:00,71.5,532.4797,72,4.300000000000001,5.3,2.6000000000000014,2172.294
2025-06-10 09:24:00,73.0,549.6962,72,4.400000000000002,5.199999999999999,2.5999999999999943,2237.008
2025-06-10 09:27:00,72.5,529.2824,72,4.400000000000002,5.499999999999999,2.5999999999999943,2230.483
2025-06-10 09:30:00,73.5,515.0174,72,4.4999999999999964,5.6,2.8000000000000043,2244.05
2025-06-10 09:33:00,72.5,500.7523,72,4.5,5.800000000000001,2.6000000000000014,2206.796
2025-06-10 09:36:00,75.0,482.3062,72,4.600000000000001,6.200000000000001,2.799999999999997,2301.9480000000003
2025-06-10 09:39:00,75.5,474.9276,72,4.800000000000001,6.5,2.799999999999997,2305.6670000000004
2025-06-10 09:42:00,76.0,462.6302,72,4.800000000000004,6.700000000000001,2.6999999999999957,2314.902
2025-06-10 09:45:00,75.0,452.7923,73,4.800000000000004,6.9,2.6999999999999957,2297.629
2025-06-10 09:48:00,75.0,444.43,73,4.700000000000003,6.8999999999999995,2.6999999999999957,2264.2299999999996
2025-06-10 09:51:00,71.5,431.8866,73,4.600000000000001,6.8,2.6000000000000014,2164.562
2025-06-10 09:54:00,69.0,430.6568,73,4.399999999999999,6.7,2.5,2075.112
2025-06-10 09:57:00,69.0,432.6244,73,4.399999999999999,6.6,2.6000000000000014,2082.468
2025-06-10 10:00:00,69.0,450.0868,73,4.399999999999999,6.6,2.6000000000000014,2090.82
2025-06-10 10:03:00,70.0,452.7923,73,4.5,6.4,2.5,2105.7219999999998
2025-06-10 10:06:00,68.5,451.8085,73,4.5,6.300000000000001,2.6000000000000014,2084.444
2025-06-10 10:09:00,68.0,446.3976,73,4.399999999999999,6.300000000000001,2.3999999999999986,2073.385
2025-06-10 10:12:00,68.5,445.6598,73,4.200000000000003,6.000000000000001,2.3999999999999986,2087.134
2025-06-10 10:15:00,69.5,452.7923,73,4.200000000000003,6.000000000000001,2.3999999999999986,2095.8940000000002
2025-06-10 10:18:00,70.5,455.9896,73,4.299999999999997,6.000000000000001,2.4000000000000057,2137.983
2025-06-10 10:21:00,70.5,454.022,73,4.200000000000003,6.000000000000001,2.5,2126.4139999999998
2025-06-10 10:24:00,67.5,428.4433,73,4.100000000000001,6.199999999999999,2.3999999999999986,2020.897
2025-06-10 10:27:00,69.5,479.8466,73,4.100000000000001,6.1,2.5,2103.4880000000003
2025-06-10 10:30:00,71.0,431.6406,73,4.299999999999997,6.000000000000001,2.5,2144.053
2025-06-10 10:33:00,71.0,437.5434,73,4.200000000000003,6.200000000000001,2.5,2136.923
2025-06-10 10:36:00,70.5,433.3623,73,4.200000000000003,6.200000000000001,2.5,2130.456
2025-06-10 10:39:00,69.5,431.8866,73,4.299999999999997,6.300000000000001,2.5,2112.819
2025-06-10 10:42:00,70.0,432.6244,73,4.199999999999996,6.500000000000001,2.6000000000000014,2113.5060000000003
2025-06-10 10:45:00,69.0,416.6377,74,4.199999999999996,6.6000000000000005,2.5,2070.724
2025-06-10 10:48:00,68.0,425.246,74,4.199999999999996,6.5,2.5,2039.059
2025-06-10 10:51:00,67.5,418.1134,74,4.199999999999996,6.5,2.5,2034.08
2025-06-10 10:54:00,67.5,420.8188,74,4.199999999999996,6.500000000000001,2.5,2033.478
2025-06-10 10:57:00,67.0,427.9514,74,4.199999999999996,6.500000000000001,2.4000000000000057,2010.8863999999999
2025-06-10 11:00:00,67.0,430.1649,74,4.199999999999996,6.4,2.5,2014.2530000000002
2025-06-10 11:03:00,67.0,436.8056,74,4.199999999999996,6.300000000000001,2.5,2010.442
2025-06-10 11:06:00,66.5,434.3461,74,4.199999999999996,6.300000000000001,2.4000000000000057,1995.2413000000001
2025-06-10 11:09:00,66.5,432.1325,74,4.0,6.000000000000001,2.3999999999999986,2023.5349999999999
2025-06-10 11:12:00,67.0,428.4433,74,4.100000000000001,6.1000000000000005,2.299999999999997,2037.931
2025-06-10 11:15:00,68.0,425.9838,74,4.100000000000001,6.1000000000000005,2.3999999999999986,2027.8400000000001
2025-06-10 11:18:00,68.0,431.6406,74,4.100000000000001,6.2,2.3999999999999986,2043.591
2025-06-10 11:21:00,70.0,439.265,74,4.100000000000001,6.2,2.5,2086.759
2025-06-10 11:24:00,71.0,459.1869,74,4.199999999999996,6.1,2.5,2146.259
2025-06-10 11:27:00,73.5,482.3062,74,4.399999999999999,6.0,2.6000000000000014,2250.142
2025-06-10 11:30:00,74.5,469.7627,74,4.5,6.2,2.6999999999999957,2268.923
2025-06-10 11:33:00,74.5,455.4977,74,4.600000000000001,6.5,2.799999999999997,2252.861
2025-06-10 11:36:00,71.5,441.4786,74,4.600000000000001,6.7,2.5,2170.51
2025-06-10 11:39:00,70.0,429.673,74,4.399999999999999,6.7,2.6000000000000014,2116.511
2025-06-10 11:42:00,69.0,428.4433,74,4.399999999999999,6.7,2.6000000000000014,2082.608
2025-06-10 11:45:00,68.5,431.6406,75,4.399999999999999,6.6,2.5,2085.25
2025-06-10 11:48:00,68.5,436.5596,75,4.399999999999999,6.6,2.6000000000000014,2090.4539999999997
2025-06-10 11:51:00,70.0,439.0191,75,4.5,6.6,2.5,2115.024
2025-06-10 11:54:00,68.5,435.5758,75,4.199999999999996,6.4,2.3000000000000043,2064.678
2025-06-10 11:57:00,69.5,426.4757,75,4.299999999999997,6.3,2.3999999999999986,2112.575
2025-06-10 12:00:00,70.0,425.9838,75,4.299999999999997,6.3999999999999995,2.3999999999999986,2123.126
2025-06-10 12:03:00,70.5,442.9543,75,4.399999999999999,6.3,2.3999999999999986,2156.437
2025-06-10 12:06:00,72.5,451.0706,75,4.399999999999999,6.3,2.6000000000000014,2203.366
2025-06-10 12:09:00,73.0,460.4167,75,4.5,6.3,2.5,2222.762
2025-06-10 12:12:00,76.5,501.7361,75,4.600000000000001,6.1,2.799999999999997,2327.526
2025-06-10 12:15:00,80.5,520.6742,75,5.0,6.2,2.8999999999999986,2446.483
2025-06-10 12:18:00,81.5,515.7552,75,5.199999999999996,6.4,2.9000000000000057,2477.899
2025-06-10 12:21:00,80.0,504.6875,75,5.0,6.5,2.8999999999999986,2451.303
2025-06-10 12:24:00,79.5,493.1279,75,5.0,6.6,2.8999999999999986,2428.014
2025-06-10 12:27:00,77.0,466.3194,75,5.0,6.8,2.6999999999999957,2345.1989999999996
2025-06-10 12:30:00,73.5,460.9086,75,4.699999999999996,6.8,2.8000000000000043,2250.701
2025-06-10 12:33:00,74.0,462.6302,75,4.699999999999996,6.6,2.700000000000003,2252.521
2025-06-10 12:36:00,74.5,483.7818,75,4.599999999999998,6.7,2.8000000000000043,2256.4210000000003
2025-06-10 12:39:00,75.0,484.7656,75,4.800000000000001,6.6,2.700000000000003,2306.304
2025-06-10 12:42:00,75.0,484.7656,75,4.800000000000001,6.5,2.700000000000003,2305.054
2025-06-10 12:45:00,75.5,480.5845,76,4.800000000000001,6.6,2.700000000000003,2299.941
2025-06-10 12:48:00,76.0,492.39,76,4.900000000000002,6.5,2.6999999999999957,2329.458
2025-06-10 12:51:00,77.0,490.6684,76,4.900000000000002,6.6,2.799999999999997,2333.0609999999997
2025-06-10 12:54:00,76.5,491.8981,76,4.900000000000002,6.5,2.799999999999997,2337.108
2025-06-10 12:57:00,74.5,495.8333,76,4.900000000000002,6.300000000000001,2.6000000000000014,2297.395
2025-06-10 13:00:00,74.5,486.2413,76,4.800000000000001,6.300000000000001,2.700000000000003,2260.103
2025-06-10 13:03:00,74.5,493.1279,76,4.800000000000001,6.4,2.700000000000003,2279.114
2025-06-10 13:06:00,73.5,496.5712,76,4.400000000000002,6.0,2.5999999999999943,2270.432
2025-06-10 13:09:00,77.0,498.0469,76,4.699999999999999,6.0,2.700000000000003,2353.2690000000002
2025-06-10 13:12:00,79.0,504.1956,76,4.800000000000001,6.0,2.8999999999999986,2415.438
2025-06-10 13:15:00,82.5,514.5255,76,5.099999999999998,6.4,3.0,2496.073
2025-06-10 13:18:00,82.5,509.6065,76,5.199999999999999,6.699999999999999,3.1000000000000014,2508.594
2025-06-10 13:21:00,80.5,500.2604,76,5.199999999999999,6.699999999999999,3.0,2474.818
2025-06-10 13:24:00,80.5,495.5874,76,5.199999999999999,6.699999999999999,2.8999999999999986,2476.9390000000003
2025-06-10 13:27:00,80.0,490.9144,76,5.199999999999999,6.8,2.799999999999997,2421.641
2025-06-10 13:30:00,77.5,487.963,76,5.099999999999998,6.7,2.700000000000003,2375.629
2025-06-10 13:33:00,78.5,489.9306,76,4.9999999999999964,6.799999999999999,2.9000000000000057,2402.6859999999997
2025-06-10 13:36:00,79.0,489.1927,76,5.099999999999998,6.800000000000001,2.8999999999999986,2404.3190000000004
2025-06-10 13:39:00,78.5,490.9144,76,4.9999999999999964,6.6,2.9000000000000057,2388.4210000000003
2025-06-10 13:42:00,77.5,494.3576,76,4.9999999999999964,6.5,2.8000000000000043,2380.464
2025-06-10 13:45:00,76.5,491.1603,77,4.9999999999999964,6.5,2.700000000000003,2342.045
2025-06-10 13:48:00,76.0,486.7332,77,4.9999999999999964,6.5,2.700000000000003,2332.2349999999997
2025-06-10 13:51:00,75.5,473.206,77,4.900000000000002,6.6,2.799999999999997,2303.7070000000003
2025-06-10 13:54:00,76.0,496.8171,77,4.9999999999999964,6.6,2.8000000000000043,2328.1099999999997
2025-06-10 13:57:00,78.0,507.8849,77,5.100000000000001,6.6,2.799999999999997,2394.395
2025-06-10 14:00:00,78.0,512.066,77,5.100000000000001,6.5,2.799999999999997,2388.839
2025-06-10 14:03:00,76.5,507.6389,77,5.0,6.3,2.700000000000003,2352.327
2025-06-10 14:06:00,76.5,505.1794,77,5.0,6.200000000000001,2.8000000000000043,2334.316
2025-06-10 14:09:00,76.5,498.0469,77,5.0,6.4,2.8000000000000043,2342.828
2025-06-10 14:12:00,76.0,498.2928,77,5.0,6.4,2.8000000000000043,2344.811
2025-06-10 14:15:00,77.0,503.9496,77,5.0,6.3999999999999995,2.700000000000003,2352.188
2025-06-10 14:18:00,77.0,506.6551,77,5.0,6.4,2.700000000000003,2347.827
2025-06-10 14:21:00,75.0,487.2251,77,4.799999999999997,6.200000000000001,2.700000000000003,2286.6710000000003
2025-06-10 14:24:00,74.5,483.5359,77,4.700000000000003,6.300000000000001,2.799999999999997,2266.8990000000003
2025-06-10 14:27:00,74.5,485.0116,77,4.799999999999997,6.5,2.6000000000000014,2254.05
2025-06-10 14:30:00,76.5,485.7494,77,4.700000000000003,6.1,2.5999999999999943,2341.788
2025-06-10 14:33:00,77.5,505.9173,77,4.799999999999997,6.1,2.8000000000000043,2400.175
2025-06-10 14:36:00,82.5,509.6065,77,5.200000000000003,6.3999999999999995,3.0,2538.8149999999996
2025-06-10 14:39:00,83.0,515.0174,77,5.199999999999996,6.6,3.0,2520.6099999999997
2025-06-10 14:42:00,82.5,499.0307,77,5.199999999999996,6.699999999999999,3.0,2523.7529999999997
2025-06-10 14:45:00,82.5,497.8009,78,5.299999999999997,6.9,2.8999999999999986,2523.022
2025-06-10 14:48:00,82.5,500.2604,78,5.399999999999999,6.699999999999999,2.8999999999999986,2528.276
2025-06-10 14:51:00,82.0,506.9011,78,5.399999999999999,6.799999999999999,2.8999999999999986,2523.648
2025-06-10 14:54:00,82.5,504.4415,78,5.399999999999999,6.799999999999999,2.8999999999999986,2526.748
2025-06-10 14:57:00,82.0,501.4901,78,5.399999999999999,6.799999999999999,2.8999999999999986,2531.474
2025-06-10 15:00:00,81.0,496.5712,78,5.300000000000001,6.8,2.799999999999997,2498.074
2025-06-10 15:03:00,80.0,499.5226,78,5.300000000000001,6.7,2.799999999999997,2446.989
2025-06-10 15:06:00,79.5,499.0307,78,5.300000000000001,6.6,2.799999999999997,2454.029
2025-06-10 15:09:00,80.0,507.147,78,5.199999999999999,6.5,2.8999999999999986,2458.709
2025-06-10 15:12:00,80.5,516.493,78,5.300000000000001,6.5,2.8999999999999986,2478.116
2025-06-10 15:15:00,82.0,520.6742,78,5.400000000000002,6.6,2.8999999999999986,2494.565
2025-06-10 15:18:00,83.0,520.6742,78,5.399999999999999,6.6000000000000005,3.0,2540.0910000000003
2025-06-10 15:21:00,83.0,521.412,78,5.399999999999999,6.499999999999999,2.9000000000000057,2533.2309999999998
2025-06-10 15:24:00,82.5,522.8877,78,5.399999999999999,6.5,2.9000000000000057,2536.957
2025-06-10 15:27:00,67.0,390.8131,78,4.5,7.1,2.299999999999997,2097.926
2025-06-10 15:30:00,65.0,383.6806,78,4.100000000000001,6.6,2.1999999999999957,1988.7352999999998
2025-06-11 09:54:00,88.0,521.1661,79,4.799999999999997,6.4,3.3000000000000043,2670.976
2025-06-11 09:57:00,88.5,526.577,79,5.099999999999998,6.8,3.3000000000000043,2672.766
2025-06-11 10:00:00,87.5,541.3339,79,5.0,6.7,3.1999999999999957,2648.657
2025-06-11 10:03:00,86.5,545.0231,79,5.100000000000001,6.7,3.1000000000000014,2622.509
2025-06-11 10:06:00,87.0,539.6123,79,5.200000000000003,6.7,3.1000000000000014,2641.166
2025-06-11 10:09:00,86.5,538.6285,79,5.100000000000001,6.699999999999999,3.1000000000000014,2622.571
2025-06-11 10:12:00,85.0,492.1441,79,5.199999999999999,6.7,2.8999999999999986,2547.166
2025-06-11 10:15:00,81.5,516.739,79,4.900000000000002,6.7,2.8999999999999986,2431.83
2025-06-11 10:18:00,81.0,600.1157,79,4.800000000000004,6.300000000000001,2.8999999999999986,2446.795
2025-06-11 10:21:00,83.0,594.213,79,5.199999999999999,5.999999999999999,3.0,2527.721
2025-06-11 10:24:00,85.5,590.0319,79,5.100000000000001,5.999999999999999,3.1000000000000014,2567.723
2025-06-11 10:27:00,86.0,584.375,79,5.100000000000001,6.1,3.1000000000000014,2577.6189999999997
2025-06-11 10:30:00,86.0,581.9155,79,5.200000000000003,6.2,3.1000000000000014,2611.927
2025-06-11 10:33:00,85.5,576.7506,79,5.200000000000003,6.3,3.1000000000000014,2588.442
2025-06-11 10:36:00,85.5,580.6857,80,5.300000000000004,6.3,3.0999999999999943,2612.937
2025-06-11 10:39:00,86.0,570.8478,80,5.200000000000003,6.3,3.0999999999999943,2600.5460000000003
2025-06-11 10:42:00,84.5,548.9583,80,5.100000000000001,6.300000000000001,3.0,2539.839
2025-06-11 10:45:00,83.0,534.9393,80,5.100000000000001,6.5,2.8999999999999986,2517.483
2025-06-11 10:48:00,83.0,525.5931,80,5.100000000000001,6.6,3.0,2516.598
2025-06-11 10:51:00,83.0,511.3281,80,5.100000000000001,6.6,3.0,2516.127
2025-06-11 10:54:00,80.0,505.4254,80,5.0,6.7,2.799999999999997,2410.413
2025-06-11 10:57:00,79.0,494.6036,80,4.899999999999999,6.5,2.8000000000000043,2370.426
2025-06-11 11:00:00,77.0,503.9496,80,4.699999999999996,6.6,2.8000000000000043,2342.484
2025-06-11 11:03:00,78.5,512.066,80,4.799999999999997,6.4,2.8000000000000043,2363.9440000000004
2025-06-11 11:06:00,79.5,532.2338,80,4.899999999999999,6.4,2.799999999999997,2403.199
2025-06-11 11:09:00,81.5,547.2367,80,5.0,6.3,2.8999999999999986,2444.426
2025-06-11 11:12:00,79.5,550.68,80,5.0,6.3,3.0,2470.657
2025-06-11 11:15:00,81.5,546.9907,80,5.100000000000001,6.3,3.0,2478.741
2025-06-11 11:18:00,80.0,528.5446,80,5.0000000000000036,6.3,2.8999999999999986,2460.08
2025-06-11 11:21:00,79.5,518.9525,80,5.0000000000000036,6.300000000000001,2.799999999999997,2409.1220000000003
2025-06-11 11:24:00,79.0,532.7257,80,5.0000000000000036,6.300000000000001,2.799999999999997,2428.199
2025-06-11 11:27:00,80.0,526.3311,80,5.0000000000000036,6.300000000000001,2.8999999999999986,2414.594
2025-06-11 11:30:00,79.0,532.4797,80,5.0000000000000036,6.300000000000001,2.799999999999997,2402.624
2025-06-11 11:33:00,79.0,526.3311,80,4.900000000000002,6.199999999999999,2.8999999999999986,2402.6040000000003
2025-06-11 11:36:00,78.5,524.1175,81,4.900000000000002,6.300000000000001,2.799999999999997,2376.2619999999997
2025-06-11 11:39:00,79.0,538.6285,81,4.900000000000002,6.200000000000001,2.799999999999997,2386.308
2025-06-11 11:42:00,79.5,537.8906,81,4.9999999999999964,6.200000000000001,2.9000000000000057,2414.935
2025-06-11 11:45:00,80.0,533.4636,81,4.9999999999999964,6.200000000000001,2.9000000000000057,2421.022
2025-06-11 11:48:00,80.0,529.2824,81,4.9999999999999964,6.3,2.9000000000000057,2415.4489999999996
2025-06-11 11:51:00,80.0,520.4282,81,5.099999999999998,6.4,2.8999999999999986,2420.048
2025-06-11 11:54:00,78.5,511.3281,81,4.899999999999999,6.300000000000001,2.8000000000000043,2365.214
2025-06-11 11:57:00,78.0,514.2795,81,4.899999999999999,6.300000000000001,2.8000000000000043,2375.629
2025-06-11 12:00:00,77.0,516.739,81,4.800000000000004,6.200000000000001,2.799999999999997,2362.4849999999997
2025-06-11 12:03:00,78.0,517.7228,81,4.899999999999999,6.200000000000001,2.8000000000000043,2380.701
2025-06-11 12:06:00,79.5,521.9039,81,4.899999999999999,6.300000000000001,2.8000000000000043,2393.928
2025-06-11 12:09:00,79.0,522.8877,81,4.899999999999999,6.4,2.9000000000000057,2396.893
2025-06-11 12:12:00,78.0,511.82,81,4.899999999999999,6.4,2.8000000000000043,2393.524
2025-06-11 12:15:00,79.0,505.6713,81,4.899999999999999,6.5,2.9000000000000057,2387.136
2025-06-11 12:18:00,80.5,521.1661,81,5.0,6.3999999999999995,2.8999999999999986,2435.766
2025-06-11 12:21:00,80.5,524.3634,81,5.100000000000001,6.499999999999999,2.799999999999997,2438.188
2025-06-11 12:24:00,82.0,516.2471,81,5.100000000000001,6.3999999999999995,3.0,2450.038
2025-06-11 12:27:00,80.0,511.3281,81,5.100000000000001,6.5,2.799999999999997,2415.364
2025-06-11 12:30:00,80.5,511.82,81,5.0,6.5,2.799999999999997,2427.273
2025-06-11 12:33:00,80.0,521.412,81,5.100000000000001,6.3999999999999995,2.799999999999997,2428.802
2025-06-11 12:36:00,80.5,517.9688,82,5.100000000000001,6.3,2.799999999999997,2410.393
2025-06-11 12:39:00,80.0,506.9011,82,5.0,6.4,2.8999999999999986,2421.926
2025-06-11 12:42:00,78.0,496.5712,82,5.0,6.5,2.700000000000003,2378.9030000000002
2025-06-11 12:45:00,78.5,492.8819,82,4.9999999999999964,6.5,2.8000000000000043,2377.2200000000003
2025-06-11 12:48:00,79.0,501.7361,82,4.899999999999999,6.5,2.8000000000000043,2365.2470000000003
2025-06-11 12:51:00,79.5,513.7876,82,5.0,6.5,2.8999999999999986,2397.96
2025-06-11 12:54:00,80.0,520.4282,82,5.200000000000003,6.4,2.8999999999999986,2433.3869999999997
2025-06-11 12:57:00,80.5,522.6418,82,5.200000000000003,6.3,2.8999999999999986,2430.4049999999997
2025-06-11 13:00:00,79.5,517.9688,82,5.100000000000001,6.4,2.8999999999999986,2423.288
2025-06-11 13:03:00,80.0,515.5093,82,5.200000000000003,6.499999999999999,2.8999999999999986,2442.4880000000003
2025-06-11 13:06:00,81.5,508.3767,82,5.100000000000001,6.499999999999999,2.8999999999999986,2461.102
2025-06-11 13:09:00,81.0,508.1308,82,5.100000000000001,6.499999999999999,2.8999999999999986,2424.6980000000003
2025-06-11 13:12:00,79.5,506.4091,82,5.0,6.3999999999999995,2.8999999999999986,2418.536
2025-06-11 13:15:00,79.5,511.5741,82,5.0,6.4,2.799999999999997,2400.709
2025-06-11 13:18:00,81.0,523.8715,82,5.0,6.3999999999999995,3.0,2435.624
2025-06-11 13:21:00,81.5,527.8067,82,5.199999999999996,6.3999999999999995,2.9000000000000057,2472.818
2025-06-11 13:24:00,81.5,524.3634,82,5.199999999999996,6.3999999999999995,2.9000000000000057,2458.036
2025-06-11 13:27:00,81.5,520.4282,82,5.200000000000003,6.3999999999999995,2.8999999999999986,2456.923
2025-06-11 13:30:00,81.0,521.9039,82,5.200000000000003,6.3,2.8999999999999986,2426.477
2025-06-11 13:33:00,79.5,513.2957,82,5.100000000000001,6.4,2.799999999999997,2410.093
2025-06-11 13:36:00,81.0,521.412,83,5.100000000000001,6.5,2.8999999999999986,2441.0559999999996
2025-06-11 13:39:00,82.0,538.6285,83,5.299999999999997,6.3999999999999995,2.9000000000000057,2496.508
2025-06-11 13:42:00,83.0,546.007,83,5.299999999999997,6.3,2.9000000000000057,2510.9480000000003
2025-06-11 13:45:00,83.0,543.3015,83,5.299999999999997,6.3,2.9000000000000057,2529.951
2025-06-11 13:48:00,82.0,542.5637,83,5.299999999999997,6.3,2.9000000000000057,2501.4040000000005
2025-06-11 13:51:00,82.0,533.7095,83,5.299999999999997,6.3,2.9000000000000057,2489.498
2025-06-11 13:54:00,82.0,531.25,83,5.299999999999997,6.3999999999999995,3.0,2512.5969999999998
2025-06-11 13:57:00,82.5,532.7257,83,5.299999999999997,6.3999999999999995,2.8999999999999986,2491.884
2025-06-11 14:00:00,84.0,533.9554,83,5.399999999999999,6.3999999999999995,2.8999999999999986,2525.9579999999996
2025-06-11 14:03:00,82.0,534.2014,83,5.399999999999999,6.3,2.8999999999999986,2525.4700000000003
2025-06-11 14:06:00,82.5,529.2824,83,5.299999999999997,6.4,2.8999999999999986,2488.454
2025-06-11 14:09:00,82.0,526.577,83,5.299999999999997,6.3999999999999995,2.8999999999999986,2511.549
2025-06-11 14:12:00,83.0,533.9554,83,5.399999999999999,6.499999999999999,2.8999999999999986,2532.905
2025-06-11 14:15:00,84.0,531.496,83,5.399999999999999,6.499999999999999,2.8999999999999986,2544.353
2025-06-11 14:18:00,83.5,545.2691,83,5.399999999999999,6.499999999999999,2.8999999999999986,2536.103
2025-06-11 14:21:00,83.0,537.1528,83,5.399999999999999,6.3999999999999995,3.0,2548.76
2025-06-11 14:24:00,82.5,532.2338,83,5.399999999999999,6.3999999999999995,2.8999999999999986,2508.643
2025-06-11 14:27:00,83.0,519.4445,83,5.399999999999999,6.499999999999999,2.8999999999999986,2526.4570000000003
2025-06-11 14:30:00,82.5,526.3311,83,5.300000000000001,6.499999999999999,2.8999999999999986,2521.858
2025-06-11 14:33:00,83.0,535.923,83,5.400000000000002,6.499999999999999,2.8999999999999986,2526.7690000000002
2025-06-11 14:36:00,83.5,544.0394,84,5.400000000000002,6.3999999999999995,2.8999999999999986,2542.365
2025-06-11 14:39:00,83.0,547.7286,84,5.400000000000002,6.3,2.8999999999999986,2522.254
2025-06-11 14:42:00,84.0,582.8993,84,5.5000000000000036,6.1,3.0,2589.0910000000003
2025-06-11 14:45:00,87.5,594.4589,84,5.599999999999998,6.1,3.0,2653.647
2025-06-11 14:48:00,89.0,601.3455,84,5.800000000000001,6.1,3.1000000000000014,2731.86
2025-06-11 14:51:00,90.5,562.2396,84,5.900000000000002,6.199999999999999,3.0,2744.112
2025-06-11 14:54:00,90.0,550.9259,84,5.800000000000001,6.3999999999999995,3.0,2707.918
2025-06-11 14:57:00,89.0,538.6285,84,5.800000000000001,6.6,3.0,2691.696
2025-06-11 15:00:00,87.5,527.3148,84,5.800000000000001,6.800000000000001,2.8999999999999986,2692.6620000000003
2025-06-11 15:03:00,88.0,530.5121,84,5.699999999999999,6.800000000000001,3.0,2674.63
2025-06-11 15:06:00,87.0,526.577,84,5.699999999999999,6.699999999999999,3.0,2668.806
2025-06-11 15:09:00,86.0,520.6742,84,5.599999999999998,6.699999999999999,2.8999999999999986,2629.486
2025-06-11 15:12:00,86.5,519.9363,84,5.599999999999998,6.799999999999999,2.8999999999999986,2638.442
2025-06-11 15:15:00,86.0,506.6551,84,5.599999999999998,6.800000000000001,2.8999999999999986,2636.402
2025-06-11 15:18:00,87.0,508.3767,84,5.599999999999998,6.9,2.8999999999999986,2627.626
2025-06-11 15:21:00,85.5,510.8362,84,5.600000000000001,6.8999999999999995,2.799999999999997,2616.398
2025-06-11 15:24:00,84.5,520.6742,84,5.5,6.799999999999999,2.8999999999999986,2610.679
2025-06-11 15:27:00,85.5,525.1013,84,5.599999999999998,6.6,2.8999999999999986,2608.411
2025-06-11 15:30:00,86.0,521.9039,84,5.4999999999999964,6.6,3.1000000000000014,2612.493
2025-06-11 15:33:00,86.0,525.5931,84,5.600000000000001,6.699999999999999,3.0,2627.7560000000003
2025-06-11 15:36:00,86.0,529.2824,85,5.5,6.6,3.0,2617.1679999999997
2025-06-11 15:39:00,86.5,551.1719,85,5.600000000000001,6.5,3.0,2657.3419999999996
2025-06-11 15:42:00,87.5,552.6476,85,5.600000000000001,6.4,3.0,2661.816
2025-06-11 15:45:00,87.0,549.9421,85,5.600000000000001,6.4,3.0,2639.196
2025-06-11 15:48:00,86.0,542.3177,85,5.600000000000001,6.4,3.0,2611.0150000000003
2025-06-11 15:51:00,83.5,518.7066,85,5.399999999999999,6.500000000000001,2.8999999999999986,2540.6130000000003
2025-06-11 15:54:00,82.0,507.147,85,5.299999999999997,6.500000000000001,2.8000000000000043,2480.002
2025-06-11 15:57:00,80.0,493.3738,85,5.200000000000003,6.500000000000001,2.799999999999997,2425.854
2025-06-11 16:00:00,77.0,481.0764,85,5.100000000000001,6.500000000000001,2.6999999999999957,2351.646
2025-06-11 16:03:00,75.0,478.125,85,4.899999999999999,6.4,2.6000000000000014,2271.6890000000003
2025-06-11 16:06:00,77.0,530.5121,85,4.700000000000003,5.9,2.6999999999999957,2357.06
2025-06-11 16:09:00,78.5,510.3443,85,5.0,5.800000000000001,2.6000000000000014,2399.232
2025-06-11 16:12:00,81.0,518.9525,85,5.0,6.1000000000000005,2.6999999999999957,2462.6220000000003
2025-06-11 16:15:00,81.0,548.7124,85,5.100000000000001,5.8999999999999995,2.6999999999999957,2482.573
2025-06-11 16:18:00,83.5,551.4178,85,5.299999999999997,5.999999999999999,2.9000000000000057,2531.743
2025-06-11 16:21:00,83.0,552.6476,85,5.199999999999996,5.8999999999999995,2.9000000000000057,2523.122
2025-06-11 16:24:00,83.5,558.5504,85,5.399999999999999,5.999999999999999,2.799999999999997,2557.1490000000003
2025-06-11 16:27:00,84.5,542.5637,85,5.399999999999999,6.1000000000000005,2.799999999999997,2556.982
2025-06-11 16:30:00,83.5,537.1528,85,5.300000000000001,6.200000000000001,2.8999999999999986,2559.111
2025-06-11 16:33:00,83.0,535.1852,85,5.300000000000001,6.1,2.799999999999997,2529.328
2025-06-11 16:36:00,82.5,526.3311,86,5.300000000000001,6.199999999999999,2.799999999999997,2517.0649999999996
2025-06-11 16:39:00,82.5,534.2014,86,5.300000000000001,6.1,2.799999999999997,2500.971
2025-06-11 16:42:00,83.5,524.1175,86,5.300000000000001,6.199999999999999,2.799999999999997,2521.978
2025-06-11 16:45:00,82.5,521.9039,86,5.300000000000001,6.300000000000001,2.8999999999999986,2499.035
2025-06-11 16:48:00,82.5,515.2633,86,5.300000000000001,6.4,2.8999999999999986,2530.678
2025-06-11 16:51:00,81.5,515.7552,86,5.300000000000001,6.3999999999999995,2.799999999999997,2497.035
2025-06-11 16:54:00,81.5,524.1175,86,5.300000000000001,6.4,2.799999999999997,2490.91
2025-06-11 16:57:00,82.5,534.9393,86,5.400000000000002,6.300000000000001,2.8999999999999986,2513.1130000000003
2025-06-11 17:00:00,83.0,553.1395,86,5.5000000000000036,6.1000000000000005,2.8999999999999986,2539.7740000000003
2025-06-11 17:03:00,84.0,553.6313,86,5.5000000000000036,6.1000000000000005,2.8999999999999986,2549.809
2025-06-11 17:06:00,84.0,548.4664,86,5.5000000000000036,6.200000000000001,2.8999999999999986,2567.46
2025-06-11 17:09:00,83.0,548.2205,86,5.5000000000000036,6.1,2.8999999999999986,2533.244
2025-06-11 17:12:00,82.0,542.5637,86,5.400000000000002,6.1,2.799999999999997,2516.807
2025-06-11 17:15:00,82.5,548.7124,86,5.300000000000001,6.0,2.8999999999999986,2523.017
2025-06-11 17:18:00,82.0,536.6609,86,5.300000000000001,6.199999999999999,2.8999999999999986,2527.389
2025-06-11 17:21:00,82.0,493.6198,86,5.300000000000001,6.300000000000001,2.8999999999999986,2474.6009999999997
2025-06-11 17:24:00,77.5,489.6846,86,4.9999999999999964,6.500000000000001,2.8000000000000043,2377.969
2025-06-11 17:27:00,77.0,463.614,86,4.9999999999999964,6.500000000000001,2.8000000000000043,2352.565
2025-06-11 17:30:00,73.5,465.8275,86,4.800000000000001,6.500000000000001,2.6000000000000014,2262.087
2025-06-11 17:33:00,75.0,472.7141,86,4.900000000000002,6.300000000000001,2.5999999999999943,2278.647
2025-06-11 17:36:00,74.5,479.3548,87,4.900000000000002,6.300000000000001,2.5999999999999943,2287.132
2025-06-11 17:39:00,73.0,483.5359,87,4.600000000000001,6.1,2.299999999999997,2215.315
2025-06-11 17:42:00,75.0,474.9276,87,4.600000000000001,5.799999999999999,2.5,2270.2560000000003
2025-06-11 17:45:00,74.5,473.6979,87,4.699999999999999,5.8999999999999995,2.6000000000000014,2251.41
2025-06-11 17:48:00,73.5,463.86,87,4.699999999999999,6.0,2.5,2239.696
2025-06-11 17:51:00,73.5,464.5978,87,4.600000000000001,6.1,2.5,2231.679
2025-06-11 17:54:00,73.0,465.3356,87,4.5,6.0,2.6000000000000014,2236.951
2025-06-11 17:57:00,72.5,465.0897,87,4.600000000000001,6.1,2.6000000000000014,2244.6499999999996
2025-06-11 18:00:00,74.0,469.0249,87,4.699999999999999,6.0,2.6000000000000014,2226.148
2025-06-11 18:03:00,73.0,462.3843,87,4.599999999999998,6.2,2.5,2173.7929999999997
2025-06-11 18:06:00,71.5,450.5787,87,4.4999999999999964,6.1000000000000005,2.5,2138.183
2025-06-11 18:09:00,68.0,438.7731,87,4.400000000000002,6.000000000000001,2.3999999999999986,2030.442
2025-06-11 18:12:00,66.0,420.5729,87,4.300000000000001,6.000000000000001,2.1999999999999957,1955.7433999999998
2025-06-11 18:15:00,66.5,420.327,87,3.8999999999999986,5.800000000000001,2.3000000000000043,1965.7466
2025-06-11 18:18:00,66.0,413.1944,87,3.8999999999999986,5.799999999999999,2.3000000000000043,1965.1353
2025-06-11 18:21:00,63.5,385.1563,87,3.8000000000000043,6.1000000000000005,2.1999999999999957,1884.0374000000002
2025-06-11 18:24:00,62.5,381.713,87,3.8000000000000007,6.199999999999999,2.1999999999999957,1848.41
2025-06-11 18:27:00,63.5,384.1725,87,3.8000000000000043,6.1,2.299999999999997,1883.5374000000002
2025-06-11 18:30:00,63.0,384.6644,87,3.8000000000000043,6.1,2.299999999999997,1882.4975
2025-06-11 18:33:00,62.0,380.2373,87,3.700000000000003,6.1,2.299999999999997,1846.7705
2025-06-11 18:36:00,62.0,374.0885,88,3.700000000000003,6.1,2.1999999999999957,1841.3234
2025-06-11 18:39:00,63.0,375.5642,88,3.700000000000003,6.1,2.1999999999999957,1838.094
2025-06-11 18:42:00,61.5,366.4641,88,3.700000000000003,6.1,2.299999999999997,1845.2053
2025-06-11 18:45:00,61.5,369.9074,88,3.6000000000000014,6.0,2.1000000000000014,1797.0337
2025-06-11 18:48:00,59.5,354.6586,88,3.6000000000000014,6.1000000000000005,2.1000000000000014,1757.4895999999999
2025-06-11 18:51:00,56.5,352.9369,88,3.3999999999999986,5.800000000000001,2.0,1667.4470000000001
2025-06-12 08:27:00,38.0,280.8738,88,1.6000000000000014,2.500000000000001,2.1999999999999957,1171.309
2025-06-12 08:30:00,39.0,282.1036,88,2.1999999999999993,4.200000000000001,2.200000000000003,1168.364
2025-06-12 08:33:00,33.0,292.6794,88,2.099999999999998,5.0,1.8999999999999986,1013.486
2025-06-12 08:36:00,36.5,304.9769,88,2.099999999999998,4.8,2.1000000000000014,1097.598
2025-06-12 08:39:00,37.5,347.2801,88,2.400000000000002,4.8,2.1000000000000014,1178.799
2025-06-12 08:42:00,40.5,412.2106,88,2.6000000000000014,4.9,2.400000000000002,1265.335
2025-06-12 08:45:00,99.0,497.0631,88,3.0,4.5,1.4000000000000021,1395.882
2025-06-12 08:48:00,40.5,491.1603,88,1.6000000000000014,1.5999999999999996,1.9999999999999964,1197.1351
2025-06-12 08:51:00,62.5,478.8629,88,3.3000000000000007,4.499999999999999,2.6999999999999993,1887.5358
2025-06-12 08:54:00,63.5,468.287,88,3.3999999999999986,5.1,2.5000000000000036,1934.8401
2025-06-12 08:57:00,65.0,465.3356,88,3.599999999999998,5.299999999999999,2.5000000000000036,1973.373
2025-06-12 09:00:00,65.5,465.0897,88,3.6000000000000014,5.3999999999999995,2.5,1968.6413
2025-06-12 09:03:00,64.5,477.1412,88,3.6999999999999993,5.3999999999999995,2.5,1967.8479
2025-06-12 09:06:00,67.0,484.2737,89,3.8000000000000007,5.500000000000001,2.5,2032.554
2025-06-12 09:09:00,70.5,487.4711,89,4.0,5.6000000000000005,2.6999999999999993,2126.361
2025-06-12 09:12:00,70.0,498.5388,89,4.100000000000001,5.7,2.6999999999999993,2152.67
2025-06-12 09:15:00,73.0,520.4282,89,4.100000000000001,5.6000000000000005,2.8000000000000007,2212.054
2025-06-12 09:18:00,75.0,554.3692,89,4.300000000000001,5.500000000000001,2.799999999999997,2290.048
2025-06-12 09:21:00,76.0,551.4178,89,4.5000000000000036,5.500000000000001,2.799999999999997,2309.183
2025-06-12 09:24:00,76.5,556.0908,89,4.5000000000000036,5.6000000000000005,2.799999999999997,2357.858
2025-06-12 09:27:00,79.5,558.0585,89,4.800000000000001,5.7,2.799999999999997,2399.23
2025-06-12 09:30:00,78.0,563.2234,89,4.800000000000001,5.7,2.799999999999997,2398.823
2025-06-12 09:33:00,79.5,564.945,89,4.800000000000001,5.8,3.0,2422.3900000000003
2025-06-12 09:36:00,81.0,575.5208,89,5.0,5.8999999999999995,3.0,2465.443
2025-06-12 09:39:00,84.5,578.4722,89,5.199999999999999,6.1,3.1000000000000014,2585.898
2025-06-12 09:42:00,86.0,538.6285,89,5.400000000000002,6.299999999999999,3.0,2611.5910000000003
2025-06-12 09:45:00,83.5,539.6123,89,5.300000000000001,6.800000000000001,3.1000000000000014,2580.796
2025-06-12 09:48:00,86.5,530.2662,89,5.400000000000002,6.7,3.1000000000000014,2614.879
2025-06-12 09:51:00,85.0,520.6742,89,5.400000000000002,6.800000000000001,3.0,2586.17
2025-06-12 09:54:00,84.0,500.5063,89,5.300000000000001,6.800000000000001,3.0,2533.618
2025-06-12 09:57:00,82.0,500.2604,89,5.099999999999998,6.8999999999999995,3.0,2495.888
2025-06-12 10:00:00,79.5,499.0307,89,5.0000000000000036,6.8,2.8999999999999986,2406.727
2025-06-12 10:03:00,78.0,500.2604,89,5.0000000000000036,6.6,2.799999999999997,2364.5550000000003
2025-06-12 10:06:00,77.5,494.8495,90,4.900000000000002,6.7,2.8999999999999986,2362.334
2025-06-12 10:09:00,76.0,492.39,90,4.900000000000002,6.7,2.6999999999999957,2311.911
2025-06-12 10:12:00,75.5,487.2251,90,4.900000000000002,6.7,2.6999999999999957,2291.709
2025-06-12 10:15:00,75.0,483.2899,90,4.800000000000001,6.7,2.799999999999997,2308.749
2025-06-12 10:18:00,76.0,486.7332,90,4.800000000000001,6.7,2.799999999999997,2290.835
2025-06-12 10:21:00,75.5,483.5359,90,4.800000000000001,6.6000000000000005,2.799999999999997,2286.158
2025-06-12 10:24:00,73.5,459.9248,90,4.699999999999999,6.6000000000000005,2.700000000000003,2205.6130000000003
2025-06-12 10:27:00,72.0,500.7523,90,4.4999999999999964,6.4,2.700000000000003,2191.678
2025-06-12 10:30:00,74.5,506.4091,90,4.699999999999999,6.3,2.799999999999997,2250.068
2025-06-12 10:33:00,74.0,485.0116,90,4.699999999999999,6.4,2.6000000000000014,2208.906
2025-06-12 10:36:00,74.0,504.4415,90,4.699999999999999,6.4,2.700000000000003,2230.308
2025-06-12 10:39:00,75.0,520.6742,90,4.800000000000001,6.3,2.799999999999997,2275.75
2025-06-12 10:42:00,77.0,538.3825,90,4.900000000000002,6.1000000000000005,2.8999999999999986,2313.721
2025-06-12 10:45:00,77.0,532.2338,90,4.9999999999999964,6.000000000000001,2.8000000000000043,2334.325
2025-06-12 10:48:00,76.0,520.4282,90,4.900000000000002,6.1000000000000005,2.799999999999997,2302.093
2025-06-12 10:51:00,74.5,498.5388,90,4.700000000000003,6.1,2.6999999999999957,2243.3559999999998
2025-06-12 10:54:00,73.5,484.7656,90,4.699999999999999,6.199999999999999,2.700000000000003,2209.866
2025-06-12 10:57:00,73.0,474.4358,90,4.699999999999999,6.4,2.700000000000003,2201.544
2025-06-12 11:00:00,71.0,470.0087,90,4.600000000000001,6.4,2.6000000000000014,2166.078
2025-06-12 11:03:00,72.5,463.86,90,4.600000000000001,6.5,2.6000000000000014,2170.567
2025-06-12 11:06:00,71.5,458.941,91,4.600000000000001,6.4,2.6000000000000014,2152.993
2025-06-12 11:09:00,72.5,461.4005,91,4.600000000000001,6.5,2.6000000000000014,2184.5919999999996
2025-06-12 11:12:00,72.0,462.3843,91,4.600000000000001,6.5,2.6000000000000014,2161.8689999999997
2025-06-12 11:15:00,72.5,490.4225,91,4.600000000000001,6.4,2.6999999999999957,2183.618
2025-06-12 11:18:00,73.0,499.7685,91,4.600000000000001,6.1000000000000005,2.6999999999999957,2217.451
2025-06-12 11:21:00,74.0,500.2604,91,4.700000000000003,6.1000000000000005,2.799999999999997,2240.995
2025-06-12 11:24:00,74.0,492.1441,91,4.600000000000001,6.1000000000000005,2.799999999999997,2232.3940000000002
2025-06-12 11:27:00,73.0,488.7008,91,4.600000000000001,6.200000000000001,2.799999999999997,2209.799
2025-06-12 11:30:00,73.5,487.4711,91,4.600000000000001,6.200000000000001,2.799999999999997,2205.361
2025-06-12 11:33:00,73.5,491.8981,91,4.600000000000001,6.200000000000001,2.799999999999997,2193.6279999999997
2025-06-12 11:36:00,73.5,495.3414,91,4.699999999999996,6.1000000000000005,2.8000000000000043,2219.208
2025-06-12 11:39:00,74.0,495.8333,91,4.599999999999998,6.1000000000000005,2.8000000000000043,2228.413
2025-06-12 11:42:00,73.5,479.6007,91,4.599999999999998,6.2,2.8000000000000043,2218.623
2025-06-12 11:45:00,72.5,470.7465,91,4.599999999999998,6.4,2.700000000000003,2183.016
2025-06-12 11:48:00,71.5,464.8438,91,4.5000000000000036,6.4,2.6999999999999957,2173.643
2025-06-12 11:51:00,72.0,460.9086,91,4.5000000000000036,6.4,2.5999999999999943,2174.209
2025-06-12 11:54:00,71.5,460.9086,91,4.5000000000000036,6.5,2.6999999999999957,2169.4750000000004
2025-06-12 11:57:00,73.5,479.8466,91,4.599999999999998,6.4,2.700000000000003,2200.917
2025-06-12 12:00:00,73.0,487.2251,91,4.599999999999998,6.4,2.700000000000003,2217.054
2025-06-12 12:03:00,72.0,473.6979,91,4.599999999999998,6.300000000000001,2.6000000000000014,2193.776
2025-06-12 12:06:00,72.5,473.452,92,4.599999999999998,6.300000000000001,2.700000000000003,2191.638
2025-06-12 12:09:00,72.5,470.2546,92,4.599999999999998,6.300000000000001,2.6000000000000014,2176.417
2025-06-12 12:12:00,73.0,472.4682,92,4.300000000000001,5.9,2.5,2203.398
2025-06-12 12:15:00,74.0,470.9925,92,4.5000000000000036,6.000000000000001,2.5,2251.571
2025-06-12 12:18:00,74.0,469.5168,92,4.400000000000002,6.000000000000001,2.5999999999999943,2251.051
2025-06-12 12:21:00,73.0,467.5492,92,4.400000000000002,6.1000000000000005,2.5999999999999943,2207.465
2025-06-12 12:24:00,74.5,477.1412,92,4.4999999999999964,6.2,2.700000000000003,2255.9269999999997
2025-06-12 12:27:00,74.5,474.9276,92,4.599999999999998,6.3,2.700000000000003,2259.127
2025-06-12 12:30:00,75.0,474.9276,92,4.599999999999998,6.3,2.8000000000000043,2279.819
2025-06-12 12:33:00,74.5,471.2384,92,4.699999999999999,6.4,2.700000000000003,2252.9030000000002
2025-06-12 12:36:00,75.5,471.9763,92,4.699999999999999,6.5,2.700000000000003,2271.2470000000003
2025-06-12 12:39:00,75.5,489.4387,92,4.699999999999999,6.5,2.799999999999997,2289.567
2025-06-12 12:42:00,77.5,499.0307,92,4.800000000000001,6.3999999999999995,2.8999999999999986,2345.512
2025-06-12 12:45:00,79.0,507.147,92,4.900000000000002,6.3999999999999995,3.0,2385.517
2025-06-12 12:48:00,77.0,499.0307,92,4.900000000000002,6.3,2.799999999999997,2333.2619999999997
2025-06-12 12:51:00,76.0,483.5359,92,4.900000000000002,6.5,2.799999999999997,2295.203
2025-06-12 12:54:00,76.0,479.6007,92,4.800000000000001,6.5,2.799999999999997,2300.197
2025-06-12 12:57:00,75.5,475.1736,92,4.800000000000001,6.5,2.6999999999999957,2275.5950000000003
2025-06-12 13:00:00,75.5,469.7627,92,4.800000000000001,6.6,2.6999999999999957,2243.83
2025-06-12 13:03:00,74.5,466.5654,92,4.800000000000001,6.5,2.6999999999999957,2242.23
2025-06-12 13:06:00,76.0,474.9276,93,4.800000000000001,6.5,2.6999999999999957,2267.986
2025-06-12 13:09:00,74.5,475.1736,93,4.800000000000001,6.5,2.6999999999999957,2252.2
2025-06-12 13:12:00,74.5,468.533,93,4.700000000000003,6.5,2.5,2224.541
2025-06-12 13:15:00,75.5,467.3032,93,4.399999999999999,6.2,2.700000000000003,2269.1180000000004
2025-06-12 13:18:00,77.0,484.5197,93,4.600000000000001,6.199999999999999,2.6000000000000014,2325.364
2025-06-12 13:21:00,78.0,485.0116,93,4.700000000000003,6.3,2.6999999999999957,2353.514
2025-06-12 13:24:00,79.5,488.7008,93,4.800000000000004,6.3,2.6999999999999957,2396.9269999999997
2025-06-12 13:27:00,81.0,496.0793,93,5.0,6.5,2.8999999999999986,2450.558
2025-06-12 13:30:00,80.0,485.5035,93,5.0,6.6,2.799999999999997,2409.593
2025-06-12 13:33:00,79.0,481.3224,93,4.899999999999999,6.7,2.8999999999999986,2388.763
2025-06-12 13:36:00,77.5,483.7818,93,4.899999999999999,6.6,2.8000000000000043,2342.549
2025-06-12 13:39:00,78.5,498.0469,93,5.0,6.5,2.799999999999997,2368.094
2025-06-12 13:42:00,79.0,499.7685,93,5.0,6.4,2.799999999999997,2376.798
2025-06-12 13:45:00,78.5,488.7008,93,5.0,6.5,2.799999999999997,2338.0640000000003
2025-06-12 13:48:00,76.5,471.9763,93,4.899999999999999,6.6,2.8000000000000043,2319.2309999999998
2025-06-12 13:51:00,77.0,466.3194,93,4.899999999999999,6.7,2.8000000000000043,2318.94
2025-06-12 13:54:00,75.5,470.2546,93,4.799999999999997,6.6,2.700000000000003,2248.204
2025-06-12 13:57:00,76.5,482.5521,93,4.600000000000001,6.2,2.6000000000000014,2322.0860000000002
2025-06-12 14:00:00,78.0,494.8495,93,4.700000000000003,6.1,2.799999999999997,2348.9030000000002
2025-06-12 14:03:00,81.0,490.6684,93,4.899999999999999,6.3,2.8999999999999986,2460.815
2025-06-12 14:06:00,81.5,486.2413,94,5.100000000000001,6.699999999999999,2.8999999999999986,2454.416
2025-06-12 14:09:00,81.0,482.3062,94,5.100000000000001,6.8999999999999995,2.8999999999999986,2469.764
2025-06-12 14:12:00,80.5,478.125,94,5.100000000000001,6.8,2.8999999999999986,2432.779
2025-06-12 14:15:00,79.0,488.2089,94,5.100000000000001,6.8,2.799999999999997,2380.5919999999996
2025-06-12 14:18:00,80.0,487.963,94,5.100000000000001,6.5,2.8999999999999986,2395.9300000000003
2025-06-12 14:21:00,79.0,482.0602,94,5.100000000000001,6.5,2.8999999999999986,2378.7470000000003
2025-06-12 14:24:00,77.0,473.6979,94,5.100000000000001,6.7,2.799999999999997,2331.743
2025-06-12 14:27:00,77.5,469.0249,94,5.0,6.7,2.799999999999997,2321.105
2025-06-12 14:30:00,75.0,471.9763,94,4.800000000000001,6.6,2.3999999999999986,2256.909
2025-06-12 14:33:00,75.5,467.7951,94,4.599999999999998,6.2,2.700000000000003,2309.732
2025-06-12 14:36:00,75.5,462.6302,94,4.699999999999999,6.3,2.6000000000000014,2284.715
2025-06-12 14:39:00,77.0,472.2223,94,4.800000000000001,6.4,2.700000000000003,2331.947
2025-06-12 14:42:00,77.0,480.8304,94,4.900000000000002,6.4,2.6999999999999957,2343.215
2025-06-12 14:45:00,78.5,474.6817,94,5.0000000000000036,6.4,2.799999999999997,2386.978
2025-06-12 14:48:00,78.5,483.2899,94,5.0000000000000036,6.5,2.799999999999997,2358.056
2025-06-12 14:51:00,79.0,479.8466,94,5.099999999999998,6.5,2.8000000000000043,2411.788
2025-06-12 14:54:00,79.0,489.9306,94,5.099999999999998,6.5,2.8000000000000043,2367.774
2025-06-12 14:57:00,80.0,498.2928,94,5.099999999999998,6.5,2.9000000000000057,2409.8239999999996
2025-06-12 15:00:00,79.0,496.8171,94,5.199999999999999,6.4,2.8000000000000043,2411.941
2025-06-12 15:03:00,78.0,481.8142,94,5.099999999999998,6.5,2.8000000000000043,2393.142
2025-06-12 15:06:00,77.5,480.5845,95,5.099999999999998,6.7,2.8000000000000043,2375.434
2025-06-12 15:09:00,77.0,473.6979,95,5.0000000000000036,6.7,2.799999999999997,2330.115
2025-06-12 15:12:00,76.5,467.7951,95,5.0000000000000036,6.6,2.799999999999997,2323.439
2025-06-12 15:15:00,76.0,471.2384,95,5.0000000000000036,6.6,2.799999999999997,2323.9880000000003
2025-06-12 15:18:00,76.0,471.4844,95,5.0000000000000036,6.6,2.799999999999997,2334.413
2025-06-12 15:21:00,77.5,484.5197,95,5.099999999999998,6.6,2.9000000000000057,2376.678
2025-06-12 15:24:00,78.0,494.3576,95,5.199999999999999,6.5,2.8000000000000043,2371.888
2025-06-12 15:27:00,78.5,490.4225,95,5.199999999999999,6.5,2.8000000000000043,2378.7
2025-06-12 15:30:00,79.0,487.4711,95,5.300000000000001,6.6,2.799999999999997,2372.9139999999998
2025-06-12 15:33:00,78.5,481.8142,95,5.300000000000001,6.5,2.799999999999997,2374.362
2025-06-12 15:36:00,77.5,478.8629,95,5.300000000000001,6.6,2.700000000000003,2355.093
2025-06-12 15:39:00,77.5,478.371,95,5.300000000000001,6.6,2.700000000000003,2336.629
2025-06-12 15:42:00,76.0,476.1574,95,5.099999999999998,6.5,2.8000000000000043,2328.027
2025-06-12 15:45:00,76.0,479.3548,95,5.099999999999998,6.4,2.8000000000000043,2314.775
2025-06-12 15:48:00,76.0,474.4358,95,5.099999999999998,6.5,2.700000000000003,2304.487
2025-06-12 15:51:00,75.0,467.5492,95,5.0000000000000036,6.6000000000000005,2.5999999999999943,2262.0240000000003
2025-06-12 15:54:00,75.5,477.6331,95,4.800000000000001,6.2,2.5,2291.798
2025-06-12 15:57:00,77.5,480.8304,95,4.900000000000002,6.2,2.6999999999999957,2360.843
2025-06-12 16:00:00,78.5,482.0602,95,5.099999999999998,6.4,2.9000000000000057,2412.098
2025-06-12 16:03:00,78.0,472.2223,95,5.099999999999998,6.6,2.8000000000000043,2359.641
2025-06-12 16:06:00,77.5,461.1545,96,5.099999999999998,6.6,2.8000000000000043,2364.7709999999997
2025-06-12 16:09:00,77.5,458.695,96,5.099999999999998,6.8,2.8000000000000043,2355.818
2025-06-12 16:12:00,77.0,459.9248,96,4.9999999999999964,6.8,2.8000000000000043,2331.2529999999997
2025-06-12 16:15:00,76.5,467.7951,96,4.9999999999999964,6.699999999999999,2.8000000000000043,2334.967
2025-06-12 16:18:00,76.5,462.8762,96,4.9999999999999964,6.699999999999999,2.8000000000000043,2326.94
2025-06-12 16:21:00,75.5,462.3843,96,4.9999999999999964,6.7,2.700000000000003,2281.0249999999996
2025-06-12 16:24:00,73.5,452.5463,96,4.699999999999999,6.3,2.3999999999999986,2232.045
2025-06-12 16:27:00,74.5,444.43,96,4.699999999999999,6.2,2.5,2240.665
2025-06-12 16:30:00,73.5,449.103,96,4.699999999999999,6.3,2.6000000000000014,2242.4219999999996
2025-06-12 16:33:00,74.0,449.8409,96,4.699999999999999,6.3,2.5,2241.045
2025-06-12 16:36:00,74.5,449.8409,96,4.800000000000001,6.4,2.6000000000000014,2254.1769999999997
2025-06-12 16:39:00,74.5,457.9572,96,4.800000000000001,6.4,2.6999999999999957,2291.7439999999997
2025-06-12 16:42:00,76.5,467.5492,96,4.9999999999999964,6.5,2.700000000000003,2319.239
2025-06-12 16:45:00,76.0,458.4491,96,4.9999999999999964,6.5,2.700000000000003,2302.888
2025-06-12 16:48:00,76.0,448.6111,96,4.9999999999999964,6.7,2.700000000000003,2304.3599999999997
2025-06-12 16:51:00,75.5,455.2517,96,4.899999999999999,6.6,2.700000000000003,2273.748
2025-06-12 16:54:00,74.0,451.8085,96,4.800000000000004,6.6,2.799999999999997,2255.303
2025-06-12 16:57:00,74.0,456.2355,96,4.800000000000004,6.6,2.6999999999999957,2240.6639999999998
2025-06-12 17:00:00,73.5,459.1869,96,4.899999999999999,6.5,2.6000000000000014,2234.249
2025-06-12 17:03:00,73.0,453.0382,96,4.800000000000004,6.5,2.6999999999999957,2216.187
2025-06-12 17:06:00,73.5,512.066,97,4.800000000000004,6.5,2.799999999999997,2253.8140000000003
2025-06-12 17:09:00,79.0,523.1337,97,5.100000000000001,6.2,2.8999999999999986,2415.74
2025-06-12 17:12:00,80.0,520.6742,97,5.200000000000003,6.2,2.8999999999999986,2444.2830000000004
2025-06-12 17:15:00,80.0,542.8096,97,5.299999999999997,6.2,3.0,2488.41
2025-06-12 17:18:00,80.5,534.6933,97,5.299999999999997,6.2,3.0,2473.0
2025-06-12 17:21:00,79.5,523.8715,97,5.299999999999997,6.3,2.9000000000000057,2439.642
2025-06-12 17:24:00,81.0,534.2014,97,5.299999999999997,6.3,2.9000000000000057,2494.975
2025-06-12 17:27:00,83.0,536.4149,97,5.299999999999997,6.3999999999999995,3.1000000000000014,2538.418
2025-06-12 17:30:00,82.0,522.8877,97,5.199999999999996,6.3999999999999995,3.0,2525.3689999999997
2025-06-12 17:33:00,81.0,517.4769,97,5.199999999999996,6.3999999999999995,2.9000000000000057,2472.7389999999996
2025-06-12 17:36:00,79.5,491.6522,97,5.100000000000001,6.5,2.799999999999997,2421.804
2025-06-12 17:39:00,79.0,491.8981,97,5.0,6.6,2.8999999999999986,2426.6440000000002
2025-06-12 17:42:00,81.0,498.2928,97,5.100000000000001,6.6,3.0,2469.6490000000003
2025-06-12 17:45:00,79.0,499.5226,97,5.100000000000001,6.4,2.799999999999997,2414.7749999999996
2025-06-12 17:48:00,75.5,466.5654,97,4.899999999999999,6.6000000000000005,2.6000000000000014,2277.938
2025-06-12 17:51:00,70.5,468.287,97,4.399999999999999,6.1,2.299999999999997,2154.429
2025-06-12 17:54:00,71.5,470.0087,97,4.399999999999999,5.8,2.5,2188.065
2025-06-12 17:57:00,73.5,471.9763,97,4.399999999999999,5.8,2.700000000000003,2243.4849999999997
2025-06-12 18:00:00,75.0,461.1545,97,4.599999999999998,6.199999999999999,2.700000000000003,2284.523
2025-06-12 18:03:00,73.0,460.1707,97,4.5000000000000036,6.3999999999999995,2.5999999999999943,2214.581
2025-06-12 18:06:00,70.5,434.3461,98,4.199999999999999,5.999999999999999,2.3999999999999986,2133.37
2025-06-12 18:09:00,68.5,403.1105,98,4.099999999999998,6.299999999999999,2.4000000000000057,2075.328
2025-06-12 18:12:00,67.0,392.7807,98,4.0000000000000036,6.3999999999999995,2.3999999999999986,2033.491
2025-06-12 18:15:00,65.5,386.6319,98,3.900000000000002,6.299999999999999,2.3999999999999986,1996.684
2025-06-12 18:18:00,65.5,379.0075,98,3.900000000000002,6.299999999999999,2.299999999999997,1980.6086
2025-06-12 18:21:00,59.0,336.7043,98,3.6999999999999993,6.6,2.1000000000000014,1738.8189
2025-06-12 18:24:00,57.0,340.3935,98,3.5000000000000036,6.3,2.0999999999999943,1687.1182
2025-06-12 18:27:00,56.0,336.7043,98,3.5000000000000036,6.3,2.0999999999999943,1669.8996
2025-06-12 18:30:00,56.0,342.1152,98,3.5000000000000036,6.1000000000000005,2.0999999999999943,1664.3227
2025-06-12 18:33:00,56.0,342.3611,98,3.400000000000002,6.1000000000000005,2.0999999999999943,1662.6631
2025-06-12 18:36:00,56.5,339.6557,98,3.400000000000002,6.1,2.1999999999999957,1684.3525
2025-06-12 18:39:00,56.0,337.1962,98,3.400000000000002,6.1,2.0999999999999943,1680.2101
2025-06-12 18:42:00,56.0,339.4097,98,3.400000000000002,6.199999999999999,2.0999999999999943,1678.4
2025-06-12 18:45:00,56.0,323.9149,98,3.400000000000002,6.3,2.0999999999999943,1649.4101
2025-06-12 18:48:00,53.0,287.7604,98,3.3000000000000007,6.3,2.0,1584.1981
2025-06-12 18:51:00,50.0,284.5631,98,2.9999999999999964,6.3999999999999995,2.0,1468.4594
2025-06-12 18:54:00,51.0,283.3333,98,3.099999999999998,6.500000000000001,2.0,1491.4225000000001
2025-06-12 18:57:00,51.0,283.8252,98,3.099999999999998,6.4,2.0,1493.5652
2025-06-12 19:00:00,49.5,250.6221,98,3.099999999999998,6.500000000000001,1.8999999999999986,1431.7455
2025-06-12 19:03:00,47.0,252.0978,98,2.6000000000000014,6.299999999999999,2.0,1343.5504
2025-06-12 19:06:00,46.0,262.4277,99,2.6000000000000014,6.1,1.8999999999999986,1323.8989000000001
2025-06-12 19:09:00,45.5,259.7222,99,2.700000000000003,6.1,1.8999999999999986,1317.8310000000001
2025-06-12 19:12:00,46.5,260.4601,99,2.700000000000003,6.1,1.8999999999999986,1336.1425
2025-06-12 19:15:00,44.5,247.4248,99,2.6000000000000014,6.1,1.7999999999999972,1276.7577999999999
2025-06-12 19:18:00,43.5,242.0139,99,2.5,6.3,1.8000000000000043,1219.9155
2025-06-12 19:21:00,43.0,235.8652,99,2.3000000000000007,6.1,1.9000000000000021,1215.5901
2025-06-12 19:27:00,34.0,237.0949,99,2.1999999999999993,5.4,1.6999999999999993,1044.308
2025-06-12 19:30:00,33.0,226.765,99,2.1999999999999993,5.9,1.8000000000000007,985.1496
2025-06-13 08:27:00,36.0,279.6441,99,1.5,2.1000000000000005,1.9999999999999964,1145.41
2025-06-13 08:30:00,42.5,321.4554,99,2.200000000000003,4.300000000000001,2.5,1312.924
2025-06-13 08:33:00,40.5,340.3935,99,2.6000000000000014,5.4,2.3999999999999986,1247.413
2025-06-13 08:36:00,40.5,345.3125,99,2.6999999999999993,5.4,2.299999999999997,1246.944
2025-06-13 08:39:00,41.0,352.691,99,2.6999999999999993,5.5,2.3999999999999986,1273.621
2025-06-13 08:42:00,42.0,351.7072,99,2.8000000000000007,5.3999999999999995,2.3999999999999986,1286.563
2025-06-13 08:45:00,44.0,400.897,99,2.900000000000002,5.1,2.4999999999999964,1365.477
2025-06-13 08:48:00,45.0,394.9942,99,3.0,5.199999999999999,2.3000000000000043,1386.536
2025-06-13 08:51:00,45.0,394.7483,99,3.1000000000000014,5.3,2.1999999999999957,1388.861
2025-06-13 08:54:00,44.5,381.713,100,3.0,5.499999999999999,2.3000000000000007,1374.796
2025-06-13 08:57:00,44.5,369.1696,100,3.0,5.499999999999999,2.1999999999999957,1362.188
2025-06-13 09:00:00,43.0,368.1858,100,3.0,5.700000000000001,2.200000000000003,1339.32
2025-06-13 09:03:00,45.0,400.651,100,3.1000000000000014,5.6000000000000005,2.1999999999999957,1380.683
2025-06-13 09:06:00,46.5,392.5347,100,3.200000000000003,5.6,2.299999999999997,1424.831
2025-06-13 09:09:00,48.5,473.206,100,3.3999999999999986,5.499999999999999,2.5000000000000036,1521.242
2025-06-13 09:12:00,62.0,489.4387,100,3.5,4.8999999999999995,2.3000000000000007,1796.7277
2025-06-13 09:15:00,60.0,494.1117,100,3.1999999999999993,4.199999999999999,2.0,1737.631
2025-06-13 09:18:00,68.0,494.8495,100,4.0,5.199999999999999,2.8000000000000007,2071.227
2025-06-13 09:21:00,70.5,496.5712,100,4.199999999999999,5.6,2.799999999999997,2131.5370000000003
2025-06-13 09:24:00,72.0,479.8466,100,4.300000000000001,5.8,2.6999999999999957,2168.14
2025-06-13 09:27:00,70.0,464.1059,100,4.199999999999999,6.0,2.700000000000003,2101.169
2025-06-13 09:30:00,68.5,446.8895,100,4.199999999999999,6.199999999999999,2.6000000000000014,2071.9790000000003
2025-06-13 09:33:00,68.0,439.265,100,4.199999999999999,6.199999999999999,2.6000000000000014,2034.69
2025-06-13 09:36:00,68.5,438.2813,100,4.199999999999999,6.3,2.6000000000000014,2018.1871
2025-06-13 09:39:00,63.5,430.9027,100,3.8999999999999986,6.0,2.400000000000002,1926.9898
2025-06-13 09:42:00,66.0,445.1678,100,3.8999999999999986,5.8999999999999995,2.5000000000000036,1974.1526
2025-06-13 09:45:00,67.5,441.4786,100,4.0,5.8999999999999995,2.4999999999999964,2030.5978
2025-06-13 09:48:00,67.0,434.3461,100,4.0,6.1000000000000005,2.599999999999998,2042.049
2025-06-13 09:51:00,69.0,422.7865,100,4.099999999999998,6.4,2.6000000000000014,2070.3469999999998
2025-06-13 09:54:00,67.5,410.489,101,4.199999999999999,6.699999999999999,2.700000000000003,2041.328
2025-06-13 09:57:00,68.5,416.1458,101,4.300000000000001,6.699999999999999,2.6999999999999957,2069.249
2025-06-13 10:00:00,69.0,429.4271,101,4.400000000000002,6.800000000000001,2.6999999999999957,2102.291
2025-06-13 10:03:00,70.0,437.0515,101,4.400000000000002,6.6,2.799999999999997,2115.6589999999997
2025-06-13 10:06:00,70.0,442.4624,101,4.400000000000002,6.6,2.6999999999999957,2105.893
2025-06-13 10:09:00,70.0,408.2755,101,4.400000000000002,6.5,2.799999999999997,2112.7690000000002
2025-06-13 10:12:00,61.0,386.6319,101,3.6000000000000014,6.7,2.1000000000000014,1814.2903000000001
2025-06-13 10:15:00,64.0,370.1534,101,3.700000000000003,6.200000000000001,2.3999999999999986,1886.6896
2025-06-13 10:18:00,54.5,328.342,101,3.3000000000000007,6.6000000000000005,2.0000000000000036,1592.368
2025-06-13 10:21:00,53.5,321.9473,101,3.200000000000003,6.500000000000001,2.0,1571.9898
2025-06-13 10:24:00,47.5,276.9387,101,2.8000000000000007,6.7,1.8000000000000007,1400.0778
2025-06-16 08:21:00,38.0,328.588,101,2.0,2.2,2.5,1151.595
2025-06-16 08:24:00,42.5,408.5214,101,2.6999999999999993,3.7,2.8000000000000043,1332.92
2025-06-16 08:27:00,59.0,515.7552,101,3.1000000000000014,4.1,2.900000000000002,1690.1517000000001
2025-06-16 08:30:00,61.5,515.7552,101,3.0,3.8,2.5,1799.0533
2025-06-16 08:33:00,60.5,519.9363,101,3.599999999999998,4.199999999999999,2.900000000000002,1816.7534
2025-06-16 08:36:00,63.0,526.8229,101,3.6999999999999993,4.700000000000001,2.9999999999999964,1924.838
2025-06-16 08:39:00,68.5,536.6609,101,4.100000000000001,5.1,3.1000000000000014,2079.698
2025-06-16 08:42:00,72.5,531.25,101,4.399999999999999,5.300000000000001,3.200000000000003,2215.206
2025-06-16 08:45:00,74.0,523.6256,102,4.700000000000003,5.7,3.1000000000000014,2241.4790000000003
2025-06-16 08:48:00,70.5,506.4091,102,4.600000000000001,6.000000000000001,2.9999999999999964,2140.321
2025-06-16 08:51:00,68.5,491.1603,102,4.5,5.9,3.0000000000000036,2068.5379999999996
2025-06-16 08:54:00,68.5,480.0926,102,4.199999999999999,5.500000000000001,2.900000000000002,2069.885
2025-06-16 08:57:00,69.0,476.1574,102,4.199999999999999,5.6000000000000005,2.799999999999997,2093.641
2025-06-16 09:00:00,68.5,476.1574,102,4.199999999999999,5.7,2.799999999999997,2088.493
2025-06-16 09:03:00,69.0,473.9438,102,4.200000000000003,5.8,2.6999999999999957,2106.089
2025-06-16 09:06:00,70.0,476.4034,102,4.300000000000004,5.8,2.799999999999997,2154.703
2025-06-16 09:09:00,73.0,482.3062,102,4.399999999999999,5.8,2.8999999999999986,2212.423
2025-06-16 09:12:00,75.0,491.1603,102,4.5,6.0,3.0,2275.371
2025-06-16 09:15:00,74.0,494.6036,102,4.600000000000001,6.0,2.8999999999999986,2254.239
2025-06-16 09:18:00,74.5,490.9144,102,4.600000000000001,6.199999999999999,3.0,2267.727
2025-06-16 09:21:00,75.0,490.9144,102,4.699999999999996,6.199999999999999,2.9000000000000057,2269.503
2025-06-16 09:24:00,75.5,495.5874,102,4.599999999999998,6.199999999999999,3.0,2287.888
2025-06-16 09:27:00,75.0,486.9792,102,4.699999999999999,6.199999999999999,2.8000000000000043,2273.941
2025-06-16 09:30:00,73.0,475.6655,102,4.599999999999998,6.199999999999999,2.8000000000000043,2204.585
2025-06-16 09:33:00,70.0,467.7951,102,4.5000000000000036,6.3,2.6999999999999957,2134.51
2025-06-16 09:36:00,70.0,460.9086,102,4.400000000000002,6.3,2.5999999999999943,2109.434
2025-06-16 09:39:00,69.0,448.1192,102,4.099999999999998,6.0,2.5,2088.8509999999997
2025-06-16 09:42:00,70.5,462.8762,102,4.199999999999999,5.999999999999999,2.5,2125.134
2025-06-16 09:45:00,72.0,457.2193,103,4.199999999999999,6.000000000000001,2.6000000000000014,2169.053
2025-06-16 09:48:00,73.5,461.4005,103,4.300000000000001,6.1000000000000005,2.6999999999999957,2228.0730000000003
2025-06-16 09:51:00,74.0,465.0897,103,4.300000000000001,6.2,2.6999999999999957,2242.4350000000004
2025-06-16 09:54:00,76.5,463.3681,103,4.400000000000002,6.3,2.8999999999999986,2303.529
2025-06-16 09:57:00,75.0,469.0249,103,4.4999999999999964,6.3999999999999995,2.8000000000000043,2284.5020000000004
2025-06-16 10:00:00,78.0,470.9925,103,4.699999999999999,6.3999999999999995,2.799999999999997,2367.35
2025-06-16 10:03:00,78.0,476.8952,103,4.699999999999999,6.499999999999999,2.8999999999999986,2358.291
2025-06-16 10:06:00,77.5,482.0602,103,4.800000000000001,6.499999999999999,2.8999999999999986,2357.303
2025-06-16 10:09:00,78.5,483.5359,103,4.800000000000001,6.6000000000000005,2.8999999999999986,2385.084
2025-06-16 10:12:00,78.5,485.0116,103,4.800000000000001,6.6,2.8999999999999986,2376.978
2025-06-16 10:15:00,79.5,494.8495,103,4.900000000000002,6.6000000000000005,2.8999999999999986,2413.783
2025-06-16 10:18:00,80.0,495.8333,103,4.900000000000002,6.6000000000000005,3.0,2415.689
2025-06-16 10:21:00,79.5,479.3548,103,4.900000000000002,6.700000000000001,2.8999999999999986,2376.777
2025-06-16 10:24:00,80.0,493.3738,103,4.900000000000002,6.700000000000001,3.0999999999999943,2428.935
2025-06-16 10:27:00,79.5,483.044,103,4.9999999999999964,6.800000000000001,3.0,2416.216
2025-06-16 10:30:00,78.5,470.2546,103,4.9999999999999964,7.0,2.9000000000000057,2403.1310000000003
2025-06-16 10:33:00,80.0,498.0469,103,4.9999999999999964,7.0,3.0,2436.319
2025-06-16 10:36:00,80.5,494.6036,103,5.099999999999998,6.9,3.0,2439.675
2025-06-16 10:39:00,81.0,497.309,103,5.099999999999998,6.7,3.0,2442.8450000000003
2025-06-16 10:42:00,79.0,473.206,103,4.9999999999999964,6.800000000000001,2.9000000000000057,2379.583
2025-06-16 10:45:00,80.0,483.2899,104,4.9999999999999964,6.800000000000001,2.9000000000000057,2408.525
2025-06-16 10:48:00,78.5,474.9276,104,4.9999999999999964,6.800000000000001,2.9000000000000057,2389.026
2025-06-16 10:51:00,78.0,485.5035,104,4.9999999999999964,6.800000000000001,3.0,2406.584
2025-06-16 10:54:00,79.5,487.2251,104,4.9999999999999964,6.700000000000001,3.0,2392.048
2025-06-16 10:57:00,79.5,489.4387,104,4.9999999999999964,6.700000000000001,2.9000000000000057,2381.772
2025-06-16 11:00:00,79.5,480.8304,104,4.9999999999999964,6.800000000000001,2.9000000000000057,2387.308
2025-06-16 11:03:00,79.0,480.8304,104,4.9999999999999964,6.800000000000001,2.9000000000000057,2395.375
2025-06-16 11:06:00,79.0,471.9763,104,4.899999999999999,6.800000000000001,2.9000000000000057,2394.3959999999997
2025-06-16 11:09:00,79.0,466.3194,104,4.899999999999999,7.1,3.0,2403.538
2025-06-16 11:12:00,80.0,474.9276,104,4.899999999999999,7.0,3.0,2424.246
2025-06-16 11:15:00,79.0,473.6979,104,4.9999999999999964,6.9,2.9000000000000057,2399.061
2025-06-16 11:18:00,77.5,480.8304,104,4.9999999999999964,6.800000000000001,2.9000000000000057,2364.073
2025-06-16 11:21:00,78.0,482.0602,104,4.9999999999999964,6.699999999999999,2.8000000000000043,2343.968
2025-06-16 11:24:00,75.0,467.5492,104,4.800000000000001,6.500000000000001,2.6999999999999957,2250.699
2025-06-16 11:27:00,72.5,483.044,104,4.699999999999999,6.4,2.299999999999997,2196.7439999999997
2025-06-16 11:30:00,77.5,484.5197,104,4.600000000000001,6.1,2.700000000000003,2361.8559999999998
2025-06-16 11:33:00,78.0,476.1574,104,4.700000000000003,6.299999999999999,2.6999999999999957,2351.45
2025-06-16 11:36:00,82.0,486.9792,104,4.700000000000003,6.500000000000001,3.1000000000000014,2486.776
2025-06-16 11:39:00,80.5,468.533,104,5.0,6.800000000000001,2.8999999999999986,2456.605
2025-06-16 11:42:00,76.5,452.7923,104,4.800000000000004,6.999999999999999,2.799999999999997,2315.8770000000004
2025-06-16 11:45:00,75.5,454.2679,105,4.800000000000001,6.8999999999999995,2.799999999999997,2282.258
2025-06-16 11:48:00,73.5,454.022,105,4.5,6.699999999999999,2.3999999999999986,2230.0860000000002
2025-06-16 11:51:00,76.0,441.9705,105,4.599999999999998,6.299999999999999,2.6000000000000014,2272.634
2025-06-16 11:54:00,74.5,460.9086,105,4.399999999999999,6.4,2.700000000000003,2269.513
2025-06-16 11:57:00,76.5,461.6464,105,4.5,6.3999999999999995,2.8000000000000043,2306.977
2025-06-16 12:00:00,77.0,456.2355,105,4.700000000000003,6.6,2.6999999999999957,2324.057
2025-06-16 12:03:00,76.5,457.2193,105,4.600000000000001,6.6,2.799999999999997,2316.016
2025-06-16 12:06:00,77.0,455.9896,105,4.700000000000003,6.6,2.8999999999999986,2336.0789999999997
2025-06-16 12:09:00,77.0,459.1869,105,4.700000000000003,6.699999999999999,2.8999999999999986,2341.724
2025-06-16 12:12:00,77.5,465.8275,105,4.700000000000003,6.699999999999999,2.8999999999999986,2334.218
2025-06-16 12:15:00,77.5,473.452,105,4.700000000000003,6.699999999999999,2.8999999999999986,2335.829
2025-06-16 12:18:00,77.0,473.452,105,4.800000000000004,6.6,2.799999999999997,2341.183
2025-06-16 12:21:00,75.0,467.7951,105,4.700000000000003,6.6,2.799999999999997,2282.2690000000002
2025-06-16 12:24:00,75.5,476.8952,105,4.700000000000003,6.6,2.8999999999999986,2290.35
2025-06-16 12:27:00,76.5,485.7494,105,4.800000000000004,6.5,2.8999999999999986,2323.1220000000003
2025-06-16 12:30:00,77.0,470.2546,105,4.800000000000004,6.6,2.8999999999999986,2305.883
2025-06-16 12:33:00,75.5,453.7761,105,4.700000000000003,6.699999999999999,2.8999999999999986,2281.175
2025-06-16 12:36:00,75.0,441.9705,105,4.700000000000003,6.799999999999999,2.6999999999999957,2240.605
2025-06-16 12:39:00,74.5,442.7083,105,4.700000000000003,6.8999999999999995,2.6999999999999957,2237.4179999999997
2025-06-16 12:42:00,73.0,451.0706,105,4.300000000000004,6.3999999999999995,2.6999999999999957,2228.932
2025-06-16 12:45:00,77.0,465.8275,106,4.600000000000001,6.299999999999999,2.700000000000003,2345.622
2025-06-16 12:48:00,75.5,445.1678,106,4.600000000000001,6.499999999999999,2.700000000000003,2292.193
2025-06-16 12:51:00,76.0,434.592,106,4.600000000000001,6.6,2.700000000000003,2304.0699999999997
2025-06-16 12:54:00,75.0,443.2002,106,4.600000000000001,6.6,2.700000000000003,2261.629
2025-06-16 12:57:00,75.5,445.1678,106,4.600000000000001,6.6,2.700000000000003,2292.1049999999996
2025-06-16 13:00:00,75.5,445.6598,106,4.700000000000003,6.699999999999999,2.6999999999999957,2272.316
2025-06-16 13:03:00,75.0,443.9381,106,4.600000000000001,6.7,2.700000000000003,2250.071
2025-06-16 13:06:00,73.5,438.0353,106,4.600000000000001,6.6,2.700000000000003,2205.8729999999996
2025-06-16 13:09:00,70.5,434.592,106,4.399999999999999,6.7,2.6000000000000014,2136.5820000000003
2025-06-16 13:12:00,71.5,441.2326,106,4.5,6.699999999999999,2.6000000000000014,2144.369
2025-06-16 13:15:00,72.0,435.3299,106,4.5,6.699999999999999,2.6000000000000014,2161.079
2025-06-16 13:18:00,73.0,436.8056,106,4.5,6.699999999999999,2.700000000000003,2168.846
2025-06-16 13:21:00,71.5,438.0353,106,4.600000000000001,6.699999999999999,2.6000000000000014,2159.434
2025-06-16 13:24:00,72.0,450.5787,106,4.5,6.699999999999999,2.700000000000003,2195.669
2025-06-16 13:27:00,72.0,450.3327,106,4.5,6.699999999999999,2.700000000000003,2188.8990000000003
2025-06-16 13:30:00,72.5,451.8085,106,4.5,6.699999999999999,2.700000000000003,2186.26
2025-06-16 13:33:00,72.5,444.9219,106,4.5,6.5,2.6000000000000014,2157.977
2025-06-16 13:36:00,74.0,446.1516,106,4.299999999999997,6.299999999999999,2.6000000000000014,2235.0519999999997
2025-06-16 13:39:00,76.5,465.0897,106,4.399999999999999,6.3,2.8000000000000043,2293.005
2025-06-16 13:42:00,76.0,459.1869,106,4.5,6.3999999999999995,2.700000000000003,2287.242
2025-06-16 13:45:00,75.5,445.6598,107,4.5,6.500000000000001,2.799999999999997,2307.188
2025-06-16 13:48:00,75.0,437.5434,107,4.600000000000001,6.6,2.6000000000000014,2265.093
2025-06-16 13:51:00,75.0,430.6568,107,4.5,6.799999999999999,2.700000000000003,2247.65
2025-06-16 13:54:00,75.0,438.0353,107,4.5,6.8,2.700000000000003,2247.7
2025-06-16 13:57:00,73.5,435.3299,107,4.5,6.8,2.700000000000003,2209.398
2025-06-16 14:00:00,72.0,436.8056,107,4.5,6.8,2.700000000000003,2168.7259999999997
2025-06-16 14:03:00,72.0,437.7894,107,4.5,6.699999999999999,2.700000000000003,2181.886
2025-06-16 14:06:00,72.5,433.3623,107,4.5,6.6,2.700000000000003,2189.444
2025-06-16 14:09:00,69.5,436.3137,107,4.299999999999997,6.500000000000001,2.700000000000003,2099.942
2025-06-16 14:12:00,67.0,441.7245,107,4.100000000000001,6.4,2.3999999999999986,2021.841
2025-06-16 14:15:00,70.0,446.8895,107,4.100000000000001,6.0,2.5,2123.349
2025-06-16 14:18:00,73.5,450.5787,107,4.399999999999999,6.3,2.700000000000003,2231.542
2025-06-16 14:21:00,74.0,460.1707,107,4.600000000000001,6.5,2.6999999999999957,2248.033
2025-06-16 14:24:00,74.0,462.3843,107,4.600000000000001,6.5,2.6999999999999957,2233.1850000000004
2025-06-16 14:27:00,74.0,480.8304,107,4.600000000000001,6.3,2.8999999999999986,2261.0209999999997
2025-06-16 14:30:00,76.0,497.0631,107,4.700000000000003,6.3999999999999995,2.8999999999999986,2299.645
2025-06-16 14:33:00,76.5,488.7008,107,4.799999999999997,6.3999999999999995,2.9000000000000057,2332.83
2025-06-16 14:36:00,76.0,480.8304,107,4.799999999999997,6.499999999999999,2.9000000000000057,2289.67
2025-06-16 14:39:00,74.5,474.4358,107,4.700000000000003,6.499999999999999,2.8999999999999986,2269.3599999999997
2025-06-16 14:42:00,75.0,467.5492,107,4.700000000000003,6.5,2.799999999999997,2241.303
2025-06-16 14:45:00,73.0,458.695,108,4.399999999999999,6.3,2.6000000000000014,2216.942
2025-06-16 14:48:00,75.5,447.6273,108,4.5,6.300000000000001,2.700000000000003,2280.492
2025-06-16 14:51:00,75.0,443.2002,108,4.600000000000001,6.6000000000000005,2.6000000000000014,2274.984
2025-06-16 14:54:00,77.5,450.0868,108,4.700000000000003,6.700000000000001,2.799999999999997,2338.433
2025-06-16 14:57:00,77.5,453.5301,108,4.700000000000003,6.800000000000001,2.8999999999999986,2354.946
2025-06-16 15:00:00,78.5,459.1869,108,4.799999999999997,6.700000000000001,2.9000000000000057,2395.505
2025-06-16 15:03:00,79.0,464.1059,108,4.799999999999997,6.700000000000001,2.9000000000000057,2395.761
2025-06-16 15:06:00,80.0,464.1059,108,4.799999999999997,6.800000000000001,3.0,2414.181
2025-06-16 15:09:00,79.0,484.5197,108,4.799999999999997,6.800000000000001,3.0,2398.3999999999996
2025-06-16 15:12:00,80.5,492.1441,108,5.0,6.5,3.0,2415.167
2025-06-16 15:15:00,78.0,477.1412,108,4.899999999999999,6.6,2.8999999999999986,2370.5519999999997
2025-06-16 15:18:00,75.0,459.1869,108,4.799999999999997,6.7,2.700000000000003,2292.6710000000003
2025-06-16 15:21:00,75.0,450.5787,108,4.600000000000001,6.799999999999999,2.8999999999999986,2259.625
2025-06-16 15:24:00,75.0,450.0868,108,4.700000000000003,6.799999999999999,2.799999999999997,2275.714
2025-06-16 15:27:00,74.5,441.7245,108,4.700000000000003,6.799999999999999,2.6999999999999957,2235.937
2025-06-16 15:30:00,73.0,433.3623,108,4.600000000000001,6.9,2.6000000000000014,2196.041
2025-06-16 15:33:00,72.5,431.6406,108,4.299999999999997,6.3999999999999995,2.5,2178.259
2025-06-16 15:36:00,73.0,447.8733,108,4.299999999999997,6.3999999999999995,2.700000000000003,2212.121
2025-06-16 15:39:00,75.5,446.8895,108,4.5,6.4,2.700000000000003,2289.7039999999997
2025-06-16 15:42:00,75.5,449.103,108,4.600000000000001,6.6,2.6000000000000014,2276.932
2025-06-16 15:45:00,77.5,461.4005,109,4.700000000000003,6.7,2.799999999999997,2343.514
2025-06-16 15:48:00,75.0,423.5243,109,4.800000000000004,6.800000000000001,2.6999999999999957,2284.174
2025-06-16 15:51:00,77.5,472.7141,109,4.700000000000003,6.499999999999999,2.8999999999999986,2346.0460000000003
2025-06-16 16:12:00,80.0,484.2737,109,5.0,6.500000000000001,2.8999999999999986,2388.949
2025-06-16 16:15:00,78.0,474.9276,109,5.0,6.700000000000001,2.799999999999997,2356.9269999999997
2025-06-16 16:18:00,77.5,478.8629,109,4.799999999999997,6.700000000000001,2.9000000000000057,2331.785
2025-06-16 16:21:00,77.5,478.125,109,4.899999999999999,6.6,2.8999999999999986,2330.346
2025-06-16 16:24:00,77.0,473.6979,109,5.0,6.6,2.799999999999997,2333.377
2025-06-16 16:27:00,76.5,473.206,109,4.899999999999999,6.6,2.8000000000000043,2316.797
2025-06-16 16:30:00,75.5,473.9438,109,4.899999999999999,6.699999999999999,2.8000000000000043,2302.844
2025-06-16 16:33:00,78.0,479.6007,109,5.100000000000001,6.6,2.799999999999997,2351.705
2025-06-16 16:36:00,78.5,509.1146,109,5.0,6.499999999999999,3.0,2379.2200000000003
2025-06-16 16:39:00,80.0,512.8038,109,5.100000000000001,6.3999999999999995,3.0,2425.452
2025-06-16 16:42:00,80.0,495.3414,109,5.100000000000001,6.5,3.0,2408.776
2025-06-16 16:45:00,77.5,484.7656,110,5.100000000000001,6.6,2.799999999999997,2342.5469999999996
2025-06-16 16:48:00,75.5,512.5579,110,4.799999999999997,6.6,2.8000000000000043,2285.2110000000002
2025-06-16 16:51:00,78.0,502.228,110,4.700000000000003,6.1,2.8999999999999986,2379.699
2025-06-16 16:54:00,81.0,484.2737,110,5.0,6.300000000000001,2.799999999999997,2464.3500000000004
2025-06-16 16:57:00,83.0,489.6846,110,5.299999999999997,6.700000000000001,2.9000000000000057,2509.08
2025-06-16 17:00:00,83.5,504.4415,110,5.299999999999997,6.700000000000001,3.0,2544.417
2025-06-16 17:03:00,84.0,512.5579,110,5.5,6.700000000000001,2.8999999999999986,2561.415
2025-06-16 17:06:00,83.0,498.2928,110,5.399999999999999,6.700000000000001,3.0,2543.37
2025-06-16 17:09:00,83.5,490.4225,110,5.399999999999999,7.0,3.1000000000000014,2531.51
2025-06-16 17:12:00,84.0,495.8333,110,5.5,7.0,2.8999999999999986,2540.241
2025-06-16 17:15:00,82.5,483.044,110,5.5,7.0,2.8999999999999986,2520.109
2025-06-16 17:18:00,82.5,475.1736,110,5.5,7.1,2.8999999999999986,2516.0699999999997
2025-06-16 17:21:00,81.0,473.206,110,5.399999999999999,7.1,2.8000000000000043,2470.743
2025-06-16 17:24:00,81.0,473.6979,110,5.299999999999997,7.0,2.9000000000000057,2457.5
2025-06-16 17:27:00,79.5,470.0087,110,5.299999999999997,7.1000000000000005,2.8000000000000043,2434.816
2025-06-16 17:30:00,79.5,471.9763,110,5.200000000000003,7.0,2.8999999999999986,2436.001
2025-06-16 17:33:00,79.0,459.6788,110,5.299999999999997,7.1,2.9000000000000057,2431.029
2025-06-16 17:36:00,77.5,463.3681,110,5.200000000000003,7.1000000000000005,2.799999999999997,2390.214
2025-06-16 17:39:00,77.5,460.4167,110,5.100000000000001,7.0,2.8999999999999986,2380.366
2025-06-16 17:42:00,78.0,468.7789,110,5.100000000000001,7.0,2.8999999999999986,2358.2200000000003
2025-06-16 17:45:00,78.0,473.206,111,5.100000000000001,6.9,2.8999999999999986,2383.543
2025-06-16 17:48:00,77.5,476.1574,111,5.200000000000003,6.700000000000001,2.799999999999997,2367.8469999999998
2025-06-16 17:51:00,78.0,461.6464,111,5.100000000000001,6.699999999999999,2.8999999999999986,2368.242
2025-06-16 17:54:00,74.0,416.8837,111,4.899999999999999,6.8999999999999995,2.5,2190.992
2025-06-16 17:57:00,68.5,410.489,111,4.5,6.699999999999999,2.299999999999997,2107.52
2025-06-16 18:00:00,71.0,414.6701,111,4.5,6.6000000000000005,2.3999999999999986,2150.617
2025-06-16 18:03:00,68.5,371.3831,111,4.399999999999999,6.800000000000001,2.3000000000000043,2107.884
2025-06-16 18:06:00,67.5,359.5775,111,4.299999999999997,7.000000000000001,2.3000000000000043,2017.223
2025-06-16 18:09:00,53.5,285.5469,111,3.6000000000000014,7.6000000000000005,1.8999999999999986,1576.8476
2025-06-16 18:12:00,52.0,280.8738,111,3.3000000000000007,7.000000000000001,1.9999999999999964,1549.6358
2025-06-16 18:15:00,52.0,272.0197,111,3.3000000000000007,7.000000000000001,1.9000000000000021,1544.1786
2025-06-16 18:18:00,50.0,269.3142,111,3.1000000000000014,6.800000000000001,2.0,1466.8563
2025-06-16 18:21:00,50.0,272.0197,111,3.1000000000000014,6.800000000000001,2.0,1472.5916
2025-06-16 18:24:00,50.5,268.5764,111,3.1000000000000014,6.9,2.0,1467.1469
2025-06-16 18:27:00,49.0,257.0168,111,3.0,6.800000000000001,2.0,1434.7019
2025-06-16 18:30:00,47.5,255.0492,111,2.8999999999999986,6.9,1.8999999999999986,1388.8689
2025-06-16 18:33:00,48.0,258.7384,111,2.8999999999999986,6.800000000000001,1.8999999999999986,1393.8724
2025-06-16 18:36:00,48.5,260.706,111,2.8999999999999986,6.699999999999999,2.0,1419.2245
2025-06-16 18:39:00,48.5,264.1493,111,3.0,6.699999999999999,1.8999999999999986,1409.4977
2025-06-16 18:42:00,49.0,259.9682,111,3.0,6.699999999999999,1.8999999999999986,1415.5426
2025-06-16 18:45:00,48.0,257.2627,112,2.8999999999999986,6.799999999999999,1.8999999999999986,1402.6994
2025-06-16 18:48:00,47.5,253.8194,112,2.799999999999997,6.699999999999999,1.8999999999999986,1372.2098999999998
2025-06-17 08:24:00,32.0,283.8252,112,1.0,0.29999999999999893,2.099999999999998,963.7502
2025-06-17 08:27:00,41.5,353.9207,112,2.0,3.1999999999999993,2.1999999999999957,1314.856
2025-06-17 08:30:00,43.5,493.6198,112,2.8000000000000007,4.0,2.3999999999999986,1309.132
2025-06-17 08:36:00,62.5,567.8964,112,3.3000000000000007,3.2,3.0,1884.5702999999999
2025-06-17 08:39:00,65.0,574.537,112,3.5,4.2,2.900000000000002,1975.4269
2025-06-17 08:42:00,68.5,592.4913,112,3.900000000000002,4.5,2.8999999999999986,2083.221
2025-06-17 08:45:00,73.0,580.4398,112,4.300000000000001,4.8,3.1000000000000014,2256.855
2025-06-17 08:48:00,77.0,568.1424,112,4.599999999999998,5.3999999999999995,3.3000000000000043,2350.045
2025-06-17 08:51:00,76.5,552.4016,112,4.699999999999999,5.6,2.8999999999999986,2320.353
2025-06-17 08:54:00,75.0,533.7095,112,4.600000000000001,5.699999999999999,3.0,2271.282
2025-06-17 08:57:00,74.5,526.3311,112,4.4999999999999964,5.699999999999999,3.0,2246.839
2025-06-17 09:00:00,74.5,518.2147,112,4.699999999999999,5.699999999999999,2.799999999999997,2240.508
2025-06-17 09:03:00,75.5,531.004,112,4.700000000000003,5.9,2.8999999999999986,2281.2870000000003
2025-06-17 09:06:00,76.0,525.1013,112,4.600000000000001,6.0,3.1000000000000014,2288.404
2025-06-17 09:09:00,77.0,517.9688,112,4.799999999999997,6.1000000000000005,3.0,2331.357
2025-06-17 09:12:00,78.0,546.007,112,5.0,6.000000000000001,3.1000000000000014,2392.8940000000002
2025-06-17 09:15:00,80.5,570.8478,113,5.100000000000001,5.9,3.1999999999999957,2472.991
2025-06-17 09:18:00,83.0,592.9832,113,5.200000000000003,5.8,3.299999999999997,2531.11
2025-06-17 09:21:00,81.5,574.0451,113,5.200000000000003,5.800000000000001,3.0999999999999943,2479.541
2025-06-17 09:24:00,81.0,583.8831,113,5.200000000000003,5.700000000000001,3.0999999999999943,2476.5919999999996
2025-06-17 09:27:00,80.5,542.3177,113,5.200000000000003,5.800000000000001,3.0,2449.111
2025-06-17 09:30:00,75.5,509.1146,113,4.799999999999997,6.2,2.8999999999999986,2314.719
2025-06-17 09:33:00,76.5,515.0174,113,4.699999999999996,6.1000000000000005,2.9000000000000057,2309.223
2025-06-17 09:36:00,75.5,513.0498,113,4.799999999999997,6.000000000000001,2.9000000000000057,2299.1369999999997
2025-06-17 09:39:00,73.0,497.0631,113,4.700000000000003,5.9,2.299999999999997,2202.166
2025-06-17 09:42:00,73.5,480.5845,113,4.5,5.8,2.5,2227.849
2025-06-17 09:45:00,73.5,464.8438,113,4.399999999999999,5.8999999999999995,2.6000000000000014,2206.975
2025-06-17 09:48:00,73.5,521.9039,113,4.5,6.199999999999999,2.799999999999997,2251.368
2025-06-17 09:51:00,77.5,518.2147,113,4.799999999999997,6.1000000000000005,3.0,2360.33
2025-06-17 09:54:00,80.0,540.1042,113,4.899999999999999,6.2,3.1000000000000014,2416.6
2025-06-17 09:57:00,82.0,552.4016,113,5.100000000000001,6.2,3.1000000000000014,2483.333
2025-06-17 10:00:00,84.0,563.7153,113,5.200000000000003,6.2,3.1999999999999957,2548.601
2025-06-17 10:03:00,83.5,565.4369,113,5.200000000000003,6.2,3.1999999999999957,2563.612
2025-06-17 10:06:00,83.0,564.4531,113,5.200000000000003,6.1000000000000005,3.0999999999999943,2532.578
2025-06-17 10:09:00,82.0,553.3854,113,5.200000000000003,6.200000000000001,3.1999999999999957,2513.04
2025-06-17 10:12:00,82.0,561.0098,114,5.200000000000003,6.1,3.0999999999999943,2527.803
2025-06-17 10:15:00,83.5,571.5856,114,5.200000000000003,6.1,3.1999999999999957,2560.5829999999996
2025-06-17 10:18:00,83.5,563.2234,114,5.100000000000001,6.1,3.1000000000000014,2549.078
2025-06-17 10:21:00,82.5,557.0746,114,5.100000000000001,6.1,3.0,2498.964
2025-06-17 10:24:00,81.5,542.5637,114,5.0,6.199999999999999,3.0,2484.697
2025-06-17 10:27:00,82.0,544.0394,114,5.0,6.300000000000001,3.1000000000000014,2494.0150000000003
2025-06-17 10:30:00,83.0,541.5799,114,5.0,6.200000000000001,3.200000000000003,2535.648
2025-06-17 10:33:00,83.0,550.68,114,5.0,6.4,3.200000000000003,2533.642
2025-06-17 10:36:00,84.5,558.0585,114,5.100000000000001,6.3,3.1999999999999957,2570.7160000000003
2025-06-17 10:39:00,84.5,554.6152,114,5.100000000000001,6.3999999999999995,3.1999999999999957,2584.197
2025-06-17 10:42:00,84.5,540.1042,114,5.200000000000003,6.3999999999999995,3.1000000000000014,2570.053
2025-06-17 10:45:00,84.0,547.4826,114,5.0,6.4,3.200000000000003,2559.8810000000003
2025-06-17 10:48:00,84.0,547.4826,114,5.100000000000001,6.200000000000001,3.1000000000000014,2536.166
2025-06-17 10:51:00,84.0,561.9937,114,5.100000000000001,6.200000000000001,3.200000000000003,2555.96
2025-06-17 10:54:00,84.5,565.4369,114,5.100000000000001,6.200000000000001,3.200000000000003,2567.1499999999996
2025-06-17 10:57:00,85.0,576.7506,114,5.200000000000003,6.300000000000001,3.1000000000000014,2581.402
2025-06-17 11:00:00,85.5,577.2425,114,5.300000000000001,6.3,3.1999999999999957,2593.6549999999997
2025-06-17 11:03:00,85.0,550.68,114,5.300000000000001,6.3,3.1000000000000014,2589.3680000000004
2025-06-17 11:06:00,84.0,547.4826,114,5.199999999999999,6.5,3.1000000000000014,2560.987
2025-06-17 11:09:00,85.5,553.6313,114,5.300000000000001,6.499999999999999,3.1000000000000014,2600.697
2025-06-17 11:12:00,85.0,538.8744,115,5.300000000000001,6.499999999999999,3.0,2568.3509999999997
2025-06-17 11:15:00,82.0,497.8009,115,4.9999999999999964,6.699999999999999,3.1000000000000014,2492.493
2025-06-17 11:18:00,81.5,497.0631,115,4.9999999999999964,6.8999999999999995,3.0,2461.126
2025-06-17 11:21:00,81.5,501.9821,115,4.9999999999999964,6.699999999999999,3.0,2450.1530000000002
2025-06-17 11:24:00,81.5,498.5388,115,4.9999999999999964,6.800000000000001,3.0,2472.035
2025-06-17 11:27:00,82.0,494.6036,115,4.9999999999999964,6.800000000000001,3.1000000000000014,2475.746
2025-06-17 11:30:00,81.0,483.044,115,5.099999999999998,7.0,3.0,2448.957
2025-06-17 11:33:00,81.5,486.9792,115,5.099999999999998,7.0,3.0,2456.812
2025-06-17 11:36:00,80.5,489.1927,115,5.099999999999998,7.0,3.0,2457.702
2025-06-17 11:39:00,80.5,494.1117,115,5.099999999999998,6.9,3.0,2452.835
2025-06-17 11:42:00,81.5,472.4682,115,5.099999999999998,7.0,3.0,2442.304
2025-06-17 11:45:00,80.0,478.8629,115,4.900000000000002,7.0,2.8999999999999986,2404.3509999999997
2025-06-17 11:48:00,82.0,481.0764,115,4.900000000000002,6.9,3.0,2421.298
2025-06-17 11:51:00,80.0,475.9114,115,4.900000000000002,6.800000000000001,2.8999999999999986,2400.837
2025-06-17 11:54:00,79.0,470.9925,115,4.800000000000001,7.000000000000001,3.0,2388.094
2025-06-17 11:57:00,79.0,475.6655,115,4.800000000000001,6.800000000000001,2.799999999999997,2342.1530000000002
2025-06-17 12:00:00,77.5,459.1869,115,4.800000000000001,6.9,2.799999999999997,2337.574
2025-06-17 12:03:00,77.0,461.4005,115,4.699999999999999,6.9,2.8000000000000043,2324.676
2025-06-17 12:06:00,79.0,476.1574,115,4.800000000000001,6.800000000000001,2.799999999999997,2345.651
2025-06-17 12:09:00,79.0,479.3548,115,4.800000000000001,6.800000000000001,3.0,2374.112
2025-06-17 12:12:00,80.0,490.6684,116,4.900000000000002,6.800000000000001,2.8999999999999986,2368.083
2025-06-17 12:15:00,78.5,483.044,116,4.800000000000001,6.700000000000001,2.799999999999997,2330.31
2025-06-17 12:18:00,77.5,491.1603,116,4.800000000000001,6.700000000000001,2.799999999999997,2336.6130000000003
2025-06-17 12:21:00,77.5,471.2384,116,4.799999999999997,6.699999999999999,2.8999999999999986,2328.9970000000003
2025-06-17 12:24:00,76.5,469.5168,116,4.599999999999998,6.699999999999999,2.8000000000000043,2273.5370000000003
2025-06-17 12:27:00,75.5,466.3194,116,4.599999999999998,6.699999999999999,2.8000000000000043,2265.5550000000003
2025-06-17 12:30:00,76.0,475.6655,116,4.599999999999998,6.699999999999999,2.8000000000000043,2277.341
2025-06-17 12:33:00,77.0,473.206,116,4.599999999999998,6.699999999999999,2.9000000000000057,2334.5029999999997
2025-06-17 12:36:00,78.5,481.3224,116,4.799999999999997,6.700000000000001,2.8999999999999986,2357.403
2025-06-17 12:39:00,79.0,492.39,116,4.899999999999999,6.700000000000001,2.8999999999999986,2361.404
2025-06-17 12:42:00,79.0,486.2413,116,4.899999999999999,6.700000000000001,3.0,2367.489
2025-06-17 12:45:00,78.5,477.1412,116,4.799999999999997,6.9,2.8999999999999986,2361.2259999999997
2025-06-17 12:48:00,78.0,470.2546,116,4.799999999999997,6.700000000000001,2.8999999999999986,2325.99
2025-06-17 12:51:00,76.5,468.7789,116,4.699999999999996,6.700000000000001,2.9000000000000057,2310.998
2025-06-17 12:54:00,76.0,463.614,116,4.699999999999996,6.700000000000001,2.9000000000000057,2297.9120000000003
2025-06-17 12:57:00,76.5,475.1736,116,4.600000000000001,6.700000000000001,3.0,2294.693
2025-06-17 13:00:00,77.0,470.9925,116,4.699999999999996,6.700000000000001,2.8000000000000043,2294.307
2025-06-17 13:03:00,76.5,472.4682,116,4.699999999999996,6.800000000000001,2.8000000000000043,2294.149
2025-06-17 13:06:00,77.0,486.2413,116,4.699999999999996,6.6000000000000005,2.9000000000000057,2306.0519999999997
2025-06-17 13:09:00,78.0,496.5712,116,4.699999999999996,6.6000000000000005,3.0,2328.776
2025-06-17 13:12:00,78.5,510.8362,116,4.699999999999996,6.6000000000000005,3.0,2342.224
2025-06-17 13:15:00,79.0,517.7228,117,4.899999999999999,6.500000000000001,3.0,2380.6099999999997
2025-06-17 13:18:00,78.5,515.7552,117,4.899999999999999,6.500000000000001,3.0,2382.2560000000003
2025-06-17 13:21:00,80.0,512.5579,117,4.899999999999999,6.500000000000001,3.0,2394.7129999999997
2025-06-17 13:24:00,80.0,518.7066,117,5.0,6.6000000000000005,2.8999999999999986,2403.464
2025-06-17 13:27:00,82.0,515.5093,117,5.0,6.6000000000000005,3.1000000000000014,2468.41
2025-06-17 13:30:00,82.0,503.9496,117,5.0,6.6000000000000005,3.1000000000000014,2452.034
2025-06-17 13:33:00,81.0,494.6036,117,5.0,6.8,3.0,2422.032
2025-06-17 13:36:00,81.0,496.8171,117,5.0,6.8,3.1000000000000014,2445.754
2025-06-17 13:39:00,82.0,509.6065,117,5.0,6.8,3.1000000000000014,2461.576
2025-06-17 13:42:00,83.0,510.5902,117,5.100000000000001,6.8999999999999995,3.0999999999999943,2491.483
2025-06-17 13:45:00,83.5,508.3767,117,5.199999999999996,6.8,3.1000000000000014,2525.96
2025-06-17 13:48:00,85.0,527.8067,117,5.199999999999996,6.8,3.200000000000003,2538.016
2025-06-17 13:51:00,83.5,509.6065,117,5.199999999999996,6.8,3.1000000000000014,2511.551
2025-06-17 13:54:00,84.0,509.3605,117,5.100000000000001,6.8999999999999995,3.0999999999999943,2517.138
2025-06-17 13:57:00,84.5,511.3281,117,5.0000000000000036,6.8999999999999995,3.1999999999999957,2542.605
2025-06-17 14:00:00,84.0,516.985,117,5.0000000000000036,6.8999999999999995,3.1999999999999957,2521.437
2025-06-17 14:03:00,84.0,510.0984,117,5.199999999999996,6.8,3.200000000000003,2525.456
2025-06-17 14:06:00,82.5,507.147,117,5.100000000000001,6.8999999999999995,3.1999999999999957,2501.016
2025-06-17 14:09:00,83.5,516.493,117,5.199999999999996,6.8,3.0,2490.534
2025-06-17 14:12:00,86.0,524.1175,118,5.199999999999996,6.8,3.3000000000000043,2569.1040000000003
2025-06-17 14:15:00,85.5,517.4769,118,5.199999999999996,6.8,3.200000000000003,2536.875
2025-06-17 14:18:00,85.0,525.5931,118,5.099999999999998,6.7,3.200000000000003,2542.798
2025-06-17 14:21:00,84.5,511.82,118,5.099999999999998,6.8,3.200000000000003,2529.4700000000003
2025-06-17 14:24:00,85.5,533.4636,118,5.099999999999998,6.8,3.3000000000000043,2561.8289999999997
2025-06-17 14:27:00,86.5,534.6933,118,5.199999999999999,6.7,3.200000000000003,2585.3779999999997
2025-06-17 14:30:00,87.5,547.2367,118,5.300000000000001,6.7,3.200000000000003,2592.89
2025-06-17 14:33:00,88.5,540.3501,118,5.300000000000001,6.7,3.299999999999997,2642.887
2025-06-17 14:36:00,87.5,525.5931,118,5.300000000000001,6.8999999999999995,3.299999999999997,2643.09
2025-06-17 14:39:00,88.0,535.1852,118,5.300000000000001,6.8999999999999995,3.200000000000003,2641.202
2025-06-17 14:42:00,87.5,529.0364,118,5.300000000000001,6.8999999999999995,3.200000000000003,2630.132
2025-06-17 14:45:00,87.5,530.5121,118,5.300000000000001,6.8999999999999995,3.200000000000003,2628.797
2025-06-17 14:48:00,88.0,532.7257,118,5.300000000000001,6.8999999999999995,3.299999999999997,2638.819
2025-06-17 14:51:00,88.0,514.0336,118,5.300000000000001,7.0,3.200000000000003,2630.7070000000003
2025-06-17 14:54:00,86.5,516.985,118,5.300000000000001,7.1,3.1000000000000014,2602.493
2025-06-17 14:57:00,87.5,526.577,118,5.300000000000001,7.0,3.200000000000003,2626.7690000000002
2025-06-17 15:00:00,88.0,513.7876,118,5.300000000000001,7.0,3.200000000000003,2629.258
2025-06-17 15:03:00,87.0,517.7228,118,5.300000000000001,7.0,3.200000000000003,2620.044
2025-06-17 15:06:00,88.0,528.7905,118,5.400000000000002,6.8999999999999995,3.1999999999999957,2673.48
2025-06-17 15:09:00,87.5,517.9688,118,5.300000000000001,7.0,3.200000000000003,2636.6679999999997
2025-06-17 15:12:00,86.5,506.4091,118,5.300000000000001,7.0,3.200000000000003,2628.185
2025-06-17 15:15:00,85.5,510.5902,119,5.300000000000001,7.0,3.1000000000000014,2595.66
2025-06-17 15:18:00,85.5,497.8009,119,5.300000000000001,7.0,3.1000000000000014,2580.062
2025-06-17 15:21:00,84.5,491.6522,119,5.300000000000001,7.0,3.1000000000000014,2554.526
2025-06-17 15:24:00,84.5,502.7199,119,5.199999999999999,7.1,3.200000000000003,2559.1719999999996
2025-06-17 15:27:00,83.5,492.8819,119,5.199999999999999,7.0,3.1000000000000014,2535.643
2025-06-17 15:30:00,85.0,530.2662,119,5.300000000000001,6.800000000000001,3.200000000000003,2574.325
2025-06-17 15:33:00,85.5,514.0336,119,5.300000000000001,6.800000000000001,3.1000000000000014,2566.471
2025-06-17 15:36:00,85.0,524.1175,119,5.300000000000001,6.800000000000001,3.1000000000000014,2566.475
2025-06-17 15:39:00,85.5,517.4769,119,5.300000000000001,6.700000000000001,3.1000000000000014,2572.0379999999996
2025-06-17 15:42:00,85.0,518.9525,119,5.199999999999999,6.800000000000001,3.200000000000003,2564.4570000000003
2025-06-17 15:45:00,84.0,522.3958,119,5.300000000000001,6.800000000000001,3.1000000000000014,2575.832
2025-06-17 15:48:00,84.5,507.8849,119,5.300000000000001,6.800000000000001,3.1000000000000014,2575.906
2025-06-17 15:51:00,83.0,496.5712,119,5.199999999999999,6.9,3.1000000000000014,2535.447
2025-06-17 15:54:00,83.0,506.6551,119,5.099999999999998,7.0,3.3000000000000043,2535.135
2025-06-17 15:57:00,82.5,488.7008,119,5.199999999999999,6.9,3.1000000000000014,2518.5640000000003
2025-06-17 16:00:00,82.0,487.4711,119,5.099999999999998,6.9,3.200000000000003,2517.477
2025-06-17 16:03:00,84.5,520.4282,119,5.300000000000001,6.800000000000001,3.1000000000000014,2572.068
2025-06-17 16:06:00,83.5,502.7199,119,5.300000000000001,6.800000000000001,3.1000000000000014,2548.232
2025-06-17 16:09:00,83.0,513.0498,119,5.199999999999999,6.9,3.1000000000000014,2507.987
2025-06-17 16:12:00,82.0,498.2928,119,5.199999999999999,6.9,3.1000000000000014,2516.0860000000002
2025-06-17 16:15:00,82.5,498.2928,120,5.199999999999999,6.9,3.1000000000000014,2514.971
2025-06-17 16:18:00,81.5,497.8009,120,5.099999999999998,6.9,3.1000000000000014,2490.308
2025-06-17 16:21:00,81.0,490.4225,120,5.099999999999998,6.800000000000001,3.1000000000000014,2462.881
2025-06-17 16:24:00,82.0,500.5063,120,5.099999999999998,6.800000000000001,3.3000000000000043,2516.449
2025-06-17 16:27:00,82.5,493.3738,120,5.099999999999998,7.0,3.200000000000003,2502.216
2025-06-17 16:30:00,83.0,487.4711,120,5.099999999999998,6.9,3.200000000000003,2512.4970000000003
2025-06-17 16:33:00,82.0,487.2251,120,5.199999999999999,7.0,3.1000000000000014,2506.233
2025-06-17 16:36:00,83.0,510.0984,120,5.199999999999999,7.0,3.200000000000003,2535.263
2025-06-17 16:39:00,85.0,514.2795,120,5.300000000000001,6.800000000000001,3.200000000000003,2571.062
2025-06-17 16:42:00,83.5,495.8333,120,5.199999999999999,6.9,3.1000000000000014,2518.603
2025-06-17 16:45:00,82.0,489.1927,120,5.199999999999999,7.0,3.0,2494.084
2025-06-17 16:48:00,82.5,485.7494,120,5.199999999999999,6.9,3.1000000000000014,2506.0299999999997
2025-06-17 16:51:00,82.5,502.7199,120,5.300000000000001,6.9,3.1000000000000014,2521.33
2025-06-17 16:54:00,82.5,497.8009,120,5.199999999999999,6.9,3.1000000000000014,2506.6040000000003
2025-06-17 16:57:00,81.0,477.3871,120,5.099999999999998,7.0,3.1000000000000014,2475.27
2025-06-17 17:00:00,80.0,481.0764,120,4.9999999999999964,7.1,3.1000000000000014,2452.8540000000003
2025-06-17 17:03:00,80.5,480.5845,120,4.9999999999999964,7.1,3.200000000000003,2462.573
2025-06-17 17:06:00,81.0,470.2546,120,4.9999999999999964,7.0,3.200000000000003,2446.5240000000003
2025-06-17 17:09:00,81.5,500.5063,120,5.099999999999998,7.0,3.200000000000003,2486.321
2025-06-17 17:12:00,82.0,495.8333,121,5.199999999999999,6.9,3.1000000000000014,2491.974
2025-06-17 17:15:00,81.5,493.6198,121,5.199999999999999,6.9,3.1000000000000014,2494.907
2025-06-17 17:18:00,81.5,488.2089,121,5.199999999999999,6.9,3.1000000000000014,2491.691
2025-06-17 17:21:00,81.5,482.0602,121,5.199999999999999,7.0,3.1000000000000014,2480.38
2025-06-17 17:24:00,83.5,526.0851,121,5.199999999999999,6.9,3.299999999999997,2546.133
2025-06-17 17:27:00,84.0,526.0851,121,5.400000000000002,6.8,3.1999999999999957,2571.181
2025-06-17 17:30:00,83.5,532.9717,121,5.400000000000002,6.7,3.1999999999999957,2584.306
2025-06-17 17:33:00,84.0,532.7257,121,5.400000000000002,6.8,3.1999999999999957,2591.1369999999997
2025-06-17 17:36:00,83.5,534.9393,121,5.400000000000002,6.7,3.1999999999999957,2582.34
2025-06-17 17:39:00,85.0,533.7095,121,5.400000000000002,6.7,3.299999999999997,2591.433
2025-06-17 17:42:00,85.0,549.6962,121,5.4999999999999964,6.7,3.200000000000003,2591.822
2025-06-17 17:45:00,86.5,544.0394,121,5.4999999999999964,6.7,3.3000000000000043,2645.714
2025-06-17 17:48:00,86.5,537.3987,121,5.4999999999999964,6.7,3.3000000000000043,2657.863
2025-06-17 17:51:00,85.5,502.9659,121,5.400000000000002,6.800000000000001,3.1999999999999957,2596.642
2025-06-17 17:54:00,82.5,494.3576,121,5.400000000000002,7.0,3.0999999999999943,2533.169
2025-06-17 17:57:00,82.5,488.2089,121,5.300000000000001,7.0,3.1000000000000014,2522.74
2025-06-17 18:00:00,82.0,442.9543,121,5.300000000000001,7.0,3.0,2482.207
2025-06-17 18:03:00,74.5,433.8542,121,4.900000000000002,7.3,2.799999999999997,2289.22
2025-06-17 18:06:00,75.5,423.5243,121,4.800000000000001,7.3,2.8999999999999986,2284.899
2025-06-17 18:09:00,72.5,413.1944,121,4.699999999999999,7.3,2.700000000000003,2205.9809999999998
2025-06-17 18:12:00,72.0,420.327,122,4.300000000000001,6.800000000000001,2.6000000000000014,2179.152
2025-06-17 18:15:00,71.5,420.8188,122,4.300000000000001,6.6,2.6000000000000014,2166.937
2025-06-17 18:18:00,71.5,419.8351,122,4.300000000000001,6.4,2.6999999999999957,2173.617
2025-06-17 18:21:00,71.5,418.3594,122,4.400000000000002,6.5,2.6999999999999957,2171.5969999999998
2025-06-17 18:24:00,67.0,391.5509,122,4.300000000000001,6.800000000000001,2.5,2025.343
2025-06-17 18:27:00,63.0,353.9207,122,3.9999999999999964,6.6000000000000005,2.3000000000000043,1875.3366999999998
2025-06-17 18:30:00,59.5,359.0856,122,3.6999999999999993,6.4,2.200000000000003,1783.2352
2025-06-17 18:33:00,60.0,352.1991,122,3.6999999999999993,6.5,2.200000000000003,1799.2462999999998
2025-06-17 18:36:00,59.0,348.2639,122,3.5,6.6,2.400000000000002,1752.8193
2025-06-17 18:39:00,58.5,351.9531,122,3.5,6.5,2.400000000000002,1762.4336
2025-06-17 18:42:00,60.0,348.2639,122,3.5,6.5,2.400000000000002,1765.8871
2025-06-17 18:45:00,60.0,339.9016,122,3.599999999999998,6.6,2.3000000000000043,1770.9535
2025-06-17 18:48:00,60.0,324.6528,122,3.5,6.800000000000001,2.3000000000000007,1722.2694000000001
2025-06-17 18:51:00,60.5,338.4259,122,3.5,6.800000000000001,2.400000000000002,1771.9687
2025-06-17 18:54:00,60.0,341.1313,122,3.5,6.700000000000001,2.400000000000002,1764.6671000000001
2025-06-17 18:57:00,60.5,330.8015,122,3.599999999999998,6.700000000000001,2.3000000000000043,1754.7438
2025-06-17 19:00:00,54.5,269.0683,122,3.3999999999999986,6.800000000000001,2.099999999999998,1596.9281
2025-06-17 19:03:00,50.5,272.0197,122,2.8999999999999986,6.800000000000001,2.0000000000000036,1450.521
2025-06-17 19:06:00,50.0,264.8871,122,2.8000000000000007,6.699999999999999,2.1999999999999957,1447.0863
2025-06-17 19:09:00,48.5,257.5087,122,2.8000000000000007,6.799999999999999,2.0,1386.8188
2025-06-17 19:12:00,62.5,376.0562,123,3.5,5.999999999999999,2.6999999999999993,1869.4912
2025-06-17 19:15:00,60.5,368.9236,123,3.5,6.199999999999999,2.4999999999999964,1801.0249
2025-06-17 19:18:00,63.5,392.5347,123,3.6999999999999993,6.4,2.5,1888.8451
2025-06-17 19:21:00,68.0,395.2402,123,3.9999999999999964,6.300000000000001,2.6000000000000014,2010.088
2025-06-17 19:24:00,68.5,392.0428,123,3.9999999999999964,6.3999999999999995,2.6000000000000014,2020.8380000000002
2025-06-17 19:27:00,68.0,387.8617,123,3.9999999999999964,6.499999999999999,2.6000000000000014,2022.643
2025-06-17 19:30:00,69.5,430.4109,123,4.099999999999998,6.499999999999999,2.700000000000003,2075.081
2025-06-17 19:33:00,72.0,415.408,123,4.300000000000001,6.3999999999999995,2.6999999999999957,2144.3320000000003
2025-06-17 19:36:00,71.5,421.5567,123,4.300000000000001,6.500000000000001,2.6999999999999957,2149.718
2025-06-17 19:39:00,72.5,434.592,123,4.300000000000001,6.500000000000001,2.6999999999999957,2162.3819999999996
2025-06-17 19:42:00,74.0,443.2002,123,4.400000000000002,6.3999999999999995,2.799999999999997,2219.901
2025-06-17 19:45:00,73.0,408.0295,123,4.400000000000002,6.3999999999999995,2.6999999999999957,2193.17
2025-06-17 19:48:00,73.0,404.5862,123,4.400000000000002,6.6,2.799999999999997,2158.876
2025-06-17 19:51:00,70.0,401.1429,123,4.400000000000002,6.699999999999999,2.5999999999999943,2112.178
2025-06-17 19:54:00,71.5,409.2593,123,4.400000000000002,6.799999999999999,2.6999999999999957,2131.3630000000003
2025-06-17 19:57:00,69.5,414.4242,123,4.400000000000002,6.8,2.5999999999999943,2082.5
2025-06-17 20:00:00,69.5,402.3727,123,4.400000000000002,6.8,2.6999999999999957,2096.366
2025-06-17 20:03:00,67.5,394.0104,123,4.300000000000001,6.8,2.6000000000000014,2016.9160000000002
2025-06-17 20:06:00,67.0,390.8131,123,4.200000000000003,6.699999999999999,2.6000000000000014,2005.4119
2025-06-17 20:09:00,65.0,400.897,123,4.199999999999999,6.6,2.6000000000000014,1957.6095
2025-06-17 20:12:00,66.0,399.9132,123,4.0,6.4,2.5,1971.1015
2025-06-17 20:15:00,65.0,383.9265,124,3.8999999999999986,6.4,2.5,1947.1451
2025-06-17 20:18:00,64.5,374.3345,124,3.8999999999999986,6.4,2.5,1935.5508
2025-06-17 20:21:00,54.0,285.055,124,3.700000000000003,7.0,1.6000000000000014,1542.6398
2025-06-17 20:24:00,50.0,254.5573,124,3.0,6.7,2.0,1435.8946
2025-06-17 20:27:00,46.0,250.6221,124,2.6000000000000014,6.6,1.8999999999999986,1297.7737000000002
2025-06-17 20:30:00,47.5,272.2656,124,2.6999999999999993,6.3,2.0000000000000036,1351.7499
2025-06-17 20:33:00,35.0,257.5087,124,2.1999999999999993,5.2,1.8000000000000007,1064.166
2025-06-17 20:36:00,37.0,246.441,124,2.6000000000000014,5.9,1.8999999999999986,1128.002
2025-06-17 20:39:00,36.0,250.6221,124,2.6000000000000014,6.5,1.8999999999999986,1111.455
2025-06-17 20:42:00,36.5,251.114,124,2.6000000000000014,6.5,1.8999999999999986,1097.495
2025-06-17 20:45:00,36.5,254.3113,124,2.6000000000000014,6.6,1.8999999999999986,1100.992
2025-06-17 20:48:00,36.5,254.3113,124,2.6000000000000014,6.5,2.0,1099.327
2025-06-17 20:51:00,36.0,253.3275,124,2.6000000000000014,6.5,2.0,1105.154
2025-06-17 20:54:00,36.0,253.5735,124,2.6000000000000014,6.5,2.0,1099.56
2025-06-17 20:57:00,38.0,278.1684,124,2.6999999999999993,6.3,2.099999999999998,1167.755
2025-06-17 21:00:00,38.0,278.1684,124,2.6999999999999993,6.3,2.099999999999998,1156.746
2025-06-17 21:03:00,37.5,266.8547,124,2.6999999999999993,6.3999999999999995,2.099999999999998,1133.006
2025-06-17 21:06:00,37.0,263.6574,124,2.599999999999998,6.3,2.0000000000000036,1119.069
2025-06-17 21:09:00,36.0,260.706,124,2.599999999999998,6.4,2.0000000000000036,1101.144
2025-06-17 21:12:00,37.0,270.298,124,2.599999999999998,6.3,2.099999999999998,1136.046
2025-06-17 21:15:00,37.5,261.1979,125,2.599999999999998,6.4,2.099999999999998,1131.189
2025-06-17 21:18:00,36.5,261.9358,125,2.599999999999998,6.300000000000001,2.0000000000000036,1117.908
2025-06-17 21:21:00,37.0,259.2303,125,2.5,6.300000000000001,2.1000000000000014,1103.215
2025-06-17 21:24:00,36.5,256.7708,125,2.599999999999998,6.200000000000001,2.0000000000000036,1095.48
2025-06-17 21:27:00,35.0,253.3275,125,2.5,6.300000000000001,1.8999999999999986,1058.833
2025-06-17 21:30:00,35.5,253.0816,125,2.5,6.300000000000001,1.8999999999999986,1057.643
2025-06-17 21:33:00,35.0,246.195,125,2.5,6.300000000000001,1.8999999999999986,1053.757
2025-06-17 21:36:00,35.0,241.522,125,2.5,6.5,1.8999999999999986,1052.001
2025-06-17 21:39:00,35.0,232.9138,125,2.5,6.5,1.8999999999999986,1049.857
2025-06-17 21:42:00,35.0,234.8814,125,2.400000000000002,6.5,1.8999999999999986,1044.135
2025-06-17 21:45:00,34.5,233.6516,125,2.400000000000002,6.5,1.8999999999999986,1043.705
2025-06-17 21:48:00,34.0,235.8652,125,2.400000000000002,6.4,1.8999999999999986,1040.728
2025-06-17 21:51:00,34.5,242.2598,125,2.400000000000002,6.4,1.8999999999999986,1040.752
2025-06-17 21:54:00,34.5,243.2436,125,2.400000000000002,6.4,1.8999999999999986,1040.64
2025-06-17 21:57:00,34.0,240.0463,125,2.400000000000002,6.4,1.8999999999999986,1034.584
2025-06-17 22:00:00,34.5,234.8814,125,2.400000000000002,6.4,2.0,1035.98
2025-06-18 08:18:00,38.5,336.9502,125,1.6999999999999993,2.0999999999999996,2.3000000000000007,1219.959
2025-06-18 08:21:00,44.5,497.8009,125,2.5,3.7,2.599999999999998,1371.213
2025-06-18 08:24:00,36.0,536.4149,126,2.1000000000000014,3.3000000000000007,1.3000000000000007,654.9419
2025-06-18 08:27:00,46.5,537.6447,126,2.3000000000000007,1.8999999999999995,2.8000000000000007,1505.532
2025-06-18 08:30:00,59.5,542.8096,126,3.3000000000000007,3.999999999999999,2.900000000000002,1791.3296
2025-06-18 08:33:00,62.0,549.9421,126,3.5,4.199999999999999,2.8000000000000043,1874.1925
2025-06-18 08:36:00,64.5,567.4045,126,3.700000000000003,4.300000000000001,2.8999999999999986,1954.2415999999998
2025-06-18 08:39:00,69.0,574.537,126,3.8999999999999986,4.5,3.0,2102.535
2025-06-18 08:42:00,73.0,564.2072,126,4.100000000000001,4.9,3.0,2217.092
2025-06-18 08:45:00,76.5,556.0908,126,4.4999999999999964,5.1,3.1000000000000014,2359.982
2025-06-18 08:48:00,76.5,551.4178,126,4.699999999999999,5.5,3.1000000000000014,2356.3689999999997
2025-06-18 08:51:00,75.0,548.2205,126,4.699999999999999,5.4,3.0,2303.0789999999997
2025-06-18 08:54:00,74.5,546.9907,126,4.699999999999999,5.4,3.1000000000000014,2291.139
2025-06-18 08:57:00,75.0,537.1528,126,4.600000000000001,5.500000000000001,3.0,2251.6549999999997
2025-06-18 09:00:00,73.5,535.4312,126,4.5,5.5,3.0,2220.7470000000003
2025-06-18 09:03:00,73.5,531.7419,126,4.600000000000001,5.6,3.0,2240.638
2025-06-18 09:06:00,74.5,546.9907,126,4.700000000000003,5.6,3.1000000000000014,2284.724
2025-06-18 09:09:00,75.5,557.5665,126,4.800000000000004,5.6,3.0999999999999943,2301.704
2025-06-18 09:12:00,77.0,583.3912,126,4.799999999999997,5.499999999999999,3.200000000000003,2329.816
2025-06-18 09:15:00,76.5,568.1424,126,4.799999999999997,5.5,3.0,2297.8500000000004
2025-06-18 09:18:00,75.5,566.1748,126,4.799999999999997,5.5,3.0,2296.15
2025-06-18 09:21:00,76.5,569.864,126,4.799999999999997,5.5,3.0,2296.6040000000003
2025-06-18 09:24:00,76.5,567.8964,127,4.5,5.1,2.8999999999999986,2332.1189999999997
2025-06-18 09:27:00,79.5,543.5475,127,4.700000000000003,5.499999999999999,3.0999999999999943,2399.883
2025-06-18 09:30:00,78.0,526.3311,127,4.799999999999997,5.799999999999999,3.0,2356.5860000000002
2025-06-18 09:33:00,77.5,518.7066,127,4.799999999999997,5.9,3.0,2338.871
2025-06-18 09:36:00,77.0,511.82,127,4.799999999999997,6.1,3.0,2345.508
2025-06-18 09:39:00,78.0,502.228,127,4.799999999999997,6.199999999999999,3.1000000000000014,2362.9750000000004
2025-06-18 09:42:00,78.5,501.7361,127,4.899999999999999,6.4,3.1000000000000014,2356.854
2025-06-18 09:45:00,77.5,480.8304,127,4.899999999999999,6.300000000000001,3.0,2341.946
2025-06-18 09:48:00,77.0,492.39,127,4.799999999999997,6.4,3.0,2337.184
2025-06-18 09:51:00,77.5,506.6551,127,4.899999999999999,6.300000000000001,3.1000000000000014,2351.609
2025-06-18 09:54:00,78.0,508.1308,127,5.0,6.4,3.1000000000000014,2383.1760000000004
2025-06-18 09:57:00,79.5,498.2928,127,5.0,6.5,3.1000000000000014,2390.241
2025-06-18 10:00:00,79.0,505.9173,127,5.0,6.4,3.1000000000000014,2400.736
2025-06-18 10:03:00,80.0,524.1175,127,5.0,6.300000000000001,3.1000000000000014,2411.013
2025-06-18 10:06:00,78.0,505.9173,127,5.0,6.200000000000001,3.0,2367.844
2025-06-18 10:09:00,78.0,506.9011,127,4.899999999999999,6.300000000000001,3.1000000000000014,2361.299
2025-06-18 10:12:00,77.0,499.0307,127,4.899999999999999,6.199999999999999,2.8999999999999986,2327.411
2025-06-18 10:15:00,77.5,519.4445,127,4.899999999999999,6.300000000000001,3.1000000000000014,2343.036
2025-06-18 10:18:00,80.0,530.2662,127,5.0,6.200000000000001,3.1000000000000014,2400.501
2025-06-18 10:21:00,78.5,535.1852,127,5.100000000000001,6.1000000000000005,3.1000000000000014,2418.982
2025-06-18 10:24:00,78.5,519.1985,128,5.0,6.4,3.1000000000000014,2403.957
2025-06-18 10:27:00,79.5,510.5902,128,4.899999999999999,6.5,3.200000000000003,2445.407
2025-06-18 10:30:00,79.0,501.4901,128,4.899999999999999,6.5,3.200000000000003,2423.6639999999998
2025-06-18 10:33:00,79.0,497.0631,128,4.899999999999999,6.6,3.200000000000003,2421.8450000000003
2025-06-18 10:36:00,80.0,500.2604,128,5.0,6.6,3.1000000000000014,2446.317
2025-06-18 10:39:00,80.0,514.5255,128,4.899999999999999,6.6,3.200000000000003,2426.749
2025-06-18 10:42:00,80.5,509.1146,128,5.0,6.6,3.1000000000000014,2443.931
2025-06-18 10:45:00,80.0,510.8362,128,5.0,6.6,3.200000000000003,2467.779
2025-06-18 10:48:00,80.5,515.0174,128,5.0,6.499999999999999,3.200000000000003,2458.603
2025-06-18 10:51:00,80.5,521.9039,128,5.0,6.499999999999999,3.200000000000003,2459.874
2025-06-18 10:54:00,81.0,510.3443,128,5.0,6.6,3.200000000000003,2462.429
2025-06-18 10:57:00,80.5,509.1146,128,5.0,6.5,3.200000000000003,2435.191
2025-06-18 11:00:00,81.0,518.9525,128,5.0,6.5,3.200000000000003,2462.443
2025-06-18 11:03:00,81.0,507.6389,128,5.100000000000001,6.5,3.1000000000000014,2462.799
2025-06-18 11:06:00,79.0,509.3605,128,5.0,6.5,3.1000000000000014,2425.17
2025-06-18 11:09:00,79.5,517.9688,128,5.0,6.5,3.200000000000003,2429.9930000000004
2025-06-18 11:12:00,81.5,523.8715,128,5.100000000000001,6.499999999999999,3.1999999999999957,2483.163
2025-06-18 11:15:00,82.0,540.3501,128,5.200000000000003,6.3999999999999995,3.1999999999999957,2524.583
2025-06-18 11:18:00,82.0,531.7419,128,5.200000000000003,6.3,3.1999999999999957,2475.938
2025-06-18 11:21:00,80.5,532.7257,128,5.100000000000001,6.3999999999999995,3.1999999999999957,2471.255
2025-06-18 11:24:00,80.5,528.0527,129,5.100000000000001,6.3999999999999995,3.1999999999999957,2475.9790000000003
2025-06-18 11:27:00,82.0,525.5931,129,5.200000000000003,6.3999999999999995,3.1999999999999957,2519.624
2025-06-18 11:30:00,82.0,529.7743,129,5.200000000000003,6.500000000000001,3.1999999999999957,2537.752
2025-06-18 11:33:00,82.5,529.0364,129,5.200000000000003,6.500000000000001,3.1999999999999957,2530.526
2025-06-18 11:36:00,82.0,511.5741,129,5.100000000000001,6.6000000000000005,3.1999999999999957,2484.6130000000003
2025-06-18 11:39:00,81.5,523.8715,129,5.100000000000001,6.499999999999999,3.1999999999999957,2490.384
2025-06-18 11:42:00,82.0,524.3634,129,5.100000000000001,6.499999999999999,3.299999999999997,2514.901
2025-06-18 11:45:00,81.5,525.5931,129,5.100000000000001,6.500000000000001,3.299999999999997,2524.652
2025-06-18 11:48:00,82.0,531.496,129,5.100000000000001,6.6000000000000005,3.299999999999997,2519.377
2025-06-18 11:51:00,82.5,530.5121,129,5.200000000000003,6.500000000000001,3.299999999999997,2546.738
2025-06-18 11:54:00,83.5,531.004,129,5.200000000000003,6.500000000000001,3.1999999999999957,2542.922
2025-06-18 11:57:00,82.0,512.8038,129,5.100000000000001,6.6000000000000005,3.299999999999997,2532.7619999999997
2025-06-18 12:00:00,81.0,500.5063,129,5.100000000000001,6.700000000000001,3.1999999999999957,2503.06
2025-06-18 12:03:00,80.0,497.0631,129,5.100000000000001,6.7,3.1000000000000014,2460.974
2025-06-18 12:06:00,81.0,500.5063,129,5.0,6.800000000000001,3.200000000000003,2476.6589999999997
2025-06-18 12:09:00,80.0,500.7523,129,5.100000000000001,6.800000000000001,3.1000000000000014,2481.835
2025-06-18 12:12:00,82.0,513.7876,129,5.100000000000001,6.7,3.299999999999997,2515.05
2025-06-18 12:15:00,83.0,509.6065,129,5.100000000000001,6.7,3.299999999999997,2529.985
2025-06-18 12:18:00,81.5,497.8009,129,5.100000000000001,6.700000000000001,3.1999999999999957,2525.1760000000004
2025-06-18 12:21:00,81.5,526.0851,129,5.100000000000001,6.700000000000001,3.1999999999999957,2514.571
2025-06-18 12:24:00,83.0,530.5121,130,5.100000000000001,6.6000000000000005,3.299999999999997,2536.033
2025-06-18 12:27:00,82.0,506.4091,130,5.100000000000001,6.6000000000000005,3.1999999999999957,2502.188
2025-06-18 12:30:00,80.5,490.6684,130,5.100000000000001,6.800000000000001,3.1000000000000014,2475.101
2025-06-18 12:33:00,81.0,496.0793,130,5.0,6.800000000000001,3.200000000000003,2483.24
2025-06-18 12:36:00,81.5,492.1441,130,5.100000000000001,6.800000000000001,3.1999999999999957,2478.073
2025-06-18 12:39:00,81.5,498.5388,130,5.100000000000001,6.800000000000001,3.1000000000000014,2483.346
2025-06-18 12:42:00,82.5,516.2471,130,5.100000000000001,6.6000000000000005,3.299999999999997,2539.867
2025-06-18 12:45:00,82.5,517.9688,130,5.100000000000001,6.6000000000000005,3.299999999999997,2531.221
2025-06-18 12:48:00,82.0,509.3605,130,5.100000000000001,6.700000000000001,3.299999999999997,2520.2870000000003
2025-06-18 12:51:00,81.5,508.3767,130,5.100000000000001,6.699999999999999,3.1000000000000014,2482.325
2025-06-18 12:54:00,81.5,489.4387,130,5.0,6.699999999999999,3.200000000000003,2467.875
2025-06-18 12:57:00,81.0,499.2766,130,5.0,6.699999999999999,3.200000000000003,2471.13
2025-06-18 13:00:00,80.0,486.7332,130,5.0,6.799999999999999,3.1000000000000014,2434.998
2025-06-18 13:03:00,80.0,489.9306,130,5.0,6.799999999999999,3.1000000000000014,2436.574
2025-06-18 13:06:00,80.0,479.8466,130,5.0,6.799999999999999,3.1000000000000014,2443.5789999999997
2025-06-18 13:09:00,78.0,482.0602,130,4.799999999999997,6.699999999999999,3.0,2371.371
2025-06-18 13:12:00,78.5,498.0469,130,4.799999999999997,6.6,3.200000000000003,2377.206
2025-06-18 13:15:00,78.0,501.7361,130,4.899999999999999,6.5,3.1000000000000014,2385.093
2025-06-18 13:18:00,79.5,510.0984,130,5.0,6.4,3.1000000000000014,2423.518
2025-06-18 13:21:00,79.5,502.7199,130,5.0,6.5,3.1000000000000014,2429.318
2025-06-18 13:24:00,79.0,498.0469,131,5.0,6.5,3.1000000000000014,2401.37
2025-06-18 13:27:00,77.0,491.1603,131,4.799999999999997,6.4,3.1000000000000014,2348.478
2025-06-18 13:30:00,77.5,495.5874,131,4.799999999999997,6.6,3.200000000000003,2362.118
2025-06-18 13:33:00,78.0,504.4415,131,4.899999999999999,6.6,3.200000000000003,2399.413
2025-06-18 13:36:00,79.5,505.9173,131,4.899999999999999,6.499999999999999,3.200000000000003,2417.0150000000003
2025-06-18 13:39:00,79.5,500.5063,131,5.0,6.499999999999999,3.1000000000000014,2417.062
2025-06-18 13:42:00,79.5,518.9525,131,5.0,6.5,3.1000000000000014,2418.7690000000002
2025-06-18 13:45:00,79.5,504.4415,131,5.0,6.4,3.1000000000000014,2427.063
2025-06-18 13:48:00,81.0,511.3281,131,5.0,6.6,3.200000000000003,2466.852
2025-06-18 13:51:00,81.0,524.3634,131,5.100000000000001,6.499999999999999,3.1999999999999957,2478.858
2025-06-18 13:54:00,81.0,521.658,131,5.100000000000001,6.3999999999999995,3.1000000000000014,2460.925
2025-06-18 13:57:00,79.5,509.1146,131,5.0,6.5,3.200000000000003,2436.26
2025-06-18 14:00:00,79.5,502.228,131,5.0,6.4,3.1000000000000014,2395.886
2025-06-18 14:03:00,79.0,494.6036,131,4.799999999999997,6.699999999999999,3.1000000000000014,2397.1809999999996
2025-06-18 14:06:00,78.0,497.309,131,4.899999999999999,6.6,3.200000000000003,2396.8599999999997
2025-06-18 14:09:00,80.5,511.3281,131,4.899999999999999,6.499999999999999,3.200000000000003,2437.8500000000004
2025-06-18 14:12:00,81.0,501.7361,131,5.0,6.499999999999999,3.1000000000000014,2453.64
2025-06-18 14:15:00,79.5,501.9821,131,4.899999999999999,6.5,3.1000000000000014,2416.4049999999997
2025-06-18 14:18:00,79.5,501.9821,131,4.899999999999999,6.5,3.1000000000000014,2412.7349999999997
2025-06-18 14:21:00,79.0,493.6198,131,4.899999999999999,6.6,3.1000000000000014,2426.063
2025-06-18 14:24:00,80.0,511.82,132,5.0,6.700000000000001,3.1000000000000014,2457.199
2025-06-18 14:27:00,81.5,525.3472,132,5.100000000000001,6.499999999999999,3.1999999999999957,2487.341
2025-06-18 14:30:00,81.0,510.5902,132,5.0,6.499999999999999,3.1999999999999957,2467.202
2025-06-18 14:33:00,81.0,511.82,132,5.0,6.5,3.1999999999999957,2461.855
2025-06-18 14:36:00,80.0,497.0631,132,5.0,6.5,3.1000000000000014,2450.9610000000002
2025-06-18 14:39:00,80.0,506.6551,132,5.0,6.700000000000001,3.1000000000000014,2452.883
2025-06-18 14:42:00,81.0,522.3958,132,5.0,6.6000000000000005,3.1999999999999957,2474.721
2025-06-18 14:45:00,81.5,524.3634,132,5.0,6.499999999999999,3.299999999999997,2485.111
2025-06-18 14:48:00,80.5,506.9011,132,5.0,6.499999999999999,3.1999999999999957,2460.2659999999996
2025-06-18 14:51:00,79.5,498.2928,132,5.0,6.6,3.0,2420.194
2025-06-18 14:54:00,79.5,481.3224,132,4.899999999999999,6.699999999999999,3.1000000000000014,2415.46
2025-06-18 14:57:00,79.0,489.4387,132,4.899999999999999,6.800000000000001,3.1000000000000014,2433.073
2025-06-18 15:00:00,80.5,508.3767,132,5.0,6.6000000000000005,3.1000000000000014,2438.6859999999997
2025-06-18 15:03:00,79.5,505.9173,132,5.0,6.499999999999999,3.1000000000000014,2445.169
2025-06-18 15:06:00,79.0,498.2928,132,5.0,6.5,3.1000000000000014,2406.469
2025-06-18 15:15:00,80.5,509.6065,132,5.100000000000001,6.6000000000000005,3.1000000000000014,2449.218
2025-06-18 15:18:00,82.0,520.6742,132,5.100000000000001,6.6000000000000005,3.1999999999999957,2484.766
2025-06-18 15:21:00,80.5,505.9173,132,5.0,6.499999999999999,3.1999999999999957,2470.1360000000004
2025-06-18 15:24:00,80.0,509.3605,133,5.0,6.5,3.1000000000000014,2443.3239999999996
2025-06-18 15:27:00,79.5,502.9659,133,5.0,6.6,3.1000000000000014,2426.538
2025-06-18 15:30:00,80.5,511.5741,133,5.0,6.6,3.1999999999999957,2459.825
2025-06-18 15:33:00,81.5,528.0527,133,5.100000000000001,6.499999999999999,3.1999999999999957,2484.614
2025-06-18 15:36:00,82.0,528.5446,133,5.100000000000001,6.3999999999999995,3.299999999999997,2488.103
2025-06-18 15:39:00,81.0,520.1823,133,5.100000000000001,6.499999999999999,3.1999999999999957,2483.384
2025-06-18 15:42:00,80.5,524.1175,133,5.0,6.3999999999999995,3.1999999999999957,2464.442
2025-06-18 15:45:00,82.0,512.8038,133,5.100000000000001,6.6000000000000005,3.1999999999999957,2491.987
2025-06-18 15:48:00,81.5,518.2147,133,5.100000000000001,6.499999999999999,3.1999999999999957,2491.484
2025-06-18 15:51:00,80.5,525.3472,133,5.100000000000001,6.499999999999999,3.1999999999999957,2471.295
2025-06-18 15:54:00,81.0,517.4769,133,5.100000000000001,6.3999999999999995,3.1999999999999957,2483.331
2025-06-18 15:57:00,79.5,509.1146,133,5.0,6.4,3.1000000000000014,2420.449
2025-06-18 16:00:00,80.0,514.5255,133,5.0,6.5,3.1000000000000014,2441.131
2025-06-18 16:03:00,80.0,501.4901,133,5.0,6.5,3.1999999999999957,2444.0280000000002
2025-06-18 16:06:00,81.0,517.9688,133,5.100000000000001,6.5,3.1999999999999957,2474.012
2025-06-18 16:09:00,81.5,525.1013,133,5.100000000000001,6.3999999999999995,3.1999999999999957,2488.319
2025-06-18 16:12:00,82.0,524.8553,133,5.100000000000001,6.3999999999999995,3.1999999999999957,2470.9790000000003
2025-06-18 16:15:00,80.5,508.8687,133,5.100000000000001,6.4,3.0999999999999943,2453.5609999999997
2025-06-18 16:18:00,79.5,506.4091,133,5.100000000000001,6.5,3.1999999999999957,2438.18
2025-06-18 16:21:00,80.0,489.9306,133,5.100000000000001,6.6,3.1999999999999957,2450.754
2025-06-18 16:24:00,79.5,505.4254,134,5.100000000000001,6.6,3.1999999999999957,2444.603
2025-06-18 16:27:00,80.5,502.228,134,5.100000000000001,6.6,3.1999999999999957,2460.183
2025-06-18 16:30:00,80.0,493.3738,134,5.100000000000001,6.699999999999999,3.1999999999999957,2435.9889999999996
2025-06-18 16:33:00,79.5,492.8819,134,5.0000000000000036,6.699999999999999,3.0999999999999943,2437.8199999999997
2025-06-18 16:36:00,78.5,485.9954,134,5.0000000000000036,6.6,3.0999999999999943,2408.844
2025-06-18 16:39:00,79.0,490.9144,134,5.100000000000001,6.6,3.0999999999999943,2423.2830000000004
2025-06-18 16:42:00,79.5,504.1956,134,5.0000000000000036,6.5,3.0999999999999943,2432.937
2025-06-18 16:45:00,79.0,496.0793,134,5.0000000000000036,6.5,3.0999999999999943,2428.038
2025-06-18 16:48:00,78.0,480.5845,134,4.900000000000002,6.6000000000000005,3.0,2382.0519999999997
2025-06-18 16:51:00,78.0,485.9954,134,4.800000000000001,6.5,3.0,2323.772
2025-06-18 16:54:00,78.5,489.4387,134,4.800000000000001,6.6,3.200000000000003,2371.1319999999996
2025-06-18 16:57:00,80.5,507.6389,134,5.0000000000000036,6.499999999999999,3.1999999999999957,2438.205
2025-06-18 17:00:00,82.5,521.412,134,5.099999999999998,6.499999999999999,3.3000000000000043,2498.5069999999996
2025-06-18 17:03:00,82.0,517.4769,134,5.099999999999998,6.499999999999999,3.200000000000003,2486.3689999999997
2025-06-18 17:06:00,82.5,539.6123,134,5.099999999999998,6.499999999999999,3.3000000000000043,2504.0119999999997
2025-06-18 17:09:00,84.0,542.3177,134,5.300000000000001,6.3999999999999995,3.299999999999997,2557.363
2025-06-18 17:12:00,84.5,536.4149,134,5.300000000000001,6.3999999999999995,3.299999999999997,2547.362
2025-06-18 17:15:00,85.0,539.8582,134,5.400000000000002,6.3999999999999995,3.1999999999999957,2571.702
2025-06-18 17:18:00,85.5,535.923,134,5.400000000000002,6.499999999999999,3.1999999999999957,2569.706
2025-06-18 17:21:00,86.0,534.2014,134,5.400000000000002,6.499999999999999,3.299999999999997,2573.4939999999997
2025-06-18 17:24:00,85.0,524.8553,135,5.5000000000000036,6.6000000000000005,3.1999999999999957,2573.401
2025-06-18 17:27:00,85.5,527.5607,135,5.5000000000000036,6.6000000000000005,3.299999999999997,2601.294
2025-06-18 17:30:00,85.5,528.0527,135,5.5000000000000036,6.6000000000000005,3.299999999999997,2596.125
2025-06-18 17:33:00,85.0,524.1175,135,5.5000000000000036,6.6000000000000005,3.1999999999999957,2587.041
2025-06-18 17:36:00,85.5,532.7257,135,5.5000000000000036,6.499999999999999,3.1999999999999957,2593.1310000000003
2025-06-18 17:39:00,84.0,526.3311,135,5.5000000000000036,6.5,3.0999999999999943,2559.527
2025-06-18 17:42:00,82.5,522.8877,135,5.300000000000001,6.300000000000001,3.1000000000000014,2494.455
2025-06-18 17:45:00,81.0,524.1175,135,5.099999999999998,6.199999999999999,3.1000000000000014,2455.193
2025-06-18 17:48:00,80.5,521.412,135,4.9999999999999964,6.199999999999999,3.1000000000000014,2447.3540000000003
2025-06-18 17:51:00,80.5,522.6418,135,4.9999999999999964,6.199999999999999,3.1000000000000014,2428.0429999999997
2025-06-18 17:54:00,80.0,522.3958,135,4.9999999999999964,6.1,3.1000000000000014,2435.742
2025-06-18 17:57:00,78.0,515.7552,135,4.900000000000002,6.2,3.0,2376.952
2025-06-18 18:00:00,79.0,522.6418,135,4.900000000000002,6.1,3.0999999999999943,2373.441
2025-06-18 18:03:00,78.5,517.7228,135,4.9999999999999964,6.199999999999999,3.0,2384.55
2025-06-18 18:06:00,77.5,502.7199,135,4.900000000000002,6.2,3.0,2351.643
2025-06-18 18:09:00,79.5,564.945,135,4.9999999999999964,5.9,3.200000000000003,2411.0209999999997
2025-06-18 18:12:00,79.5,548.4664,135,5.099999999999998,5.700000000000001,3.1000000000000014,2405.385
2025-06-18 18:15:00,78.5,515.2633,135,4.9999999999999964,6.1,3.0,2373.567
2025-06-18 18:18:00,79.5,525.3472,135,4.9999999999999964,6.1,3.1000000000000014,2403.565
2025-06-18 18:21:00,78.5,532.2338,135,4.9999999999999964,6.0,3.1000000000000014,2387.754
2025-06-18 18:24:00,78.5,531.25,136,4.9999999999999964,6.0,3.1000000000000014,2394.2430000000004
2025-06-18 18:27:00,79.5,530.2662,136,4.9999999999999964,6.0,3.1000000000000014,2390.8810000000003
2025-06-18 18:30:00,76.5,506.6551,136,4.900000000000002,6.0,3.0,2300.6670000000004
2025-06-18 18:33:00,72.5,479.8466,136,4.599999999999998,6.1000000000000005,2.6000000000000014,2135.059
2025-06-18 18:36:00,75.0,482.0602,136,4.4999999999999964,5.8999999999999995,2.8000000000000043,2235.175
2025-06-18 18:39:00,72.5,385.4022,136,4.4999999999999964,6.1,2.6000000000000014,2180.26
2025-06-18 18:42:00,66.5,378.7616,136,4.099999999999998,6.5,2.3999999999999986,1960.516
2025-06-18 18:45:00,61.5,367.6938,136,3.8000000000000007,6.4,2.1999999999999957,1804.6152
2025-06-18 18:48:00,60.0,350.2315,136,3.6999999999999993,6.3,2.200000000000003,1758.1617999999999
2025-06-18 18:51:00,51.5,314.077,136,3.3000000000000007,6.300000000000001,1.8999999999999986,1515.5351
2025-06-18 18:54:00,50.5,310.8796,136,3.0,6.0,2.099999999999998,1479.1531
2025-06-18 18:57:00,51.0,308.6661,136,3.0,6.1,2.099999999999998,1486.279
2025-06-18 19:00:00,31.5,242.0139,136,2.3000000000000007,6.5,0.8999999999999986,773.2714
2025-06-18 19:03:00,36.0,270.7899,136,2.3999999999999986,5.0,1.8000000000000007,1094.262
2025-06-18 19:06:00,37.5,264.8871,136,2.5,5.8999999999999995,1.9000000000000021,1126.971
2025-06-18 19:09:00,36.0,251.114,136,2.5,6.200000000000001,1.8000000000000007,1075.279
2025-06-18 19:12:00,35.0,247.4248,136,2.5,6.300000000000001,1.8000000000000007,1058.041
2025-06-18 19:15:00,35.5,252.5897,136,2.5,6.300000000000001,1.8000000000000007,1061.855
2025-06-18 19:18:00,35.5,244.7193,136,2.6000000000000014,6.200000000000001,1.8000000000000007,1055.576
2025-06-18 19:21:00,35.0,244.4734,136,2.3999999999999986,6.300000000000001,1.8000000000000007,1041.501
2025-06-18 19:24:00,35.0,244.9653,137,2.3999999999999986,6.4,1.9000000000000021,1045.361
2025-06-18 19:27:00,35.5,251.36,137,2.5,6.3,1.9000000000000021,1061.438
2025-06-18 19:30:00,36.0,259.2303,137,2.6000000000000014,6.2,1.9000000000000021,1089.804
2025-06-18 19:33:00,36.5,260.4601,137,2.6000000000000014,6.2,1.9000000000000021,1088.183
2025-06-18 19:36:00,36.5,257.0168,137,2.6000000000000014,6.3,1.9000000000000021,1090.249
2025-06-18 19:39:00,36.5,254.3113,137,2.6000000000000014,6.1000000000000005,1.9000000000000021,1084.111
2025-06-18 19:42:00,36.0,254.5573,137,2.5,6.200000000000001,1.9000000000000021,1074.541
2025-06-18 19:45:00,35.5,254.8032,137,2.5,6.1,1.9000000000000021,1066.005
2025-06-18 19:48:00,35.5,247.1788,137,2.5,6.199999999999999,1.8000000000000007,1060.226
2025-06-18 19:51:00,35.0,243.7355,137,2.400000000000002,6.1,1.8999999999999986,1042.313
2025-06-18 19:54:00,34.5,238.8166,137,2.400000000000002,6.199999999999999,1.8999999999999986,1029.3
2025-06-18 19:57:00,34.0,238.5706,137,2.400000000000002,6.1,1.7999999999999972,1010.369
2025-06-18 20:00:00,34.0,247.4248,137,2.400000000000002,6.1,1.7999999999999972,1017.386
2025-06-18 20:03:00,34.5,253.3275,137,2.400000000000002,6.0,1.8999999999999986,1040.542
2025-06-18 20:06:00,34.5,249.6383,137,2.400000000000002,6.0,1.8999999999999986,1039.958
2025-06-18 20:09:00,34.0,243.9815,137,2.400000000000002,6.1,1.8999999999999986,1018.094
2025-06-18 20:12:00,33.5,237.3409,137,2.400000000000002,6.1,1.7999999999999972,1008.325
2025-06-18 20:15:00,33.5,238.3247,137,2.400000000000002,6.199999999999999,1.7999999999999972,1003.9
2025-06-18 20:18:00,33.5,230.9462,137,2.400000000000002,6.1,1.7999999999999972,1002.283
2025-06-18 20:21:00,33.0,232.4219,137,2.400000000000002,6.1,1.7999999999999972,996.5343
2025-06-18 20:24:00,33.5,235.3732,138,2.400000000000002,6.199999999999999,1.8999999999999986,1004.907
2025-06-18 20:27:00,33.0,237.0949,138,2.400000000000002,6.1,1.8999999999999986,1007.18
2025-06-18 20:30:00,32.5,232.1759,138,2.1999999999999993,6.0,1.7000000000000028,981.869
2025-06-18 20:33:00,34.0,229.9624,138,2.3000000000000007,5.8999999999999995,1.7999999999999972,1026.184
2025-06-18 20:36:00,34.0,229.2245,138,2.3000000000000007,5.8999999999999995,1.7999999999999972,1036.17
2025-06-18 20:39:00,34.0,240.7841,138,2.400000000000002,6.200000000000001,1.7999999999999972,1037.75
2025-06-18 20:42:00,34.0,246.9329,138,2.400000000000002,5.999999999999999,1.6999999999999957,1018.802
2025-06-18 20:45:00,36.0,248.6545,138,2.400000000000002,5.6,1.8999999999999986,1089.444
2025-06-18 20:48:00,35.5,238.8166,138,2.400000000000002,6.0,2.0,1076.291
2025-06-18 20:51:00,34.0,231.684,138,2.3000000000000007,6.299999999999999,1.8999999999999986,1038.467
2025-06-18 20:54:00,33.5,234.1435,138,2.3000000000000007,6.3999999999999995,1.8999999999999986,1006.526
2025-06-18 20:57:00,33.0,233.4057,138,2.3000000000000007,6.299999999999999,1.8999999999999986,996.7361
2025-06-18 21:00:00,33.0,232.4219,138,2.400000000000002,6.199999999999999,1.8999999999999986,997.7726
2025-06-19 08:03:00,37.0,258.2465,138,1.5,2.6999999999999993,2.0,1118.102
2025-06-19 08:06:00,42.5,492.8819,138,2.3000000000000007,3.3000000000000007,2.6999999999999993,1308.083
2025-06-19 08:09:00,44.5,505.9173,138,2.6999999999999993,3.8000000000000007,2.6999999999999993,1373.569
2025-06-19 08:12:00,46.0,539.8582,138,3.0,4.1,2.700000000000003,1417.088
2025-06-19 08:15:00,48.5,555.5989,139,3.1000000000000014,3.999999999999999,2.8999999999999986,1498.362
2025-06-19 08:18:00,49.5,570.6019,139,3.3000000000000007,3.999999999999999,2.8000000000000007,1536.891
2025-06-19 08:21:00,50.5,587.8183,139,3.3000000000000007,4.000000000000001,2.8000000000000007,1549.373
2025-06-19 08:24:00,50.5,573.0613,139,3.5,4.0,2.6999999999999993,1545.396
2025-06-19 08:30:00,62.0,565.6829,139,3.1000000000000014,3.0,2.8999999999999986,1887.4571
2025-06-19 08:33:00,66.0,566.6667,139,3.700000000000003,4.3,2.8999999999999986,2014.38
2025-06-19 08:36:00,70.5,576.7506,139,3.8999999999999986,4.6,3.1000000000000014,2126.547
2025-06-19 08:39:00,73.5,539.6123,139,4.100000000000001,4.9,3.0999999999999943,2212.191
2025-06-19 08:42:00,75.0,552.4016,139,4.399999999999999,5.3,3.200000000000003,2284.645
2025-06-19 08:45:00,72.0,498.0469,139,4.299999999999997,5.6,3.1000000000000014,2195.031
2025-06-19 08:48:00,73.5,495.3414,139,4.399999999999999,5.6,3.0,2206.76
2025-06-19 08:51:00,73.0,499.2766,139,4.400000000000002,5.799999999999999,3.0,2208.51
2025-06-19 08:54:00,73.0,487.2251,139,4.400000000000002,5.799999999999999,3.0,2205.663
2025-06-19 08:57:00,72.5,492.1441,139,4.400000000000002,5.799999999999999,3.0,2179.535
2025-06-19 09:00:00,73.0,494.6036,139,4.5000000000000036,5.799999999999999,3.0,2192.439
2025-06-19 09:03:00,70.0,485.5035,139,4.199999999999999,5.700000000000001,2.6000000000000014,2071.3230000000003
2025-06-19 09:06:00,70.5,473.452,139,4.099999999999998,5.3999999999999995,2.8000000000000043,2110.137
2025-06-19 09:09:00,69.0,463.614,139,4.099999999999998,5.499999999999999,2.700000000000003,2084.8320000000003
2025-06-19 09:12:00,70.5,470.7465,139,4.199999999999999,5.700000000000001,2.700000000000003,2107.034
2025-06-19 09:15:00,71.0,483.7818,140,3.9999999999999964,5.499999999999999,2.8000000000000043,2118.159
2025-06-19 09:18:00,73.0,516.739,140,4.199999999999999,5.3999999999999995,2.799999999999997,2214.1800000000003
2025-06-19 09:21:00,75.5,539.1204,140,4.300000000000001,5.299999999999999,3.0,2278.118
2025-06-19 09:24:00,76.5,561.7477,140,4.5000000000000036,5.299999999999999,3.0999999999999943,2306.5119999999997
2025-06-19 09:27:00,79.5,600.6076,140,4.699999999999999,5.199999999999999,3.200000000000003,2452.9539999999997
2025-06-19 09:30:00,82.0,612.4132,140,5.099999999999998,5.3999999999999995,3.4000000000000057,2545.9629999999997
2025-06-19 09:33:00,83.0,619.5457,140,5.099999999999998,5.3999999999999995,3.4000000000000057,2530.135
2025-06-19 09:36:00,83.0,634.5486,140,5.099999999999998,5.3999999999999995,3.3000000000000043,2535.281
2025-06-19 09:39:00,82.5,603.0671,140,5.199999999999999,5.499999999999999,3.3000000000000043,2515.779
2025-06-19 09:42:00,81.0,575.7668,140,4.9999999999999964,5.700000000000001,3.3000000000000043,2476.141
2025-06-19 09:45:00,79.0,543.3015,140,5.0000000000000036,5.9,3.1999999999999957,2416.6589999999997
2025-06-19 09:48:00,79.0,538.3825,140,4.900000000000002,6.0,3.1999999999999957,2407.014
2025-06-19 09:51:00,81.0,548.9583,140,4.900000000000002,6.1,3.299999999999997,2460.1040000000003
2025-06-19 09:54:00,82.0,553.8773,140,5.099999999999998,6.1000000000000005,3.4000000000000057,2511.6490000000003
2025-06-19 09:57:00,83.0,547.2367,140,5.199999999999999,6.2,3.3000000000000043,2525.325
2025-06-19 10:00:00,83.0,549.6962,140,5.199999999999999,6.1000000000000005,3.3000000000000043,2525.764
2025-06-19 10:03:00,82.5,564.6991,140,5.099999999999998,6.1000000000000005,3.4000000000000057,2525.474
2025-06-19 10:06:00,82.0,554.6152,140,5.199999999999999,6.1000000000000005,3.3000000000000043,2513.969
2025-06-19 10:09:00,82.0,561.0098,140,5.199999999999999,6.1000000000000005,3.3000000000000043,2519.468
2025-06-19 10:12:00,83.5,565.6829,140,5.300000000000001,6.000000000000001,3.200000000000003,2522.044
2025-06-19 10:15:00,83.5,579.2101,141,5.300000000000001,6.000000000000001,3.200000000000003,2547.764
2025-06-19 10:18:00,83.0,573.0613,141,5.199999999999999,5.8999999999999995,3.3000000000000043,2533.9049999999997
2025-06-19 10:21:00,83.5,593.967,141,5.199999999999999,5.999999999999999,3.3999999999999986,2545.9849999999997
2025-06-19 10:24:00,87.0,606.0186,141,5.400000000000002,5.9,3.3999999999999986,2639.346
2025-06-19 10:27:00,87.5,573.5532,141,5.400000000000002,6.000000000000001,3.3999999999999986,2660.2529999999997
2025-06-19 10:30:00,88.0,568.6343,141,5.400000000000002,6.2,3.3999999999999986,2652.7610000000004
2025-06-19 10:33:00,86.5,556.0908,141,5.400000000000002,6.300000000000001,3.299999999999997,2626.714
2025-06-19 10:36:00,86.0,566.1748,141,5.400000000000002,6.2,3.3999999999999986,2609.89
2025-06-19 10:39:00,87.0,563.4694,141,5.400000000000002,6.3,3.3999999999999986,2639.0190000000002
2025-06-19 10:42:00,87.5,576.9965,141,5.400000000000002,6.3999999999999995,3.3999999999999986,2667.9480000000003
2025-06-19 10:45:00,88.0,569.3721,141,5.5000000000000036,6.2,3.3999999999999986,2680.126
2025-06-19 10:48:00,87.0,561.7477,141,5.5000000000000036,6.2,3.299999999999997,2639.751
2025-06-19 10:51:00,85.0,561.0098,141,5.400000000000002,6.300000000000001,3.1999999999999957,2583.891
2025-06-19 10:54:00,85.0,552.1556,141,5.400000000000002,6.300000000000001,3.299999999999997,2607.477
2025-06-19 10:57:00,85.5,555.5989,141,5.300000000000001,6.4,3.3999999999999986,2613.031
2025-06-19 11:00:00,87.0,576.7506,141,5.400000000000002,6.2,3.3999999999999986,2636.49
2025-06-19 11:03:00,86.0,567.8964,141,5.400000000000002,6.1000000000000005,3.299999999999997,2612.733
2025-06-19 11:06:00,86.0,568.3883,141,5.400000000000002,6.1000000000000005,3.1999999999999957,2608.4610000000002
2025-06-19 11:09:00,84.5,566.6667,141,5.300000000000001,6.1,3.299999999999997,2575.971
2025-06-19 11:12:00,85.5,574.2911,141,5.400000000000002,6.1000000000000005,3.3999999999999986,2596.178
2025-06-19 11:15:00,85.5,566.9126,142,5.5000000000000036,6.1000000000000005,3.299999999999997,2604.759
2025-06-19 11:18:00,86.0,573.5532,142,5.400000000000002,6.000000000000001,3.1999999999999957,2602.376
2025-06-19 11:21:00,84.0,542.5637,142,5.300000000000001,6.200000000000001,3.200000000000003,2565.154
2025-06-19 11:24:00,83.0,526.0851,142,5.099999999999998,6.300000000000001,3.3000000000000043,2506.533
2025-06-19 11:27:00,82.0,529.7743,142,5.0000000000000036,6.4,3.299999999999997,2483.911
2025-06-19 11:30:00,82.0,533.7095,142,5.099999999999998,6.200000000000001,3.3000000000000043,2504.7380000000003
2025-06-19 11:33:00,82.0,531.25,142,5.099999999999998,6.300000000000001,3.200000000000003,2493.687
2025-06-19 11:36:00,82.0,523.1337,142,5.099999999999998,6.200000000000001,3.200000000000003,2473.386
2025-06-19 11:39:00,81.5,515.5093,142,5.099999999999998,6.300000000000001,3.1000000000000014,2457.234
2025-06-19 11:42:00,81.0,523.8715,142,5.0000000000000036,6.4,3.1999999999999957,2432.022
2025-06-19 11:45:00,81.0,511.3281,142,5.0000000000000036,6.300000000000001,3.1999999999999957,2441.75
2025-06-19 11:48:00,81.0,520.4282,142,5.099999999999998,6.300000000000001,3.1000000000000014,2437.8109999999997
2025-06-19 11:51:00,82.0,535.1852,142,5.099999999999998,6.300000000000001,3.3000000000000043,2491.884
2025-06-19 11:54:00,82.5,530.2662,142,5.199999999999999,6.300000000000001,3.3000000000000043,2484.568
2025-06-19 11:57:00,83.0,543.3015,142,5.300000000000001,6.1,3.200000000000003,2508.5919999999996
2025-06-19 12:00:00,82.5,544.7772,142,5.300000000000001,6.199999999999999,3.200000000000003,2509.886
2025-06-19 12:03:00,82.0,535.1852,142,5.300000000000001,6.200000000000001,3.200000000000003,2492.892
2025-06-19 12:06:00,82.5,526.8229,142,5.300000000000001,6.300000000000001,3.200000000000003,2494.126
2025-06-19 12:09:00,82.5,531.496,142,5.300000000000001,6.300000000000001,3.200000000000003,2477.34
2025-06-19 12:12:00,81.5,532.2338,142,5.300000000000001,6.300000000000001,3.200000000000003,2485.004
2025-06-19 12:15:00,81.5,525.3472,143,5.199999999999999,6.199999999999999,3.200000000000003,2465.107
2025-06-19 12:18:00,82.0,522.6418,143,5.099999999999998,6.199999999999999,3.200000000000003,2456.658
2025-06-19 12:21:00,83.0,551.1719,143,5.199999999999999,6.300000000000001,3.299999999999997,2530.26
2025-06-19 12:24:00,83.0,520.6742,143,5.199999999999999,6.200000000000001,3.200000000000003,2498.906
2025-06-19 12:27:00,82.0,515.5093,143,5.099999999999998,6.300000000000001,3.200000000000003,2459.424
2025-06-19 12:30:00,81.0,508.1308,143,5.199999999999999,6.300000000000001,3.1000000000000014,2446.446
2025-06-19 12:33:00,80.0,513.2957,143,5.099999999999998,6.300000000000001,3.1000000000000014,2423.865
2025-06-19 12:36:00,81.0,524.1175,143,5.199999999999999,6.300000000000001,3.200000000000003,2461.9849999999997
2025-06-19 12:39:00,82.0,515.7552,143,5.199999999999999,6.300000000000001,3.200000000000003,2483.748
2025-06-19 12:42:00,80.5,512.8038,143,5.199999999999999,6.300000000000001,3.1000000000000014,2455.672
2025-06-19 12:45:00,80.0,502.9659,143,5.199999999999999,6.300000000000001,3.1000000000000014,2442.807
2025-06-19 12:48:00,78.0,498.5388,143,4.9999999999999964,6.4,3.1000000000000014,2380.8909999999996
2025-06-19 12:51:00,78.5,499.0307,143,4.9999999999999964,6.4,3.1000000000000014,2388.042
2025-06-19 12:54:00,79.5,515.0174,143,5.099999999999998,6.300000000000001,3.1000000000000014,2415.5860000000002
2025-06-19 12:57:00,79.0,500.5063,143,5.099999999999998,6.300000000000001,3.1000000000000014,2391.469
2025-06-19 13:00:00,78.5,510.5902,143,4.9999999999999964,6.300000000000001,3.200000000000003,2421.1549999999997
2025-06-19 13:03:00,80.0,502.9659,143,5.099999999999998,6.300000000000001,3.1000000000000014,2404.447
2025-06-19 13:06:00,79.5,511.82,143,5.0,6.200000000000001,3.1000000000000014,2411.9359999999997
2025-06-19 13:09:00,80.0,521.412,143,5.099999999999998,6.200000000000001,3.200000000000003,2425.558
2025-06-19 13:12:00,80.5,526.577,143,5.199999999999999,6.200000000000001,3.1000000000000014,2436.175
2025-06-19 13:15:00,80.0,519.1985,144,5.199999999999999,6.200000000000001,3.1000000000000014,2420.261
2025-06-19 13:18:00,81.0,509.3605,144,5.199999999999999,6.300000000000001,3.200000000000003,2452.3010000000004
2025-06-19 13:21:00,80.5,512.8038,144,4.9999999999999964,6.200000000000001,3.200000000000003,2436.6400000000003
2025-06-19 13:24:00,81.0,515.0174,144,5.099999999999998,6.4,3.200000000000003,2436.002
2025-06-19 13:27:00,81.5,527.5607,144,5.199999999999999,6.4,3.200000000000003,2478.3540000000003
2025-06-19 13:30:00,83.5,545.0231,144,5.199999999999999,6.3,3.299999999999997,2526.526
2025-06-19 13:33:00,82.5,526.8229,144,5.100000000000001,6.4,3.299999999999997,2509.916
2025-06-19 13:36:00,82.5,525.3472,144,5.100000000000001,6.4,3.200000000000003,2472.299
2025-06-19 13:39:00,83.0,523.6256,144,5.100000000000001,6.4,3.1000000000000014,2488.612
2025-06-19 13:42:00,82.5,532.4797,144,5.100000000000001,6.4,3.1999999999999957,2522.638
2025-06-19 13:45:00,82.5,528.5446,144,5.100000000000001,6.300000000000001,3.299999999999997,2520.431
2025-06-19 13:48:00,83.5,521.1661,144,5.100000000000001,6.5,3.1999999999999957,2513.19
2025-06-19 13:51:00,80.5,510.5902,144,5.0,6.5,3.200000000000003,2473.4210000000003
2025-06-19 13:54:00,82.0,515.0174,144,5.0,6.4,3.200000000000003,2477.706
2025-06-19 13:57:00,82.0,511.82,144,5.100000000000001,6.5,3.200000000000003,2483.4049999999997
2025-06-19 14:00:00,82.5,530.5121,144,5.200000000000003,6.4,3.1999999999999957,2496.5910000000003
2025-06-19 14:03:00,82.0,536.1689,144,5.200000000000003,6.300000000000001,3.1999999999999957,2514.419
2025-06-19 14:06:00,83.0,530.0203,144,5.200000000000003,6.300000000000001,3.1999999999999957,2497.125
2025-06-19 14:09:00,82.5,525.5931,144,5.200000000000003,6.300000000000001,3.1999999999999957,2493.1639999999998
2025-06-19 14:12:00,82.0,531.004,144,5.200000000000003,6.200000000000001,3.1999999999999957,2496.938
2025-06-19 14:15:00,82.0,528.5446,145,5.100000000000001,6.200000000000001,3.299999999999997,2498.86
2025-06-19 14:18:00,83.0,537.8906,145,5.300000000000004,6.2,3.299999999999997,2509.02
2025-06-19 14:21:00,83.0,537.8906,145,5.200000000000003,6.2,3.299999999999997,2511.199
2025-06-19 14:24:00,83.0,536.4149,145,5.200000000000003,6.3,3.1999999999999957,2506.441
2025-06-19 14:27:00,82.5,537.8906,145,5.200000000000003,6.3,3.1999999999999957,2490.7079999999996
2025-06-19 14:30:00,82.5,542.8096,145,5.200000000000003,6.2,3.1999999999999957,2514.0879999999997
2025-06-19 14:33:00,83.5,553.1395,145,5.200000000000003,6.2,3.3999999999999986,2507.965
2025-06-19 14:36:00,84.0,560.7639,145,5.200000000000003,6.1000000000000005,3.299999999999997,2555.238
2025-06-19 14:39:00,84.0,544.0394,145,5.299999999999997,6.3,3.3000000000000043,2557.165
2025-06-19 14:42:00,84.0,532.4797,145,5.200000000000003,6.3,3.3999999999999986,2556.573
2025-06-19 14:45:00,83.5,530.0203,145,5.200000000000003,6.4,3.299999999999997,2521.6890000000003
2025-06-19 14:48:00,83.5,537.3987,145,5.200000000000003,6.4,3.299999999999997,2532.442
2025-06-19 14:51:00,83.5,525.5931,145,5.200000000000003,6.300000000000001,3.299999999999997,2531.797
2025-06-19 14:54:00,84.0,534.2014,145,5.299999999999997,6.300000000000001,3.200000000000003,2541.504
2025-06-19 14:57:00,84.0,553.3854,145,5.299999999999997,6.4,3.4000000000000057,2591.727
2025-06-19 15:00:00,85.0,537.3987,145,5.299999999999997,6.3,3.3000000000000043,2573.318
2025-06-19 15:03:00,83.5,524.1175,145,5.299999999999997,6.300000000000001,3.3000000000000043,2554.089
2025-06-19 15:06:00,84.0,533.9554,145,5.299999999999997,6.4,3.3000000000000043,2553.131
2025-06-19 15:09:00,84.0,524.3634,145,5.299999999999997,6.4,3.3000000000000043,2551.499
2025-06-19 15:12:00,84.0,533.7095,145,5.299999999999997,6.4,3.3000000000000043,2553.0209999999997
2025-06-19 15:15:00,84.0,517.9688,146,5.399999999999999,6.4,3.200000000000003,2552.425
2025-06-19 15:18:00,83.0,510.0984,146,5.299999999999997,6.5,3.3000000000000043,2530.71
2025-06-19 15:21:00,82.5,509.1146,146,5.299999999999997,6.5,3.3000000000000043,2524.058
2025-06-19 15:24:00,83.5,521.658,146,5.299999999999997,6.5,3.200000000000003,2554.361
2025-06-19 15:27:00,84.5,535.923,146,5.299999999999997,6.4,3.3000000000000043,2557.047
2025-06-19 15:30:00,84.5,528.0527,146,5.299999999999997,6.4,3.3000000000000043,2573.495
2025-06-19 15:33:00,85.0,530.2662,146,5.299999999999997,6.4,3.3000000000000043,2576.7160000000003
2025-06-19 15:36:00,85.0,536.4149,146,5.299999999999997,6.4,3.4000000000000057,2592.183
2025-06-19 15:39:00,83.0,527.3148,146,5.299999999999997,6.4,3.3000000000000043,2556.7290000000003
2025-06-19 15:42:00,84.0,537.1528,146,5.299999999999997,6.300000000000001,3.3000000000000043,2554.341
2025-06-19 15:45:00,84.5,547.2367,146,5.399999999999999,6.300000000000001,3.3000000000000043,2582.8419999999996
2025-06-19 15:48:00,84.5,549.4502,146,5.399999999999999,6.200000000000001,3.3000000000000043,2592.3549999999996
2025-06-19 15:51:00,84.0,542.5637,146,5.399999999999999,6.200000000000001,3.200000000000003,2577.218
2025-06-19 15:54:00,83.0,536.1689,146,5.299999999999997,6.199999999999999,3.3000000000000043,2549.285
2025-06-19 15:57:00,83.0,532.7257,146,5.299999999999997,6.299999999999999,3.3000000000000043,2537.7430000000004
2025-06-19 16:00:00,83.0,531.004,146,5.299999999999997,6.299999999999999,3.200000000000003,2512.969
2025-06-19 16:03:00,82.0,528.7905,146,5.299999999999997,6.199999999999999,3.200000000000003,2515.48
2025-06-19 16:06:00,83.0,531.004,146,5.299999999999997,6.199999999999999,3.200000000000003,2514.5
2025-06-19 16:09:00,82.5,526.3311,146,5.299999999999997,6.199999999999999,3.200000000000003,2512.487
2025-06-19 16:12:00,82.0,513.2957,146,5.299999999999997,6.300000000000001,3.200000000000003,2515.1949999999997
2025-06-19 16:15:00,82.0,510.5902,147,5.200000000000003,6.5,3.299999999999997,2490.24
2025-06-19 16:18:00,80.5,508.1308,147,5.200000000000003,6.4,3.1999999999999957,2474.449
2025-06-19 16:21:00,80.0,502.7199,147,5.200000000000003,6.6,3.1999999999999957,2470.253
2025-06-19 16:24:00,81.0,505.4254,147,5.299999999999997,6.5,3.200000000000003,2470.532
2025-06-19 16:27:00,79.0,498.5388,147,5.100000000000001,6.4,3.1000000000000014,2422.288
2025-06-19 16:30:00,79.0,511.5741,147,5.100000000000001,6.4,3.1000000000000014,2416.7349999999997
2025-06-19 16:33:00,79.0,495.5874,147,5.100000000000001,6.300000000000001,3.1000000000000014,2422.056
2025-06-19 16:36:00,78.0,489.6846,147,5.100000000000001,6.4,3.0,2396.383
2025-06-19 16:39:00,76.0,476.1574,147,5.0,6.500000000000001,3.0,2339.335
2025-06-19 16:42:00,75.5,479.6007,147,4.700000000000003,6.300000000000001,2.799999999999997,2290.9629999999997
2025-06-19 16:45:00,75.5,486.2413,147,4.600000000000001,5.9,2.8999999999999986,2332.594
2025-06-19 16:48:00,78.5,496.5712,147,4.799999999999997,5.9,2.9000000000000057,2381.558
2025-06-19 16:51:00,78.5,537.1528,147,4.799999999999997,5.699999999999999,3.1000000000000014,2425.2889999999998
2025-06-19 16:54:00,81.0,522.6418,147,5.100000000000001,5.999999999999999,3.1999999999999957,2494.517
2025-06-19 16:57:00,80.0,531.004,147,5.100000000000001,6.1,3.1000000000000014,2453.826
2025-06-19 17:00:00,82.5,541.5799,147,5.200000000000003,5.999999999999999,3.299999999999997,2510.0690000000004
2025-06-19 17:03:00,82.0,551.1719,147,5.199999999999996,5.999999999999999,3.200000000000003,2515.654
2025-06-19 17:06:00,82.5,541.3339,147,5.299999999999997,5.999999999999999,3.3000000000000043,2532.989
2025-06-19 17:09:00,79.5,522.3958,147,5.200000000000003,6.199999999999999,3.0999999999999943,2473.255
2025-06-19 17:12:00,81.5,527.8067,147,5.299999999999997,6.199999999999999,3.3000000000000043,2504.7929999999997
2025-06-19 17:15:00,81.5,543.7934,148,5.299999999999997,6.1,3.3000000000000043,2528.444
2025-06-19 17:18:00,82.0,539.6123,148,5.399999999999999,6.1,3.3000000000000043,2535.1000000000004
2025-06-19 17:21:00,81.5,533.4636,148,5.399999999999999,6.200000000000001,3.200000000000003,2515.17
2025-06-19 17:24:00,82.5,536.4149,148,5.5,6.300000000000001,3.200000000000003,2530.763
2025-06-19 17:27:00,82.5,534.9393,148,5.5,6.300000000000001,3.200000000000003,2549.496
2025-06-19 17:30:00,82.0,529.2824,148,5.399999999999999,6.5,3.200000000000003,2526.3469999999998
2025-06-19 17:33:00,82.5,529.2824,148,5.299999999999997,6.4,3.3000000000000043,2551.432
2025-06-19 17:36:00,83.0,520.1823,148,5.299999999999997,6.4,3.3000000000000043,2539.696
2025-06-19 17:39:00,84.0,508.3767,148,5.199999999999996,6.5,3.3000000000000043,2491.094
2025-06-19 17:42:00,83.5,501.7361,148,5.199999999999996,6.5,3.3000000000000043,2501.1279999999997
2025-06-19 17:45:00,80.0,468.7789,148,5.100000000000001,6.7,3.0999999999999943,2412.748
2025-06-19 17:48:00,78.0,495.8333,148,5.0,6.6000000000000005,3.1000000000000014,2385.163
2025-06-19 17:51:00,80.0,506.9011,148,5.100000000000001,6.200000000000001,3.0999999999999943,2407.5339999999997
2025-06-19 17:54:00,56.5,506.4091,148,4.600000000000001,6.200000000000001,1.8999999999999986,1467.6634
2025-06-20 08:00:00,35.5,272.7575,148,1.5,1.6000000000000005,2.1999999999999993,1091.975
2025-06-20 08:03:00,36.5,295.6308,148,2.0,3.8,2.299999999999997,1115.062
2025-06-20 08:06:00,32.0,317.0284,148,2.099999999999998,4.8,2.099999999999998,978.7976
2025-06-20 08:09:00,35.0,333.5069,148,2.1999999999999993,4.1,2.3000000000000007,1072.079
2025-06-20 08:12:00,41.0,510.5902,148,2.5,3.999999999999999,2.3999999999999986,1251.791
2025-06-20 08:15:00,48.5,521.1661,149,3.1999999999999993,3.8000000000000007,2.6999999999999993,1489.501
2025-06-20 08:18:00,49.0,535.1852,149,3.1999999999999993,3.9000000000000004,1.4000000000000021,1292.3845000000001
2025-06-20 08:21:00,46.0,522.3958,149,1.6999999999999993,1.4000000000000004,2.3000000000000007,1295.35
2025-06-20 08:24:00,60.0,500.7523,149,3.5,4.1,2.8999999999999986,1796.3795
2025-06-20 08:27:00,62.0,494.3576,149,3.5,4.6,2.6999999999999957,1854.0346
2025-06-20 08:30:00,64.0,504.1956,149,3.6000000000000014,4.699999999999999,2.8999999999999986,1907.772
2025-06-20 08:33:00,64.0,514.0336,149,3.700000000000003,4.699999999999999,2.8999999999999986,1926.0529999999999
2025-06-20 08:36:00,66.0,521.412,149,3.799999999999997,4.699999999999999,2.8999999999999986,1987.0035
2025-06-20 08:39:00,68.0,519.1985,149,3.8999999999999986,4.699999999999999,2.8999999999999986,2033.216
2025-06-20 08:42:00,69.5,574.0451,149,4.0,4.6,2.8999999999999986,2089.598
2025-06-20 08:45:00,72.0,517.9688,149,4.199999999999996,5.000000000000001,2.9000000000000057,2157.913
2025-06-20 08:48:00,70.5,496.5712,149,4.199999999999996,5.3,2.9000000000000057,2126.785
2025-06-20 08:51:00,71.0,483.5359,149,4.199999999999996,5.3999999999999995,3.0,2140.259
2025-06-20 08:54:00,71.0,490.9144,149,4.299999999999997,5.3999999999999995,2.8999999999999986,2138.9939999999997
2025-06-20 08:57:00,72.0,490.9144,149,4.300000000000001,5.3999999999999995,2.799999999999997,2152.318
2025-06-20 09:00:00,71.5,498.2928,149,4.300000000000001,5.499999999999999,2.799999999999997,2162.74
2025-06-20 09:03:00,73.0,501.4901,149,4.300000000000001,5.3999999999999995,3.0,2176.8819999999996
2025-06-20 09:06:00,71.5,515.7552,149,4.400000000000002,5.3999999999999995,3.0,2193.8540000000003
2025-06-20 09:09:00,74.0,515.5093,149,4.5000000000000036,5.499999999999999,3.0,2204.139
2025-06-20 09:12:00,73.5,510.0984,149,4.599999999999998,5.6000000000000005,3.0,2210.111
2025-06-20 09:15:00,74.5,516.2471,150,4.599999999999998,5.6000000000000005,3.200000000000003,2242.223
2025-06-20 09:18:00,75.5,532.9717,150,4.699999999999999,5.7,3.1000000000000014,2277.094
2025-06-20 09:21:00,76.5,537.3987,150,4.800000000000001,5.6000000000000005,3.1999999999999957,2318.2079999999996
2025-06-20 09:24:00,75.5,538.3825,150,4.800000000000001,5.700000000000001,3.1999999999999957,2312.0429999999997
2025-06-20 09:27:00,74.0,524.8553,150,4.800000000000001,5.700000000000001,3.1000000000000014,2271.322
2025-06-20 09:30:00,75.0,530.2662,150,4.800000000000001,5.700000000000001,3.1000000000000014,2286.883
2025-06-20 09:33:00,75.0,531.496,150,4.800000000000001,5.700000000000001,3.1000000000000014,2275.45
2025-06-20 09:36:00,76.0,554.6152,150,4.900000000000002,5.6000000000000005,3.1999999999999957,2324.932
2025-06-20 09:39:00,75.5,545.2691,150,4.9999999999999964,5.7,3.1000000000000014,2312.95
2025-06-20 09:42:00,76.5,526.8229,150,4.699999999999999,5.5,3.0,2327.502
2025-06-20 09:45:00,77.5,531.004,150,4.800000000000001,5.6,3.1000000000000014,2361.0609999999997
2025-06-20 09:48:00,81.5,534.9393,150,4.9999999999999964,5.8,3.3000000000000043,2493.627
2025-06-20 09:51:00,83.0,546.9907,150,5.300000000000001,6.1000000000000005,3.299999999999997,2531.988
2025-06-20 09:54:00,84.5,572.3235,150,5.400000000000002,6.000000000000001,3.3999999999999986,2583.2250000000004
2025-06-20 09:57:00,86.5,569.618,150,5.599999999999998,6.000000000000001,3.4000000000000057,2630.688
2025-06-20 10:00:00,85.5,552.6476,150,5.4999999999999964,6.1000000000000005,3.3000000000000043,2577.599
2025-06-20 10:03:00,84.0,540.1042,150,5.400000000000002,6.199999999999999,3.3999999999999986,2561.133
2025-06-20 10:06:00,84.0,533.9554,150,5.5000000000000036,6.199999999999999,3.299999999999997,2553.656
2025-06-20 10:09:00,82.5,526.3311,150,5.5000000000000036,6.4,3.299999999999997,2529.267
2025-06-20 10:12:00,85.0,565.6829,150,5.5000000000000036,6.300000000000001,3.3999999999999986,2574.142
2025-06-20 10:15:00,87.0,568.3883,151,5.5000000000000036,6.1000000000000005,3.3999999999999986,2648.549
2025-06-20 10:18:00,85.0,541.3339,151,5.400000000000002,6.300000000000001,3.3999999999999986,2603.045
2025-06-20 10:21:00,84.5,510.5902,151,5.300000000000001,6.4,3.3999999999999986,2564.107
2025-06-20 10:24:00,83.5,524.3634,151,5.400000000000002,6.5,3.1999999999999957,2527.633
2025-06-20 10:27:00,82.5,501.4901,151,5.300000000000001,6.500000000000001,3.200000000000003,2480.721
2025-06-20 10:30:00,78.5,493.6198,151,4.900000000000002,6.500000000000001,3.1999999999999957,2406.254
2025-06-20 10:33:00,78.0,495.3414,151,4.900000000000002,6.4,3.1999999999999957,2356.395
2025-06-20 10:36:00,78.0,492.39,151,4.800000000000001,6.500000000000001,3.1999999999999957,2346.008
2025-06-20 10:39:00,77.0,485.9954,151,4.800000000000001,6.299999999999999,3.1999999999999957,2346.025
2025-06-20 10:42:00,76.5,485.9954,151,4.800000000000001,6.3999999999999995,3.0,2315.719
2025-06-20 10:45:00,77.0,484.7656,151,4.800000000000001,6.4,3.1000000000000014,2339.956
2025-06-20 10:48:00,77.5,488.2089,151,4.800000000000001,6.300000000000001,3.1000000000000014,2331.458
2025-06-20 10:51:00,77.5,501.7361,151,4.900000000000002,6.199999999999999,3.0999999999999943,2348.9880000000003
2025-06-20 10:54:00,77.0,498.0469,151,4.800000000000001,6.199999999999999,3.1000000000000014,2333.246
2025-06-20 10:57:00,76.0,471.2384,151,4.800000000000001,6.299999999999999,3.1000000000000014,2293.608
2025-06-20 11:00:00,70.5,460.4167,151,4.400000000000002,6.1,2.5999999999999943,2142.508
2025-06-20 11:03:00,73.0,466.5654,151,4.400000000000002,5.999999999999999,2.799999999999997,2215.192
2025-06-20 11:06:00,75.0,459.1869,151,4.599999999999998,6.299999999999999,3.1000000000000014,2283.225
2025-06-20 11:09:00,74.0,462.1383,151,4.699999999999999,6.3,2.8999999999999986,2225.431
2025-06-20 11:12:00,73.0,460.4167,151,4.4999999999999964,6.199999999999999,3.0,2199.003
2025-06-20 11:15:00,72.0,474.9276,152,4.4999999999999964,6.3,3.0,2175.306
2025-06-20 11:18:00,72.5,482.5521,152,4.4999999999999964,6.1,3.0,2175.929
2025-06-20 11:21:00,70.5,488.7008,152,4.400000000000002,5.999999999999999,2.799999999999997,2144.1409999999996
2025-06-20 11:24:00,72.5,479.3548,152,4.400000000000002,5.699999999999999,2.8999999999999986,2204.985
2025-06-20 11:27:00,73.0,471.9763,152,4.400000000000002,5.8999999999999995,2.799999999999997,2202.738
2025-06-20 11:30:00,73.0,489.4387,152,4.400000000000002,5.799999999999999,2.8999999999999986,2226.015
2025-06-20 11:33:00,74.5,482.3062,152,4.4999999999999964,5.8999999999999995,3.0,2251.98
2025-06-20 11:36:00,74.5,474.4358,152,4.599999999999998,6.1000000000000005,3.0,2273.496
2025-06-20 11:39:00,74.5,479.3548,152,4.600000000000001,6.1000000000000005,3.0,2269.367
2025-06-20 11:42:00,75.5,475.6655,152,4.600000000000001,6.1,3.0,2284.059
2025-06-20 11:45:00,76.5,490.6684,152,4.700000000000003,6.1,3.1000000000000014,2305.6670000000004
2025-06-20 11:48:00,77.0,499.5226,152,4.800000000000004,6.1,3.0,2336.417
2025-06-20 11:51:00,76.0,483.2899,152,4.800000000000001,6.199999999999999,3.1000000000000014,2305.465
2025-06-20 11:54:00,76.0,471.4844,152,4.700000000000003,6.4,3.1000000000000014,2305.347
2025-06-20 11:57:00,76.0,476.8952,152,4.800000000000001,6.4,3.1000000000000014,2307.629
2025-06-20 12:00:00,75.5,472.4682,152,4.700000000000003,6.4,3.1999999999999957,2297.325
2025-06-20 12:03:00,76.0,475.6655,152,4.700000000000003,6.299999999999999,3.1000000000000014,2277.834
2025-06-20 12:06:00,74.0,470.7465,152,4.600000000000001,6.3,3.0,2250.494
2025-06-20 12:09:00,74.0,469.0249,152,4.5,6.3,3.0,2231.415
2025-06-20 12:12:00,73.0,481.8142,152,4.5,6.300000000000001,3.1000000000000014,2228.382
2025-06-20 12:15:00,75.0,476.4034,153,4.600000000000001,6.300000000000001,3.1000000000000014,2237.965
2025-06-20 12:18:00,74.5,477.1412,153,4.600000000000001,6.300000000000001,3.1000000000000014,2270.2439999999997
2025-06-20 12:21:00,75.0,478.8629,153,4.5,6.200000000000001,3.1000000000000014,2252.6639999999998
2025-06-20 12:24:00,76.0,483.5359,153,4.600000000000001,6.199999999999999,3.1000000000000014,2267.8010000000004
2025-06-20 12:27:00,74.0,479.6007,153,4.299999999999997,5.9,3.0,2247.54
2025-06-20 12:30:00,76.0,477.3871,153,4.5,5.9,3.0,2290.23
2025-06-20 12:33:00,75.0,473.452,153,4.5,6.000000000000001,3.0,2286.879
2025-06-20 12:36:00,76.5,474.9276,153,4.600000000000001,6.1,3.1000000000000014,2315.0919999999996
2025-06-20 12:39:00,76.5,473.206,153,4.600000000000001,6.199999999999999,3.0,2323.879
2025-06-20 12:42:00,76.0,470.9925,153,4.600000000000001,6.299999999999999,3.1000000000000014,2320.129
2025-06-20 12:45:00,76.5,466.0735,153,4.700000000000003,6.4,3.0999999999999943,2337.764
2025-06-20 12:48:00,77.0,465.8275,153,4.799999999999997,6.6000000000000005,3.1000000000000014,2354.7740000000003
2025-06-20 12:51:00,75.5,463.3681,153,4.700000000000003,6.6000000000000005,3.0999999999999943,2297.7169999999996
2025-06-20 12:54:00,76.0,457.2193,153,4.700000000000003,6.500000000000001,3.0999999999999943,2286.08
2025-06-20 12:57:00,74.0,464.5978,153,4.600000000000001,6.4,3.1000000000000014,2255.411
2025-06-20 13:00:00,75.5,469.5168,153,4.600000000000001,6.4,3.0999999999999943,2260.0370000000003
2025-06-20 13:03:00,74.5,467.3032,153,4.700000000000003,6.300000000000001,3.0999999999999943,2268.837
2025-06-20 13:06:00,74.5,464.5978,153,4.600000000000001,6.4,3.0,2260.5550000000003
2025-06-20 13:09:00,73.5,467.7951,153,4.299999999999997,6.1000000000000005,2.8999999999999986,2239.595
2025-06-20 13:12:00,75.0,470.9925,153,4.399999999999999,6.000000000000001,2.8999999999999986,2255.264
2025-06-20 13:15:00,75.5,471.4844,154,4.5,6.1000000000000005,3.1000000000000014,2299.843
2025-06-20 13:18:00,77.0,472.7141,154,4.600000000000001,6.300000000000001,3.1999999999999957,2328.9480000000003
2025-06-20 13:21:00,77.0,488.2089,154,4.600000000000001,6.300000000000001,3.1999999999999957,2338.8869999999997
2025-06-20 13:24:00,77.5,485.0116,154,4.699999999999996,6.300000000000001,3.1000000000000014,2336.408
2025-06-20 13:27:00,77.0,483.5359,154,4.699999999999996,6.300000000000001,3.1000000000000014,2316.876
2025-06-20 13:30:00,75.5,476.4034,154,4.699999999999996,6.300000000000001,3.1000000000000014,2296.4579999999996
2025-06-20 13:33:00,75.0,466.5654,154,4.600000000000001,6.4,3.1999999999999957,2260.438
2025-06-20 13:36:00,71.5,462.3843,154,4.299999999999997,6.300000000000001,2.8000000000000043,2196.4809999999998
2025-06-20 13:39:00,75.5,460.4167,154,4.399999999999999,6.1000000000000005,3.1000000000000014,2283.132
2025-06-20 13:42:00,75.0,463.86,154,4.400000000000002,6.1000000000000005,2.8999999999999986,2267.382
2025-06-20 13:45:00,77.0,472.4682,154,4.600000000000001,6.200000000000001,3.0999999999999943,2321.432
2025-06-20 13:48:00,75.0,465.3356,154,4.5000000000000036,6.200000000000001,3.0,2283.658
2025-06-20 13:51:00,75.0,460.1707,154,4.599999999999998,6.199999999999999,3.0,2296.348
2025-06-20 13:54:00,75.5,474.4358,154,4.599999999999998,6.299999999999999,3.0,2284.7110000000002
2025-06-20 13:57:00,75.5,471.9763,154,4.599999999999998,6.199999999999999,3.1000000000000014,2288.072
2025-06-20 14:00:00,75.5,473.452,154,4.599999999999998,6.199999999999999,3.1000000000000014,2280.968
2025-06-20 14:03:00,76.5,477.1412,154,4.599999999999998,6.299999999999999,3.200000000000003,2308.259
2025-06-20 14:06:00,75.5,478.125,154,4.699999999999999,6.199999999999999,3.1000000000000014,2301.989
2025-06-20 14:09:00,77.0,493.6198,154,4.699999999999999,6.199999999999999,3.200000000000003,2322.487
2025-06-20 14:12:00,77.0,489.4387,154,4.800000000000001,6.199999999999999,3.1000000000000014,2348.1130000000003
2025-06-20 14:15:00,77.0,477.6331,155,4.800000000000001,6.3999999999999995,3.0,2312.7529999999997
2025-06-20 14:18:00,76.0,482.0602,155,4.699999999999999,6.299999999999999,3.1000000000000014,2297.7839999999997
2025-06-20 14:21:00,76.5,479.6007,155,4.800000000000001,6.299999999999999,3.1000000000000014,2332.291
2025-06-20 14:24:00,76.0,485.0116,155,4.800000000000001,6.199999999999999,3.1000000000000014,2304.1949999999997
2025-06-20 14:27:00,75.5,474.6817,155,4.400000000000002,5.8999999999999995,3.0,2285.1409999999996
2025-06-20 14:30:00,76.0,473.452,155,4.400000000000002,6.000000000000001,3.0999999999999943,2294.571
2025-06-20 14:33:00,76.0,466.0735,155,4.4999999999999964,6.1000000000000005,3.1000000000000014,2327.844
2025-06-20 14:36:00,76.5,481.3224,155,4.699999999999999,6.200000000000001,3.0,2337.456
2025-06-20 14:39:00,79.0,487.4711,155,4.800000000000001,6.1000000000000005,3.1000000000000014,2398.428
2025-06-20 14:42:00,79.0,468.7789,155,4.900000000000002,6.4,3.1999999999999957,2389.098
2025-06-20 14:45:00,76.5,464.8438,155,4.800000000000001,6.500000000000001,3.1000000000000014,2313.7309999999998
2025-06-20 14:48:00,76.0,473.9438,155,4.800000000000001,6.4,3.0,2317.103
2025-06-20 14:51:00,76.0,474.9276,155,4.800000000000001,6.4,3.1000000000000014,2309.2039999999997
2025-06-20 14:54:00,76.0,476.1574,155,4.800000000000001,6.299999999999999,3.1000000000000014,2306.881
2025-06-20 14:57:00,74.5,477.3871,155,4.699999999999999,6.199999999999999,3.1000000000000014,2277.6400000000003
2025-06-20 15:00:00,74.5,475.6655,155,4.699999999999999,6.199999999999999,3.0,2259.163
2025-06-20 15:03:00,75.0,476.8952,155,4.699999999999999,6.199999999999999,3.1000000000000014,2270.6949999999997
2025-06-20 15:06:00,74.5,480.5845,155,4.400000000000002,5.8999999999999995,2.8999999999999986,2258.0699999999997
2025-06-20 15:09:00,74.5,481.8142,155,4.4999999999999964,5.799999999999999,2.9000000000000057,2296.617
2025-06-20 15:12:00,74.0,474.6817,155,4.400000000000002,5.999999999999999,3.0,2265.3140000000003
2025-06-20 15:15:00,75.0,473.206,156,4.5000000000000036,5.999999999999999,3.0999999999999943,2305.046
2025-06-20 15:18:00,75.5,474.4358,156,4.599999999999998,6.1,3.1000000000000014,2306.0209999999997
2025-06-20 15:21:00,76.0,481.0764,156,4.599999999999998,6.1,3.200000000000003,2316.99
2025-06-20 15:24:00,75.5,476.1574,156,4.599999999999998,6.199999999999999,3.200000000000003,2301.943
2025-06-20 15:27:00,75.5,489.1927,156,4.599999999999998,6.300000000000001,3.200000000000003,2327.379
2025-06-20 15:30:00,77.5,485.9954,156,4.800000000000001,6.200000000000001,3.200000000000003,2346.729
2025-06-20 15:33:00,76.0,473.6979,156,4.699999999999999,6.300000000000001,3.1000000000000014,2313.478
2025-06-20 15:36:00,77.0,469.7627,156,4.699999999999999,6.300000000000001,3.1000000000000014,2322.89
2025-06-20 15:39:00,76.0,462.1383,156,4.599999999999998,6.500000000000001,3.200000000000003,2280.532
2025-06-20 15:42:00,74.5,458.4491,156,4.599999999999998,6.4,3.1000000000000014,2251.309
2025-06-20 15:45:00,75.0,458.4491,156,4.400000000000002,6.1000000000000005,2.8999999999999986,2228.802
2025-06-20 15:48:00,75.5,454.7599,156,4.300000000000001,6.000000000000001,3.0,2244.689
2025-06-20 15:51:00,75.5,486.2413,156,4.400000000000002,5.9,3.1000000000000014,2268.538
2025-06-20 15:54:00,78.0,490.6684,156,4.599999999999998,5.9,3.200000000000003,2367.897
2025-06-20 15:57:00,78.5,506.4091,156,4.699999999999999,5.999999999999999,3.1000000000000014,2356.96
2025-06-20 16:00:00,79.5,507.8849,156,4.800000000000001,5.999999999999999,3.200000000000003,2401.128
2025-06-20 16:03:00,79.0,499.7685,156,4.800000000000001,6.1,3.200000000000003,2367.255
2025-06-20 16:06:00,79.0,507.6389,156,4.800000000000001,6.0,3.200000000000003,2375.9030000000002
2025-06-20 16:09:00,78.5,505.6713,156,4.800000000000001,6.0,3.200000000000003,2353.768
2025-06-20 16:12:00,78.5,505.6713,156,4.800000000000001,6.0,3.200000000000003,2378.361
2025-06-20 16:15:00,78.0,507.147,157,4.800000000000001,6.1,3.200000000000003,2380.226
2025-06-20 16:18:00,78.0,510.3443,157,4.800000000000001,6.0,3.200000000000003,2366.5789999999997
2025-06-20 16:21:00,77.5,502.7199,157,4.800000000000001,6.1,3.1000000000000014,2344.001
2025-06-20 16:24:00,77.5,505.4254,157,4.699999999999999,6.1,3.200000000000003,2338.504
2025-06-20 16:27:00,77.5,489.1927,157,4.699999999999999,6.199999999999999,3.200000000000003,2342.8230000000003
2025-06-20 16:30:00,76.5,490.6684,157,4.699999999999996,6.199999999999999,3.3000000000000043,2334.7290000000003
2025-06-20 16:33:00,76.5,484.2737,157,4.599999999999998,6.3,3.200000000000003,2268.065
2025-06-20 16:36:00,77.5,484.7656,157,4.599999999999998,6.299999999999999,3.200000000000003,2313.603
2025-06-20 16:39:00,76.0,476.4034,157,4.699999999999996,6.300000000000001,3.200000000000003,2341.675
2025-06-20 16:42:00,77.0,470.9925,157,4.699999999999996,6.5,3.200000000000003,2308.741
2025-06-20 16:45:00,79.0,482.3062,157,4.699999999999996,6.300000000000001,3.3000000000000043,2344.237
2025-06-20 16:48:00,77.0,484.5197,157,4.699999999999996,6.300000000000001,3.3000000000000043,2346.241
2025-06-20 16:51:00,76.5,473.6979,157,4.699999999999996,6.300000000000001,3.200000000000003,2304.124
2025-06-20 16:54:00,76.0,494.8495,157,4.600000000000001,6.300000000000001,3.1999999999999957,2314.074
2025-06-20 16:57:00,77.0,499.2766,157,4.699999999999996,6.1,3.200000000000003,2326.647
2025-06-20 17:00:00,76.0,495.8333,157,4.699999999999996,6.1,3.200000000000003,2318.573
2025-06-20 17:03:00,76.5,483.7818,157,4.699999999999996,6.1,3.1000000000000014,2299.255
2025-06-20 17:06:00,75.0,483.2899,157,4.699999999999996,6.199999999999999,3.200000000000003,2295.989
2025-06-20 17:09:00,76.0,478.125,157,4.699999999999996,6.199999999999999,3.1000000000000014,2279.182
2025-06-20 17:12:00,74.5,473.452,157,4.600000000000001,6.299999999999999,3.1999999999999957,2280.889
2025-06-20 17:15:00,74.5,473.9438,158,4.600000000000001,6.199999999999999,3.1999999999999957,2274.557
2025-06-20 17:18:00,75.0,478.6169,158,4.600000000000001,6.3,3.0999999999999943,2263.615
2025-06-20 17:21:00,72.5,488.4549,158,4.199999999999996,5.8,3.0,2222.543
2025-06-20 17:24:00,75.0,471.2384,158,4.299999999999997,5.8,3.0,2254.767
2025-06-20 17:27:00,74.0,464.1059,158,4.299999999999997,5.8999999999999995,3.0,2247.328
2025-06-20 17:30:00,73.5,461.6464,158,4.399999999999999,5.999999999999999,3.0,2235.956
2025-06-20 17:33:00,73.5,462.1383,158,4.399999999999999,6.1000000000000005,3.0,2234.392
2025-06-20 17:36:00,76.5,467.7951,158,4.5,6.200000000000001,3.1000000000000014,2311.4669999999996
2025-06-20 17:39:00,75.0,464.1059,158,4.5,6.199999999999999,3.1000000000000014,2281.4300000000003
2025-06-20 17:42:00,74.5,466.3194,158,4.5,6.199999999999999,3.0,2255.4179999999997
2025-06-20 17:45:00,74.0,464.1059,158,4.5,6.199999999999999,3.1000000000000014,2263.746
2025-06-20 17:48:00,73.5,464.5978,158,4.399999999999999,6.299999999999999,3.1000000000000014,2227.1279999999997
2025-06-20 17:51:00,72.5,446.6435,158,4.399999999999999,6.3,3.0,2200.433
2025-06-20 17:54:00,70.5,463.3681,158,4.299999999999997,6.3,2.8999999999999986,2141.6890000000003
2025-06-20 17:57:00,71.0,457.2193,158,4.399999999999999,6.0,3.0,2162.12
2025-06-20 18:00:00,68.5,452.7923,158,4.299999999999997,6.1,2.8000000000000043,2098.5699999999997
2025-06-20 18:03:00,71.5,462.6302,158,4.100000000000001,5.8999999999999995,2.8999999999999986,2137.3050000000003
2025-06-20 18:06:00,74.0,506.9011,158,4.199999999999996,5.6,3.0,2229.759
2025-06-20 18:09:00,73.5,447.6273,158,4.199999999999996,6.0,2.9000000000000057,2177.6549999999997
2025-06-20 18:12:00,71.0,439.265,158,4.200000000000003,6.0,2.8999999999999986,2130.186
2025-06-20 18:15:00,71.5,501.7361,159,4.199999999999996,6.199999999999999,3.0,2176.5510000000004
2025-06-20 18:18:00,77.5,513.0498,159,4.5,5.8,3.1999999999999957,2310.1059999999998
2025-06-20 18:21:00,78.5,509.6065,159,4.700000000000003,5.8999999999999995,3.299999999999997,2336.65
2025-06-20 18:24:00,78.5,526.8229,159,4.700000000000003,5.8999999999999995,3.299999999999997,2356.66
2025-06-20 18:27:00,79.5,522.6418,159,4.799999999999997,5.8999999999999995,3.4000000000000057,2402.845
2025-06-20 18:30:00,80.0,522.3958,159,4.899999999999999,6.0,3.3000000000000043,2402.361
2025-06-20 18:33:00,80.0,520.6742,159,5.0,6.0,3.200000000000003,2396.668
2025-06-20 18:36:00,80.0,523.8715,159,4.899999999999999,6.0,3.3000000000000043,2407.714
2025-06-20 18:39:00,80.0,523.1337,159,5.0,6.0,3.299999999999997,2405.732
2025-06-20 18:42:00,80.0,527.5607,159,5.0,6.0,3.299999999999997,2420.038
2025-06-20 18:45:00,80.0,532.4797,159,5.0,6.0,3.299999999999997,2416.041
2025-06-20 18:48:00,79.5,504.4415,159,5.0,6.1,3.200000000000003,2382.9359999999997
2025-06-20 18:51:00,77.5,506.4091,159,4.799999999999997,6.199999999999999,3.3000000000000043,2342.12
2025-06-20 18:54:00,79.0,509.1146,159,5.0,6.1,3.200000000000003,2367.2650000000003
2025-06-20 18:57:00,78.0,499.0307,159,4.899999999999999,6.199999999999999,3.3000000000000043,2349.577
2025-06-20 19:00:00,78.5,490.6684,159,4.799999999999997,6.199999999999999,3.3000000000000043,2350.081
2025-06-20 19:03:00,78.0,495.3414,159,4.899999999999999,6.299999999999999,3.200000000000003,2337.589
2025-06-20 19:06:00,78.5,492.8819,159,4.799999999999997,6.300000000000001,3.3000000000000043,2353.909
2025-06-20 19:09:00,79.0,490.6684,159,4.899999999999999,6.200000000000001,3.3000000000000043,2361.563
2025-06-20 19:12:00,79.5,491.6522,159,4.899999999999999,6.300000000000001,3.3000000000000043,2376.4489999999996
2025-06-20 19:15:00,79.0,491.6522,160,5.0,6.300000000000001,3.200000000000003,2373.339
2025-06-20 19:18:00,79.5,502.7199,160,5.0,6.300000000000001,3.299999999999997,2378.096
2025-06-20 19:21:00,80.0,506.4091,160,5.0,6.200000000000001,3.299999999999997,2384.8720000000003
2025-06-20 19:24:00,79.5,500.2604,160,5.0,6.200000000000001,3.299999999999997,2380.089
2025-06-20 19:27:00,80.0,499.0307,160,5.0,6.300000000000001,3.299999999999997,2379.706
2025-06-20 19:30:00,78.5,495.3414,160,4.899999999999999,6.300000000000001,3.3000000000000043,2379.525
2025-06-20 19:33:00,79.0,495.3414,160,4.899999999999999,6.300000000000001,3.200000000000003,2375.3109999999997
2025-06-20 19:36:00,79.0,485.0116,160,5.0,6.300000000000001,3.200000000000003,2381.374
2025-06-20 19:39:00,78.0,486.2413,160,4.899999999999999,6.300000000000001,3.3000000000000043,2325.318
2025-06-20 19:42:00,78.5,492.1441,160,4.899999999999999,6.200000000000001,3.3000000000000043,2355.99
2025-06-20 19:45:00,76.5,481.0764,160,4.799999999999997,6.200000000000001,3.200000000000003,2298.959
2025-06-20 19:48:00,76.0,479.6007,160,4.700000000000003,6.200000000000001,3.1999999999999957,2283.799
2025-06-20 19:51:00,78.0,478.6169,160,4.799999999999997,6.200000000000001,3.200000000000003,2300.038
2025-06-20 19:54:00,75.0,473.6979,160,4.700000000000003,6.300000000000001,3.1999999999999957,2277.6270000000004
2025-06-20 19:57:00,75.5,473.452,160,4.700000000000003,6.199999999999999,3.1999999999999957,2267.81
2025-06-20 20:00:00,75.0,473.206,160,4.700000000000003,6.299999999999999,3.1999999999999957,2246.388
2025-06-20 20:03:00,74.0,429.4271,160,4.700000000000003,6.3999999999999995,2.8999999999999986,2186.556
2025-06-20 20:06:00,70.0,446.3976,160,4.200000000000003,6.0,2.799999999999997,2110.124
2025-06-20 20:09:00,71.0,437.0515,160,4.200000000000003,5.8999999999999995,2.8999999999999986,2125.178
2025-06-20 20:12:00,69.5,404.8322,160,4.200000000000003,6.1,2.799999999999997,2085.928
2025-06-20 20:15:00,68.0,406.0619,161,4.100000000000001,6.3,2.6999999999999957,2026.827
2025-06-20 20:18:00,68.5,419.0972,161,4.100000000000001,6.1,2.8999999999999986,2064.705
2025-06-20 20:21:00,68.5,408.2755,161,4.100000000000001,6.199999999999999,2.799999999999997,2042.5819999999999
2025-06-20 20:24:00,69.0,408.7674,161,4.100000000000001,6.199999999999999,2.8999999999999986,2060.766
2025-06-20 20:27:00,68.0,408.5214,161,4.100000000000001,6.199999999999999,2.8999999999999986,2054.3
2025-06-20 20:30:00,69.0,411.2269,161,4.100000000000001,6.1,2.8999999999999986,2061.441
2025-06-20 20:33:00,69.0,409.5052,161,4.100000000000001,6.0,2.8999999999999986,2052.55
2025-06-20 20:36:00,69.0,405.0781,161,4.100000000000001,6.1,2.799999999999997,2037.1779999999999
2025-06-20 20:39:00,67.5,415.408,161,4.100000000000001,6.199999999999999,2.6999999999999957,2005.558
2025-06-20 20:42:00,68.5,406.7998,161,4.100000000000001,6.0,2.799999999999997,2034.823
2025-06-20 20:45:00,67.0,403.1105,161,4.0,6.1,2.700000000000003,1989.5758
2025-06-20 20:48:00,67.0,420.5729,161,4.0,6.1,2.799999999999997,2001.4811
2025-06-20 20:51:00,67.5,416.6377,161,4.100000000000001,6.0,2.799999999999997,2028.902
2025-06-20 20:54:00,67.5,404.5862,161,4.100000000000001,6.1,2.6999999999999957,2026.2330000000002
2025-06-20 20:57:00,67.5,398.4375,161,4.100000000000001,6.1,2.6999999999999957,2022.777
2025-06-20 21:00:00,67.5,396.4699,161,4.100000000000001,6.299999999999999,2.6999999999999957,2013.594
2025-06-20 21:03:00,67.0,387.3698,161,4.0,6.3999999999999995,2.700000000000003,1975.2384
2025-06-20 21:06:00,65.0,378.5156,161,4.0,6.3999999999999995,2.700000000000003,1946.1788999999999
2025-06-20 21:09:00,62.5,372.6129,161,3.799999999999997,6.3,2.700000000000003,1868.1942
2025-06-20 21:12:00,62.5,377.5318,161,3.799999999999997,6.1,2.700000000000003,1860.7550999999999
2025-06-20 21:15:00,62.5,380.2373,162,3.799999999999997,6.1,2.6000000000000014,1853.8818999999999
2025-06-20 21:18:00,63.0,377.5318,162,3.700000000000003,6.199999999999999,2.799999999999997,1859.3863000000001
2025-06-20 21:21:00,63.0,377.5318,162,3.799999999999997,6.1,2.700000000000003,1864.5734
2025-06-20 21:24:00,62.5,379.2535,162,3.799999999999997,6.1,2.6000000000000014,1856.4388
2025-06-20 21:27:00,62.5,377.7778,162,3.700000000000003,6.1,2.6999999999999957,1857.0075000000002
2025-06-20 21:30:00,62.0,378.0237,162,3.700000000000003,6.1,2.6999999999999957,1836.6061
2025-06-20 21:33:00,61.0,380.4832,162,3.700000000000003,6.1,2.5999999999999943,1815.9234000000001
2025-06-20 21:36:00,61.0,376.794,162,3.700000000000003,6.0,2.5999999999999943,1815.4009
2025-06-20 21:39:00,61.0,380.9751,162,3.700000000000003,5.9,2.5999999999999943,1812.6918
2025-06-20 21:42:00,60.5,381.2211,162,3.6000000000000014,5.800000000000001,2.6000000000000014,1774.9942
2025-06-20 21:45:00,54.0,301.7795,162,3.5,5.9,2.3999999999999986,1578.2386000000001
2025-06-20 21:48:00,50.0,296.8605,162,3.0,6.000000000000001,2.200000000000003,1456.8688
2025-06-20 21:51:00,50.0,285.055,162,2.8999999999999986,6.000000000000001,2.200000000000003,1440.5447
2025-06-20 21:54:00,45.5,257.0168,162,2.6999999999999993,6.1000000000000005,1.9999999999999964,1269.8701
2025-06-20 21:57:00,42.5,235.3732,162,2.6000000000000014,6.000000000000001,1.8999999999999986,1195.5647
2025-06-20 22:00:00,40.5,233.6516,162,2.3000000000000007,5.799999999999999,1.9000000000000021,1146.4329
2025-06-21 09:30:00,36.5,285.3009,162,1.6000000000000014,2.0,2.1000000000000014,1140.206
2025-06-21 09:33:00,42.0,323.669,162,2.1999999999999993,4.199999999999999,2.8000000000000007,1275.391
2025-06-21 09:36:00,43.0,372.3669,163,2.799999999999997,4.8,2.8000000000000043,1302.799
2025-06-21 09:39:00,43.0,383.6806,163,2.8000000000000007,5.0,2.700000000000003,1294.301
2025-06-21 09:42:00,42.5,392.2888,163,2.8999999999999986,4.8999999999999995,2.700000000000003,1300.861
2025-06-21 09:45:00,43.0,403.3565,163,2.900000000000002,4.8999999999999995,2.6000000000000014,1310.165
2025-06-21 09:48:00,42.5,405.57,163,2.900000000000002,4.8,2.6999999999999957,1315.827
2025-06-21 09:51:00,43.5,407.5376,163,3.0,5.000000000000001,2.6999999999999993,1338.031
2025-06-21 09:54:00,49.5,564.4531,163,3.400000000000002,4.1000000000000005,2.8999999999999986,1534.283
2025-06-21 09:57:00,50.0,552.4016,163,3.3999999999999986,4.2,2.8999999999999986,1542.02
2025-06-21 10:03:00,60.0,567.1586,163,3.0,2.9000000000000004,3.099999999999998,1887.6126
2025-06-21 10:06:00,74.0,566.9126,163,4.199999999999999,4.699999999999999,3.5,2286.167
2025-06-21 10:09:00,78.5,556.0908,163,4.4999999999999964,5.199999999999999,3.700000000000003,2404.362
2025-06-21 10:12:00,83.5,549.6962,163,4.900000000000002,5.699999999999999,3.8999999999999986,2555.62
2025-06-21 10:15:00,85.5,575.2749,163,5.199999999999999,5.999999999999999,3.799999999999997,2603.9700000000003
2025-06-21 10:18:00,86.0,596.6725,163,5.300000000000001,5.8999999999999995,3.799999999999997,2624.187
2025-06-21 10:21:00,88.0,593.2292,163,5.400000000000002,5.8999999999999995,3.8999999999999986,2697.718
2025-06-21 10:24:00,88.5,580.6857,163,5.400000000000002,5.999999999999999,3.799999999999997,2700.6769999999997
2025-06-21 10:27:00,88.5,580.9317,163,5.200000000000003,6.1000000000000005,3.8999999999999986,2690.1220000000003
2025-06-21 10:30:00,88.5,585.3588,163,5.300000000000004,5.999999999999999,3.8999999999999986,2710.688
2025-06-21 10:33:00,88.5,582.1614,163,5.300000000000004,6.1,3.8999999999999986,2699.964
2025-06-21 10:36:00,88.5,575.7668,164,5.300000000000004,6.1,3.8999999999999986,2696.504
2025-06-21 10:39:00,88.0,572.8154,164,5.300000000000004,6.1,3.799999999999997,2683.379
2025-06-21 10:42:00,87.5,579.702,164,5.100000000000001,6.1,3.799999999999997,2672.04
2025-06-21 10:45:00,88.0,579.2101,164,5.100000000000001,6.199999999999999,3.799999999999997,2693.812
2025-06-21 10:48:00,87.0,578.4722,164,5.100000000000001,6.2,3.700000000000003,2643.249
2025-06-21 10:51:00,87.5,605.5266,164,5.100000000000001,5.800000000000001,3.700000000000003,2658.0249999999996
2025-06-21 10:54:00,84.0,542.8096,164,4.899999999999999,6.2,3.700000000000003,2558.767
2025-06-21 10:57:00,82.0,553.6313,164,4.800000000000004,6.1000000000000005,3.5999999999999943,2498.968
2025-06-21 11:00:00,84.0,567.1586,164,4.899999999999999,6.0,3.700000000000003,2546.318
2025-06-21 11:03:00,83.5,564.4531,164,4.899999999999999,6.0,3.700000000000003,2549.139
2025-06-21 11:06:00,83.5,554.8611,164,4.9999999999999964,6.0,3.700000000000003,2533.4849999999997
2025-06-21 11:09:00,82.5,549.6962,164,4.899999999999999,6.000000000000001,3.5,2501.5460000000003
2025-06-21 11:12:00,80.5,538.6285,164,4.800000000000004,5.8999999999999995,3.3999999999999986,2414.099
2025-06-21 11:15:00,80.0,537.6447,164,4.700000000000003,6.000000000000001,3.5,2424.55
2025-06-21 11:18:00,79.0,534.2014,164,4.700000000000003,6.000000000000001,3.5,2415.1220000000003
2025-06-21 11:21:00,78.0,514.0336,164,4.600000000000001,6.1000000000000005,3.3999999999999986,2381.202
2025-06-21 11:24:00,77.5,500.7523,164,4.600000000000001,6.1000000000000005,3.299999999999997,2310.718
2025-06-21 11:27:00,73.5,485.0116,164,4.299999999999997,6.1000000000000005,3.3000000000000043,2242.303
2025-06-21 11:30:00,74.5,487.963,164,4.299999999999997,6.2,3.3000000000000043,2263.109
2025-06-21 11:33:00,75.0,483.5359,164,4.299999999999997,6.1000000000000005,3.3000000000000043,2244.7529999999997
2025-06-21 11:36:00,73.5,484.5197,165,4.200000000000003,6.0,3.299999999999997,2209.939
2025-06-21 11:39:00,73.0,483.5359,165,4.299999999999997,6.0,3.200000000000003,2208.068
2025-06-21 11:42:00,73.0,505.4254,165,4.299999999999997,6.0,3.3000000000000043,2217.08
2025-06-21 11:45:00,74.5,515.7552,165,4.399999999999999,5.9,3.3999999999999986,2265.639
2025-06-21 11:48:00,74.5,500.7523,165,4.299999999999997,5.9,3.4000000000000057,2258.212
2025-06-21 11:51:00,73.0,490.4225,165,4.299999999999997,6.0,3.200000000000003,2220.9880000000003
2025-06-21 11:54:00,72.0,481.0764,165,4.0,5.7,3.1000000000000014,2194.786
2025-06-21 11:57:00,71.0,472.2223,165,4.0,5.7,3.0,2161.652
2025-06-21 12:00:00,72.0,462.6302,165,4.100000000000001,5.8,3.0,2152.718
2025-06-21 12:03:00,72.0,468.7789,165,4.100000000000001,5.8,3.1999999999999957,2180.768
2025-06-21 12:06:00,70.0,463.3681,165,4.100000000000001,5.800000000000001,3.0,2121.4030000000002
2025-06-21 12:09:00,69.5,470.7465,165,4.100000000000001,5.699999999999999,3.0,2088.4790000000003
2025-06-21 12:12:00,70.5,474.6817,165,4.100000000000001,5.799999999999999,3.1000000000000014,2107.023
2025-06-21 12:15:00,70.5,480.0926,165,4.200000000000003,5.699999999999999,3.0999999999999943,2133.351
2025-06-21 12:18:00,71.0,465.0897,165,4.200000000000003,5.800000000000001,3.0999999999999943,2114.92
2025-06-21 12:21:00,70.5,467.7951,165,4.100000000000001,5.9,3.0999999999999943,2116.7340000000004
2025-06-21 12:24:00,71.0,539.6123,165,4.200000000000003,5.9,3.1999999999999957,2172.513
2025-06-21 12:27:00,77.0,551.9097,165,4.600000000000001,5.6000000000000005,3.5,2324.548
2025-06-21 12:30:00,74.5,547.7286,165,4.5,5.4,3.0,2239.623
2025-06-21 12:33:00,78.0,543.7934,165,4.5,5.200000000000001,3.299999999999997,2365.529
2025-06-21 12:36:00,81.0,545.2691,166,4.799999999999997,5.500000000000001,3.5,2481.922
2025-06-21 12:39:00,81.5,555.1071,166,4.899999999999999,5.700000000000001,3.6000000000000014,2438.071
2025-06-21 12:42:00,81.5,572.8154,166,5.0,5.6,3.5,2477.899
2025-06-21 12:45:00,83.0,574.537,166,5.100000000000001,5.700000000000001,3.5,2501.301
2025-06-21 12:48:00,82.0,572.3235,166,5.100000000000001,5.6,3.5,2489.0119999999997
2025-06-21 12:51:00,82.0,566.1748,166,5.100000000000001,5.700000000000001,3.5,2495.352
2025-06-21 12:54:00,82.5,560.0261,166,5.0,5.800000000000001,3.5,2508.6679999999997
2025-06-21 12:57:00,82.5,562.9774,166,4.899999999999999,5.9,3.6000000000000014,2506.411
2025-06-21 13:00:00,82.5,562.4855,166,5.0,5.9,3.6000000000000014,2522.126
2025-06-21 13:03:00,83.0,552.6476,166,5.0,6.0,3.6000000000000014,2506.607
2025-06-21 13:06:00,82.0,560.5179,166,4.900000000000002,6.0,3.6000000000000014,2505.1310000000003
2025-06-21 13:09:00,82.5,555.8449,166,5.0000000000000036,5.9,3.5999999999999943,2506.484
2025-06-21 13:12:00,83.0,566.9126,166,5.099999999999998,6.0,3.700000000000003,2542.9700000000003
2025-06-21 13:15:00,84.5,572.8154,166,5.099999999999998,5.8999999999999995,3.700000000000003,2562.3540000000003
2025-06-21 13:18:00,83.5,558.3044,166,5.099999999999998,5.999999999999999,3.700000000000003,2545.498
2025-06-21 13:21:00,83.0,537.8906,166,5.099999999999998,6.0,3.5,2524.449
2025-06-21 13:24:00,82.5,554.8611,166,5.099999999999998,6.1,3.5,2519.4700000000003
2025-06-21 13:27:00,85.5,567.1586,166,5.099999999999998,6.1000000000000005,3.8000000000000043,2579.95
2025-06-21 13:30:00,85.5,570.3559,166,5.300000000000001,6.000000000000001,3.6000000000000014,2596.389
2025-06-21 13:33:00,85.0,575.2749,166,5.300000000000001,5.8999999999999995,3.6000000000000014,2597.995
2025-06-21 13:36:00,84.5,566.1748,167,5.300000000000001,5.8999999999999995,3.6000000000000014,2567.953
2025-06-21 13:39:00,83.0,548.4664,167,5.199999999999999,5.9,3.5,2522.055
2025-06-21 13:42:00,84.0,576.7506,167,5.199999999999999,6.0,3.6000000000000014,2546.4089999999997
2025-06-21 13:45:00,85.5,584.621,167,5.300000000000001,5.8,3.6000000000000014,2601.6459999999997
2025-06-21 13:48:00,84.5,580.6857,167,5.300000000000001,5.8999999999999995,3.6000000000000014,2567.4849999999997
2025-06-21 13:51:00,84.5,574.537,167,5.300000000000001,5.8999999999999995,3.6000000000000014,2567.587
2025-06-21 13:54:00,84.5,562.4855,167,5.300000000000001,6.0,3.6000000000000014,2553.591
2025-06-21 13:57:00,84.0,563.7153,167,5.0000000000000036,6.0,3.5999999999999943,2563.587
2025-06-21 14:00:00,84.5,567.1586,167,5.099999999999998,6.1,3.700000000000003,2573.3109999999997
2025-06-21 14:03:00,84.5,540.842,167,5.099999999999998,6.1,3.700000000000003,2574.102
2025-06-21 14:06:00,82.5,537.8906,167,5.0000000000000036,6.199999999999999,3.5999999999999943,2541.8990000000003
2025-06-21 14:09:00,82.5,529.7743,167,5.0000000000000036,6.1,3.5999999999999943,2513.91
2025-06-21 14:12:00,82.5,535.4312,167,5.0000000000000036,6.199999999999999,3.5999999999999943,2500.173
2025-06-21 14:15:00,83.0,544.5313,167,5.099999999999998,6.1,3.6000000000000014,2537.166
2025-06-21 14:18:00,83.5,543.7934,167,5.099999999999998,6.1,3.700000000000003,2547.581
2025-06-21 14:21:00,83.5,531.004,167,5.300000000000001,6.200000000000001,3.5,2549.776
2025-06-21 14:24:00,82.5,516.739,167,5.199999999999999,6.300000000000001,3.6000000000000014,2525.7219999999998
2025-06-21 14:27:00,82.5,523.6256,167,5.099999999999998,6.300000000000001,3.5,2501.2039999999997
2025-06-21 14:30:00,82.0,524.3634,167,5.099999999999998,6.199999999999999,3.6000000000000014,2518.571
2025-06-21 14:33:00,83.0,525.3472,167,5.199999999999999,6.300000000000001,3.6000000000000014,2515.785
2025-06-21 14:36:00,83.0,534.2014,168,5.199999999999999,6.300000000000001,3.6000000000000014,2535.402
2025-06-21 14:39:00,83.5,532.2338,168,5.300000000000001,6.199999999999999,3.5,2530.703
2025-06-21 14:42:00,82.0,516.739,168,5.199999999999999,6.199999999999999,3.3999999999999986,2491.4120000000003
2025-06-21 14:45:00,82.0,530.5121,168,5.199999999999999,6.1,3.5,2499.94
2025-06-21 14:48:00,82.5,557.5665,168,5.199999999999999,6.1,3.6000000000000014,2530.324
2025-06-21 14:51:00,82.5,555.5989,168,5.199999999999999,6.1,3.6000000000000014,2517.268
2025-06-21 14:54:00,83.0,545.761,168,5.199999999999999,6.0,3.5,2500.321
2025-06-21 14:57:00,82.0,546.007,168,5.0000000000000036,6.0,3.5,2496.9700000000003
2025-06-21 15:00:00,83.0,544.5313,168,5.0000000000000036,6.0,3.5,2497.568
2025-06-21 15:03:00,81.5,541.088,168,5.0000000000000036,6.0,3.5,2480.601
2025-06-21 15:06:00,82.0,533.9554,168,5.0000000000000036,6.1,3.5,2478.121
2025-06-21 15:09:00,81.5,529.7743,168,5.0000000000000036,6.1,3.5,2494.825
2025-06-21 15:12:00,82.0,552.4016,168,5.099999999999998,6.0,3.5,2520.171
2025-06-21 15:15:00,81.5,547.7286,168,5.099999999999998,6.0,3.5,2489.536
2025-06-21 15:18:00,81.5,521.658,168,5.099999999999998,6.1,3.5,2469.682
2025-06-21 15:21:00,79.0,515.7552,168,5.0000000000000036,6.199999999999999,3.3999999999999986,2432.6530000000002
2025-06-21 15:24:00,80.0,524.8553,168,4.900000000000002,6.199999999999999,3.5,2434.2309999999998
2025-06-21 15:27:00,81.5,520.1823,168,4.9999999999999964,6.300000000000001,3.5,2489.2830000000004
2025-06-21 15:30:00,81.5,518.9525,168,5.099999999999998,6.200000000000001,3.5,2478.0860000000002
2025-06-21 15:33:00,82.0,515.2633,168,4.9999999999999964,6.200000000000001,3.6000000000000014,2488.044
2025-06-21 15:36:00,81.5,516.739,169,5.099999999999998,6.300000000000001,3.5,2491.904
2025-06-21 15:39:00,81.5,532.9717,169,4.9999999999999964,6.200000000000001,3.700000000000003,2500.011
2025-06-21 15:42:00,83.5,542.0718,169,5.199999999999999,6.1,3.6000000000000014,2526.163
2025-06-21 15:45:00,82.0,541.088,169,5.199999999999999,6.1,3.5,2512.654
2025-06-21 15:48:00,80.5,520.4282,169,5.099999999999998,6.1,3.3999999999999986,2465.3149999999996
2025-06-21 15:51:00,81.0,518.7066,169,4.9999999999999964,6.199999999999999,3.5,2469.417
2025-06-21 15:54:00,80.0,510.0984,169,4.9999999999999964,6.199999999999999,3.4000000000000057,2432.827
2025-06-21 15:57:00,79.5,514.0336,169,4.900000000000002,6.199999999999999,3.5,2429.0389999999998
2025-06-21 16:00:00,79.5,525.5931,169,4.900000000000002,6.1,3.5,2449.453
2025-06-21 16:03:00,81.5,528.5446,169,4.900000000000002,6.1,3.5,2471.835
2025-06-21 16:06:00,80.5,530.0203,169,4.900000000000002,6.1,3.5,2461.581
2025-06-21 16:09:00,82.5,548.2205,169,4.900000000000002,6.0,3.5999999999999943,2500.509
2025-06-21 16:12:00,81.0,536.6609,169,4.900000000000002,6.0,3.5,2468.7780000000002
2025-06-21 16:15:00,80.0,519.4445,169,4.800000000000001,6.0,3.5,2412.5640000000003
2025-06-21 16:18:00,79.0,521.9039,169,4.800000000000001,6.1,3.5,2417.068
2025-06-21 16:21:00,81.0,520.1823,169,4.900000000000002,6.199999999999999,3.5,2451.062
2025-06-21 16:24:00,81.0,510.8362,169,4.900000000000002,6.199999999999999,3.5,2449.566
2025-06-21 16:27:00,80.5,512.066,169,4.900000000000002,6.199999999999999,3.5,2448.117
2025-06-21 16:30:00,78.5,501.7361,169,4.800000000000001,6.199999999999999,3.5,2395.692
2025-06-21 16:33:00,79.5,507.6389,169,4.800000000000001,6.199999999999999,3.5,2419.076
2025-06-21 16:36:00,80.5,516.493,170,4.900000000000002,6.199999999999999,3.5,2459.2870000000003
2025-06-21 16:39:00,80.5,510.5902,170,4.900000000000002,6.300000000000001,3.5,2449.304
2025-06-21 16:42:00,79.5,499.7685,170,4.900000000000002,6.199999999999999,3.5,2427.078
2025-06-21 16:45:00,79.5,513.0498,170,4.900000000000002,6.199999999999999,3.5,2430.002
2025-06-21 16:48:00,80.0,504.6875,170,4.900000000000002,6.199999999999999,3.3999999999999986,2424.189
2025-06-21 16:51:00,78.0,492.1441,170,4.800000000000001,6.3,3.3999999999999986,2376.9120000000003
2025-06-21 16:54:00,77.5,489.6846,170,4.699999999999999,6.199999999999999,3.3999999999999986,2335.5510000000004
2025-06-21 16:57:00,77.0,483.2899,170,4.699999999999999,6.3,3.299999999999997,2332.5519999999997
2025-06-21 17:00:00,77.0,491.8981,170,4.699999999999999,6.299999999999999,3.3999999999999986,2353.486
2025-06-21 17:03:00,78.0,506.4091,170,4.699999999999999,6.199999999999999,3.5,2390.915
2025-06-21 17:06:00,78.5,513.2957,170,4.800000000000001,6.1,3.5,2392.79
2025-06-21 17:09:00,78.0,510.8362,170,4.699999999999999,6.0,3.5,2375.176
2025-06-21 17:12:00,78.0,509.3605,170,4.699999999999999,6.0,3.5,2386.129
2025-06-21 17:15:00,78.0,513.7876,170,4.800000000000001,6.1,3.3999999999999986,2371.7380000000003
2025-06-21 17:18:00,79.0,519.4445,170,4.800000000000001,6.0,3.5,2401.794
2025-06-21 17:21:00,78.5,512.5579,170,4.800000000000001,6.0,3.5,2389.6530000000002
2025-06-21 17:24:00,79.0,513.2957,170,4.800000000000001,6.1,3.5,2396.783
2025-06-21 17:27:00,79.5,514.0336,170,4.800000000000001,6.1,3.5,2412.692
2025-06-21 17:30:00,80.0,514.5255,170,4.900000000000002,6.1,3.5,2426.3379999999997
2025-06-21 17:33:00,79.0,504.4415,170,4.800000000000001,6.1,3.3999999999999986,2385.252
2025-06-21 17:36:00,77.0,507.147,171,4.800000000000001,6.1,3.3999999999999986,2389.1499999999996
2025-06-21 17:39:00,77.5,495.3414,171,4.800000000000001,6.199999999999999,3.3999999999999986,2363.8869999999997
2025-06-21 17:42:00,75.0,444.43,171,4.900000000000002,6.3999999999999995,3.1999999999999957,2267.058
2025-06-21 17:45:00,71.5,420.327,171,4.400000000000002,6.300000000000001,2.8999999999999986,2115.7870000000003
2025-06-21 17:48:00,72.5,450.5787,171,4.4999999999999964,6.000000000000001,3.1000000000000014,2196.274
2025-06-21 17:51:00,73.0,444.184,171,4.4999999999999964,6.000000000000001,3.1000000000000014,2183.808
2025-06-21 17:54:00,73.0,441.4786,171,4.4999999999999964,6.000000000000001,3.0,2184.862
2025-06-21 17:57:00,73.0,445.6598,171,4.4999999999999964,5.8999999999999995,3.1000000000000014,2176.2169999999996
2025-06-21 18:00:00,72.0,434.592,171,4.400000000000002,6.0,3.0,2141.233
2025-06-21 18:03:00,71.0,435.5758,171,4.400000000000002,5.9,3.0,2118.4570000000003
2025-06-21 18:06:00,70.0,426.9676,171,4.300000000000001,6.0,3.0,2094.859
2025-06-21 18:09:00,69.0,433.8542,171,4.300000000000001,6.0,3.0,2059.533
2025-06-21 18:12:00,69.5,426.4757,171,4.400000000000002,6.1,3.0,2075.841
2025-06-21 18:15:00,70.0,430.9027,171,4.400000000000002,6.0,3.0999999999999943,2084.52
2025-06-21 18:18:00,71.0,430.4109,171,4.400000000000002,6.2,3.0999999999999943,2095.344
2025-06-21 18:21:00,67.0,427.9514,171,4.300000000000001,6.1,2.6999999999999957,1993.0074
2025-06-21 18:24:00,68.0,434.1001,171,4.199999999999999,5.9,2.8999999999999986,2032.214
2025-06-21 18:27:00,70.0,440.7407,171,4.199999999999999,5.7,3.0,2051.5299999999997
2025-06-21 18:30:00,68.0,439.265,171,4.199999999999999,5.6000000000000005,2.8999999999999986,2016.4915
2025-06-21 18:33:00,68.5,441.4786,171,4.199999999999999,5.6000000000000005,3.0,2043.012
2025-06-21 18:36:00,68.0,432.6244,172,4.199999999999999,5.700000000000001,3.0,2027.38
2025-06-21 18:39:00,68.5,446.6435,172,4.199999999999999,5.6000000000000005,3.0,2054.938
2025-06-21 18:42:00,70.0,452.5463,172,4.300000000000001,5.7,3.0,2077.588
2025-06-21 18:45:00,70.0,452.7923,172,4.300000000000001,5.7,3.0,2098.12
2025-06-21 18:48:00,70.5,455.4977,172,4.300000000000001,5.6000000000000005,3.0,2088.937
2025-06-21 18:51:00,70.0,448.1192,172,4.300000000000001,5.6000000000000005,3.0,2077.218
2025-06-21 18:54:00,70.5,450.3327,172,4.200000000000003,5.8,3.0,2095.718
2025-06-21 18:57:00,70.5,447.6273,172,4.300000000000001,5.8,3.1000000000000014,2105.875
2025-06-21 19:00:00,71.5,445.6598,172,4.400000000000002,5.8,3.0,2125.09
2025-06-21 19:03:00,71.0,439.0191,172,4.400000000000002,5.8999999999999995,3.0,2110.252
2025-06-21 19:06:00,71.0,438.7731,172,4.300000000000001,6.000000000000001,3.1000000000000014,2124.91
2025-06-21 19:09:00,71.5,432.1325,172,4.200000000000003,6.000000000000001,3.1999999999999957,2137.874
2025-06-21 19:12:00,72.5,435.8218,172,4.300000000000004,6.000000000000001,3.0999999999999943,2160.931
2025-06-21 19:15:00,72.5,440.0029,172,4.300000000000004,6.000000000000001,3.0999999999999943,2151.774
2025-06-21 19:18:00,72.5,435.8218,172,4.300000000000004,6.000000000000001,3.0999999999999943,2153.834
2025-06-21 19:21:00,72.5,434.1001,172,4.400000000000002,6.000000000000001,3.0999999999999943,2145.858
2025-06-21 19:24:00,72.0,426.4757,172,4.300000000000004,6.1000000000000005,3.0999999999999943,2149.251
2025-06-21 19:27:00,71.5,428.1974,172,4.300000000000004,6.2,3.0999999999999943,2130.946
2025-06-21 19:30:00,71.5,426.4757,172,4.300000000000004,6.2,3.0999999999999943,2141.535
2025-06-21 19:33:00,71.5,424.0162,172,4.300000000000004,6.2,3.0999999999999943,2141.864
2025-06-21 19:36:00,71.5,417.3756,173,4.300000000000004,6.2,3.0999999999999943,2136.813
2025-06-21 19:39:00,71.0,421.0648,173,4.300000000000004,6.2,3.0999999999999943,2124.9030000000002
2025-06-21 19:42:00,71.5,417.1296,173,4.300000000000004,6.2,3.0999999999999943,2137.557
2025-06-21 19:45:00,72.0,411.9647,173,4.300000000000004,6.2,3.0999999999999943,2136.658
2025-06-21 19:48:00,71.5,421.5567,173,4.300000000000004,6.3,3.0999999999999943,2139.3559999999998
2025-06-21 19:51:00,71.5,415.6539,173,4.300000000000004,6.3,3.0999999999999943,2144.589
2025-06-21 19:54:00,71.5,433.8542,173,4.300000000000004,6.2,3.0999999999999943,2152.1949999999997
2025-06-21 19:57:00,71.5,428.9352,173,4.400000000000002,6.1000000000000005,3.1999999999999957,2157.574
2025-06-21 20:00:00,71.0,418.6053,173,4.400000000000002,6.200000000000001,3.0,2114.5910000000003
2025-06-21 20:03:00,70.0,421.0648,173,4.400000000000002,6.1,3.0,2100.007
2025-06-21 20:06:00,69.0,416.1458,173,4.300000000000001,6.1,3.1000000000000014,2062.9089999999997
2025-06-21 20:09:00,70.0,417.3756,173,4.200000000000003,6.300000000000001,3.1999999999999957,2106.169
2025-06-21 20:12:00,70.0,433.3623,173,4.400000000000002,6.300000000000001,3.1999999999999957,2126.549
2025-06-21 20:15:00,71.0,430.9027,173,4.399999999999999,6.200000000000001,3.200000000000003,2140.259
2025-06-21 20:18:00,71.0,419.8351,173,4.4999999999999964,6.4,3.200000000000003,2124.076
2025-06-21 20:21:00,72.0,421.8027,173,4.4999999999999964,6.4,3.3000000000000043,2153.642
2025-06-21 20:24:00,72.0,425.7379,173,4.4999999999999964,6.5,3.3000000000000043,2176.773
2025-06-21 20:27:00,72.5,416.8837,173,4.599999999999998,6.5,3.200000000000003,2156.4269999999997
2025-06-21 20:30:00,72.5,417.3756,173,4.599999999999998,6.6,3.200000000000003,2158.139
2025-06-21 20:33:00,71.0,419.5891,173,4.300000000000001,6.3999999999999995,3.1000000000000014,2146.264
2025-06-21 20:36:00,72.0,417.1296,174,4.400000000000002,6.3,3.0999999999999943,2151.251
2025-06-21 20:39:00,72.0,410.9809,174,4.400000000000002,6.3999999999999995,3.0999999999999943,2156.166
2025-06-21 20:42:00,72.0,421.8027,174,4.400000000000002,6.3999999999999995,3.1999999999999957,2160.973
2025-06-21 20:45:00,73.0,419.0972,174,4.4999999999999964,6.3,3.200000000000003,2196.049
2025-06-21 20:48:00,72.0,424.2621,174,4.4999999999999964,6.3,3.200000000000003,2203.388
2025-06-21 20:51:00,72.5,413.6863,174,4.4999999999999964,6.3,3.200000000000003,2194.246
2025-06-21 20:54:00,73.0,419.0972,174,4.599999999999998,6.5,3.3000000000000043,2216.4660000000003
2025-06-21 20:57:00,72.5,414.6701,174,4.699999999999999,6.8,3.200000000000003,2167.6620000000003
2025-06-21 21:00:00,70.0,414.4242,174,4.400000000000002,6.3999999999999995,3.0999999999999943,2112.3199999999997
2025-06-21 21:03:00,70.0,405.0781,174,4.400000000000002,6.3999999999999995,3.0,2121.344
2025-06-21 21:06:00,70.0,415.6539,174,4.400000000000002,6.3999999999999995,3.0999999999999943,2131.714
2025-06-21 21:09:00,69.5,399.4213,174,4.400000000000002,6.3999999999999995,3.0,2110.825
2025-06-21 21:12:00,69.0,389.0914,174,4.300000000000001,6.4,3.0,2104.965
2025-06-21 21:15:00,68.0,385.1563,174,4.199999999999999,6.5,3.1000000000000014,2067.388
2025-06-21 21:18:00,67.5,331.7853,174,4.199999999999999,6.5,3.0,2046.6979999999999
2025-06-21 21:21:00,51.5,278.9063,174,3.3000000000000007,7.3,2.1999999999999957,1523.0959
2025-06-21 21:24:00,51.5,289.4821,174,3.1999999999999993,6.6000000000000005,2.299999999999997,1513.7932
2025-06-21 21:27:00,51.0,276.4468,174,3.1999999999999993,6.4,2.299999999999997,1502.6262000000002
2025-06-21 21:30:00,51.0,280.136,174,3.1999999999999993,6.7,2.299999999999997,1508.7694999999999
2025-06-21 21:33:00,51.0,277.9225,174,3.1999999999999993,6.6,2.299999999999997,1508.0227
2025-06-21 21:36:00,51.5,283.3333,175,3.1999999999999993,6.6,2.3999999999999986,1511.296
2025-06-21 21:39:00,51.0,274.7251,175,3.1999999999999993,6.6,2.3999999999999986,1504.2903000000001
2025-06-21 21:42:00,51.0,273.4954,175,3.099999999999998,6.5,2.3999999999999986,1479.0172
2025-06-21 21:45:00,50.0,274.2332,175,3.099999999999998,6.6,2.3999999999999986,1463.8602
2025-06-21 21:48:00,51.5,276.9387,175,3.099999999999998,6.5,2.3999999999999986,1480.7534
2025-06-21 21:51:00,51.0,283.8252,175,2.9999999999999964,6.6,2.5,1479.2691
2025-06-21 21:54:00,51.0,277.1846,175,2.9999999999999964,6.5,2.5,1474.8673
2025-06-21 21:57:00,50.0,270.544,175,2.9999999999999964,6.5,2.4000000000000057,1455.22
2025-06-21 22:00:00,49.0,269.8062,175,2.9999999999999964,6.6000000000000005,2.4000000000000057,1444.4401
2025-06-21 22:03:00,48.5,243.7355,175,2.900000000000002,6.500000000000001,2.299999999999997,1371.0340999999999
2025-06-23 07:54:00,35.0,251.8519,175,1.8000000000000007,1.8999999999999995,2.599999999999998,1103.583
2025-06-23 07:57:00,37.0,269.8062,175,2.3000000000000007,4.199999999999999,2.6999999999999957,1107.098
2025-06-23 08:03:00,31.0,286.5307,175,2.099999999999998,4.3,2.3999999999999986,929.6241
2025-06-23 08:06:00,35.0,559.2882,175,2.1999999999999993,3.6999999999999993,2.799999999999997,1143.356
2025-06-23 08:09:00,58.5,575.5208,175,2.8999999999999986,3.0999999999999996,3.0000000000000036,1636.218
2025-06-23 08:12:00,60.0,611.4294,175,2.8000000000000007,3.0,2.6000000000000014,1778.48
2025-06-23 08:15:00,57.0,585.1129,175,3.0,3.0999999999999996,3.8000000000000007,1875.6165
2025-06-23 08:18:00,66.5,572.0775,175,3.9999999999999964,4.199999999999999,3.3000000000000043,2050.23
2025-06-23 08:21:00,70.0,557.0746,176,4.100000000000001,4.6000000000000005,3.3999999999999986,2152.8959999999997
2025-06-23 08:24:00,72.5,553.3854,176,4.200000000000003,4.700000000000001,3.799999999999997,2230.547
2025-06-23 08:27:00,76.0,542.0718,176,4.4999999999999964,5.1000000000000005,3.9000000000000057,2321.74
2025-06-23 08:30:00,75.0,535.4312,176,4.700000000000003,5.5,3.799999999999997,2319.9790000000003
2025-06-23 08:33:00,75.0,541.3339,176,4.799999999999997,5.3999999999999995,3.700000000000003,2324.957
2025-06-23 08:36:00,76.0,547.7286,176,4.899999999999999,5.500000000000001,3.700000000000003,2352.777
2025-06-23 08:39:00,78.0,546.4988,176,5.0,5.6,3.6999999999999957,2418.585
2025-06-23 08:42:00,80.5,560.7639,176,5.100000000000001,5.8,3.8999999999999986,2474.614
2025-06-23 08:45:00,82.5,597.4103,176,5.199999999999999,5.5,3.8999999999999986,2544.984
2025-06-23 08:48:00,83.0,594.4589,176,5.300000000000001,5.500000000000001,3.799999999999997,2523.983
2025-06-23 08:51:00,82.5,603.0671,176,5.300000000000001,5.3999999999999995,3.799999999999997,2516.7889999999998
2025-06-23 08:54:00,83.5,599.3779,176,5.300000000000001,5.500000000000001,3.8999999999999986,2543.8720000000003
2025-06-23 08:57:00,84.5,590.0319,176,5.400000000000002,5.7,3.8999999999999986,2571.198
2025-06-23 09:00:00,86.5,602.3293,176,5.5000000000000036,5.699999999999999,4.0,2634.149
2025-06-23 09:03:00,88.0,596.1805,176,5.599999999999998,5.799999999999999,4.100000000000001,2691.611
2025-06-23 09:06:00,89.5,601.8374,176,5.599999999999998,5.799999999999999,4.100000000000001,2703.4750000000004
2025-06-23 09:09:00,89.0,586.3426,176,5.699999999999999,5.800000000000001,4.100000000000001,2762.4530000000004
2025-06-23 09:12:00,89.0,593.7211,176,5.699999999999999,6.000000000000001,4.100000000000001,2745.234
2025-06-23 09:15:00,88.0,580.9317,176,5.699999999999999,5.999999999999999,4.0,2722.87
2025-06-23 09:18:00,89.0,568.3883,176,5.699999999999999,6.1,4.0,2723.5209999999997
2025-06-23 09:21:00,89.0,567.4045,177,5.699999999999999,6.1,4.0,2726.5240000000003
2025-06-23 09:24:00,88.0,561.2558,177,5.699999999999999,6.1,3.799999999999997,2696.634
2025-06-23 09:27:00,86.5,543.7934,177,5.599999999999998,6.1,3.8000000000000043,2668.594
2025-06-23 09:30:00,84.5,531.25,177,5.400000000000002,6.3,3.799999999999997,2608.594
2025-06-23 09:33:00,83.0,498.5388,177,5.400000000000002,6.3,3.5999999999999943,2555.6859999999997
2025-06-23 09:36:00,46.0,494.6036,177,3.8000000000000007,6.299999999999999,1.0,1173.3367
2025-06-23 09:39:00,67.0,541.3339,177,4.199999999999999,4.6,3.1000000000000014,2054.719
2025-06-23 09:42:00,76.0,535.4312,177,4.599999999999998,5.1000000000000005,3.3999999999999986,2334.189
2025-06-23 09:45:00,80.0,488.2089,177,4.900000000000002,5.9,3.3999999999999986,2441.6549999999997
2025-06-23 09:48:00,83.0,509.1146,177,5.199999999999999,6.2,3.6000000000000014,2548.684
2025-06-23 09:51:00,84.5,516.739,177,5.300000000000001,6.300000000000001,3.8999999999999986,2586.33
2025-06-23 09:54:00,84.5,519.1985,177,5.400000000000002,6.200000000000001,3.5999999999999943,2551.692
2025-06-23 09:57:00,84.0,519.1985,177,5.300000000000001,6.199999999999999,3.799999999999997,2551.431
2025-06-23 10:00:00,83.0,523.1337,177,5.300000000000001,6.299999999999999,3.6999999999999957,2548.7219999999998
2025-06-23 10:03:00,83.0,516.493,177,5.400000000000002,6.299999999999999,3.5999999999999943,2530.9049999999997
2025-06-23 10:06:00,82.0,514.2795,177,5.300000000000001,6.199999999999999,3.6999999999999957,2523.8559999999998
2025-06-23 10:09:00,82.5,506.9011,177,5.300000000000001,6.3999999999999995,3.6999999999999957,2506.124
2025-06-23 10:12:00,83.5,520.6742,177,5.300000000000001,6.300000000000001,3.799999999999997,2538.574
2025-06-23 10:15:00,83.5,524.3634,177,5.400000000000002,6.200000000000001,3.799999999999997,2555.865
2025-06-23 10:18:00,83.5,516.2471,177,5.400000000000002,6.200000000000001,3.799999999999997,2558.8360000000002
2025-06-23 10:21:00,83.0,510.8362,178,5.400000000000002,6.4,3.6999999999999957,2543.1890000000003
2025-06-23 10:24:00,83.0,526.0851,178,5.400000000000002,6.5,3.5999999999999943,2533.723
2025-06-23 10:27:00,86.0,548.2205,178,5.4999999999999964,6.3,3.9000000000000057,2634.968
2025-06-23 10:30:00,87.0,546.9907,178,5.599999999999998,6.2,3.8999999999999986,2655.5739999999996
2025-06-23 10:33:00,86.5,549.4502,178,5.599999999999998,6.2,3.8999999999999986,2631.196
2025-06-23 10:36:00,86.5,554.6152,178,5.699999999999999,6.2,3.799999999999997,2634.161
2025-06-23 10:39:00,85.5,526.577,178,5.4999999999999964,6.300000000000001,3.8000000000000043,2581.594
2025-06-23 10:42:00,82.5,476.1574,178,5.400000000000002,6.5,3.5999999999999943,2487.32
2025-06-23 10:45:00,57.5,476.1574,178,3.8000000000000007,4.200000000000001,2.799999999999997,1898.4078
2025-06-23 10:48:00,69.0,465.0897,178,4.300000000000001,5.300000000000001,3.1000000000000014,2067.7839999999997
2025-06-23 10:51:00,71.5,444.43,178,4.4999999999999964,5.6000000000000005,3.1000000000000014,2151.026
2025-06-23 10:54:00,72.0,443.9381,178,4.4999999999999964,6.0,3.200000000000003,2195.652
2025-06-23 10:57:00,74.0,448.1192,178,4.599999999999998,6.0,3.3000000000000043,2243.667
2025-06-23 11:00:00,75.0,450.5787,178,4.699999999999999,6.1,3.299999999999997,2256.9939999999997
2025-06-23 11:03:00,75.0,451.8085,178,4.699999999999999,6.1000000000000005,3.299999999999997,2256.561
2025-06-23 11:06:00,76.0,451.0706,178,4.800000000000001,6.200000000000001,3.3999999999999986,2289.709
2025-06-23 11:09:00,74.0,449.3489,178,4.800000000000001,6.199999999999999,3.3999999999999986,2244.701
2025-06-23 11:12:00,75.0,431.8866,178,4.800000000000001,6.4,3.3999999999999986,2261.11
2025-06-23 11:15:00,74.5,433.3623,178,4.800000000000001,6.500000000000001,3.3999999999999986,2238.243
2025-06-23 11:18:00,75.0,446.3976,178,4.900000000000002,6.4,3.3999999999999986,2260.174
2025-06-23 11:21:00,75.5,457.2193,179,4.9999999999999964,6.4,3.4000000000000057,2287.7889999999998
2025-06-23 11:24:00,76.0,460.9086,179,4.9999999999999964,6.300000000000001,3.4000000000000057,2298.727
2025-06-23 11:27:00,76.0,466.5654,179,4.9999999999999964,6.300000000000001,3.3000000000000043,2275.047
2025-06-23 11:30:00,75.0,473.452,179,4.9999999999999964,6.300000000000001,3.4000000000000057,2284.464
2025-06-23 11:33:00,77.0,492.39,179,5.099999999999998,6.1000000000000005,3.3999999999999986,2339.6059999999998
2025-06-23 11:36:00,77.5,493.3738,179,5.099999999999998,6.1000000000000005,3.5,2355.542
2025-06-23 11:39:00,77.0,494.3576,179,5.199999999999999,6.1000000000000005,3.5,2342.074
2025-06-23 11:42:00,76.5,486.9792,179,4.9999999999999964,6.000000000000001,3.5,2354.8959999999997
2025-06-23 11:45:00,77.0,461.4005,179,4.9999999999999964,6.1000000000000005,3.5,2336.116
2025-06-23 11:48:00,73.0,431.8866,179,4.900000000000002,6.6,3.1999999999999957,2222.891
2025-06-23 11:51:00,73.0,433.3623,179,4.900000000000002,6.5,3.299999999999997,2232.6490000000003
2025-06-23 11:54:00,74.0,439.0191,179,4.900000000000002,6.5,3.299999999999997,2220.379
2025-06-23 11:57:00,72.0,426.7216,179,4.800000000000001,6.500000000000001,3.1000000000000014,2164.65
2025-06-23 12:00:00,71.5,421.8027,179,4.4999999999999964,6.1000000000000005,3.1000000000000014,2152.285
2025-06-23 12:03:00,70.5,408.7674,179,4.4999999999999964,6.2,3.1000000000000014,2147.107
2025-06-23 12:06:00,72.0,399.6672,179,4.599999999999998,6.3999999999999995,3.200000000000003,2184.892
2025-06-23 12:09:00,71.5,403.8484,179,4.599999999999998,6.5,3.200000000000003,2175.193
2025-06-23 12:12:00,71.5,409.2593,179,4.599999999999998,6.5,3.1000000000000014,2176.417
2025-06-23 12:15:00,72.0,414.4242,179,4.599999999999998,6.4,3.200000000000003,2173.227
2025-06-23 12:18:00,72.5,414.4242,179,4.699999999999999,6.200000000000001,3.1000000000000014,2201.6
2025-06-23 12:21:00,72.5,424.0162,180,4.699999999999999,6.500000000000001,3.200000000000003,2213.503
2025-06-23 12:24:00,74.0,428.1974,180,4.800000000000001,6.6,3.299999999999997,2247.452
2025-06-23 12:27:00,74.0,441.4786,180,4.800000000000001,6.5,3.3999999999999986,2259.626
2025-06-23 12:30:00,75.0,446.3976,180,4.900000000000002,6.4,3.3999999999999986,2302.447
2025-06-23 12:33:00,75.0,446.3976,180,4.900000000000002,6.300000000000001,3.3999999999999986,2273.413
2025-06-23 12:36:00,74.5,441.2326,180,4.9999999999999964,6.3999999999999995,3.3000000000000043,2271.316
2025-06-23 12:39:00,74.5,445.6598,180,4.900000000000002,6.4,3.3999999999999986,2244.8140000000003
2025-06-23 12:42:00,74.0,445.1678,180,4.9999999999999964,6.300000000000001,3.3000000000000043,2240.8379999999997
2025-06-23 12:45:00,74.5,440.7407,180,4.9999999999999964,6.4,3.3000000000000043,2253.934
2025-06-23 12:48:00,73.5,427.2136,180,4.900000000000002,6.4,3.299999999999997,2195.9629999999997
2025-06-23 12:51:00,68.0,421.8027,180,4.599999999999998,6.200000000000001,2.8000000000000043,2051.4269999999997
2025-06-23 12:54:00,69.0,425.246,180,4.4999999999999964,5.8999999999999995,3.1000000000000014,2100.904
2025-06-23 12:57:00,70.0,423.0324,180,4.4999999999999964,5.9,3.1000000000000014,2115.583
2025-06-23 13:00:00,71.5,423.2784,180,4.699999999999999,6.1000000000000005,3.1000000000000014,2160.7290000000003
2025-06-23 13:03:00,71.0,421.0648,180,4.699999999999999,6.1000000000000005,3.1000000000000014,2151.885
2025-06-23 13:06:00,72.0,429.1812,180,4.800000000000001,6.000000000000001,3.1000000000000014,2175.761
2025-06-23 13:09:00,72.0,428.4433,180,4.900000000000002,6.1000000000000005,3.0999999999999943,2174.2169999999996
2025-06-23 13:12:00,72.0,427.7054,180,4.900000000000002,6.1000000000000005,3.1999999999999957,2172.3779999999997
2025-06-23 13:15:00,71.5,419.3432,180,4.900000000000002,6.2,3.0999999999999943,2169.244
2025-06-23 13:18:00,72.5,425.4919,180,4.9999999999999964,6.3,3.1000000000000014,2176.551
2025-06-23 13:21:00,74.0,433.1163,181,4.9999999999999964,6.2,3.200000000000003,2207.507
2025-06-23 13:24:00,74.0,442.7083,181,5.099999999999998,6.2,3.200000000000003,2212.302
2025-06-23 13:27:00,76.5,441.4786,181,5.200000000000003,6.2,3.299999999999997,2319.987
2025-06-23 13:30:00,77.0,451.8085,181,5.100000000000001,6.4,3.3999999999999986,2311.5789999999997
2025-06-23 13:33:00,76.5,446.8895,181,5.100000000000001,6.4,3.5,2286.366
2025-06-23 13:36:00,76.5,448.8571,181,5.300000000000001,6.5,3.5,2308.7560000000003
2025-06-23 13:39:00,76.5,436.8056,181,5.300000000000004,6.5,3.3999999999999986,2285.436
2025-06-23 13:42:00,77.0,443.2002,181,5.399999999999999,6.5,3.4000000000000057,2291.883
2025-06-23 13:45:00,76.0,445.4138,181,5.399999999999999,6.5,3.4000000000000057,2294.09
2025-06-23 13:48:00,77.0,452.3004,181,5.5,6.4,2.0,2158.2979
2025-06-23 13:51:00,66.0,447.3813,181,4.399999999999999,4.500000000000001,3.0,1961.915
2025-06-23 13:54:00,68.0,454.7599,181,4.200000000000003,5.300000000000001,3.1000000000000014,2041.4209999999998
2025-06-23 13:57:00,72.0,458.695,181,4.299999999999997,5.6000000000000005,3.200000000000003,2161.169
2025-06-23 14:00:00,75.5,461.1545,181,4.5,5.800000000000001,3.3999999999999986,2263.582
2025-06-23 14:03:00,77.0,454.7599,181,4.600000000000001,5.9,3.3999999999999986,2274.925
2025-06-23 14:06:00,76.0,453.5301,181,4.600000000000001,6.000000000000001,3.3999999999999986,2254.8869999999997
2025-06-23 14:09:00,75.5,455.4977,181,4.700000000000003,6.1000000000000005,3.299999999999997,2264.635
2025-06-23 14:12:00,77.5,458.4491,181,4.799999999999997,6.1000000000000005,3.5,2314.1639999999998
2025-06-23 14:15:00,76.5,461.1545,181,4.799999999999997,6.3,3.5,2325.969
2025-06-23 14:18:00,76.5,464.1059,181,4.799999999999997,6.3,3.3999999999999986,2309.57
2025-06-23 14:21:00,77.5,467.3032,182,4.899999999999999,6.3,3.5,2320.822
2025-06-23 14:24:00,76.0,456.4815,182,5.0,6.300000000000001,3.299999999999997,2291.8810000000003
2025-06-23 14:27:00,75.5,446.8895,182,4.799999999999997,6.4,3.3999999999999986,2259.993
2025-06-23 14:30:00,74.5,439.265,182,4.700000000000003,6.5,3.299999999999997,2231.7129999999997
2025-06-23 14:33:00,73.0,429.673,182,4.600000000000001,6.5,3.299999999999997,2166.777
2025-06-23 14:36:00,72.5,428.9352,182,4.299999999999997,6.2,3.200000000000003,2169.9359999999997
2025-06-23 14:39:00,73.0,432.8704,182,4.399999999999999,6.1,3.200000000000003,2182.2960000000003
2025-06-23 14:42:00,72.5,430.9027,182,4.399999999999999,6.2,3.200000000000003,2176.189
2025-06-23 14:45:00,75.0,448.1192,182,4.5,6.1,3.3999999999999986,2255.137
2025-06-23 14:48:00,78.0,446.3976,182,4.699999999999996,6.300000000000001,3.5,2337.647
2025-06-23 14:51:00,77.0,445.6598,182,4.899999999999999,6.4,3.3999999999999986,2325.531
2025-06-23 14:54:00,76.5,427.7054,182,4.899999999999999,6.500000000000001,3.299999999999997,2296.807
2025-06-23 14:57:00,74.5,421.0648,182,4.799999999999997,6.500000000000001,3.3999999999999986,2259.341
2025-06-23 15:00:00,73.5,420.5729,182,4.599999999999998,6.7,3.4000000000000057,2232.027
2025-06-23 15:03:00,74.5,424.0162,182,4.699999999999999,6.7,3.3000000000000043,2212.203
2025-06-23 15:06:00,74.5,424.0162,182,4.599999999999998,6.6000000000000005,3.4000000000000057,2217.19
2025-06-23 15:09:00,71.5,433.8542,182,4.5000000000000036,6.300000000000001,3.0999999999999943,2159.0299999999997
2025-06-23 15:12:00,73.5,433.3623,182,4.5000000000000036,6.000000000000001,3.299999999999997,2189.844
2025-06-23 15:15:00,73.5,433.8542,182,4.5000000000000036,6.2,3.299999999999997,2205.799
2025-06-23 15:18:00,73.5,432.1325,182,4.5000000000000036,6.2,3.299999999999997,2212.2
2025-06-23 15:21:00,74.0,427.7054,183,4.599999999999998,6.300000000000001,3.5,2260.2039999999997
2025-06-23 15:24:00,74.0,429.4271,183,4.699999999999999,6.6000000000000005,3.299999999999997,2216.11
2025-06-23 15:27:00,73.5,433.3623,183,4.599999999999998,6.4,3.3999999999999986,2205.739
2025-06-23 15:30:00,72.5,435.8218,183,4.699999999999999,6.4,3.0,2143.19
2025-06-23 15:33:00,73.0,440.7407,183,4.400000000000002,6.0,3.299999999999997,2197.916
2025-06-23 15:36:00,74.0,449.103,183,4.4999999999999964,6.000000000000001,3.3000000000000043,2221.0739999999996
2025-06-23 15:39:00,77.0,446.6435,183,4.699999999999999,6.1000000000000005,3.5,2319.77
2025-06-23 15:42:00,76.0,447.8733,183,4.900000000000002,6.300000000000001,3.3999999999999986,2277.398
2025-06-23 15:45:00,76.0,434.3461,183,4.800000000000001,6.4,3.5,2275.6189999999997
2025-06-23 15:48:00,74.5,426.9676,183,4.699999999999999,6.500000000000001,3.5,2216.919
2025-06-23 15:51:00,72.0,427.7054,183,4.4999999999999964,6.2,3.200000000000003,2172.204
2025-06-23 15:54:00,73.5,425.7379,183,4.4999999999999964,6.3,3.3000000000000043,2190.729
2025-06-23 15:57:00,74.5,421.5567,183,4.4999999999999964,6.3,3.3000000000000043,2212.055
2025-06-23 16:00:00,74.0,423.2784,183,4.4999999999999964,6.3,3.3000000000000043,2221.23
2025-06-23 16:03:00,74.0,427.2136,183,4.599999999999998,6.3,3.3000000000000043,2228.773
2025-06-23 16:06:00,74.5,433.1163,183,4.599999999999998,6.3,3.3000000000000043,2236.835
2025-06-23 16:09:00,74.0,417.1296,183,4.4999999999999964,6.3,3.4000000000000057,2227.527
2025-06-23 16:12:00,73.5,407.2917,183,4.400000000000002,6.3999999999999995,3.299999999999997,2194.368
2025-06-23 16:15:00,72.5,407.2917,183,4.300000000000001,6.5,3.3999999999999986,2144.635
2025-06-23 16:18:00,71.5,416.1458,183,4.400000000000002,6.5,3.299999999999997,2146.0119999999997
2025-06-23 16:21:00,72.5,418.6053,184,4.300000000000004,6.5,3.3999999999999986,2171.893
2025-06-23 16:24:00,72.0,420.327,184,4.300000000000004,6.5,3.3999999999999986,2169.265
2025-06-23 16:27:00,73.0,424.7541,184,4.300000000000004,6.3999999999999995,3.3999999999999986,2172.183
2025-06-23 16:30:00,72.5,425.7379,184,4.399999999999999,6.4,3.4000000000000057,2165.4610000000002
2025-06-23 16:33:00,73.5,434.3461,184,4.399999999999999,6.3,3.5,2188.0559999999996
2025-06-23 16:36:00,73.5,427.9514,184,4.5,6.4,3.3999999999999986,2198.121
2025-06-23 16:39:00,73.5,430.4109,184,4.399999999999999,6.4,3.4000000000000057,2196.3109999999997
2025-06-23 16:42:00,72.5,433.1163,184,4.200000000000003,6.3,3.1999999999999957,2162.174
2025-06-23 16:45:00,73.5,431.6406,184,4.300000000000004,6.2,3.299999999999997,2198.797
2025-06-23 16:48:00,74.0,436.3137,184,4.300000000000004,6.2,3.3999999999999986,2213.758
2025-06-23 16:51:00,73.5,439.511,184,4.300000000000004,6.1000000000000005,3.3999999999999986,2206.783
2025-06-23 16:54:00,74.0,442.4624,184,4.200000000000003,6.1000000000000005,3.3999999999999986,2217.3900000000003
2025-06-23 16:57:00,75.5,443.6921,184,4.299999999999997,6.1000000000000005,3.4000000000000057,2262.0339999999997
2025-06-23 17:00:00,75.5,440.0029,184,4.399999999999999,6.2,3.3999999999999986,2241.8289999999997
2025-06-23 17:03:00,74.5,434.1001,184,4.5,6.2,3.3999999999999986,2261.1549999999997
2025-06-23 17:06:00,74.5,432.6244,184,4.600000000000001,6.5,3.299999999999997,2246.901
2025-06-23 17:09:00,76.0,457.2193,184,4.399999999999999,6.5,3.5,2288.96
2025-06-23 17:12:00,83.0,477.3871,184,4.899999999999999,6.3,3.8000000000000043,2498.3720000000003
2025-06-23 17:15:00,49.0,478.371,184,3.5,4.9,0.7000000000000028,1252.4911
2025-06-23 17:18:00,69.5,458.695,184,4.0,4.8999999999999995,3.299999999999997,2077.752
2025-06-23 17:21:00,73.0,440.0029,185,4.200000000000003,5.7,3.299999999999997,2183.135
2025-06-23 17:24:00,74.0,443.6921,185,4.299999999999997,5.9,3.4000000000000057,2228.26
2025-06-23 17:27:00,74.5,446.1516,185,4.299999999999997,6.1,3.4000000000000057,2252.1670000000004
2025-06-23 17:30:00,76.0,446.1516,185,4.5,6.1,3.299999999999997,2277.504
2025-06-23 17:33:00,76.0,443.9381,185,4.5,6.1,3.299999999999997,2295.525
2025-06-23 17:36:00,76.0,444.184,185,4.5,6.2,3.3999999999999986,2312.018
2025-06-23 17:39:00,80.5,447.8733,185,4.700000000000003,6.4,3.5999999999999943,2408.748
2025-06-23 17:42:00,78.5,445.6598,185,4.700000000000003,6.6,3.5999999999999943,2373.559
2025-06-23 17:45:00,78.5,441.2326,185,4.700000000000003,6.6000000000000005,3.5999999999999943,2382.639
2025-06-23 17:48:00,77.5,430.9027,185,4.700000000000003,6.8,3.5,2308.0370000000003
2025-06-23 17:51:00,74.5,422.7865,185,4.600000000000001,6.7,3.5,2259.332
2025-06-23 17:54:00,71.0,421.5567,185,4.299999999999997,6.4,3.3000000000000043,2153.44
2025-06-23 17:57:00,72.5,416.8837,185,4.299999999999997,6.2,3.3000000000000043,2188.349
2025-06-23 18:00:00,73.0,414.4242,185,4.299999999999997,6.300000000000001,3.3000000000000043,2179.3689999999997
2025-06-23 18:03:00,68.5,352.1991,185,4.100000000000001,6.8,3.0,2036.455
2025-06-23 18:06:00,63.5,344.3287,185,4.0,6.6000000000000005,2.700000000000003,1897.7196
2025-06-23 18:09:00,63.5,339.9016,185,3.700000000000003,6.6000000000000005,3.0,1888.0857999999998
2025-06-23 18:12:00,62.5,343.5909,185,3.700000000000003,6.5,2.8999999999999986,1852.7691
2025-06-23 18:15:00,62.0,342.3611,185,3.700000000000003,6.4,2.8999999999999986,1861.7854
2025-06-23 18:18:00,57.0,301.5336,185,3.6000000000000014,6.6000000000000005,2.5,1717.1456
2025-06-23 18:21:00,55.5,297.8443,186,3.299999999999997,6.6000000000000005,2.700000000000003,1633.6518999999998
2025-06-23 18:24:00,55.5,295.6308,186,3.299999999999997,6.6000000000000005,2.6000000000000014,1625.3572
2025-06-23 18:27:00,54.0,291.4496,186,3.200000000000003,6.6000000000000005,2.5999999999999943,1585.2178
2025-06-23 18:30:00,54.0,284.3171,186,3.1000000000000014,6.4,2.6000000000000014,1568.0047
2025-06-23 18:33:00,52.5,285.5469,186,3.1000000000000014,6.500000000000001,2.6000000000000014,1539.3726000000001
2025-06-23 18:36:00,52.5,283.0874,186,3.1000000000000014,6.500000000000001,2.5,1525.107
2025-06-23 18:39:00,52.0,281.3657,186,3.0,6.4,2.6000000000000014,1521.7866
2025-06-23 18:42:00,51.5,285.3009,186,3.1000000000000014,6.300000000000001,2.5,1508.8296
2025-06-23 18:45:00,51.5,285.3009,186,3.0,6.300000000000001,2.6000000000000014,1517.5659
2025-06-23 18:48:00,51.0,267.3466,186,3.0,6.500000000000001,2.5,1463.6059
2025-06-23 18:51:00,49.0,266.1169,186,2.799999999999997,6.4,2.4000000000000057,1418.0314
2025-06-23 18:54:00,48.5,264.8871,186,2.799999999999997,6.300000000000001,2.4000000000000057,1412.24
2025-06-23 18:57:00,49.5,269.3142,186,2.799999999999997,6.300000000000001,2.5,1431.8683
2025-06-23 19:00:00,49.0,262.1817,186,2.799999999999997,6.199999999999999,2.5,1418.8618999999999
2025-06-23 19:03:00,49.0,262.9196,186,2.799999999999997,6.300000000000001,2.5,1411.5848999999998
2025-06-23 19:06:00,49.0,254.5573,186,2.700000000000003,6.4,2.5,1409.1347
2025-06-23 19:09:00,48.0,252.0978,186,2.700000000000003,6.300000000000001,2.3999999999999986,1382.9324000000001
2025-06-23 19:12:00,47.5,248.4086,186,2.700000000000003,6.4,2.3999999999999986,1357.4934
2025-06-24 07:54:00,37.0,296.3687,186,1.5999999999999979,2.1999999999999993,2.3999999999999986,1155.511
2025-06-24 07:57:00,37.5,255.787,187,2.200000000000003,3.8999999999999995,2.6000000000000014,1169.845
2025-06-24 08:03:00,34.0,319.4879,187,2.1000000000000014,4.1,2.5,1029.397
2025-06-24 08:06:00,36.0,334.4907,187,2.200000000000003,4.200000000000001,2.5,1098.848
2025-06-24 08:09:00,38.5,338.18,187,2.400000000000002,4.4,2.6999999999999993,1190.439
2025-06-24 08:12:00,40.0,440.7407,187,2.6000000000000014,4.8,2.8999999999999986,1233.24
2025-06-24 08:15:00,39.5,465.8275,187,3.0,4.3,2.0,1152.643
2025-06-24 08:21:00,60.0,477.3871,187,3.099999999999998,3.8999999999999995,3.4000000000000057,1795.6127999999999
2025-06-24 08:24:00,58.0,433.8542,187,3.3000000000000007,4.799999999999999,3.0,1713.1025
2025-06-24 08:27:00,58.5,434.592,187,3.3000000000000007,4.8999999999999995,3.1000000000000014,1745.969
2025-06-24 08:30:00,58.0,438.0353,187,3.400000000000002,5.000000000000001,3.0,1733.8816000000002
2025-06-24 08:33:00,61.5,465.0897,187,3.5000000000000036,4.9,3.1999999999999957,1849.3733
2025-06-24 08:36:00,65.0,472.7141,187,3.599999999999998,5.000000000000001,3.3000000000000043,1938.237
2025-06-24 08:39:00,65.5,480.0926,187,3.8000000000000007,5.1000000000000005,3.299999999999997,1981.2817
2025-06-24 08:42:00,67.5,483.5359,187,3.900000000000002,5.1,3.3999999999999986,2036.9389999999999
2025-06-24 08:45:00,70.5,484.5197,187,4.0000000000000036,5.199999999999999,3.5,2124.405
2025-06-24 08:48:00,71.5,494.1117,187,4.099999999999998,5.3999999999999995,3.5,2132.6809999999996
2025-06-24 08:51:00,72.5,491.6522,187,4.099999999999998,5.3,3.6000000000000014,2167.151
2025-06-24 08:54:00,71.5,497.0631,187,4.300000000000001,5.3999999999999995,3.3999999999999986,2171.792
2025-06-24 08:57:00,73.5,484.7656,188,4.300000000000001,5.6,3.6000000000000014,2217.187
2025-06-24 09:00:00,73.5,470.9925,188,4.300000000000001,5.8,3.6000000000000014,2227.4759999999997
2025-06-24 09:03:00,73.5,481.0764,188,4.400000000000002,5.699999999999999,3.6000000000000014,2239.2129999999997
2025-06-24 09:06:00,75.0,442.4624,188,4.5000000000000036,5.6,3.5999999999999943,2285.767
2025-06-24 09:09:00,75.0,444.43,188,4.5000000000000036,6.199999999999999,3.5999999999999943,2281.4139999999998
2025-06-24 09:12:00,76.0,458.941,188,4.5000000000000036,6.199999999999999,3.799999999999997,2303.2470000000003
2025-06-24 09:15:00,75.0,433.3623,188,4.5000000000000036,6.300000000000001,3.799999999999997,2303.407
2025-06-24 09:18:00,75.0,453.0382,188,4.5000000000000036,6.4,3.799999999999997,2289.459
2025-06-24 09:21:00,76.0,444.184,188,4.5000000000000036,6.4,3.8999999999999986,2307.587
2025-06-24 09:24:00,73.5,425.4919,188,4.599999999999998,6.500000000000001,3.5,2234.879
2025-06-24 09:27:00,71.5,403.6024,188,4.400000000000002,6.7,3.5,2159.181
2025-06-24 09:30:00,69.5,398.4375,188,4.099999999999998,6.4,3.3000000000000043,2084.181
2025-06-24 09:33:00,70.0,400.1591,188,4.199999999999999,6.300000000000001,3.3000000000000043,2109.9300000000003
2025-06-24 09:36:00,71.0,406.3079,188,4.300000000000001,6.200000000000001,3.200000000000003,2127.2870000000003
2025-06-24 09:39:00,70.0,403.1105,188,4.199999999999999,6.200000000000001,3.3000000000000043,2103.451
2025-06-24 09:42:00,69.0,398.9294,188,4.099999999999998,6.300000000000001,3.3000000000000043,2075.04
2025-06-24 09:45:00,68.0,392.5347,188,4.199999999999996,6.199999999999999,3.3000000000000043,2052.587
2025-06-24 09:48:00,66.5,396.224,188,4.100000000000001,6.4,3.299999999999997,2041.7420000000002
2025-06-24 09:51:00,67.5,391.059,188,4.100000000000001,6.300000000000001,3.299999999999997,2042.124
2025-06-24 09:54:00,68.5,407.0457,188,4.100000000000001,6.1,3.299999999999997,2060.483
2025-06-24 09:57:00,67.5,449.3489,189,4.100000000000001,6.1,3.3999999999999986,2078.044
2025-06-24 10:00:00,69.5,453.0382,189,4.199999999999996,5.8,3.4000000000000057,2105.243
2025-06-24 10:03:00,69.5,429.4271,189,4.100000000000001,5.8,3.3999999999999986,2096.402
2025-06-24 10:06:00,69.5,436.3137,189,4.199999999999996,5.9,3.3000000000000043,2083.8230000000003
2025-06-24 10:09:00,69.5,439.0191,189,4.100000000000001,6.0,3.3999999999999986,2099.226
2025-06-24 10:12:00,69.5,431.3947,189,4.199999999999996,5.8999999999999995,3.3000000000000043,2122.2430000000004
2025-06-24 10:15:00,68.5,417.3756,189,4.100000000000001,6.0,3.299999999999997,2069.4939999999997
2025-06-24 10:18:00,67.5,413.4404,189,4.0,6.1,3.299999999999997,2046.535
2025-06-24 10:21:00,68.0,408.5214,189,4.100000000000001,6.199999999999999,3.299999999999997,2060.608
2025-06-24 10:24:00,68.0,405.57,189,4.100000000000001,6.1,3.299999999999997,2067.0190000000002
2025-06-24 10:27:00,68.5,405.816,189,4.100000000000001,6.200000000000001,3.3999999999999986,2076.3779999999997
2025-06-24 10:30:00,69.0,412.2106,189,4.100000000000001,6.200000000000001,3.3999999999999986,2088.572
2025-06-24 10:33:00,70.0,414.6701,189,4.199999999999996,6.200000000000001,3.3000000000000043,2091.001
2025-06-24 10:36:00,68.5,407.0457,189,4.100000000000001,6.300000000000001,3.3999999999999986,2089.8909999999996
2025-06-24 10:39:00,68.5,399.6672,189,4.199999999999996,6.199999999999999,3.3000000000000043,2060.512
2025-06-24 10:42:00,68.0,402.3727,189,4.100000000000001,6.199999999999999,3.299999999999997,2051.275
2025-06-24 10:45:00,67.5,405.0781,189,4.100000000000001,6.1,3.299999999999997,2039.73
2025-06-24 10:48:00,69.0,420.327,189,4.100000000000001,6.1,3.3999999999999986,2073.582
2025-06-24 10:51:00,69.0,425.7379,189,4.199999999999996,5.999999999999999,3.4000000000000057,2094.399
2025-06-24 10:54:00,69.0,421.8027,189,4.199999999999996,6.1000000000000005,3.4000000000000057,2089.468
2025-06-24 10:57:00,69.0,418.6053,190,4.199999999999996,6.1000000000000005,3.4000000000000057,2088.701
2025-06-24 11:00:00,68.5,412.9485,190,4.199999999999996,5.999999999999999,3.3000000000000043,2073.529
2025-06-24 11:03:00,67.5,408.7674,190,4.100000000000001,6.1,3.299999999999997,2041.814
2025-06-24 11:06:00,68.0,412.2106,190,4.100000000000001,6.1,3.299999999999997,2053.25
2025-06-24 11:09:00,68.0,406.0619,190,4.100000000000001,6.199999999999999,3.3999999999999986,2056.0950000000003
2025-06-24 11:12:00,68.5,400.651,190,4.199999999999996,6.200000000000001,3.3000000000000043,2076.75
2025-06-24 11:15:00,68.0,393.7645,190,4.199999999999996,6.200000000000001,3.3000000000000043,2050.226
2025-06-24 11:18:00,67.5,399.6672,190,4.199999999999996,6.300000000000001,3.3000000000000043,2047.651
2025-06-24 11:21:00,68.0,404.3403,190,4.199999999999996,6.300000000000001,3.3000000000000043,2050.633
2025-06-24 11:24:00,67.5,403.3565,190,4.099999999999998,6.200000000000001,3.4000000000000057,2053.703
2025-06-24 11:27:00,68.0,403.3565,190,4.099999999999998,6.1,3.4000000000000057,2046.526
2025-06-24 11:30:00,68.0,409.5052,190,4.099999999999998,6.1,3.4000000000000057,2061.3779999999997
2025-06-24 11:33:00,67.5,410.735,190,4.099999999999998,6.1,3.3000000000000043,2054.362
2025-06-24 11:36:00,68.0,416.8837,190,4.099999999999998,6.1,3.4000000000000057,2062.275
2025-06-24 11:39:00,68.5,420.327,190,4.300000000000001,6.1,3.299999999999997,2079.889
2025-06-24 11:42:00,68.5,416.6377,190,4.300000000000001,5.999999999999999,3.299999999999997,2077.9359999999997
2025-06-24 11:45:00,69.5,417.1296,190,4.300000000000001,6.1,3.299999999999997,2078.21
2025-06-24 11:48:00,69.0,420.327,190,4.300000000000001,6.1,3.299999999999997,2087.049
2025-06-24 11:51:00,69.0,417.8675,190,4.300000000000001,6.1000000000000005,3.299999999999997,2090.25
2025-06-24 11:54:00,69.5,415.8999,190,4.400000000000002,6.1000000000000005,3.299999999999997,2111.513
2025-06-24 11:57:00,69.0,419.0972,191,4.400000000000002,6.1000000000000005,3.299999999999997,2118.502
2025-06-24 12:00:00,70.0,421.5567,191,4.400000000000002,6.1000000000000005,3.3999999999999986,2117.054
2025-06-24 12:03:00,69.5,415.8999,191,4.300000000000001,6.1,3.3999999999999986,2096.831
2025-06-24 12:06:00,70.0,405.57,191,4.400000000000002,6.3,3.299999999999997,2107.315
2025-06-24 12:09:00,69.5,400.1591,191,4.400000000000002,6.3999999999999995,3.299999999999997,2110.1409999999996
2025-06-24 12:12:00,70.0,405.57,191,4.400000000000002,6.4,3.299999999999997,2111.308
2025-06-24 12:15:00,69.0,399.4213,191,4.300000000000001,6.300000000000001,3.299999999999997,2070.84
2025-06-24 12:18:00,68.5,400.651,191,4.300000000000001,6.200000000000001,3.299999999999997,2069.998
2025-06-24 12:21:00,69.0,402.1267,191,4.300000000000001,6.200000000000001,3.299999999999997,2070.776
2025-06-24 12:24:00,69.0,404.8322,191,4.300000000000001,6.200000000000001,3.299999999999997,2074.8239999999996
2025-06-24 12:27:00,69.0,402.3727,191,4.400000000000002,6.200000000000001,3.299999999999997,2077.225
2025-06-24 12:30:00,68.0,392.0428,191,4.300000000000001,6.200000000000001,3.3999999999999986,2069.756
2025-06-24 12:33:00,67.5,392.5347,191,4.300000000000001,6.300000000000001,3.299999999999997,2039.089
2025-06-24 12:36:00,67.5,398.9294,191,4.300000000000001,6.200000000000001,3.299999999999997,2030.764
2025-06-24 12:39:00,68.0,392.5347,191,4.300000000000001,6.200000000000001,3.299999999999997,2040.891
2025-06-24 12:42:00,67.5,398.1916,191,4.199999999999999,6.200000000000001,3.299999999999997,2044.3220000000001
2025-06-24 12:45:00,67.5,408.0295,191,4.300000000000001,6.200000000000001,3.299999999999997,2040.65
2025-06-24 12:48:00,68.0,404.8322,191,4.400000000000002,6.1,3.299999999999997,2067.075
2025-06-24 12:51:00,68.5,408.0295,191,4.300000000000001,6.200000000000001,3.299999999999997,2075.808
2025-06-24 12:54:00,68.5,411.9647,191,4.300000000000001,6.1,3.299999999999997,2064.267
2025-06-24 12:57:00,68.5,407.5376,192,4.300000000000001,6.200000000000001,3.299999999999997,2065.26
2025-06-24 13:00:00,68.5,403.1105,192,4.300000000000001,6.200000000000001,3.299999999999997,2081.136
2025-06-24 13:03:00,69.5,408.0295,192,4.300000000000001,6.200000000000001,3.3999999999999986,2068.6440000000002
2025-06-24 13:06:00,69.0,411.7188,192,4.300000000000001,6.200000000000001,3.3999999999999986,2072.996
2025-06-24 13:09:00,69.5,405.816,192,4.300000000000001,6.200000000000001,3.299999999999997,2072.115
2025-06-24 13:12:00,69.0,405.0781,192,4.400000000000002,6.200000000000001,3.299999999999997,2087.228
2025-06-24 13:15:00,69.0,409.7512,192,4.400000000000002,6.200000000000001,3.299999999999997,2078.2650000000003
2025-06-24 13:18:00,69.0,411.7188,192,4.400000000000002,6.200000000000001,3.3999999999999986,2101.255
2025-06-24 13:21:00,69.5,416.8837,192,4.400000000000002,6.2,3.3999999999999986,2113.245
2025-06-24 13:24:00,71.5,413.6863,192,4.4999999999999964,6.2,3.4000000000000057,2128.3050000000003
2025-06-24 13:27:00,70.0,404.8322,192,4.400000000000002,6.200000000000001,3.3999999999999986,2094.7780000000002
2025-06-24 13:30:00,69.5,408.0295,192,4.400000000000002,6.2,3.3999999999999986,2088.966
2025-06-24 13:33:00,70.0,408.5214,192,4.4999999999999964,6.200000000000001,3.3000000000000043,2112.669
2025-06-24 13:36:00,70.0,411.2269,192,4.400000000000002,6.200000000000001,3.3999999999999986,2102.8810000000003
2025-06-24 13:39:00,70.5,413.1944,192,4.399999999999999,6.200000000000001,3.4000000000000057,2113.548
2025-06-24 13:42:00,70.5,413.4404,192,4.4999999999999964,6.200000000000001,3.4000000000000057,2104.455
2025-06-24 13:45:00,69.0,407.2917,192,4.300000000000004,6.200000000000001,3.3999999999999986,2087.33
2025-06-24 13:48:00,69.0,398.1916,192,4.300000000000004,6.200000000000001,3.3999999999999986,2062.869
2025-06-24 13:51:00,68.5,386.386,192,4.200000000000003,6.200000000000001,3.3999999999999986,2047.741
2025-06-24 13:54:00,68.0,384.1725,192,4.300000000000004,6.300000000000001,3.299999999999997,2038.0299999999997
2025-06-24 13:57:00,67.5,383.9265,193,4.200000000000003,6.300000000000001,3.299999999999997,2042.3269999999998
2025-06-24 14:00:00,68.5,394.7483,193,4.299999999999997,6.300000000000001,3.3000000000000043,2058.4809999999998
2025-06-24 14:03:00,69.0,394.9942,193,4.299999999999997,6.300000000000001,3.4000000000000057,2092.133
2025-06-24 14:06:00,68.5,382.2049,193,4.299999999999997,6.4,3.3000000000000043,2066.679
2025-06-24 14:09:00,68.0,379.0075,193,4.299999999999997,6.4,3.200000000000003,2043.554
2025-06-24 14:12:00,68.0,374.3345,193,4.200000000000003,6.4,3.299999999999997,2024.9430000000002
2025-06-24 14:15:00,66.0,373.1047,193,4.200000000000003,6.4,3.1999999999999957,1981.3398
2025-06-24 14:18:00,66.5,378.0237,193,4.200000000000003,6.299999999999999,3.1999999999999957,1986.931
2025-06-24 14:21:00,66.0,375.5642,193,4.200000000000003,6.299999999999999,3.1999999999999957,2000.9548
2025-06-24 14:24:00,66.0,375.0723,193,4.200000000000003,6.299999999999999,3.1999999999999957,1994.4451
2025-06-24 14:27:00,66.0,377.5318,193,4.200000000000003,6.299999999999999,3.299999999999997,1987.4955
2025-06-24 14:30:00,66.0,382.2049,193,4.0,6.500000000000001,3.200000000000003,2000.3901
2025-06-24 14:33:00,66.5,382.6968,193,3.8999999999999986,6.4,3.299999999999997,2017.591
2025-06-24 14:36:00,67.5,380.2373,193,3.8999999999999986,6.300000000000001,3.299999999999997,2015.6961000000001
2025-06-24 14:39:00,66.0,365.7263,193,3.8999999999999986,6.500000000000001,3.200000000000003,1985.9511
2025-06-24 14:42:00,65.0,363.0208,193,3.8999999999999986,6.4,3.1000000000000014,1948.3712
2025-06-24 14:45:00,65.5,366.7101,193,3.799999999999997,6.4,3.3000000000000043,1961.9602
2025-06-24 14:48:00,64.5,367.9398,193,3.8999999999999986,6.300000000000001,3.200000000000003,1949.1937
2025-06-24 14:51:00,65.0,369.4155,193,3.8999999999999986,6.300000000000001,3.200000000000003,1949.9697999999999
2025-06-24 14:54:00,65.0,376.794,193,3.8999999999999986,6.199999999999999,3.200000000000003,1954.0367
2025-06-24 14:57:00,64.5,375.0723,194,3.8999999999999986,6.199999999999999,3.200000000000003,1945.7231
2025-06-24 15:00:00,64.5,379.7454,194,3.8000000000000007,6.199999999999999,3.299999999999997,1969.4226
2025-06-24 15:03:00,65.5,384.6644,194,3.900000000000002,6.300000000000001,3.299999999999997,1984.5468999999998
2025-06-24 15:06:00,65.5,382.9427,194,3.900000000000002,6.200000000000001,3.299999999999997,1969.635
2025-06-24 15:09:00,65.5,382.2049,194,3.900000000000002,6.200000000000001,3.299999999999997,1959.6998
2025-06-24 15:12:00,66.5,381.713,194,4.0000000000000036,6.300000000000001,3.1999999999999957,1968.8094
2025-06-24 15:15:00,66.5,376.548,194,3.900000000000002,6.300000000000001,3.299999999999997,1955.9122
2025-06-24 15:18:00,65.5,373.8426,194,3.900000000000002,6.300000000000001,3.299999999999997,1941.0922
2025-06-24 15:21:00,66.0,373.1047,194,3.8000000000000007,6.4,3.1999999999999957,1946.1581
2025-06-24 15:24:00,66.5,379.0075,194,3.8000000000000007,6.3,3.299999999999997,1965.7816
2025-06-24 15:27:00,66.5,379.7454,194,3.8000000000000007,6.2,3.299999999999997,1963.2108
2025-06-24 15:30:00,66.5,380.9751,194,3.900000000000002,6.300000000000001,3.299999999999997,1945.4646
2025-06-24 15:33:00,66.0,373.5966,194,3.8000000000000007,6.300000000000001,3.299999999999997,1953.0053
2025-06-24 15:36:00,66.0,377.5318,194,3.8000000000000007,6.200000000000001,3.299999999999997,1960.6275999999998
2025-06-24 15:39:00,66.5,378.5156,194,3.8000000000000007,6.200000000000001,3.3999999999999986,1986.6408000000001
2025-06-24 15:42:00,68.5,402.6187,194,3.900000000000002,6.1000000000000005,3.5,2035.7599999999998
2025-06-24 15:45:00,69.0,394.7483,194,3.9999999999999964,6.000000000000001,3.4000000000000057,2027.234
2025-06-24 15:48:00,67.5,395.7321,194,3.9999999999999964,5.999999999999999,3.4000000000000057,2028.9250000000002
2025-06-24 15:51:00,68.5,404.8322,194,3.9999999999999964,5.999999999999999,3.4000000000000057,2046.77
2025-06-24 15:54:00,69.0,405.0781,194,4.099999999999998,5.999999999999999,3.3999999999999986,2052.736
2025-06-24 15:57:00,68.5,405.0781,195,4.100000000000001,6.1000000000000005,3.299999999999997,2065.0609999999997
2025-06-24 16:00:00,68.5,408.5214,195,4.100000000000001,5.8999999999999995,3.3999999999999986,2046.4270000000001
2025-06-24 16:03:00,69.0,409.7512,195,4.0,6.000000000000001,3.3999999999999986,2059.531
2025-06-24 16:06:00,71.0,419.0972,195,4.100000000000001,6.000000000000001,3.5,2091.9269999999997
2025-06-24 16:09:00,70.5,414.4242,195,4.100000000000001,6.000000000000001,3.5,2106.1099999999997
2025-06-24 16:12:00,71.0,408.2755,195,4.100000000000001,6.000000000000001,3.5,2093.785
2025-06-24 16:15:00,70.0,407.0457,195,4.100000000000001,6.000000000000001,3.5,2096.2070000000003
2025-06-24 16:18:00,70.5,409.7512,195,4.100000000000001,6.000000000000001,3.5,2105.2529999999997
2025-06-24 16:21:00,70.0,411.7188,195,4.100000000000001,6.1000000000000005,3.3999999999999986,2086.583
2025-06-24 16:24:00,70.5,417.8675,195,4.100000000000001,6.1000000000000005,3.3999999999999986,2082.261
2025-06-24 16:27:00,70.5,416.6377,195,4.100000000000001,6.000000000000001,3.3999999999999986,2096.2560000000003
2025-06-24 16:30:00,70.0,417.8675,195,4.100000000000001,6.000000000000001,3.3999999999999986,2103.562
2025-06-24 16:33:00,69.5,414.4242,195,4.100000000000001,6.1000000000000005,3.3999999999999986,2089.639
2025-06-24 16:36:00,70.5,410.489,195,4.100000000000001,6.1000000000000005,3.3999999999999986,2086.0460000000003
2025-06-24 16:39:00,70.0,412.4566,195,4.100000000000001,6.1000000000000005,3.3999999999999986,2102.8869999999997
2025-06-24 16:42:00,71.0,411.7188,195,4.100000000000001,6.1000000000000005,3.5,2098.179
2025-06-24 16:45:00,71.0,409.9971,195,4.100000000000001,6.1000000000000005,3.5,2103.877
2025-06-24 16:48:00,72.5,454.022,195,4.100000000000001,6.2,3.5,2140.5299999999997
2025-06-24 16:51:00,75.5,459.1869,195,4.299999999999997,5.9,3.700000000000003,2248.018
2025-06-24 16:54:00,75.5,458.4491,195,4.5,6.0,3.700000000000003,2314.758
2025-06-24 16:57:00,78.0,457.4652,196,4.600000000000001,6.0,3.6999999999999957,2375.588
2025-06-24 17:00:00,78.5,420.8188,196,4.700000000000003,6.5,3.8999999999999986,2351.893
2025-06-24 17:03:00,39.5,382.4508,196,3.0,4.8,0.29999999999999716,983.0451
2025-06-24 17:06:00,60.0,378.0237,196,3.3999999999999986,5.1,3.1000000000000014,1778.7552
2025-06-24 17:09:00,62.5,376.0562,196,3.6000000000000014,5.9,3.1000000000000014,1864.6107
2025-06-24 17:12:00,63.5,374.3345,196,3.6000000000000014,6.1,3.299999999999997,1916.4804
2025-06-24 17:15:00,65.0,373.8426,196,3.6999999999999957,6.3,3.4000000000000057,1953.8553000000002
2025-06-24 17:18:00,65.0,374.3345,196,3.6999999999999957,6.3,3.3000000000000043,1943.8436
2025-06-24 17:21:00,64.5,379.0075,196,3.6999999999999957,6.2,3.4000000000000057,1958.699
2025-06-24 17:24:00,66.5,379.9913,196,3.6999999999999957,6.2,3.4000000000000057,2009.7863
2025-06-24 17:27:00,66.5,383.6806,196,3.6999999999999957,6.2,3.4000000000000057,2008.537
2025-06-24 17:30:00,66.5,381.713,196,3.6999999999999957,6.2,3.4000000000000057,1996.2639
2025-06-24 17:33:00,66.5,405.0781,196,3.6999999999999957,6.2,3.4000000000000057,2016.7165
2025-06-24 17:36:00,70.0,412.4566,196,3.900000000000002,6.1,3.5,2109.313
2025-06-24 17:39:00,69.5,406.0619,196,3.900000000000002,6.2,3.5,2098.133
2025-06-24 17:42:00,70.0,405.816,196,3.900000000000002,6.2,3.5,2105.749
2025-06-24 17:45:00,69.5,407.0457,196,3.900000000000002,6.2,3.6000000000000014,2100.754
2025-06-24 17:48:00,69.0,396.4699,196,3.900000000000002,6.2,3.5,2105.984
2025-06-24 17:51:00,68.5,390.0752,196,3.900000000000002,6.3,3.5,2068.435
2025-06-24 17:54:00,68.0,387.3698,196,3.900000000000002,6.3,3.5,2066.1130000000003
2025-06-24 17:57:00,68.0,395.7321,197,3.900000000000002,6.3,3.5,2071.38
2025-06-24 18:00:00,69.5,394.0104,197,4.0000000000000036,6.3999999999999995,3.5,2099.962
2025-06-24 18:03:00,71.0,389.0914,197,3.900000000000002,6.3999999999999995,3.5,2105.404
2025-06-24 18:06:00,69.5,377.5318,197,4.0000000000000036,6.4,3.3999999999999986,2036.824
2025-06-24 18:09:00,67.0,365.4803,197,3.8000000000000007,6.5,3.299999999999997,2003.6415
2025-06-24 18:12:00,66.5,359.3316,197,3.6999999999999993,6.5,3.200000000000003,1977.5636
2025-06-24 18:15:00,66.5,359.0856,197,3.6999999999999993,6.5,3.299999999999997,1990.0636
2025-06-24 18:18:00,65.5,305.9606,197,3.6999999999999993,6.699999999999999,3.200000000000003,1932.3719
2025-06-24 18:21:00,58.0,299.32,197,3.400000000000002,6.8999999999999995,2.8999999999999986,1706.5238
2025-06-24 18:24:00,58.0,295.1389,197,3.3000000000000007,6.8,2.8999999999999986,1691.935
2025-06-24 18:27:00,56.5,292.9254,197,3.1999999999999993,6.6,3.0,1669.8785
2025-06-24 18:30:00,56.5,291.9416,197,3.1999999999999993,6.699999999999999,2.8999999999999986,1649.5488
2025-06-24 18:33:00,56.5,289.974,197,3.1999999999999993,6.6,2.8999999999999986,1657.3924
2025-06-24 18:36:00,56.5,288.2523,197,3.1999999999999993,6.699999999999999,2.8999999999999986,1638.3418000000001
2025-06-24 18:39:00,56.0,290.4659,197,3.1999999999999993,6.6,2.799999999999997,1635.4025000000001
2025-06-24 18:42:00,56.0,290.2199,197,3.1999999999999993,6.6,2.799999999999997,1629.4128
2025-06-24 18:45:00,56.0,292.6794,197,3.1999999999999993,6.5,2.8999999999999986,1631.6077
2025-06-24 18:48:00,54.5,277.6765,197,3.099999999999998,6.6,2.8999999999999986,1600.3441
2025-06-24 18:51:00,54.0,276.4468,197,3.099999999999998,6.7,2.8000000000000043,1566.458
2025-06-24 18:54:00,53.0,277.6765,197,2.9999999999999964,6.6,2.8000000000000043,1538.4721
2025-06-24 18:57:00,56.0,292.9254,198,3.099999999999998,6.4,3.0,1626.3571000000002
2025-06-24 19:00:00,55.0,288.2523,198,3.099999999999998,6.4,2.8999999999999986,1602.0684999999999
2025-06-24 19:03:00,54.0,285.3009,198,3.099999999999998,6.4,2.8000000000000043,1577.3473
2025-06-24 19:06:00,53.5,278.4144,198,2.9999999999999964,6.5,2.8000000000000043,1536.0841
2025-06-24 19:09:00,52.5,277.6765,198,2.900000000000002,6.4,2.799999999999997,1498.5961
2025-06-24 19:12:00,52.0,270.7899,198,2.900000000000002,6.4,2.799999999999997,1478.1042
2025-06-25 07:48:00,39.5,269.0683,198,1.5,2.700000000000001,2.700000000000003,1186.13
2025-06-25 07:51:00,35.5,263.1655,198,2.0,4.000000000000001,2.8000000000000007,1063.747
2025-06-25 08:00:00,31.5,280.3819,198,1.9000000000000021,4.3,2.5,934.5578
2025-06-25 08:03:00,31.5,291.2037,198,1.9000000000000021,4.3999999999999995,2.3999999999999986,937.3807
2025-06-25 08:06:00,33.0,303.7471,198,2.0,4.199999999999999,2.5000000000000036,1006.403
2025-06-25 08:09:00,35.0,309.8958,198,2.1000000000000014,4.4,2.4999999999999964,1047.401
2025-06-25 08:12:00,36.5,316.5365,198,2.1999999999999993,4.200000000000001,2.5,1108.972
2025-06-25 08:15:00,36.5,298.8281,198,2.1999999999999993,4.6000000000000005,2.3000000000000007,1082.321
2025-06-25 08:18:00,36.5,294.401,198,2.3000000000000007,4.8999999999999995,2.299999999999997,1105.052
2025-06-25 08:21:00,37.0,290.4659,198,2.3999999999999986,5.1,2.5,1109.171
2025-06-25 08:24:00,36.0,290.4659,198,2.3000000000000007,5.3,2.599999999999998,1091.255
2025-06-25 08:27:00,35.0,293.9091,199,2.3000000000000007,5.3,2.400000000000002,1055.902
2025-06-25 08:30:00,35.5,299.8119,199,2.400000000000002,5.199999999999999,2.400000000000002,1066.292
2025-06-25 08:33:00,35.5,300.0579,199,2.3000000000000007,5.1,2.5000000000000036,1069.358
2025-06-25 08:36:00,35.5,311.3715,199,2.400000000000002,5.1,2.4999999999999964,1078.532
2025-06-25 08:39:00,35.5,317.7662,199,2.400000000000002,5.0,2.4999999999999964,1085.767
2025-06-25 08:42:00,36.5,318.5041,199,2.400000000000002,5.000000000000001,2.599999999999998,1107.625
2025-06-25 08:45:00,37.0,325.6366,199,2.5,5.3,2.6000000000000014,1129.539
2025-06-25 08:48:00,39.5,328.342,199,2.700000000000003,5.4,2.6999999999999957,1203.278
2025-06-25 08:51:00,41.5,343.099,199,2.8000000000000007,5.300000000000001,2.900000000000002,1287.084
2025-06-25 08:54:00,42.0,336.2124,199,2.900000000000002,5.500000000000001,2.8000000000000007,1289.805
2025-06-25 08:57:00,43.5,366.7101,199,2.900000000000002,5.4,2.9999999999999964,1328.236
2025-06-25 09:00:00,44.5,360.3154,199,3.099999999999998,5.5,3.0,1362.865
2025-06-25 09:03:00,45.0,362.5289,199,3.1000000000000014,5.6,3.0,1388.919
2025-06-25 09:06:00,46.0,361.2992,199,3.3000000000000007,5.799999999999999,3.0,1413.552
2025-06-25 09:09:00,47.0,367.9398,199,3.200000000000003,5.800000000000001,3.1000000000000014,1454.36
2025-06-25 09:12:00,49.0,376.548,199,3.400000000000002,5.800000000000001,3.0999999999999943,1501.295
2025-06-25 09:15:00,47.5,323.669,199,3.400000000000002,6.200000000000001,2.8999999999999986,1451.049
2025-06-25 09:18:00,47.0,321.4554,199,3.3000000000000007,6.300000000000001,3.0,1438.157
2025-06-25 09:21:00,47.0,321.9473,199,3.3000000000000007,6.4,3.0,1426.559
2025-06-25 09:24:00,47.0,318.9959,199,3.3000000000000007,6.5,3.0,1437.553
2025-06-25 09:27:00,44.0,285.055,200,3.099999999999998,6.800000000000001,2.8000000000000043,1343.184
2025-06-25 09:30:00,43.0,277.9225,200,3.1000000000000014,6.7,2.8000000000000007,1301.982
2025-06-25 09:33:00,41.5,286.7766,200,2.8999999999999986,6.6000000000000005,2.599999999999998,1258.407
2025-06-25 09:36:00,42.0,298.0903,200,3.0,6.4,2.6999999999999993,1265.263
2025-06-25 09:39:00,42.0,301.0417,200,3.0,6.4,2.8000000000000007,1281.352
2025-06-25 09:48:00,43.0,310.3877,200,3.0,6.2,2.8000000000000007,1299.764
2025-06-25 09:51:00,44.0,350.7234,200,3.1000000000000014,6.3,2.8000000000000007,1328.318
2025-06-25 09:54:00,47.5,347.2801,200,3.1999999999999993,5.8999999999999995,3.200000000000003,1431.723
2025-06-25 09:57:00,47.5,334.7367,200,3.3000000000000007,6.1,3.0,1441.25
2025-06-25 10:00:00,46.5,339.1638,200,3.299999999999997,6.3,3.1000000000000014,1440.282
2025-06-25 10:03:00,46.0,301.5336,200,3.1999999999999993,6.6,2.9999999999999964,1404.852
2025-06-25 10:06:00,45.0,300.5498,200,3.1999999999999993,6.699999999999999,2.900000000000002,1383.414
2025-06-25 10:09:00,45.0,296.1227,200,3.1999999999999993,6.799999999999999,2.900000000000002,1381.431
2025-06-25 10:12:00,45.5,296.3687,200,3.1999999999999993,6.9,2.900000000000002,1375.078
2025-06-25 10:15:00,45.0,297.3524,200,3.1999999999999993,6.800000000000001,2.900000000000002,1378.275
2025-06-25 10:18:00,45.0,290.4659,200,3.099999999999998,6.799999999999999,2.900000000000002,1371.568
2025-06-25 10:21:00,44.0,283.3333,200,3.099999999999998,6.8,2.8000000000000007,1333.755
2025-06-25 10:24:00,42.5,281.8576,200,3.1000000000000014,6.8,2.6999999999999957,1291.574
2025-06-25 10:27:00,43.0,280.136,201,3.0,6.8,2.799999999999997,1292.584
2025-06-25 10:30:00,42.0,285.5469,201,3.0,6.699999999999999,2.700000000000003,1284.033
2025-06-25 10:33:00,42.0,288.0063,201,3.0,6.5,2.700000000000003,1284.535
2025-06-25 10:36:00,42.0,289.4821,201,3.0,6.5,2.700000000000003,1273.936
2025-06-25 10:39:00,42.0,283.0874,201,3.0,6.6,2.700000000000003,1259.517
2025-06-25 10:42:00,41.5,279.6441,201,3.0,6.7,2.700000000000003,1252.695
2025-06-25 10:45:00,41.5,278.9063,201,2.8999999999999986,6.7,2.700000000000003,1259.031
2025-06-25 10:48:00,41.5,280.3819,201,3.0,6.699999999999999,2.700000000000003,1269.342
2025-06-25 10:51:00,42.0,283.0874,201,3.0,6.6,2.700000000000003,1265.205
2025-06-25 10:54:00,42.0,285.3009,201,3.0,6.5,2.700000000000003,1271.467
2025-06-25 10:57:00,42.0,284.0712,201,3.0,6.4,2.700000000000003,1257.823
2025-06-25 11:00:00,41.5,286.5307,201,3.0,6.4,2.700000000000003,1258.189
2025-06-25 11:03:00,41.0,283.0874,201,3.0,6.500000000000001,2.700000000000003,1230.781
2025-06-25 11:06:00,40.5,281.3657,201,2.8999999999999986,6.4,2.6000000000000014,1227.522
2025-06-25 11:09:00,41.5,285.5469,201,2.8999999999999986,6.5,2.700000000000003,1238.603
2025-06-25 11:12:00,41.5,287.0226,201,2.8999999999999986,6.300000000000001,2.799999999999997,1252.188
2025-06-25 11:15:00,41.0,288.7442,201,2.8999999999999986,6.300000000000001,2.700000000000003,1229.267
2025-06-25 11:18:00,40.5,288.2523,201,2.8999999999999986,6.300000000000001,2.700000000000003,1231.05
2025-06-25 11:21:00,41.0,285.7928,201,2.8999999999999986,6.300000000000001,2.700000000000003,1231.418
2025-06-25 11:24:00,41.0,290.2199,202,3.0,6.300000000000001,2.6000000000000014,1234.572
2025-06-25 11:27:00,41.0,288.0063,202,2.900000000000002,6.300000000000001,2.6999999999999957,1236.103
2025-06-25 11:30:00,40.5,288.7442,202,2.900000000000002,6.300000000000001,2.6000000000000014,1217.136
2025-06-25 11:33:00,40.0,289.4821,202,2.900000000000002,6.200000000000001,2.6999999999999957,1223.666
2025-06-25 11:36:00,40.5,290.7118,202,2.900000000000002,6.200000000000001,2.6999999999999957,1229.51
2025-06-25 11:39:00,41.0,289.2361,202,3.0,6.300000000000001,2.6999999999999993,1238.861
2025-06-25 11:42:00,41.0,292.6794,202,3.0,6.200000000000001,2.8000000000000007,1238.036
2025-06-25 11:45:00,41.0,283.8252,202,2.8999999999999986,6.300000000000001,2.8000000000000007,1233.071
2025-06-25 11:48:00,40.5,275.217,202,2.8999999999999986,6.300000000000001,2.599999999999998,1207.01
2025-06-25 11:51:00,39.5,265.625,202,2.8000000000000007,6.4,2.6000000000000014,1191.146
2025-06-25 11:54:00,39.0,263.1655,202,2.8000000000000007,6.6,2.6000000000000014,1191.833
2025-06-25 11:57:00,40.0,275.217,202,2.8999999999999986,6.5,2.599999999999998,1204.972
2025-06-25 12:00:00,40.0,275.463,202,2.8000000000000007,6.3,2.6999999999999993,1209.035
2025-06-25 12:03:00,40.5,282.8414,202,2.8000000000000007,6.3,2.8000000000000007,1205.309
2025-06-25 12:06:00,40.0,283.8252,202,2.900000000000002,6.3,2.6999999999999993,1211.842
2025-06-25 12:09:00,40.0,282.1036,202,2.900000000000002,6.2,2.6999999999999993,1210.801
2025-06-25 12:12:00,40.0,284.5631,202,2.8000000000000007,6.1000000000000005,2.6999999999999993,1206.156
2025-06-25 12:15:00,40.0,282.5955,202,2.8000000000000007,6.2,2.6999999999999993,1213.673
2025-06-25 12:18:00,40.0,286.5307,202,2.8000000000000007,6.200000000000001,2.6999999999999993,1209.802
2025-06-25 12:21:00,39.5,291.6956,202,2.8000000000000007,6.1,2.6999999999999993,1201.512
2025-06-25 12:24:00,40.5,292.4334,202,2.8000000000000007,5.999999999999999,2.8000000000000007,1211.313
2025-06-25 12:27:00,40.5,292.4334,203,2.8999999999999986,6.1000000000000005,2.700000000000003,1223.952
2025-06-25 12:30:00,40.5,288.9902,203,2.8999999999999986,6.1000000000000005,2.8000000000000043,1227.151
2025-06-25 12:33:00,41.0,287.0226,203,3.0,6.200000000000001,2.6000000000000014,1223.279
2025-06-25 12:36:00,40.5,288.7442,203,3.0,6.3,2.700000000000003,1234.86
2025-06-25 12:39:00,41.0,288.9902,203,2.8999999999999986,6.3,2.700000000000003,1239.406
2025-06-25 12:42:00,41.5,289.974,203,2.8999999999999986,6.3,2.799999999999997,1240.714
2025-06-25 12:45:00,41.5,290.2199,203,2.8999999999999986,6.3,2.799999999999997,1245.78
2025-06-25 12:48:00,40.5,287.7604,203,3.0,6.3,2.6999999999999957,1241.522
2025-06-25 12:51:00,41.5,288.7442,203,3.0,6.2,2.6999999999999957,1241.598
2025-06-25 12:54:00,41.0,291.2037,203,3.0,6.3,2.6999999999999957,1244.517
2025-06-25 12:57:00,41.0,293.6632,203,3.0,6.3,2.6999999999999957,1242.856
2025-06-25 13:00:00,41.0,295.1389,203,3.0,6.2,2.6999999999999957,1244.535
2025-06-25 13:03:00,41.5,289.2361,203,3.1000000000000014,6.3,2.6999999999999957,1252.91
2025-06-25 13:06:00,41.5,285.7928,203,3.1000000000000014,6.3,2.6999999999999957,1251.362
2025-06-25 13:09:00,41.0,287.0226,203,3.0000000000000036,6.3,2.6999999999999957,1250.154
2025-06-25 13:12:00,41.5,291.2037,203,3.0000000000000036,6.3,2.799999999999997,1262.966
2025-06-25 13:15:00,42.0,291.4496,203,3.0000000000000036,6.3,2.799999999999997,1262.143
2025-06-25 13:18:00,42.0,292.4334,203,3.0000000000000036,6.3,2.799999999999997,1265.066
2025-06-25 13:21:00,42.0,296.3687,203,3.0000000000000036,6.3,2.799999999999997,1264.804
2025-06-25 13:24:00,42.0,292.6794,204,3.0000000000000036,6.3,2.799999999999997,1264.744
2025-06-25 13:27:00,42.0,289.2361,204,3.0000000000000036,6.3,2.799999999999997,1263.799
2025-06-25 13:30:00,42.0,292.6794,204,3.099999999999998,6.3,2.700000000000003,1259.105
2025-06-25 13:33:00,42.0,295.3848,204,3.099999999999998,6.2,2.8000000000000043,1259.452
2025-06-25 13:36:00,42.0,294.8929,204,3.099999999999998,6.1000000000000005,2.700000000000003,1262.3
2025-06-25 13:39:00,41.5,299.32,204,3.099999999999998,6.1000000000000005,2.8000000000000043,1264.3
2025-06-25 13:42:00,42.5,293.1713,204,3.099999999999998,6.1000000000000005,2.8000000000000043,1273.48
2025-06-25 13:45:00,42.0,296.6146,204,3.099999999999998,6.200000000000001,2.8000000000000043,1274.425
2025-06-25 13:48:00,42.5,293.1713,204,3.099999999999998,6.1000000000000005,2.8000000000000043,1274.311
2025-06-25 13:51:00,42.5,285.3009,204,2.9999999999999964,6.200000000000001,2.8000000000000043,1273.597
2025-06-25 13:54:00,41.5,282.8414,204,3.099999999999998,6.4,2.700000000000003,1258.988
2025-06-25 13:57:00,41.5,282.5955,204,2.9999999999999964,6.4,2.8000000000000043,1255.752
2025-06-25 14:00:00,41.5,280.6279,204,3.099999999999998,6.5,2.700000000000003,1255.659
2025-06-25 14:03:00,42.0,280.6279,204,3.099999999999998,6.5,2.700000000000003,1256.917
2025-06-25 14:06:00,41.5,284.5631,204,3.099999999999998,6.5,2.700000000000003,1259.025
2025-06-25 14:09:00,42.0,285.7928,204,3.099999999999998,6.300000000000001,2.8000000000000043,1266.896
2025-06-25 14:12:00,41.5,284.0712,204,3.1999999999999993,6.300000000000001,2.6000000000000014,1262.447
2025-06-25 14:15:00,42.0,287.5145,204,3.1999999999999993,6.200000000000001,2.6000000000000014,1259.659
2025-06-25 14:18:00,41.0,280.136,204,3.1999999999999993,6.300000000000001,2.6000000000000014,1254.651
2025-06-25 14:21:00,41.0,282.8414,204,3.099999999999998,6.300000000000001,2.700000000000003,1253.507
2025-06-25 14:24:00,41.0,278.9063,204,3.1999999999999993,6.4,2.6000000000000014,1244.351
2025-06-25 14:27:00,41.0,280.136,205,3.1999999999999993,6.4,2.6000000000000014,1241.524
2025-06-25 14:30:00,41.5,283.3333,205,3.1000000000000014,6.300000000000001,2.700000000000003,1241.499
2025-06-25 14:33:00,41.5,286.2847,205,3.1000000000000014,6.200000000000001,2.700000000000003,1245.451
2025-06-25 14:36:00,41.0,286.5307,205,3.1000000000000014,6.200000000000001,2.700000000000003,1252.406
2025-06-25 14:39:00,41.5,288.2523,205,3.1000000000000014,6.200000000000001,2.700000000000003,1251.14
2025-06-25 14:42:00,41.5,285.3009,205,3.1000000000000014,6.200000000000001,2.700000000000003,1247.868
2025-06-25 14:45:00,40.5,287.5145,205,3.1000000000000014,6.200000000000001,2.700000000000003,1249.059
2025-06-25 14:48:00,41.5,284.5631,205,3.200000000000003,6.200000000000001,2.6000000000000014,1236.095
2025-06-25 14:51:00,40.5,281.8576,205,3.1000000000000014,6.200000000000001,2.700000000000003,1239.741
2025-06-25 14:54:00,40.5,285.055,205,3.200000000000003,6.200000000000001,2.6000000000000014,1240.282
2025-06-25 14:57:00,41.0,282.5955,205,3.0,6.200000000000001,2.799999999999997,1238.941
2025-06-25 15:00:00,41.0,284.3171,205,3.1000000000000014,6.200000000000001,2.6999999999999957,1240.787
2025-06-25 15:03:00,41.5,288.7442,205,3.1000000000000014,6.200000000000001,2.799999999999997,1241.869
2025-06-25 15:06:00,41.0,285.5469,205,3.1000000000000014,6.200000000000001,2.6999999999999957,1238.581
2025-06-25 15:09:00,40.5,286.2847,205,3.1000000000000014,6.200000000000001,2.6999999999999957,1237.418
2025-06-25 15:12:00,41.0,288.7442,205,3.1000000000000014,6.200000000000001,2.6999999999999957,1237.755
2025-06-25 15:15:00,41.5,291.4496,205,3.200000000000003,6.200000000000001,2.6999999999999957,1253.865
2025-06-25 15:18:00,41.5,289.2361,205,3.200000000000003,6.2,2.799999999999997,1265.609
2025-06-25 15:21:00,42.0,289.2361,205,3.1999999999999957,6.2,2.8000000000000043,1269.522
2025-06-25 15:24:00,42.0,296.6146,205,3.1999999999999957,6.2,2.8000000000000043,1261.01
2025-06-25 15:27:00,42.5,292.6794,206,3.1999999999999957,6.1000000000000005,2.8000000000000043,1276.35
2025-06-25 15:30:00,42.5,294.8929,206,3.0,6.200000000000001,2.6999999999999957,1274.853
2025-06-25 15:33:00,42.5,291.9416,206,3.0,6.200000000000001,2.6999999999999957,1273.302
2025-06-25 15:36:00,41.5,287.7604,206,3.0,6.200000000000001,2.6999999999999957,1266.609
2025-06-25 15:39:00,41.5,283.3333,206,2.900000000000002,6.200000000000001,2.6999999999999957,1257.454
2025-06-25 15:42:00,41.0,280.136,206,2.900000000000002,6.300000000000001,2.6999999999999957,1252.186
2025-06-25 15:45:00,41.0,275.9549,206,2.8000000000000007,6.300000000000001,2.799999999999997,1250.079
2025-06-25 15:48:00,40.5,273.9873,206,2.8000000000000007,6.4,2.799999999999997,1242.35
2025-06-25 15:51:00,40.5,266.6088,206,2.8000000000000007,6.6,2.6999999999999957,1234.584
2025-06-25 15:54:00,41.0,275.217,206,2.8000000000000007,6.5,2.799999999999997,1241.729
2025-06-25 15:57:00,41.0,271.5278,206,2.900000000000002,6.5,2.799999999999997,1246.453
2025-06-25 16:00:00,41.5,272.2656,206,2.8000000000000043,6.5,2.8999999999999986,1244.799
2025-06-25 16:03:00,41.0,273.2494,206,2.799999999999997,6.4,2.8000000000000043,1241.09
2025-06-25 16:06:00,41.0,271.5278,206,2.799999999999997,6.300000000000001,2.8000000000000043,1241.707
2025-06-25 16:09:00,41.0,269.3142,206,2.700000000000003,6.4,2.799999999999997,1228.156
2025-06-25 16:12:00,40.0,268.5764,206,2.799999999999997,6.4,2.700000000000003,1219.847
2025-06-25 16:15:00,39.5,271.5278,206,2.6999999999999957,6.4,2.700000000000003,1209.428
2025-06-25 16:18:00,39.5,272.2656,206,2.6999999999999957,6.199999999999999,2.700000000000003,1215.733
2025-06-25 16:21:00,40.0,278.1684,206,2.6999999999999957,6.199999999999999,2.8000000000000043,1211.462
2025-06-25 16:24:00,40.0,273.2494,206,2.6999999999999957,6.1,2.8000000000000043,1210.154
2025-06-25 16:27:00,40.0,275.217,207,2.799999999999997,6.199999999999999,2.700000000000003,1214.574
2025-06-25 16:30:00,40.5,274.2332,207,2.6999999999999993,6.1,2.8000000000000043,1213.75
2025-06-25 16:33:00,39.5,275.463,207,2.8000000000000007,6.1,2.700000000000003,1210.822
2025-06-25 16:36:00,40.0,270.7899,207,2.8000000000000007,6.200000000000001,2.700000000000003,1210.678
2025-06-25 16:39:00,40.5,275.7089,207,2.8000000000000007,6.200000000000001,2.6999999999999957,1221.078
2025-06-25 16:42:00,41.0,275.217,207,2.8000000000000007,6.300000000000001,2.6999999999999957,1232.244
2025-06-25 16:45:00,41.0,277.1846,207,2.8000000000000007,6.2,2.6999999999999957,1236.974
2025-06-25 16:48:00,41.0,279.1522,207,2.8000000000000007,6.2,2.6999999999999957,1232.036
2025-06-25 16:51:00,41.5,283.3333,207,2.8000000000000007,6.2,2.6999999999999957,1237.944
2025-06-25 16:54:00,41.5,285.055,207,2.8000000000000007,6.3,2.799999999999997,1241.536
2025-06-25 16:57:00,42.0,288.7442,207,2.8000000000000007,6.2,2.8999999999999986,1258.983
2025-06-25 17:00:00,43.0,307.1904,207,2.8000000000000007,6.2,2.8999999999999986,1273.491
2025-06-25 17:03:00,43.5,303.9931,207,2.900000000000002,6.0,3.0,1307.711
2025-06-25 17:06:00,43.5,301.0417,207,2.900000000000002,6.000000000000001,3.0,1310.475
2025-06-25 17:09:00,43.0,298.5822,207,2.900000000000002,6.000000000000001,2.8999999999999986,1301.027
2025-06-25 17:12:00,43.5,298.0903,207,2.900000000000002,6.000000000000001,2.8999999999999986,1303.042
2025-06-25 17:15:00,43.5,300.5498,207,2.8000000000000043,6.1000000000000005,2.8999999999999986,1306.628
2025-06-25 17:18:00,43.5,302.5174,207,3.099999999999998,6.2,2.8999999999999986,1310.979
2025-06-25 17:21:00,44.0,301.7795,207,3.1999999999999993,6.2,2.799999999999997,1321.908
2025-06-25 17:24:00,44.0,304.7309,207,3.1000000000000014,6.2,2.799999999999997,1324.334
2025-06-25 17:27:00,44.0,301.7795,208,3.1000000000000014,6.2,2.8999999999999986,1329.043
2025-06-25 17:30:00,44.5,304.7309,208,3.1999999999999993,6.1000000000000005,2.8999999999999986,1329.432
2025-06-25 17:33:00,44.0,303.7471,208,3.1000000000000014,6.1000000000000005,2.8999999999999986,1327.47
2025-06-25 17:36:00,44.5,304.7309,208,3.1000000000000014,6.1000000000000005,2.8999999999999986,1331.758
2025-06-25 17:39:00,44.0,307.4363,208,3.1000000000000014,6.1000000000000005,3.0,1336.029
2025-06-25 17:42:00,44.5,307.6823,208,3.1000000000000014,6.000000000000001,3.0,1329.246
2025-06-25 17:45:00,44.5,310.1418,208,3.1000000000000014,6.000000000000001,2.8999999999999986,1328.869
2025-06-25 17:48:00,44.5,301.5336,208,3.1000000000000014,6.000000000000001,2.8999999999999986,1335.013
2025-06-25 17:51:00,44.0,296.8605,208,3.1000000000000014,6.2,2.8999999999999986,1318.16
2025-06-25 17:54:00,44.5,298.5822,208,3.1000000000000014,6.2,2.8999999999999986,1334.024
2025-06-25 17:57:00,44.5,300.3038,208,3.1000000000000014,6.1000000000000005,2.8999999999999986,1337.747
2025-06-25 18:00:00,44.5,303.0093,208,3.1000000000000014,6.2,2.8999999999999986,1340.54
2025-06-25 18:03:00,45.0,303.7471,208,3.200000000000003,6.2,2.8999999999999986,1338.948
2025-06-25 18:06:00,45.0,295.6308,208,3.200000000000003,6.3,2.8999999999999986,1336.096
2025-06-25 18:09:00,44.0,285.7928,208,3.1000000000000014,6.4,2.8999999999999986,1320.164
2025-06-25 18:12:00,44.0,282.8414,208,3.1000000000000014,6.4,2.799999999999997,1320.586
2025-06-25 18:15:00,44.5,285.055,208,3.1000000000000014,6.4,2.799999999999997,1322.26
2025-06-25 18:18:00,44.0,281.8576,208,3.0,6.4,2.799999999999997,1313.953
2025-06-25 18:21:00,44.0,285.3009,208,3.0,6.4,2.799999999999997,1311.916
2025-06-25 18:24:00,44.0,281.8576,208,3.0,6.4,2.799999999999997,1320.716
2025-06-25 18:27:00,44.0,282.5955,209,3.0,6.5,2.799999999999997,1315.508
2025-06-25 18:30:00,44.0,277.1846,209,3.0,6.5,2.8999999999999986,1319.823
2025-06-25 18:33:00,44.0,279.6441,209,3.0,6.5,2.8999999999999986,1319.54
2025-06-25 18:36:00,44.5,282.1036,209,3.0,6.5,2.8999999999999986,1317.704
2025-06-25 18:39:00,44.0,277.9225,209,3.1000000000000014,6.5,2.8999999999999986,1315.609
2025-06-25 18:42:00,43.5,276.6927,209,3.1000000000000014,6.6,2.8999999999999986,1314.529
2025-06-25 18:45:00,44.0,275.217,209,3.1000000000000014,6.5,2.8999999999999986,1314.292
2025-06-25 18:48:00,42.5,266.1169,209,3.0,6.5,2.6999999999999957,1287.796
2025-06-25 18:51:00,42.5,261.6898,209,3.0,6.6,2.799999999999997,1271.433
2025-06-25 18:54:00,42.0,264.3953,209,2.8999999999999986,6.6,2.799999999999997,1271.482
2025-06-25 18:57:00,42.5,263.4115,209,2.8999999999999986,6.6,2.799999999999997,1267.7
2025-06-25 19:00:00,41.5,257.5087,209,2.8999999999999986,6.7,2.700000000000003,1246.467
2025-06-25 19:03:00,41.0,254.5573,209,2.799999999999997,6.7,2.8000000000000043,1237.027
2025-06-25 19:06:00,40.0,249.3924,209,2.799999999999997,6.6000000000000005,2.700000000000003,1206.344
2025-06-25 19:09:00,40.5,252.3438,209,2.799999999999997,6.4,2.8000000000000043,1207.021
2025-06-25 19:12:00,40.0,249.3924,209,2.799999999999997,6.500000000000001,2.700000000000003,1200.28
2025-06-25 19:15:00,39.0,245.9491,209,2.6999999999999957,6.500000000000001,2.700000000000003,1162.596
2025-06-25 19:18:00,39.0,246.195,209,2.599999999999998,6.500000000000001,2.700000000000003,1165.513
2025-06-25 19:21:00,39.0,249.8843,209,2.599999999999998,6.3999999999999995,2.700000000000003,1168.834
2025-06-26 07:51:00,38.5,243.7355,210,1.6999999999999993,2.7,2.5,1165.067
2025-06-26 07:54:00,36.0,266.1169,210,2.1000000000000014,4.300000000000001,2.8999999999999986,1074.829
2025-06-26 08:00:00,33.5,311.6175,210,2.0,4.1,2.700000000000003,1005.54
2025-06-26 08:03:00,33.5,324.6528,210,2.1000000000000014,4.199999999999999,2.6999999999999957,1025.808
2025-06-26 08:06:00,35.5,341.1313,210,2.1000000000000014,4.0,2.799999999999997,1082.33
2025-06-26 08:09:00,37.0,328.342,210,2.299999999999997,4.3999999999999995,3.0,1136.14
2025-06-26 08:12:00,37.5,334.7367,210,2.3999999999999986,4.6,3.0,1149.473
2025-06-26 08:15:00,37.0,315.0608,210,2.5,4.799999999999999,2.700000000000003,1138.375
2025-06-26 08:18:00,36.0,307.9282,210,2.3999999999999986,4.999999999999999,2.700000000000003,1092.286
2025-06-26 08:21:00,35.5,308.912,210,2.3000000000000007,4.8999999999999995,2.700000000000003,1069.994
2025-06-26 08:24:00,35.0,292.4334,210,2.3000000000000007,5.1000000000000005,2.6999999999999993,1054.659
2025-06-26 08:27:00,34.0,299.32,210,2.3000000000000007,4.9,2.6000000000000014,1035.754
2025-06-26 08:30:00,34.0,295.1389,210,2.400000000000002,5.0,2.6000000000000014,1034.397
2025-06-26 08:33:00,34.0,296.8605,210,2.3999999999999986,5.1,2.6000000000000014,1030.006
2025-06-26 08:36:00,34.5,303.0093,210,2.3999999999999986,5.1,2.6000000000000014,1056.706
2025-06-26 08:39:00,35.0,307.9282,210,2.5,5.200000000000001,2.700000000000003,1080.215
2025-06-26 08:42:00,36.0,306.2066,210,2.6000000000000014,5.3,2.6999999999999957,1099.667
2025-06-26 08:45:00,37.5,304.9769,210,2.6000000000000014,5.500000000000001,2.8999999999999986,1142.253
2025-06-26 08:48:00,39.0,311.3715,211,2.6000000000000014,5.500000000000001,3.0,1159.8
2025-06-26 08:51:00,39.0,317.5203,211,2.6000000000000014,5.500000000000001,3.0,1171.346
2025-06-26 08:54:00,39.5,314.8148,211,2.6999999999999993,5.500000000000001,3.0000000000000036,1198.633
2025-06-26 08:57:00,39.0,307.9282,211,2.6999999999999993,5.6000000000000005,2.900000000000002,1182.415
2025-06-26 09:00:00,40.0,322.6852,211,2.6999999999999993,5.500000000000001,3.0000000000000036,1207.613
2025-06-26 09:03:00,40.5,329.5718,211,2.8000000000000007,5.6000000000000005,3.099999999999998,1218.039
2025-06-26 09:06:00,41.0,334.2448,211,3.0,5.5,3.1000000000000014,1251.553
2025-06-26 09:09:00,41.0,339.1638,211,3.1000000000000014,5.6000000000000005,3.1000000000000014,1262.49
2025-06-26 09:12:00,42.5,334.2448,211,3.0,5.8,3.1999999999999957,1302.766
2025-06-26 09:15:00,42.5,321.4554,211,3.099999999999998,5.8,3.099999999999998,1290.398
2025-06-26 09:18:00,42.0,318.5041,211,3.099999999999998,5.999999999999999,3.099999999999998,1286.747
2025-06-26 09:21:00,43.5,365.7263,211,3.1999999999999993,5.800000000000001,3.3000000000000007,1354.785
2025-06-26 09:24:00,47.0,364.0046,211,3.400000000000002,5.8,3.3999999999999986,1433.36
2025-06-26 09:27:00,48.0,362.5289,211,3.5000000000000036,6.0,3.5,1479.484
2025-06-26 09:30:00,49.0,365.7263,211,3.599999999999998,6.1,3.5,1511.157
2025-06-26 09:33:00,48.5,339.1638,211,3.599999999999998,6.2,3.4000000000000057,1487.589
2025-06-26 09:36:00,45.5,284.0712,211,3.5000000000000036,6.5,3.1999999999999957,1410.896
2025-06-26 09:39:00,43.0,266.6088,211,3.3000000000000007,7.0,3.1000000000000014,1316.391
2025-06-26 09:42:00,40.5,260.952,211,2.8999999999999986,6.800000000000001,2.900000000000002,1225.485
2025-06-26 09:45:00,39.5,269.5602,211,2.900000000000002,6.8,2.8999999999999986,1197.493
2025-06-26 09:48:00,39.5,276.6927,212,2.900000000000002,6.6,3.0,1218.057
2025-06-26 09:51:00,40.5,274.7251,212,2.900000000000002,6.4,3.0,1230.832
2025-06-26 09:54:00,39.0,258.7384,212,2.8000000000000007,6.5,3.0,1203.408
2025-06-26 09:57:00,38.5,260.952,212,2.8000000000000007,6.699999999999999,2.799999999999997,1181.887
2025-06-26 10:00:00,39.5,259.4763,212,2.8999999999999986,6.699999999999999,2.8999999999999986,1191.859
2025-06-26 10:03:00,39.0,259.7222,212,2.8999999999999986,6.6,2.8999999999999986,1192.554
2025-06-26 10:06:00,39.5,262.4277,212,2.8999999999999986,6.6,2.8999999999999986,1191.28
2025-06-26 10:09:00,39.0,312.8472,212,2.8999999999999986,6.6,2.8999999999999986,1203.891
2025-06-26 10:12:00,43.0,319.7338,212,3.099999999999998,6.1,3.3000000000000007,1330.38
2025-06-26 10:15:00,44.5,319.9797,212,3.1999999999999993,6.199999999999999,3.1999999999999993,1353.395
2025-06-26 10:18:00,44.0,323.669,212,3.1999999999999993,6.199999999999999,3.3000000000000007,1348.187
2025-06-26 10:21:00,44.5,316.0446,212,3.1999999999999993,6.3999999999999995,3.3000000000000007,1362.609
2025-06-26 10:24:00,44.5,308.6661,212,3.3000000000000007,6.499999999999999,3.1999999999999993,1345.708
2025-06-26 10:27:00,44.5,312.6013,212,3.1999999999999993,6.3999999999999995,3.3000000000000007,1350.406
2025-06-26 10:30:00,44.0,305.4688,212,3.1999999999999993,6.6000000000000005,3.3000000000000007,1355.976
2025-06-26 10:33:00,44.0,302.2714,212,3.3000000000000007,6.6,3.1999999999999993,1348.372
2025-06-26 10:36:00,44.0,294.401,212,3.3000000000000007,6.6,3.1999999999999993,1344.748
2025-06-26 10:39:00,44.0,303.9931,212,3.3000000000000007,6.6,3.1999999999999993,1338.827
2025-06-26 10:42:00,43.5,301.7795,212,3.3000000000000007,6.5,3.1999999999999993,1328.07
2025-06-26 10:45:00,43.5,303.5012,212,3.1999999999999993,6.5,3.099999999999998,1333.793
2025-06-26 10:48:00,44.0,304.239,213,3.1999999999999993,6.5,3.1999999999999993,1343.42
2025-06-26 10:51:00,43.5,312.3553,213,3.1999999999999993,6.3999999999999995,3.099999999999998,1334.165
2025-06-26 10:54:00,44.0,324.4068,213,3.1999999999999993,6.2,3.3000000000000007,1344.984
2025-06-26 10:57:00,44.0,327.1123,213,3.3000000000000007,6.3,3.1999999999999993,1350.068
2025-06-26 11:00:00,45.0,325.1447,213,3.3000000000000007,6.3999999999999995,3.3000000000000007,1377.177
2025-06-26 11:03:00,45.5,325.1447,213,3.3000000000000007,6.2,3.3000000000000007,1376.487
2025-06-26 11:06:00,45.0,322.6852,213,3.3000000000000007,6.200000000000001,3.3000000000000007,1368.871
2025-06-26 11:09:00,44.5,319.9797,213,3.3000000000000007,6.200000000000001,3.1999999999999993,1355.545
2025-06-26 11:12:00,45.0,318.9959,213,3.3000000000000007,6.300000000000001,3.3000000000000007,1360.106
2025-06-26 11:15:00,45.0,313.831,213,3.400000000000002,6.5,3.3000000000000007,1358.978
2025-06-26 11:18:00,44.5,318.9959,213,3.400000000000002,6.3999999999999995,3.3000000000000007,1376.748
2025-06-26 11:21:00,45.0,315.3067,213,3.3000000000000007,6.3999999999999995,3.3000000000000007,1368.725
2025-06-26 11:24:00,45.0,314.8148,213,3.3000000000000007,6.5,3.3000000000000007,1364.347
2025-06-26 11:27:00,44.0,316.2905,213,3.3000000000000007,6.4,3.3000000000000007,1359.266
2025-06-26 11:30:00,44.5,314.077,213,3.3000000000000007,6.4,3.3000000000000007,1366.422
2025-06-26 11:33:00,45.0,309.6499,213,3.400000000000002,6.5,3.3000000000000007,1376.028
2025-06-26 11:36:00,45.0,320.2257,213,3.5,6.3999999999999995,3.3000000000000043,1388.687
2025-06-26 11:39:00,45.5,322.6852,213,3.5,6.3,3.3000000000000043,1385.222
2025-06-26 11:42:00,45.5,316.2905,213,3.400000000000002,6.4,3.3000000000000007,1379.639
2025-06-26 11:45:00,45.0,315.3067,213,3.3000000000000007,6.4,3.3000000000000007,1365.033
2025-06-26 11:48:00,44.5,316.0446,214,3.3999999999999986,6.4,3.1999999999999993,1358.786
2025-06-26 11:51:00,44.5,311.6175,214,3.3000000000000007,6.4,3.1999999999999993,1356.544
2025-06-26 11:54:00,44.5,309.8958,214,3.3000000000000007,6.4,3.1999999999999993,1345.98
2025-06-26 11:57:00,43.5,309.6499,214,3.3999999999999986,6.4,3.099999999999998,1344.157
2025-06-26 12:00:00,44.0,309.6499,214,3.3000000000000007,6.5,3.1999999999999957,1343.652
2025-06-26 12:03:00,44.5,305.4688,214,3.3999999999999986,6.5,3.099999999999998,1355.832
2025-06-26 12:06:00,44.0,296.8605,214,3.3000000000000007,6.6,3.1999999999999957,1336.238
2025-06-26 12:09:00,44.0,293.1713,214,3.3000000000000007,6.6,3.1999999999999957,1342.619
2025-06-26 12:12:00,42.5,245.9491,214,3.3000000000000007,6.8,2.8999999999999986,1264.943
2025-06-26 12:15:00,37.0,247.1788,214,2.8000000000000007,6.9,2.6999999999999957,1125.267
2025-06-26 12:18:00,37.0,244.9653,214,2.8000000000000007,6.699999999999999,2.799999999999997,1127.767
2025-06-26 12:21:00,37.5,238.3247,214,2.8000000000000007,6.699999999999999,2.6999999999999957,1109.341
2025-06-26 12:24:00,36.5,246.441,214,2.6999999999999993,6.6,2.700000000000003,1090.53
2025-06-26 12:27:00,36.5,242.0139,214,2.6999999999999993,6.7,2.799999999999997,1093.352
2025-06-26 12:30:00,36.0,241.276,214,2.8000000000000007,6.6,2.6999999999999957,1104.515
2025-06-26 12:33:00,36.5,242.5058,214,2.8000000000000007,6.5,2.799999999999997,1103.886
2025-06-26 12:36:00,37.0,244.9653,214,2.8000000000000007,6.6,2.799999999999997,1100.852
2025-06-26 12:39:00,36.0,245.9491,214,2.8000000000000007,6.6,2.799999999999997,1094.583
2025-06-26 12:42:00,36.0,243.7355,214,2.8000000000000007,6.5,2.799999999999997,1098.387
2025-06-26 12:45:00,36.5,248.4086,214,2.8000000000000007,6.4,2.8999999999999986,1103.754
2025-06-26 12:48:00,36.5,250.1302,215,2.8000000000000007,6.5,2.799999999999997,1106.86
2025-06-26 12:51:00,36.5,253.3275,215,2.8000000000000007,6.5,2.799999999999997,1102.442
2025-06-26 12:54:00,37.0,251.8519,215,2.8000000000000007,6.5,2.8999999999999986,1117.222
2025-06-26 12:57:00,36.0,241.0301,215,2.8000000000000007,6.5,2.6999999999999957,1074.042
2025-06-26 13:00:00,35.5,243.7355,215,2.700000000000003,6.5,2.6999999999999957,1066.638
2025-06-26 13:03:00,35.0,244.7193,215,2.6999999999999993,6.5,2.799999999999997,1065.848
2025-06-26 13:06:00,35.5,241.0301,215,2.6999999999999993,6.4,2.799999999999997,1070.131
2025-06-26 13:09:00,35.5,244.9653,215,2.6000000000000014,6.4,2.799999999999997,1073.248
2025-06-26 13:12:00,36.5,249.6383,215,2.700000000000003,6.3,2.8999999999999986,1097.495
2025-06-26 13:15:00,37.5,257.0168,215,2.700000000000003,6.3999999999999995,2.8999999999999986,1128.298
2025-06-26 13:18:00,37.5,259.9682,215,2.8000000000000007,6.3999999999999995,2.900000000000002,1126.575
2025-06-26 13:21:00,37.0,258.2465,215,2.6999999999999993,6.3999999999999995,3.0000000000000036,1127.785
2025-06-26 13:24:00,37.5,255.787,215,2.8000000000000007,6.3999999999999995,2.9999999999999964,1140.149
2025-06-26 13:27:00,37.5,260.952,215,2.8999999999999986,6.499999999999999,2.8999999999999986,1135.602
2025-06-26 13:30:00,38.0,261.9358,215,2.8999999999999986,6.3999999999999995,3.0,1152.911
2025-06-26 13:33:00,37.5,259.2303,215,2.8999999999999986,6.3999999999999995,3.0,1141.917
2025-06-26 13:36:00,38.0,262.9196,215,2.8999999999999986,6.3999999999999995,3.0,1137.186
2025-06-26 13:39:00,37.5,259.4763,215,2.6999999999999993,6.3999999999999995,2.8000000000000007,900.7258
2025-06-30 07:33:00,35.0,287.0226,215,2.0,1.0999999999999996,3.3000000000000007,1093.456
2025-06-30 07:36:00,35.0,307.4363,216,2.700000000000003,4.1,3.5,1056.261
2025-06-30 07:39:00,35.0,326.3744,216,2.6000000000000014,4.500000000000001,3.1999999999999957,1080.025
2025-06-30 07:42:00,40.0,371.6291,216,2.6000000000000014,4.1,3.5,1214.773
2025-06-30 07:45:00,42.0,453.0382,216,2.8999999999999986,4.199999999999999,3.700000000000003,1306.611
2025-06-30 07:48:00,45.5,542.5637,216,3.1000000000000014,3.999999999999999,3.8999999999999986,1404.522
2025-06-30 07:51:00,46.0,404.8322,216,3.1999999999999993,4.3,3.8000000000000007,1380.353
2025-06-30 07:54:00,41.0,388.5995,216,2.900000000000002,5.1,3.3999999999999986,1268.878
2025-06-30 07:57:00,40.0,352.691,216,2.8000000000000007,4.999999999999999,3.4999999999999964,1231.078
2025-06-30 08:00:00,39.0,360.3154,216,2.8999999999999986,5.000000000000001,3.200000000000003,1197.905
2025-06-30 08:03:00,39.5,361.7911,216,3.0,5.000000000000001,3.1999999999999957,1202.575
2025-06-30 08:06:00,40.0,384.9103,216,2.900000000000002,4.9,3.3999999999999986,1225.301
2025-06-30 08:09:00,41.5,405.0781,216,3.0,4.8,3.400000000000002,1280.527
2025-06-30 08:12:00,40.5,402.6187,216,3.099999999999998,5.0,3.3000000000000007,1273.773
2025-06-30 08:15:00,40.0,381.713,216,3.0,4.9,3.299999999999997,1253.207
2025-06-30 08:18:00,39.5,362.7749,216,3.0,5.0,3.1000000000000014,1223.971
2025-06-30 08:21:00,39.5,362.7749,216,2.8999999999999986,5.2,3.200000000000003,1215.157
2025-06-30 08:24:00,39.5,359.5775,216,3.0,5.199999999999999,3.1000000000000014,1218.327
2025-06-30 08:27:00,40.0,358.8397,216,2.900000000000002,5.1,3.1999999999999957,1229.148
2025-06-30 08:30:00,40.0,366.2182,216,3.0,5.1,3.1999999999999993,1241.453
2025-06-30 08:33:00,41.5,368.1858,216,3.0,5.1000000000000005,3.3000000000000007,1260.492
2025-06-30 08:36:00,41.0,369.4155,217,3.0,5.1000000000000005,3.3000000000000007,1259.58
2025-06-30 08:39:00,42.0,371.1371,217,3.1000000000000014,5.3,3.3000000000000007,1277.523
2025-06-30 08:42:00,42.5,382.9427,217,3.1000000000000014,5.2,3.3000000000000007,1278.945
2025-06-30 08:45:00,42.0,373.1047,217,3.1999999999999993,5.2,3.3000000000000043,1291.697
2025-06-30 08:48:00,43.0,371.875,217,3.1000000000000014,5.3,3.3000000000000007,1299.157
2025-06-30 08:51:00,43.0,368.6777,217,3.1000000000000014,5.3999999999999995,3.3000000000000007,1298.678
2025-06-30 08:54:00,43.0,369.4155,217,3.1999999999999993,5.3,3.3000000000000043,1305.996
2025-06-30 08:57:00,43.0,364.4965,217,3.099999999999998,5.3999999999999995,3.3000000000000043,1313.56
2025-06-30 09:00:00,42.5,355.6424,217,3.099999999999998,5.6000000000000005,3.3000000000000043,1309.272
2025-06-30 09:03:00,42.5,368.6777,217,3.099999999999998,5.500000000000001,3.3000000000000043,1304.461
2025-06-30 09:06:00,43.5,374.3345,217,3.3000000000000007,5.4,3.200000000000003,1329.593
2025-06-30 09:09:00,44.5,378.5156,217,3.3000000000000007,5.5,3.5,1363.135
2025-06-30 09:12:00,45.0,376.3021,217,3.3000000000000007,5.6,3.3999999999999986,1403.221
2025-06-30 09:15:00,45.5,408.2755,217,3.3999999999999986,5.8,3.400000000000002,1420.456
2025-06-30 09:18:00,42.0,470.0087,217,3.599999999999998,4.8,2.3999999999999986,2745.551
2025-06-30 09:21:00,46.5,452.7923,217,2.0,2.0999999999999996,2.6999999999999993,1387.0378
2025-06-30 09:24:00,66.0,443.2002,217,3.8999999999999986,5.000000000000001,4.0000000000000036,1995.2215
2025-06-30 09:27:00,69.0,453.7761,217,4.099999999999998,5.500000000000001,4.200000000000003,2087.603
2025-06-30 09:30:00,71.0,460.9086,217,4.300000000000001,5.700000000000001,4.199999999999996,2177.9260000000004
2025-06-30 09:33:00,74.5,475.1736,217,4.599999999999998,5.9,4.399999999999999,2282.2960000000003
2025-06-30 09:36:00,74.0,468.7789,218,4.600000000000001,6.000000000000001,4.299999999999997,2250.3320000000003
2025-06-30 09:39:00,75.5,471.9763,218,4.600000000000001,6.2,4.399999999999999,2313.009
2025-06-30 09:42:00,79.0,526.0851,218,4.899999999999999,6.300000000000001,4.800000000000004,2430.456
2025-06-30 09:45:00,76.5,444.43,218,4.899999999999999,6.699999999999999,4.600000000000001,2303.438
2025-06-30 09:48:00,75.0,449.103,218,4.800000000000004,6.7,4.5,2278.628
2025-06-30 09:51:00,75.0,457.4652,218,4.800000000000001,6.5,4.5,2267.7039999999997
2025-06-30 09:54:00,75.5,483.044,218,4.900000000000002,6.300000000000001,4.5,2304.554
2025-06-30 09:57:00,76.5,479.3548,218,4.900000000000002,6.299999999999999,4.5,2329.562
2025-06-30 10:00:00,75.0,486.7332,218,4.900000000000002,6.1,4.399999999999999,2275.9669999999996
2025-06-30 10:03:00,76.0,489.6846,218,4.900000000000002,6.1,4.5,2303.826
2025-06-30 10:06:00,75.0,479.6007,218,4.900000000000002,6.199999999999999,4.399999999999999,2297.666
2025-06-30 10:09:00,75.5,471.4844,218,4.900000000000002,6.199999999999999,4.399999999999999,2286.3419999999996
2025-06-30 10:12:00,75.5,470.9925,218,4.900000000000002,6.199999999999999,4.399999999999999,2272.462
2025-06-30 10:15:00,76.0,490.6684,218,4.900000000000002,6.199999999999999,4.5,2299.906
2025-06-30 10:18:00,76.5,501.7361,218,4.9999999999999964,6.300000000000001,4.5,2331.739
2025-06-30 10:21:00,79.5,540.1042,218,4.800000000000001,5.6000000000000005,4.5,2454.08
2025-06-30 10:24:00,82.0,525.1013,218,4.900000000000002,5.700000000000001,4.599999999999994,2514.725
2025-06-30 10:27:00,84.5,517.4769,218,5.199999999999999,6.2,4.799999999999997,2584.651
2025-06-30 10:30:00,84.0,519.9363,218,5.300000000000001,6.5,4.799999999999997,2567.6620000000003
2025-06-30 10:33:00,83.5,502.9659,218,5.199999999999999,6.5,4.800000000000004,2549.874
2025-06-30 10:36:00,83.5,500.7523,219,5.199999999999999,6.7,4.800000000000004,2555.97
2025-06-30 10:39:00,81.0,467.0573,219,5.099999999999998,6.8,4.600000000000001,2464.1549999999997
2025-06-30 10:42:00,79.5,466.3194,219,4.900000000000002,6.8,4.5,2368.2650000000003
2025-06-30 10:45:00,77.5,462.1383,219,4.900000000000002,6.8,4.5,2369.849
2025-06-30 10:48:00,77.0,450.0868,219,4.900000000000002,6.7,4.399999999999999,2336.0519999999997
2025-06-30 10:51:00,73.5,433.1163,219,4.599999999999998,6.8,4.200000000000003,2212.908
2025-06-30 10:54:00,71.0,441.7245,219,4.199999999999999,6.3,3.9999999999999964,2147.831
2025-06-30 10:57:00,71.5,436.8056,219,4.199999999999999,6.3,4.099999999999998,2168.855
2025-06-30 11:00:00,72.0,440.2488,219,4.199999999999999,6.2,4.099999999999998,2168.7929999999997
2025-06-30 11:03:00,72.0,451.0706,219,4.199999999999999,6.000000000000001,3.9999999999999964,2183.4719999999998
2025-06-30 11:06:00,71.5,449.103,219,4.199999999999999,6.1000000000000005,4.199999999999999,2160.887
2025-06-30 11:09:00,72.5,445.4138,219,4.199999999999999,6.200000000000001,4.300000000000001,2186.238
2025-06-30 11:12:00,72.5,455.2517,219,4.299999999999997,6.200000000000001,4.200000000000003,2181.206
2025-06-30 11:15:00,72.0,449.3489,219,4.399999999999999,6.200000000000001,4.300000000000004,2188.3559999999998
2025-06-30 11:18:00,73.5,455.4977,219,4.5,6.4,4.200000000000003,2210.4260000000004
2025-06-30 11:21:00,73.0,460.9086,219,4.5,6.300000000000001,4.299999999999997,2201.062
2025-06-30 11:24:00,73.0,457.9572,219,4.5,6.300000000000001,4.299999999999997,2192.788
2025-06-30 11:27:00,73.0,458.4491,219,4.399999999999999,6.200000000000001,4.299999999999997,2203.203
2025-06-30 11:30:00,72.5,456.2355,219,4.399999999999999,6.300000000000001,4.299999999999997,2195.846
2025-06-30 11:33:00,72.0,473.206,219,4.5,6.300000000000001,4.299999999999997,2191.6400000000003
2025-06-30 11:36:00,75.0,482.3062,220,4.600000000000001,6.200000000000001,4.5,2245.023
2025-06-30 11:39:00,75.0,493.6198,220,4.700000000000003,6.1000000000000005,4.399999999999999,2267.988
2025-06-30 11:42:00,74.5,489.1927,220,4.600000000000001,6.300000000000001,4.5,2261.943
2025-06-30 11:45:00,74.0,477.6331,220,4.700000000000003,6.3,4.199999999999996,2227.385
2025-06-30 11:48:00,76.0,475.1736,220,4.5,6.0,4.200000000000003,2303.559
2025-06-30 11:51:00,75.0,488.4549,220,4.600000000000001,6.1,4.299999999999997,2302.424
2025-06-30 11:54:00,77.0,490.4225,220,4.600000000000001,6.2,4.5,2343.417
2025-06-30 11:57:00,78.0,484.7656,220,4.700000000000003,6.2,4.399999999999999,2356.6769999999997
2025-06-30 12:00:00,78.5,489.6846,220,4.700000000000003,6.2,4.5,2377.9610000000002
2025-06-30 12:03:00,78.0,494.8495,220,4.799999999999997,6.4,4.5,2366.018
2025-06-30 12:06:00,78.0,477.1412,220,4.700000000000003,6.4,4.599999999999994,2355.9629999999997
2025-06-30 12:09:00,79.0,479.6007,220,4.799999999999997,6.5,4.600000000000001,2360.851
2025-06-30 12:12:00,78.5,483.2899,220,4.799999999999997,6.5,4.600000000000001,2381.816
2025-06-30 12:15:00,78.5,482.0602,220,4.799999999999997,6.6,4.700000000000003,2380.705
2025-06-30 12:18:00,78.0,475.1736,220,4.799999999999997,6.6,4.700000000000003,2346.8959999999997
2025-06-30 12:21:00,78.0,471.9763,220,4.899999999999999,6.6,4.600000000000001,2336.114
2025-06-30 12:24:00,78.0,478.6169,220,5.0,6.6,4.5,2363.424
2025-06-30 12:27:00,77.0,470.2546,220,5.0,6.6,4.5,2341.316
2025-06-30 12:30:00,77.5,456.7274,220,5.0,6.6,4.5,2315.177
2025-06-30 12:33:00,77.5,468.533,220,5.0,6.6,4.5,2328.259
2025-06-30 12:36:00,77.5,480.0926,221,5.0,6.6,4.600000000000001,2349.205
2025-06-30 12:39:00,77.5,478.6169,221,5.0,6.6,4.600000000000001,2337.9669999999996
2025-06-30 12:42:00,78.0,476.1574,221,5.100000000000001,6.5,4.600000000000001,2369.955
2025-06-30 12:45:00,78.5,476.4034,221,5.100000000000001,6.4,4.600000000000001,2362.48
2025-06-30 12:48:00,78.5,471.9763,221,5.100000000000001,6.6,4.5,2363.111
2025-06-30 12:51:00,78.5,477.1412,221,5.100000000000001,6.6,4.600000000000001,2357.727
2025-06-30 12:54:00,78.5,476.1574,221,5.100000000000001,6.6,4.600000000000001,2376.353
2025-06-30 12:57:00,79.0,482.3062,221,5.100000000000001,6.6,4.600000000000001,2383.582
2025-06-30 13:00:00,79.5,483.5359,221,5.100000000000001,6.6,4.600000000000001,2397.771
2025-06-30 13:03:00,79.5,486.2413,221,5.100000000000001,6.6,4.600000000000001,2383.474
2025-06-30 13:06:00,78.0,478.8629,221,5.100000000000001,6.6,4.600000000000001,2376.281
2025-06-30 13:09:00,77.0,472.4682,221,5.0,6.6,4.600000000000001,2362.5789999999997
2025-06-30 13:12:00,78.5,470.7465,221,5.100000000000001,6.6,4.5,2365.642
2025-06-30 13:15:00,78.5,477.6331,221,5.0,6.699999999999999,4.600000000000001,2378.42
2025-06-30 13:18:00,78.5,483.5359,221,5.100000000000001,6.699999999999999,4.600000000000001,2376.923
2025-06-30 13:21:00,79.5,482.3062,221,5.100000000000001,6.6,4.699999999999996,2402.595
2025-06-30 13:24:00,79.0,487.2251,221,5.200000000000003,6.6,4.599999999999994,2401.844
2025-06-30 13:27:00,79.0,491.6522,221,5.100000000000001,6.6,4.599999999999994,2412.0460000000003
2025-06-30 13:30:00,79.5,493.3738,221,5.200000000000003,6.5,4.5,2404.9030000000002
2025-06-30 13:33:00,80.0,475.9114,221,5.0,6.6,4.600000000000001,2401.802
2025-06-30 13:36:00,78.0,481.8142,222,4.899999999999999,6.6,4.600000000000001,2373.0919999999996
2025-06-30 13:39:00,79.5,489.1927,222,5.0,6.5,4.5,2384.004
2025-06-30 13:42:00,78.5,489.6846,222,4.899999999999999,6.5,4.600000000000001,2379.036
2025-06-30 13:45:00,79.5,483.044,222,5.0,6.6,4.600000000000001,2372.517
2025-06-30 13:48:00,79.0,483.2899,222,5.0,6.5,4.5,2374.6589999999997
2025-06-30 13:51:00,79.0,487.2251,222,5.0,6.5,4.600000000000001,2374.0950000000003
2025-06-30 13:54:00,78.0,488.7008,222,5.0,6.6,4.5,2380.0910000000003
2025-06-30 13:57:00,79.0,475.6655,222,4.899999999999999,6.6,4.600000000000001,2380.877
2025-06-30 14:00:00,78.5,477.3871,222,4.899999999999999,6.699999999999999,4.600000000000001,2387.567
2025-06-30 14:03:00,77.5,456.4815,222,4.799999999999997,6.799999999999999,4.5,2323.2430000000004
2025-06-30 14:06:00,76.0,451.8085,222,4.799999999999997,6.8999999999999995,4.400000000000006,2292.4120000000003
2025-06-30 14:09:00,75.5,452.3004,222,4.700000000000003,6.699999999999999,4.399999999999999,2302.172
2025-06-30 14:12:00,75.5,446.6435,222,4.600000000000001,6.699999999999999,4.5,2271.736
2025-06-30 14:15:00,73.5,436.3137,222,4.600000000000001,6.799999999999999,4.199999999999996,2209.346
2025-06-30 14:18:00,72.5,427.2136,222,4.600000000000001,6.8999999999999995,4.199999999999996,2214.8059999999996
2025-06-30 14:21:00,70.0,414.1782,222,4.300000000000001,6.8,3.8000000000000007,2055.309
2025-06-30 14:24:00,71.0,424.2621,222,4.300000000000001,6.3999999999999995,3.9999999999999964,2144.474
2025-06-30 14:27:00,71.5,421.0648,222,4.300000000000001,6.3999999999999995,3.9999999999999964,2162.6980000000003
2025-06-30 14:30:00,71.5,418.1134,222,4.199999999999999,6.499999999999999,3.9999999999999964,2156.576
2025-06-30 14:33:00,71.0,412.9485,222,4.300000000000001,6.499999999999999,3.9999999999999964,2151.976
2025-06-30 14:36:00,72.0,422.7865,223,4.300000000000001,6.499999999999999,3.9999999999999964,2152.437
2025-06-30 14:39:00,71.0,424.0162,223,4.199999999999999,6.3999999999999995,4.199999999999999,2145.1409999999996
2025-06-30 14:42:00,71.0,421.0648,223,4.199999999999999,6.3999999999999995,4.300000000000001,2165.374
2025-06-30 14:45:00,72.0,435.3299,223,4.399999999999999,6.5,4.200000000000003,2181.48
2025-06-30 14:48:00,72.0,446.8895,223,4.399999999999999,6.3999999999999995,4.299999999999997,2201.816
2025-06-30 14:51:00,72.0,439.0191,223,4.5,6.5,4.299999999999997,2205.498
2025-06-30 14:54:00,71.5,435.3299,223,4.5,6.6,4.299999999999997,2182.978
2025-06-30 14:57:00,72.0,436.3137,223,4.600000000000001,6.5,4.199999999999996,2201.13
2025-06-30 15:00:00,71.5,437.5434,223,4.5,6.6,4.299999999999997,2177.4449999999997
2025-06-30 15:03:00,72.0,438.7731,223,4.400000000000002,6.6,4.399999999999999,2194.096
2025-06-30 15:06:00,73.0,443.9381,223,4.5000000000000036,6.5,4.299999999999997,2190.102
2025-06-30 15:09:00,72.5,445.4138,223,4.5000000000000036,6.5,4.299999999999997,2202.63
2025-06-30 15:12:00,72.0,444.184,223,4.5000000000000036,6.5,4.199999999999996,2194.6769999999997
2025-06-30 15:15:00,72.0,428.1974,223,4.300000000000001,6.2,4.100000000000001,2167.9629999999997
2025-06-30 15:18:00,71.5,427.7054,223,4.300000000000001,6.3,4.100000000000001,2154.843
2025-06-30 15:21:00,72.0,438.2813,223,4.300000000000001,6.3,4.100000000000001,2188.0209999999997
2025-06-30 15:24:00,72.0,437.5434,223,4.400000000000002,6.3999999999999995,4.100000000000001,2179.974
2025-06-30 15:27:00,71.5,440.2488,223,4.400000000000002,6.3,4.100000000000001,2181.451
2025-06-30 15:30:00,73.0,448.8571,223,4.5000000000000036,6.499999999999999,4.299999999999997,2227.594
2025-06-30 15:33:00,73.0,439.511,223,4.5000000000000036,6.499999999999999,4.299999999999997,2213.103
2025-06-30 15:36:00,73.0,435.0839,224,4.599999999999998,6.6,4.300000000000004,2220.652
2025-06-30 15:39:00,73.0,438.2813,224,4.4999999999999964,6.6,4.300000000000004,2221.833
2025-06-30 15:42:00,73.0,433.1163,224,4.4999999999999964,6.6,4.400000000000006,2229.138
2025-06-30 15:45:00,72.5,433.3623,224,4.599999999999998,6.6,4.200000000000003,2205.283
2025-06-30 15:48:00,73.5,438.7731,224,4.699999999999999,6.6,4.200000000000003,2222.1440000000002
2025-06-30 15:51:00,72.5,444.184,224,4.599999999999998,6.6,4.300000000000004,2206.424
2025-06-30 15:54:00,72.5,439.265,224,4.699999999999999,6.6,4.299999999999997,2217.266
2025-06-30 15:57:00,73.5,430.6568,224,4.599999999999998,6.6,4.300000000000004,2189.942
2025-06-30 16:00:00,73.5,435.0839,224,4.400000000000002,6.3,4.099999999999994,2206.2690000000002
2025-06-30 16:03:00,72.5,433.8542,224,4.400000000000002,6.3,4.0,2179.6890000000003
2025-06-30 16:06:00,73.0,420.5729,224,4.400000000000002,6.3,4.099999999999994,2166.1000000000004
2025-06-30 16:09:00,72.0,421.8027,224,4.300000000000004,6.3,4.099999999999994,2162.183
2025-06-30 16:12:00,73.0,439.0191,224,4.399999999999999,6.5,4.300000000000004,2174.625
2025-06-30 16:15:00,73.5,437.7894,224,4.5,6.5,4.300000000000004,2205.9570000000003
2025-06-30 16:18:00,74.0,430.1649,224,4.600000000000001,6.6,4.200000000000003,2197.943
2025-06-30 16:21:00,72.5,433.8542,224,4.600000000000001,6.6,4.200000000000003,2183.957
2025-06-30 16:24:00,73.0,423.0324,224,4.600000000000001,6.699999999999999,4.200000000000003,2177.5330000000004
2025-06-30 16:27:00,72.0,419.8351,224,4.600000000000001,6.8,4.100000000000001,2154.362
2025-06-30 16:30:00,71.5,427.9514,224,4.299999999999997,6.5,3.9000000000000057,2130.39
2025-06-30 16:33:00,73.0,424.5081,224,4.299999999999997,6.3999999999999995,4.100000000000001,2180.493
2025-06-30 16:36:00,73.0,414.6701,225,4.299999999999997,6.3999999999999995,4.100000000000001,2171.376
2025-06-30 16:39:00,72.0,406.7998,225,4.299999999999997,6.5,4.100000000000001,2147.661
2025-06-30 16:42:00,72.0,413.6863,225,4.399999999999999,6.6,4.100000000000001,2167.3360000000002
2025-06-30 16:45:00,72.5,418.3594,225,4.5,6.6,4.100000000000001,2183.8469999999998
2025-06-30 16:48:00,73.5,415.8999,225,4.5,6.6,4.200000000000003,2182.7870000000003
2025-06-30 16:51:00,73.0,417.3756,225,4.5,6.699999999999999,4.200000000000003,2201.677
2025-06-30 16:54:00,72.5,411.9647,225,4.5,6.8,4.100000000000001,2175.225
2025-06-30 16:57:00,72.0,420.327,225,4.399999999999999,6.8,4.100000000000001,2157.925
2025-06-30 17:00:00,71.0,419.3432,225,4.399999999999999,6.699999999999999,4.200000000000003,2156.669
2025-06-30 17:03:00,72.0,416.1458,225,4.399999999999999,6.8,4.200000000000003,2135.118
2025-06-30 17:06:00,72.5,413.6863,225,4.399999999999999,6.6,4.200000000000003,2148.298
2025-06-30 17:09:00,70.0,421.0648,225,4.199999999999996,6.3,3.9000000000000057,2106.559
2025-06-30 17:12:00,71.0,420.8188,225,4.199999999999996,6.3,4.0,2131.4719999999998
2025-06-30 17:15:00,71.0,416.1458,225,4.199999999999996,6.3,4.0,2136.3779999999997
2025-06-30 17:18:00,71.0,418.1134,225,4.299999999999997,6.3,3.8999999999999986,2124.319
2025-06-30 17:21:00,70.5,411.2269,225,4.199999999999996,6.3999999999999995,4.0,2115.098
2025-06-30 17:24:00,70.5,415.408,225,4.299999999999997,6.3,3.8999999999999986,2114.812
2025-06-30 17:27:00,71.0,413.6863,225,4.199999999999996,6.3,4.0,2111.04
2025-06-30 17:30:00,70.0,408.0295,225,4.199999999999996,6.3999999999999995,4.0,2094.057
2025-06-30 17:33:00,70.0,404.5862,225,4.199999999999996,6.3999999999999995,4.0,2100.7929999999997
2025-06-30 17:36:00,70.5,399.4213,226,4.299999999999997,6.5,3.8999999999999986,2112.358
2025-06-30 17:39:00,70.5,404.3403,226,4.199999999999996,6.6,4.0,2096.498
2025-06-30 17:42:00,69.5,386.6319,226,4.299999999999997,6.5,3.8999999999999986,2089.341
2025-06-30 17:45:00,68.5,383.9265,226,4.199999999999996,6.5,3.9000000000000057,2049.101
2025-06-30 17:48:00,66.5,345.8044,226,4.100000000000001,6.8999999999999995,3.5999999999999943,1965.4082
2025-06-30 17:51:00,65.0,351.7072,226,4.0,6.8999999999999995,3.6000000000000014,1930.7404999999999
2025-06-30 17:54:00,64.5,352.1991,226,4.0,6.8,3.6000000000000014,1921.2363
2025-06-30 17:57:00,63.5,360.5613,226,3.8999999999999986,6.6,3.700000000000003,1903.7678
2025-06-30 18:00:00,64.5,361.5451,226,4.0,6.6,3.6999999999999957,1932.1803
2025-06-30 18:03:00,66.0,387.8617,226,4.100000000000001,6.699999999999999,3.799999999999997,1970.9609
2025-06-30 18:06:00,67.0,373.8426,226,4.100000000000001,6.6,3.799999999999997,1997.3006
2025-06-30 18:09:00,65.5,352.1991,226,4.0,6.799999999999999,3.6000000000000014,1940.3647
2025-06-30 18:12:00,64.0,351.9531,226,3.8999999999999986,6.799999999999999,3.700000000000003,1916.5534
2025-06-30 18:15:00,59.0,314.5688,226,3.6999999999999993,7.1,3.3000000000000007,1744.0029
2025-06-30 18:18:00,56.5,312.1094,226,3.5,6.699999999999999,3.1999999999999957,1675.5998
2025-06-30 18:21:00,58.0,335.7205,226,3.5,6.6,3.5,1745.4576
2025-06-30 18:24:00,69.0,435.5758,226,4.0,5.8999999999999995,4.199999999999996,2100.196
2025-06-30 18:27:00,72.0,429.4271,226,4.299999999999997,6.1,4.200000000000003,2168.553
2025-06-30 18:30:00,74.0,431.6406,226,4.399999999999999,6.3,4.299999999999997,2215.7259999999997
2025-06-30 18:33:00,73.0,418.3594,226,4.399999999999999,6.3999999999999995,4.200000000000003,2193.882
2025-06-30 18:36:00,72.0,426.9676,227,4.5,6.3999999999999995,4.199999999999996,2187.6220000000003
2025-06-30 18:39:00,73.5,425.9838,227,4.5,6.3999999999999995,4.399999999999999,2219.782
2025-06-30 18:42:00,72.0,415.408,227,4.5,6.5,4.199999999999996,2177.147
2025-06-30 18:45:00,72.5,419.3432,227,4.600000000000001,6.6,4.199999999999996,2191.605
2025-06-30 18:48:00,69.5,394.0104,227,4.5,6.7,4.0,2093.7690000000002
2025-06-30 18:51:00,67.5,392.0428,227,4.399999999999999,6.7,3.799999999999997,2002.1177
2025-06-30 18:54:00,66.0,394.7483,227,4.199999999999996,6.300000000000001,3.700000000000003,1974.4148
2025-06-30 18:57:00,66.5,390.3212,227,4.100000000000001,6.200000000000001,3.799999999999997,1967.7227
2025-06-30 19:00:00,66.0,391.059,227,4.100000000000001,6.199999999999999,3.799999999999997,1958.442
2025-06-30 19:03:00,65.0,379.2535,227,4.100000000000001,6.299999999999999,3.6999999999999957,1930.4018
2025-06-30 19:06:00,65.0,373.5966,227,4.100000000000001,6.300000000000001,3.6999999999999957,1944.8455
2025-06-30 19:09:00,64.0,343.3449,227,4.0,6.500000000000001,3.6000000000000014,1871.8420999999998
2025-06-30 19:12:00,61.0,362.7749,227,3.6999999999999993,6.4,3.6999999999999993,1820.6833
2025-06-30 19:15:00,63.0,404.3403,227,3.8999999999999986,6.300000000000001,3.700000000000003,1905.3109
2025-06-30 19:18:00,72.0,478.371,227,4.399999999999999,5.700000000000001,4.100000000000001,2171.682
2025-06-30 19:21:00,76.5,468.7789,227,4.399999999999999,5.9,4.399999999999999,2282.8
2025-06-30 19:24:00,76.5,486.7332,227,4.5,6.0,4.5,2287.868
2025-06-30 19:27:00,77.5,482.3062,227,4.600000000000001,6.1,4.599999999999994,2364.652
2025-06-30 19:30:00,77.5,463.614,227,4.699999999999996,6.4,4.400000000000006,2356.483
2025-06-30 19:33:00,78.0,447.8733,227,4.699999999999996,6.5,4.5,2353.142
2025-06-30 19:36:00,77.5,449.8409,228,4.699999999999996,6.699999999999999,4.5,2327.848
2025-06-30 19:39:00,78.5,460.4167,228,4.799999999999997,6.5,4.600000000000001,2367.2290000000003
2025-06-30 19:42:00,78.0,458.941,228,4.899999999999999,6.6,4.5,2355.33
2025-06-30 19:45:00,77.0,457.2193,228,4.899999999999999,6.6,4.5,2369.6220000000003
2025-06-30 19:48:00,77.0,447.8733,228,4.899999999999999,6.799999999999999,4.5,2338.005
2025-06-30 19:51:00,75.5,439.0191,228,4.699999999999999,6.8999999999999995,4.399999999999999,2292.9489999999996
2025-06-30 19:54:00,74.5,444.184,228,4.799999999999997,6.8,4.399999999999999,2248.669
2025-06-30 19:57:00,76.0,435.3299,228,4.799999999999997,6.699999999999999,4.399999999999999,2280.1400000000003
2025-06-30 20:00:00,73.5,444.184,228,4.599999999999998,6.699999999999999,4.100000000000001,2200.9
2025-06-30 20:03:00,74.5,439.0191,228,4.5000000000000036,6.3,4.099999999999994,2229.504
2025-06-30 20:06:00,73.5,445.1678,228,4.5,6.3,4.199999999999996,2237.372
2025-06-30 20:09:00,74.0,438.0353,228,4.400000000000002,6.4,4.199999999999996,2211.724
2025-06-30 20:12:00,73.0,407.5376,228,4.300000000000001,6.4,4.100000000000001,2182.811
2025-06-30 20:15:00,73.0,431.8866,228,4.400000000000002,6.6,4.199999999999996,2227.299
2025-06-30 20:18:00,74.0,438.0353,228,4.5000000000000036,6.5,4.299999999999997,2230.8019999999997
2025-06-30 20:21:00,74.0,445.6598,228,4.599999999999998,6.300000000000001,4.300000000000004,2251.545
2025-06-30 20:24:00,73.5,440.4948,228,4.599999999999998,6.4,4.300000000000004,2207.139
2025-06-30 20:27:00,73.5,441.4786,228,4.4999999999999964,6.5,4.300000000000004,2226.029
2025-06-30 20:30:00,73.0,439.511,228,4.4999999999999964,6.6,4.300000000000004,2208.035
2025-06-30 20:33:00,72.5,441.2326,228,4.599999999999998,6.6,4.300000000000004,2232.615
2025-06-30 20:36:00,75.0,474.4358,229,4.699999999999999,6.4,4.5,2317.047
2025-06-30 20:39:00,76.5,485.9954,229,4.800000000000001,6.300000000000001,4.5,2325.353
2025-06-30 20:42:00,77.0,482.3062,229,4.900000000000002,6.200000000000001,4.5,2319.8379999999997
2025-06-30 20:45:00,76.5,472.7141,229,4.900000000000002,6.4,4.5,2326.146
2025-06-30 20:48:00,76.0,470.0087,229,4.900000000000002,6.4,4.399999999999999,2302.692
2025-06-30 20:51:00,75.0,449.8409,229,4.800000000000001,6.4,4.299999999999997,2279.5240000000003
2025-06-30 20:54:00,74.0,443.9381,229,4.600000000000001,6.300000000000001,4.299999999999997,2241.327
2025-06-30 20:57:00,74.0,448.8571,229,4.700000000000003,6.200000000000001,4.299999999999997,2238.4939999999997
2025-06-30 21:00:00,74.0,447.3813,229,4.600000000000001,6.4,4.299999999999997,2233.742
2025-06-30 21:03:00,71.5,424.2621,229,4.5,6.6,4.200000000000003,2166.2380000000003
2025-06-30 21:06:00,67.5,397.6996,229,4.299999999999997,6.6,3.8000000000000043,2058.9719999999998
2025-06-30 21:09:00,69.0,395.2402,229,4.199999999999996,6.5,3.9000000000000057,2100.285
2025-06-30 21:12:00,69.0,405.816,229,4.100000000000001,6.4,4.0,2098.4260000000004
2025-06-30 21:15:00,69.5,395.978,229,4.100000000000001,6.5,4.0,2109.459
2025-06-30 21:18:00,68.0,385.1563,229,4.100000000000001,6.6,3.8999999999999986,2063.2560000000003
2025-06-30 21:21:00,68.0,391.059,229,4.100000000000001,6.6,4.0,2080.797
2025-06-30 21:24:00,68.5,385.1563,229,4.099999999999998,6.4,3.9000000000000057,2092.1090000000004
2025-06-30 21:27:00,67.5,397.4537,229,4.0000000000000036,6.4,4.0,2073.346
2025-06-30 21:30:00,67.0,393.5185,229,4.0000000000000036,6.300000000000001,3.8999999999999986,2054.1130000000003
2025-06-30 21:33:00,67.0,392.0428,229,4.0000000000000036,6.4,3.8999999999999986,2042.161
2025-06-30 21:36:00,66.5,383.9265,230,4.0000000000000036,6.199999999999999,3.8999999999999986,2037.109
2025-06-30 21:39:00,66.5,381.713,230,4.0000000000000036,6.4,3.8999999999999986,2030.029
2025-06-30 21:42:00,67.5,386.14,230,4.0000000000000036,6.299999999999999,3.8999999999999986,2029.125
2025-06-30 21:45:00,67.5,377.7778,230,4.0000000000000036,6.299999999999999,3.8999999999999986,2023.6689999999999
2025-06-30 21:48:00,66.0,390.0752,230,4.0000000000000036,6.299999999999999,3.799999999999997,2010.3308000000002
2025-06-30 21:51:00,67.0,391.059,230,4.0000000000000036,6.300000000000001,3.8999999999999986,2018.7939999999999
2025-06-30 21:54:00,66.0,379.7454,230,4.0000000000000036,6.500000000000001,3.8999999999999986,1997.1108
2025-06-30 21:57:00,65.5,372.6129,230,3.900000000000002,6.299999999999999,3.799999999999997,1968.5774000000001
2025-06-30 22:00:00,64.0,371.875,230,3.900000000000002,6.3,3.6999999999999957,1910.4389
2025-06-30 22:03:00,59.0,336.2124,230,3.8000000000000007,6.3,3.5,1748.1705000000002
2025-07-01 13:42:00,38.0,316.5365,230,1.7000000000000028,1.4000000000000004,2.6000000000000014,1158.8
2025-07-01 13:45:00,44.5,254.8032,230,2.400000000000002,4.300000000000001,3.3999999999999986,1357.216
2025-07-01 13:48:00,40.5,245.9491,230,2.599999999999998,6.6000000000000005,3.3000000000000043,1180.535
2025-07-01 13:51:00,38.0,250.8681,230,2.5,6.6000000000000005,3.1999999999999993,1145.252
2025-07-01 13:54:00,41.5,292.9254,230,2.8000000000000007,6.1000000000000005,3.3999999999999986,1257.971
2025-07-01 13:57:00,42.5,331.2934,230,2.8000000000000007,5.9,3.6000000000000014,1305.09
2025-07-01 14:00:00,45.0,411.9647,230,3.1999999999999993,5.4,3.200000000000003,1351.175
2025-07-01 14:03:00,31.5,407.0457,230,1.0,2.1999999999999993,1.3999999999999986,803.9773
2025-07-01 14:06:00,64.5,478.6169,231,3.3999999999999986,4.2,4.300000000000001,1999.6655
2025-07-01 14:09:00,72.5,477.6331,231,4.0,5.5,4.399999999999999,2160.752
2025-07-01 14:12:00,77.0,477.6331,231,4.200000000000003,5.9,4.600000000000001,2317.751
2025-07-01 14:15:00,76.5,462.3843,231,4.400000000000002,6.2,4.599999999999994,2306.99
2025-07-01 14:18:00,77.0,475.6655,231,4.5000000000000036,6.1,4.599999999999994,2345.989
2025-07-01 14:21:00,80.0,484.7656,231,4.699999999999999,6.300000000000001,4.800000000000004,2409.34
2025-07-01 14:24:00,79.5,423.2784,231,4.800000000000001,6.5,5.0,2397.524
2025-07-01 14:27:00,69.0,425.7379,231,4.300000000000001,6.7,3.799999999999997,2080.966
2025-07-01 14:30:00,69.5,421.5567,231,4.100000000000001,6.4,4.099999999999998,2092.393
2025-07-01 14:33:00,70.5,408.7674,231,4.100000000000001,6.4,4.199999999999999,2112.281
2025-07-01 14:36:00,71.0,405.0781,231,4.300000000000001,6.5,4.200000000000003,2154.7780000000002
2025-07-01 14:39:00,71.0,412.9485,231,4.300000000000001,6.5,4.200000000000003,2128.26
2025-07-01 14:42:00,71.0,413.6863,231,4.400000000000002,6.5,4.199999999999996,2142.509
2025-07-01 14:45:00,70.5,413.6863,231,4.400000000000002,6.5,4.100000000000001,2094.66
2025-07-01 14:48:00,70.0,411.2269,231,4.300000000000001,6.6000000000000005,4.200000000000003,2098.987
2025-07-01 14:51:00,68.5,431.3947,231,4.300000000000001,6.500000000000001,4.100000000000001,2045.926
2025-07-01 14:54:00,70.5,457.7112,231,4.5000000000000036,6.1000000000000005,4.299999999999997,2133.0910000000003
2025-07-01 14:57:00,72.0,465.8275,231,4.599999999999998,6.1000000000000005,4.300000000000004,2151.239
2025-07-01 15:00:00,72.5,462.1383,231,4.599999999999998,6.2,4.400000000000006,2185.8559999999998
2025-07-01 15:03:00,72.0,431.3947,231,4.599999999999998,6.3,4.300000000000004,2136.118
2025-07-01 15:06:00,68.5,432.1325,232,4.5000000000000036,6.4,3.799999999999997,2037.462
2025-07-01 15:09:00,69.5,422.0486,232,4.400000000000002,6.3,4.0,2097.163
2025-07-01 15:12:00,69.5,417.8675,232,4.400000000000002,6.3,4.0,2092.138
2025-07-01 15:15:00,71.0,446.3976,232,4.400000000000002,6.2,4.100000000000001,2166.913
2025-07-01 15:18:00,74.5,466.5654,232,4.599999999999998,6.0,4.300000000000004,2245.917
2025-07-01 15:21:00,74.5,455.2517,232,4.599999999999998,6.1,4.300000000000004,2244.96
2025-07-01 15:24:00,73.5,447.6273,232,4.5000000000000036,6.3,4.399999999999999,2243.6890000000003
2025-07-01 15:27:00,74.0,422.0486,232,4.599999999999998,6.5,4.300000000000004,2212.0339999999997
2025-07-01 15:30:00,72.5,425.246,232,4.599999999999998,6.6,4.300000000000004,2201.1
2025-07-01 15:33:00,74.0,435.8218,232,4.4999999999999964,6.699999999999999,4.400000000000006,2224.873
2025-07-01 15:36:00,75.0,444.184,232,4.800000000000001,6.6,4.299999999999997,2255.0060000000003
2025-07-01 15:39:00,75.0,440.4948,232,4.699999999999999,6.5,4.399999999999999,2252.532
2025-07-01 15:42:00,71.5,416.8837,232,4.599999999999998,6.7,4.200000000000003,2172.032
2025-07-01 15:45:00,70.5,415.408,232,4.5000000000000036,6.8,4.199999999999996,2108.19
2025-07-01 15:48:00,69.5,411.9647,232,4.5000000000000036,6.7,4.099999999999994,2075.858
2025-07-01 15:51:00,69.5,409.7512,232,4.300000000000001,6.3,4.0,2079.83
2025-07-01 15:54:00,70.0,410.9809,232,4.300000000000001,6.3999999999999995,4.0,2085.193
2025-07-01 15:57:00,69.5,400.897,232,4.300000000000001,6.3999999999999995,4.100000000000001,2075.258
2025-07-01 16:00:00,68.5,390.3212,232,4.300000000000001,6.5,3.8999999999999986,2038.3560000000002
2025-07-01 16:03:00,69.0,401.8808,232,4.199999999999999,6.4,4.0,2045.3780000000002
2025-07-01 16:06:00,68.5,397.6996,233,4.300000000000001,6.4,3.8999999999999986,2049.491
2025-07-01 16:09:00,74.0,495.3414,233,4.5000000000000036,5.9,4.399999999999999,2276.174
2025-07-01 16:12:00,78.5,487.4711,233,4.800000000000001,5.9,4.5,2365.102
2025-07-01 16:15:00,81.0,492.1441,233,4.900000000000002,6.199999999999999,4.899999999999999,2450.623
2025-07-01 16:18:00,81.5,492.8819,233,4.900000000000002,6.3,4.799999999999997,2453.6450000000004
2025-07-01 16:21:00,80.5,486.9792,233,4.900000000000002,6.3999999999999995,4.799999999999997,2458.297
2025-07-01 16:24:00,81.0,485.7494,233,4.9999999999999964,6.4,4.700000000000003,2430.74
2025-07-01 16:27:00,81.5,488.7008,233,4.9999999999999964,6.4,4.800000000000004,2451.926
2025-07-01 16:30:00,81.0,489.9306,233,4.9999999999999964,6.5,4.800000000000004,2440.3289999999997
2025-07-01 16:33:00,81.0,485.5035,233,5.099999999999998,6.5,4.800000000000004,2439.095
2025-07-01 16:36:00,80.0,489.4387,233,4.9999999999999964,6.5,4.700000000000003,2406.103
2025-07-01 16:39:00,80.0,481.0764,233,4.9999999999999964,6.5,4.700000000000003,2412.32
2025-07-01 16:42:00,79.5,486.9792,233,4.9999999999999964,6.5,4.700000000000003,2404.678
2025-07-01 16:45:00,79.0,491.1603,233,4.9999999999999964,6.4,4.700000000000003,2383.7389999999996
2025-07-01 16:48:00,79.5,480.8304,233,4.9999999999999964,6.4,4.700000000000003,2401.6040000000003
2025-07-01 16:51:00,78.0,476.8952,233,4.9999999999999964,6.4,4.5,2354.9719999999998
2025-07-01 16:54:00,77.0,496.0793,233,5.0000000000000036,6.299999999999999,4.5,2327.453
2025-07-01 16:57:00,77.0,467.5492,233,5.0000000000000036,6.300000000000001,4.5,2324.942
2025-07-01 17:00:00,77.0,476.8952,233,4.900000000000002,6.4,4.5,2320.9809999999998
2025-07-01 17:03:00,77.0,476.4034,233,4.800000000000001,6.4,4.5,2312.2110000000002
2025-07-01 17:06:00,77.0,469.0249,234,4.800000000000001,6.4,4.600000000000001,2330.883
2025-07-01 17:09:00,78.0,483.044,234,5.0000000000000036,6.5,4.599999999999994,2341.007
2025-07-01 17:12:00,77.5,474.4358,234,5.0000000000000036,6.5,4.5,2339.542
2025-07-01 17:15:00,78.0,476.4034,234,4.800000000000001,6.4,4.600000000000001,2332.323
2025-07-01 17:18:00,76.0,458.4491,234,4.800000000000001,6.4,4.5,2309.777
2025-07-01 17:21:00,76.5,482.0602,234,4.900000000000002,6.4,4.600000000000001,2310.701
2025-07-01 17:24:00,77.0,482.0602,234,4.800000000000001,6.4,4.600000000000001,2311.3599999999997
2025-07-01 17:27:00,77.5,489.1927,234,4.800000000000001,6.5,4.600000000000001,2335.7
2025-07-01 17:30:00,77.0,483.5359,234,4.900000000000002,6.4,4.599999999999994,2327.023
2025-07-01 17:33:00,78.5,488.7008,234,4.900000000000002,6.4,4.5,2338.484
2025-07-01 17:36:00,78.5,476.8952,234,4.900000000000002,6.3,4.599999999999994,2356.297
2025-07-01 17:39:00,77.5,481.0764,234,4.900000000000002,6.4,4.599999999999994,2340.6850000000004
2025-07-01 17:42:00,77.5,481.0764,234,4.800000000000001,6.5,4.600000000000001,2336.603
2025-07-01 17:45:00,76.5,470.9925,234,4.900000000000002,6.4,4.599999999999994,2298.035
2025-07-01 17:48:00,76.0,467.3032,234,4.900000000000002,6.5,4.5,2283.897
2025-07-01 17:51:00,77.0,485.5035,234,4.900000000000002,6.4,4.599999999999994,2310.282
2025-07-01 17:54:00,76.0,460.4167,234,4.900000000000002,6.5,4.599999999999994,2291.96
2025-07-01 17:57:00,76.5,482.3062,234,4.900000000000002,6.4,4.599999999999994,2320.633
2025-07-01 18:00:00,77.0,495.3414,234,4.9999999999999964,6.4,4.700000000000003,2336.6040000000003
2025-07-01 18:03:00,79.0,496.8171,234,4.9999999999999964,6.4,4.800000000000004,2371.004
2025-07-01 18:06:00,78.5,482.0602,235,4.9999999999999964,6.4,4.700000000000003,2381.718
2025-07-01 18:09:00,79.0,474.9276,235,4.9999999999999964,6.5,4.600000000000001,2356.964
2025-07-01 18:12:00,78.5,480.0926,235,4.9999999999999964,6.3999999999999995,4.600000000000001,2362.641
2025-07-01 18:15:00,78.5,437.0515,235,4.800000000000004,6.5,4.5,2299.182
2025-07-01 18:18:00,75.0,430.1649,235,4.800000000000001,6.8,4.399999999999999,2236.163
2025-07-01 18:21:00,74.5,444.43,235,4.700000000000003,6.699999999999999,4.299999999999997,2226.048
2025-07-01 18:24:00,74.5,444.43,235,4.700000000000003,6.6,4.5,2232.272
2025-07-01 18:27:00,76.0,454.2679,235,4.800000000000004,6.6,4.5,2277.3540000000003
2025-07-01 18:30:00,77.0,450.3327,235,4.900000000000002,6.5,4.5,2309.5739999999996
2025-07-01 18:33:00,76.0,450.0868,235,4.800000000000001,6.5,4.399999999999999,2266.059
2025-07-01 18:36:00,76.0,435.8218,235,4.700000000000003,6.5,4.399999999999999,2236.438
2025-07-01 18:39:00,75.5,440.7407,235,4.800000000000004,6.5,4.399999999999999,2264.6090000000004
2025-07-01 18:42:00,75.0,444.43,235,4.700000000000003,6.6,4.5,2240.715
2025-07-01 18:45:00,74.5,430.9027,235,4.700000000000003,6.7,4.399999999999999,2222.413
2025-07-01 18:48:00,73.5,441.7245,235,4.699999999999999,6.3,4.100000000000001,2186.904
2025-07-01 18:51:00,75.5,453.0382,235,4.699999999999999,6.2,4.100000000000001,2232.905
2025-07-01 18:54:00,74.5,442.9543,235,4.699999999999999,6.1000000000000005,4.100000000000001,2220.55
2025-07-01 18:57:00,74.0,441.2326,235,4.599999999999998,6.1,4.200000000000003,2180.166
2025-07-01 19:00:00,73.5,448.6111,235,4.699999999999999,6.2,4.200000000000003,2194.196
2025-07-01 19:03:00,71.0,445.6598,235,4.599999999999998,6.2,4.200000000000003,2131.4629999999997
2025-07-01 19:06:00,70.5,436.8056,236,4.4999999999999964,6.2,4.100000000000001,2097.365
2025-07-01 19:09:00,70.0,446.1516,236,4.400000000000002,6.1,4.099999999999994,2071.264
2025-07-01 19:12:00,69.0,446.8895,236,4.400000000000002,6.1,4.299999999999997,2095.853
2025-07-01 19:15:00,69.0,441.2326,236,4.400000000000002,6.2,4.099999999999994,2073.951
2025-07-01 19:18:00,67.5,441.4786,236,4.300000000000001,6.1,4.0,2029.575
2025-07-01 19:21:00,70.5,436.8056,236,4.400000000000002,5.8999999999999995,4.0,2098.504
2025-07-01 19:24:00,71.0,449.8409,236,4.400000000000002,6.000000000000001,4.099999999999994,2116.1440000000002
2025-07-01 19:27:00,72.0,443.6921,236,4.400000000000002,5.9,4.199999999999996,2155.08
2025-07-01 19:30:00,71.5,441.9705,236,4.400000000000002,6.000000000000001,4.099999999999994,2151.5209999999997
2025-07-01 19:33:00,72.0,435.3299,236,4.4999999999999964,6.000000000000001,4.200000000000003,2170.812
2025-07-01 19:36:00,72.0,428.1974,236,4.400000000000002,6.000000000000001,4.199999999999996,2158.534
2025-07-01 19:39:00,71.5,426.7216,236,4.400000000000002,6.200000000000001,4.099999999999994,2129.692
2025-07-01 19:42:00,71.0,424.0162,236,4.400000000000002,6.1000000000000005,4.099999999999994,2126.4030000000002
2025-07-01 19:45:00,71.0,426.7216,236,4.400000000000002,6.200000000000001,4.099999999999994,2112.8909999999996
2025-07-01 19:48:00,71.5,433.8542,236,4.400000000000002,6.1000000000000005,4.099999999999994,2140.295
2025-07-01 19:51:00,72.0,433.8542,236,4.400000000000002,6.1000000000000005,4.099999999999994,2118.861
2025-07-01 19:54:00,71.0,429.673,236,4.400000000000002,6.1000000000000005,4.099999999999994,2120.714
2025-07-01 19:57:00,71.5,420.8188,236,4.400000000000002,6.1000000000000005,4.099999999999994,2113.627
2025-07-01 20:00:00,70.0,435.0839,236,4.300000000000001,6.1000000000000005,4.100000000000001,2114.308
2025-07-01 20:03:00,72.0,434.3461,236,4.400000000000002,6.000000000000001,4.299999999999997,2155.806
2025-07-01 20:06:00,71.0,418.3594,237,4.400000000000002,6.1000000000000005,4.099999999999994,2136.449
2025-07-01 20:09:00,70.0,421.8027,237,4.400000000000002,6.200000000000001,4.100000000000001,2117.0209999999997
2025-07-01 20:12:00,70.0,425.7379,237,4.300000000000001,6.200000000000001,4.199999999999996,2103.1040000000003
2025-07-01 20:15:00,71.5,423.0324,237,4.400000000000002,6.300000000000001,4.299999999999997,2133.255
2025-07-01 20:18:00,71.0,433.3623,237,4.4999999999999964,6.300000000000001,4.200000000000003,2152.294
2025-07-01 20:21:00,71.0,416.6377,237,4.4999999999999964,6.4,4.200000000000003,2134.689
2025-07-01 20:24:00,71.0,413.6863,237,4.4999999999999964,6.4,4.300000000000004,2130.649
2025-07-01 20:27:00,70.5,402.3727,237,4.4999999999999964,6.6000000000000005,4.200000000000003,2091.254
2025-07-01 20:30:00,67.5,409.9971,237,4.300000000000001,6.5,3.8999999999999986,1999.893
2025-07-01 20:33:00,69.0,411.7188,237,4.199999999999999,6.2,4.0,2044.161
2025-07-01 20:36:00,68.0,407.0457,237,4.199999999999999,6.2,4.100000000000001,2050.935
2025-07-01 20:39:00,68.0,402.6187,237,4.199999999999999,6.3,4.0,2029.5819999999999
2025-07-01 20:42:00,67.5,407.5376,237,4.199999999999999,6.2,4.0,2032.116
2025-07-01 20:45:00,68.0,405.0781,237,4.300000000000001,6.3,4.0,2043.812
2025-07-01 20:48:00,68.5,405.0781,237,4.199999999999999,6.2,4.100000000000001,2049.777
2025-07-01 20:51:00,70.0,430.4109,237,4.300000000000001,6.000000000000001,4.100000000000001,2068.924
2025-07-01 20:54:00,69.5,428.1974,237,4.300000000000001,6.000000000000001,4.199999999999996,2094.4700000000003
2025-07-01 20:57:00,70.0,416.6377,237,4.300000000000001,6.1000000000000005,4.100000000000001,2078.581
2025-07-01 21:00:00,69.0,416.1458,237,4.300000000000001,6.1000000000000005,4.100000000000001,2077.1040000000003
2025-07-01 21:03:00,69.5,413.1944,237,4.400000000000002,6.1000000000000005,4.100000000000001,2073.1899999999996
2025-07-01 21:06:00,69.0,413.6863,238,4.300000000000001,6.200000000000001,4.0,2049.34
2025-07-01 21:09:00,68.5,406.0619,238,4.300000000000001,6.200000000000001,4.0,2045.347
2025-07-01 21:12:00,69.0,402.3727,238,4.300000000000001,6.300000000000001,4.0,2059.191
2025-07-01 21:15:00,68.5,398.6834,238,4.099999999999998,6.300000000000001,4.100000000000001,2035.067
2025-07-01 21:18:00,69.0,424.2621,238,4.300000000000001,6.300000000000001,4.0,2047.1770000000001
2025-07-01 21:21:00,68.0,403.1105,238,4.300000000000001,6.200000000000001,4.0,2027.728
2025-07-01 21:24:00,67.5,399.6672,238,4.199999999999999,6.299999999999999,4.0,2006.0753
2025-07-01 21:27:00,67.0,381.713,238,4.100000000000001,6.199999999999999,3.9999999999999964,1991.4367
2025-07-01 21:30:00,67.0,412.4566,238,4.100000000000001,6.199999999999999,3.9999999999999964,1992.6441
2025-07-01 21:33:00,65.0,383.6806,238,4.100000000000001,6.199999999999999,3.9999999999999964,1939.3135
2025-07-01 21:36:00,66.0,391.305,238,4.100000000000001,6.1,3.9999999999999964,1973.9106
2025-07-01 21:39:00,66.0,388.8455,238,4.0,6.1,3.9999999999999964,1964.3004999999998
2025-07-01 21:42:00,64.5,385.8941,238,4.0,6.300000000000001,3.900000000000002,1930.2176
2025-07-01 21:45:00,66.0,394.0104,238,4.099999999999998,6.200000000000001,3.8999999999999986,1961.9031
2025-07-01 21:48:00,63.5,361.2992,238,4.0,6.300000000000001,3.900000000000002,1915.1567
2025-07-01 21:51:00,63.5,381.2211,238,4.0,6.199999999999999,3.8000000000000007,1903.0803
2025-07-01 21:54:00,63.5,374.8264,238,4.0,6.299999999999999,3.8000000000000007,1893.8748
2025-07-01 21:57:00,62.5,365.4803,238,4.0,6.199999999999999,3.8000000000000007,1885.9929
2025-07-01 22:00:00,61.0,382.6968,238,3.8999999999999986,6.3,3.6999999999999993,1815.0475999999999
2025-07-02 08:12:00,39.5,283.0874,239,1.6999999999999993,2.6000000000000005,2.8000000000000007,1213.914
2025-07-02 08:15:00,37.5,281.3657,239,2.1999999999999993,4.8,3.1999999999999993,1120.808
2025-07-02 08:18:00,32.5,279.3981,239,2.099999999999998,5.0,2.8000000000000007,1010.871
2025-07-02 08:21:00,33.5,278.4144,239,2.1000000000000014,4.8999999999999995,2.8000000000000007,1033.821
2025-07-02 08:24:00,34.5,280.136,239,2.1000000000000014,4.999999999999999,2.900000000000002,1050.635
2025-07-02 08:27:00,37.0,329.3258,239,2.3000000000000007,4.8,3.299999999999997,1141.485
2025-07-02 08:30:00,37.0,327.6042,239,2.5,4.999999999999999,3.3000000000000007,1134.818
2025-07-02 08:33:00,39.0,361.2992,239,2.6000000000000014,4.8999999999999995,3.3000000000000007,1188.996
2025-07-02 08:36:00,40.0,395.978,239,2.6999999999999993,4.9,3.4999999999999964,1237.588
2025-07-02 08:39:00,43.5,399.4213,239,3.1000000000000014,5.0,3.6000000000000014,1335.469
2025-07-02 08:42:00,44.5,396.4699,239,3.099999999999998,5.1,3.599999999999998,1354.762
2025-07-02 08:45:00,45.0,395.7321,239,3.099999999999998,5.199999999999999,3.6999999999999993,1381.434
2025-07-02 08:48:00,46.0,406.7998,239,3.1999999999999993,5.1,3.6999999999999993,1402.791
2025-07-02 08:51:00,45.5,407.5376,239,3.1999999999999993,5.3,3.6999999999999993,1397.614
2025-07-02 08:54:00,49.0,460.9086,239,3.400000000000002,5.1000000000000005,3.799999999999997,1508.379
2025-07-02 08:57:00,32.0,458.4491,239,2.5,4.5,0.0,762.5347999999999
2025-07-02 09:00:00,52.5,450.0868,239,2.6000000000000014,2.9000000000000004,3.900000000000002,1658.0158999999999
2025-07-02 09:03:00,64.0,493.3738,239,3.5,5.0,4.199999999999999,1965.1902
2025-07-02 09:06:00,69.5,532.4797,239,3.8000000000000007,5.2,4.5,2128.843
2025-07-02 09:09:00,76.0,526.0851,239,4.199999999999999,5.3,4.800000000000004,2339.1760000000004
2025-07-02 09:12:00,77.5,521.658,240,4.5000000000000036,5.6,4.799999999999997,2389.637
2025-07-02 09:15:00,81.0,517.4769,240,4.699999999999999,6.000000000000001,5.100000000000001,2490.2690000000002
2025-07-02 09:18:00,82.5,516.985,240,4.900000000000002,6.300000000000001,5.199999999999996,2536.353
2025-07-02 09:21:00,81.5,502.228,240,4.900000000000002,6.5,5.199999999999996,2510.321
2025-07-02 09:24:00,82.0,491.8981,240,4.900000000000002,6.6,5.100000000000001,2497.529
2025-07-02 09:27:00,80.5,494.1117,240,4.900000000000002,6.500000000000001,5.100000000000001,2471.624
2025-07-02 09:30:00,79.0,494.8495,240,4.800000000000001,6.6000000000000005,5.0,2429.324
2025-07-02 09:33:00,80.0,496.5712,240,4.800000000000001,6.5,5.0,2438.0699999999997
2025-07-02 09:36:00,80.0,495.8333,240,4.900000000000002,6.5,5.0,2443.0209999999997
2025-07-02 09:39:00,80.0,503.4577,240,4.800000000000001,6.5,5.100000000000001,2471.09
2025-07-02 09:42:00,81.5,513.0498,240,4.900000000000002,6.6,5.099999999999994,2511.7619999999997
2025-07-02 09:45:00,83.0,509.6065,240,4.800000000000001,6.499999999999999,5.600000000000001,2532.9480000000003
2025-07-02 09:48:00,78.0,457.4652,240,4.900000000000002,6.8999999999999995,4.799999999999997,2377.965
2025-07-02 09:51:00,74.5,453.0382,240,4.800000000000001,6.6,4.600000000000001,2301.4970000000003
2025-07-02 09:54:00,74.5,451.8085,240,4.800000000000001,6.6000000000000005,4.5,2287.967
2025-07-02 09:57:00,73.0,447.3813,240,4.599999999999998,6.500000000000001,4.600000000000001,2244.374
2025-07-02 10:00:00,74.0,460.1707,240,4.699999999999999,6.5,4.600000000000001,2277.248
2025-07-02 10:03:00,75.0,457.9572,240,4.800000000000001,6.5,4.700000000000003,2300.227
2025-07-02 10:06:00,75.0,435.3299,240,4.800000000000001,6.6,4.5,2258.158
2025-07-02 10:09:00,72.5,433.3623,240,4.5000000000000036,6.499999999999999,4.399999999999999,2245.194
2025-07-02 10:12:00,73.5,427.9514,241,4.599999999999998,6.499999999999999,4.400000000000006,2229.946
2025-07-02 10:15:00,74.0,425.7379,241,4.699999999999999,6.699999999999999,4.5,2257.065
2025-07-02 10:18:00,72.0,410.735,241,4.599999999999998,6.8,4.400000000000006,2217.571
2025-07-02 10:21:00,71.5,412.2106,241,4.5000000000000036,6.699999999999999,4.399999999999999,2178.944
2025-07-02 10:24:00,71.0,420.327,241,4.599999999999998,6.8,4.400000000000006,2177.723
2025-07-02 10:27:00,72.5,427.9514,241,4.599999999999998,6.699999999999999,4.400000000000006,2190.77
2025-07-02 10:30:00,72.5,432.8704,241,4.599999999999998,6.6,4.5,2202.388
2025-07-02 10:33:00,72.5,442.7083,241,4.800000000000001,6.5,4.5,2206.5919999999996
2025-07-02 10:36:00,73.5,454.022,241,4.800000000000001,6.5,4.5,2242.7349999999997
2025-07-02 10:39:00,74.5,455.0058,241,4.800000000000001,6.5,4.700000000000003,2264.2030000000004
2025-07-02 10:42:00,73.5,438.0353,241,4.900000000000002,6.5,4.5,2250.275
2025-07-02 10:45:00,70.5,430.6568,241,4.599999999999998,6.5,4.100000000000001,2149.257
2025-07-02 10:48:00,73.0,434.1001,241,4.4999999999999964,6.3,4.300000000000004,2202.376
2025-07-02 10:51:00,72.0,430.1649,241,4.4999999999999964,6.3999999999999995,4.300000000000004,2199.749
2025-07-02 10:54:00,73.5,435.0839,241,4.599999999999998,6.3,4.300000000000004,2223.8
2025-07-02 10:57:00,71.5,431.3947,241,4.699999999999999,6.3999999999999995,4.299999999999997,2183.105
2025-07-02 11:00:00,73.0,432.1325,241,4.699999999999999,6.3999999999999995,4.399999999999999,2212.5950000000003
2025-07-02 11:03:00,73.0,427.2136,241,4.900000000000002,6.5,4.399999999999999,2217.9700000000003
2025-07-02 11:06:00,73.5,424.2621,241,4.900000000000002,6.6,4.399999999999999,2212.6620000000003
2025-07-02 11:09:00,73.5,422.2946,242,4.900000000000002,6.699999999999999,4.5,2225.7529999999997
2025-07-02 11:12:00,73.5,423.5243,242,4.900000000000002,6.699999999999999,4.399999999999999,2222.057
2025-07-02 11:15:00,74.0,441.4786,242,4.9999999999999964,6.6,4.600000000000001,2255.044
2025-07-02 11:18:00,76.0,440.4948,242,5.199999999999999,6.6,4.600000000000001,2287.255
2025-07-02 11:21:00,73.5,432.6244,242,5.199999999999999,6.699999999999999,4.5,2247.892
2025-07-02 11:24:00,73.5,427.9514,242,4.9999999999999964,6.699999999999999,4.5,2252.173
2025-07-02 11:27:00,70.5,423.2784,242,5.0000000000000036,6.6,3.8999999999999986,2146.3230000000003
2025-07-02 11:30:00,71.5,424.0162,242,4.800000000000001,6.3999999999999995,4.200000000000003,2179.063
2025-07-02 11:33:00,72.0,416.6377,242,4.800000000000001,6.3999999999999995,4.200000000000003,2183.883
2025-07-02 11:36:00,72.0,419.0972,242,4.800000000000001,6.3999999999999995,4.200000000000003,2189.38
2025-07-02 11:39:00,72.0,423.0324,242,4.800000000000001,6.3999999999999995,4.299999999999997,2192.596
2025-07-02 11:42:00,73.0,411.9647,242,4.800000000000001,6.499999999999999,4.299999999999997,2188.2529999999997
2025-07-02 11:45:00,71.0,406.3079,242,4.699999999999999,6.499999999999999,4.300000000000004,2144.276
2025-07-02 11:48:00,71.5,421.0648,242,4.800000000000001,6.6,4.399999999999999,2190.906
2025-07-02 11:51:00,71.5,415.6539,242,4.800000000000001,6.6,4.399999999999999,2191.752
2025-07-02 11:54:00,71.5,404.5862,242,4.800000000000001,6.699999999999999,4.399999999999999,2185.732
2025-07-02 11:57:00,71.0,402.6187,242,4.800000000000001,6.799999999999999,4.299999999999997,2161.67
2025-07-02 12:00:00,69.5,403.3565,242,4.800000000000001,6.8999999999999995,4.200000000000003,2121.165
2025-07-02 12:03:00,69.0,398.9294,242,4.699999999999999,6.8,4.200000000000003,2101.165
2025-07-02 12:06:00,68.5,403.6024,242,4.599999999999998,6.699999999999999,4.300000000000004,2081.346
2025-07-02 12:09:00,68.0,415.8999,242,4.5000000000000036,6.3999999999999995,4.099999999999994,2066.8289999999997
2025-07-02 12:12:00,69.0,405.57,243,4.5000000000000036,6.3,4.099999999999994,2088.907
2025-07-02 12:15:00,68.5,405.0781,243,4.5000000000000036,6.3,4.099999999999994,2093.15
2025-07-02 12:18:00,68.5,409.9971,243,4.5000000000000036,6.3,4.099999999999994,2087.282
2025-07-02 12:21:00,69.0,403.8484,243,4.5000000000000036,6.3999999999999995,4.199999999999996,2095.126
2025-07-02 12:24:00,70.0,409.5052,243,4.0,6.3999999999999995,4.300000000000001,2094.755
2025-07-02 12:27:00,69.0,416.1458,243,4.400000000000002,6.3,4.199999999999996,2107.7349999999997
2025-07-02 12:30:00,70.0,423.2784,243,4.400000000000002,6.3999999999999995,4.299999999999997,2127.624
2025-07-02 12:33:00,70.5,418.6053,243,4.5000000000000036,6.2,4.299999999999997,2135.568
2025-07-02 12:36:00,71.0,422.7865,243,4.400000000000002,6.2,4.299999999999997,2135.194
2025-07-02 12:39:00,72.0,428.9352,243,4.5000000000000036,6.3,4.399999999999999,2149.464
2025-07-02 12:42:00,71.0,422.0486,243,4.4999999999999964,6.3,4.300000000000004,2146.569
2025-07-02 12:45:00,70.0,418.3594,243,4.599999999999998,6.2,4.300000000000004,2150.359
2025-07-02 12:48:00,71.0,419.0972,243,4.400000000000002,6.3999999999999995,4.299999999999997,2141.7920000000004
2025-07-02 12:51:00,70.0,411.7188,243,4.5000000000000036,6.3999999999999995,4.299999999999997,2135.746
2025-07-02 12:54:00,71.0,413.6863,243,4.4999999999999964,6.3999999999999995,4.300000000000004,2157.069
2025-07-02 12:57:00,71.5,418.6053,243,4.4999999999999964,6.3999999999999995,4.300000000000004,2163.2650000000003
2025-07-02 13:00:00,72.5,433.1163,243,4.599999999999998,6.3,4.399999999999999,2203.638
2025-07-02 13:03:00,73.0,425.246,243,4.699999999999999,6.3,4.399999999999999,2205.2039999999997
2025-07-02 13:06:00,72.0,414.4242,243,4.699999999999999,6.3999999999999995,4.299999999999997,2179.7659999999996
2025-07-02 13:09:00,71.0,416.8837,243,4.699999999999999,6.5,4.200000000000003,2155.0339999999997
2025-07-02 13:12:00,71.0,413.6863,244,4.600000000000001,6.5,4.399999999999999,2160.577
2025-07-02 13:15:00,71.5,406.3079,244,4.700000000000003,6.6,4.399999999999999,2176.357
2025-07-02 13:18:00,71.5,413.1944,244,4.700000000000003,6.699999999999999,4.399999999999999,2164.309
2025-07-02 13:21:00,71.5,417.8675,244,4.700000000000003,6.699999999999999,4.5,2182.428
2025-07-02 13:24:00,72.0,412.9485,244,4.799999999999997,6.6,4.400000000000006,2175.5370000000003
2025-07-02 13:27:00,71.5,419.0972,244,4.799999999999997,6.699999999999999,4.600000000000001,2195.5
2025-07-02 13:30:00,72.0,419.5891,244,4.700000000000003,6.6,4.5,2183.2529999999997
2025-07-02 13:33:00,72.5,421.0648,244,4.600000000000001,6.699999999999999,4.5,2203.7529999999997
2025-07-02 13:36:00,71.5,419.0972,244,4.600000000000001,6.699999999999999,4.5,2180.8419999999996
2025-07-02 13:39:00,71.5,411.9647,244,4.600000000000001,6.699999999999999,4.5,2177.4719999999998
2025-07-02 13:42:00,71.0,409.9971,244,4.5,6.5,4.199999999999996,2152.768
2025-07-02 13:45:00,72.0,418.6053,244,4.5,6.3999999999999995,4.299999999999997,2184.495
2025-07-02 13:48:00,72.5,415.6539,244,4.5,6.3999999999999995,4.399999999999999,2197.51
2025-07-02 13:51:00,72.5,420.327,244,4.600000000000001,6.3999999999999995,4.399999999999999,2194.692
2025-07-02 13:54:00,72.5,432.1325,244,4.5000000000000036,6.3,4.399999999999999,2203.782
2025-07-02 13:57:00,73.5,427.7054,244,4.599999999999998,6.3,4.400000000000006,2210.6459999999997
2025-07-02 14:00:00,73.0,426.4757,244,4.599999999999998,6.3,4.400000000000006,2203.7520000000004
2025-07-02 14:03:00,72.0,424.2621,244,4.599999999999998,6.3,4.400000000000006,2191.833
2025-07-02 14:06:00,72.5,433.3623,244,4.599999999999998,6.3,4.5,2212.397
2025-07-02 14:09:00,75.0,432.6244,244,4.800000000000001,6.3999999999999995,4.600000000000001,2253.0789999999997
2025-07-02 14:12:00,72.0,422.2946,245,4.599999999999998,6.5,4.399999999999999,2168.491
2025-07-02 14:15:00,71.5,420.327,245,4.599999999999998,6.5,4.5,2180.1040000000003
2025-07-02 14:18:00,71.0,425.7379,245,4.400000000000002,6.3,4.299999999999997,2170.5609999999997
2025-07-02 14:21:00,71.5,426.9676,245,4.300000000000001,6.3,4.399999999999999,2164.011
2025-07-02 14:24:00,72.0,423.5243,245,4.4999999999999964,6.2,4.400000000000006,2181.0690000000004
2025-07-02 14:27:00,72.0,426.7216,245,4.599999999999998,6.2,4.400000000000006,2183.8
2025-07-02 14:30:00,72.0,427.2136,245,4.4999999999999964,6.2,4.400000000000006,2188.383
2025-07-02 14:33:00,72.5,428.4433,245,4.599999999999998,6.2,4.300000000000004,2206.799
2025-07-02 14:36:00,73.0,430.4109,245,4.699999999999999,6.3,4.299999999999997,2214.633
2025-07-02 14:39:00,72.5,425.4919,245,4.699999999999999,6.3,4.299999999999997,2210.7889999999998
2025-07-02 14:42:00,72.5,424.5081,245,4.4999999999999964,6.3,4.400000000000006,2176.933
2025-07-02 14:45:00,72.0,426.9676,245,4.4999999999999964,6.3999999999999995,4.400000000000006,2193.8410000000003
2025-07-02 14:48:00,74.0,420.327,245,4.699999999999999,6.499999999999999,4.5,2247.3590000000004
2025-07-02 14:51:00,73.0,416.1458,245,4.699999999999999,6.6,4.5,2221.438
2025-07-02 14:54:00,73.5,422.0486,245,4.699999999999999,6.699999999999999,4.600000000000001,2246.652
2025-07-02 14:57:00,73.0,415.6539,245,4.699999999999999,6.699999999999999,4.600000000000001,2225.9719999999998
2025-07-02 15:00:00,73.5,417.3756,245,4.800000000000001,6.699999999999999,4.600000000000001,2243.772
2025-07-02 15:03:00,73.0,419.0972,245,4.800000000000001,6.799999999999999,4.5,2217.8540000000003
2025-07-02 15:06:00,72.5,415.408,245,4.800000000000001,6.699999999999999,4.5,2222.69
2025-07-02 15:09:00,72.0,420.327,246,4.699999999999999,6.6,4.5,2195.757
2025-07-02 15:12:00,71.5,419.5891,246,4.699999999999999,6.5,4.5,2181.995
2025-07-02 15:15:00,72.0,429.1812,246,4.800000000000001,6.5,4.5,2198.9120000000003
2025-07-02 15:18:00,72.5,429.1812,246,4.800000000000001,6.5,4.5,2206.431
2025-07-02 15:21:00,72.0,425.9838,246,4.800000000000001,6.6,4.399999999999999,2186.437
2025-07-02 15:24:00,72.0,423.2784,246,4.699999999999999,6.6,4.5,2179.6409999999996
2025-07-02 15:27:00,70.5,429.1812,246,4.4999999999999964,6.3,4.300000000000004,2193.715
2025-07-02 15:30:00,72.0,425.9838,246,4.4999999999999964,6.3,4.400000000000006,2176.3909999999996
2025-07-02 15:33:00,72.0,429.4271,246,4.4999999999999964,6.3,4.400000000000006,2186.877
2025-07-02 15:36:00,72.5,434.592,246,4.599999999999998,6.3,4.399999999999999,2214.288
2025-07-02 15:39:00,73.5,437.0515,246,4.599999999999998,6.3,4.399999999999999,2224.5699999999997
2025-07-02 15:42:00,74.0,440.0029,246,4.699999999999999,6.3,4.5,2260.169
2025-07-02 15:45:00,74.5,443.2002,246,4.699999999999999,6.199999999999999,4.5,2282.4629999999997
2025-07-02 15:48:00,75.5,441.9705,246,4.800000000000001,6.3,4.600000000000001,2306.868
2025-07-02 15:51:00,74.5,432.8704,246,4.699999999999999,6.3999999999999995,4.600000000000001,2277.05
2025-07-02 15:54:00,76.5,439.265,246,4.800000000000001,6.5,4.799999999999997,2346.054
2025-07-02 15:57:00,76.5,433.3623,246,4.9999999999999964,6.8,4.800000000000004,2352.813
2025-07-02 16:00:00,75.5,435.5758,246,4.900000000000002,6.8,4.799999999999997,2313.182
2025-07-02 16:03:00,75.5,434.3461,246,4.900000000000002,6.8999999999999995,4.799999999999997,2308.8140000000003
2025-07-02 16:06:00,75.5,423.0324,246,4.900000000000002,6.8999999999999995,4.699999999999996,2262.758
2025-07-02 16:09:00,74.0,420.5729,247,4.800000000000001,6.8,4.600000000000001,2249.191
2025-07-02 16:12:00,71.0,424.7541,247,4.4999999999999964,6.5,4.300000000000004,2166.862
2025-07-02 16:15:00,71.5,419.8351,247,4.4999999999999964,6.3,4.400000000000006,2189.88
2025-07-02 16:18:00,72.0,424.7541,247,4.4999999999999964,6.3,4.400000000000006,2187.148
2025-07-02 16:21:00,72.0,421.0648,247,4.599999999999998,6.2,4.400000000000006,2183.913
2025-07-02 16:24:00,71.5,420.5729,247,4.4999999999999964,6.3,4.400000000000006,2184.353
2025-07-02 16:27:00,71.0,424.7541,247,4.5000000000000036,6.3,4.399999999999999,2175.611
2025-07-02 16:30:00,70.5,419.3432,247,4.4999999999999964,6.3,4.300000000000004,2159.279
2025-07-02 16:33:00,71.0,432.8704,247,4.4999999999999964,6.3,4.400000000000006,2168.756
2025-07-02 16:36:00,70.0,422.0486,247,4.400000000000002,6.2,4.399999999999999,2137.2619999999997
2025-07-02 16:39:00,70.5,413.4404,247,4.4999999999999964,6.200000000000001,4.400000000000006,2153.527
2025-07-02 16:42:00,69.5,404.3403,247,4.5000000000000036,6.5,4.399999999999999,2115.7889999999998
2025-07-02 16:45:00,70.0,394.9942,247,4.5000000000000036,6.6,4.399999999999999,2101.739
2025-07-02 16:48:00,74.0,468.287,247,4.599999999999998,6.2,4.600000000000001,2247.75
2025-07-02 16:51:00,75.0,463.86,247,4.599999999999998,6.2,4.800000000000004,2248.7110000000002
2025-07-02 16:54:00,74.5,458.4491,247,4.599999999999998,6.300000000000001,4.700000000000003,2238.854
2025-07-02 16:57:00,74.5,459.1869,247,4.599999999999998,6.4,4.800000000000004,2263.343
2025-07-02 17:00:00,75.0,467.5492,247,4.400000000000002,6.0,4.600000000000001,2255.752
2025-07-02 17:03:00,76.5,471.2384,247,4.5000000000000036,6.0,4.699999999999996,2325.37
2025-07-02 17:06:00,78.0,481.3224,247,4.599999999999998,5.9,4.800000000000004,2338.1099999999997
2025-07-02 17:09:00,80.0,476.1574,247,4.800000000000001,6.1000000000000005,4.899999999999999,2418.259
2025-07-02 17:12:00,80.5,470.9925,248,4.900000000000002,6.5,5.100000000000001,2443.637
2025-07-02 17:15:00,81.0,475.9114,248,5.0000000000000036,6.7,5.099999999999994,2450.042
2025-07-02 17:18:00,81.5,478.8629,248,5.0000000000000036,6.6,5.099999999999994,2472.568
2025-07-02 17:21:00,82.0,473.9438,248,5.099999999999998,6.6,5.100000000000001,2472.201
2025-07-02 17:24:00,82.0,476.1574,248,5.0000000000000036,6.7,5.099999999999994,2468.089
2025-07-02 17:27:00,80.5,478.6169,248,4.900000000000002,6.6,5.0,2433.179
2025-07-02 17:30:00,79.5,475.1736,248,4.900000000000002,6.4,5.0,2411.882
2025-07-02 17:33:00,79.5,472.2223,248,4.900000000000002,6.6000000000000005,5.0,2413.544
2025-07-02 17:36:00,80.5,468.287,248,4.900000000000002,6.699999999999999,5.100000000000001,2444.452
2025-07-02 17:39:00,81.0,470.0087,248,5.0000000000000036,6.699999999999999,5.0,2451.877
2025-07-02 17:42:00,80.5,472.7141,248,5.0000000000000036,6.6,4.899999999999999,2431.04
2025-07-02 17:45:00,79.5,471.2384,248,5.0000000000000036,6.6,4.899999999999999,2397.466
2025-07-02 17:48:00,79.5,457.2193,248,5.0000000000000036,6.6,4.899999999999999,2401.4170000000004
2025-07-02 17:51:00,80.0,453.7761,248,5.0000000000000036,6.8,4.899999999999999,2414.009
2025-07-02 17:54:00,79.0,452.7923,248,4.900000000000002,6.6,4.899999999999999,2409.798
2025-07-02 17:57:00,79.5,453.7761,248,4.900000000000002,6.6,4.799999999999997,2404.572
2025-07-02 18:00:00,78.0,451.3165,248,4.900000000000002,6.6,4.799999999999997,2380.7870000000003
2025-07-02 18:03:00,78.0,439.265,248,4.900000000000002,6.8,4.699999999999996,2352.173
2025-07-02 18:06:00,74.0,418.3594,248,4.699999999999999,6.8999999999999995,4.600000000000001,2245.254
2025-07-02 18:09:00,73.0,399.9132,248,4.5000000000000036,6.8,4.5,2200.441
2025-07-02 18:12:00,72.5,458.695,249,4.5000000000000036,6.6,4.5,2194.38
2025-07-02 18:15:00,75.5,455.9896,249,4.599999999999998,6.3,4.800000000000004,2267.142
2025-07-02 18:18:00,75.0,455.4977,249,4.699999999999999,6.3,4.700000000000003,2276.818
2025-07-02 18:21:00,75.0,457.2193,249,4.699999999999999,6.3999999999999995,4.700000000000003,2276.719
2025-07-02 18:24:00,76.0,462.6302,249,4.800000000000001,6.3999999999999995,4.700000000000003,2279.723
2025-07-02 18:27:00,76.0,462.8762,249,4.699999999999999,6.3999999999999995,4.799999999999997,2288.877
2025-07-02 18:30:00,76.0,462.1383,249,4.699999999999999,6.3,4.799999999999997,2292.913
2025-07-02 18:33:00,75.5,466.0735,249,4.699999999999999,6.3,4.5,2250.154
2025-07-02 18:36:00,77.0,474.9276,249,4.599999999999998,6.0,4.600000000000001,2331.8689999999997
2025-07-02 18:39:00,77.0,469.7627,249,4.699999999999999,6.0,4.600000000000001,2339.6800000000003
2025-07-02 18:42:00,79.0,466.5654,249,4.699999999999999,6.2,5.0,2404.923
2025-07-02 18:45:00,79.5,463.614,249,4.900000000000002,6.5,5.0,2423.361
2025-07-02 18:48:00,78.0,438.0353,249,4.800000000000001,6.7,4.899999999999999,2339.8
2025-07-02 18:51:00,75.5,431.8866,249,4.800000000000001,6.8,4.600000000000001,2281.093
2025-07-02 18:54:00,74.5,435.3299,249,4.699999999999999,6.7,4.600000000000001,2241.697
2025-07-02 18:57:00,73.5,429.673,249,4.599999999999998,6.7,4.399999999999999,2183.158
2025-07-02 19:00:00,73.0,431.8866,249,4.4999999999999964,6.4,4.400000000000006,2198.5550000000003
2025-07-02 19:03:00,73.0,422.7865,249,4.4999999999999964,6.5,4.5,2192.7520000000004
2025-07-02 19:06:00,72.0,419.8351,249,4.4999999999999964,6.5,4.400000000000006,2178.051
2025-07-02 19:09:00,73.0,412.9485,250,4.4999999999999964,6.5,4.5,2190.4629999999997
2025-07-02 19:12:00,72.0,404.8322,250,4.400000000000002,6.6,4.5,2160.044
2025-07-02 19:15:00,71.0,414.1782,250,4.400000000000002,6.6,4.5,2134.372
2025-07-02 19:18:00,70.0,417.3756,250,4.200000000000003,6.5,4.199999999999996,2127.695
2025-07-02 19:21:00,72.0,418.1134,250,4.300000000000004,6.200000000000001,4.299999999999997,2151.1369999999997
2025-07-02 19:24:00,71.0,410.489,250,4.200000000000003,6.200000000000001,4.399999999999999,2139.1009999999997
2025-07-02 19:27:00,71.0,414.6701,250,4.200000000000003,6.300000000000001,4.399999999999999,2129.7690000000002
2025-07-02 19:30:00,71.0,412.4566,250,4.200000000000003,6.300000000000001,4.299999999999997,2131.205
2025-07-02 19:33:00,70.0,396.4699,250,4.300000000000001,6.299999999999999,4.299999999999997,2113.984
2025-07-02 19:36:00,68.5,381.713,250,4.199999999999999,6.3999999999999995,4.200000000000003,2054.4939999999997
2025-07-02 19:39:00,66.0,379.7454,250,3.9999999999999964,6.3999999999999995,4.100000000000001,1984.8915
2025-07-02 19:42:00,66.5,389.8293,250,3.9999999999999964,6.199999999999999,4.200000000000003,1997.6876
2025-07-02 19:45:00,66.0,381.2211,250,3.9999999999999964,6.299999999999999,4.200000000000003,1981.0785
2025-07-02 19:48:00,65.0,389.8293,250,3.9999999999999964,6.1,4.100000000000001,1952.579
2025-07-02 19:51:00,69.5,488.2089,250,4.199999999999999,5.6000000000000005,4.399999999999999,2092.911
2025-07-02 19:54:00,74.0,481.0764,250,4.400000000000002,5.6,4.599999999999994,2230.8329999999996
2025-07-02 19:57:00,74.5,469.5168,250,4.4999999999999964,5.699999999999999,4.600000000000001,2251.883
2025-07-02 20:00:00,75.5,454.2679,250,4.4999999999999964,6.000000000000001,4.600000000000001,2270.4390000000003
2025-07-02 20:03:00,74.0,446.8895,250,4.4999999999999964,6.000000000000001,4.5,2241.4030000000002
2025-07-02 20:06:00,75.0,454.022,250,4.4999999999999964,6.1000000000000005,4.700000000000003,2248.006
2025-07-02 20:09:00,74.0,451.5625,251,4.4999999999999964,6.1000000000000005,4.700000000000003,2233.612
2025-07-02 20:12:00,75.5,441.7245,251,4.599999999999998,6.200000000000001,4.700000000000003,2232.605
2025-07-02 20:15:00,74.5,452.7923,251,4.599999999999998,6.200000000000001,4.700000000000003,2247.959
2025-07-02 20:18:00,75.0,452.5463,251,4.699999999999999,6.200000000000001,4.799999999999997,2290.259
2025-07-02 20:21:00,75.0,450.5787,251,4.699999999999999,6.300000000000001,4.700000000000003,2273.108
2025-07-02 20:24:00,76.5,455.9896,251,4.800000000000001,6.300000000000001,4.699999999999996,2312.5559999999996
2025-07-02 20:27:00,74.5,441.9705,251,4.699999999999999,6.4,4.700000000000003,2270.585
2025-07-02 20:30:00,73.5,441.4786,251,4.599999999999998,6.500000000000001,4.600000000000001,2231.834
2025-07-02 20:33:00,73.0,437.7894,251,4.599999999999998,6.500000000000001,4.700000000000003,2227.371
2025-07-02 20:36:00,73.5,449.3489,251,4.5000000000000036,6.199999999999999,4.599999999999994,2213.877
2025-07-02 20:39:00,73.5,450.3327,251,4.599999999999998,6.199999999999999,4.700000000000003,2233.319
2025-07-02 20:42:00,72.5,441.7245,251,4.5000000000000036,6.199999999999999,4.599999999999994,2183.328
2025-07-02 20:45:00,72.5,440.7407,251,4.5000000000000036,6.299999999999999,4.699999999999996,2207.267
2025-07-02 20:48:00,72.5,443.2002,251,4.599999999999998,6.3,4.5,2174.299
2025-07-02 20:51:00,72.0,436.8056,251,4.5000000000000036,6.199999999999999,4.5,2164.879
2025-07-02 20:54:00,69.0,435.5758,251,4.300000000000001,6.199999999999999,4.200000000000003,2073.537
2025-07-02 20:57:00,70.5,436.3137,251,4.300000000000001,6.0,4.299999999999997,2112.673
2025-07-02 21:00:00,71.0,445.6598,251,4.300000000000001,5.8999999999999995,4.299999999999997,2133.134
2025-07-02 21:03:00,69.5,414.4242,251,4.199999999999999,6.0,4.200000000000003,2080.005
2025-07-02 21:06:00,68.5,415.408,251,4.099999999999998,6.1,4.300000000000004,2060.4120000000003
2025-07-02 21:09:00,67.0,409.5052,251,4.099999999999998,6.199999999999999,4.200000000000003,2049.878
2025-07-02 21:12:00,68.5,419.0972,252,4.199999999999996,6.0,4.300000000000004,2068.982
2025-07-02 21:15:00,68.5,421.8027,252,4.199999999999996,6.0,4.300000000000004,2082.6139999999996
2025-07-02 21:18:00,69.5,424.5081,252,4.199999999999996,6.0,4.300000000000004,2101.31
2025-07-02 21:21:00,68.5,423.5243,252,4.199999999999996,6.0,4.400000000000006,2091.991
2025-07-02 21:24:00,70.0,420.5729,252,4.199999999999996,6.0,4.400000000000006,2097.9930000000004
2025-07-02 21:27:00,70.0,424.7541,252,4.199999999999996,6.1,4.400000000000006,2106.718
2025-07-02 21:30:00,68.0,421.8027,252,4.100000000000001,6.1,4.399999999999999,2068.022
2025-07-02 21:33:00,69.0,419.0972,252,4.100000000000001,6.1,4.299999999999997,2077.554
2025-07-02 21:36:00,68.0,416.1458,252,4.100000000000001,6.0,4.299999999999997,2052.042
2025-07-02 21:39:00,66.5,412.9485,252,4.0,6.0,4.199999999999996,2025.4630000000002
2025-07-02 21:42:00,67.5,410.489,252,4.0,6.1,4.199999999999996,1998.5492
2025-07-02 21:45:00,66.0,415.408,252,3.8999999999999986,6.0,4.200000000000003,1993.7875
2025-07-02 21:48:00,66.0,414.4242,252,4.0,6.0,4.200000000000003,1999.4668000000001
2025-07-02 21:51:00,65.5,398.4375,252,4.0,6.1,4.100000000000001,1950.216
2025-07-02 21:54:00,65.5,386.386,252,3.8999999999999986,6.0,4.100000000000001,1942.4349
2025-07-02 21:57:00,63.0,395.2402,252,3.8000000000000007,5.8999999999999995,3.9999999999999964,1865.6206
2025-07-02 22:00:00,61.0,387.8617,252,3.6999999999999993,5.8,3.900000000000002,1808.5826
2025-07-03 08:15:00,37.5,247.6707,252,1.6000000000000014,2.3000000000000007,3.0,1166.399
2025-07-03 08:18:00,37.5,300.3038,253,2.299999999999997,4.4,3.3000000000000043,1160.308
2025-07-03 08:21:00,34.5,298.0903,253,2.400000000000002,5.2,3.3999999999999986,1065.409
2025-07-03 08:24:00,34.5,300.0579,253,2.400000000000002,5.2,3.299999999999997,1058.14
2025-07-03 08:27:00,34.5,300.3038,253,2.5,5.2,3.1999999999999993,1059.344
2025-07-03 08:30:00,34.5,306.4525,253,2.5,5.1,3.1999999999999993,1062.158
2025-07-03 08:33:00,35.0,308.912,253,2.5,5.1,3.1999999999999993,1071.862
2025-07-03 08:36:00,35.5,317.7662,253,2.6000000000000014,5.1,3.1999999999999993,1083.799
2025-07-03 08:39:00,36.0,321.4554,253,2.6000000000000014,5.1,3.1999999999999993,1085.415
2025-07-03 08:42:00,36.0,319.4879,253,2.6000000000000014,5.0,3.1999999999999993,1087.214
2025-07-03 08:45:00,36.0,319.7338,253,2.599999999999998,5.1,3.099999999999998,1098.119
2025-07-03 08:48:00,36.0,318.75,253,2.599999999999998,5.1000000000000005,3.1999999999999993,1104.599
2025-07-03 08:51:00,37.0,317.7662,253,2.6000000000000014,5.1000000000000005,3.400000000000002,1119.44
2025-07-03 08:54:00,36.5,311.3715,253,2.6999999999999993,5.300000000000001,3.200000000000003,1109.6
2025-07-03 08:57:00,37.0,293.6632,253,2.6999999999999993,5.4,3.200000000000003,1118.604
2025-07-03 09:00:00,38.5,321.9473,253,2.700000000000003,5.500000000000001,3.3999999999999986,1186.358
2025-07-03 09:03:00,40.5,335.7205,253,2.900000000000002,5.5,3.4999999999999964,1238.089
2025-07-03 09:06:00,41.5,334.7367,253,3.1000000000000014,5.6,3.5,1278.179
2025-07-03 09:09:00,43.0,400.651,253,3.1000000000000014,5.6,3.6999999999999957,1343.579
2025-07-03 09:12:00,39.5,468.287,253,3.0,4.3999999999999995,1.0,893.1391
2025-07-03 09:15:00,47.0,463.86,253,1.8000000000000007,1.700000000000001,3.1999999999999993,1354.6612
2025-07-03 09:18:00,66.5,450.0868,254,3.8000000000000007,4.800000000000001,4.599999999999998,2011.001
2025-07-03 09:21:00,66.5,440.4948,254,4.0,5.499999999999999,4.5,2034.587
2025-07-03 09:24:00,69.5,443.2002,254,4.100000000000001,5.700000000000001,4.600000000000001,2113.696
2025-07-03 09:27:00,70.0,439.0191,254,4.100000000000001,5.800000000000001,4.599999999999994,2149.574
2025-07-03 09:30:00,73.5,445.4138,254,4.299999999999997,6.1000000000000005,4.800000000000004,2231.163
2025-07-03 09:33:00,73.5,455.2517,254,4.399999999999999,6.1,4.700000000000003,2257.318
2025-07-03 09:36:00,75.5,458.941,254,4.5,6.1,4.899999999999999,2311.342
2025-07-03 09:39:00,76.5,449.8409,254,4.699999999999996,6.5,5.200000000000003,2358.538
2025-07-03 09:42:00,76.0,446.1516,254,4.699999999999996,6.6,5.100000000000001,2331.6040000000003
2025-07-03 09:45:00,75.5,445.4138,254,4.699999999999996,6.7,5.0,2310.41
2025-07-03 09:48:00,75.0,449.3489,254,4.699999999999996,6.6,5.0,2322.849
2025-07-03 09:51:00,75.5,451.8085,254,4.799999999999997,6.699999999999999,5.100000000000001,2325.904
2025-07-03 09:54:00,76.0,450.0868,254,4.699999999999996,6.699999999999999,5.0,2338.508
2025-07-03 09:57:00,75.0,452.7923,254,4.799999999999997,6.6,5.0,2336.032
2025-07-03 10:00:00,76.5,467.5492,254,4.799999999999997,6.5,5.0,2344.245
2025-07-03 10:03:00,77.0,482.5521,254,5.0,6.5,5.0,2366.709
2025-07-03 10:06:00,78.0,486.9792,254,5.100000000000001,6.3999999999999995,5.100000000000001,2405.739
2025-07-03 10:09:00,78.5,496.0793,254,5.0,6.3,5.200000000000003,2416.828
2025-07-03 10:12:00,78.5,495.3414,254,5.0,6.3999999999999995,5.200000000000003,2415.5389999999998
2025-07-03 10:15:00,78.5,493.1279,254,5.0,6.3999999999999995,5.100000000000001,2400.9790000000003
2025-07-03 10:18:00,76.5,483.7818,255,4.700000000000003,6.1,4.699999999999996,2363.864
2025-07-03 10:21:00,78.5,477.3871,255,4.800000000000004,6.0,4.899999999999999,2398.401
2025-07-03 10:24:00,76.5,463.614,255,4.700000000000003,6.3,4.899999999999999,2333.8900000000003
2025-07-03 10:27:00,78.0,465.0897,255,4.800000000000004,6.4,5.0,2394.622
2025-07-03 10:30:00,78.0,464.8438,255,4.800000000000004,6.4,5.0,2387.758
2025-07-03 10:33:00,79.5,461.1545,255,4.899999999999999,6.5,5.0,2424.633
2025-07-03 10:36:00,79.0,432.6244,255,4.899999999999999,6.699999999999999,5.0,2376.877
2025-07-03 10:39:00,77.5,431.6406,255,4.899999999999999,6.999999999999999,4.900000000000006,2351.702
2025-07-03 10:42:00,78.0,449.3489,255,4.899999999999999,6.699999999999999,5.0,2369.828
2025-07-03 10:45:00,78.0,448.6111,255,4.899999999999999,6.799999999999999,5.0,2379.602
2025-07-03 10:48:00,78.0,445.1678,255,4.9999999999999964,6.8999999999999995,5.0,2383.785
2025-07-03 10:51:00,74.5,434.3461,255,4.800000000000004,6.8999999999999995,4.899999999999999,2305.142
2025-07-03 10:54:00,74.0,434.592,255,4.800000000000001,6.699999999999999,4.899999999999999,2269.8419999999996
2025-07-03 10:57:00,75.0,444.9219,255,4.800000000000001,6.8,5.0,2287.853
2025-07-03 11:00:00,74.5,446.8895,255,4.900000000000002,6.5,4.799999999999997,2283.906
2025-07-03 11:03:00,75.5,459.6788,255,4.800000000000004,6.6,5.0,2314.25
2025-07-03 11:06:00,77.0,456.7274,255,4.800000000000001,6.6,5.0,2333.353
2025-07-03 11:09:00,75.5,456.4815,255,4.699999999999999,6.5,5.0,2324.148
2025-07-03 11:12:00,76.0,459.1869,255,4.699999999999999,6.6,5.0,2333.7070000000003
2025-07-03 11:15:00,74.5,452.5463,255,4.400000000000002,6.3,4.699999999999996,2275.435
2025-07-03 11:18:00,74.5,446.6435,256,4.4999999999999964,6.3,4.700000000000003,2275.873
2025-07-03 11:21:00,74.0,442.4624,256,4.4999999999999964,6.3,4.600000000000001,2266.2039999999997
2025-07-03 11:24:00,75.5,442.4624,256,4.4999999999999964,6.6,4.800000000000004,2298.794
2025-07-03 11:27:00,75.0,436.5596,256,4.4999999999999964,6.6,4.800000000000004,2267.8469999999998
2025-07-03 11:30:00,75.5,437.7894,256,4.599999999999998,6.699999999999999,4.800000000000004,2287.5739999999996
2025-07-03 11:33:00,76.0,435.3299,256,4.600000000000001,6.699999999999999,4.799999999999997,2289.639
2025-07-03 11:36:00,75.5,437.7894,256,4.600000000000001,6.699999999999999,4.899999999999999,2313.9139999999998
2025-07-03 11:39:00,76.0,444.9219,256,4.699999999999999,6.9,5.0,2313.9790000000003
2025-07-03 11:42:00,76.5,441.2326,256,4.600000000000001,6.700000000000001,5.100000000000001,2333.306
2025-07-03 11:45:00,77.5,458.4491,256,4.699999999999999,6.700000000000001,5.100000000000001,2346.614
2025-07-03 11:48:00,77.5,463.86,256,4.800000000000001,6.6000000000000005,5.0,2368.432
2025-07-03 11:51:00,77.0,461.6464,256,4.800000000000001,6.700000000000001,5.100000000000001,2357.455
2025-07-03 11:54:00,76.0,444.43,256,4.800000000000001,6.800000000000001,4.899999999999999,2323.745
2025-07-03 11:57:00,75.0,448.8571,256,4.699999999999999,6.699999999999999,4.899999999999999,2308.517
2025-07-03 12:00:00,73.5,441.7245,256,4.400000000000002,6.6,4.5,2232.37
2025-07-03 12:03:00,74.5,437.5434,256,4.400000000000002,6.3999999999999995,4.599999999999994,2262.148
2025-07-03 12:06:00,73.5,437.5434,256,4.400000000000002,6.3999999999999995,4.699999999999996,2247.6040000000003
2025-07-03 12:09:00,75.0,440.7407,256,4.4999999999999964,6.3999999999999995,4.800000000000004,2305.371
2025-07-03 12:12:00,74.5,434.592,256,4.4999999999999964,6.6,4.800000000000004,2268.752
2025-07-03 12:15:00,74.5,423.5243,256,4.4999999999999964,6.6,4.800000000000004,2266.031
2025-07-03 12:18:00,75.0,422.0486,257,4.4999999999999964,6.9,4.900000000000006,2267.479
2025-07-03 12:21:00,74.5,430.9027,257,4.599999999999998,6.800000000000001,4.800000000000004,2301.966
2025-07-03 12:24:00,75.5,435.0839,257,4.699999999999999,6.800000000000001,4.799999999999997,2286.949
2025-07-03 12:27:00,75.0,430.9027,257,4.699999999999999,7.0,4.799999999999997,2307.765
2025-07-03 12:30:00,75.5,435.3299,257,4.699999999999999,7.0,5.0,2327.625
2025-07-03 12:33:00,75.0,431.8866,257,4.699999999999999,6.9,4.799999999999997,2282.458
2025-07-03 12:36:00,74.5,424.5081,257,4.5,6.9,4.800000000000004,2251.337
2025-07-03 12:39:00,74.5,423.2784,257,4.699999999999999,7.0,4.799999999999997,2254.6639999999998
2025-07-03 12:42:00,74.5,422.2946,257,4.699999999999999,7.0,4.899999999999999,2273.9139999999998
2025-07-03 12:45:00,74.5,420.327,257,4.300000000000004,6.6000000000000005,4.599999999999994,2250.293
2025-07-03 12:48:00,73.5,419.0972,257,4.399999999999999,6.6000000000000005,4.600000000000001,2239.844
2025-07-03 12:51:00,74.5,416.6377,257,4.399999999999999,6.6000000000000005,4.800000000000004,2271.157
2025-07-03 12:54:00,73.0,410.9809,257,4.399999999999999,6.800000000000001,4.700000000000003,2230.563
2025-07-03 12:57:00,73.5,414.6701,257,4.399999999999999,6.799999999999999,4.800000000000004,2252.9120000000003
2025-07-03 13:00:00,74.0,416.1458,257,4.399999999999999,6.799999999999999,4.800000000000004,2234.49
2025-07-03 13:03:00,71.5,396.224,257,4.399999999999999,6.8999999999999995,4.700000000000003,2163.898
2025-07-03 13:06:00,70.5,400.651,257,4.300000000000004,6.8999999999999995,4.5,2121.746
2025-07-03 13:09:00,70.0,408.5214,257,4.300000000000004,6.8,4.5,2111.75
2025-07-03 13:12:00,70.0,417.3756,257,4.200000000000003,6.699999999999999,4.699999999999996,2139.799
2025-07-03 13:15:00,70.0,427.7054,257,4.200000000000003,6.6,4.5,2092.0550000000003
2025-07-03 13:18:00,70.0,425.7379,258,4.200000000000003,6.2,4.399999999999999,2137.8
2025-07-03 13:21:00,70.5,427.7054,258,4.200000000000003,6.2,4.399999999999999,2131.589
2025-07-03 13:24:00,70.5,422.7865,258,4.200000000000003,6.2,4.5,2131.232
2025-07-03 13:27:00,71.5,420.5729,258,4.299999999999997,6.3,4.5,2155.468
2025-07-03 13:30:00,71.0,420.8188,258,4.100000000000001,6.3,4.599999999999994,2151.3819999999996
2025-07-03 13:33:00,71.5,431.3947,258,4.199999999999996,6.2,4.5,2160.024
2025-07-03 13:36:00,72.0,432.8704,258,4.199999999999996,6.2,4.600000000000001,2188.0429999999997
2025-07-03 13:39:00,71.5,420.5729,258,4.199999999999996,6.3,4.600000000000001,2164.096
2025-07-03 13:42:00,71.0,423.0324,258,4.199999999999996,6.3,4.600000000000001,2160.868
2025-07-03 13:45:00,71.5,424.5081,258,4.299999999999997,6.3,4.600000000000001,2176.4300000000003
2025-07-03 13:48:00,69.5,420.8188,258,4.299999999999997,6.3999999999999995,4.5,2122.316
2025-07-03 13:51:00,71.0,421.0648,258,4.399999999999999,6.5,4.5,2139.812
2025-07-03 13:54:00,70.5,418.1134,258,4.299999999999997,6.5,4.600000000000001,2138.707
2025-07-03 13:57:00,70.5,415.8999,258,4.299999999999997,6.5,4.700000000000003,2142.533
2025-07-03 14:00:00,70.5,423.0324,258,4.399999999999999,6.5,4.600000000000001,2149.064
2025-07-03 14:03:00,71.5,430.1649,258,4.399999999999999,6.5,4.700000000000003,2173.027
2025-07-03 14:06:00,72.5,434.592,258,4.399999999999999,6.4,4.700000000000003,2178.151
2025-07-03 14:09:00,72.5,433.8542,258,4.300000000000001,6.4,4.799999999999997,2205.459
2025-07-03 14:12:00,71.0,432.1325,258,4.300000000000001,6.4,4.799999999999997,2163.814
2025-07-03 14:15:00,71.0,434.1001,258,4.199999999999999,6.2,4.399999999999999,2162.647
2025-07-03 14:18:00,71.5,431.6406,259,4.199999999999999,6.2,4.600000000000001,2181.2529999999997
2025-07-03 14:21:00,72.0,427.2136,259,4.300000000000001,6.2,4.5,2186.883
2025-07-03 14:24:00,72.0,432.6244,259,4.300000000000001,6.2,4.5,2176.159
2025-07-03 14:27:00,71.5,433.3623,259,4.300000000000001,6.2,4.5,2174.7290000000003
2025-07-03 14:30:00,72.0,438.0353,259,4.300000000000001,6.2,4.600000000000001,2183.492
2025-07-03 14:33:00,73.5,447.3813,259,4.300000000000001,6.2,4.699999999999996,2246.941
2025-07-03 14:36:00,74.0,445.1678,259,4.400000000000002,6.3,4.799999999999997,2247.924
2025-07-03 14:39:00,75.5,446.1516,259,4.400000000000002,6.3,5.0,2293.3869999999997
2025-07-03 14:42:00,75.0,438.2813,259,4.400000000000002,6.499999999999999,4.899999999999999,2273.054
2025-07-03 14:45:00,75.5,437.7894,259,4.599999999999998,6.6,4.900000000000006,2305.1440000000002
2025-07-03 14:48:00,76.0,435.3299,259,4.599999999999998,6.6,4.900000000000006,2294.072
2025-07-03 14:51:00,75.0,434.592,259,4.599999999999998,6.6,4.800000000000004,2275.7290000000003
2025-07-03 14:54:00,75.5,434.3461,259,4.599999999999998,6.699999999999999,4.900000000000006,2288.701
2025-07-03 14:57:00,75.0,434.3461,259,4.599999999999998,6.699999999999999,4.900000000000006,2275.815
2025-07-03 15:00:00,75.5,431.3947,259,4.599999999999998,6.8,4.900000000000006,2279.286
2025-07-03 15:03:00,73.5,423.2784,259,4.599999999999998,6.8,4.800000000000004,2246.81
2025-07-03 15:06:00,73.5,426.7216,259,4.599999999999998,6.8,4.800000000000004,2258.392
2025-07-03 15:09:00,73.5,434.1001,259,4.5000000000000036,6.699999999999999,4.799999999999997,2232.962
2025-07-03 15:12:00,74.0,436.5596,259,4.5000000000000036,6.5,4.899999999999999,2257.926
2025-07-03 15:15:00,74.0,434.1001,259,4.5000000000000036,6.6,4.799999999999997,2277.054
2025-07-03 15:18:00,74.5,439.0191,260,4.599999999999998,6.5,4.800000000000004,2281.724
2025-07-03 15:21:00,74.0,443.9381,260,4.599999999999998,6.6,4.900000000000006,2265.392
2025-07-03 15:24:00,74.5,443.9381,260,4.599999999999998,6.6,4.800000000000004,2264.113
2025-07-03 15:27:00,73.0,440.4948,260,4.599999999999998,6.6,4.900000000000006,2245.408
2025-07-03 15:30:00,71.0,434.1001,260,4.300000000000001,6.4,4.5,2188.576
2025-07-03 15:33:00,72.0,430.9027,260,4.300000000000001,6.2,4.600000000000001,2221.627
2025-07-03 15:36:00,74.0,431.3947,260,4.400000000000002,6.3,4.599999999999994,2218.696
2025-07-03 15:39:00,74.0,429.673,260,4.400000000000002,6.3,4.699999999999996,2240.244
2025-07-03 15:42:00,73.5,430.1649,260,4.400000000000002,6.3,4.599999999999994,2229.326
2025-07-03 15:45:00,74.0,436.8056,260,4.400000000000002,6.3,4.799999999999997,2217.567
2025-07-03 15:48:00,74.0,429.1812,260,4.300000000000004,6.3,4.799999999999997,2209.115
2025-07-03 15:51:00,75.5,432.1325,260,4.299999999999997,6.3,4.900000000000006,2258.031
2025-07-03 15:54:00,74.0,424.2621,260,4.399999999999999,6.4,4.800000000000004,2218.005
2025-07-03 15:57:00,73.5,419.8351,260,4.299999999999997,6.4,4.800000000000004,2215.6589999999997
2025-07-03 16:00:00,71.5,415.6539,260,4.399999999999999,6.6,4.600000000000001,2164.551
2025-07-03 16:03:00,72.5,414.4242,260,4.399999999999999,6.6,4.700000000000003,2165.572
2025-07-03 16:06:00,72.0,409.5052,260,4.299999999999997,6.6,4.700000000000003,2143.167
2025-07-03 16:09:00,71.5,412.9485,260,4.200000000000003,6.300000000000001,4.5,2153.557
2025-07-03 16:12:00,72.5,412.4566,260,4.200000000000003,6.4,4.600000000000001,2163.5969999999998
2025-07-03 16:15:00,71.5,414.9161,260,4.200000000000003,6.4,4.600000000000001,2164.557
2025-07-03 16:18:00,72.5,414.1782,261,4.200000000000003,6.4,4.5,2168.034
2025-07-03 16:21:00,72.0,413.1944,261,4.199999999999999,6.5,4.600000000000001,2162.672
2025-07-03 16:24:00,72.0,416.8837,261,4.199999999999999,6.300000000000001,4.600000000000001,2169.138
2025-07-03 16:27:00,72.5,412.2106,261,4.199999999999999,6.4,4.600000000000001,2174.424
2025-07-03 16:30:00,72.5,414.1782,261,4.199999999999999,6.5,4.600000000000001,2154.197
2025-07-03 16:33:00,71.5,405.816,261,4.199999999999999,6.4,4.700000000000003,2152.7960000000003
2025-07-03 16:36:00,70.5,399.4213,261,4.199999999999999,6.4,4.5,2114.447
2025-07-03 16:39:00,69.0,406.7998,261,4.100000000000001,6.4,4.5,2083.206
2025-07-03 16:42:00,71.0,405.57,261,4.200000000000003,6.6,4.600000000000001,2123.192
2025-07-03 16:45:00,70.0,399.9132,261,4.200000000000003,6.6,4.600000000000001,2097.7219999999998
2025-07-03 16:48:00,69.5,420.8188,261,4.100000000000001,6.3,4.399999999999999,2111.05
2025-07-03 16:51:00,71.5,423.5243,261,4.100000000000001,6.2,4.600000000000001,2146.6549999999997
2025-07-03 16:54:00,71.0,418.1134,261,4.0,6.3,4.600000000000001,2130.202
2025-07-03 16:57:00,71.0,420.327,261,4.100000000000001,6.3,4.600000000000001,2144.327
2025-07-03 17:00:00,72.0,425.246,261,4.100000000000001,6.3,4.600000000000001,2161.723
2025-07-03 17:03:00,72.5,433.1163,261,4.200000000000003,6.3,4.600000000000001,2182.1710000000003
2025-07-03 17:06:00,73.0,434.1001,261,4.300000000000001,6.2,4.600000000000001,2203.7830000000004
2025-07-03 17:09:00,72.0,427.9514,261,4.199999999999999,6.3,4.600000000000001,2193.0600000000004
2025-07-03 17:12:00,72.5,433.3623,261,4.300000000000001,6.3,4.600000000000001,2209.415
2025-07-03 17:15:00,72.5,440.7407,261,4.300000000000001,6.2,4.700000000000003,2195.9309999999996
2025-07-03 17:18:00,73.0,441.2326,262,4.300000000000001,6.3,4.799999999999997,2227.828
2025-07-03 17:21:00,73.5,429.673,262,4.300000000000001,6.4,4.700000000000003,2212.8450000000003
2025-07-03 17:24:00,72.5,425.9838,262,4.300000000000001,6.4,4.700000000000003,2189.71
2025-07-03 17:27:00,73.0,427.9514,262,4.300000000000001,6.5,4.799999999999997,2191.471
2025-07-03 17:30:00,72.0,421.8027,262,4.300000000000001,6.4,4.799999999999997,2177.4970000000003
2025-07-03 17:33:00,72.5,423.5243,262,4.400000000000002,6.5,4.799999999999997,2178.452
2025-07-03 17:36:00,71.5,417.3756,262,4.400000000000002,6.5,4.699999999999996,2164.102
2025-07-03 17:39:00,72.5,423.0324,262,4.300000000000001,6.5,4.799999999999997,2164.549
2025-07-03 17:42:00,72.0,427.2136,262,4.300000000000001,6.3,4.600000000000001,2178.717
2025-07-03 17:45:00,72.5,418.3594,262,4.199999999999999,6.2,4.600000000000001,2179.585
2025-07-03 17:48:00,71.5,400.897,262,4.199999999999999,6.3999999999999995,4.600000000000001,2151.96
2025-07-03 17:51:00,71.5,398.9294,262,4.199999999999999,6.6,4.5,2147.01
2025-07-03 17:54:00,71.0,426.9676,262,4.199999999999999,6.499999999999999,4.700000000000003,2159.181
2025-07-03 17:57:00,73.5,423.2784,262,4.300000000000001,6.499999999999999,4.899999999999999,2197.0469999999996
2025-07-03 18:00:00,72.5,420.5729,262,4.200000000000003,6.3999999999999995,4.699999999999996,2163.45
2025-07-03 18:03:00,71.0,420.327,262,4.200000000000003,6.4,4.699999999999996,2139.173
2025-07-03 18:06:00,71.0,404.3403,262,4.200000000000003,6.5,4.600000000000001,2105.4849999999997
2025-07-03 18:09:00,66.5,319.9797,262,3.8999999999999986,6.4,4.400000000000006,1969.8999
2025-07-03 18:12:00,58.0,316.5365,262,3.3000000000000007,6.9,3.8000000000000007,1715.0991
2025-07-03 18:15:00,58.5,313.5851,262,3.3000000000000007,6.7,3.8000000000000007,1722.3679000000002
2025-07-03 18:18:00,57.0,317.5203,263,3.3000000000000007,6.5,3.6999999999999993,1685.9708
2025-07-03 18:21:00,57.0,320.9635,263,3.3000000000000007,6.4,3.8000000000000007,1688.6676
2025-07-03 18:24:00,57.0,321.4554,263,3.1999999999999993,6.300000000000001,3.8000000000000007,1665.0957
2025-07-03 18:27:00,56.0,318.2581,263,3.1999999999999993,6.300000000000001,3.8000000000000007,1659.6334000000002
2025-07-03 18:30:00,56.0,325.6366,263,3.1999999999999993,6.300000000000001,3.8000000000000007,1689.4087
2025-07-03 18:33:00,56.5,329.8177,263,3.1999999999999993,6.300000000000001,3.900000000000002,1674.1412
2025-07-03 18:36:00,56.5,321.4554,263,3.3000000000000007,6.300000000000001,3.8000000000000007,1674.7671
2025-07-03 18:39:00,56.0,313.3391,263,3.1999999999999993,6.4,3.8000000000000007,1655.7197
2025-07-03 18:42:00,55.5,320.2257,263,3.1999999999999993,6.4,3.6999999999999993,1638.8387
2025-07-03 18:45:00,56.0,317.7662,263,3.1999999999999993,6.299999999999999,3.8000000000000007,1636.1263
2025-07-03 18:48:00,54.0,301.2876,263,3.1000000000000014,6.3999999999999995,3.6999999999999957,1597.3264
2025-07-03 18:51:00,52.5,296.3687,263,3.0,6.4,3.6000000000000014,1534.6545
2025-07-04 08:12:00,39.0,271.7737,263,1.6999999999999993,2.8999999999999995,3.1999999999999993,1209.873
2025-07-04 08:15:00,38.0,313.3391,263,2.3999999999999986,4.4,3.6000000000000014,1160.441
2025-07-04 08:18:00,35.5,314.077,263,2.5,4.8999999999999995,3.5,1093.829
2025-07-04 08:21:00,34.5,314.077,263,2.5,5.000000000000001,3.1999999999999957,1052.691
2025-07-04 08:24:00,35.5,315.7986,263,2.400000000000002,5.0,3.3999999999999986,1080.05
2025-07-04 08:27:00,35.5,318.9959,263,2.5,5.0,3.3000000000000007,1091.649
2025-07-04 08:30:00,35.5,319.4879,264,2.5,4.9,3.3000000000000007,1094.351
2025-07-04 08:33:00,36.0,323.423,264,2.5,4.9,3.3000000000000007,1089.613
2025-07-04 08:36:00,38.5,386.386,264,2.5,4.6000000000000005,3.599999999999998,1175.164
2025-07-04 08:39:00,41.0,433.1163,264,2.8000000000000007,4.300000000000001,3.6999999999999993,1264.187
2025-07-04 08:42:00,43.5,437.7894,264,2.900000000000002,4.6,3.8000000000000007,1327.207
2025-07-04 08:45:00,45.0,435.0839,264,3.1000000000000014,4.699999999999999,3.799999999999997,1376.369
2025-07-04 08:48:00,45.0,431.3947,264,3.200000000000003,4.699999999999999,3.8999999999999986,1397.29
2025-07-04 08:51:00,45.5,420.327,264,3.200000000000003,4.8,3.6999999999999957,1383.295
2025-07-04 08:54:00,46.0,424.0162,264,3.200000000000003,4.8999999999999995,3.799999999999997,1388.272
2025-07-04 08:57:00,46.0,420.8188,264,3.200000000000003,5.000000000000001,3.8999999999999986,1400.196
2025-07-04 09:00:00,47.0,449.3489,264,3.1999999999999993,5.0,4.0000000000000036,1450.006
2025-07-04 09:03:00,47.5,543.3015,264,3.5,4.5,3.6000000000000014,1400.36
2025-07-04 09:06:00,32.0,560.7639,264,1.1999999999999993,1.6999999999999993,1.3000000000000007,863.3308999999999
2025-07-04 09:09:00,66.0,550.68,264,3.5,3.6000000000000005,4.699999999999996,2061.6589999999997
2025-07-04 09:12:00,74.0,517.4769,264,4.100000000000001,4.9,5.099999999999994,2264.646
2025-07-04 09:15:00,74.0,473.452,264,4.299999999999997,5.6,5.0,2274.134
2025-07-04 09:18:00,72.5,467.5492,264,4.199999999999996,5.8,4.900000000000006,2214.236
2025-07-04 09:21:00,73.5,467.0573,264,4.399999999999999,5.9,5.0,2248.165
2025-07-04 09:24:00,73.0,467.3032,264,4.399999999999999,6.0,5.0,2243.108
2025-07-04 09:27:00,75.0,466.0735,264,4.400000000000002,6.1,5.0,2287.0789999999997
2025-07-04 09:30:00,72.0,450.5787,265,4.400000000000002,6.1,4.899999999999999,2220.0699999999997
2025-07-04 09:33:00,72.0,450.0868,265,4.300000000000001,6.1,5.0,2212.701
2025-07-04 09:36:00,71.5,461.1545,265,4.300000000000001,6.2,4.899999999999999,2162.237
2025-07-04 09:39:00,71.5,457.9572,265,4.099999999999998,5.8,4.800000000000004,2192.879
2025-07-04 09:42:00,72.5,466.3194,265,4.300000000000001,5.7,4.700000000000003,2201.362
2025-07-04 09:45:00,72.0,458.695,265,4.300000000000001,5.8999999999999995,4.700000000000003,2206.603
2025-07-04 09:48:00,73.5,474.9276,265,4.300000000000001,5.800000000000001,4.899999999999999,2272.682
2025-07-04 09:51:00,75.5,490.6684,265,4.400000000000002,5.800000000000001,5.100000000000001,2325.312
2025-07-04 09:54:00,79.5,500.5063,265,4.599999999999998,5.9,5.300000000000004,2425.66
2025-07-04 09:57:00,81.0,515.2633,265,4.800000000000001,6.1000000000000005,5.5,2470.623
2025-07-04 10:00:00,79.5,515.0174,265,4.800000000000001,6.0,5.299999999999997,2443.95
2025-07-04 10:03:00,79.0,515.2633,265,4.800000000000001,6.0,5.299999999999997,2415.349
2025-07-04 10:06:00,78.0,492.39,265,4.800000000000001,6.1,5.200000000000003,2408.603
2025-07-04 10:09:00,78.0,483.7818,265,4.899999999999999,6.199999999999999,5.100000000000001,2375.074
2025-07-04 10:12:00,77.0,470.2546,265,4.699999999999996,6.299999999999999,5.200000000000003,2359.9390000000003
2025-07-04 10:15:00,72.0,419.5891,265,4.5,6.6,4.699999999999996,2195.393
2025-07-04 10:18:00,68.0,416.8837,265,4.199999999999999,6.3999999999999995,4.200000000000003,2060.081
2025-07-04 10:21:00,69.0,418.6053,265,4.0000000000000036,6.1,4.5,2087.596
2025-07-04 10:24:00,69.5,424.5081,265,4.100000000000001,6.0,4.5,2095.8419999999996
2025-07-04 10:27:00,69.5,417.3756,265,4.100000000000001,5.999999999999999,4.5,2093.017
2025-07-04 10:30:00,68.5,410.9809,266,4.100000000000001,6.200000000000001,4.5,2091.049
2025-07-04 10:33:00,68.0,400.897,266,4.100000000000001,6.199999999999999,4.399999999999999,2057.303
2025-07-04 10:36:00,68.0,407.5376,266,4.0,6.1,4.5,2064.705
2025-07-04 10:39:00,68.5,422.7865,266,4.100000000000001,6.1,4.5,2082.1000000000004
2025-07-04 10:42:00,69.0,420.5729,266,4.100000000000001,6.1000000000000005,4.5,2087.165
2025-07-04 10:45:00,69.0,420.327,266,4.100000000000001,6.1000000000000005,4.5,2095.547
2025-07-04 10:48:00,70.0,420.8188,266,4.100000000000001,6.1000000000000005,4.599999999999994,2112.051
2025-07-04 10:51:00,70.0,417.3756,266,4.100000000000001,6.1000000000000005,4.5,2094.8909999999996
2025-07-04 10:54:00,70.0,418.3594,266,4.100000000000001,6.1,4.599999999999994,2101.839
2025-07-04 10:57:00,69.0,412.4566,266,4.100000000000001,6.1,4.5,2073.521
2025-07-04 11:00:00,69.0,417.3756,266,4.100000000000001,6.1,4.5,2079.904
2025-07-04 11:03:00,69.0,414.6701,266,4.100000000000001,6.1,4.5,2070.3230000000003
2025-07-04 11:06:00,69.5,417.8675,266,4.0000000000000036,6.200000000000001,4.5,2079.361
2025-07-04 11:09:00,70.0,415.8999,266,4.100000000000001,6.200000000000001,4.5,2088.402
2025-07-04 11:12:00,69.0,407.2917,266,4.100000000000001,6.200000000000001,4.5,2063.793
2025-07-04 11:15:00,68.0,405.816,266,4.100000000000001,6.200000000000001,4.399999999999999,2059.2309999999998
2025-07-04 11:18:00,68.0,417.1296,266,4.100000000000001,6.200000000000001,4.5,2069.8450000000003
2025-07-04 11:21:00,68.0,423.0324,266,4.100000000000001,6.1000000000000005,4.5,2084.538
2025-07-04 11:24:00,68.5,420.5729,266,4.099999999999998,6.1000000000000005,4.5,2102.897
2025-07-04 11:27:00,69.5,425.9838,266,4.099999999999998,6.1000000000000005,4.5,2101.371
2025-07-04 11:30:00,69.0,422.7865,267,4.099999999999998,6.1000000000000005,4.600000000000001,2097.761
2025-07-04 11:33:00,69.0,418.6053,267,4.099999999999998,5.999999999999999,4.5,2097.906
2025-07-04 11:36:00,69.5,424.0162,267,4.0000000000000036,6.1000000000000005,4.599999999999994,2102.837
2025-07-04 11:39:00,69.5,418.1134,267,4.099999999999998,6.000000000000001,4.600000000000001,2099.468
2025-07-04 11:42:00,69.5,424.0162,267,4.099999999999998,6.000000000000001,4.600000000000001,2112.2439999999997
2025-07-04 11:45:00,69.5,419.8351,267,4.099999999999998,6.000000000000001,4.600000000000001,2110.175
2025-07-04 11:48:00,69.5,414.9161,267,4.099999999999998,6.1000000000000005,4.600000000000001,2104.007
2025-07-04 11:51:00,69.0,416.8837,267,4.099999999999998,6.1000000000000005,4.600000000000001,2095.261
2025-07-04 11:54:00,68.5,392.0428,267,3.9999999999999964,6.200000000000001,4.400000000000006,2054.657
2025-07-04 11:57:00,66.5,392.7807,267,3.900000000000002,6.300000000000001,4.5,2029.4769999999999
2025-07-04 12:00:00,67.0,385.1563,267,3.9999999999999964,6.4,4.400000000000006,2027.601
2025-07-04 12:03:00,67.5,391.305,267,3.9999999999999964,6.4,4.400000000000006,2043.51
2025-07-04 12:06:00,68.0,396.224,267,3.9999999999999964,6.200000000000001,4.5,2040.8000000000002
2025-07-04 12:09:00,67.0,387.1238,267,3.9999999999999964,6.200000000000001,4.5,2030.3809999999999
2025-07-04 12:12:00,67.0,385.8941,267,3.9999999999999964,6.200000000000001,4.400000000000006,2004.853
2025-07-04 12:15:00,67.0,385.1563,267,3.8999999999999986,6.4,4.400000000000006,2011.9294
2025-07-04 12:18:00,66.5,389.5833,267,3.8999999999999986,6.300000000000001,4.5,2011.7532999999999
2025-07-04 12:21:00,67.5,388.3536,267,3.8999999999999986,6.4,4.399999999999999,2019.525
2025-07-04 12:24:00,68.0,404.5862,267,3.8999999999999986,6.300000000000001,4.5,2024.2871
2025-07-04 12:27:00,67.0,403.3565,267,4.0,6.1000000000000005,4.399999999999999,2035.594
2025-07-04 12:30:00,67.0,388.8455,268,4.0,6.200000000000001,4.299999999999997,2009.6528
2025-07-04 12:33:00,66.5,399.4213,268,4.0,6.200000000000001,4.299999999999997,2004.6048
2025-07-04 12:36:00,67.0,399.9132,268,3.8999999999999986,6.200000000000001,4.399999999999999,2023.949
2025-07-04 12:39:00,66.0,398.4375,268,3.8999999999999986,6.200000000000001,4.299999999999997,1972.1426000000001
2025-07-04 12:42:00,67.0,406.3079,268,3.8999999999999986,6.000000000000001,4.299999999999997,2005.758
2025-07-04 12:45:00,66.5,401.8808,268,3.8999999999999986,6.000000000000001,4.399999999999999,2001.6056
2025-07-04 12:48:00,66.5,397.4537,268,3.8999999999999986,6.1000000000000005,4.299999999999997,1982.2966999999999
2025-07-04 12:51:00,66.0,389.5833,268,3.8999999999999986,6.1000000000000005,4.299999999999997,1978.8582999999999
2025-07-04 12:54:00,65.5,388.5995,268,3.8999999999999986,5.999999999999999,4.299999999999997,1957.7527
2025-07-04 12:57:00,65.0,392.7807,268,3.8000000000000007,6.1000000000000005,4.200000000000003,1957.422
2025-07-04 13:00:00,64.5,393.7645,268,3.6999999999999993,5.999999999999999,4.300000000000004,1953.8663999999999
2025-07-04 13:03:00,65.5,395.7321,268,3.8000000000000007,5.999999999999999,4.299999999999997,1960.3701999999998
2025-07-04 13:06:00,65.5,394.7483,268,3.8000000000000007,5.999999999999999,4.299999999999997,1954.875
2025-07-04 13:09:00,65.0,403.3565,268,3.8000000000000007,5.999999999999999,4.299999999999997,1965.641
2025-07-04 13:12:00,66.0,391.5509,268,3.8000000000000007,5.999999999999999,4.399999999999999,1961.1918
2025-07-04 13:15:00,65.0,394.7483,268,3.8000000000000007,5.8999999999999995,4.299999999999997,1956.7388999999998
2025-07-04 13:18:00,65.5,401.8808,268,3.8000000000000007,6.000000000000001,4.399999999999999,1964.5805
2025-07-04 13:21:00,65.5,398.1916,268,3.8000000000000007,6.000000000000001,4.399999999999999,1968.3507
2025-07-04 13:24:00,66.0,398.9294,268,3.8000000000000007,6.000000000000001,4.399999999999999,1965.7964
2025-07-04 13:27:00,66.0,402.6187,268,3.8000000000000007,5.8999999999999995,4.399999999999999,1978.6715
2025-07-04 13:30:00,66.0,399.4213,269,3.8000000000000007,5.999999999999999,4.299999999999997,1957.8627
2025-07-04 13:33:00,66.0,408.0295,269,3.900000000000002,5.8999999999999995,4.399999999999999,1989.9423000000002
2025-07-04 13:36:00,67.0,411.2269,269,3.900000000000002,5.8999999999999995,4.399999999999999,2000.6246
2025-07-04 13:39:00,67.0,402.3727,269,3.8000000000000007,5.8999999999999995,4.5,2002.3598
2025-07-04 13:42:00,67.0,406.0619,269,3.8000000000000007,5.8999999999999995,4.5,2019.43
2025-07-04 13:45:00,68.0,411.7188,269,3.900000000000002,5.8999999999999995,4.5,2055.041
2025-07-04 13:48:00,67.5,409.2593,269,3.900000000000002,5.8999999999999995,4.399999999999999,2041.2649999999999
2025-07-04 13:51:00,68.5,421.8027,269,3.900000000000002,5.8999999999999995,4.5,2058.98
2025-07-04 13:54:00,68.5,418.1134,269,3.9999999999999964,5.8999999999999995,4.5,2082.2529999999997
2025-07-04 13:57:00,68.5,414.6701,269,3.900000000000002,5.8999999999999995,4.599999999999994,2070.232
2025-07-04 14:00:00,69.0,421.5567,269,3.9999999999999964,5.8999999999999995,4.600000000000001,2084.9089999999997
2025-07-04 14:03:00,67.5,413.4404,269,3.9999999999999964,5.999999999999999,4.5,2071.04
2025-07-04 14:06:00,69.0,407.2917,269,3.9999999999999964,5.999999999999999,4.5,2077.898
2025-07-04 14:09:00,68.5,414.1782,269,3.9999999999999964,6.1,4.5,2077.474
2025-07-04 14:15:00,69.0,416.8837,269,3.9999999999999964,5.999999999999999,4.700000000000003,2104.096
2025-07-04 14:18:00,69.0,421.5567,269,3.9999999999999964,5.999999999999999,4.700000000000003,2099.6620000000003
2025-07-04 14:21:00,69.0,415.408,269,3.9999999999999964,6.1000000000000005,4.600000000000001,2093.956
2025-07-04 14:24:00,69.5,418.1134,269,3.9999999999999964,6.1000000000000005,4.600000000000001,2096.642
2025-07-04 14:27:00,69.0,412.9485,269,3.9999999999999964,6.1000000000000005,4.600000000000001,2083.0519999999997
2025-07-04 14:30:00,68.5,411.7188,270,3.9999999999999964,6.1000000000000005,4.600000000000001,2077.25
2025-07-04 14:33:00,69.0,416.8837,270,3.9999999999999964,6.1000000000000005,4.600000000000001,2082.503
2025-07-04 14:36:00,69.5,415.8999,270,3.9999999999999964,5.999999999999999,4.700000000000003,2079.806
2025-07-04 14:39:00,70.0,421.8027,270,4.099999999999998,5.999999999999999,4.700000000000003,2115.665
2025-07-04 14:42:00,70.0,419.0972,270,3.9999999999999964,6.1,4.700000000000003,2108.5699999999997
2025-07-04 14:45:00,68.5,419.0972,270,3.9999999999999964,5.8999999999999995,4.700000000000003,2106.0280000000002
2025-07-04 14:48:00,69.0,416.8837,270,4.0,6.1,4.600000000000001,2090.322
2025-07-04 14:51:00,69.0,413.4404,270,4.099999999999998,6.0,4.600000000000001,2088.252
2025-07-04 14:54:00,69.0,419.8351,270,4.0,6.0,4.600000000000001,2103.388
2025-07-04 14:57:00,69.0,421.5567,270,4.099999999999998,6.1,4.600000000000001,2108.946
2025-07-04 15:00:00,69.0,418.1134,270,4.0,6.1,4.600000000000001,2099.199
2025-07-04 15:03:00,69.0,421.0648,270,4.0,6.1,4.600000000000001,2108.215
2025-07-04 15:06:00,69.5,419.8351,270,4.0,5.999999999999999,4.600000000000001,2103.056
2025-07-04 15:09:00,69.5,426.4757,270,4.199999999999999,5.8999999999999995,4.600000000000001,2103.991
2025-07-04 15:12:00,70.0,425.4919,270,4.100000000000001,5.8999999999999995,4.600000000000001,2089.9139999999998
2025-07-04 15:15:00,69.5,424.7541,270,4.100000000000001,5.999999999999999,4.5,2095.583
2025-07-04 15:18:00,70.0,420.5729,270,4.0,5.999999999999999,4.700000000000003,2114.0429999999997
2025-07-04 15:21:00,70.0,420.5729,270,4.100000000000001,5.999999999999999,4.600000000000001,2108.04
2025-07-04 15:24:00,70.0,423.0324,270,4.100000000000001,5.999999999999999,4.600000000000001,2118.109
2025-07-04 15:27:00,70.0,424.7541,271,4.0,5.999999999999999,4.600000000000001,2123.257
2025-07-04 15:30:00,70.0,425.9838,271,4.100000000000001,5.999999999999999,4.600000000000001,2130.199
2025-07-04 15:33:00,70.5,426.9676,271,4.0,5.999999999999999,4.700000000000003,2129.943
2025-07-04 15:36:00,70.5,420.8188,271,4.0,6.1000000000000005,4.700000000000003,2129.43
2025-07-04 15:39:00,70.0,417.8675,271,4.0,5.999999999999999,4.700000000000003,2112.459
2025-07-04 15:42:00,70.0,427.7054,271,4.100000000000001,6.1000000000000005,4.600000000000001,2129.129
2025-07-04 15:45:00,70.0,422.0486,271,4.100000000000001,6.000000000000001,4.600000000000001,2132.679
2025-07-04 15:48:00,70.5,408.5214,271,4.0,5.999999999999999,4.700000000000003,2127.662
2025-07-04 15:51:00,69.0,409.9971,271,4.0,6.1000000000000005,4.600000000000001,2096.1949999999997
2025-07-04 15:54:00,69.5,413.4404,271,4.0,6.1000000000000005,4.600000000000001,2106.426
2025-07-04 15:57:00,69.5,415.408,271,4.100000000000001,6.1,4.600000000000001,2101.0460000000003
2025-07-04 16:00:00,69.0,414.4242,271,4.0,6.1,4.600000000000001,2094.393
2025-07-04 16:03:00,68.5,408.2755,271,4.0,6.1,4.600000000000001,2067.57
2025-07-04 16:06:00,68.0,403.1105,271,4.0,6.199999999999999,4.5,2070.1
2025-07-04 16:09:00,68.5,401.1429,271,4.0,6.199999999999999,4.600000000000001,2079.186
2025-07-04 16:12:00,68.5,399.6672,271,4.0,6.1,4.5,2061.406
2025-07-04 16:15:00,68.0,399.9132,271,4.0,6.1,4.5,2048.668
2025-07-04 16:18:00,67.5,407.5376,271,3.8999999999999986,6.0,4.5,2062.518
2025-07-04 16:21:00,68.0,406.0619,271,3.8999999999999986,6.1,4.600000000000001,2057.303
2025-07-04 16:24:00,67.5,402.1267,271,4.0,6.1,4.5,2046.122
2025-07-04 16:27:00,67.5,400.1591,271,3.8999999999999986,6.1,4.600000000000001,2051.812
2025-07-04 16:30:00,68.5,395.2402,272,3.8999999999999986,6.1,4.5,2047.442
2025-07-04 16:33:00,67.0,395.978,272,3.8999999999999986,6.1,4.5,2018.865
2025-07-04 16:36:00,66.5,392.2888,272,3.8999999999999986,6.1,4.5,2025.0439999999999
2025-07-04 16:39:00,68.0,393.2726,272,3.8999999999999986,6.1,4.5,2026.937
2025-07-04 16:42:00,67.0,387.1238,272,3.8999999999999986,6.199999999999999,4.5,2017.0265
2025-07-04 16:45:00,67.0,406.3079,272,4.0,6.1,4.5,2056.21
2025-07-04 16:48:00,68.0,412.4566,272,4.0,5.8999999999999995,4.5,2064.495
2025-07-04 16:51:00,68.5,414.1782,272,3.900000000000002,5.8999999999999995,4.600000000000001,2061.487
2025-07-04 16:54:00,67.5,411.2269,272,4.0,5.8,4.5,2060.101
2025-07-04 16:57:00,67.0,409.2593,272,3.900000000000002,6.0,4.5,2049.9629999999997
2025-07-04 17:00:00,68.0,411.2269,272,3.900000000000002,6.0,4.600000000000001,2060.411
2025-07-04 17:03:00,66.5,403.8484,272,3.900000000000002,6.0,4.5,2014.5439999999999
2025-07-04 17:06:00,65.5,407.2917,272,3.8000000000000007,5.9,4.399999999999999,2008.344
2025-07-04 17:09:00,66.5,411.2269,272,3.8000000000000007,5.9,4.5,2027.045
2025-07-04 17:12:00,67.0,403.6024,272,3.8000000000000007,5.9,4.5,2020.3474999999999
2025-07-04 17:15:00,66.5,402.3727,272,3.8000000000000007,5.9,4.5,1983.2687999999998
2025-07-04 17:18:00,66.0,398.4375,272,3.8000000000000007,5.800000000000001,4.399999999999999,1984.4148
2025-07-04 17:21:00,66.5,396.224,272,3.8000000000000007,5.800000000000001,4.5,1990.4676
2025-07-04 17:24:00,66.5,397.6996,272,3.8000000000000007,5.9,4.5,1995.3554
2025-07-04 17:27:00,68.5,407.2917,272,3.900000000000002,6.0,4.600000000000001,2055.7
2025-07-04 17:30:00,68.0,395.7321,273,3.900000000000002,6.0,4.600000000000001,2054.895
2025-07-04 17:33:00,68.0,394.9942,273,3.900000000000002,6.1,4.600000000000001,2039.335
2025-07-04 17:36:00,67.5,391.305,273,3.8000000000000007,6.1,4.5,2024.716
2025-07-04 17:39:00,67.5,397.4537,273,3.8000000000000007,6.1,4.5,2029.438
2025-07-04 17:42:00,68.0,395.2402,273,3.900000000000002,6.1,4.5,2041.292
2025-07-04 17:45:00,68.5,400.1591,273,3.900000000000002,6.1,4.5,2049.5060000000003
2025-07-04 17:48:00,67.0,391.059,273,3.900000000000002,6.1,4.5,2026.182
2025-07-04 17:51:00,66.5,385.1563,273,3.8000000000000007,6.1,4.5,1988.7575000000002
2025-07-04 17:54:00,66.5,387.8617,273,3.8000000000000007,6.1,4.5,1980.6311
2025-07-04 17:57:00,67.0,397.2078,273,3.8000000000000007,6.1,4.399999999999999,1992.5902999999998
2025-07-04 18:00:00,67.0,403.1105,273,3.900000000000002,6.0,4.5,2016.8201
2025-07-04 18:03:00,68.0,408.5214,273,3.900000000000002,5.9,4.5,2039.546
2025-07-04 18:06:00,68.0,399.9132,273,3.8000000000000007,6.0,4.600000000000001,2047.77
2025-07-04 18:09:00,67.5,390.8131,273,3.8000000000000007,6.1,4.5,2019.185
2025-07-04 18:12:00,66.5,389.0914,273,3.8000000000000007,6.1,4.5,2010.3546000000001
2025-07-04 18:15:00,63.5,338.4259,273,3.6999999999999993,6.2,4.100000000000001,1895.7197999999999
2025-07-04 18:18:00,60.0,340.6395,273,3.4999999999999964,6.3,4.0,1783.2209
2025-07-04 18:21:00,60.5,344.5746,273,3.400000000000002,6.2,4.099999999999994,1776.7344
2025-07-04 18:24:00,58.5,331.7853,273,3.3000000000000007,6.2,4.0,1746.182
2025-07-04 18:27:00,57.5,323.669,273,3.1999999999999993,6.2,3.8999999999999986,1678.5989
2025-07-04 18:30:00,56.5,325.6366,274,3.3000000000000007,6.2,3.799999999999997,1669.6859
2025-07-04 18:33:00,57.0,328.0961,274,3.1999999999999993,6.1,4.0,1688.8193999999999
2025-07-04 18:36:00,57.0,329.8177,274,3.1999999999999993,6.1,4.0,1690.9893000000002
2025-07-04 18:39:00,57.0,322.4392,274,3.3000000000000007,6.1,3.799999999999997,1672.4389
2025-07-04 18:42:00,56.0,321.2095,274,3.1999999999999993,6.199999999999999,3.799999999999997,1649.9306000000001
2025-07-04 18:45:00,56.0,318.5041,274,3.3000000000000007,6.0,3.799999999999997,1635.6203
2025-07-04 18:48:00,55.0,303.7471,274,3.099999999999998,6.2,3.700000000000003,1605.2276000000002
2025-07-04 18:51:00,54.0,307.4363,274,2.9999999999999964,6.1,3.8000000000000043,1586.7607
2025-07-05 09:09:00,39.0,258.4925,274,1.8999999999999986,2.9000000000000004,3.200000000000003,1242.049
2025-07-05 09:12:00,36.5,253.0816,274,2.599999999999998,5.199999999999999,3.5000000000000036,1099.231
2025-07-05 09:15:00,37.5,296.8605,274,2.8000000000000007,5.2,3.700000000000003,1137.263
2025-07-05 09:18:00,36.0,290.4659,274,2.8000000000000007,5.4,3.6000000000000014,1111.193
2025-07-05 09:21:00,37.5,299.0741,274,2.900000000000002,5.3999999999999995,3.6000000000000014,1135.786
2025-07-05 09:24:00,38.0,306.2066,274,2.900000000000002,5.3999999999999995,3.6000000000000014,1154.595
2025-07-05 09:27:00,38.0,310.3877,274,3.0,5.3,3.599999999999998,1155.945
2025-07-05 09:30:00,38.0,311.6175,274,3.0,5.3,3.5000000000000036,1155.752
2025-07-05 09:33:00,38.5,310.8796,274,2.8999999999999986,5.3999999999999995,3.599999999999998,1162.979
2025-07-05 09:36:00,40.0,320.9635,274,3.0,5.3999999999999995,3.8000000000000007,1225.572
2025-07-05 09:39:00,40.0,319.7338,275,3.1000000000000014,5.500000000000001,3.599999999999998,1213.831
2025-07-05 09:42:00,40.5,311.1256,275,3.1000000000000014,5.500000000000001,3.6000000000000014,1226.072
2025-07-05 09:45:00,40.5,309.8958,275,3.1000000000000014,5.6000000000000005,3.6000000000000014,1218.828
2025-07-05 09:48:00,40.0,315.3067,275,3.1000000000000014,5.8,3.6999999999999957,1225.902
2025-07-05 09:51:00,41.0,328.588,275,3.1999999999999993,5.6,3.900000000000002,1275.509
2025-07-05 09:54:00,41.5,330.5556,275,3.3000000000000007,5.500000000000001,3.8000000000000007,1264.778
2025-07-05 09:57:00,41.5,331.7853,275,3.299999999999997,5.699999999999999,3.8000000000000043,1284.349
2025-07-05 10:00:00,43.0,343.5909,275,3.3999999999999986,5.699999999999999,3.8999999999999986,1336.595
2025-07-05 10:03:00,44.5,340.6395,275,3.6000000000000014,5.699999999999999,3.8999999999999986,1372.686
2025-07-05 10:06:00,44.5,321.2095,275,3.5,5.799999999999999,4.0,1366.429
2025-07-05 10:09:00,44.0,333.5069,275,3.6000000000000014,5.8,3.799999999999997,1366.127
2025-07-05 10:12:00,45.0,339.6557,275,3.6000000000000014,5.8,3.8999999999999986,1376.794
2025-07-05 10:15:00,42.5,264.3953,275,3.5,6.199999999999999,3.6000000000000014,1299.774
2025-07-05 10:18:00,40.5,275.7089,275,3.1999999999999993,6.499999999999999,3.599999999999998,1230.387
2025-07-05 10:21:00,39.0,262.4277,275,3.1999999999999993,6.3999999999999995,3.400000000000002,1194.933
2025-07-05 10:24:00,40.0,263.1655,275,3.1999999999999993,6.0,3.599999999999998,1220.598
2025-07-05 10:27:00,37.0,266.6088,275,3.0,6.299999999999999,3.299999999999997,1135.769
2025-07-05 10:30:00,38.0,264.1493,275,3.0,6.200000000000001,3.3999999999999986,1158.349
2025-07-05 10:33:00,38.5,265.3791,275,3.0,6.200000000000001,3.3999999999999986,1150.848
2025-07-05 10:36:00,38.0,255.5411,275,3.0,6.200000000000001,3.3999999999999986,1152.316
2025-07-05 10:39:00,37.5,254.8032,276,2.8999999999999986,6.299999999999999,3.299999999999997,1134.547
2025-07-05 10:42:00,37.0,258.4925,276,2.799999999999997,6.3,3.3000000000000043,1110.818
2025-07-05 10:45:00,36.5,253.8194,276,2.6999999999999993,6.199999999999999,3.3000000000000007,1104.757
2025-07-05 10:48:00,36.5,253.5735,276,2.6999999999999993,6.199999999999999,3.400000000000002,1112.253
2025-07-05 10:51:00,36.5,256.033,276,2.6999999999999993,6.199999999999999,3.400000000000002,1110.796
2025-07-05 10:54:00,36.5,252.3438,276,2.6999999999999993,6.0,3.3000000000000007,1100.588
2025-07-05 10:57:00,36.5,253.3275,276,2.8000000000000007,6.1,3.3000000000000007,1091.365
2025-07-05 11:00:00,36.5,262.9196,276,2.8000000000000007,6.0,3.3000000000000007,1100.484
2025-07-05 11:03:00,36.5,269.0683,276,2.6999999999999993,6.0,3.3000000000000007,1113.193
2025-07-05 11:06:00,37.5,271.5278,276,2.8000000000000007,5.9,3.400000000000002,1135.755
2025-07-05 11:09:00,37.0,273.4954,276,2.8000000000000007,5.9,3.400000000000002,1127.974
2025-07-05 11:12:00,36.5,264.1493,276,2.8000000000000007,6.0,3.3000000000000007,1112.108
2025-07-05 11:15:00,36.5,269.5602,276,2.8000000000000007,6.0,3.3000000000000007,1108.707
2025-07-05 11:18:00,36.5,271.0359,276,2.6999999999999993,6.0,3.400000000000002,1116.118
2025-07-05 11:21:00,37.0,270.544,276,2.8000000000000007,6.0,3.3000000000000007,1118.673
2025-07-05 11:24:00,37.0,263.6574,276,2.6999999999999993,5.9,3.400000000000002,1099.464
2025-07-05 11:27:00,36.0,263.4115,276,2.6999999999999993,5.9,3.3000000000000007,1094.52
2025-07-05 11:30:00,36.0,264.8871,276,2.6999999999999993,5.9,3.3000000000000007,1093.173
2025-07-05 11:33:00,36.0,260.706,276,2.6999999999999993,5.9,3.1999999999999993,1072.677
2025-07-05 11:36:00,36.0,261.6898,276,2.6999999999999993,6.1,3.3000000000000007,1084.627
2025-07-05 11:39:00,36.5,263.1655,277,2.6999999999999993,5.999999999999999,3.400000000000002,1114.272
2025-07-05 11:42:00,36.5,259.7222,277,2.6999999999999993,6.0,3.3000000000000007,1106.821
2025-07-05 11:45:00,35.5,280.6279,277,2.6000000000000014,6.3,3.1999999999999957,1035.889
2025-07-05 11:48:00,37.0,273.0035,277,2.6000000000000014,5.6,3.1999999999999957,1134.796
2025-07-05 11:51:00,38.5,277.1846,277,2.6999999999999993,5.8,3.400000000000002,1157.834
2025-07-05 11:54:00,37.5,275.217,277,2.6999999999999993,6.000000000000001,3.3000000000000007,1142.628
2025-07-05 11:57:00,41.0,274.4792,277,2.6999999999999993,5.700000000000001,3.599999999999998,1249.611
2025-07-05 12:00:00,41.5,277.9225,277,3.0,5.999999999999999,3.6000000000000014,1250.882
2025-07-05 12:03:00,40.5,276.9387,277,3.0,6.199999999999999,3.6000000000000014,1231.611
2025-07-05 12:06:00,40.0,281.8576,277,3.0,6.3,3.6000000000000014,1215.052
2025-07-05 12:09:00,40.0,290.7118,277,3.0,6.199999999999999,3.6000000000000014,1220.265
2025-07-05 12:12:00,39.5,291.4496,277,3.0,6.1,3.6000000000000014,1222.772
2025-07-05 12:15:00,40.0,289.974,277,3.0,6.1,3.6000000000000014,1214.894
2025-07-05 12:18:00,40.5,289.2361,277,3.0,6.0,3.5,1214.679
2025-07-05 12:21:00,40.0,259.2303,277,3.0,6.1,3.6000000000000014,1197.969
2025-07-05 12:24:00,36.5,255.5411,277,2.8000000000000007,6.3,3.3000000000000007,1112.085
2025-07-05 12:27:00,37.0,260.4601,277,2.6999999999999993,6.199999999999999,3.400000000000002,1112.956
2025-07-05 12:30:00,37.0,253.8194,277,2.6999999999999993,6.299999999999999,3.400000000000002,1122.944
2025-07-05 12:33:00,37.0,249.3924,277,2.6999999999999993,6.299999999999999,3.400000000000002,1107.343
2025-07-05 12:36:00,35.5,247.1788,277,2.6000000000000014,6.199999999999999,3.3999999999999986,1088.599
2025-07-05 12:39:00,36.0,245.9491,278,2.6999999999999993,6.3,3.3000000000000007,1081.861
2025-07-05 12:42:00,35.0,249.8843,278,2.6000000000000014,6.1,3.1999999999999957,1058.044
2025-07-05 12:45:00,35.5,248.1626,278,2.6000000000000014,6.1,3.299999999999997,1073.092
2025-07-05 12:48:00,35.5,244.4734,278,2.6000000000000014,6.299999999999999,3.1999999999999957,1065.325
2025-07-05 12:51:00,35.5,244.7193,278,2.6000000000000014,6.299999999999999,3.1999999999999957,1069.954
2025-07-05 12:54:00,35.5,242.2598,278,2.6000000000000014,6.199999999999999,3.1999999999999957,1068.96
2025-07-05 12:57:00,35.5,243.7355,278,2.6000000000000014,6.299999999999999,3.1999999999999957,1065.843
2025-07-05 13:00:00,35.0,241.276,278,2.6000000000000014,6.199999999999999,3.299999999999997,1070.598
2025-07-05 13:03:00,35.0,241.276,278,2.6000000000000014,6.199999999999999,3.299999999999997,1065.375
2025-07-05 13:06:00,35.5,238.8166,278,2.6000000000000014,6.199999999999999,3.1999999999999957,1059.348
2025-07-05 13:09:00,35.0,240.0463,278,2.6000000000000014,6.199999999999999,3.1999999999999957,1045.107
2025-07-05 13:12:00,35.0,248.4086,278,2.6000000000000014,6.1,3.1999999999999957,1050.968
2025-07-05 13:15:00,35.0,251.36,278,2.6000000000000014,6.0,3.1999999999999957,1066.969
2025-07-05 13:18:00,35.0,246.441,278,2.6000000000000014,6.199999999999999,3.1999999999999957,1055.031
2025-07-05 13:21:00,35.0,243.4896,278,2.6000000000000014,6.1,3.1999999999999957,1056.832
2025-07-05 13:24:00,34.5,240.2922,278,2.6000000000000014,6.1,3.0,1031.489
2025-07-05 13:27:00,34.0,238.5706,278,2.3000000000000007,5.699999999999999,3.099999999999998,1035.3
2025-07-05 13:30:00,35.5,238.8166,278,2.3999999999999986,5.6,3.1000000000000014,1065.235
2025-07-05 13:33:00,36.0,243.2436,278,2.6000000000000014,5.8999999999999995,3.1000000000000014,1095.089
2025-07-05 13:36:00,36.5,243.9815,278,2.6000000000000014,6.1,3.3999999999999986,1074.314
2025-07-05 13:39:00,35.0,242.0139,279,2.6000000000000014,6.3,3.299999999999997,1052.031
2025-07-05 13:42:00,35.5,248.1626,279,2.5,6.1,3.299999999999997,1058.146
2025-07-05 13:45:00,35.0,251.8519,279,2.599999999999998,6.1,3.1999999999999993,1059.995
2025-07-05 13:48:00,35.5,247.1788,279,2.5,6.1,3.3999999999999986,1059.47
2025-07-05 13:51:00,36.0,243.7355,279,2.599999999999998,6.1,3.3000000000000007,1070.529
2025-07-05 13:54:00,34.5,248.4086,279,2.599999999999998,6.1,3.3000000000000007,1062.742
2025-07-05 13:57:00,35.0,248.9005,279,2.6999999999999993,6.199999999999999,3.1999999999999993,1082.142
2025-07-05 14:00:00,35.5,244.7193,279,2.599999999999998,6.199999999999999,3.400000000000002,1082.263
2025-07-05 14:03:00,35.0,233.8976,279,2.599999999999998,6.4,3.3000000000000007,1069.533
2025-07-05 14:06:00,35.0,233.4057,279,2.599999999999998,6.4,3.3000000000000007,1062.823
2025-07-05 14:09:00,34.5,227.2569,279,2.599999999999998,6.299999999999999,3.099999999999998,1046.422
2025-07-05 14:12:00,32.5,225.2894,279,2.5,6.299999999999999,2.8999999999999986,995.9617
2025-07-05 14:15:00,34.0,238.5706,279,2.3999999999999986,5.8999999999999995,3.0,1044.109
2025-07-05 14:18:00,36.0,234.6354,279,2.5,6.000000000000001,3.1999999999999957,1096.577
2025-07-05 14:21:00,35.5,236.1111,279,2.6000000000000014,6.300000000000001,3.1999999999999993,1074.817
2025-07-05 14:24:00,34.5,234.6354,279,2.6000000000000014,6.4,3.3000000000000007,1066.11
2025-07-05 14:27:00,34.0,235.3732,279,2.6000000000000014,6.299999999999999,3.1999999999999993,1042.042
2025-07-05 14:30:00,34.0,231.4381,279,2.400000000000002,5.999999999999999,3.1000000000000014,1044.615
2025-07-05 14:33:00,35.0,235.8652,279,2.5,5.8999999999999995,3.099999999999998,1077.537
2025-07-05 14:36:00,40.0,286.2847,279,2.8000000000000007,5.499999999999999,3.6000000000000014,1239.418
2025-07-05 14:39:00,38.5,245.9491,280,2.900000000000002,6.199999999999999,3.5,1177.47
2025-07-05 14:42:00,36.5,246.441,280,2.8000000000000007,6.3999999999999995,3.299999999999997,1113.236
2025-07-05 14:45:00,35.5,247.4248,280,2.8000000000000007,6.3,3.299999999999997,1094.789
2025-07-05 14:48:00,35.5,245.9491,280,2.8000000000000007,6.3999999999999995,3.200000000000003,1078.746
2025-07-05 14:51:00,35.5,243.2436,280,2.8000000000000007,6.199999999999999,3.200000000000003,1081.24
2025-07-05 14:54:00,34.0,245.7031,280,2.6999999999999993,6.199999999999999,3.200000000000003,1050.965
2025-07-05 14:57:00,34.5,242.0139,280,2.8000000000000007,6.199999999999999,3.200000000000003,1061.25
2025-07-05 15:00:00,34.0,240.7841,280,2.6999999999999993,6.199999999999999,3.200000000000003,1053.872
2025-07-05 15:03:00,34.5,239.0625,280,2.6999999999999993,6.1,3.200000000000003,1054.032
2025-07-05 15:06:00,34.0,237.8328,280,2.6999999999999993,6.1,3.0,1029.868
2025-07-05 15:09:00,34.5,240.0463,280,2.3999999999999986,5.699999999999999,3.099999999999998,1055.524
2025-07-05 15:12:00,35.5,234.6354,280,2.5,5.8,3.1999999999999993,1084.871
2025-07-05 15:15:00,35.0,237.8328,280,2.599999999999998,6.1,3.200000000000003,1079.694
2025-07-05 15:18:00,34.0,238.3247,280,2.6999999999999993,6.3,3.1000000000000014,1044.478
2025-07-05 15:21:00,34.5,244.7193,280,2.6000000000000014,6.199999999999999,3.200000000000003,1054.576
2025-07-05 15:24:00,35.0,247.1788,280,2.6000000000000014,6.0,3.299999999999997,1065.335
2025-07-05 15:27:00,35.0,243.9815,280,2.6000000000000014,6.0,3.299999999999997,1061.903
2025-07-05 15:30:00,35.0,238.5706,280,2.6000000000000014,6.199999999999999,3.299999999999997,1059.997
2025-07-05 15:33:00,34.5,240.2922,280,2.6000000000000014,6.199999999999999,3.299999999999997,1067.857
2025-07-05 15:36:00,35.0,237.5868,280,2.6000000000000014,6.199999999999999,3.299999999999997,1061.566
2025-07-05 15:39:00,34.5,242.0139,281,2.6000000000000014,6.1,3.0,1044.072
2025-07-05 15:42:00,34.5,243.9815,281,2.400000000000002,5.6,3.099999999999998,1057.165
2025-07-05 15:45:00,36.0,245.7031,281,2.6000000000000014,5.8,3.200000000000003,1098.075
2025-07-05 16:36:00,35.5,242.5058,281,2.6999999999999993,6.1,3.3000000000000007,1073.459
2025-07-05 16:39:00,35.5,238.5706,282,2.6999999999999993,6.199999999999999,3.3000000000000007,1077.089
2025-07-05 16:42:00,35.0,244.9653,282,2.6999999999999993,6.199999999999999,3.1999999999999993,1062.51
2025-07-05 16:45:00,36.5,241.522,282,2.599999999999998,5.699999999999999,3.099999999999998,1104.242
2025-07-05 16:48:00,37.0,238.3247,282,2.5,5.8999999999999995,3.3000000000000007,1123.263
2025-07-05 16:51:00,37.0,233.8976,282,2.6999999999999993,6.1,3.3000000000000043,1124.006
2025-07-05 16:54:00,36.0,229.9624,282,2.6999999999999993,6.3999999999999995,3.3000000000000043,1089.815
2025-07-05 16:57:00,35.0,230.9462,282,2.6000000000000014,6.3999999999999995,3.1999999999999993,1053.897
2025-07-05 17:00:00,35.0,231.1921,282,2.400000000000002,5.999999999999999,3.1000000000000014,1053.61
2025-07-05 17:03:00,35.0,231.1921,282,2.400000000000002,5.8999999999999995,3.1000000000000014,1057.789
2025-07-05 17:06:00,35.5,226.5191,282,2.400000000000002,5.999999999999999,3.1999999999999957,1065.235
2025-07-05 17:09:00,35.0,225.0434,282,2.6000000000000014,6.199999999999999,3.1999999999999993,1061.19
2025-07-05 17:12:00,34.5,220.6163,282,2.5,6.3999999999999995,3.3000000000000007,1024.626
2025-07-05 17:15:00,33.5,223.0758,282,2.3000000000000007,5.999999999999999,3.0,1013.775
2025-07-05 17:18:00,34.0,220.3704,282,2.400000000000002,5.8999999999999995,3.0,1033.933
2025-07-05 17:21:00,34.5,219.8785,282,2.3999999999999986,5.8999999999999995,3.0,1032.467
2025-07-05 17:24:00,35.0,218.8947,282,2.5,6.1,3.1000000000000014,1037.797
2025-07-05 17:27:00,33.5,218.1568,282,2.599999999999998,6.299999999999999,3.099999999999998,1016.336
2025-07-05 17:30:00,33.0,229.9624,282,2.5,6.299999999999999,3.099999999999998,1009.576
2025-07-05 17:33:00,35.5,230.9462,282,2.400000000000002,5.8999999999999995,3.1000000000000014,1064.517
2025-07-05 17:36:00,35.0,215.6973,282,2.400000000000002,5.8999999999999995,3.1000000000000014,1055.765
2025-07-05 17:39:00,34.5,215.6973,283,2.400000000000002,6.0,3.1000000000000014,1056.222
2025-07-07 07:39:00,32.5,313.831,283,1.3999999999999986,-0.09999999999999964,3.900000000000002,989.3007
2025-07-07 07:42:00,40.5,530.2662,283,2.8000000000000007,3.0,4.199999999999996,1265.135
2025-07-07 07:45:00,47.0,567.4045,283,3.3000000000000007,3.3999999999999995,4.799999999999997,1469.623
2025-07-07 07:48:00,33.0,563.7153,283,2.8000000000000007,3.1999999999999993,1.0,767.6922000000001
2025-07-07 07:51:00,52.5,569.864,283,2.6999999999999993,2.0,4.399999999999999,1621.0295999999998
2025-07-07 07:54:00,59.5,565.6829,283,3.599999999999998,3.6999999999999993,4.800000000000004,1812.7588999999998
2025-07-07 07:57:00,63.5,560.7639,283,3.900000000000002,3.999999999999999,5.0,1935.3575
2025-07-07 08:00:00,65.5,501.7361,283,3.9999999999999964,4.6000000000000005,4.900000000000006,1977.2028
2025-07-07 08:03:00,67.0,521.1661,283,4.199999999999999,4.7,5.0,2014.086
2025-07-07 08:06:00,71.5,558.0585,283,4.300000000000004,4.699999999999999,5.299999999999997,2164.31
2025-07-07 08:09:00,74.5,558.7963,283,4.5000000000000036,4.6,5.399999999999999,2245.977
2025-07-07 08:12:00,74.0,521.9039,283,4.5,4.8,5.299999999999997,2218.738
2025-07-07 08:15:00,70.0,483.7818,283,4.299999999999997,5.2,5.100000000000001,2123.526
2025-07-07 08:18:00,69.0,441.7245,283,4.199999999999996,5.3999999999999995,5.0,2086.809
2025-07-07 08:21:00,68.5,463.3681,283,4.300000000000001,5.7,5.0,2111.013
2025-07-07 08:24:00,69.5,458.695,283,4.300000000000001,5.6,5.0,2129.608
2025-07-07 08:27:00,71.5,457.2193,283,4.300000000000001,5.699999999999999,5.399999999999999,2183.669
2025-07-07 08:30:00,70.5,457.2193,283,4.400000000000002,5.699999999999999,5.099999999999994,2156.813
2025-07-07 08:33:00,69.0,443.2002,284,4.400000000000002,5.799999999999999,5.099999999999994,2127.034
2025-07-07 08:36:00,69.5,467.3032,284,4.300000000000001,5.6000000000000005,5.0,2110.712
2025-07-07 08:39:00,71.5,462.1383,284,4.400000000000002,5.5,5.099999999999994,2173.893
2025-07-07 08:42:00,71.5,451.8085,284,4.300000000000004,5.6000000000000005,5.099999999999994,2157.752
2025-07-07 08:45:00,70.0,454.2679,284,4.300000000000004,5.700000000000001,4.899999999999999,2127.99
2025-07-07 08:48:00,70.0,458.4491,284,4.200000000000003,5.499999999999999,5.0,2132.505
2025-07-07 08:51:00,70.5,460.1707,284,4.200000000000003,5.500000000000001,5.099999999999994,2165.2560000000003
2025-07-07 08:54:00,72.5,469.0249,284,4.299999999999997,5.6,5.200000000000003,2214.799
2025-07-07 08:57:00,73.5,470.7465,284,4.399999999999999,5.699999999999999,5.200000000000003,2246.029
2025-07-07 09:00:00,76.0,465.3356,284,4.5,5.800000000000001,5.299999999999997,2326.992
2025-07-07 09:03:00,78.5,468.533,284,4.700000000000003,6.1000000000000005,5.699999999999996,2406.971
2025-07-07 09:06:00,78.0,478.371,284,4.799999999999997,6.200000000000001,5.5,2392.682
2025-07-07 09:09:00,80.0,470.9925,284,4.5,6.1000000000000005,5.299999999999997,2455.426
2025-07-07 09:12:00,78.5,470.9925,284,4.600000000000001,6.4,5.699999999999996,2416.437
2025-07-07 09:15:00,79.0,483.5359,284,4.700000000000003,6.4,5.5,2405.651
2025-07-07 09:18:00,77.5,448.1192,284,4.700000000000003,6.4,5.399999999999999,2377.172
2025-07-07 09:21:00,76.0,401.8808,284,4.700000000000003,6.6,5.199999999999996,2312.674
2025-07-07 09:24:00,72.0,398.9294,284,4.399999999999999,6.8999999999999995,4.899999999999999,2187.386
2025-07-07 09:27:00,70.5,394.0104,284,4.299999999999997,6.7,4.900000000000006,2158.9120000000003
2025-07-07 09:30:00,67.5,400.1591,284,4.299999999999997,6.6000000000000005,4.5,2062.932
2025-07-07 09:33:00,69.5,400.897,285,4.200000000000003,6.4,4.899999999999999,2107.254
2025-07-07 09:36:00,70.0,404.8322,285,4.199999999999996,6.3,4.800000000000004,2114.7380000000003
2025-07-07 09:39:00,69.0,393.2726,285,4.199999999999996,6.4,4.800000000000004,2104.776
2025-07-07 09:42:00,70.0,400.897,285,4.199999999999996,6.3999999999999995,4.900000000000006,2121.724
2025-07-07 09:45:00,71.0,399.9132,285,4.199999999999996,6.3999999999999995,4.900000000000006,2152.951
2025-07-07 09:48:00,71.5,388.8455,285,4.299999999999997,6.500000000000001,4.899999999999999,2149.922
2025-07-07 09:51:00,71.0,385.1563,285,4.199999999999996,6.6000000000000005,4.900000000000006,2139.8990000000003
2025-07-07 09:54:00,70.5,382.9427,285,4.199999999999996,6.6000000000000005,4.800000000000004,2147.1400000000003
2025-07-07 09:57:00,69.5,380.2373,285,4.199999999999996,6.700000000000001,4.800000000000004,2116.585
2025-07-07 10:00:00,71.0,384.1725,285,4.199999999999996,6.6000000000000005,4.900000000000006,2131.649
2025-07-07 10:03:00,69.5,371.875,285,4.199999999999996,6.6,4.800000000000004,2099.504
2025-07-07 10:06:00,69.0,368.1858,285,4.199999999999996,6.799999999999999,4.700000000000003,2083.06
2025-07-07 10:09:00,69.0,373.1047,285,4.199999999999996,6.699999999999999,4.800000000000004,2096.334
2025-07-07 10:12:00,69.5,379.7454,285,4.199999999999996,6.6,4.800000000000004,2107.952
2025-07-07 10:15:00,69.5,373.8426,285,4.199999999999996,6.6,4.800000000000004,2092.816
2025-07-07 10:18:00,69.5,374.3345,285,4.199999999999996,6.6,4.800000000000004,2095.3289999999997
2025-07-07 10:21:00,69.0,375.3183,285,4.199999999999996,6.699999999999999,4.800000000000004,2113.292
2025-07-07 10:24:00,68.5,372.3669,285,4.199999999999996,6.6,4.800000000000004,2105.665
2025-07-07 10:27:00,69.0,372.6129,285,4.199999999999996,6.6,4.800000000000004,2100.4300000000003
2025-07-07 10:30:00,69.0,370.6453,285,4.199999999999996,6.699999999999999,4.700000000000003,2084.8540000000003
2025-07-07 10:33:00,68.0,364.9884,286,4.100000000000001,6.799999999999999,4.799999999999997,2094.4080000000004
2025-07-07 10:36:00,68.0,366.956,286,4.199999999999996,6.699999999999999,4.800000000000004,2087.3379999999997
2025-07-07 10:39:00,68.5,367.9398,286,4.199999999999996,6.9,4.700000000000003,2081.463
2025-07-07 10:42:00,69.0,367.9398,286,4.199999999999996,6.800000000000001,4.800000000000004,2086.474
2025-07-07 10:45:00,69.5,368.1858,286,4.199999999999996,6.699999999999999,4.800000000000004,2082.1400000000003
2025-07-07 10:48:00,69.0,365.2344,286,4.099999999999998,6.699999999999999,4.700000000000003,2076.918
2025-07-07 10:51:00,68.5,356.8721,286,4.199999999999996,6.799999999999999,4.700000000000003,2065.647
2025-07-07 10:54:00,68.5,361.2992,286,4.100000000000001,6.799999999999999,4.799999999999997,2063.227
2025-07-07 10:57:00,68.0,360.3154,286,4.199999999999996,6.699999999999999,4.700000000000003,2069.315
2025-07-07 11:00:00,68.5,362.5289,286,4.099999999999998,6.699999999999999,4.700000000000003,2070.041
2025-07-07 11:03:00,68.0,360.8073,286,4.099999999999998,6.799999999999999,4.700000000000003,2078.263
2025-07-07 11:06:00,68.0,356.8721,286,4.099999999999998,6.9,4.700000000000003,2066.063
2025-07-07 11:09:00,67.5,358.1019,286,4.099999999999998,6.799999999999999,4.700000000000003,2050.692
2025-07-07 11:12:00,68.0,362.037,286,4.099999999999998,6.9,4.800000000000004,2059.8100000000004
2025-07-07 11:15:00,68.5,357.8559,286,4.099999999999998,6.800000000000001,4.800000000000004,2068.525
2025-07-07 11:18:00,69.0,359.0856,286,4.099999999999998,6.800000000000001,4.800000000000004,2082.092
2025-07-07 11:21:00,68.5,362.7749,286,4.199999999999999,6.800000000000001,4.700000000000003,2090.024
2025-07-07 11:24:00,68.5,360.0694,286,4.099999999999998,6.800000000000001,4.800000000000004,2077.331
2025-07-07 11:27:00,68.5,361.2992,286,4.099999999999998,6.9,4.800000000000004,2079.074
2025-07-07 11:30:00,69.0,367.9398,286,4.199999999999999,6.800000000000001,4.800000000000004,2090.741
2025-07-07 11:33:00,69.5,368.9236,287,4.199999999999999,6.700000000000001,4.899999999999999,2117.596
2025-07-07 11:36:00,69.0,366.4641,287,4.199999999999999,6.700000000000001,4.800000000000004,2103.035
2025-07-07 11:39:00,68.5,363.0208,287,4.199999999999999,6.700000000000001,4.800000000000004,2073.971
2025-07-07 11:42:00,68.5,360.0694,287,4.199999999999999,6.700000000000001,4.700000000000003,2079.507
2025-07-07 11:45:00,68.5,357.1181,287,4.199999999999999,6.800000000000001,4.700000000000003,2064.964
2025-07-07 11:48:00,67.5,354.6586,287,4.199999999999999,6.800000000000001,4.700000000000003,2078.63
2025-07-07 11:51:00,68.0,352.9369,287,4.199999999999999,7.0,4.700000000000003,2057.821
2025-07-07 11:54:00,68.0,350.4774,287,4.199999999999999,7.0,4.700000000000003,2057.94
2025-07-07 11:57:00,68.0,355.6424,287,4.199999999999999,6.9,4.700000000000003,2046.767
2025-07-07 12:00:00,68.0,353.1829,287,4.300000000000001,7.0,4.600000000000001,2062.174
2025-07-07 12:03:00,68.0,354.4126,287,4.199999999999999,7.0,4.700000000000003,2084.2709999999997
2025-07-07 12:06:00,68.0,355.3964,287,4.300000000000001,7.0,4.700000000000003,2059.7439999999997
2025-07-07 12:09:00,68.5,357.61,287,4.300000000000001,6.9,4.600000000000001,2073.241
2025-07-07 12:12:00,68.0,357.1181,287,4.199999999999999,6.9,4.700000000000003,2075.576
2025-07-07 12:15:00,68.5,354.1667,287,4.099999999999998,6.9,4.800000000000004,2063.959
2025-07-07 12:18:00,68.0,353.9207,287,4.099999999999998,6.9,4.800000000000004,2043.8319999999999
2025-07-07 12:21:00,67.5,353.4288,287,4.099999999999998,6.9,4.700000000000003,2040.95
2025-07-07 12:24:00,68.5,352.691,287,4.099999999999998,6.9,4.800000000000004,2052.473
2025-07-07 12:27:00,68.0,357.1181,287,4.099999999999998,6.9,4.800000000000004,2069.865
2025-07-07 12:30:00,68.0,351.9531,287,4.099999999999998,6.9,4.700000000000003,2059.321
2025-07-07 12:33:00,68.0,350.9693,288,4.099999999999998,7.0,4.700000000000003,2036.077
2025-07-07 12:36:00,67.0,354.4126,288,4.099999999999998,6.9,4.700000000000003,2054.4049999999997
2025-07-07 12:39:00,67.5,357.8559,288,4.099999999999998,6.9,4.800000000000004,2060.994
2025-07-07 12:42:00,68.5,356.3802,288,4.099999999999998,6.9,4.800000000000004,2086.874
2025-07-07 12:45:00,68.5,355.8883,288,4.099999999999998,6.9,4.800000000000004,2070.553
2025-07-07 12:48:00,68.0,351.9531,288,4.099999999999998,7.0,4.800000000000004,2060.605
2025-07-07 12:51:00,67.5,352.9369,288,4.099999999999998,6.9,4.800000000000004,2051.829
2025-07-07 12:54:00,68.0,350.9693,288,4.099999999999998,6.800000000000001,4.800000000000004,2038.5389999999998
2025-07-07 12:57:00,67.5,351.4612,288,4.099999999999998,6.800000000000001,4.800000000000004,2047.776
2025-07-07 13:00:00,68.0,351.7072,288,4.099999999999998,6.9,4.700000000000003,2029.9180000000001
2025-07-07 13:03:00,66.5,345.5584,288,4.099999999999998,6.9,4.700000000000003,2023.965
2025-07-07 13:06:00,67.0,344.5746,288,4.099999999999998,7.0,4.700000000000003,2018.4029999999998
2025-07-07 13:09:00,66.0,344.5746,288,4.199999999999999,6.9,4.600000000000001,2007.975
2025-07-07 13:12:00,67.0,345.8044,288,4.199999999999999,6.9,4.700000000000003,2021.7032
2025-07-07 13:15:00,68.0,353.9207,288,4.199999999999999,6.9,4.700000000000003,2046.435
2025-07-07 13:18:00,68.0,355.8883,288,4.199999999999999,6.9,4.700000000000003,2040.159
2025-07-07 13:21:00,68.0,357.8559,288,4.199999999999999,6.800000000000001,4.700000000000003,2056.325
2025-07-07 13:24:00,67.0,356.3802,288,4.199999999999999,6.9,4.700000000000003,2053.477
2025-07-07 13:27:00,66.5,354.6586,288,4.199999999999996,6.9,4.700000000000003,2016.195
2025-07-07 13:30:00,67.5,355.3964,288,4.199999999999996,6.700000000000001,4.700000000000003,2035.62
2025-07-07 13:33:00,66.5,356.3802,289,4.199999999999996,6.800000000000001,4.700000000000003,2011.451
2025-07-07 13:36:00,67.0,356.3802,289,4.199999999999996,6.800000000000001,4.700000000000003,2028.226
2025-07-07 13:39:00,67.0,357.8559,289,4.199999999999996,6.700000000000001,4.800000000000004,2031.591
2025-07-07 13:42:00,67.0,354.1667,289,4.199999999999999,6.700000000000001,4.700000000000003,2038.921
2025-07-07 13:45:00,67.0,355.1505,289,4.199999999999999,6.700000000000001,4.700000000000003,2011.588
2025-07-07 13:48:00,66.0,353.9207,289,4.199999999999999,6.800000000000001,4.700000000000003,2012.0693
2025-07-07 13:51:00,67.5,358.1019,289,4.300000000000001,6.700000000000001,4.600000000000001,2055.812
2025-07-07 13:54:00,67.0,352.691,289,4.300000000000001,6.800000000000001,4.600000000000001,2026.595
2025-07-07 13:57:00,67.0,352.691,289,4.300000000000001,6.700000000000001,4.600000000000001,2007.162
2025-07-07 14:00:00,68.0,356.8721,289,4.300000000000001,6.800000000000001,4.700000000000003,2035.283
2025-07-07 14:03:00,67.5,358.8397,289,4.300000000000001,6.700000000000001,4.700000000000003,2036.5439999999999
2025-07-07 14:06:00,67.0,357.8559,289,4.300000000000001,6.700000000000001,4.699999999999996,2033.442
2025-07-07 14:09:00,67.5,355.8883,289,4.400000000000002,6.800000000000001,4.600000000000001,2036.7820000000002
2025-07-07 14:12:00,67.0,351.4612,289,4.400000000000002,6.800000000000001,4.600000000000001,2038.842
2025-07-07 14:15:00,67.0,351.7072,289,4.400000000000002,6.800000000000001,4.600000000000001,2022.839
2025-07-07 14:18:00,67.0,351.7072,289,4.300000000000001,6.800000000000001,4.700000000000003,2035.713
2025-07-07 14:21:00,66.5,348.0179,289,4.300000000000001,6.9,4.5,2016.121
2025-07-07 14:24:00,67.0,357.61,289,4.199999999999999,6.8,4.600000000000001,2012.9160000000002
2025-07-07 14:27:00,67.0,361.2992,289,4.300000000000001,6.8,4.700000000000003,2032.893
2025-07-07 14:30:00,67.5,355.8883,289,4.300000000000001,6.8,4.700000000000003,2066.2709999999997
2025-07-07 14:33:00,67.0,353.9207,290,4.300000000000001,6.8,4.700000000000003,2031.326
2025-07-07 14:36:00,66.5,349.0017,290,4.199999999999999,6.800000000000001,4.700000000000003,2018.297
2025-07-07 14:39:00,67.0,350.9693,290,4.199999999999999,6.800000000000001,4.700000000000003,2029.952
2025-07-07 14:42:00,66.0,347.772,290,4.199999999999999,6.800000000000001,4.600000000000001,2009.7068
2025-07-07 14:45:00,66.0,348.5098,290,4.199999999999999,6.800000000000001,4.700000000000003,2013.345
2025-07-07 14:48:00,66.5,351.4612,290,4.300000000000001,6.800000000000001,4.600000000000001,2004.281
2025-07-07 14:51:00,66.5,348.2639,290,4.300000000000001,6.800000000000001,4.600000000000001,2009.8064
2025-07-07 14:54:00,66.5,352.1991,290,4.300000000000001,6.9,4.600000000000001,2013.887
2025-07-07 14:57:00,67.0,360.8073,290,4.300000000000001,6.8,4.699999999999996,2031.326
2025-07-07 15:00:00,67.5,364.4965,290,4.400000000000002,6.7,4.799999999999997,2062.464
2025-07-07 15:03:00,68.0,363.2668,290,4.300000000000004,6.7,4.799999999999997,2037.599
2025-07-07 15:06:00,67.5,356.6262,290,4.300000000000004,6.7,4.799999999999997,2036.748
2025-07-07 15:09:00,67.0,358.1019,290,4.200000000000003,6.6000000000000005,4.799999999999997,2018.109
2025-07-07 15:12:00,66.0,362.037,290,4.299999999999997,6.6000000000000005,4.700000000000003,2052.047
2025-07-07 15:15:00,67.0,363.2668,290,4.299999999999997,6.6000000000000005,4.700000000000003,2039.0030000000002
2025-07-07 15:18:00,67.5,363.7587,290,4.200000000000003,6.6000000000000005,4.799999999999997,2041.377
2025-07-07 15:21:00,67.5,366.7101,290,4.299999999999997,6.6000000000000005,4.800000000000004,2046.036
2025-07-07 15:24:00,68.0,366.2182,290,4.200000000000003,6.7,4.899999999999999,2076.038
2025-07-07 15:27:00,68.5,363.2668,290,4.200000000000003,6.7,4.799999999999997,2051.666
2025-07-07 15:30:00,67.5,364.4965,290,4.200000000000003,6.8,4.799999999999997,2064.08
2025-07-07 15:33:00,68.0,367.9398,291,4.299999999999997,6.8,4.800000000000004,2083.367
2025-07-07 15:36:00,68.0,368.1858,291,4.299999999999997,6.7,4.800000000000004,2073.081
2025-07-07 15:39:00,68.5,366.7101,291,4.199999999999996,6.7,4.800000000000004,2061.678
2025-07-07 15:42:00,68.5,363.2668,291,4.199999999999996,6.7,4.800000000000004,2075.1310000000003
2025-07-07 15:45:00,68.0,364.4965,291,4.199999999999996,6.7,4.800000000000004,2076.303
2025-07-07 15:48:00,67.5,363.7587,291,4.299999999999997,6.7,4.800000000000004,2069.706
2025-07-07 15:51:00,68.0,361.5451,291,4.299999999999997,6.8,4.800000000000004,2067.8630000000003
2025-07-07 15:54:00,68.0,359.0856,291,4.399999999999999,6.8,4.700000000000003,2059.209
2025-07-07 15:57:00,67.5,361.2992,291,4.399999999999999,6.8,4.700000000000003,2078.094
2025-07-07 16:00:00,66.5,359.5775,291,4.399999999999999,6.8,4.700000000000003,2053.075
2025-07-07 16:03:00,68.0,359.3316,291,4.399999999999999,6.8,4.799999999999997,2065.495
2025-07-07 16:06:00,68.5,359.5775,291,4.400000000000002,6.7,4.799999999999997,2080.238
2025-07-07 16:09:00,69.0,367.6938,291,4.400000000000002,6.7,4.899999999999999,2082.1270000000004
2025-07-07 16:12:00,69.0,365.4803,291,4.5000000000000036,6.7,4.899999999999999,2089.328
2025-07-07 16:15:00,69.0,366.2182,291,4.5000000000000036,6.7,4.799999999999997,2114.7560000000003
2025-07-07 16:18:00,68.0,362.7749,291,4.400000000000002,6.7,4.699999999999996,2079.7039999999997
2025-07-07 16:21:00,67.5,360.3154,291,4.300000000000001,6.700000000000001,4.799999999999997,2063.702
2025-07-07 16:24:00,68.0,359.3316,291,4.400000000000002,6.700000000000001,4.699999999999996,2056.831
2025-07-07 16:27:00,68.0,359.5775,291,4.400000000000002,6.700000000000001,4.699999999999996,2063.013
2025-07-07 16:30:00,67.5,355.8883,291,4.300000000000001,6.700000000000001,4.799999999999997,2064.455
2025-07-07 16:33:00,67.0,356.6262,292,4.300000000000001,6.700000000000001,4.700000000000003,2041.99
2025-07-07 16:36:00,67.5,357.61,292,4.300000000000001,6.800000000000001,4.699999999999996,2049.834
2025-07-07 16:39:00,67.0,355.3964,292,4.300000000000001,6.700000000000001,4.699999999999996,2052.241
2025-07-07 16:42:00,68.0,360.0694,292,4.300000000000001,6.700000000000001,4.699999999999996,2059.9719999999998
2025-07-07 16:45:00,68.0,358.3478,292,4.300000000000001,6.700000000000001,4.799999999999997,2066.33
2025-07-07 16:48:00,67.5,341.6233,292,4.300000000000001,6.800000000000001,4.799999999999997,2032.078
2025-07-07 16:51:00,67.0,338.6719,292,4.199999999999999,6.9,4.700000000000003,1995.5916
2025-07-07 16:54:00,67.0,341.1313,292,4.300000000000001,6.9,4.600000000000001,1992.7408999999998
2025-07-07 16:57:00,67.0,340.8854,292,4.300000000000001,6.9,4.600000000000001,2010.4189999999999
2025-07-07 17:00:00,66.0,339.9016,292,4.100000000000001,7.0,4.600000000000001,2027.934
2025-07-07 17:03:00,67.0,337.4421,292,4.100000000000001,7.0,4.700000000000003,2037.62
2025-07-07 17:06:00,67.0,335.9664,292,4.100000000000001,7.0,4.700000000000003,2024.381
2025-07-07 17:09:00,66.5,335.9664,292,4.0,7.1,4.700000000000003,2032.269
2025-07-07 17:12:00,66.5,336.9502,292,4.0,7.1,4.700000000000003,2023.058
2025-07-07 17:15:00,66.5,335.7205,292,4.100000000000001,7.0,4.699999999999996,2016.745
2025-07-07 17:18:00,66.5,334.9826,292,4.100000000000001,7.1,4.600000000000001,2034.517
2025-07-07 17:21:00,65.0,334.2448,292,4.0,7.0,4.700000000000003,2008.682
2025-07-07 17:24:00,65.0,326.1285,292,4.0,7.1,4.600000000000001,1992.5713999999998
2025-07-07 17:27:00,67.0,332.5231,292,4.0,7.0,4.600000000000001,2005.0393
2025-07-07 17:30:00,66.5,322.4392,292,3.8999999999999986,6.9,4.700000000000003,1983.3649
2025-07-07 17:33:00,65.0,321.2095,293,3.799999999999997,7.1000000000000005,4.5,1925.2113
2025-07-07 17:36:00,63.5,321.4554,293,3.799999999999997,7.000000000000001,4.5,1922.6778
2025-07-07 17:39:00,64.0,319.4879,293,3.799999999999997,6.9,4.5,1914.5169
2025-07-07 17:42:00,64.5,318.9959,293,3.799999999999997,6.9,4.5,1920.5268999999998
2025-07-07 17:45:00,64.0,318.75,293,3.799999999999997,6.9,4.5,1895.4526
2025-07-07 17:48:00,62.5,316.5365,293,3.6999999999999957,6.9,4.5,1889.4847
2025-07-07 17:51:00,62.5,313.3391,293,3.6999999999999957,7.000000000000001,4.400000000000006,1881.0915
2025-07-07 17:54:00,63.0,323.9149,293,3.6999999999999957,6.9,4.5,1913.3161
2025-07-07 17:57:00,63.5,329.3258,293,3.6999999999999957,6.800000000000001,4.600000000000001,1909.3851
2025-07-07 18:00:00,64.0,320.9635,293,3.799999999999997,6.9,4.5,1912.1878
2025-07-07 18:03:00,62.5,318.75,293,3.6999999999999957,6.800000000000001,4.5,1894.1653999999999
2025-07-07 18:06:00,61.5,306.6985,293,3.6999999999999957,6.9,4.400000000000006,1846.3056000000001
2025-07-07 18:09:00,59.5,292.9254,293,3.6000000000000014,7.1000000000000005,4.199999999999996,1795.1306
2025-07-08 07:45:00,33.5,361.5451,293,1.3000000000000007,0.40000000000000036,2.8000000000000007,1055.086
2025-07-08 07:48:00,45.5,465.8275,293,2.1999999999999993,2.5999999999999996,4.100000000000001,1390.835
2025-07-08 07:51:00,48.5,573.5532,293,3.3000000000000007,3.3999999999999995,5.0,1515.893
2025-07-08 07:54:00,43.5,561.9937,293,2.5,3.0,2.6999999999999993,687.2245
2025-07-08 07:57:00,56.0,546.4988,293,2.9999999999999964,2.6999999999999993,4.600000000000001,1741.5250999999998
2025-07-08 08:00:00,60.5,550.68,293,3.4999999999999964,3.6999999999999993,4.800000000000004,1838.0777
2025-07-08 08:03:00,66.0,569.3721,294,3.8000000000000007,4.000000000000001,5.100000000000001,2008.6335
2025-07-08 08:06:00,70.5,585.3588,294,4.199999999999999,4.3,5.299999999999997,2153.69
2025-07-08 08:09:00,74.0,558.0585,294,4.400000000000002,4.499999999999999,5.5,2262.4799999999996
2025-07-08 08:12:00,71.0,512.066,294,4.300000000000001,4.699999999999999,5.199999999999996,2200.6980000000003
2025-07-08 08:15:00,72.5,483.044,294,4.299999999999997,5.1000000000000005,5.200000000000003,2203.285
2025-07-08 08:18:00,73.0,478.8629,294,4.200000000000003,5.4,5.299999999999997,2227.7309999999998
2025-07-08 08:21:00,74.5,483.044,294,4.400000000000002,5.3999999999999995,5.299999999999997,2257.27
2025-07-08 08:24:00,73.5,464.5978,294,3.9999999999999964,5.699999999999999,5.300000000000004,2228.538
2025-07-08 08:27:00,73.5,462.1383,294,4.099999999999998,5.699999999999999,5.300000000000004,2225.56
2025-07-08 08:30:00,77.0,472.4682,294,4.300000000000001,5.699999999999999,5.399999999999999,2323.623
2025-07-08 08:33:00,76.0,468.533,294,4.300000000000001,5.8999999999999995,5.600000000000001,2289.8559999999998
2025-07-08 08:36:00,75.5,471.9763,294,4.0000000000000036,6.000000000000001,5.599999999999994,2287.188
2025-07-08 08:39:00,77.0,486.2413,294,4.400000000000002,5.9,5.600000000000001,2333.776
2025-07-08 08:42:00,76.5,510.0984,294,4.400000000000002,5.800000000000001,5.699999999999996,2335.76
2025-07-08 08:45:00,74.0,453.0382,294,4.400000000000002,6.000000000000001,5.299999999999997,2251.674
2025-07-08 08:48:00,71.5,458.941,294,4.199999999999999,5.700000000000001,5.100000000000001,2155.074
2025-07-08 08:51:00,73.0,466.5654,294,4.300000000000001,5.6000000000000005,5.100000000000001,2197.093
2025-07-08 08:54:00,73.5,464.8438,294,4.400000000000002,5.699999999999999,5.199999999999996,2245.451
2025-07-08 08:57:00,75.5,464.8438,294,4.400000000000002,5.699999999999999,5.399999999999999,2298.5299999999997
2025-07-08 09:00:00,76.5,470.9925,294,4.5000000000000036,5.699999999999999,5.399999999999999,2354.429
2025-07-08 09:03:00,80.5,477.3871,295,4.699999999999999,5.999999999999999,5.800000000000004,2445.072
2025-07-08 09:06:00,80.0,453.0382,295,4.599999999999998,6.300000000000001,5.800000000000004,2431.281
2025-07-08 09:09:00,79.5,454.2679,295,4.599999999999998,6.300000000000001,5.700000000000003,2395.513
2025-07-08 09:12:00,78.5,440.2488,295,4.599999999999998,6.6000000000000005,5.700000000000003,2386.427
2025-07-08 09:15:00,77.0,436.5596,295,4.4999999999999964,6.7,5.600000000000001,2333.702
2025-07-08 09:18:00,56.0,427.7054,295,3.400000000000002,4.699999999999999,4.699999999999996,1843.2179
2025-07-08 09:21:00,67.5,422.0486,295,3.8000000000000007,5.699999999999999,5.0,2068.057
2025-07-08 09:24:00,71.0,423.0324,295,4.099999999999998,5.8999999999999995,5.200000000000003,2169.796
2025-07-08 09:27:00,71.0,414.6701,295,4.099999999999998,6.1,5.200000000000003,2159.476
2025-07-08 09:30:00,71.0,413.6863,295,4.099999999999998,6.2,5.0,2135.9570000000003
2025-07-08 09:33:00,71.0,424.7541,295,4.099999999999998,6.1000000000000005,5.100000000000001,2179.5299999999997
2025-07-08 09:36:00,71.5,426.9676,295,4.099999999999998,6.1000000000000005,5.200000000000003,2165.3199999999997
2025-07-08 09:39:00,72.5,430.6568,295,4.099999999999998,6.000000000000001,5.200000000000003,2182.82
2025-07-08 09:42:00,73.0,431.6406,295,4.199999999999999,6.1,5.200000000000003,2215.31
2025-07-08 09:45:00,73.5,428.4433,295,4.300000000000001,6.2,5.100000000000001,2216.775
2025-07-08 09:48:00,72.5,426.7216,295,4.199999999999999,6.000000000000001,5.200000000000003,2198.552
2025-07-08 09:51:00,72.5,427.7054,295,4.199999999999999,6.1000000000000005,5.100000000000001,2193.008
2025-07-08 09:54:00,72.0,425.7379,295,4.099999999999998,5.999999999999999,5.200000000000003,2179.335
2025-07-08 09:57:00,71.0,430.1649,295,4.099999999999998,5.999999999999999,5.200000000000003,2192.464
2025-07-08 10:00:00,72.5,430.4109,295,4.099999999999998,6.1000000000000005,5.200000000000003,2182.82
2025-07-08 10:03:00,72.0,428.9352,296,4.099999999999998,6.1000000000000005,5.200000000000003,2191.898
2025-07-08 10:06:00,72.5,430.1649,296,4.300000000000001,6.000000000000001,5.100000000000001,2192.947
2025-07-08 10:09:00,73.0,429.4271,296,4.300000000000001,6.1000000000000005,5.200000000000003,2205.432
2025-07-08 10:12:00,74.0,440.4948,296,4.400000000000002,6.0,5.199999999999996,2220.295
2025-07-08 10:15:00,74.5,439.511,296,4.400000000000002,6.1000000000000005,5.199999999999996,2244.803
2025-07-08 10:18:00,75.5,438.0353,296,4.400000000000002,6.1000000000000005,5.299999999999997,2274.893
2025-07-08 10:21:00,75.5,441.4786,296,4.400000000000002,6.2,5.399999999999999,2289.4629999999997
2025-07-08 10:24:00,76.5,439.0191,296,4.5000000000000036,6.2,5.399999999999999,2298.565
2025-07-08 10:27:00,77.0,441.2326,296,4.5000000000000036,6.2,5.399999999999999,2336.73
2025-07-08 10:30:00,78.5,438.0353,296,4.599999999999998,6.4,5.700000000000003,2406.548
2025-07-08 10:33:00,80.0,435.3299,296,4.800000000000001,6.699999999999999,5.799999999999997,2418.175
2025-07-08 10:36:00,80.5,431.3947,296,4.800000000000001,6.799999999999999,5.799999999999997,2411.934
2025-07-08 10:39:00,47.5,420.8188,296,3.3000000000000007,6.3999999999999995,2.299999999999997,1219.0733
2025-07-08 10:42:00,67.0,401.8808,296,4.0000000000000036,5.3999999999999995,4.899999999999999,2009.029
2025-07-08 10:45:00,67.0,389.8293,296,4.099999999999998,6.0,4.800000000000004,2027.936
2025-07-08 10:48:00,67.5,390.0752,296,4.099999999999998,6.199999999999999,5.0,2055.976
2025-07-08 10:51:00,67.5,388.3536,296,4.099999999999998,6.2,4.900000000000006,2048.818
2025-07-08 10:54:00,67.0,390.0752,296,4.099999999999998,6.3,4.900000000000006,2026.6999999999998
2025-07-08 10:57:00,66.0,387.1238,296,4.099999999999998,6.3,4.800000000000004,2016.7789
2025-07-08 11:00:00,67.0,384.1725,296,4.099999999999998,6.3,4.900000000000006,2021.1860000000001
2025-07-08 11:03:00,65.5,382.6968,297,4.099999999999998,6.3,4.900000000000006,2026.824
2025-07-08 11:06:00,66.5,379.2535,297,4.0000000000000036,6.3,4.899999999999999,2017.854
2025-07-08 11:09:00,67.0,380.2373,297,4.0000000000000036,6.3,4.899999999999999,2003.801
2025-07-08 11:12:00,66.5,383.9265,297,4.0000000000000036,6.1000000000000005,4.899999999999999,2007.6569
2025-07-08 11:15:00,66.5,383.4346,297,4.0000000000000036,6.1000000000000005,4.899999999999999,2013.7024999999999
2025-07-08 11:18:00,65.5,379.0075,297,4.0000000000000036,6.1000000000000005,4.899999999999999,2013.8766
2025-07-08 11:21:00,65.5,384.6644,297,4.099999999999998,6.200000000000001,4.800000000000004,1989.2376
2025-07-08 11:24:00,67.0,386.6319,297,4.099999999999998,6.200000000000001,4.900000000000006,2015.016
2025-07-08 11:27:00,66.0,386.6319,297,4.099999999999998,6.300000000000001,4.800000000000004,2001.0009
2025-07-08 11:30:00,67.5,383.4346,297,3.9999999999999964,6.1000000000000005,4.800000000000004,2014.1994
2025-07-08 11:33:00,67.0,383.4346,297,4.099999999999998,6.1000000000000005,4.800000000000004,2007.179
2025-07-08 11:36:00,67.0,381.467,297,3.900000000000002,6.1000000000000005,4.899999999999999,2004.5466000000001
2025-07-08 11:39:00,65.0,375.3183,297,4.0000000000000036,6.200000000000001,4.799999999999997,1971.0657
2025-07-08 11:42:00,66.0,374.0885,297,4.0000000000000036,6.200000000000001,4.799999999999997,1971.6851000000001
2025-07-08 11:45:00,66.0,375.3183,297,3.900000000000002,6.200000000000001,4.799999999999997,1965.4475
2025-07-08 11:48:00,66.5,373.5966,297,4.0000000000000036,6.300000000000001,4.799999999999997,1980.3706
2025-07-08 11:51:00,65.5,375.0723,297,4.0000000000000036,6.300000000000001,4.799999999999997,1982.8974
2025-07-08 11:54:00,66.5,373.8426,297,4.0000000000000036,6.200000000000001,4.799999999999997,1997.8186
2025-07-08 11:57:00,66.0,375.3183,297,4.0000000000000036,6.200000000000001,4.799999999999997,1982.5798
2025-07-08 12:00:00,66.0,374.3345,297,4.0000000000000036,6.1,4.799999999999997,1971.9984
2025-07-08 12:03:00,65.5,371.875,298,3.900000000000002,6.199999999999999,4.799999999999997,1957.4917999999998
2025-07-08 12:06:00,66.0,370.1534,298,3.900000000000002,6.199999999999999,4.799999999999997,1958.6572999999999
2025-07-08 12:09:00,65.5,371.1371,298,3.900000000000002,6.199999999999999,4.799999999999997,1956.1583
2025-07-08 12:12:00,65.5,370.6453,298,3.900000000000002,6.199999999999999,4.699999999999996,1954.1448
2025-07-08 12:15:00,65.5,372.3669,298,3.900000000000002,6.199999999999999,4.799999999999997,1951.2166
2025-07-08 12:18:00,65.5,372.6129,298,3.900000000000002,6.1,4.799999999999997,1962.5371
2025-07-08 12:21:00,65.5,372.3669,298,3.900000000000002,6.199999999999999,4.799999999999997,1955.1066999999998
2025-07-08 12:24:00,65.5,371.875,298,3.900000000000002,6.199999999999999,4.699999999999996,1935.4107
2025-07-08 12:27:00,64.5,363.7587,298,3.900000000000002,6.199999999999999,4.600000000000001,1907.5523
2025-07-08 12:30:00,63.5,360.8073,298,3.900000000000002,6.300000000000001,4.600000000000001,1913.4134
2025-07-08 12:33:00,63.0,363.0208,298,3.900000000000002,6.300000000000001,4.600000000000001,1906.9286000000002
2025-07-08 12:36:00,63.5,361.2992,298,3.900000000000002,6.300000000000001,4.600000000000001,1908.6285
2025-07-08 12:39:00,63.0,360.3154,298,3.900000000000002,6.300000000000001,4.600000000000001,1902.8048
2025-07-08 12:42:00,63.5,362.7749,298,3.900000000000002,6.300000000000001,4.600000000000001,1915.6009
2025-07-08 12:45:00,64.0,360.5613,298,3.900000000000002,6.300000000000001,4.600000000000001,1905.8472
2025-07-08 12:48:00,63.0,357.8559,298,3.900000000000002,6.300000000000001,4.600000000000001,1899.3679000000002
2025-07-08 12:51:00,63.0,360.3154,298,3.900000000000002,6.300000000000001,4.600000000000001,1892.4114
2025-07-08 12:54:00,62.5,355.3964,298,3.900000000000002,6.300000000000001,4.600000000000001,1885.2965
2025-07-08 12:57:00,62.5,355.6424,298,3.900000000000002,6.300000000000001,4.600000000000001,1895.6594
2025-07-08 13:00:00,62.5,356.8721,298,3.900000000000002,6.300000000000001,4.600000000000001,1877.2809
2025-07-08 13:03:00,62.0,355.1505,299,3.900000000000002,6.200000000000001,4.600000000000001,1872.8137000000002
2025-07-08 13:06:00,63.0,361.2992,299,3.8000000000000007,6.200000000000001,4.600000000000001,1880.3519999999999
2025-07-08 13:09:00,62.0,355.6424,299,3.8000000000000007,6.1,4.600000000000001,1881.0363000000002
2025-07-08 13:12:00,62.5,362.7749,299,3.8000000000000007,6.1,4.600000000000001,1880.6016
2025-07-08 13:15:00,62.5,362.037,299,3.900000000000002,6.1,4.600000000000001,1880.5223
2025-07-08 13:18:00,62.5,362.7749,299,3.8000000000000007,6.1,4.699999999999996,1876.5949999999998
2025-07-08 13:21:00,63.0,364.2506,299,3.8000000000000007,6.1,4.699999999999996,1884.8717000000001
2025-07-08 13:24:00,63.0,363.2668,299,3.8000000000000007,6.200000000000001,4.699999999999996,1888.4267
2025-07-08 13:27:00,62.5,364.4965,299,3.900000000000002,6.1000000000000005,4.599999999999994,1884.6651000000002
2025-07-08 13:30:00,63.0,367.4479,299,3.900000000000002,6.1000000000000005,4.599999999999994,1896.1746
2025-07-08 13:33:00,63.5,365.2344,299,3.900000000000002,6.1000000000000005,4.599999999999994,1898.6898
2025-07-08 13:36:00,64.0,366.956,299,3.900000000000002,6.1000000000000005,4.699999999999996,1916.7871
2025-07-08 13:39:00,64.5,369.4155,299,3.900000000000002,6.1000000000000005,4.799999999999997,1913.6589
2025-07-08 13:42:00,64.0,371.1371,299,3.900000000000002,6.1000000000000005,4.799999999999997,1925.088
2025-07-08 13:45:00,64.0,365.2344,299,3.900000000000002,6.1000000000000005,4.799999999999997,1918.7577
2025-07-08 13:48:00,64.0,369.4155,299,3.900000000000002,6.1000000000000005,4.799999999999997,1919.8614
2025-07-08 13:51:00,63.5,365.2344,299,3.900000000000002,6.200000000000001,4.699999999999996,1911.8343
2025-07-08 13:54:00,63.5,365.2344,299,3.900000000000002,6.1000000000000005,4.599999999999994,1896.1267
2025-07-08 13:57:00,64.0,366.7101,299,3.900000000000002,6.1000000000000005,4.799999999999997,1920.9085
2025-07-08 14:00:00,65.0,366.956,299,3.9999999999999964,6.300000000000001,4.700000000000003,1953.3595
2025-07-08 14:03:00,64.5,366.956,300,3.9999999999999964,6.1000000000000005,4.700000000000003,1945.5085
2025-07-08 14:06:00,64.5,367.6938,300,3.900000000000002,6.2,4.799999999999997,1938.5720999999999
2025-07-08 14:09:00,64.5,370.3993,300,3.9999999999999964,6.2,4.800000000000004,1955.2124
2025-07-08 14:12:00,64.0,369.9074,300,3.9999999999999964,6.2,4.700000000000003,1945.6346
2025-07-08 14:15:00,65.0,367.9398,300,3.9999999999999964,6.2,4.800000000000004,1942.9042
2025-07-08 14:18:00,65.5,370.3993,300,3.9999999999999964,6.1000000000000005,4.900000000000006,1957.4047
2025-07-08 14:21:00,65.0,376.794,300,3.9999999999999964,6.2,4.900000000000006,1967.1502999999998
2025-07-08 14:24:00,65.0,377.2859,300,3.9999999999999964,6.1000000000000005,4.800000000000004,1971.5996
2025-07-08 14:27:00,64.5,375.0723,300,3.9999999999999964,6.1000000000000005,4.800000000000004,1940.9432000000002
2025-07-08 14:30:00,64.0,375.3183,300,4.099999999999998,6.1000000000000005,4.800000000000004,1957.2726
2025-07-08 14:33:00,65.5,375.3183,300,4.099999999999998,6.2,4.700000000000003,1966.8876
2025-07-08 14:36:00,65.5,376.548,300,4.099999999999998,6.2,4.800000000000004,1955.0133999999998
2025-07-08 14:39:00,65.5,377.5318,300,4.100000000000001,6.2,4.600000000000001,1963.9098
2025-07-08 14:42:00,67.0,379.0075,300,4.100000000000001,6.2,4.799999999999997,1989.7635
2025-07-08 14:45:00,65.5,376.794,300,4.100000000000001,6.3,4.799999999999997,1972.911
2025-07-08 14:48:00,66.5,377.7778,300,4.100000000000001,6.1000000000000005,4.699999999999996,1981.9862
2025-07-08 14:51:00,66.0,375.0723,300,4.0,6.2,4.799999999999997,1977.8585
2025-07-08 14:54:00,66.5,381.2211,300,4.100000000000001,6.1000000000000005,4.799999999999997,1997.6987
2025-07-08 14:57:00,66.5,383.9265,300,4.100000000000001,6.1000000000000005,4.699999999999996,1988.4846
2025-07-08 15:00:00,66.5,382.6968,300,4.100000000000001,6.000000000000001,4.799999999999997,1978.422
2025-07-08 15:03:00,66.5,380.2373,301,4.100000000000001,6.1000000000000005,4.699999999999996,1983.2031000000002
2025-07-08 15:06:00,66.0,375.5642,301,4.100000000000001,6.2,4.699999999999996,1982.3658
2025-07-08 15:09:00,65.5,374.3345,301,4.100000000000001,6.2,4.699999999999996,1979.9355
2025-07-08 15:12:00,66.5,377.7778,301,4.100000000000001,6.3,4.699999999999996,1967.8748
2025-07-08 15:15:00,66.5,377.2859,301,4.100000000000001,6.2,4.799999999999997,1978.7236
2025-07-08 15:18:00,66.5,375.5642,301,4.100000000000001,6.2,4.799999999999997,1979.801
2025-07-08 15:21:00,67.0,377.7778,301,4.100000000000001,6.1000000000000005,4.799999999999997,1993.4584
2025-07-08 15:24:00,67.0,375.3183,301,4.100000000000001,6.1000000000000005,4.799999999999997,1981.673
2025-07-08 15:27:00,66.0,377.7778,301,4.100000000000001,6.1000000000000005,4.799999999999997,1992.6512
2025-07-08 15:30:00,66.0,374.8264,301,4.100000000000001,6.1000000000000005,4.799999999999997,1988.5052
2025-07-08 15:33:00,66.5,374.3345,301,4.100000000000001,6.2,4.799999999999997,1996.3166
2025-07-08 15:36:00,66.0,375.3183,301,4.100000000000001,6.1000000000000005,4.799999999999997,1973.0116
2025-07-08 15:39:00,66.5,374.3345,301,4.100000000000001,6.200000000000001,4.899999999999999,1985.0022
2025-07-08 15:42:00,66.0,378.0237,301,4.0,6.1000000000000005,4.899999999999999,1985.6505000000002
2025-07-08 15:45:00,66.0,376.548,301,4.100000000000001,6.1000000000000005,4.799999999999997,1990.937
2025-07-08 15:48:00,66.0,373.8426,301,4.100000000000001,6.200000000000001,4.799999999999997,1979.1902
2025-07-08 15:51:00,66.5,371.875,301,4.100000000000001,6.1000000000000005,4.799999999999997,1981.2992
2025-07-08 15:54:00,66.5,371.1371,301,4.100000000000001,6.200000000000001,4.899999999999999,1988.4971
2025-07-08 15:57:00,65.0,370.6453,301,4.0000000000000036,6.1000000000000005,4.799999999999997,1972.3209000000002
2025-07-08 16:00:00,66.5,370.3993,301,4.0000000000000036,6.1000000000000005,4.899999999999999,1981.7822999999999
2025-07-08 16:03:00,65.5,371.6291,302,4.099999999999998,6.200000000000001,4.700000000000003,1966.371
2025-07-08 16:06:00,66.0,366.956,302,4.0000000000000036,6.1000000000000005,4.799999999999997,1961.4067
2025-07-08 16:09:00,65.0,366.956,302,4.0000000000000036,6.200000000000001,4.799999999999997,1958.6182
2025-07-08 16:12:00,65.0,367.6938,302,4.0000000000000036,6.200000000000001,4.799999999999997,1973.9267
2025-07-08 16:15:00,65.5,370.6453,302,4.0000000000000036,6.200000000000001,4.799999999999997,1950.7846
2025-07-08 16:18:00,65.5,368.1858,302,4.0000000000000036,6.200000000000001,4.899999999999999,1963.7795
2025-07-08 16:21:00,65.0,364.9884,302,4.0000000000000036,6.200000000000001,4.699999999999996,1944.9092
2025-07-08 16:24:00,64.5,362.037,302,4.0000000000000036,6.200000000000001,4.799999999999997,1940.5120000000002
2025-07-08 16:27:00,65.0,362.7749,302,3.9999999999999964,6.200000000000001,4.700000000000003,1957.4274
2025-07-08 16:30:00,65.5,365.2344,302,3.9999999999999964,6.200000000000001,4.800000000000004,1961.1024
2025-07-08 16:33:00,65.0,359.0856,302,3.9999999999999964,6.300000000000001,4.800000000000004,1936.8162
2025-07-08 16:36:00,65.0,356.8721,302,3.9999999999999964,6.300000000000001,4.800000000000004,1952.077
2025-07-08 16:39:00,67.0,372.8588,302,4.199999999999999,6.200000000000001,4.700000000000003,2000.0632
2025-07-08 16:42:00,67.0,375.3183,302,4.199999999999999,6.200000000000001,4.700000000000003,2003.712
2025-07-08 16:45:00,67.5,372.8588,302,4.199999999999999,6.200000000000001,4.799999999999997,1976.6329
2025-07-08 16:48:00,66.0,376.794,302,4.199999999999999,6.1,4.700000000000003,1998.8292000000001
2025-07-08 16:51:00,67.0,380.2373,302,4.199999999999999,6.200000000000001,4.799999999999997,2029.054
2025-07-08 16:54:00,66.0,376.3021,302,4.199999999999999,6.200000000000001,4.799999999999997,1986.4436
2025-07-08 16:57:00,66.0,374.3345,302,4.100000000000001,6.200000000000001,4.799999999999997,2016.6660000000002
2025-07-08 17:00:00,66.0,375.0723,302,4.100000000000001,6.200000000000001,4.799999999999997,2004.2296000000001
2025-07-08 17:03:00,66.0,368.9236,303,4.200000000000003,6.200000000000001,4.699999999999996,1995.4371
2025-07-08 17:06:00,66.5,371.3831,303,4.100000000000001,6.200000000000001,4.699999999999996,2001.9059
2025-07-08 17:09:00,66.0,374.0885,303,4.100000000000001,6.200000000000001,4.799999999999997,2008.624
2025-07-08 17:12:00,65.5,372.8588,303,4.100000000000001,6.200000000000001,4.799999999999997,2009.3894
2025-07-08 17:15:00,65.0,356.6262,303,4.0,6.300000000000001,4.700000000000003,1976.2753
2025-07-08 17:18:00,66.5,381.2211,303,4.100000000000001,6.200000000000001,4.899999999999999,2015.679
2025-07-08 17:21:00,67.0,387.1238,303,4.100000000000001,6.1000000000000005,4.899999999999999,2014.345
2025-07-08 17:24:00,67.5,395.2402,303,4.100000000000001,6.1000000000000005,5.0,2029.313
2025-07-08 17:27:00,66.5,395.7321,303,4.200000000000003,6.000000000000001,4.899999999999999,2053.729
2025-07-08 17:30:00,68.0,393.2726,303,4.200000000000003,6.000000000000001,4.899999999999999,2055.568
2025-07-08 17:33:00,65.5,352.1991,303,4.200000000000003,6.1000000000000005,4.599999999999994,1962.7742
2025-07-08 17:36:00,61.5,318.75,303,3.799999999999997,6.499999999999999,4.400000000000006,1863.0353
2025-07-08 17:39:00,60.0,319.7338,303,3.700000000000003,6.499999999999999,4.399999999999999,1791.7799
2025-07-08 17:42:00,59.0,317.2743,303,3.6000000000000014,6.3999999999999995,4.299999999999997,1760.6046999999999
2025-07-08 17:45:00,59.0,317.5203,303,3.700000000000003,6.3999999999999995,4.299999999999997,1766.8235
2025-07-08 17:48:00,58.5,308.6661,303,3.6000000000000014,6.3999999999999995,4.299999999999997,1737.5064
2025-07-08 17:51:00,58.0,303.9931,303,3.5,6.500000000000001,4.199999999999996,1711.5423
2025-07-08 17:54:00,57.0,299.8119,303,3.5,6.500000000000001,4.199999999999996,1701.2506
2025-07-08 17:57:00,56.5,301.7795,303,3.5,6.3999999999999995,4.199999999999996,1683.7930999999999
2025-07-08 18:00:00,57.0,305.2228,303,3.5,6.3999999999999995,4.299999999999997,1705.3581
2025-07-08 18:03:00,57.0,297.8443,304,3.5,6.500000000000001,4.199999999999996,1698.5563000000002
2025-07-08 18:06:00,57.0,285.055,304,3.5,6.500000000000001,4.199999999999996,1680.8705
2025-07-09 07:45:00,40.5,329.8177,304,1.8000000000000007,2.5999999999999996,3.6999999999999993,1247.615
2025-07-09 07:48:00,42.0,486.7332,304,2.6999999999999993,3.5,4.199999999999999,1325.187
2025-07-09 07:54:00,56.0,488.7008,304,2.8000000000000007,3.0,4.899999999999999,1665.4194
2025-07-09 07:57:00,56.0,495.3414,304,3.1999999999999993,3.7,4.700000000000003,1657.9794
2025-07-09 08:00:00,57.0,451.8085,304,3.3000000000000007,4.3,4.600000000000001,1683.3192
2025-07-09 08:03:00,58.0,469.5168,304,3.400000000000002,4.4,4.899999999999999,1757.9083
2025-07-09 08:06:00,60.0,480.0926,304,3.4999999999999964,4.4,4.900000000000006,1820.8566
2025-07-09 08:09:00,63.5,499.7685,304,3.6999999999999993,4.5,5.100000000000001,1911.8461
2025-07-09 08:12:00,65.5,443.9381,304,3.900000000000002,4.699999999999999,5.0,1949.8148
2025-07-09 08:15:00,63.5,450.5787,304,3.6999999999999957,4.9,4.900000000000006,1908.4625
2025-07-09 08:18:00,63.0,472.2223,304,3.799999999999997,4.9,4.800000000000004,1913.6184
2025-07-09 08:21:00,66.0,455.2517,304,4.0,5.1000000000000005,5.0,1968.4966
2025-07-09 08:24:00,67.5,482.5521,304,3.8999999999999986,5.1000000000000005,5.200000000000003,2037.5700000000002
2025-07-09 08:27:00,66.5,427.7054,304,4.0,5.3,5.0,2005.5886
2025-07-09 08:30:00,67.0,423.2784,304,3.8999999999999986,5.4,5.0,1981.2968999999998
2025-07-09 08:33:00,66.0,420.327,305,4.0,5.5,5.0,1988.2415
2025-07-09 08:36:00,67.0,424.5081,305,3.8999999999999986,5.6,5.100000000000001,2025.6770000000001
2025-07-09 08:39:00,68.5,395.978,305,4.0,5.6000000000000005,5.100000000000001,2049.348
2025-07-09 08:42:00,65.0,397.6996,305,3.8999999999999986,5.800000000000001,4.799999999999997,1977.0495
2025-07-09 08:45:00,66.5,410.9809,305,3.8999999999999986,5.700000000000001,5.0,2004.4509
2025-07-09 08:48:00,66.0,410.735,305,3.8999999999999986,5.700000000000001,5.0,1987.7909
2025-07-09 08:51:00,65.5,407.0457,305,3.8999999999999986,5.700000000000001,5.100000000000001,2012.734
2025-07-09 08:54:00,67.0,405.0781,305,3.900000000000002,5.8999999999999995,5.199999999999996,2039.528
2025-07-09 08:57:00,67.0,394.5023,305,3.900000000000002,5.999999999999999,5.100000000000001,2003.981
2025-07-09 09:00:00,66.5,382.9427,305,3.900000000000002,6.1,5.0,1975.92
2025-07-09 09:03:00,67.5,387.3698,305,3.900000000000002,5.999999999999999,5.0,2021.249
2025-07-09 09:06:00,68.0,385.1563,305,4.0000000000000036,6.1000000000000005,5.0,2035.3600000000001
2025-07-09 09:09:00,67.5,394.7483,305,4.0000000000000036,6.2,5.099999999999994,2053.904
2025-07-09 09:12:00,69.5,400.651,305,4.0000000000000036,6.1,5.299999999999997,2096.897
2025-07-09 09:15:00,68.5,379.9913,305,4.099999999999998,6.3,5.200000000000003,2072.7380000000003
2025-07-09 09:18:00,68.5,375.5642,305,4.099999999999998,6.3999999999999995,5.200000000000003,2062.996
2025-07-09 09:21:00,67.5,371.875,305,4.0000000000000036,6.4,5.099999999999994,2043.79
2025-07-09 09:24:00,66.0,363.7587,305,4.0000000000000036,6.300000000000001,4.899999999999999,1996.5818
2025-07-09 09:27:00,65.0,359.3316,305,4.0000000000000036,6.299999999999999,4.899999999999999,1978.5042
2025-07-09 09:30:00,65.5,355.6424,305,3.900000000000002,6.299999999999999,5.0,1964.3614
2025-07-09 09:33:00,64.5,360.3154,306,3.900000000000002,6.4,4.899999999999999,1971.7206
2025-07-09 09:36:00,66.0,362.5289,306,3.900000000000002,6.4,5.0,1993.7986
2025-07-09 09:39:00,65.0,359.0856,306,3.900000000000002,6.4,5.0,1990.0487
2025-07-09 09:42:00,66.0,360.8073,306,3.900000000000002,6.4,5.0,1999.9816999999998
2025-07-09 09:45:00,66.0,365.7263,306,4.0000000000000036,6.5,5.0,2007.298
2025-07-09 09:48:00,67.0,366.4641,306,3.900000000000002,6.300000000000001,5.0,2003.3296
2025-07-09 09:51:00,67.0,367.9398,306,4.0,6.300000000000001,5.0,2010.0839999999998
2025-07-09 09:54:00,66.5,370.1534,306,3.900000000000002,6.300000000000001,5.0,2029.343
2025-07-09 09:57:00,67.0,373.8426,306,3.900000000000002,6.199999999999999,5.0,2002.0244
2025-07-09 10:00:00,66.0,372.6129,306,4.0,6.199999999999999,5.0,1987.1783
2025-07-09 10:03:00,67.0,374.8264,306,4.0,6.199999999999999,5.0,2001.757
2025-07-09 10:06:00,66.5,372.3669,306,4.0,6.199999999999999,5.0,2009.984
2025-07-09 10:09:00,67.0,371.875,306,4.0,6.199999999999999,5.0,1993.4362
2025-07-09 10:12:00,67.0,369.1696,306,4.0,6.199999999999999,5.0,1993.5362
2025-07-09 10:15:00,65.5,369.4155,306,3.8999999999999986,6.199999999999999,5.0,1986.1664
2025-07-09 10:18:00,66.0,365.4803,306,4.0,6.299999999999999,5.0,2000.2971
2025-07-09 10:21:00,66.0,364.2506,306,4.0,6.4,4.899999999999999,1995.1644000000001
2025-07-09 10:24:00,66.0,363.7587,306,4.0,6.4,5.0,1990.5266000000001
2025-07-09 10:27:00,65.5,363.0208,306,4.0,6.4,5.100000000000001,2000.1770000000001
2025-07-09 10:30:00,66.0,364.4965,306,4.100000000000001,6.5,5.0,1997.0487
2025-07-09 10:33:00,67.5,371.3831,307,4.100000000000001,6.5,5.0,2018.379
2025-07-09 10:36:00,67.0,371.3831,307,4.100000000000001,6.4,5.0,2019.0030000000002
2025-07-09 10:39:00,67.5,369.9074,307,4.100000000000001,6.4,5.100000000000001,2028.2890000000002
2025-07-09 10:42:00,67.0,365.7263,307,4.200000000000003,6.4,5.0,2037.6460000000002
2025-07-09 10:45:00,66.5,364.0046,307,4.0,6.5,5.100000000000001,2036.4470000000001
2025-07-09 10:48:00,65.5,362.037,307,4.100000000000001,6.5,5.0,1989.0011
2025-07-09 10:51:00,66.0,361.5451,307,4.0,6.5,4.899999999999999,1994.0246
2025-07-09 10:54:00,66.0,360.3154,307,3.8999999999999986,6.5,5.0,1985.7332
2025-07-09 10:57:00,65.5,358.3478,307,4.0,6.5,5.0,1985.2649000000001
2025-07-09 11:00:00,66.5,358.1019,307,4.0,6.5,4.899999999999999,1986.4434999999999
2025-07-09 11:03:00,65.0,357.1181,307,4.0,6.5,4.899999999999999,1985.1442
2025-07-09 11:06:00,65.0,350.9693,307,4.0,6.5,4.899999999999999,1971.3469
2025-07-09 11:09:00,65.5,353.4288,307,4.0,6.5,4.799999999999997,1985.3471
2025-07-09 11:12:00,65.0,354.6586,307,4.0,6.5,4.799999999999997,1942.1417000000001
2025-07-09 11:15:00,65.0,361.5451,307,4.0,6.4,4.799999999999997,1945.071
2025-07-09 11:18:00,65.0,361.2992,307,4.0,6.4,5.0,1967.6429
2025-07-09 11:21:00,65.0,366.2182,307,4.0,6.300000000000001,4.899999999999999,1943.2905999999998
2025-07-09 11:24:00,65.0,362.7749,307,4.0,6.2,4.899999999999999,1951.2472
2025-07-09 11:27:00,64.5,365.7263,307,4.0,6.2,5.0,1949.4385000000002
2025-07-09 11:30:00,65.0,367.4479,307,4.0,6.3,5.0,1969.6736
2025-07-09 11:33:00,65.5,367.4479,308,4.100000000000001,6.3,5.0,1969.3119000000002
2025-07-09 11:36:00,65.5,365.7263,308,4.0,6.3,5.0,1963.9584
2025-07-09 11:39:00,66.0,366.956,308,4.0,6.3,5.0,1989.7275
2025-07-09 11:42:00,66.5,362.5289,308,4.0,6.3999999999999995,5.0,1982.9395
2025-07-09 11:45:00,65.5,359.3316,308,4.100000000000001,6.3999999999999995,5.0,1979.4895000000001
2025-07-09 11:48:00,65.5,361.7911,308,4.0,6.3999999999999995,4.899999999999999,1954.5364
2025-07-09 11:51:00,65.0,364.2506,308,4.0,6.3999999999999995,5.0,1980.0164
2025-07-09 11:54:00,65.5,363.0208,308,4.0,6.3999999999999995,5.0,1984.7804
2025-07-09 11:57:00,66.0,363.7587,308,4.0,6.3999999999999995,5.0,2011.108
2025-07-09 12:00:00,66.5,358.1019,308,4.0,6.5,5.0,1995.953
2025-07-09 12:03:00,65.0,355.8883,308,4.0,6.5,5.0,1977.6172000000001
2025-07-09 12:06:00,65.5,357.8559,308,4.0,6.5,5.0,1959.0652
2025-07-09 12:09:00,65.5,356.6262,308,4.0,6.4,5.0,1973.202
2025-07-09 12:12:00,65.5,359.0856,308,4.0,6.4,5.0,1979.1851000000001
2025-07-09 12:15:00,66.0,362.5289,308,4.0,6.4,5.0,1981.7621
2025-07-09 12:18:00,66.5,360.5613,308,4.0,6.4,5.0,1992.1005
2025-07-09 12:21:00,67.0,363.2668,308,4.0,6.4,5.0,1992.54
2025-07-09 12:24:00,66.5,363.0208,308,4.0,6.4,5.0,1979.9122
2025-07-09 12:27:00,66.0,358.1019,308,4.100000000000001,6.4,4.899999999999999,1957.8743
2025-07-09 12:30:00,65.5,359.0856,308,4.0,6.4,5.0,1987.4057
2025-07-09 12:33:00,64.5,357.61,309,4.100000000000001,6.4,4.899999999999999,1953.8459
2025-07-09 12:36:00,64.5,354.6586,309,3.8999999999999986,6.4,5.0,1959.566
2025-07-09 12:39:00,65.0,356.3802,309,4.0,6.5,5.0,1956.4794
2025-07-09 12:42:00,64.0,359.5775,309,4.100000000000001,6.4,4.899999999999999,1942.3516
2025-07-09 12:45:00,66.5,354.4126,309,4.100000000000001,6.4,5.0,1990.9818
2025-07-09 12:48:00,65.5,349.7396,309,4.0,6.4,5.0,1956.1478
2025-07-09 12:51:00,65.5,345.5584,309,4.0,6.5,4.799999999999997,1942.5871
2025-07-09 12:54:00,64.0,344.8206,309,4.0,6.5,4.799999999999997,1918.1509999999998
2025-07-09 12:57:00,63.5,344.3287,309,3.8999999999999986,6.5,4.899999999999999,1916.1024
2025-07-09 13:00:00,64.0,343.099,309,3.8999999999999986,6.5,4.800000000000004,1916.9605
2025-07-09 13:03:00,64.0,345.5584,309,3.799999999999997,6.5,4.900000000000006,1929.6419
2025-07-09 13:06:00,64.5,350.7234,309,3.799999999999997,6.5,4.900000000000006,1934.6839
2025-07-09 13:09:00,65.0,354.1667,309,3.799999999999997,6.5,5.0,1945.4362999999998
2025-07-09 13:12:00,64.5,355.3964,309,4.0,6.4,4.899999999999999,1938.7745
2025-07-09 13:15:00,64.5,352.9369,309,4.0,6.4,4.899999999999999,1923.8382000000001
2025-07-09 13:18:00,64.5,352.691,309,3.799999999999997,6.4,4.900000000000006,1921.9193
2025-07-09 13:21:00,65.0,353.4288,309,3.8999999999999986,6.4,5.0,1945.9866000000002
2025-07-09 13:24:00,65.0,358.3478,309,4.0,6.4,4.899999999999999,1936.1331
2025-07-09 13:27:00,64.5,356.8721,309,4.0,6.4,4.899999999999999,1953.1931
2025-07-09 13:30:00,64.5,360.0694,309,4.0,6.4,4.899999999999999,1937.3777
2025-07-09 13:33:00,65.5,358.8397,310,4.0,6.4,4.899999999999999,1957.5384
2025-07-09 13:36:00,64.0,355.6424,310,4.0,6.4,4.899999999999999,1948.9427
2025-07-09 13:39:00,64.5,355.8883,310,3.8999999999999986,6.4,4.899999999999999,1941.2384
2025-07-09 13:42:00,65.5,358.8397,310,4.0,6.4,5.0,1963.9979
2025-07-09 13:45:00,65.0,359.5775,310,4.100000000000001,6.3,5.0,1966.5839999999998
2025-07-09 13:48:00,65.5,365.2344,310,4.100000000000001,6.3,5.0,1967.2067
2025-07-09 13:51:00,65.0,358.8397,310,4.100000000000001,6.3999999999999995,5.0,1963.9531000000002
2025-07-09 13:54:00,65.5,363.0208,310,4.100000000000001,6.3999999999999995,5.0,1972.9547
2025-07-09 13:57:00,65.0,365.4803,310,4.100000000000001,6.3999999999999995,5.0,1970.8872000000001
2025-07-09 14:00:00,66.0,363.7587,310,4.0,6.3999999999999995,5.0,1968.8654000000001
2025-07-09 14:03:00,65.5,366.4641,310,4.0,6.3,4.899999999999999,1962.3049999999998
2025-07-09 14:06:00,65.5,367.4479,310,3.8999999999999986,6.3,5.100000000000001,1980.0563
2025-07-09 14:09:00,65.5,370.1534,310,4.0,6.3,5.0,1980.2316
2025-07-09 14:12:00,66.0,369.1696,310,4.0,6.3,5.0,1997.5882000000001
2025-07-09 14:15:00,66.5,372.3669,310,4.0,6.3,5.100000000000001,2008.6345000000001
2025-07-09 14:18:00,66.5,369.4155,310,4.0,6.3,5.100000000000001,2003.4648000000002
2025-07-09 14:21:00,67.0,368.6777,310,4.100000000000001,6.3999999999999995,5.0,2016.987
2025-07-09 14:24:00,67.0,369.1696,310,4.100000000000001,6.3999999999999995,5.100000000000001,2003.7026
2025-07-09 14:27:00,67.0,367.6938,310,4.100000000000001,6.3999999999999995,5.099999999999994,2027.8984
2025-07-09 14:30:00,67.5,366.7101,310,4.100000000000001,6.3999999999999995,5.099999999999994,2010.269
2025-07-09 14:33:00,67.0,370.1534,311,4.100000000000001,6.3,5.099999999999994,2001.5515999999998
2025-07-09 14:36:00,66.5,370.1534,311,4.100000000000001,6.3,5.199999999999996,2019.9859999999999
2025-07-09 14:39:00,66.5,372.6129,311,4.100000000000001,6.3,5.199999999999996,2004.0899
2025-07-09 14:42:00,67.5,371.875,311,4.199999999999996,6.3,5.200000000000003,2012.9408
2025-07-09 14:45:00,67.0,369.9074,311,4.199999999999996,6.3,5.300000000000004,2041.305
2025-07-09 14:48:00,67.5,372.3669,311,4.199999999999999,6.3,5.200000000000003,2042.279
2025-07-09 14:51:00,68.0,369.9074,311,4.300000000000001,6.3,5.0,2011.074
2025-07-09 14:54:00,67.5,372.8588,311,4.400000000000002,6.3,5.0,2005.546
2025-07-09 14:57:00,67.5,375.5642,311,4.400000000000002,6.3,5.0,2039.441
2025-07-09 15:00:00,68.5,368.1858,311,4.400000000000002,6.3,5.0,2005.0477999999998
2025-07-09 15:03:00,66.5,374.0885,311,4.5000000000000036,6.3999999999999995,5.099999999999994,2032.696
2025-07-09 15:06:00,67.0,354.1667,311,4.5000000000000036,6.3999999999999995,5.0,1976.2886
2025-07-09 15:09:00,65.0,344.8206,311,4.4999999999999964,6.499999999999999,4.800000000000004,1953.7017
2025-07-09 15:12:00,65.0,348.2639,311,4.4999999999999964,6.499999999999999,4.800000000000004,1970.1959
2025-07-09 15:15:00,65.5,347.2801,311,4.4999999999999964,6.3,4.900000000000006,1959.125
2025-07-09 15:18:00,66.0,348.2639,311,4.699999999999999,6.3,4.700000000000003,1969.3953000000001
2025-07-09 15:21:00,65.0,349.2477,311,4.699999999999999,6.3,4.799999999999997,1959.9108
2025-07-09 15:24:00,63.0,322.6852,311,4.599999999999998,6.3999999999999995,4.600000000000001,1910.5774000000001
2025-07-09 15:27:00,64.0,324.4068,311,4.5,6.6,4.700000000000003,1923.4928
2025-07-09 15:30:00,63.5,323.423,311,4.399999999999999,6.6,4.700000000000003,1912.4198000000001
2025-07-09 15:33:00,63.0,324.6528,312,4.5,6.499999999999999,4.600000000000001,1909.2014
2025-07-09 15:36:00,63.0,321.2095,312,4.5,6.499999999999999,4.600000000000001,1890.0293000000001
2025-07-09 15:39:00,62.5,321.9473,312,4.600000000000001,6.6000000000000005,4.600000000000001,1880.9881
2025-07-09 15:42:00,64.0,322.6852,312,4.5,6.6000000000000005,4.600000000000001,1912.7489
2025-07-09 15:45:00,64.0,325.8825,312,4.399999999999999,6.499999999999999,4.600000000000001,1902.1644000000001
2025-07-09 15:48:00,63.0,323.9149,312,4.5,6.499999999999999,4.600000000000001,1885.0982
2025-07-09 15:51:00,63.0,322.6852,312,4.5,6.3999999999999995,4.699999999999996,1879.5517
2025-07-09 15:54:00,63.5,318.75,312,4.199999999999996,6.6,4.800000000000004,1897.6927
2025-07-09 15:57:00,63.5,317.0284,312,4.300000000000001,6.6,4.600000000000001,1894.1139
2025-07-09 16:00:00,63.5,319.7338,312,4.300000000000001,6.6,4.600000000000001,1898.4793
2025-07-09 16:03:00,64.0,318.9959,312,4.0000000000000036,6.699999999999999,4.699999999999996,1909.024
2025-07-09 16:06:00,63.5,320.7176,312,3.900000000000002,6.699999999999999,4.699999999999996,1914.5773
2025-07-09 16:09:00,63.5,318.2581,312,3.900000000000002,6.699999999999999,4.699999999999996,1912.3303
2025-07-09 16:12:00,63.5,318.2581,312,3.900000000000002,6.699999999999999,4.699999999999996,1904.6896
2025-07-09 16:15:00,63.5,317.5203,312,4.0000000000000036,6.699999999999999,4.699999999999996,1889.9687
2025-07-09 16:18:00,63.0,315.3067,312,3.900000000000002,6.699999999999999,4.599999999999994,1885.6700999999998
2025-07-09 16:21:00,63.0,316.5365,312,4.0000000000000036,6.699999999999999,4.699999999999996,1899.2508
2025-07-09 16:24:00,63.0,311.1256,312,3.6999999999999993,6.9,4.799999999999997,1912.924
2025-07-09 16:27:00,62.5,312.8472,312,3.8000000000000007,6.699999999999999,4.699999999999996,1895.5815
2025-07-09 16:30:00,63.5,315.0608,312,3.8000000000000007,6.699999999999999,4.699999999999996,1905.2301
2025-07-09 16:33:00,63.0,312.3553,313,3.8000000000000007,6.800000000000001,4.699999999999996,1894.7318
2025-07-09 16:36:00,63.0,314.8148,313,3.8000000000000007,6.800000000000001,4.699999999999996,1891.6372999999999
2025-07-09 16:39:00,63.0,315.0608,313,3.900000000000002,6.800000000000001,4.799999999999997,1898.5055
2025-07-09 16:42:00,63.0,310.8796,313,3.8000000000000043,6.800000000000001,4.799999999999997,1893.8752
2025-07-09 16:45:00,62.5,307.9282,313,3.8000000000000043,6.800000000000001,4.699999999999996,1875.7296000000001
2025-07-09 16:48:00,63.0,308.4201,313,3.700000000000003,6.800000000000001,4.799999999999997,1860.8736
2025-07-09 16:51:00,62.5,307.4363,313,3.799999999999997,6.699999999999999,4.700000000000003,1872.8818999999999
2025-07-09 16:54:00,61.5,308.912,313,3.799999999999997,6.699999999999999,4.700000000000003,1870.3028
2025-07-09 16:57:00,61.5,309.6499,313,3.8999999999999986,6.699999999999999,4.700000000000003,1854.589
2025-07-09 17:00:00,62.5,310.8796,313,3.8000000000000043,6.6,4.799999999999997,1868.8283999999999
2025-07-09 17:03:00,62.0,307.6823,313,3.8000000000000043,6.699999999999999,4.699999999999996,1858.2357
2025-07-09 17:06:00,62.0,307.1904,313,3.900000000000002,6.6,4.699999999999996,1858.4715999999999
2025-07-09 17:09:00,62.0,307.1904,313,3.8000000000000043,6.6,4.699999999999996,1859.415
2025-07-09 17:12:00,62.0,310.1418,313,3.900000000000002,6.699999999999999,4.799999999999997,1866.3624
2025-07-09 17:15:00,61.5,313.5851,313,3.8999999999999986,6.6,4.700000000000003,1860.0014
2025-07-09 17:18:00,62.5,313.831,313,4.0,6.5,4.700000000000003,1846.9490999999998
2025-07-09 17:21:00,61.5,315.7986,313,3.8999999999999986,6.6,4.700000000000003,1872.7201
2025-07-09 17:24:00,62.5,317.5203,313,4.0,6.6,4.700000000000003,1857.1237
2025-07-09 17:27:00,62.0,314.077,313,4.0,6.6,4.700000000000003,1882.3188
2025-07-09 17:30:00,62.5,313.831,313,4.0,6.6,4.600000000000001,1871.7044
2025-07-09 17:33:00,61.5,309.158,314,4.0,6.6,4.700000000000003,1859.2098
2025-07-09 17:36:00,61.5,307.6823,314,4.0,6.6,4.600000000000001,1842.6309999999999
2025-07-09 17:39:00,61.0,300.3038,314,4.0,6.6,4.600000000000001,1838.1509
2025-07-09 17:42:00,62.0,307.6823,314,3.8999999999999986,6.699999999999999,4.700000000000003,1861.7278000000001
2025-07-09 17:45:00,61.5,304.239,314,4.0,6.6,4.600000000000001,1833.8589
2025-07-09 17:48:00,61.0,300.5498,314,4.0,6.6,4.600000000000001,1831.6299
2025-07-09 17:51:00,60.5,296.8605,314,3.8999999999999986,6.699999999999999,4.600000000000001,1813.7382
2025-07-09 17:54:00,60.5,299.32,314,3.799999999999997,6.699999999999999,4.600000000000001,1786.9830000000002
2025-07-09 17:57:00,61.5,313.831,314,4.0,6.5,4.600000000000001,1836.1691
2025-07-09 18:00:00,61.0,316.0446,314,4.0,6.5,4.700000000000003,1853.0949
2025-07-09 18:03:00,61.0,314.5688,314,4.0,6.3999999999999995,4.600000000000001,1830.01
2025-07-09 18:06:00,60.5,311.6175,314,3.8999999999999986,6.5,4.700000000000003,1837.5645
2025-07-09 18:09:00,60.0,303.0093,314,3.8999999999999986,6.5,4.600000000000001,1808.6342
2025-07-09 18:12:00,60.5,317.7662,314,3.8999999999999986,6.5,4.700000000000003,1836.4269
2025-07-09 18:15:00,62.0,316.0446,314,3.8999999999999986,6.5,4.700000000000003,1854.3527
2025-07-09 18:18:00,60.5,309.158,314,3.799999999999997,6.5,4.700000000000003,1824.5101
2025-07-09 18:21:00,60.5,298.5822,314,3.799999999999997,6.6,4.600000000000001,1804.4293
2025-07-09 18:24:00,59.5,301.0417,314,3.700000000000003,6.6,4.599999999999994,1777.6933
2025-07-09 18:27:00,59.0,295.1389,314,3.700000000000003,6.6,4.599999999999994,1784.4837
2025-07-09 18:30:00,58.5,280.136,314,3.700000000000003,6.699999999999999,4.5,1738.4156
2025-07-09 18:33:00,58.0,289.2361,315,3.6000000000000014,6.699999999999999,4.5,1731.7572
2025-07-09 18:36:00,58.5,292.4334,315,3.6000000000000014,6.6,4.600000000000001,1759.6662999999999
2025-07-09 18:39:00,57.5,284.5631,315,3.700000000000003,6.6,4.5,1753.1093
2025-07-09 18:42:00,58.0,286.5307,315,3.6000000000000014,6.6,4.5,1733.9702
2025-07-09 18:45:00,58.5,289.2361,315,3.5,6.6000000000000005,4.5,1726.6212
2025-07-09 18:48:00,57.0,278.9063,315,3.5,6.500000000000001,4.299999999999997,1672.2325
2025-07-10 07:48:00,39.5,379.0075,315,1.8000000000000007,1.9000000000000004,3.5,1235.115
2025-07-10 07:51:00,45.5,482.0602,315,2.6000000000000014,3.2,4.799999999999997,1384.751
2025-07-10 07:57:00,46.5,456.7274,315,2.1000000000000014,1.8000000000000007,4.199999999999996,1438.1004
2025-07-10 08:00:00,51.0,460.9086,315,2.799999999999997,3.7,4.700000000000003,1512.9213
2025-07-10 08:03:00,54.5,476.1574,315,3.1000000000000014,3.9000000000000004,4.899999999999999,1618.8265999999999
2025-07-10 08:06:00,58.5,498.0469,315,3.299999999999997,4.0,5.200000000000003,1757.2882
2025-07-10 08:09:00,60.5,485.5035,315,3.5,4.199999999999999,5.100000000000001,1791.0497
2025-07-10 08:12:00,61.0,463.3681,315,3.5,4.199999999999999,5.100000000000001,1810.3283000000001
2025-07-10 08:15:00,61.5,473.6979,315,3.6000000000000014,4.500000000000001,5.199999999999996,1846.2955000000002
2025-07-10 08:18:00,63.0,425.4919,315,3.6999999999999993,4.999999999999999,5.299999999999997,1884.3237
2025-07-10 08:21:00,62.5,408.5214,315,3.6000000000000014,5.0,5.100000000000001,1857.7515
2025-07-10 08:24:00,61.0,404.5862,316,3.6999999999999993,5.199999999999999,5.100000000000001,1855.7373
2025-07-10 08:27:00,60.5,404.3403,316,3.6999999999999993,5.300000000000001,5.100000000000001,1826.555
2025-07-10 08:30:00,62.0,404.8322,316,3.6999999999999993,5.300000000000001,5.200000000000003,1843.5375
2025-07-10 08:33:00,63.0,411.9647,316,3.6999999999999993,5.4,5.300000000000004,1878.5837999999999
2025-07-10 08:36:00,63.0,427.9514,316,3.8000000000000007,5.3,5.299999999999997,1918.623
2025-07-10 08:39:00,64.0,427.2136,316,3.8000000000000007,5.3,5.399999999999999,1936.0048000000002
2025-07-10 08:42:00,64.0,390.3212,316,3.8999999999999986,5.699999999999999,5.200000000000003,1906.3788
2025-07-10 08:45:00,63.0,390.0752,316,3.8999999999999986,5.699999999999999,5.200000000000003,1904.2835
2025-07-10 08:48:00,63.5,397.6996,316,3.8999999999999986,5.6,5.200000000000003,1899.2954
2025-07-10 08:51:00,64.0,406.7998,316,3.8999999999999986,5.6,5.299999999999997,1925.6889
2025-07-10 08:54:00,64.0,411.2269,316,3.8999999999999986,5.499999999999999,5.399999999999999,1937.9986
2025-07-10 08:57:00,65.5,408.7674,316,4.0,5.6000000000000005,5.399999999999999,1968.4491
2025-07-10 09:00:00,67.0,413.4404,316,4.0,5.7,5.600000000000001,2001.9222
2025-07-10 09:03:00,66.5,412.9485,316,4.0,5.7,5.600000000000001,2018.7350000000001
2025-07-10 09:06:00,66.0,408.2755,316,4.0,5.8,5.5,1993.0828999999999
2025-07-10 09:09:00,67.0,403.3565,316,4.100000000000001,5.8999999999999995,5.599999999999994,2051.018
2025-07-10 09:12:00,67.0,395.7321,316,4.100000000000001,6.000000000000001,5.599999999999994,2032.605
2025-07-10 09:15:00,66.0,387.6157,316,4.100000000000001,6.000000000000001,5.599999999999994,2026.528
2025-07-10 09:18:00,67.0,397.6996,316,4.100000000000001,6.2,5.699999999999996,2035.511
2025-07-10 09:21:00,66.5,371.1371,316,4.100000000000001,6.3,5.599999999999994,1989.0832
2025-07-10 09:24:00,65.5,360.0694,316,4.0,6.300000000000001,5.5,1981.8357
2025-07-10 09:27:00,64.5,355.8883,317,4.0,6.4,5.399999999999999,1974.0501
2025-07-10 09:30:00,64.0,352.691,317,3.8999999999999986,6.300000000000001,5.399999999999999,1950.7732
2025-07-10 09:33:00,64.0,354.6586,317,3.8999999999999986,6.4,5.399999999999999,1932.6769
2025-07-10 09:36:00,65.0,358.3478,317,4.0,6.5,5.5,1988.9503
2025-07-10 09:39:00,66.0,355.8883,317,4.0,6.5,5.399999999999999,1972.7516
2025-07-10 09:42:00,66.5,353.9207,317,4.0,6.4,5.399999999999999,1983.4912
2025-07-10 09:45:00,65.5,354.6586,317,4.0,6.5,5.399999999999999,1969.5333
2025-07-10 09:48:00,66.0,356.3802,317,4.0,6.5,5.399999999999999,1985.5992
2025-07-10 09:51:00,65.5,359.3316,317,4.0,6.4,5.5,1995.5246
2025-07-10 09:54:00,67.0,365.2344,317,4.100000000000001,6.6,5.5,2023.5810000000001
2025-07-10 09:57:00,68.5,368.6777,317,4.200000000000003,6.499999999999999,5.599999999999994,2028.0230000000001
2025-07-10 10:00:00,67.5,366.2182,317,4.200000000000003,6.499999999999999,5.599999999999994,2036.587
2025-07-10 10:03:00,67.5,364.2506,317,4.100000000000001,6.5,5.5,2007.952
2025-07-10 10:06:00,66.5,369.9074,317,4.100000000000001,6.4,5.5,1999.5973
2025-07-10 10:09:00,67.0,373.8426,317,4.100000000000001,6.2,5.5,1999.5801999999999
2025-07-10 10:12:00,66.5,373.8426,317,4.100000000000001,6.3,5.5,2006.464
2025-07-10 10:15:00,66.0,366.2182,317,4.100000000000001,6.300000000000001,5.5,1969.409
2025-07-10 10:18:00,66.0,365.7263,317,4.100000000000001,6.300000000000001,5.5,1985.9456
2025-07-10 10:21:00,65.5,359.3316,317,4.100000000000001,6.300000000000001,5.399999999999999,1960.7085
2025-07-10 10:24:00,65.0,351.4612,318,4.100000000000001,6.4,5.399999999999999,1969.0481
2025-07-10 10:27:00,65.0,354.6586,318,4.100000000000001,6.5,5.399999999999999,1973.9774
2025-07-10 10:30:00,66.0,356.3802,318,4.100000000000001,6.4,5.399999999999999,1961.1174999999998
2025-07-10 10:33:00,65.5,361.2992,318,4.0,6.300000000000001,5.5,1963.1975
2025-07-10 10:36:00,65.0,358.3478,318,4.100000000000001,6.300000000000001,5.399999999999999,1971.9876
2025-07-10 10:39:00,65.5,357.61,318,4.100000000000001,6.5,5.5,1976.3723
2025-07-10 10:42:00,66.5,355.1505,318,4.100000000000001,6.5,5.5,1989.4768
2025-07-10 10:45:00,67.0,360.0694,318,4.100000000000001,6.5,5.5,1989.3161
2025-07-10 10:48:00,66.5,354.1667,318,4.200000000000003,6.4,5.399999999999999,1975.7322
2025-07-10 10:51:00,67.0,360.3154,318,4.200000000000003,6.4,5.399999999999999,1974.7938
2025-07-10 10:54:00,66.0,360.8073,318,4.0,6.4,5.5,1969.7403
2025-07-10 10:57:00,66.5,360.3154,318,4.100000000000001,6.4,5.399999999999999,1962.0816
2025-07-10 11:00:00,65.5,352.691,318,4.0,6.4,5.399999999999999,1955.6849000000002
2025-07-10 11:03:00,64.5,355.6424,318,4.0,6.4,5.399999999999999,1941.4805000000001
2025-07-10 11:06:00,66.0,362.5289,318,4.100000000000001,6.4,5.399999999999999,1959.6849
2025-07-10 11:09:00,65.5,366.2182,318,4.100000000000001,6.300000000000001,5.399999999999999,1948.8994
2025-07-10 11:12:00,66.0,364.2506,318,4.0000000000000036,6.200000000000001,5.399999999999999,1964.4939
2025-07-10 11:15:00,65.5,362.037,318,4.0000000000000036,6.200000000000001,5.399999999999999,1966.104
2025-07-10 11:18:00,65.5,356.6262,318,4.0000000000000036,6.4,5.399999999999999,1960.1452
2025-07-10 11:21:00,65.5,357.1181,318,4.099999999999998,6.4,5.400000000000006,1986.4805000000001
2025-07-10 11:24:00,65.5,355.3964,319,4.099999999999998,6.300000000000001,5.400000000000006,1966.4848
2025-07-10 11:27:00,65.0,355.6424,319,4.099999999999998,6.300000000000001,5.300000000000004,1964.9054
2025-07-10 11:30:00,65.0,356.3802,319,4.099999999999998,6.300000000000001,5.400000000000006,1967.0929999999998
2025-07-10 11:33:00,65.0,359.3316,319,4.099999999999998,6.4,5.400000000000006,1953.3955
2025-07-10 11:36:00,65.5,356.6262,319,4.099999999999998,6.5,5.400000000000006,1966.7049
2025-07-10 11:39:00,67.0,357.8559,319,4.099999999999998,6.5,5.400000000000006,1995.3478
2025-07-10 11:42:00,66.5,358.1019,319,4.199999999999996,6.5,5.400000000000006,1985.3055
2025-07-10 11:45:00,66.5,355.3964,319,4.199999999999996,6.4,5.400000000000006,1996.7226
2025-07-10 11:48:00,66.0,351.9531,319,4.100000000000001,6.4,5.5,1978.8746999999998
2025-07-10 11:51:00,65.0,350.9693,319,4.099999999999998,6.5,5.400000000000006,1946.9373
2025-07-10 11:54:00,64.0,350.4774,319,4.099999999999998,6.5,5.300000000000004,1941.2977
2025-07-10 11:57:00,66.0,353.1829,319,4.099999999999998,6.5,5.400000000000006,1979.6173
2025-07-10 12:00:00,66.0,351.4612,319,4.099999999999998,6.5,5.400000000000006,1986.2774
2025-07-10 12:03:00,66.5,350.2315,319,4.199999999999996,6.6,5.400000000000006,1982.8366
2025-07-10 12:06:00,66.0,354.4126,319,4.199999999999996,6.4,5.400000000000006,1994.2768
2025-07-10 12:09:00,66.0,359.0856,319,4.100000000000001,6.4,5.5,1982.7451
2025-07-10 12:12:00,66.0,357.61,319,4.100000000000001,6.4,5.399999999999999,1950.5262
2025-07-10 12:15:00,66.0,351.9531,319,4.100000000000001,6.5,5.299999999999997,1952.9766
2025-07-10 12:18:00,65.0,355.6424,319,4.100000000000001,6.4,5.399999999999999,1933.4428
2025-07-10 12:21:00,65.0,357.8559,319,3.799999999999997,6.4,5.400000000000006,1938.4895000000001
2025-07-10 12:24:00,64.5,355.8883,319,3.799999999999997,6.300000000000001,5.400000000000006,1948.5313
2025-07-10 12:27:00,65.0,354.4126,320,3.799999999999997,6.300000000000001,5.400000000000006,1934.7206999999999
2025-07-10 12:30:00,64.5,355.8883,320,3.799999999999997,6.300000000000001,5.400000000000006,1958.7894000000001
2025-07-10 12:33:00,65.5,358.8397,320,3.8999999999999986,6.4,5.300000000000004,1943.0926
2025-07-10 12:36:00,66.0,353.9207,320,3.8999999999999986,6.4,5.399999999999999,1956.8229000000001
2025-07-10 12:39:00,65.0,353.9207,320,3.8999999999999986,6.5,5.300000000000004,1941.2289
2025-07-10 12:42:00,65.0,356.3802,320,3.8999999999999986,6.4,5.300000000000004,1959.2762
2025-07-10 12:45:00,65.0,353.1829,320,3.8999999999999986,6.4,5.399999999999999,1953.0078
2025-07-10 12:48:00,65.5,356.3802,320,4.0,6.4,5.299999999999997,1973.1669
2025-07-10 12:51:00,65.5,359.5775,320,3.8999999999999986,6.4,5.399999999999999,1963.2854
2025-07-10 12:54:00,65.5,350.2315,320,4.0,6.5,5.399999999999999,1952.8716
2025-07-10 12:57:00,65.5,351.4612,320,3.9999999999999964,6.6,5.400000000000006,1948.6974
2025-07-10 13:00:00,65.5,348.2639,320,3.9999999999999964,6.5,5.300000000000004,1935.8833
2025-07-10 13:03:00,64.5,346.5422,320,3.900000000000002,6.6,5.399999999999999,1922.6153
2025-07-10 13:06:00,64.0,346.0504,320,3.900000000000002,6.6,5.399999999999999,1930.5744
2025-07-10 13:09:00,65.0,341.1313,320,3.900000000000002,6.6,5.299999999999997,1923.5179
2025-07-10 13:12:00,64.5,345.5584,320,3.900000000000002,6.6,5.399999999999999,1929.6005
2025-07-10 13:15:00,64.5,350.4774,320,3.900000000000002,6.5,5.399999999999999,1915.2298
2025-07-10 13:18:00,64.5,350.2315,320,3.9999999999999964,6.4,5.300000000000004,1946.8672
2025-07-10 13:21:00,64.0,350.4774,320,3.900000000000002,6.4,5.399999999999999,1942.434
2025-07-10 13:24:00,64.5,346.7882,320,3.9999999999999964,6.4,5.300000000000004,1928.3276
2025-07-10 13:27:00,64.0,350.7234,321,3.900000000000002,6.5,5.399999999999999,1920.2265
2025-07-10 13:30:00,63.5,353.9207,321,3.9999999999999964,6.4,5.300000000000004,1921.6451
2025-07-10 13:33:00,64.0,356.3802,321,3.9999999999999964,6.4,5.300000000000004,1916.6273999999999
2025-07-10 13:36:00,65.0,356.8721,321,3.9999999999999964,6.4,5.400000000000006,1920.6466
2025-07-10 13:39:00,65.0,355.1505,321,3.9999999999999964,6.4,5.400000000000006,1929.1885000000002
2025-07-10 13:42:00,64.5,356.8721,321,4.099999999999998,6.4,5.399999999999999,1930.5469
2025-07-10 13:45:00,65.0,358.3478,321,4.199999999999999,6.4,5.299999999999997,1962.688
2025-07-10 13:48:00,65.0,362.037,321,4.199999999999999,6.3,5.399999999999999,1941.7956
2025-07-10 13:51:00,65.0,363.0208,321,4.199999999999999,6.3,5.5,1951.04
2025-07-10 13:54:00,65.0,355.8883,321,4.199999999999999,6.3,5.5,1936.9486
2025-07-10 13:57:00,65.0,354.1667,321,4.199999999999999,6.4,5.399999999999999,1944.3638
2025-07-10 14:00:00,65.5,359.0856,321,4.199999999999999,6.4,5.399999999999999,1941.9092
2025-07-10 14:03:00,65.0,360.3154,321,4.199999999999999,6.3,5.5,1949.8146000000002
2025-07-10 14:06:00,66.0,359.5775,321,4.199999999999999,6.3,5.600000000000001,1970.1657
2025-07-10 14:09:00,65.5,355.8883,321,4.199999999999999,6.3,5.5,1948.9925
2025-07-10 14:12:00,66.0,356.8721,321,4.199999999999999,6.3999999999999995,5.5,1938.0348
2025-07-10 14:15:00,65.0,358.1019,321,4.199999999999999,6.5,5.5,1961.9122
2025-07-10 14:18:00,66.0,358.3478,321,4.199999999999999,6.3999999999999995,5.5,1958.3901
2025-07-10 14:21:00,65.0,358.3478,321,4.400000000000002,6.3,5.5,1937.9146
2025-07-10 14:24:00,65.0,357.8559,322,4.099999999999998,6.4,5.5,1951.2015000000001
2025-07-10 14:27:00,65.0,358.8397,322,4.199999999999999,6.4,5.399999999999999,1962.1666
2025-07-10 14:30:00,65.0,360.5613,322,4.099999999999998,6.4,5.5,1955.7273
2025-07-10 14:33:00,56.5,268.3304,322,3.8999999999999986,7.0,4.5,1636.5154
2025-07-10 14:36:00,50.0,264.3953,322,3.3999999999999986,6.6,4.200000000000003,1434.6263
2025-07-10 14:39:00,48.0,268.0845,322,3.299999999999997,6.3,4.100000000000001,1413.0344
2025-07-12 09:57:00,39.0,259.4763,322,1.8000000000000007,2.0999999999999996,3.8000000000000007,1222.149
2025-07-12 10:00:00,44.5,255.5411,322,2.5,4.800000000000001,4.5,1349.03
2025-07-12 10:03:00,40.5,252.5897,322,2.5,6.7,4.699999999999999,1235.458
2025-07-12 10:06:00,39.0,269.5602,322,2.6000000000000014,6.8999999999999995,4.4999999999999964,1197.92
2025-07-12 10:09:00,40.0,275.9549,322,2.6999999999999993,6.4,4.700000000000003,1244.08
2025-07-12 10:12:00,40.5,275.217,322,2.8000000000000007,6.4,4.5,1242.97
2025-07-12 10:15:00,40.5,280.3819,322,2.6999999999999993,6.5,4.400000000000002,1248.529
2025-07-12 10:18:00,40.0,284.0712,322,2.700000000000003,6.5,4.399999999999999,1240.24
2025-07-12 10:21:00,40.5,280.3819,322,2.6999999999999993,6.3,4.5,1238.788
2025-07-12 10:24:00,40.5,281.6117,322,2.8000000000000007,6.4,4.399999999999999,1236.495
2025-07-12 10:27:00,40.5,285.055,322,2.8000000000000007,6.3999999999999995,4.399999999999999,1243.798
2025-07-12 10:30:00,40.0,281.3657,322,2.799999999999997,6.4,4.300000000000004,1227.404
2025-07-12 10:33:00,40.5,280.6279,322,2.6999999999999993,6.4,4.400000000000002,1237.053
2025-07-12 10:36:00,40.0,285.5469,323,2.8000000000000007,6.4,4.300000000000001,1228.611
2025-07-12 10:39:00,39.5,288.7442,323,2.6999999999999993,6.4,4.400000000000002,1219.176
2025-07-12 10:42:00,40.0,295.3848,323,2.8000000000000007,6.200000000000001,4.400000000000002,1231.944
2025-07-12 10:45:00,40.0,289.974,323,2.8000000000000007,6.300000000000001,4.300000000000001,1225.692
2025-07-12 10:48:00,40.0,289.974,323,2.8000000000000007,6.200000000000001,4.300000000000001,1225.896
2025-07-12 10:51:00,40.0,289.974,323,2.700000000000003,6.200000000000001,4.399999999999999,1217.869
2025-07-12 10:54:00,39.0,281.8576,323,2.8000000000000007,6.199999999999999,4.199999999999996,1201.208
2025-07-12 10:57:00,39.5,277.1846,323,2.8000000000000007,6.299999999999999,4.199999999999996,1198.483
2025-07-12 11:00:00,38.5,275.7089,323,2.6999999999999993,6.3999999999999995,4.200000000000003,1184.981
2025-07-12 11:03:00,38.5,272.7575,323,2.6999999999999993,6.299999999999999,4.100000000000001,1158.168
2025-07-12 11:06:00,37.5,268.0845,323,2.6999999999999993,6.3999999999999995,4.0,1147.001
2025-07-12 11:09:00,37.0,261.1979,323,2.599999999999998,6.4,4.100000000000001,1139.653
2025-07-12 11:12:00,37.5,274.4792,323,2.6999999999999993,6.200000000000001,4.100000000000001,1156.392
2025-07-12 11:15:00,38.5,274.4792,323,2.6999999999999993,6.200000000000001,4.100000000000001,1164.351
2025-07-12 11:18:00,37.5,274.4792,323,2.6999999999999993,6.300000000000001,4.0,1143.856
2025-07-12 11:21:00,37.5,274.7251,323,2.599999999999998,6.199999999999999,4.100000000000001,1142.369
2025-07-12 11:24:00,37.0,266.6088,323,2.599999999999998,6.199999999999999,4.0,1138.765
2025-07-12 11:27:00,37.0,269.8062,323,2.5,6.299999999999999,4.099999999999998,1134.197
2025-07-12 11:30:00,37.0,273.0035,323,2.599999999999998,6.199999999999999,4.100000000000001,1135.916
2025-07-12 11:33:00,38.5,279.1522,323,2.6999999999999993,6.200000000000001,4.100000000000001,1176.541
2025-07-12 11:36:00,38.5,279.1522,324,2.6999999999999993,6.200000000000001,4.100000000000001,1175.863
2025-07-12 11:39:00,38.5,278.9063,324,2.6999999999999993,6.1,4.100000000000001,1167.718
2025-07-12 11:42:00,38.0,274.2332,324,2.8000000000000007,6.199999999999999,4.100000000000001,1168.986
2025-07-12 11:45:00,38.0,273.9873,324,2.8000000000000007,6.199999999999999,4.0,1151.934
2025-07-12 11:48:00,38.0,270.544,324,2.8000000000000007,6.199999999999999,4.0,1159.017
2025-07-12 11:51:00,37.0,268.0845,324,2.6999999999999993,6.199999999999999,4.100000000000001,1142.848
2025-07-12 11:54:00,37.0,266.8547,324,2.6999999999999993,6.4,3.8999999999999986,1133.785
2025-07-12 11:57:00,37.5,274.7251,324,2.6000000000000014,6.300000000000001,4.099999999999998,1148.745
2025-07-12 12:00:00,38.0,275.217,324,2.6999999999999993,6.200000000000001,4.100000000000001,1153.761
2025-07-12 12:03:00,38.0,275.463,324,2.6000000000000014,6.200000000000001,4.199999999999999,1155.104
2025-07-12 12:06:00,37.5,266.1169,324,2.6000000000000014,6.200000000000001,4.099999999999998,1157.42
2025-07-12 12:09:00,37.5,265.3791,324,2.6000000000000014,6.300000000000001,3.9999999999999964,1135.272
2025-07-12 12:12:00,37.0,266.1169,324,2.6000000000000014,6.300000000000001,3.9999999999999964,1133.999
2025-07-12 12:15:00,37.5,265.3791,324,2.6000000000000014,6.4,3.9999999999999964,1135.561
2025-07-12 12:18:00,37.0,267.1007,324,2.6000000000000014,6.4,4.099999999999998,1143.282
2025-07-12 12:21:00,37.5,272.2656,324,2.6000000000000014,6.300000000000001,4.099999999999998,1142.069
2025-07-12 12:24:00,37.5,273.9873,324,2.6000000000000014,6.300000000000001,4.099999999999998,1146.544
2025-07-12 12:27:00,37.5,272.7575,324,2.6000000000000014,6.200000000000001,4.099999999999998,1144.329
2025-07-12 12:30:00,37.5,265.8709,324,2.6000000000000014,6.200000000000001,3.9999999999999964,1135.074
2025-07-12 12:33:00,36.5,261.6898,324,2.6000000000000014,6.299999999999999,3.9999999999999964,1120.907
2025-07-12 12:36:00,37.0,264.1493,325,2.6000000000000014,6.4,3.9999999999999964,1128.193
2025-07-12 12:39:00,37.0,264.3953,325,2.6000000000000014,6.300000000000001,3.9999999999999964,1128.932
2025-07-12 12:42:00,38.0,270.7899,325,2.6000000000000014,6.300000000000001,4.099999999999998,1139.522
2025-07-12 12:45:00,37.5,271.5278,325,2.6000000000000014,6.200000000000001,4.199999999999999,1146.912
2025-07-12 12:48:00,37.5,271.0359,325,2.6999999999999993,6.200000000000001,4.100000000000001,1149.812
2025-07-12 12:51:00,37.0,262.4277,325,2.6999999999999993,6.300000000000001,4.0,1129.594
2025-07-12 12:54:00,36.5,265.625,325,2.6999999999999993,6.300000000000001,4.0,1133.254
2025-07-12 12:57:00,37.0,259.9682,325,2.6999999999999993,6.300000000000001,3.8999999999999986,1124.905
2025-07-12 13:00:00,36.5,257.0168,325,2.6000000000000014,6.300000000000001,3.9999999999999964,1112.209
2025-07-12 13:03:00,37.0,258.4925,325,2.5,6.300000000000001,3.9999999999999964,1117.14
2025-07-12 13:06:00,37.0,258.2465,325,2.599999999999998,6.4,4.0,1123.345
2025-07-12 13:09:00,38.0,258.2465,325,2.599999999999998,6.5,4.0,1122.757
2025-07-12 13:12:00,38.0,259.7222,325,2.6999999999999993,6.4,4.0,1126.962
2025-07-12 13:15:00,37.5,257.0168,325,2.6999999999999993,6.4,4.0,1127.243
2025-07-12 13:18:00,37.5,261.9358,325,2.6999999999999993,6.4,4.0,1120.647
2025-07-12 13:21:00,38.0,264.6412,325,2.6999999999999993,6.3,4.100000000000001,1134.625
2025-07-12 13:24:00,37.0,258.0006,325,2.6000000000000014,6.4,4.0,1117.401
2025-07-12 13:27:00,37.0,261.6898,325,2.6000000000000014,6.300000000000001,4.0,1114.282
2025-07-12 13:30:00,37.5,259.9682,325,2.6000000000000014,6.200000000000001,3.8999999999999986,1106.637
2025-07-12 13:33:00,37.0,265.8709,325,2.6000000000000014,6.200000000000001,4.0,1109.689
2025-07-12 13:36:00,37.0,262.9196,326,2.6000000000000014,6.200000000000001,4.0,1112.733
2025-07-12 13:39:00,37.0,266.1169,326,2.6999999999999993,6.200000000000001,3.900000000000002,1114.894
2025-07-12 13:42:00,37.0,272.2656,326,2.599999999999998,6.2,4.0000000000000036,1122.532
2025-07-12 13:45:00,37.0,270.7899,326,2.599999999999998,6.1000000000000005,4.0000000000000036,1120.949
2025-07-12 13:48:00,37.0,270.7899,326,2.599999999999998,6.1000000000000005,4.0000000000000036,1116.506
2025-07-12 13:51:00,36.5,269.5602,326,2.599999999999998,6.1000000000000005,3.900000000000002,1102.885
2025-07-12 13:54:00,36.5,265.625,326,2.599999999999998,6.1000000000000005,4.0000000000000036,1105.712
2025-07-12 13:57:00,36.5,268.3304,326,2.6000000000000014,6.1000000000000005,3.900000000000002,1107.845
2025-07-12 14:00:00,36.5,267.8385,326,2.6000000000000014,6.1000000000000005,3.9999999999999964,1115.925
2025-07-12 14:03:00,37.0,264.6412,326,2.6000000000000014,6.1000000000000005,3.9999999999999964,1115.189
2025-07-12 14:06:00,36.5,261.6898,326,2.6000000000000014,6.200000000000001,3.900000000000002,1111.785
2025-07-12 14:09:00,36.5,266.8547,326,2.6000000000000014,6.1000000000000005,3.9999999999999964,1114.989
2025-07-12 14:12:00,36.0,257.0168,326,2.6000000000000014,6.200000000000001,3.9999999999999964,1106.674
2025-07-12 14:15:00,35.5,251.8519,326,2.5,6.300000000000001,3.900000000000002,1097.252
2025-07-12 14:18:00,36.5,261.1979,326,2.5,6.300000000000001,3.900000000000002,1089.037
2025-07-12 14:21:00,36.5,251.8519,326,2.599999999999998,6.200000000000001,3.8999999999999986,1104.355
2025-07-12 14:24:00,36.0,252.5897,326,2.599999999999998,6.200000000000001,3.8000000000000043,1088.895
2025-07-12 14:27:00,36.5,253.3275,326,2.6999999999999993,6.200000000000001,3.799999999999997,1093.906
2025-07-12 14:30:00,36.5,247.1788,326,2.6999999999999993,6.300000000000001,3.799999999999997,1085.754
2025-07-12 14:33:00,36.5,252.0978,326,2.6000000000000014,6.4,3.8999999999999986,1095.629
2025-07-12 14:36:00,37.0,264.6412,327,2.6000000000000014,6.4,4.0,1115.544
2025-07-12 14:39:00,38.0,272.2656,327,2.700000000000003,6.000000000000001,4.100000000000001,1142.752
2025-07-12 14:42:00,37.0,264.6412,327,2.6000000000000014,6.1000000000000005,4.0,1126.875
2025-07-12 14:45:00,37.0,259.2303,327,2.6000000000000014,6.200000000000001,4.0,1116.127
2025-07-12 14:48:00,36.5,262.4277,327,2.6000000000000014,6.200000000000001,3.8999999999999986,1116.343
2025-07-12 14:51:00,37.0,264.1493,327,2.6000000000000014,6.200000000000001,4.0,1122.117
2025-07-12 14:54:00,37.5,261.6898,327,2.6000000000000014,6.200000000000001,4.0,1125.397
2025-07-12 14:57:00,36.5,257.5087,327,2.6000000000000014,6.200000000000001,4.0,1111.436
2025-07-12 15:00:00,37.5,264.8871,327,2.6999999999999993,6.1000000000000005,4.0000000000000036,1129.013
2025-07-12 15:03:00,37.5,268.3304,327,2.8000000000000007,6.1000000000000005,3.9999999999999964,1138.675
2025-07-12 15:06:00,37.5,266.8547,327,2.6999999999999993,6.2,3.900000000000002,1135.826
2025-07-12 15:09:00,37.0,261.9358,327,2.6999999999999993,6.1000000000000005,3.900000000000002,1135.746
2025-07-12 15:12:00,37.0,261.1979,327,2.6999999999999993,6.200000000000001,3.900000000000002,1124.067
2025-07-12 15:15:00,36.5,261.9358,327,2.599999999999998,6.1000000000000005,4.0000000000000036,1120.71
2025-07-12 15:18:00,37.0,262.4277,327,2.6999999999999993,6.1000000000000005,3.900000000000002,1132.802
2025-07-12 15:21:00,37.5,266.8547,327,2.6999999999999993,6.200000000000001,3.900000000000002,1139.782
2025-07-12 15:24:00,37.5,261.6898,327,2.6999999999999993,6.200000000000001,3.900000000000002,1136.064
2025-07-12 15:27:00,37.0,269.5602,327,2.6999999999999993,6.1,3.9999999999999964,1135.322
2025-07-12 15:30:00,37.5,269.8062,327,2.6999999999999993,6.1,3.9999999999999964,1143.152
2025-07-12 15:33:00,38.0,270.298,327,2.6999999999999993,6.200000000000001,3.9999999999999964,1144.516
2025-07-12 15:36:00,38.0,269.0683,328,2.6000000000000014,5.999999999999999,3.9999999999999964,1143.023
2025-07-12 15:39:00,37.0,258.0006,328,2.6000000000000014,6.1,3.900000000000002,1118.667
2025-07-12 15:42:00,37.0,263.4115,328,2.6000000000000014,6.199999999999999,3.900000000000002,1118.027
2025-07-12 15:45:00,37.5,263.1655,328,2.6000000000000014,6.1,3.900000000000002,1118.881
2025-07-12 15:48:00,37.0,265.3791,328,2.6000000000000014,6.1,3.900000000000002,1119.421
2025-07-12 15:51:00,37.5,265.625,328,2.6999999999999993,6.199999999999999,3.900000000000002,1122.663
2025-07-12 15:54:00,37.0,262.9196,328,2.6000000000000014,6.1,3.900000000000002,1116.351
2025-07-12 15:57:00,37.5,260.706,328,3.099999999999998,6.1000000000000005,4.0000000000000036,1124.787
2025-07-12 16:00:00,37.5,264.1493,328,3.299999999999997,6.2,3.8999999999999986,1144.87
2025-07-12 16:03:00,37.5,256.7708,328,3.1000000000000014,6.2,3.9999999999999964,1137.904
2025-07-12 16:06:00,37.5,255.5411,328,2.900000000000002,6.300000000000001,3.8999999999999986,1135.868
2025-07-12 16:09:00,37.5,253.3275,328,2.8000000000000007,6.300000000000001,3.8999999999999986,1133.575
2025-07-12 16:12:00,37.5,255.787,328,2.8000000000000007,6.300000000000001,3.8999999999999986,1133.796
2025-07-12 16:15:00,37.5,255.0492,328,2.8000000000000007,6.300000000000001,3.8999999999999986,1135.538
2025-07-12 16:18:00,38.0,254.8032,328,2.8999999999999986,6.300000000000001,3.8999999999999986,1130.405
2025-07-12 16:21:00,37.5,259.2303,328,2.8999999999999986,6.300000000000001,3.799999999999997,1130.986
2025-07-12 16:24:00,37.0,262.1817,328,2.8999999999999986,6.200000000000001,3.799999999999997,1122.403
2025-07-12 16:27:00,37.5,265.625,328,2.8999999999999986,6.1000000000000005,4.0,1129.837
2025-07-12 16:30:00,37.0,261.6898,328,3.0,6.1000000000000005,3.8999999999999986,1132.788
2025-07-12 16:33:00,37.5,261.1979,328,3.0,6.200000000000001,3.8999999999999986,1130.428
2025-07-12 16:36:00,37.0,260.706,329,3.0,6.200000000000001,3.8999999999999986,1125.512
2025-07-12 16:39:00,37.0,258.4925,329,3.0,6.199999999999999,3.8999999999999986,1115.159
2025-07-12 16:42:00,36.5,257.2627,329,3.099999999999998,6.300000000000001,3.8000000000000007,1113.609
2025-07-12 16:45:00,37.0,258.7384,329,3.099999999999998,6.200000000000001,3.900000000000002,1120.523
2025-07-12 16:48:00,37.5,262.9196,329,3.0,6.2,3.900000000000002,1130.238
2025-07-12 16:51:00,37.5,262.1817,329,3.0,6.3,4.0000000000000036,1130.537
2025-07-12 16:54:00,38.0,259.7222,329,3.0,6.3,4.0000000000000036,1141.34
2025-07-12 16:57:00,37.5,256.033,329,3.0,6.3,3.900000000000002,1138.115
2025-07-12 17:00:00,37.0,257.2627,329,2.900000000000002,6.4,3.8999999999999986,1130.639
2025-07-12 17:03:00,37.0,255.5411,329,3.0,6.300000000000001,3.8000000000000007,1126.264
2025-07-12 17:06:00,37.5,252.0978,329,3.0,6.4,3.900000000000002,1126.342
2025-07-12 17:09:00,37.5,253.0816,329,2.900000000000002,6.4,3.8999999999999986,1128.841
2025-07-12 17:12:00,37.0,257.0168,329,2.900000000000002,6.3,3.8999999999999986,1128.69
2025-07-12 17:15:00,37.5,258.2465,329,2.8000000000000007,6.3,4.0,1132.405
2025-07-12 17:18:00,37.5,254.5573,329,2.8999999999999986,6.3,3.900000000000002,1139.672
2025-07-12 17:21:00,37.0,254.5573,329,2.8000000000000007,6.4,3.8999999999999986,1132.781
2025-07-12 17:24:00,37.5,247.6707,329,2.8000000000000007,6.4,3.8999999999999986,1114.428
2025-07-12 17:27:00,36.5,246.9329,329,2.6999999999999993,6.5,3.799999999999997,1096.427
2025-07-12 17:30:00,36.5,249.3924,329,2.6999999999999993,6.4,3.8999999999999986,1106.683
2025-07-12 17:33:00,37.0,256.2789,329,2.8000000000000007,6.300000000000001,3.8999999999999986,1121.228
2025-07-12 17:36:00,37.0,253.5735,330,2.8000000000000007,6.200000000000001,3.8999999999999986,1121.7
2025-07-12 17:39:00,36.5,249.8843,330,2.8000000000000007,6.200000000000001,3.799999999999997,1103.961
2025-07-12 17:42:00,37.0,257.0168,330,2.8000000000000007,6.200000000000001,3.8999999999999986,1116.399
2025-07-12 17:45:00,37.0,258.2465,330,2.8000000000000007,6.2,3.8999999999999986,1117.099
2025-07-12 17:48:00,37.0,253.5735,330,2.8000000000000007,6.2,3.8999999999999986,1113.921
2025-07-12 17:51:00,36.0,250.8681,330,2.8000000000000007,6.300000000000001,3.8999999999999986,1097.764
2025-07-12 17:54:00,36.5,247.6707,330,2.8000000000000007,6.300000000000001,3.8999999999999986,1094.042
2025-07-14 08:09:00,40.0,286.2847,330,2.400000000000002,3.700000000000001,4.699999999999996,1210.697
2025-07-14 08:12:00,37.5,288.9902,330,2.8000000000000007,5.1000000000000005,4.5,1151.569
2025-07-14 08:15:00,33.0,249.3924,330,2.6000000000000014,5.9,4.099999999999998,1000.393
2025-07-14 08:18:00,32.5,271.5278,330,2.3999999999999986,5.300000000000001,3.6999999999999993,1013.931
2025-07-14 08:21:00,35.5,284.0712,330,2.5,4.800000000000001,3.9999999999999964,1095.69
2025-07-14 08:24:00,37.0,278.4144,330,2.599999999999998,5.300000000000001,4.099999999999998,1128.411
2025-07-14 08:27:00,34.5,275.217,330,2.5,5.6000000000000005,4.0,1061.102
2025-07-14 08:30:00,34.0,277.9225,330,2.400000000000002,5.500000000000001,3.900000000000002,1023.838
2025-07-14 08:33:00,34.0,277.1846,330,2.5,5.6,3.9999999999999964,1034.115
2025-07-14 08:36:00,34.0,284.0712,330,2.599999999999998,5.699999999999999,4.0,1049.448
2025-07-14 08:39:00,34.5,284.3171,330,2.6999999999999993,5.5,3.8999999999999986,1056.16
2025-07-14 08:42:00,34.5,287.5145,331,2.6999999999999993,5.5,3.8999999999999986,1044.333
2025-07-14 08:45:00,34.5,286.2847,331,2.6999999999999993,5.5,3.8999999999999986,1050.478
2025-07-14 08:48:00,35.0,281.3657,331,2.6999999999999993,5.6,4.0,1052.516
2025-07-14 08:51:00,34.5,280.8738,331,2.8000000000000007,5.7,3.8999999999999986,1079.585
2025-07-14 08:54:00,35.5,282.5955,331,2.8000000000000007,5.8999999999999995,4.100000000000001,1082.614
2025-07-14 08:57:00,36.5,301.5336,331,2.8999999999999986,5.8,4.099999999999998,1117.084
2025-07-14 09:00:00,38.0,303.9931,331,3.0,5.8,4.300000000000001,1160.053
2025-07-14 09:03:00,38.0,311.3715,331,2.8999999999999986,5.7,4.300000000000001,1153.423
2025-07-14 09:06:00,39.0,311.6175,331,3.0,5.699999999999999,4.400000000000002,1204.685
2025-07-14 09:09:00,41.5,315.0608,331,3.0,5.699999999999999,4.5,1277.852
2025-07-14 09:12:00,40.5,309.8958,331,3.200000000000003,5.8999999999999995,4.5,1270.6
2025-07-14 09:15:00,41.0,333.261,331,3.1000000000000014,6.0,4.5,1259.236
2025-07-14 09:18:00,41.5,328.588,331,3.1999999999999993,5.8999999999999995,4.5000000000000036,1277.545
2025-07-14 09:21:00,42.0,329.3258,331,3.1999999999999993,5.8999999999999995,4.599999999999998,1285.623
2025-07-14 09:24:00,41.5,323.1771,331,3.1999999999999993,5.8999999999999995,4.5000000000000036,1275.154
2025-07-14 09:27:00,41.5,320.7176,331,3.1000000000000014,5.8999999999999995,4.5,1275.695
2025-07-14 09:30:00,41.5,317.5203,331,3.1000000000000014,6.1,4.5,1272.698
2025-07-14 09:33:00,41.5,317.7662,331,3.1000000000000014,6.1000000000000005,4.600000000000001,1273.848
2025-07-14 09:36:00,42.0,323.669,331,3.099999999999998,6.1000000000000005,4.5000000000000036,1286.044
2025-07-14 09:39:00,42.0,323.9149,331,3.1999999999999993,6.2,4.599999999999998,1307.291
2025-07-14 09:42:00,44.0,321.9473,332,3.1999999999999993,6.199999999999999,4.800000000000001,1339.578
2025-07-14 09:45:00,43.5,321.4554,332,3.1999999999999993,6.2,4.800000000000001,1347.269
2025-07-14 09:48:00,43.5,328.0961,332,3.299999999999997,6.3,4.700000000000003,1348.913
2025-07-14 09:51:00,44.5,322.4392,332,3.3999999999999986,6.2,4.600000000000001,1350.617
2025-07-14 09:54:00,44.0,323.9149,332,3.3999999999999986,6.3,4.600000000000001,1345.58
2025-07-14 09:57:00,43.5,324.8987,332,3.299999999999997,6.1000000000000005,4.600000000000001,1343.18
2025-07-14 10:00:00,44.0,335.7205,332,3.3999999999999986,6.1000000000000005,4.600000000000001,1347.33
2025-07-14 10:03:00,45.0,331.0475,332,3.3999999999999986,6.1000000000000005,4.700000000000003,1365.207
2025-07-14 10:06:00,44.0,333.7529,332,3.3999999999999986,6.1000000000000005,4.700000000000003,1361.598
2025-07-14 10:09:00,44.0,329.8177,332,3.3999999999999986,6.1000000000000005,4.700000000000003,1349.019
2025-07-14 10:12:00,44.0,331.2934,332,3.5,6.2,4.600000000000001,1352.498
2025-07-14 10:15:00,44.5,329.8177,332,3.3999999999999986,6.3,4.600000000000001,1364.743
2025-07-14 10:18:00,44.5,326.3744,332,3.3999999999999986,6.3,4.600000000000001,1359.688
2025-07-14 10:21:00,44.5,329.5718,332,3.3999999999999986,6.2,4.700000000000003,1355.73
2025-07-14 10:24:00,44.0,334.4907,332,3.3999999999999986,6.000000000000001,4.700000000000003,1365.164
2025-07-14 10:27:00,45.0,336.9502,332,3.5,6.1000000000000005,4.699999999999996,1370.996
2025-07-14 10:30:00,45.0,337.4421,332,3.5,6.1000000000000005,4.599999999999998,1371.681
2025-07-14 10:33:00,45.0,337.1962,332,3.5,6.1000000000000005,4.800000000000001,1371.999
2025-07-14 10:36:00,44.5,332.2772,332,3.400000000000002,6.2,4.699999999999996,1370.961
2025-07-14 10:39:00,44.0,331.7853,332,3.5,6.2,4.599999999999998,1374.163
2025-07-14 10:42:00,45.0,332.5231,333,3.5,6.2,4.699999999999996,1372.225
2025-07-14 10:45:00,44.0,333.015,333,3.599999999999998,6.2,4.599999999999998,1360.668
2025-07-14 10:48:00,44.0,333.7529,333,3.599999999999998,6.2,4.599999999999998,1367.282
2025-07-14 10:51:00,44.5,333.5069,333,3.5,6.2,4.600000000000001,1365.524
2025-07-14 10:54:00,45.0,369.9074,333,3.599999999999998,6.1000000000000005,4.900000000000002,1423.99
2025-07-14 10:57:00,48.5,371.3831,333,3.6999999999999993,6.0,5.099999999999998,1481.46
2025-07-14 11:00:00,48.0,364.0046,333,3.6999999999999993,6.1,4.9999999999999964,1486.046
2025-07-14 11:03:00,48.5,364.4965,333,3.6999999999999993,6.2,4.900000000000002,1485.567
2025-07-14 11:06:00,48.5,366.2182,333,3.6999999999999993,6.1,4.9999999999999964,1481.991
2025-07-14 11:09:00,48.5,368.6777,333,3.6999999999999993,6.1,4.9999999999999964,1499.762
2025-07-14 11:12:00,48.0,369.1696,333,3.6999999999999993,6.1000000000000005,5.099999999999998,1494.682
2025-07-14 11:15:00,48.5,366.4641,333,3.6999999999999993,6.1000000000000005,5.099999999999998,1489.894
2025-07-14 11:18:00,47.5,320.9635,333,3.6999999999999993,6.1000000000000005,4.800000000000001,1470.771
2025-07-14 11:21:00,47.0,326.3744,333,3.5,6.5,4.900000000000002,1447.906
2025-07-14 11:24:00,47.0,329.8177,333,3.6999999999999993,6.4,4.800000000000001,1447.438
2025-07-14 11:27:00,47.0,327.6042,333,3.6999999999999993,6.5,4.800000000000001,1449.604
2025-07-14 11:30:00,47.5,328.342,333,3.599999999999998,6.5,4.900000000000002,1452.312
2025-07-14 11:33:00,46.5,326.3744,333,3.599999999999998,6.6,4.900000000000002,1455.618
2025-07-14 11:36:00,47.5,328.342,333,3.6999999999999993,6.6,4.900000000000002,1458.751
2025-07-14 11:39:00,46.5,303.9931,333,3.599999999999998,6.6,4.800000000000001,1429.202
2025-07-14 11:42:00,44.5,288.9902,334,3.5,7.0,4.600000000000001,1369.867
2025-07-14 11:45:00,42.5,286.7766,334,3.3000000000000007,7.0,4.5,1324.106
2025-07-14 11:48:00,41.0,277.6765,334,3.299999999999997,7.0,4.300000000000004,1268.077
2025-07-14 11:51:00,40.5,280.8738,334,3.1999999999999993,6.8,4.300000000000001,1250.228
2025-07-14 11:54:00,33.5,273.0035,334,2.799999999999997,6.6,3.0,726.95
2025-07-15 07:57:00,35.5,302.7633,334,1.3999999999999986,1.0,3.6000000000000014,1110.214
2025-07-15 08:00:00,36.5,259.2303,334,2.1000000000000014,4.0,3.700000000000003,1083.748
2025-07-15 08:06:00,31.0,268.5764,334,2.1000000000000014,4.699999999999999,3.799999999999997,932.2636
2025-07-15 08:09:00,31.5,268.0845,334,2.200000000000003,4.800000000000001,3.6999999999999957,953.9949
2025-07-15 08:12:00,40.5,468.533,334,2.8000000000000007,3.7,4.899999999999999,1263.097
2025-07-15 08:15:00,48.0,468.533,334,2.6999999999999993,3.3999999999999995,5.100000000000001,1426.4858
2025-07-15 08:18:00,60.0,472.2223,334,3.6000000000000014,4.300000000000001,5.700000000000003,1798.1405
2025-07-15 08:21:00,61.5,471.4844,334,3.900000000000002,4.700000000000001,6.099999999999998,1870.0285
2025-07-15 08:24:00,57.0,408.2755,334,3.700000000000003,5.1,5.600000000000001,1718.3623
2025-07-15 08:27:00,58.0,411.2269,334,3.8000000000000007,5.200000000000001,5.599999999999998,1732.3879
2025-07-15 08:30:00,59.0,431.8866,334,3.900000000000002,5.2,5.699999999999999,1786.6054
2025-07-15 08:33:00,61.5,438.2813,334,4.0,5.2,5.899999999999999,1852.7845000000002
2025-07-15 08:36:00,63.0,430.9027,334,4.200000000000003,5.3,6.0,1902.2617
2025-07-15 08:39:00,64.0,430.4109,335,4.200000000000003,5.5,6.100000000000001,1946.7632
2025-07-15 08:42:00,65.5,426.4757,335,4.399999999999999,5.6000000000000005,6.199999999999999,1985.3371
2025-07-15 08:45:00,64.5,425.9838,335,4.300000000000001,5.499999999999999,6.0000000000000036,1956.5536
2025-07-15 08:48:00,64.0,438.0353,335,4.300000000000001,5.3,6.100000000000001,1921.785
2025-07-15 08:51:00,64.5,440.2488,335,4.300000000000001,5.3999999999999995,6.0000000000000036,1938.1166
2025-07-15 08:54:00,66.0,440.4948,335,4.300000000000001,5.499999999999999,6.199999999999999,1984.7069000000001
2025-07-15 08:57:00,67.5,430.6568,335,4.400000000000002,5.7,6.300000000000001,2037.4540000000002
2025-07-15 09:00:00,67.0,442.9543,335,4.399999999999999,5.8,6.300000000000004,2055.099
2025-07-15 09:03:00,68.5,438.0353,335,4.600000000000001,5.8,6.399999999999999,2083.967
2025-07-15 09:06:00,68.5,453.0382,335,4.600000000000001,5.7,6.399999999999999,2086.821
2025-07-15 09:09:00,70.0,457.9572,335,4.700000000000003,5.699999999999999,6.5,2145.5389999999998
2025-07-15 09:12:00,72.0,458.695,335,4.800000000000001,5.799999999999999,6.699999999999996,2187.907
2025-07-15 09:15:00,72.5,458.695,335,4.899999999999999,5.799999999999999,6.699999999999999,2210.354
2025-07-15 09:18:00,72.0,436.3137,335,4.899999999999999,5.999999999999999,6.599999999999998,2201.349
2025-07-15 09:21:00,71.5,434.3461,335,4.800000000000001,5.999999999999999,6.599999999999998,2195.821
2025-07-15 09:24:00,70.5,396.4699,335,4.800000000000001,6.4,6.599999999999998,2179.5780000000004
2025-07-15 09:27:00,71.5,410.735,335,4.900000000000002,6.6000000000000005,6.599999999999998,2174.522
2025-07-15 09:30:00,67.0,373.5966,335,4.700000000000003,6.7,6.100000000000001,2010.5349999999999
2025-07-15 09:33:00,65.5,370.6453,335,4.400000000000002,6.5,6.099999999999998,1996.7837
2025-07-15 09:36:00,66.0,376.0562,335,4.5,6.4,6.099999999999998,1993.8359999999998
2025-07-15 09:39:00,65.5,376.548,336,4.5,6.4,6.099999999999998,1991.0457000000001
2025-07-15 09:42:00,66.0,415.6539,336,4.400000000000002,6.500000000000001,6.199999999999999,2017.8951
2025-07-15 09:45:00,68.0,410.9809,336,4.600000000000001,6.1,6.200000000000003,2074.063
2025-07-15 09:48:00,69.0,414.4242,336,4.600000000000001,6.200000000000001,6.299999999999997,2097.9
2025-07-15 09:51:00,69.0,408.7674,336,4.600000000000001,6.200000000000001,6.399999999999999,2101.205
2025-07-15 09:54:00,70.0,415.6539,336,4.600000000000001,6.2,6.399999999999999,2119.485
2025-07-15 09:57:00,70.0,424.2621,336,4.700000000000003,6.1000000000000005,6.399999999999999,2137.8630000000003
2025-07-15 10:00:00,70.5,426.7216,336,4.700000000000003,6.2,6.5,2153.777
2025-07-15 10:03:00,70.5,425.9838,336,4.800000000000001,6.2,6.5000000000000036,2151.196
2025-07-15 10:06:00,70.0,426.4757,336,4.800000000000001,6.2,6.5000000000000036,2153.117
2025-07-15 10:09:00,71.5,426.7216,336,4.800000000000001,6.2,6.599999999999998,2173.4750000000004
2025-07-15 10:12:00,71.5,421.0648,336,4.600000000000001,6.3,6.600000000000001,2186.7309999999998
2025-07-15 10:15:00,71.5,430.6568,336,4.600000000000001,6.3,6.600000000000001,2194.48
2025-07-15 10:18:00,72.0,431.6406,336,4.600000000000001,6.2,6.700000000000003,2204.8019999999997
2025-07-15 10:21:00,72.5,430.1649,336,4.600000000000001,6.2,6.600000000000001,2191.5879999999997
2025-07-15 10:24:00,73.0,419.0972,336,4.700000000000003,6.200000000000001,6.699999999999996,2245.181
2025-07-15 10:27:00,72.0,413.4404,336,4.700000000000003,6.6000000000000005,6.799999999999997,2197.986
2025-07-15 10:30:00,71.0,416.8837,336,4.700000000000003,6.6000000000000005,6.699999999999996,2144.063
2025-07-15 10:33:00,70.5,414.4242,336,4.700000000000003,6.6,6.5,2120.9399999999996
2025-07-15 10:36:00,70.5,411.9647,336,4.600000000000001,6.3999999999999995,6.299999999999997,2139.124
2025-07-15 10:39:00,69.5,401.8808,337,4.5,6.4,6.399999999999999,2112.694
2025-07-15 10:42:00,70.5,403.3565,337,4.5,6.4,6.399999999999999,2118.2610000000004
2025-07-15 10:45:00,69.0,407.2917,337,4.5,6.4,6.300000000000004,2108.872
2025-07-15 10:48:00,69.5,407.2917,337,4.400000000000002,6.300000000000001,6.400000000000002,2116.58
2025-07-15 10:51:00,69.0,403.8484,337,4.400000000000002,6.200000000000001,6.400000000000002,2107.005
2025-07-15 10:54:00,68.0,404.8322,337,4.400000000000002,6.300000000000001,6.199999999999999,2086.844
2025-07-15 10:57:00,69.5,407.0457,337,4.400000000000002,6.200000000000001,6.400000000000002,2118.322
2025-07-15 11:00:00,69.5,407.2917,337,4.400000000000002,6.200000000000001,6.400000000000002,2103.157
2025-07-15 11:03:00,69.0,409.7512,337,4.5,6.200000000000001,6.400000000000002,2088.701
2025-07-15 11:06:00,69.0,405.816,337,4.400000000000002,6.200000000000001,6.300000000000001,2097.453
2025-07-15 11:09:00,69.0,409.7512,337,4.400000000000002,6.200000000000001,6.400000000000002,2098.827
2025-07-15 11:12:00,68.5,410.489,337,4.5,6.200000000000001,6.400000000000002,2088.794
2025-07-15 11:15:00,69.0,409.5052,337,4.5,6.200000000000001,6.300000000000001,2100.46
2025-07-15 11:18:00,69.0,403.8484,337,4.399999999999999,6.200000000000001,6.400000000000002,2086.5
2025-07-15 11:21:00,68.5,403.8484,337,4.399999999999999,6.199999999999999,6.300000000000001,2081.558
2025-07-15 11:24:00,68.0,406.0619,337,4.399999999999999,6.199999999999999,6.300000000000001,2064.978
2025-07-15 11:27:00,68.0,405.0781,337,4.399999999999999,6.199999999999999,6.300000000000001,2058.6499999999996
2025-07-15 11:30:00,69.0,409.9971,337,4.399999999999999,6.300000000000001,6.300000000000001,2088.611
2025-07-15 11:33:00,70.0,412.9485,337,4.5,6.3,6.4999999999999964,2124.392
2025-07-15 11:36:00,69.5,407.2917,337,4.5,6.3,6.400000000000002,2114.05
2025-07-15 11:39:00,69.5,405.57,338,4.5,6.3999999999999995,6.400000000000002,2121.645
2025-07-15 11:42:00,69.5,401.1429,338,4.400000000000002,6.3,6.400000000000002,2104.892
2025-07-15 11:45:00,69.5,395.2402,338,4.5,6.4,6.400000000000002,2113.687
2025-07-15 11:48:00,69.0,392.7807,338,4.400000000000002,6.4,6.400000000000002,2085.5029999999997
2025-07-15 11:51:00,68.0,396.224,338,4.300000000000001,6.4,6.400000000000002,2086.225
2025-07-15 11:54:00,69.0,402.6187,338,4.5,6.3,6.400000000000002,2111.98
2025-07-15 11:57:00,69.0,406.3079,338,4.400000000000002,6.4,6.400000000000002,2092.714
2025-07-15 12:00:00,69.5,410.489,338,4.400000000000002,6.300000000000001,6.400000000000002,2118.327
2025-07-15 12:03:00,69.0,405.816,338,4.400000000000002,6.300000000000001,6.400000000000002,2104.255
2025-07-15 12:06:00,68.5,403.1105,338,4.400000000000002,6.200000000000001,6.400000000000002,2087.447
2025-07-15 12:09:00,68.5,400.1591,338,4.400000000000002,6.300000000000001,6.300000000000001,2075.194
2025-07-15 12:12:00,68.5,402.6187,338,4.400000000000002,6.200000000000001,6.400000000000002,2084.7619999999997
2025-07-15 12:15:00,68.5,402.6187,338,4.300000000000001,6.300000000000001,6.300000000000001,2072.694
2025-07-15 12:18:00,67.5,406.0619,338,4.199999999999999,6.200000000000001,6.300000000000001,2065.582
2025-07-15 12:21:00,67.5,404.5862,338,4.199999999999999,6.200000000000001,6.400000000000002,2057.8599999999997
2025-07-15 12:24:00,68.0,404.3403,338,4.300000000000001,6.1000000000000005,6.300000000000001,2073.915
2025-07-15 12:27:00,69.0,403.6024,338,4.300000000000001,6.300000000000001,6.400000000000002,2096.674
2025-07-15 12:30:00,69.5,402.6187,338,4.300000000000001,6.3,6.400000000000002,2070.46
2025-07-15 12:33:00,68.5,405.57,338,4.300000000000001,6.3,6.400000000000002,2085.413
2025-07-15 12:36:00,67.5,394.0104,338,4.300000000000001,6.300000000000001,6.400000000000002,2072.227
2025-07-15 12:39:00,67.5,389.0914,339,4.300000000000001,6.4,6.199999999999999,2041.012
2025-07-15 12:42:00,67.0,384.9103,339,4.300000000000001,6.4,6.199999999999999,2046.149
2025-07-15 12:45:00,67.0,386.6319,339,4.300000000000001,6.5,6.199999999999999,2037.098
2025-07-15 12:48:00,68.0,382.2049,339,4.300000000000001,6.5,6.199999999999999,2039.989
2025-07-15 12:51:00,66.5,381.2211,339,4.300000000000001,6.6,6.199999999999999,2030.991
2025-07-15 12:54:00,67.5,387.3698,339,4.300000000000001,6.4,6.300000000000001,2041.952
2025-07-15 12:57:00,67.0,396.4699,339,4.300000000000001,6.300000000000001,6.300000000000001,2032.982
2025-07-15 13:00:00,68.0,397.4537,339,4.300000000000001,6.300000000000001,6.300000000000001,2056.795
2025-07-15 13:03:00,67.5,396.224,339,4.300000000000001,6.300000000000001,6.300000000000001,2049.215
2025-07-15 13:06:00,67.5,393.5185,339,4.300000000000001,6.300000000000001,6.300000000000001,2053.072
2025-07-15 13:09:00,67.5,403.6024,339,4.300000000000001,6.300000000000001,6.300000000000001,2036.607
2025-07-15 13:12:00,69.5,409.7512,339,4.399999999999999,6.1000000000000005,6.399999999999999,2084.6530000000002
2025-07-15 13:15:00,69.5,410.9809,339,4.399999999999999,6.1,6.300000000000004,2071.884
2025-07-15 13:18:00,69.0,408.5214,339,4.399999999999999,6.1,6.300000000000004,2076.4170000000004
2025-07-15 13:21:00,68.5,411.2269,339,4.399999999999999,6.200000000000001,6.300000000000004,2084.46
2025-07-15 13:24:00,69.5,405.816,339,4.399999999999999,6.200000000000001,6.300000000000004,2090.902
2025-07-15 13:27:00,69.5,402.3727,339,4.300000000000001,6.200000000000001,6.400000000000002,2074.338
2025-07-15 13:30:00,68.5,403.8484,339,4.300000000000001,6.200000000000001,6.400000000000002,2068.379
2025-07-15 13:33:00,68.0,399.9132,339,4.300000000000001,6.200000000000001,6.400000000000002,2072.615
2025-07-15 13:36:00,69.0,399.6672,339,4.300000000000001,6.200000000000001,6.400000000000002,2083.85
2025-07-15 13:39:00,70.0,402.6187,340,4.300000000000001,6.4,6.4999999999999964,2098.654
2025-07-15 13:42:00,69.0,402.3727,340,4.399999999999999,6.4,6.399999999999999,2095.3199999999997
2025-07-15 13:45:00,69.5,404.8322,340,4.300000000000001,6.300000000000001,6.4999999999999964,2099.232
2025-07-15 13:48:00,70.0,408.7674,340,4.300000000000001,6.300000000000001,6.4999999999999964,2102.215
2025-07-15 13:51:00,69.5,406.7998,340,4.5,6.200000000000001,6.300000000000004,2109.494
2025-07-15 13:54:00,69.5,406.7998,340,4.400000000000002,6.200000000000001,6.400000000000002,2098.1850000000004
2025-07-15 13:57:00,68.5,403.6024,340,4.5,6.300000000000001,6.300000000000004,2058.1580000000004
2025-07-15 14:00:00,68.0,398.4375,340,4.5,6.199999999999999,6.300000000000004,2065.348
2025-07-15 14:03:00,68.5,399.9132,340,4.5,6.199999999999999,6.300000000000004,2064.999
2025-07-15 14:06:00,68.0,405.0781,340,4.5,6.199999999999999,6.300000000000004,2057.6279999999997
2025-07-15 14:09:00,68.0,405.816,340,4.5,6.199999999999999,6.400000000000002,2060.804
2025-07-15 14:12:00,68.5,407.0457,340,4.5,6.199999999999999,6.400000000000002,2070.559
2025-07-15 14:15:00,67.5,402.3727,340,4.5,6.199999999999999,6.400000000000002,2058.69
2025-07-15 14:18:00,68.0,402.1267,340,4.5,6.1,6.300000000000001,2048.427
2025-07-15 14:21:00,67.0,400.1591,340,4.399999999999999,6.199999999999999,6.300000000000001,2055.07
2025-07-15 14:24:00,67.5,400.651,340,4.399999999999999,6.199999999999999,6.300000000000001,2040.732
2025-07-15 14:27:00,67.5,410.9809,340,4.399999999999999,6.199999999999999,6.400000000000002,2063.07
2025-07-15 14:30:00,68.5,408.5214,340,4.399999999999999,6.1,6.400000000000002,2081.9139999999998
2025-07-15 14:33:00,68.0,406.0619,340,4.399999999999999,6.1,6.5000000000000036,2080.545
2025-07-15 14:36:00,67.0,397.4537,340,4.399999999999999,6.199999999999999,6.400000000000002,2057.607
2025-07-15 14:39:00,67.0,402.3727,341,4.399999999999999,6.199999999999999,6.300000000000001,2041.835
2025-07-15 14:42:00,67.5,400.1591,341,4.399999999999999,6.199999999999999,6.400000000000002,2056.847
2025-07-15 14:45:00,67.0,396.9618,341,4.399999999999999,6.199999999999999,6.400000000000002,2051.189
2025-07-15 14:48:00,67.5,395.2402,341,4.399999999999999,6.199999999999999,6.400000000000002,2040.3419999999999
2025-07-15 14:51:00,66.5,394.9942,341,4.399999999999999,6.199999999999999,6.300000000000001,2036.9499999999998
2025-07-15 14:54:00,67.0,397.2078,341,4.399999999999999,6.199999999999999,6.300000000000001,2026.622
2025-07-15 14:57:00,67.5,402.3727,341,4.5,6.200000000000001,6.300000000000001,2036.1530000000002
2025-07-15 15:00:00,67.5,401.1429,341,4.5,6.1,6.300000000000001,2033.858
2025-07-15 15:03:00,67.0,403.3565,341,4.600000000000001,6.199999999999999,6.300000000000001,2045.404
2025-07-15 15:06:00,67.0,403.3565,341,4.5,6.1,6.300000000000001,2044.652
2025-07-15 15:09:00,67.5,404.3403,341,4.5,6.200000000000001,6.400000000000002,2055.5389999999998
2025-07-15 15:12:00,68.0,401.3889,341,4.5,6.1,6.400000000000002,2045.3139999999999
2025-07-15 15:15:00,67.5,407.5376,341,4.5,6.1,6.400000000000002,2056.279
2025-07-15 15:18:00,68.0,400.1591,341,4.5,6.1,6.400000000000002,2045.0819999999999
2025-07-15 15:21:00,67.0,400.651,341,4.5,6.200000000000001,6.400000000000002,2054.261
2025-07-15 15:24:00,68.0,397.4537,341,4.5,6.200000000000001,6.400000000000002,2066.614
2025-07-15 15:27:00,67.0,396.4699,341,4.5,6.200000000000001,6.400000000000002,2051.129
2025-07-15 15:30:00,67.5,396.4699,341,4.5,6.200000000000001,6.300000000000001,2052.891
2025-07-15 15:33:00,68.5,397.6996,341,4.5,6.200000000000001,6.400000000000002,2057.9700000000003
2025-07-15 15:36:00,68.0,400.1591,341,4.5,6.300000000000001,6.400000000000002,2060.0429999999997
2025-07-15 15:39:00,68.5,407.2917,342,4.5,6.200000000000001,6.400000000000002,2084.335
2025-07-15 15:42:00,68.5,409.5052,342,4.5,6.200000000000001,6.4999999999999964,2089.741
2025-07-15 15:45:00,69.0,407.0457,342,4.599999999999998,6.200000000000001,6.399999999999999,2070.933
2025-07-15 15:48:00,67.5,403.1105,342,4.5,6.200000000000001,6.4999999999999964,2063.101
2025-07-15 15:51:00,68.0,403.8484,342,4.5,6.200000000000001,6.400000000000002,2048.984
2025-07-15 15:54:00,68.0,402.3727,342,4.5,6.200000000000001,6.4999999999999964,2058.811
2025-07-15 15:57:00,68.0,397.2078,342,4.5,6.1,6.400000000000002,2046.0430000000001
2025-07-15 16:00:00,68.0,399.9132,342,4.599999999999998,6.1,6.300000000000004,2068.072
2025-07-15 16:03:00,67.0,398.9294,342,4.599999999999998,6.199999999999999,6.300000000000004,2055.734
2025-07-15 16:06:00,68.0,400.651,342,4.5,6.199999999999999,6.400000000000002,2051.2619999999997
2025-07-15 16:09:00,68.0,398.9294,342,4.599999999999998,6.199999999999999,6.399999999999999,2059.736
2025-07-15 16:12:00,68.0,399.9132,342,4.5,6.199999999999999,6.400000000000002,2050.374
2025-07-15 16:15:00,67.5,402.1267,342,4.5,6.200000000000001,6.4999999999999964,2060.424
2025-07-15 16:18:00,68.0,404.3403,342,4.599999999999998,6.200000000000001,6.300000000000004,2050.8959999999997
2025-07-15 16:21:00,67.0,402.6187,342,4.5,6.200000000000001,6.400000000000002,2034.267
2025-07-15 16:24:00,67.0,396.4699,342,4.5,6.200000000000001,6.300000000000001,2039.998
2025-07-15 16:27:00,67.0,395.2402,342,4.5,6.200000000000001,6.300000000000001,2038.953
2025-07-15 16:30:00,67.0,395.978,342,4.5,6.200000000000001,6.300000000000001,2046.4699999999998
2025-07-15 16:57:00,67.5,392.5347,343,4.5,6.200000000000001,6.4999999999999964,2027.984
2025-07-15 17:00:00,66.5,385.8941,343,4.599999999999998,6.200000000000001,6.300000000000004,2030.6709999999998
2025-07-15 17:03:00,66.0,379.9913,343,4.5,6.300000000000001,6.400000000000002,1990.0677
2025-07-15 17:06:00,66.0,384.9103,343,4.5,6.300000000000001,6.300000000000001,1991.9689
2025-07-15 17:09:00,66.0,383.4346,343,4.400000000000002,6.300000000000001,6.400000000000002,2000.8236
2025-07-15 17:12:00,65.0,382.6968,343,4.5,6.299999999999999,6.199999999999999,1966.5125
2025-07-15 17:15:00,62.0,338.4259,343,4.200000000000003,6.499999999999999,5.899999999999999,1857.2858999999999
2025-07-15 17:18:00,60.0,338.4259,343,4.200000000000003,6.500000000000001,5.699999999999996,1824.346
2025-07-15 17:21:00,60.5,336.7043,343,4.100000000000001,6.500000000000001,5.799999999999997,1815.4487
2025-07-15 17:24:00,60.5,334.2448,343,4.0,6.500000000000001,5.799999999999997,1823.6468
2025-07-15 17:27:00,60.5,334.9826,343,4.0,6.500000000000001,5.799999999999997,1812.5918
2025-07-15 17:30:00,58.5,335.7205,343,3.8999999999999986,6.499999999999999,5.700000000000003,1760.4301
2025-07-15 17:33:00,59.0,330.8015,343,3.8000000000000007,6.500000000000001,5.800000000000001,1769.1266999999998
2025-07-15 17:36:00,59.0,334.4907,343,3.8999999999999986,6.5,5.800000000000004,1782.4168
2025-07-15 17:39:00,59.5,335.7205,344,4.0,6.5,5.800000000000004,1779.5728
2025-07-15 17:42:00,56.5,316.5365,344,3.900000000000002,6.500000000000001,5.4999999999999964,1685.981
2025-07-15 17:45:00,54.0,313.3391,344,3.6000000000000014,6.500000000000001,5.399999999999999,1630.3474
2025-07-15 17:48:00,54.0,306.6985,344,3.6000000000000014,6.4,5.399999999999999,1622.9686000000002
2025-07-15 17:51:00,53.5,303.0093,344,3.6000000000000014,6.500000000000001,5.199999999999996,1596.9180999999999
2025-07-15 17:54:00,52.5,288.0063,344,3.5,6.299999999999999,5.200000000000003,1565.1909
2025-07-16 08:18:00,36.0,243.4896,344,1.6999999999999993,3.4000000000000004,3.8000000000000007,1116.466
2025-07-16 08:27:00,31.0,281.6117,344,1.8999999999999986,4.499999999999999,4.0000000000000036,936.8187
2025-07-16 08:30:00,31.5,290.4659,344,2.0,4.3999999999999995,3.9999999999999964,952.1926
2025-07-16 08:33:00,32.5,304.7309,344,2.099999999999998,4.6000000000000005,4.200000000000003,976.3819
2025-07-16 08:36:00,36.0,340.3935,344,2.3000000000000007,4.499999999999999,4.399999999999999,1121.48
2025-07-16 08:39:00,40.0,343.5909,344,2.599999999999998,4.9,4.899999999999999,1224.337
2025-07-16 08:42:00,40.5,339.1638,344,2.8000000000000007,5.3,5.0,1251.174
2025-07-16 08:45:00,40.0,336.2124,344,2.799999999999997,5.5,4.899999999999999,1222.573
2025-07-16 08:48:00,36.0,241.0301,344,2.6000000000000014,5.8,4.199999999999999,1059.08
2025-07-16 08:51:00,36.0,304.9769,344,2.3999999999999986,5.3,4.300000000000001,1098.0
2025-07-16 08:54:00,38.5,317.0284,344,2.3999999999999986,5.0,4.599999999999998,1188.503
2025-07-16 08:57:00,38.5,323.423,345,2.599999999999998,5.3999999999999995,4.800000000000004,1207.855
2025-07-16 09:00:00,38.5,322.4392,345,2.6999999999999993,5.6000000000000005,4.799999999999997,1193.181
2025-07-16 09:03:00,39.5,331.2934,345,2.8000000000000007,5.6000000000000005,4.799999999999997,1209.668
2025-07-16 09:06:00,41.0,334.7367,345,2.8999999999999986,5.8,5.0000000000000036,1261.187
2025-07-16 09:09:00,41.5,338.4259,345,2.8999999999999986,5.799999999999999,5.199999999999999,1300.64
2025-07-16 09:12:00,43.0,343.099,345,3.0,5.799999999999999,5.300000000000001,1327.001
2025-07-16 09:15:00,43.5,348.2639,345,3.099999999999998,5.799999999999999,5.300000000000004,1348.017
2025-07-16 09:18:00,43.0,344.5746,345,3.099999999999998,5.8,5.200000000000003,1342.983
2025-07-16 09:21:00,43.5,349.0017,345,3.0,5.8,5.200000000000003,1345.271
2025-07-16 09:24:00,44.0,348.5098,345,3.1000000000000014,5.9,5.299999999999997,1362.602
2025-07-16 09:27:00,44.5,344.0828,345,3.1000000000000014,6.000000000000001,5.199999999999996,1375.315
2025-07-16 09:30:00,44.5,342.3611,345,3.1000000000000014,5.8999999999999995,5.199999999999996,1374.604
2025-07-16 09:33:00,44.0,341.6233,345,3.1000000000000014,5.999999999999999,5.199999999999996,1368.723
2025-07-16 09:36:00,45.0,344.8206,345,3.1999999999999993,6.000000000000001,5.300000000000001,1408.094
2025-07-16 09:39:00,46.5,348.2639,345,3.1999999999999993,6.2,5.5000000000000036,1439.88
2025-07-16 09:42:00,47.5,346.0504,345,3.3000000000000007,6.300000000000001,5.599999999999998,1489.583
2025-07-16 09:45:00,49.0,399.9132,345,3.3999999999999986,6.199999999999999,5.800000000000004,1541.386
2025-07-16 09:48:00,100.5,400.897,345,3.3000000000000007,5.3999999999999995,3.9999999999999964,1424.102
2025-07-16 09:51:00,51.0,402.3727,345,2.1999999999999993,2.6999999999999993,4.400000000000002,1511.3815
2025-07-16 09:54:00,63.0,408.0295,345,3.6000000000000014,5.300000000000001,6.100000000000001,1849.4403000000002
2025-07-16 09:57:00,64.5,414.9161,346,3.599999999999998,5.700000000000001,6.300000000000001,1977.3182
2025-07-16 10:00:00,65.5,372.6129,346,3.6999999999999993,6.0,6.400000000000002,1996.0131000000001
2025-07-16 10:03:00,62.5,362.7749,346,3.6000000000000014,6.5,6.100000000000001,1901.3001
2025-07-16 10:06:00,62.5,351.9531,346,3.5,6.4,6.100000000000001,1903.0390000000002
2025-07-16 10:09:00,62.0,344.0828,346,3.6000000000000014,6.5,6.0,1878.4834999999998
2025-07-16 10:12:00,61.0,347.0341,346,3.6000000000000014,6.5,6.0,1866.034
2025-07-16 10:30:00,61.0,343.5909,346,3.6000000000000014,6.4,6.0,1854.1082000000001
2025-07-16 10:33:00,62.0,394.5023,346,3.5,6.5,6.199999999999996,1925.645
2025-07-16 10:36:00,71.5,432.1325,346,4.100000000000001,6.0,6.899999999999999,2203.6490000000003
2025-07-16 10:39:00,72.0,421.5567,346,4.199999999999999,6.1,7.0000000000000036,2222.777
2025-07-16 10:42:00,74.0,412.9485,346,4.300000000000001,6.4,6.9999999999999964,2251.4269999999997
2025-07-16 10:45:00,70.5,397.4537,346,4.199999999999999,6.7,6.800000000000001,2147.982
2025-07-16 10:48:00,67.5,386.14,346,4.0,6.4,6.399999999999999,2046.249
2025-07-16 10:51:00,68.0,397.2078,346,4.0,6.4,6.600000000000001,2089.84
2025-07-16 10:54:00,70.0,407.0457,346,4.100000000000001,6.300000000000001,6.600000000000001,2130.4089999999997
2025-07-16 10:57:00,67.5,393.5185,347,4.0,6.4,6.5,2092.8010000000004
2025-07-16 11:00:00,67.5,386.6319,347,3.8999999999999986,6.300000000000001,6.5,2052.0860000000002
2025-07-16 11:03:00,67.0,383.9265,347,3.8999999999999986,6.4,6.399999999999999,2041.1109999999999
2025-07-16 11:06:00,67.0,395.7321,347,3.8999999999999986,6.4,6.5,2069.468
2025-07-16 11:09:00,68.0,395.978,347,4.0,6.300000000000001,6.399999999999999,2083.956
2025-07-16 11:12:00,67.5,389.8293,347,4.0,6.300000000000001,6.399999999999999,2061.8140000000003
2025-07-16 11:15:00,67.0,384.6644,347,3.799999999999997,6.3999999999999995,6.300000000000004,2025.761
2025-07-16 11:18:00,65.0,385.1563,347,3.6999999999999993,6.3,6.300000000000001,1982.1395
2025-07-16 11:21:00,63.0,381.713,347,3.6999999999999993,6.3,5.9999999999999964,1920.5214999999998
2025-07-16 11:24:00,63.0,376.3021,347,3.599999999999998,6.1,6.099999999999998,1912.6997999999999
2025-07-16 11:27:00,63.0,369.9074,347,3.599999999999998,6.299999999999999,6.099999999999998,1905.2875
2025-07-16 11:30:00,63.5,377.5318,347,3.6999999999999993,6.300000000000001,6.199999999999999,1936.1562
2025-07-16 11:33:00,65.5,401.3889,347,3.799999999999997,6.1000000000000005,6.300000000000004,1994.1836
2025-07-16 11:36:00,65.5,399.4213,347,3.799999999999997,6.1000000000000005,6.300000000000004,1990.5205999999998
2025-07-16 11:39:00,65.5,394.0104,347,3.799999999999997,6.2,6.399999999999999,1999.4406
2025-07-16 11:42:00,66.0,396.4699,347,3.799999999999997,6.3,6.399999999999999,1993.4269
2025-07-16 11:45:00,66.5,395.7321,347,3.799999999999997,6.2,6.300000000000004,1994.2516
2025-07-16 11:48:00,65.5,394.0104,347,3.799999999999997,6.3,6.399999999999999,2006.2359999999999
2025-07-16 11:51:00,65.0,387.3698,347,3.799999999999997,6.4,6.300000000000004,1976.0747999999999
2025-07-16 11:54:00,64.0,378.7616,347,3.6999999999999993,6.300000000000001,6.300000000000001,1954.6100999999999
2025-07-16 11:57:00,64.0,378.7616,348,3.6999999999999993,6.200000000000001,6.199999999999999,1934.893
2025-07-16 12:00:00,65.0,389.8293,348,3.6999999999999993,6.300000000000001,6.300000000000001,1976.6901
2025-07-16 12:03:00,64.5,383.9265,348,3.6999999999999993,6.2,6.300000000000001,1959.9485
2025-07-16 12:06:00,64.5,376.548,348,3.6999999999999993,6.300000000000001,6.199999999999999,1955.1227
2025-07-16 12:09:00,63.5,372.8588,348,3.6999999999999993,6.4,6.199999999999999,1948.8289
2025-07-16 12:12:00,68.0,429.673,348,3.799999999999997,6.0,6.600000000000001,2066.022
2025-07-16 12:15:00,69.0,417.8675,348,4.0,6.1000000000000005,6.600000000000001,2113.236
2025-07-16 12:18:00,69.0,419.3432,348,3.8999999999999986,6.2,6.600000000000001,2106.406
2025-07-16 12:21:00,69.5,427.9514,348,4.0,6.2,6.600000000000001,2126.97
2025-07-16 12:24:00,70.5,430.1649,348,4.0,6.2,6.699999999999996,2155.884
2025-07-16 12:27:00,71.5,443.9381,348,4.100000000000001,6.1000000000000005,6.699999999999996,2170.504
2025-07-16 12:30:00,72.5,445.6598,348,4.0,6.0,6.899999999999999,2212.183
2025-07-16 12:33:00,72.5,435.5758,348,4.199999999999999,6.1000000000000005,6.800000000000001,2222.7920000000004
2025-07-16 12:36:00,72.5,438.7731,348,4.199999999999999,6.2,6.800000000000001,2216.226
2025-07-16 12:39:00,73.0,435.3299,348,4.199999999999999,6.2,6.900000000000002,2237.379
2025-07-16 12:42:00,72.5,431.3947,348,4.199999999999999,6.3,6.900000000000002,2235.0860000000002
2025-07-16 12:45:00,74.5,446.3976,348,4.199999999999999,6.199999999999999,7.0000000000000036,2287.619
2025-07-16 12:48:00,76.5,432.1325,348,4.399999999999999,6.5,7.300000000000004,2364.176
2025-07-16 12:51:00,76.0,435.5758,348,4.5,6.6,7.299999999999997,2343.4629999999997
2025-07-16 12:54:00,75.5,435.0839,348,4.5,6.6,7.299999999999997,2327.353
2025-07-16 12:57:00,76.0,447.8733,349,4.600000000000001,6.699999999999999,7.399999999999999,2365.9939999999997
2025-07-16 13:00:00,78.0,458.941,349,4.600000000000001,6.6,7.5,2373.776
2025-07-16 13:03:00,78.0,464.5978,349,4.699999999999999,6.499999999999999,7.5000000000000036,2397.927
2025-07-16 13:06:00,78.5,458.695,349,4.600000000000001,6.6,7.600000000000001,2401.276
2025-07-16 13:09:00,46.5,455.0058,349,3.8000000000000007,5.699999999999999,3.8000000000000007,1898.9852
2025-07-16 13:12:00,71.0,462.1383,349,4.0,5.499999999999999,6.700000000000003,2146.932
2025-07-16 13:15:00,73.0,461.4005,349,4.199999999999999,5.8,6.900000000000002,2229.605
2025-07-16 13:18:00,76.0,476.4034,349,4.300000000000001,5.8999999999999995,7.199999999999999,2317.8720000000003
2025-07-16 13:21:00,79.0,474.9276,349,4.399999999999999,5.8999999999999995,7.399999999999999,2421.225
2025-07-16 13:24:00,83.0,473.452,349,4.699999999999999,6.3,7.800000000000001,2539.1949999999997
2025-07-16 13:27:00,81.5,473.206,349,4.800000000000001,6.5,7.699999999999999,2502.6130000000003
2025-07-16 13:30:00,82.0,477.6331,349,4.699999999999999,6.6,7.900000000000002,2512.0249999999996
2025-07-16 13:33:00,83.0,475.1736,349,4.800000000000001,6.6,7.900000000000002,2544.0550000000003
2025-07-16 13:36:00,76.0,388.8455,349,4.600000000000001,7.199999999999999,7.0,2308.984
2025-07-16 13:39:00,63.5,388.3536,349,3.6999999999999993,5.8,6.099999999999998,1899.2953000000002
2025-07-16 13:42:00,65.0,389.8293,349,3.8000000000000007,6.1,6.199999999999999,1959.1766
2025-07-16 13:45:00,65.5,387.3698,349,3.8000000000000007,6.3,6.199999999999999,1960.2719
2025-07-16 13:48:00,65.0,387.3698,349,3.8000000000000007,6.3,6.199999999999999,1935.5309
2025-07-16 13:51:00,64.5,368.9236,349,3.8000000000000007,6.3,6.199999999999999,1946.8825
2025-07-16 13:54:00,59.5,343.099,349,3.5,6.6,5.700000000000003,1776.8724
2025-07-16 13:57:00,60.0,345.3125,350,3.5,6.5,5.799999999999997,1811.7523
2025-07-16 14:00:00,60.0,350.2315,350,3.5,6.5,5.799999999999997,1795.0207
2025-07-16 14:03:00,61.0,352.1991,350,3.5,6.4,5.899999999999999,1832.0289
2025-07-16 14:06:00,61.0,345.8044,350,3.5,6.4,5.899999999999999,1832.0095999999999
2025-07-16 14:09:00,60.0,343.5909,350,3.5,6.4,5.700000000000003,1790.6342
2025-07-16 14:12:00,60.0,344.8206,350,3.5,6.5,5.700000000000003,1806.75
2025-07-16 14:15:00,60.0,342.1152,350,3.5,6.4,5.700000000000003,1794.7318
2025-07-16 14:18:00,59.5,337.934,350,3.3999999999999986,6.5,5.800000000000004,1786.7046
2025-07-16 14:21:00,59.0,337.1962,350,3.3000000000000007,6.4,5.800000000000001,1762.6897
2025-07-16 14:24:00,58.5,338.18,350,3.3000000000000007,6.4,5.800000000000001,1764.1093999999998
2025-07-16 14:27:00,59.5,335.9664,350,3.3000000000000007,6.5,5.800000000000001,1765.7918
2025-07-16 14:30:00,59.5,334.7367,350,3.3999999999999986,6.5,5.700000000000003,1768.9216999999999
2025-07-16 14:33:00,59.0,335.7205,350,3.3999999999999986,6.6,5.700000000000003,1765.4945
2025-07-16 14:36:00,59.0,339.1638,350,3.3000000000000007,6.5,5.900000000000002,1773.6564
2025-07-16 14:39:00,58.0,343.099,350,3.3000000000000007,6.4,5.699999999999999,1759.6724
2025-07-16 14:42:00,59.0,342.3611,350,3.3000000000000007,6.4,5.800000000000001,1777.0889
2025-07-16 14:45:00,59.0,344.3287,350,3.3999999999999986,6.4,5.700000000000003,1769.3421
2025-07-16 14:48:00,59.0,344.0828,350,3.3000000000000007,6.300000000000001,5.900000000000002,1776.8845000000001
2025-07-16 14:51:00,59.0,341.6233,350,3.3999999999999986,6.5,5.800000000000004,1773.7939999999999
2025-07-16 14:54:00,59.5,334.4907,350,3.3999999999999986,6.5,5.700000000000003,1760.6991
2025-07-16 14:57:00,58.5,327.1123,351,3.3000000000000007,6.5,5.699999999999999,1745.8694
2025-07-16 15:00:00,57.5,317.7662,351,3.3000000000000007,6.6,5.4999999999999964,1709.1718
2025-07-16 15:03:00,57.5,318.75,351,3.3000000000000007,6.7,5.599999999999998,1716.4814999999999
2025-07-16 15:06:00,57.5,316.2905,351,3.1999999999999993,6.699999999999999,5.699999999999999,1725.641
2025-07-16 15:09:00,58.0,320.7176,351,3.3000000000000007,6.6,5.599999999999998,1730.5171
2025-07-16 15:12:00,58.0,322.1933,351,3.3000000000000007,6.6,5.599999999999998,1712.0627
2025-07-16 15:15:00,57.5,328.8339,351,3.3000000000000007,6.6,5.699999999999999,1714.3029999999999
2025-07-16 15:18:00,58.0,329.3258,351,3.3999999999999986,6.5,5.700000000000003,1730.9163
2025-07-16 15:21:00,58.5,331.2934,351,3.3999999999999986,6.4,5.700000000000003,1758.6500999999998
2025-07-16 15:24:00,59.0,332.5231,351,3.5,6.5,5.700000000000003,1744.6861
2025-07-16 15:27:00,59.0,329.3258,351,3.5,6.5,5.700000000000003,1748.4195
2025-07-16 15:30:00,57.5,325.8825,351,3.3999999999999986,6.5,5.600000000000001,1726.7463
2025-07-16 15:33:00,58.0,330.8015,351,3.3999999999999986,6.6,5.600000000000001,1728.4742
2025-07-16 15:36:00,58.5,331.7853,351,3.3999999999999986,6.5,5.600000000000001,1728.5924
2025-07-16 15:39:00,58.5,329.3258,351,3.3999999999999986,6.5,5.700000000000003,1740.3552
2025-07-16 15:42:00,58.0,332.0313,351,3.3999999999999986,6.5,5.700000000000003,1749.9171999999999
2025-07-16 15:45:00,58.5,327.6042,351,3.3999999999999986,6.5,5.700000000000003,1730.4317
2025-07-16 15:48:00,58.0,319.9797,351,3.3999999999999986,6.6,5.600000000000001,1730.0004
2025-07-16 15:51:00,58.0,322.1933,351,3.3999999999999986,6.5,5.600000000000001,1716.4286000000002
2025-07-16 15:54:00,57.0,323.423,351,3.3999999999999986,6.5,5.5,1689.8746
2025-07-16 15:57:00,56.5,320.9635,352,3.299999999999997,6.5,5.5,1676.8008
2025-07-16 16:00:00,57.0,323.423,352,3.299999999999997,6.5,5.5,1675.4087
2025-07-16 16:03:00,56.5,326.1285,352,3.299999999999997,6.4,5.600000000000001,1686.7884
2025-07-16 16:06:00,57.0,324.6528,352,3.3999999999999986,6.4,5.5,1682.5953
2025-07-16 16:09:00,56.5,323.9149,352,3.3999999999999986,6.4,5.399999999999999,1675.3613
2025-07-16 16:12:00,56.0,318.9959,352,3.299999999999997,6.4,5.399999999999999,1658.6407
2025-07-16 16:15:00,56.5,322.4392,352,3.299999999999997,6.5,5.5,1664.0158999999999
2025-07-16 16:18:00,56.0,326.1285,352,3.299999999999997,6.5,5.600000000000001,1675.662
2025-07-16 16:21:00,57.5,323.9149,352,3.3999999999999986,6.5,5.5,1705.0864000000001
2025-07-16 16:24:00,57.0,321.2095,352,3.3999999999999986,6.5,5.5,1696.1034
2025-07-16 16:27:00,57.5,326.3744,352,3.3999999999999986,6.5,5.600000000000001,1715.7856000000002
2025-07-16 16:30:00,58.0,324.4068,352,3.3999999999999986,6.5,5.600000000000001,1720.8445000000002
2025-07-16 16:33:00,57.5,319.9797,352,3.3999999999999986,6.5,5.600000000000001,1714.0517
2025-07-16 16:36:00,56.5,315.3067,352,3.3999999999999986,6.6,5.5,1689.8485
2025-07-16 16:39:00,57.5,313.831,352,3.3999999999999986,6.6,5.5,1698.8971999999999
2025-07-16 16:42:00,57.0,313.831,352,3.3999999999999986,6.699999999999999,5.5,1692.5059
2025-07-16 16:45:00,56.0,310.3877,352,3.299999999999997,6.699999999999999,5.5,1664.6577
2025-07-16 16:48:00,56.0,307.9282,352,3.299999999999997,6.699999999999999,5.5,1660.6121
2025-07-16 16:51:00,56.0,309.8958,352,3.299999999999997,6.699999999999999,5.5,1660.0698
2025-07-16 16:54:00,55.0,312.8472,352,3.299999999999997,6.6,5.300000000000004,1637.5717
2025-07-16 16:57:00,56.0,309.8958,353,3.299999999999997,6.6,5.399999999999999,1643.5827
2025-07-16 17:00:00,55.5,309.8958,353,3.299999999999997,6.5,5.399999999999999,1632.3053
2025-07-16 17:03:00,55.0,315.0608,353,3.299999999999997,6.5,5.399999999999999,1636.1410999999998
2025-07-16 17:06:00,55.0,312.8472,353,3.299999999999997,6.5,5.399999999999999,1640.1684
2025-07-16 17:09:00,55.0,308.6661,353,3.299999999999997,6.4,5.300000000000004,1625.8885
2025-07-16 17:12:00,54.5,312.1094,353,3.1999999999999993,6.5,5.400000000000002,1609.6045
2025-07-16 17:15:00,54.0,312.3553,353,3.1999999999999993,6.4,5.400000000000002,1602.4881
2025-07-16 17:18:00,54.0,310.8796,353,3.1999999999999993,6.4,5.400000000000002,1608.5502000000001
2025-07-16 17:21:00,53.5,307.4363,353,3.1999999999999993,6.4,5.400000000000002,1609.4885
2025-07-16 17:24:00,54.5,307.9282,353,3.1999999999999993,6.4,5.400000000000002,1609.2294000000002
2025-07-16 17:27:00,54.0,306.6985,353,3.1999999999999993,6.4,5.400000000000002,1603.4195
2025-07-16 17:30:00,54.5,307.1904,353,3.1999999999999993,6.6,5.400000000000002,1605.2637
2025-07-16 17:33:00,54.5,305.2228,353,3.299999999999997,6.5,5.300000000000004,1607.4611
2025-07-16 17:36:00,54.0,297.8443,353,3.1999999999999993,6.6,5.400000000000002,1597.6132
2025-07-17 07:45:00,32.5,281.3657,353,1.0,0.6000000000000014,3.900000000000002,968.534
2025-07-17 07:48:00,36.0,332.2772,353,2.1000000000000014,3.6000000000000005,4.299999999999997,1080.325
2025-07-17 07:51:00,36.5,426.4757,353,2.3999999999999986,4.0,4.600000000000001,1140.364
2025-07-17 07:57:00,49.5,374.0885,353,2.0,2.0999999999999996,5.0,1477.7613000000001
2025-07-17 08:00:00,44.0,378.0237,354,2.5,4.1,4.700000000000003,1287.5911999999998
2025-07-17 08:03:00,47.0,398.6834,354,2.6999999999999993,4.199999999999999,4.900000000000002,1381.3135
2025-07-17 08:06:00,48.5,400.1591,354,2.8000000000000007,4.3999999999999995,4.9999999999999964,1420.0535
2025-07-17 08:09:00,50.0,416.1458,354,2.8999999999999986,4.300000000000001,5.200000000000003,1473.4208
2025-07-17 08:12:00,47.0,352.1991,354,2.8999999999999986,5.0,4.700000000000003,1381.5452
2025-07-17 08:15:00,48.5,389.5833,354,2.8000000000000007,4.8,5.0,1432.3922
2025-07-17 08:18:00,47.5,351.7072,354,2.8000000000000007,5.0,4.899999999999999,1377.8854000000001
2025-07-17 08:21:00,46.5,333.015,354,2.6999999999999993,5.0,4.700000000000003,1343.3155
2025-07-17 08:24:00,45.5,347.772,354,2.6999999999999993,4.9,4.700000000000003,1334.208
2025-07-17 08:27:00,46.0,350.2315,354,2.6999999999999993,4.800000000000001,4.700000000000003,1344.6837
2025-07-17 08:30:00,47.0,357.8559,354,2.700000000000003,4.700000000000001,4.699999999999996,1361.5421
2025-07-17 08:33:00,47.5,360.0694,354,2.700000000000003,4.8,4.899999999999999,1381.5484000000001
2025-07-17 08:36:00,48.5,358.8397,354,2.6999999999999993,4.8999999999999995,5.0000000000000036,1431.2042999999999
2025-07-17 08:39:00,51.0,360.8073,354,2.8999999999999986,5.0,5.300000000000004,1541.4901
2025-07-17 08:42:00,52.5,375.3183,354,3.0,5.3,5.299999999999997,1556.4213
2025-07-17 08:45:00,55.5,408.7674,354,3.1999999999999993,5.3,5.5000000000000036,1655.2696
2025-07-17 08:48:00,56.0,399.6672,354,3.1999999999999993,5.2,5.5000000000000036,1648.4566
2025-07-17 08:51:00,55.0,407.5376,354,3.1999999999999993,5.2,5.599999999999998,1651.912
2025-07-17 08:54:00,58.0,417.3756,354,3.3000000000000007,5.1,5.800000000000001,1731.2423
2025-07-17 08:57:00,59.0,419.3432,354,3.3999999999999986,5.199999999999999,5.899999999999999,1792.98
2025-07-17 09:00:00,60.5,412.2106,355,3.5,5.500000000000001,5.899999999999999,1811.6266
2025-07-17 09:03:00,61.0,426.9676,355,3.5,5.4,6.0,1826.9931000000001
2025-07-17 09:06:00,64.0,429.673,355,3.6999999999999993,5.5,6.300000000000001,1952.5763000000002
2025-07-17 09:09:00,65.5,427.7054,355,3.799999999999997,5.699999999999999,6.5,2010.371
2025-07-17 09:12:00,67.5,422.2946,355,3.8999999999999986,5.8999999999999995,6.5,2041.5819999999999
2025-07-17 09:15:00,67.0,404.3403,355,3.8999999999999986,5.8999999999999995,6.5,2038.1239999999998
2025-07-17 09:18:00,66.5,403.6024,355,3.8999999999999986,6.1000000000000005,6.399999999999999,2033.827
2025-07-17 09:21:00,65.5,399.9132,355,3.8999999999999986,6.1000000000000005,6.399999999999999,1997.0995
2025-07-17 09:24:00,65.5,400.897,355,3.8999999999999986,6.1000000000000005,6.399999999999999,1986.4513000000002
2025-07-17 09:27:00,64.5,396.4699,355,3.8999999999999986,5.999999999999999,6.200000000000003,1978.4476
2025-07-17 09:30:00,65.5,393.5185,355,3.8000000000000007,6.1,6.299999999999997,1979.0801000000001
2025-07-17 09:33:00,64.5,394.9942,355,3.8000000000000007,6.1000000000000005,6.299999999999997,1973.7427
2025-07-17 09:36:00,65.5,398.9294,355,3.900000000000002,6.1000000000000005,6.199999999999996,1978.7564
2025-07-17 09:39:00,65.5,399.9132,355,3.900000000000002,6.1000000000000005,6.299999999999997,1977.0831
2025-07-17 09:42:00,66.0,396.4699,355,3.900000000000002,6.3,6.399999999999999,2003.665
2025-07-17 09:45:00,66.5,392.0428,355,3.8999999999999986,6.2,6.300000000000001,1998.3327
2025-07-17 09:48:00,65.5,393.5185,355,3.8999999999999986,6.2,6.400000000000002,2002.9427
2025-07-17 09:51:00,63.5,361.5451,355,3.8000000000000007,6.300000000000001,6.0,1908.247
2025-07-17 09:54:00,65.0,390.3212,355,3.8000000000000007,6.200000000000001,6.100000000000001,1937.3937999999998
2025-07-17 09:57:00,63.5,375.3183,355,3.8000000000000007,6.199999999999999,6.0,1930.9072
2025-07-17 10:00:00,65.0,379.9913,356,3.8000000000000007,6.300000000000001,6.100000000000001,1945.458
2025-07-17 10:03:00,65.0,389.8293,356,3.8000000000000007,6.200000000000001,6.199999999999996,1974.7053
2025-07-17 10:06:00,66.5,404.8322,356,3.8999999999999986,6.1000000000000005,6.400000000000002,2011.234
2025-07-17 10:09:00,66.0,403.3565,356,3.8999999999999986,6.1000000000000005,6.400000000000002,2025.491
2025-07-17 10:12:00,66.5,402.6187,356,3.8999999999999986,6.1000000000000005,6.300000000000001,2016.1399999999999
2025-07-17 10:15:00,67.0,416.6377,356,3.8999999999999986,5.999999999999999,6.400000000000002,2034.443
2025-07-17 10:18:00,67.5,423.2784,356,3.8999999999999986,5.8999999999999995,6.5000000000000036,2057.2219999999998
2025-07-17 10:21:00,66.5,382.9427,356,3.8999999999999986,5.999999999999999,6.300000000000001,2001.2757000000001
2025-07-17 10:24:00,67.0,381.713,356,3.8999999999999986,6.300000000000001,6.199999999999999,1988.7758
2025-07-17 10:27:00,66.0,379.0075,356,3.8999999999999986,6.300000000000001,6.199999999999999,1973.7618
2025-07-17 10:30:00,66.5,378.5156,356,3.8999999999999986,6.300000000000001,6.199999999999999,1986.4134
2025-07-17 10:33:00,65.5,374.8264,356,3.8999999999999986,6.4,6.199999999999999,1976.5665
2025-07-17 10:36:00,66.0,377.7778,356,3.8999999999999986,6.4,6.199999999999999,1983.5432999999998
2025-07-17 10:39:00,65.5,378.7616,356,3.8999999999999986,6.4,6.199999999999999,1975.4173999999998
2025-07-17 10:42:00,66.0,377.2859,356,3.8000000000000007,6.4,6.199999999999996,1984.4557
2025-07-17 10:45:00,65.5,374.0885,356,3.8000000000000007,6.300000000000001,6.199999999999996,1952.6950000000002
2025-07-17 10:48:00,66.0,377.2859,356,3.8000000000000007,6.4,6.299999999999997,1967.1018
2025-07-17 10:51:00,66.0,376.3021,356,3.8000000000000007,6.300000000000001,6.199999999999996,1971.9143
2025-07-17 10:54:00,64.5,375.5642,356,3.6999999999999993,6.199999999999999,6.100000000000001,1934.2741
2025-07-17 10:57:00,64.0,374.3345,356,3.6999999999999993,6.1,6.0,1897.9375
2025-07-17 11:00:00,63.5,378.0237,357,3.6999999999999993,6.2,5.899999999999999,1884.5053
2025-07-17 11:03:00,64.5,381.2211,357,3.6999999999999993,6.1,6.0,1910.2947
2025-07-17 11:06:00,64.0,382.2049,357,3.6999999999999993,6.1,6.0,1909.74
2025-07-17 11:09:00,65.0,380.2373,357,3.6999999999999993,6.1,6.100000000000001,1924.9313
2025-07-17 11:12:00,67.0,396.9618,357,3.8000000000000007,6.1,6.299999999999997,1988.4189999999999
2025-07-17 11:15:00,67.5,392.5347,357,3.8000000000000007,6.1000000000000005,6.299999999999997,2008.7847
2025-07-17 11:18:00,65.5,383.4346,357,3.8000000000000007,6.3,6.299999999999997,1985.5671
2025-07-17 11:21:00,65.0,381.2211,357,3.8000000000000007,6.3,6.299999999999997,1991.2372
2025-07-17 11:24:00,65.0,380.9751,357,3.8000000000000007,6.3,6.199999999999996,1972.0519
2025-07-17 11:27:00,64.5,378.7616,357,3.8000000000000007,6.200000000000001,6.100000000000001,1973.1849
2025-07-17 11:30:00,64.0,382.6968,357,3.8000000000000007,6.200000000000001,6.100000000000001,1940.5926
2025-07-17 11:33:00,64.0,375.5642,357,3.8000000000000007,6.200000000000001,6.0,1941.425
2025-07-17 11:36:00,63.5,370.3993,357,3.6999999999999993,6.200000000000001,6.100000000000001,1928.5313
2025-07-17 11:39:00,63.5,367.9398,357,3.6999999999999993,6.300000000000001,6.100000000000001,1916.1529
2025-07-17 11:42:00,62.5,359.0856,357,3.6999999999999993,6.300000000000001,6.0,1884.7613000000001
2025-07-17 11:45:00,61.0,355.1505,357,3.599999999999998,6.4,5.899999999999999,1847.7355
2025-07-17 11:48:00,61.0,337.934,357,3.5,6.4,5.900000000000002,1821.3211
2025-07-17 11:51:00,59.5,352.1991,357,3.3999999999999986,6.299999999999999,5.800000000000001,1768.8065
2025-07-17 11:54:00,60.5,349.4937,357,3.5,6.199999999999999,5.800000000000001,1804.2939999999999
2025-07-17 11:57:00,60.5,352.1991,357,3.5,6.199999999999999,5.800000000000001,1815.3483999999999
2025-07-17 12:00:00,61.0,346.5422,358,3.5,6.199999999999999,5.800000000000001,1811.6614
2025-07-17 12:03:00,60.5,347.0341,358,3.5,6.299999999999999,5.800000000000001,1800.2962
2025-07-17 12:06:00,60.5,347.2801,358,3.5,6.299999999999999,5.800000000000001,1796.3627999999999
2025-07-17 12:09:00,60.0,346.7882,358,3.5,6.299999999999999,5.800000000000001,1793.653
2025-07-17 12:12:00,61.0,349.2477,358,3.5,6.300000000000001,5.800000000000001,1818.4994000000002
2025-07-17 12:15:00,60.5,344.5746,358,3.5,6.300000000000001,5.800000000000001,1811.9212
2025-07-17 12:18:00,60.5,344.5746,358,3.5,6.300000000000001,5.800000000000001,1802.6331
2025-07-17 12:21:00,60.5,342.1152,358,3.5,6.299999999999999,5.699999999999999,1802.728
2025-07-17 12:24:00,59.0,341.1313,358,3.3999999999999986,6.299999999999999,5.599999999999998,1742.6837
2025-07-17 12:27:00,59.0,335.9664,358,3.3999999999999986,6.299999999999999,5.599999999999998,1752.8627000000001
2025-07-17 12:30:00,58.5,341.1313,358,3.3999999999999986,6.199999999999999,5.599999999999998,1744.9538
2025-07-17 12:33:00,59.5,336.2124,358,3.3999999999999986,6.300000000000001,5.699999999999999,1757.3355999999999
2025-07-17 12:36:00,59.0,333.5069,358,3.3999999999999986,6.300000000000001,5.699999999999999,1750.2661
2025-07-17 12:39:00,57.5,334.9826,358,3.3000000000000007,6.300000000000001,5.600000000000001,1702.4644
2025-07-17 12:42:00,57.5,335.4745,358,3.3000000000000007,6.300000000000001,5.600000000000001,1715.5704
2025-07-17 12:45:00,58.0,339.6557,358,3.3000000000000007,6.199999999999999,5.600000000000001,1722.4196000000002
2025-07-17 12:48:00,58.5,338.18,358,3.3000000000000007,6.199999999999999,5.600000000000001,1716.704
2025-07-17 12:51:00,57.5,335.9664,358,3.3000000000000007,6.199999999999999,5.600000000000001,1703.5672
2025-07-17 12:54:00,58.0,336.7043,358,3.3000000000000007,6.199999999999999,5.600000000000001,1702.8213
2025-07-17 12:57:00,58.5,336.7043,358,3.3000000000000007,6.199999999999999,5.600000000000001,1744.3132
2025-07-17 13:00:00,57.5,335.9664,359,3.3000000000000007,6.199999999999999,5.600000000000001,1689.3319999999999
2025-07-17 13:03:00,58.0,341.1313,359,3.3000000000000007,6.199999999999999,5.600000000000001,1701.2797
2025-07-17 13:06:00,58.0,339.4097,359,3.3000000000000007,6.1,5.600000000000001,1713.4027
2025-07-17 13:09:00,58.0,343.5909,359,3.3000000000000007,6.1,5.600000000000001,1713.9028
2025-07-17 13:12:00,57.5,343.5909,359,3.3000000000000007,6.1,5.600000000000001,1713.7532
2025-07-17 13:15:00,57.5,344.5746,359,3.3000000000000007,6.1,5.600000000000001,1707.9368
2025-07-17 13:18:00,58.0,345.5584,359,3.3000000000000007,6.1,5.600000000000001,1713.9332
2025-07-17 13:21:00,58.0,345.5584,359,3.3000000000000007,6.200000000000001,5.600000000000001,1716.38
2025-07-17 13:24:00,58.5,349.0017,359,3.3999999999999986,6.1000000000000005,5.599999999999998,1732.4560999999999
2025-07-17 13:27:00,59.5,349.4937,359,3.3999999999999986,6.1000000000000005,5.699999999999999,1734.1893
2025-07-17 13:30:00,59.5,358.8397,359,3.3999999999999986,6.1000000000000005,5.800000000000001,1759.3843
2025-07-17 13:33:00,59.5,354.1667,359,3.3999999999999986,6.1000000000000005,5.800000000000001,1774.0063
2025-07-17 13:36:00,59.5,353.1829,359,3.5,6.1000000000000005,5.800000000000001,1780.8244
2025-07-17 13:39:00,58.5,351.4612,359,3.3999999999999986,6.1000000000000005,5.800000000000001,1757.7892000000002
2025-07-17 13:42:00,59.0,354.1667,359,3.3999999999999986,6.2,5.800000000000001,1777.9901
2025-07-17 13:45:00,59.0,352.1991,359,3.3999999999999986,6.1000000000000005,5.800000000000001,1773.3254000000002
2025-07-17 13:48:00,59.0,355.1505,359,3.3999999999999986,6.1000000000000005,5.800000000000001,1761.8137
2025-07-17 13:51:00,59.0,352.691,359,3.3999999999999986,6.1000000000000005,5.900000000000002,1779.307
2025-07-17 13:54:00,59.0,352.9369,359,3.5,6.1000000000000005,5.699999999999999,1760.5243
2025-07-17 13:57:00,58.5,355.8883,359,3.5,6.1000000000000005,5.699999999999999,1765.3535
2025-07-17 14:00:00,59.0,351.7072,360,3.5,6.1000000000000005,5.699999999999999,1766.2489999999998
2025-07-17 14:03:00,58.5,352.9369,360,3.5,6.1000000000000005,5.699999999999999,1770.9711
2025-07-17 14:06:00,59.0,355.6424,360,3.5,6.2,5.699999999999999,1773.3103999999998
2025-07-17 14:09:00,58.5,356.6262,360,3.5,6.1000000000000005,5.800000000000001,1783.4296
2025-07-17 14:12:00,59.5,362.037,360,3.5,6.1000000000000005,5.699999999999999,1780.0979
2025-07-17 14:15:00,58.5,362.037,360,3.5,5.999999999999999,5.699999999999999,1750.6269000000002
2025-07-17 14:18:00,59.5,359.5775,360,3.3999999999999986,6.1000000000000005,5.900000000000002,1753.1482
2025-07-17 14:21:00,59.5,363.7587,360,3.5,6.000000000000001,5.800000000000001,1793.3944999999999
2025-07-17 14:24:00,59.0,360.5613,360,3.5,6.000000000000001,5.800000000000001,1783.9097
2025-07-17 14:27:00,58.5,353.1829,360,3.5,6.1000000000000005,5.699999999999999,1769.1203
2025-07-17 14:30:00,59.5,358.1019,360,3.5,6.1000000000000005,5.800000000000001,1775.7132000000001
2025-07-17 14:33:00,58.5,352.9369,360,3.5,6.1000000000000005,5.800000000000001,1776.8694999999998
2025-07-17 14:36:00,58.5,349.0017,360,3.5,6.200000000000001,5.699999999999999,1770.1159
2025-07-17 14:39:00,58.5,345.8044,360,3.5,6.300000000000001,5.699999999999999,1761.2575000000002
2025-07-17 14:42:00,58.0,345.5584,360,3.5,6.300000000000001,5.699999999999999,1772.7053
2025-07-17 14:45:00,59.0,340.8854,360,3.5,6.4,5.699999999999999,1761.7275
2025-07-17 14:48:00,59.0,339.1638,360,3.5,6.4,5.699999999999999,1768.1399000000001
2025-07-17 14:51:00,59.0,341.1313,360,3.5,6.4,5.699999999999999,1775.2501
2025-07-17 14:54:00,59.0,347.2801,360,3.5,6.300000000000001,5.699999999999999,1774.5771
2025-07-17 14:57:00,59.0,342.3611,360,3.5,6.4,5.800000000000001,1782.8897
2025-07-17 15:00:00,59.0,344.0828,361,3.5,6.4,5.800000000000001,1782.5702999999999
2025-07-17 15:03:00,58.5,344.0828,361,3.5,6.4,5.800000000000001,1777.342
2025-07-17 15:06:00,59.0,337.934,361,3.400000000000002,6.4,5.699999999999999,1771.7741
2025-07-17 15:09:00,58.0,337.1962,361,3.3000000000000007,6.4,5.699999999999999,1742.3228
2025-07-17 15:12:00,57.5,334.2448,361,3.3000000000000007,6.200000000000001,5.699999999999999,1729.0091000000002
2025-07-17 15:15:00,57.0,334.2448,361,3.3999999999999986,6.200000000000001,5.599999999999998,1727.4515000000001
2025-07-17 15:18:00,58.0,349.4937,361,3.3999999999999986,6.200000000000001,5.699999999999999,1744.0118
2025-07-17 15:21:00,58.5,351.4612,361,3.3999999999999986,6.2,5.800000000000001,1753.5149000000001
2025-07-17 15:24:00,58.5,350.4774,361,3.3999999999999986,6.2,5.800000000000001,1768.205
2025-07-17 15:27:00,59.0,355.8883,361,3.3999999999999986,6.2,5.900000000000002,1779.5289
2025-07-17 15:30:00,58.5,352.9369,361,3.5,6.2,5.699999999999999,1758.9027
2025-07-17 15:33:00,58.5,349.7396,361,3.3999999999999986,6.1000000000000005,5.800000000000001,1771.0549
2025-07-17 15:36:00,58.5,348.0179,361,3.3999999999999986,6.1000000000000005,5.800000000000001,1745.0636
2025-07-17 15:39:00,58.5,352.9369,361,3.3999999999999986,6.1000000000000005,5.800000000000001,1750.283
2025-07-17 15:42:00,59.5,351.4612,361,3.3999999999999986,6.3,5.900000000000002,1768.9704000000002
2025-07-17 15:45:00,58.5,356.3802,361,3.3999999999999986,6.1000000000000005,5.900000000000002,1787.3767
2025-07-17 15:48:00,59.0,350.7234,361,3.3999999999999986,6.3,5.800000000000001,1782.3955
2025-07-17 15:51:00,59.0,355.8883,361,3.5,6.3,5.800000000000001,1787.191
2025-07-17 15:54:00,59.0,351.7072,361,3.3999999999999986,6.3,5.900000000000002,1786.3798000000002
2025-07-17 15:57:00,60.0,349.4937,361,3.3999999999999986,6.3,5.900000000000002,1786.3739999999998
2025-07-17 16:00:00,60.5,351.4612,362,3.5,6.3,5.900000000000002,1819.0624
2025-07-17 16:03:00,60.5,351.7072,362,3.5,6.3,5.900000000000002,1831.136
2025-07-17 16:06:00,60.0,349.7396,362,3.5,6.4,5.900000000000002,1814.6396
2025-07-17 16:09:00,60.0,350.9693,362,3.5,6.4,5.900000000000002,1807.7565
2025-07-17 16:12:00,61.0,360.5613,362,3.5,6.3,5.9999999999999964,1827.5187
2025-07-17 16:15:00,60.5,364.0046,362,3.5,6.3,5.9999999999999964,1823.9792
2025-07-17 16:18:00,60.5,360.3154,362,3.5,6.3,5.9999999999999964,1826.5228
2025-07-17 16:21:00,60.5,355.8883,362,3.5,6.3,5.9999999999999964,1831.9649
2025-07-17 16:24:00,60.5,353.9207,362,3.5,6.2,5.900000000000002,1808.1459
2025-07-17 16:27:00,60.5,354.1667,362,3.5,6.2,5.900000000000002,1814.8563
2025-07-17 16:30:00,60.5,352.1991,362,3.5,6.2,5.900000000000002,1818.6189
2025-07-17 16:33:00,59.5,354.6586,362,3.5,6.300000000000001,5.800000000000001,1790.2182
2025-07-17 16:36:00,60.0,356.3802,362,3.5,6.1000000000000005,5.900000000000002,1811.5360999999998
2025-07-17 16:39:00,61.0,358.8397,362,3.5,6.200000000000001,5.9999999999999964,1817.774
2025-07-17 16:42:00,60.5,354.4126,362,3.5,6.200000000000001,5.9999999999999964,1837.5245
2025-07-17 16:45:00,60.5,352.691,362,3.5,6.200000000000001,5.9999999999999964,1831.0797
2025-07-17 16:48:00,61.0,354.1667,362,3.5,6.200000000000001,5.9999999999999964,1831.7598
2025-07-17 16:51:00,61.0,358.1019,362,3.5,6.300000000000001,5.9999999999999964,1839.295
2025-07-17 16:54:00,61.0,355.6424,362,3.5,6.300000000000001,5.900000000000002,1831.6831
2025-07-17 16:57:00,60.5,357.61,362,3.5,6.300000000000001,5.9999999999999964,1830.6986000000002
2025-07-17 17:00:00,61.0,358.1019,363,3.5,6.200000000000001,5.9999999999999964,1848.5617000000002
2025-07-17 17:03:00,61.0,359.5775,363,3.5,6.200000000000001,5.9999999999999964,1841.4110999999998
2025-07-17 17:06:00,61.0,356.8721,363,3.5,6.200000000000001,5.9999999999999964,1848.2858999999999
2025-07-17 17:09:00,61.0,355.6424,363,3.5,6.200000000000001,5.9999999999999964,1838.6379
2025-07-17 17:12:00,60.5,352.9369,363,3.5,6.300000000000001,5.9999999999999964,1828.3776
2025-07-17 17:15:00,60.5,348.0179,363,3.5,6.300000000000001,5.900000000000002,1817.295
2025-07-17 17:18:00,60.5,345.3125,363,3.5,6.4,5.900000000000002,1820.0567
2025-07-17 17:21:00,60.5,345.5584,363,3.5,6.4,5.9999999999999964,1823.9818
2025-07-17 17:24:00,60.5,342.1152,363,3.5,6.4,5.9999999999999964,1832.4165
2025-07-17 17:27:00,61.0,343.5909,363,3.5,6.5,5.9999999999999964,1838.6356
2025-07-17 17:30:00,60.0,338.4259,363,3.5,6.5,5.900000000000002,1819.2849999999999
2025-07-18 09:24:00,42.5,303.9931,363,2.3999999999999986,3.5999999999999996,5.0000000000000036,1310.568
2025-07-18 09:27:00,43.0,297.3524,363,3.0,5.5,5.399999999999999,1319.013
2025-07-18 09:30:00,42.5,299.32,363,3.099999999999998,6.0,5.400000000000002,1288.848
2025-07-18 09:33:00,44.0,354.4126,363,3.1999999999999993,5.799999999999999,5.699999999999999,1380.304
2025-07-18 09:36:00,47.0,355.8883,363,3.3999999999999986,5.800000000000001,5.700000000000003,1435.133
2025-07-18 09:39:00,47.5,354.4126,363,3.5,5.800000000000001,5.600000000000001,1456.708
2025-07-18 09:42:00,47.5,346.0504,364,3.5,6.000000000000001,5.600000000000001,1449.45
2025-07-18 09:45:00,47.5,342.3611,364,3.5,6.2,5.699999999999996,1461.617
2025-07-18 09:48:00,48.0,350.9693,364,3.599999999999998,6.199999999999999,5.599999999999998,1482.272
2025-07-18 09:51:00,51.0,458.4491,364,3.6999999999999993,6.0,6.099999999999998,1571.897
2025-07-18 09:54:00,32.5,417.1296,364,2.1999999999999993,4.0,1.8000000000000007,677.452
2025-07-18 09:57:00,56.0,392.0428,364,2.8000000000000007,3.8,6.400000000000002,1742.4282
2025-07-18 10:00:00,61.0,384.9103,364,3.8000000000000007,5.6000000000000005,6.200000000000003,1850.8626
2025-07-18 10:03:00,63.5,404.5862,364,4.0,5.700000000000001,6.400000000000002,1951.6048
2025-07-18 10:06:00,66.5,406.3079,364,4.100000000000001,5.800000000000001,6.5,2022.723
2025-07-18 10:09:00,68.0,413.1944,364,4.200000000000003,5.800000000000001,6.600000000000001,2070.517
2025-07-18 10:12:00,65.5,377.7778,364,4.100000000000001,6.2,6.399999999999999,2007.9180999999999
2025-07-18 10:15:00,66.5,373.1047,364,4.100000000000001,6.4,6.399999999999999,1988.5745000000002
2025-07-18 10:18:00,65.5,364.2506,364,4.100000000000001,6.4,6.399999999999999,1994.905
2025-07-18 10:21:00,65.0,361.2992,364,4.100000000000001,6.4,6.299999999999997,1958.0661
2025-07-18 10:24:00,64.0,360.0694,364,4.0,6.4,6.199999999999996,1951.5771
2025-07-18 10:27:00,64.5,366.4641,364,4.0,6.4,6.199999999999996,1945.2412
2025-07-18 10:30:00,67.0,387.6157,364,4.099999999999998,6.2,6.400000000000002,2015.879
2025-07-18 10:33:00,66.5,385.1563,364,4.199999999999999,6.3,6.400000000000002,2035.228
2025-07-18 10:36:00,67.5,388.3536,364,4.199999999999999,6.3,6.4999999999999964,2054.809
2025-07-18 10:39:00,69.0,400.651,364,4.399999999999999,6.3,6.600000000000001,2098.1940000000004
2025-07-18 10:42:00,69.0,399.6672,365,4.399999999999999,6.3,6.5,2086.547
2025-07-18 10:45:00,68.0,401.8808,365,4.399999999999999,6.3,6.5,2075.27
2025-07-18 10:48:00,68.5,392.2888,365,4.399999999999999,6.2,6.5,2089.17
2025-07-18 10:51:00,67.5,388.8455,365,4.300000000000001,6.300000000000001,6.399999999999999,2061.599
2025-07-18 10:54:00,68.0,385.4022,365,4.300000000000001,6.300000000000001,6.299999999999997,2062.49
2025-07-18 10:57:00,67.5,382.9427,365,4.300000000000001,6.200000000000001,6.299999999999997,2035.478
2025-07-18 11:00:00,66.5,379.2535,365,4.199999999999999,6.200000000000001,6.300000000000004,2033.6750000000002
2025-07-18 11:03:00,67.0,380.9751,365,4.199999999999999,6.300000000000001,6.399999999999999,2032.0990000000002
2025-07-18 11:06:00,66.5,374.8264,365,4.100000000000001,6.4,6.400000000000002,2032.12
2025-07-18 11:09:00,66.0,373.5966,365,4.199999999999999,6.4,6.300000000000001,2021.4589999999998
2025-07-18 11:12:00,67.0,369.1696,365,4.099999999999998,6.4,6.400000000000002,2021.762
2025-07-18 11:15:00,65.5,374.0885,365,4.099999999999998,6.4,6.300000000000001,1995.0837
2025-07-18 11:18:00,67.0,379.0075,365,4.199999999999999,6.200000000000001,6.300000000000001,2004.5577
2025-07-18 11:21:00,67.0,381.713,365,4.100000000000001,6.3,6.300000000000001,2016.5315
2025-07-18 11:24:00,66.5,381.467,365,4.100000000000001,6.2,6.300000000000001,2026.6260000000002
2025-07-18 11:27:00,65.5,373.5966,365,4.100000000000001,6.300000000000001,6.300000000000001,2001.2349
2025-07-18 11:30:00,65.5,373.5966,365,4.100000000000001,6.200000000000001,6.199999999999999,1976.7557000000002
2025-07-18 11:33:00,66.5,369.4155,365,4.100000000000001,6.300000000000001,6.199999999999999,1981.4674
2025-07-18 11:36:00,65.5,360.3154,365,4.0,6.4,6.099999999999998,1985.5142
2025-07-18 11:39:00,64.5,350.9693,365,4.0,6.4,6.100000000000001,1934.2536
2025-07-18 11:42:00,62.5,350.7234,366,3.8999999999999986,6.500000000000001,6.0,1885.6397000000002
2025-07-18 11:45:00,63.5,373.1047,366,4.0,6.300000000000001,6.100000000000001,1922.7648
2025-07-18 11:48:00,65.5,387.3698,366,4.0,6.300000000000001,6.399999999999999,1968.4337
2025-07-18 11:51:00,66.0,391.059,366,4.099999999999998,6.1000000000000005,6.300000000000001,1991.4915
2025-07-18 11:54:00,66.0,385.4022,366,4.199999999999999,6.1000000000000005,6.300000000000001,2006.52
2025-07-18 11:57:00,66.0,389.0914,366,4.100000000000001,6.1000000000000005,6.300000000000001,2021.602
2025-07-18 12:00:00,66.5,398.1916,366,4.199999999999999,6.1000000000000005,6.300000000000001,2029.509
2025-07-18 12:03:00,67.0,401.3889,366,4.199999999999999,6.000000000000001,6.300000000000001,2038.069
2025-07-18 12:06:00,67.0,401.3889,366,4.099999999999998,6.000000000000001,6.400000000000002,2030.452
2025-07-18 12:09:00,67.0,396.4699,366,4.099999999999998,5.999999999999999,6.300000000000001,2020.6821
2025-07-18 12:12:00,66.0,386.386,366,4.099999999999998,5.999999999999999,6.199999999999999,1990.9623000000001
2025-07-18 12:15:00,66.5,388.3536,366,4.099999999999998,6.1,6.300000000000001,1977.3863000000001
2025-07-18 12:18:00,65.5,383.6806,366,4.099999999999998,6.1,6.199999999999999,1973.6704
2025-07-18 12:21:00,65.0,384.1725,366,4.0,6.1,6.199999999999999,1971.7115
2025-07-18 12:24:00,64.5,382.6968,366,4.0,6.0,6.099999999999998,1962.0507
2025-07-18 12:27:00,65.0,384.6644,366,4.0,6.1,6.300000000000001,1974.9857000000002
2025-07-18 12:30:00,64.5,376.0562,366,4.0,6.1,6.199999999999999,1961.2015000000001
2025-07-18 12:33:00,64.5,381.713,366,4.0,6.1,6.300000000000001,1954.3807
2025-07-18 12:36:00,64.5,382.4508,366,4.0,6.1,6.099999999999998,1949.1442
2025-07-18 12:39:00,65.0,396.224,366,4.0,6.1,6.199999999999999,1979.1366
2025-07-18 12:42:00,66.0,403.6024,367,4.0,5.999999999999999,6.400000000000002,2000.8917000000001
2025-07-18 12:45:00,66.0,405.816,367,4.100000000000001,5.8999999999999995,6.300000000000001,2002.475
2025-07-18 12:48:00,66.0,399.6672,367,4.100000000000001,5.999999999999999,6.300000000000001,2002.2060999999999
2025-07-18 12:51:00,64.5,387.8617,367,4.0,5.8999999999999995,6.199999999999999,1965.1776
2025-07-18 12:54:00,64.0,385.4022,367,3.8999999999999986,5.9,6.199999999999999,1950.6223
2025-07-18 12:57:00,64.0,390.8131,367,3.8999999999999986,5.9,6.199999999999999,1937.6349
2025-07-18 13:00:00,65.0,389.0914,367,3.8999999999999986,5.9,6.099999999999998,1934.0756000000001
2025-07-18 13:03:00,64.0,379.7454,367,3.8999999999999986,6.0,6.099999999999998,1906.0747999999999
2025-07-18 13:06:00,63.5,376.548,367,3.8999999999999986,6.0,6.099999999999998,1925.567
2025-07-18 13:09:00,63.5,378.5156,367,3.8999999999999986,6.1,6.0000000000000036,1907.6284
2025-07-18 13:12:00,63.0,373.1047,367,3.8999999999999986,6.1,6.099999999999998,1903.5534
2025-07-18 13:15:00,63.0,375.0723,367,4.0,6.1,5.9999999999999964,1918.0196
2025-07-18 13:18:00,64.0,380.2373,367,3.900000000000002,6.1,6.199999999999999,1939.5423
2025-07-18 13:21:00,64.0,373.8426,367,3.900000000000002,6.1,6.199999999999999,1935.5819000000001
2025-07-18 13:24:00,64.0,373.5966,367,4.0,6.1,6.199999999999999,1927.1702
2025-07-18 13:27:00,64.0,382.9427,367,4.0,6.1000000000000005,6.199999999999999,1957.5167000000001
2025-07-18 13:30:00,64.5,385.1563,367,4.099999999999998,6.1000000000000005,6.200000000000003,1961.9184
2025-07-18 13:33:00,66.0,381.2211,367,4.099999999999998,6.1000000000000005,6.200000000000003,1974.1595
2025-07-18 13:36:00,65.0,372.6129,367,4.0,5.999999999999999,6.300000000000001,1965.1286
2025-07-18 13:39:00,65.5,379.7454,367,3.900000000000002,6.1,6.199999999999999,1944.7345
2025-07-18 13:42:00,63.5,381.713,368,3.900000000000002,6.0,6.199999999999999,1930.8536
2025-07-18 13:45:00,64.5,382.6968,368,3.900000000000002,6.0,6.199999999999999,1932.2451999999998
2025-07-18 13:48:00,64.0,381.2211,368,3.900000000000002,6.0,6.199999999999999,1927.9992
2025-07-18 13:51:00,63.0,381.2211,368,3.900000000000002,6.0,5.9999999999999964,1916.1852
2025-07-18 13:54:00,63.5,382.6968,368,3.8000000000000007,5.9,6.099999999999998,1903.9911
2025-07-18 13:57:00,63.0,381.713,368,3.8000000000000007,5.9,6.0000000000000036,1901.2816
2025-07-18 14:00:00,63.5,384.6644,368,3.8000000000000007,5.9,6.099999999999998,1906.9951
2025-07-18 14:03:00,62.5,379.2535,368,3.900000000000002,5.9,5.9999999999999964,1905.8901999999998
2025-07-18 14:06:00,62.5,382.4508,368,3.8000000000000007,5.9,6.099999999999998,1897.4846
2025-07-18 14:09:00,62.5,387.3698,368,3.8000000000000007,5.9,6.099999999999998,1899.147
2025-07-18 14:12:00,64.0,386.386,368,3.8999999999999986,5.8999999999999995,6.099999999999998,1907.5711999999999
2025-07-18 14:15:00,63.0,386.386,368,3.8999999999999986,5.8999999999999995,6.099999999999998,1915.0781000000002
2025-07-18 14:18:00,63.0,379.9913,368,3.8999999999999986,5.8999999999999995,6.099999999999998,1902.8865
2025-07-18 14:21:00,62.5,376.794,368,3.8999999999999986,6.0,6.0000000000000036,1903.9243000000001
2025-07-18 14:24:00,62.5,375.3183,368,3.8999999999999986,6.0,6.0000000000000036,1908.4328
2025-07-18 14:27:00,62.5,376.794,368,3.8999999999999986,6.1,6.0000000000000036,1885.4221
2025-07-18 14:30:00,62.5,379.9913,368,3.8999999999999986,5.999999999999999,6.099999999999998,1905.4141
2025-07-18 14:33:00,62.0,342.853,368,3.8999999999999986,5.999999999999999,6.0000000000000036,1881.6549
2025-07-18 14:36:00,58.0,326.8663,368,3.599999999999998,6.3999999999999995,5.600000000000001,1739.297
2025-07-18 14:39:00,56.5,325.6366,368,3.5,6.299999999999999,5.4999999999999964,1696.3582000000001
2025-07-18 14:42:00,57.5,321.4554,369,3.5,6.299999999999999,5.4999999999999964,1703.6046999999999
2025-07-18 14:45:00,57.0,332.2772,369,3.5,6.199999999999999,5.4999999999999964,1709.8797
2025-07-18 14:48:00,58.0,334.7367,369,3.5,6.199999999999999,5.599999999999998,1716.9850999999999
2025-07-18 14:51:00,58.0,333.261,369,3.5,6.199999999999999,5.4999999999999964,1711.9744
2025-07-18 14:54:00,58.0,334.2448,369,3.5,6.1,5.699999999999999,1721.558
2025-07-18 14:57:00,58.0,330.0637,369,3.3999999999999986,6.1,5.599999999999998,1708.7541
2025-07-18 15:00:00,57.0,329.8177,369,3.3999999999999986,6.1,5.599999999999998,1694.4808
2025-07-18 15:03:00,57.5,333.015,369,3.3999999999999986,6.199999999999999,5.599999999999998,1694.1461
2025-07-18 15:06:00,56.5,330.8015,369,3.3999999999999986,6.0,5.599999999999998,1682.388
2025-07-18 15:09:00,55.5,332.2772,369,3.3999999999999986,6.0,5.400000000000002,1656.1828
2025-07-18 15:12:00,56.0,328.0961,369,3.5,6.1,5.599999999999998,1666.3499
2025-07-18 15:15:00,56.5,333.5069,369,3.5,6.0,5.5000000000000036,1689.202
2025-07-18 15:18:00,57.0,332.0313,369,3.5,6.1,5.5000000000000036,1682.2147
2025-07-18 15:21:00,56.5,328.342,369,3.5,6.1,5.599999999999998,1679.0893
2025-07-18 15:24:00,56.0,306.6985,369,3.400000000000002,6.299999999999999,5.5,1649.4571999999998
2025-07-18 15:27:00,54.5,315.7986,369,3.400000000000002,6.300000000000001,5.399999999999999,1624.3615
2025-07-18 15:30:00,55.5,313.5851,369,3.400000000000002,6.200000000000001,5.5,1649.8337
2025-07-18 15:33:00,55.0,317.7662,369,3.400000000000002,6.200000000000001,5.5,1648.8487
2025-07-18 15:36:00,55.5,312.3553,369,3.400000000000002,6.300000000000001,5.5,1655.7418
2025-07-18 15:39:00,54.0,304.239,369,3.400000000000002,6.300000000000001,5.199999999999996,1605.0682
2025-07-18 15:42:00,54.0,306.6985,370,3.3000000000000007,6.299999999999999,5.299999999999997,1596.7373
2025-07-18 15:45:00,53.0,303.0093,370,3.3000000000000007,6.299999999999999,5.299999999999997,1576.0513999999998
2025-07-18 15:48:00,53.5,301.5336,370,3.3000000000000007,6.3,5.200000000000003,1583.6516000000001
2025-07-18 15:51:00,52.5,302.5174,370,3.1999999999999993,6.199999999999999,5.199999999999999,1545.9388
2025-07-18 15:54:00,52.0,299.8119,370,3.1999999999999993,6.199999999999999,5.199999999999999,1539.0278
2025-07-18 15:57:00,52.5,294.8929,370,3.1000000000000014,6.3,5.199999999999999,1535.5908
2025-07-18 16:00:00,51.0,297.3524,370,3.1000000000000014,6.3,4.9999999999999964,1495.13
2025-07-18 16:03:00,51.0,295.1389,370,3.1000000000000014,6.1,4.9999999999999964,1494.753
2025-07-18 16:06:00,50.5,289.974,370,3.0,6.1,5.099999999999998,1489.319
2025-07-18 16:09:00,51.0,295.3848,370,3.1000000000000014,6.199999999999999,4.9999999999999964,1494.8350999999998
2025-07-18 16:12:00,51.0,294.401,370,3.0,6.1,5.099999999999998,1490.44
2025-07-18 16:15:00,51.0,304.239,370,3.1000000000000014,6.1,5.099999999999998,1501.0493999999999
2025-07-18 16:18:00,51.5,308.4201,370,3.1000000000000014,6.0,5.199999999999999,1521.0366
2025-07-18 16:21:00,52.0,304.9769,370,3.1000000000000014,6.0,5.199999999999999,1522.364
2025-07-18 16:24:00,51.0,298.5822,370,3.1000000000000014,6.1,4.9999999999999964,1492.4841999999999
2025-07-18 16:27:00,50.5,300.0579,370,3.0,6.1,5.099999999999998,1498.1805
2025-07-18 16:30:00,51.0,303.0093,370,3.0,6.1,5.099999999999998,1486.6939
2025-07-18 16:33:00,51.0,297.3524,370,3.0,6.0,5.099999999999998,1490.2103
2025-07-18 16:36:00,50.5,296.6146,370,3.099999999999998,6.1,5.0000000000000036,1486.9978999999998
2025-07-18 16:39:00,51.0,296.3687,370,3.099999999999998,6.1,5.099999999999998,1492.0479
2025-07-18 16:42:00,51.0,297.8443,371,3.099999999999998,6.1,5.099999999999998,1494.9873
2025-07-18 16:45:00,51.0,298.5822,371,3.099999999999998,6.1,5.099999999999998,1494.3261
2025-07-18 16:48:00,51.0,295.3848,371,3.0,6.1,5.100000000000001,1487.0374000000002
2025-07-18 16:51:00,51.0,293.6632,371,3.0,6.1,5.100000000000001,1489.076
2025-07-18 16:54:00,50.5,294.401,372,3.0,6.1,5.100000000000001,1492.1065
2025-07-18 16:57:00,51.0,293.6632,372,3.0,6.200000000000001,5.100000000000001,1486.4173999999998
2025-07-18 17:00:00,50.5,302.5174,372,3.0,6.1000000000000005,5.100000000000001,1481.96
2025-07-18 17:03:00,51.5,301.2876,372,3.099999999999998,6.1000000000000005,5.199999999999999,1516.1268
2025-07-18 17:06:00,51.5,299.0741,372,3.099999999999998,6.1000000000000005,5.099999999999998,1512.6399000000001
2025-07-18 17:09:00,51.0,288.9902,372,3.0,6.1,5.100000000000001,1500.8607
2025-07-18 17:12:00,51.0,291.6956,372,3.0,6.300000000000001,5.100000000000001,1496.5358
2025-07-18 17:15:00,51.0,289.974,372,3.1000000000000014,6.199999999999999,5.100000000000001,1497.4708
2025-07-18 17:18:00,50.0,295.3848,372,3.0,6.1,5.100000000000001,1469.6287
2025-07-28 14:54:00,32.5,281.6117,372,1.5,0.5,3.5,997.8888
2025-07-28 14:57:00,44.5,284.3171,372,2.5,3.5,4.899999999999999,1342.308
2025-07-28 15:00:00,45.0,279.1522,372,3.1000000000000014,5.8999999999999995,5.600000000000001,1366.331
2025-07-28 15:03:00,44.5,282.5955,372,3.1000000000000014,6.6,5.800000000000001,1345.608
2025-07-28 15:06:00,43.5,283.8252,372,3.0,6.8,5.600000000000001,1323.15
2025-07-28 15:09:00,43.5,283.8252,372,2.900000000000002,6.8,5.4999999999999964,1322.691
2025-07-28 15:12:00,43.0,285.055,372,2.8999999999999986,6.7,5.300000000000001,1309.429
2025-07-28 15:15:00,43.5,285.055,373,3.0,6.8,5.199999999999996,1309.34
2025-07-28 15:18:00,42.5,283.8252,373,2.8999999999999986,6.8,5.299999999999997,1302.985
2025-07-28 15:21:00,42.5,284.3171,373,3.1000000000000014,6.8,4.800000000000001,1282.305
2025-07-28 15:24:00,41.5,288.2523,373,2.6999999999999993,6.8,5.299999999999997,1265.849
2025-07-28 15:27:00,41.5,284.0712,373,3.0,6.6,5.199999999999996,1269.916
2025-07-28 15:30:00,42.0,282.5955,374,3.0,6.6,5.100000000000001,1280.902
2025-07-28 15:33:00,42.0,286.7766,374,2.8999999999999986,6.5,5.099999999999998,1272.54
2025-07-28 15:36:00,42.0,295.3848,374,2.8000000000000007,6.4,5.199999999999999,1278.38
2025-07-28 15:39:00,42.0,291.6956,374,2.8999999999999986,6.4,5.100000000000001,1277.235
2025-07-28 15:42:00,42.0,289.2361,374,2.8999999999999986,6.4,5.0,1275.059
2025-07-28 15:45:00,42.0,284.0712,374,2.8000000000000007,6.300000000000001,5.0,1269.698
2025-07-28 15:48:00,41.5,283.8252,374,2.8000000000000007,6.4,4.899999999999999,1248.696
2025-07-28 15:51:00,41.0,281.8576,374,2.8000000000000007,6.4,4.799999999999997,1244.021
2025-07-28 15:54:00,41.0,277.9225,374,2.8000000000000007,6.500000000000001,4.799999999999997,1239.564
2025-07-28 15:57:00,40.5,277.9225,374,2.8000000000000007,6.500000000000001,4.699999999999996,1235.977
2025-07-28 16:00:00,41.0,275.7089,374,2.8000000000000007,6.500000000000001,4.699999999999996,1235.839
2025-07-28 16:03:00,40.0,274.4792,374,2.8000000000000007,6.500000000000001,4.600000000000001,1213.017
2025-07-28 16:06:00,40.0,272.7575,374,2.6999999999999993,6.4,4.600000000000001,1194.047
2025-07-28 16:09:00,39.5,269.8062,374,2.6999999999999993,6.299999999999999,4.600000000000001,1191.955
2025-07-28 16:12:00,38.0,272.2656,374,2.599999999999998,6.2,4.399999999999999,1140.093
2025-07-28 16:15:00,38.0,270.298,375,2.599999999999998,6.199999999999999,4.399999999999999,1144.268
2025-07-28 16:18:00,38.5,271.7737,375,2.6999999999999993,6.1,4.5,1173.141
2025-07-28 16:21:00,38.5,273.0035,375,2.6999999999999993,6.199999999999999,4.5,1170.25
2025-07-28 16:24:00,39.0,271.5278,375,2.599999999999998,6.199999999999999,4.600000000000001,1164.74
2025-07-28 16:27:00,39.0,273.0035,375,2.599999999999998,6.199999999999999,4.600000000000001,1169.409
2025-07-28 16:30:00,38.0,270.7899,375,2.5,6.1,4.4999999999999964,1151.512
2025-07-28 16:33:00,38.5,270.7899,375,2.5,6.1,4.4999999999999964,1149.914
2025-07-28 16:36:00,38.0,260.706,375,2.5,6.300000000000001,4.400000000000002,1147.539
2025-07-28 16:39:00,37.5,255.5411,375,2.5,6.300000000000001,4.400000000000002,1137.406
2025-07-28 16:42:00,37.5,254.5573,375,2.5,6.300000000000001,4.400000000000002,1132.797
2025-07-28 16:45:00,38.0,270.544,375,2.5,6.300000000000001,4.4999999999999964,1152.755
2025-07-28 16:48:00,38.5,269.3142,375,2.6000000000000014,6.200000000000001,4.4999999999999964,1154.137
2025-07-28 16:51:00,38.0,269.5602,375,2.6000000000000014,6.200000000000001,4.4999999999999964,1157.06
2025-07-28 16:54:00,38.0,265.625,375,2.5,6.200000000000001,4.4999999999999964,1150.266
2025-07-28 16:57:00,37.5,265.3791,375,2.6000000000000014,6.199999999999999,4.400000000000002,1139.338
2025-07-28 17:00:00,38.0,267.1007,375,2.6000000000000014,6.200000000000001,4.400000000000002,1143.792
2025-07-28 17:03:00,38.5,266.1169,375,2.6000000000000014,6.200000000000001,4.4999999999999964,1160.527
2025-07-28 17:06:00,38.5,267.3466,375,2.6000000000000014,6.200000000000001,4.4999999999999964,1157.566
2025-07-28 17:09:00,38.0,269.0683,375,2.6000000000000014,6.199999999999999,4.400000000000002,1152.311
2025-07-28 17:12:00,38.0,271.5278,375,2.6000000000000014,6.199999999999999,4.400000000000002,1154.222
2025-07-28 17:15:00,38.0,268.5764,376,2.6000000000000014,6.200000000000001,4.400000000000002,1157.636
2025-07-28 17:18:00,38.5,267.3466,376,2.6000000000000014,6.200000000000001,4.400000000000002,1154.825
2025-07-28 17:21:00,38.5,272.2656,376,2.6000000000000014,6.200000000000001,4.400000000000002,1157.713
2025-07-28 17:24:00,38.5,274.7251,376,2.6000000000000014,6.200000000000001,4.4999999999999964,1163.801
2025-07-28 17:27:00,39.5,292.4334,376,2.6000000000000014,6.000000000000001,4.699999999999999,1199.359
2025-07-28 17:30:00,39.5,289.2361,376,2.6999999999999993,6.000000000000001,4.600000000000001,1194.4
2025-07-28 17:33:00,39.5,290.4659,376,2.6999999999999993,6.000000000000001,4.600000000000001,1195.574
2025-07-28 17:36:00,39.5,292.6794,376,2.8000000000000007,6.000000000000001,4.600000000000001,1203.876
2025-07-28 17:39:00,39.5,293.9091,376,2.8000000000000007,6.000000000000001,4.600000000000001,1209.111
2025-07-28 17:42:00,39.5,295.3848,376,2.8000000000000007,6.000000000000001,4.600000000000001,1209.93
2025-07-28 17:45:00,40.0,294.8929,376,2.8000000000000007,6.000000000000001,4.600000000000001,1203.924
2025-07-28 17:48:00,39.5,285.7928,376,2.6999999999999993,6.1000000000000005,4.600000000000001,1201.52
2025-07-28 17:51:00,39.0,281.8576,376,2.6999999999999993,6.1000000000000005,4.600000000000001,1193.086
2025-07-28 17:54:00,39.0,282.5955,376,2.6999999999999993,6.1000000000000005,4.600000000000001,1192.241
2025-07-28 17:57:00,39.5,279.6441,376,2.6999999999999993,6.2,4.600000000000001,1197.217
2025-07-28 18:00:00,39.5,279.1522,376,2.6999999999999993,6.2,4.600000000000001,1195.082
2025-07-28 18:03:00,39.5,278.9063,376,2.6999999999999993,6.1000000000000005,4.600000000000001,1192.004
2025-07-28 18:06:00,39.0,275.217,376,2.6999999999999993,6.200000000000001,4.600000000000001,1193.834
2025-07-28 18:09:00,39.0,264.3953,376,2.6999999999999993,6.200000000000001,4.5,1173.938
2025-07-28 18:12:00,34.0,257.2627,376,2.5,6.4,3.4999999999999964,769.2126
2025-07-30 10:21:00,39.0,272.7575,377,2.1000000000000014,3.0,4.199999999999996,1241.744
2025-07-30 10:24:00,44.5,272.2656,377,2.6000000000000014,5.3,5.399999999999999,1361.016
2025-07-30 10:27:00,43.5,278.4144,377,2.8000000000000007,6.5,5.300000000000001,1329.885
2025-07-30 10:30:00,42.5,285.055,377,2.8999999999999986,6.500000000000001,5.300000000000001,1285.239
2025-07-30 10:33:00,41.5,283.0874,377,2.8000000000000007,6.499999999999999,5.100000000000001,1255.458
2025-07-30 10:36:00,41.0,283.3333,377,2.8000000000000007,6.5,5.100000000000001,1256.54
2025-07-30 10:39:00,41.5,282.5955,377,2.8000000000000007,6.4,5.0,1257.207
2025-07-30 10:42:00,40.0,278.1684,377,2.8000000000000007,6.3999999999999995,4.799999999999997,1211.197
2025-07-30 10:45:00,40.0,278.1684,377,2.599999999999998,6.3999999999999995,4.900000000000002,1201.318
2025-07-30 10:48:00,38.5,274.4792,377,2.599999999999998,6.199999999999999,4.800000000000001,1170.251
2025-07-30 10:54:00,38.5,270.544,377,2.599999999999998,6.299999999999999,4.700000000000003,1164.874
2025-07-30 10:57:00,38.0,268.3304,377,2.6999999999999993,6.299999999999999,4.600000000000001,1153.582
2025-07-30 11:00:00,38.0,270.7899,377,2.6999999999999993,6.299999999999999,4.600000000000001,1150.531
2025-07-30 11:03:00,38.5,282.1036,377,2.6000000000000014,6.200000000000001,4.700000000000003,1166.029
2025-07-30 11:06:00,39.0,285.3009,377,2.6000000000000014,6.1000000000000005,4.799999999999997,1194.68
2025-07-30 11:09:00,39.0,286.2847,377,2.6000000000000014,6.1,4.699999999999996,1177.611
2025-07-30 11:57:00,37.5,270.7899,378,2.5,6.199999999999999,4.400000000000002,1122.24
2025-07-30 12:42:00,38.5,286.2847,379,2.6000000000000014,6.1000000000000005,4.699999999999999,1188.951
2025-07-30 12:45:00,39.5,285.5469,379,2.6000000000000014,6.1000000000000005,4.699999999999999,1186.802
2025-07-30 12:48:00,39.0,287.0226,379,2.6000000000000014,6.1000000000000005,4.699999999999999,1198.121
2025-07-30 12:51:00,39.0,286.5307,379,2.6000000000000014,6.1000000000000005,4.800000000000001,1197.88
2025-07-30 13:09:00,38.5,281.6117,379,2.6000000000000014,6.199999999999999,4.599999999999998,1181.855
2025-07-30 13:12:00,39.5,288.9902,379,2.6000000000000014,6.1,4.699999999999999,1206.966
2025-07-30 13:15:00,39.5,289.2361,380,2.6000000000000014,6.1,4.699999999999999,1206.317
2025-07-30 13:18:00,40.0,292.4334,380,2.6000000000000014,6.1000000000000005,4.800000000000001,1210.459
2025-07-30 13:21:00,40.0,291.2037,380,2.6999999999999993,6.1000000000000005,4.700000000000003,1216.374
2025-07-30 13:24:00,39.5,290.4659,380,2.6000000000000014,5.999999999999999,4.800000000000001,1213.181
2025-07-30 13:27:00,39.5,288.7442,380,2.6000000000000014,6.1,4.699999999999999,1197.066
2025-07-30 13:30:00,39.5,289.4821,380,2.6000000000000014,6.1,4.699999999999999,1186.783
2025-07-30 13:33:00,39.5,292.6794,380,2.6000000000000014,5.999999999999999,4.699999999999999,1201.187
2025-07-30 13:36:00,39.5,293.9091,380,2.6000000000000014,6.1000000000000005,4.800000000000001,1211.367
2025-07-30 13:39:00,40.0,291.4496,380,2.6999999999999993,6.1000000000000005,4.700000000000003,1212.369
2025-07-30 13:42:00,40.0,293.9091,380,2.6999999999999993,6.1000000000000005,4.800000000000004,1225.519
2025-07-30 13:45:00,40.0,296.3687,380,2.6999999999999993,6.1000000000000005,4.700000000000003,1226.528
2025-07-30 13:48:00,40.5,297.3524,380,2.8000000000000007,6.000000000000001,4.700000000000003,1232.838
2025-07-30 13:51:00,40.5,297.3524,380,2.8000000000000007,6.1000000000000005,4.700000000000003,1231.578
2025-07-30 13:54:00,40.0,297.5984,380,2.8000000000000007,6.1000000000000005,4.700000000000003,1222.022
2025-07-30 13:57:00,39.5,296.6146,380,2.6999999999999993,5.999999999999999,4.700000000000003,1212.107
2025-07-30 14:00:00,40.0,296.8605,380,2.6999999999999993,5.999999999999999,4.800000000000004,1230.712
2025-07-30 14:03:00,40.0,298.8281,380,2.8000000000000007,5.999999999999999,4.700000000000003,1219.11
2025-07-30 14:06:00,40.0,298.5822,380,2.8000000000000007,6.1000000000000005,4.600000000000001,1224.813
2025-07-30 14:09:00,40.5,297.5984,380,2.8000000000000007,6.1000000000000005,4.700000000000003,1223.795
2025-07-30 14:12:00,40.5,299.8119,380,2.8000000000000007,6.1000000000000005,4.700000000000003,1220.288
2025-07-30 14:15:00,41.0,302.7633,381,2.8000000000000007,6.1000000000000005,4.799999999999997,1238.604
2025-07-30 14:18:00,40.0,303.7471,381,2.8000000000000007,6.000000000000001,4.799999999999997,1248.07
2025-07-30 14:21:00,41.0,302.2714,381,2.8000000000000007,6.1000000000000005,4.799999999999997,1248.583
2025-07-30 14:24:00,41.0,297.8443,381,2.8000000000000007,6.1000000000000005,4.799999999999997,1240.797
2025-07-30 14:27:00,40.0,298.5822,381,2.8000000000000007,6.1000000000000005,4.700000000000003,1236.756
2025-07-30 14:30:00,40.5,296.3687,381,2.8000000000000007,6.1000000000000005,4.700000000000003,1235.256
2025-07-30 14:33:00,40.5,294.1551,381,2.6999999999999993,6.1000000000000005,4.700000000000003,1237.843
2025-07-30 14:36:00,40.0,292.9254,381,2.6999999999999993,6.200000000000001,4.700000000000003,1225.552
2025-07-30 14:39:00,40.0,293.1713,381,2.6999999999999993,6.1000000000000005,4.700000000000003,1228.025
2025-07-30 14:42:00,40.0,292.6794,381,2.6999999999999993,6.1000000000000005,4.700000000000003,1233.569
2025-07-30 14:45:00,40.5,299.32,381,2.6999999999999993,6.1000000000000005,4.799999999999997,1229.03
2025-07-30 14:48:00,40.5,299.0741,381,2.6999999999999993,6.1000000000000005,4.799999999999997,1236.846
2025-07-30 14:51:00,41.0,300.3038,381,2.6999999999999993,6.1000000000000005,4.799999999999997,1238.781
2025-07-30 14:54:00,40.5,302.7633,381,2.6999999999999993,5.999999999999999,4.799999999999997,1238.634
2025-07-30 14:57:00,40.5,298.5822,381,2.6999999999999993,6.1,4.700000000000003,1230.768
2025-07-30 15:00:00,40.0,297.8443,381,2.6999999999999993,6.1,4.799999999999997,1232.984
2025-07-30 15:03:00,40.5,297.3524,381,2.6999999999999993,6.1,4.799999999999997,1231.109
2025-07-30 15:06:00,40.5,298.5822,381,2.6999999999999993,5.999999999999999,4.799999999999997,1233.719
2025-07-30 15:09:00,40.5,296.1227,381,2.6999999999999993,6.1000000000000005,4.799999999999997,1227.501
2025-07-30 15:12:00,40.0,297.5984,381,2.6999999999999993,6.1000000000000005,4.799999999999997,1230.634
2025-07-30 15:15:00,40.5,298.8281,382,2.6999999999999993,6.1000000000000005,4.799999999999997,1244.243
2025-07-30 15:18:00,41.0,298.0903,382,2.8000000000000007,6.1000000000000005,4.699999999999996,1250.37
2025-07-30 15:21:00,41.5,297.5984,382,2.8000000000000007,6.2,4.799999999999997,1255.984
2025-07-30 15:24:00,40.5,298.0903,382,2.8000000000000007,6.1000000000000005,4.799999999999997,1256.777
2025-07-30 15:27:00,40.5,294.8929,382,2.8000000000000007,6.200000000000001,4.699999999999996,1232.563
2025-07-30 15:30:00,39.5,291.4496,382,2.6999999999999993,6.1,4.799999999999997,1231.682
2025-07-30 15:33:00,40.0,289.974,382,2.6999999999999993,6.1,4.700000000000003,1228.299
2025-07-30 15:36:00,39.5,290.7118,382,2.6999999999999993,6.1,4.700000000000003,1224.669
2025-07-30 15:39:00,40.5,290.2199,382,2.6999999999999993,6.1,4.700000000000003,1226.33
2025-07-30 15:42:00,40.5,290.2199,382,2.6999999999999993,6.200000000000001,4.700000000000003,1227.211
2025-07-30 15:45:00,40.5,292.4334,382,2.6999999999999993,6.200000000000001,4.799999999999997,1228.741
2025-07-30 15:48:00,41.0,296.3687,382,2.6999999999999993,6.200000000000001,4.899999999999999,1249.389
2025-07-30 15:51:00,40.5,295.1389,382,2.6999999999999993,6.1000000000000005,4.799999999999997,1243.52
2025-07-30 15:54:00,40.5,296.8605,382,2.8000000000000007,6.1000000000000005,4.699999999999996,1246.222
2025-07-30 15:57:00,40.5,297.8443,382,2.8000000000000007,6.200000000000001,4.699999999999996,1243.807
2025-07-30 16:00:00,40.5,291.4496,382,2.8000000000000007,6.1,4.699999999999996,1235.97
2025-07-30 16:03:00,40.5,290.4659,382,2.6999999999999993,6.199999999999999,4.799999999999997,1234.88
2025-07-30 16:06:00,40.5,291.2037,382,2.6999999999999993,6.200000000000001,4.799999999999997,1238.839
2025-07-30 16:09:00,40.5,289.4821,382,2.6999999999999993,6.200000000000001,4.799999999999997,1232.009
2025-07-30 16:12:00,40.5,289.2361,382,2.6999999999999993,6.300000000000001,4.799999999999997,1233.683
2025-07-30 16:15:00,40.0,284.3171,383,2.6999999999999993,6.300000000000001,4.700000000000003,1231.351
2025-07-30 16:18:00,40.0,288.2523,383,2.6999999999999993,6.300000000000001,4.799999999999997,1237.201
2025-07-30 16:21:00,40.5,289.2361,383,2.6999999999999993,6.200000000000001,4.799999999999997,1233.983
2025-07-30 16:24:00,40.5,284.5631,383,2.6999999999999993,6.200000000000001,4.799999999999997,1232.459
2025-07-30 16:27:00,40.0,282.5955,383,2.6999999999999993,6.300000000000001,4.700000000000003,1229.832
2025-07-30 16:30:00,40.0,280.136,383,2.8000000000000007,6.299999999999999,4.700000000000003,1222.44
2025-07-30 16:33:00,39.5,282.8414,383,2.6999999999999993,6.199999999999999,4.600000000000001,1201.969
2025-07-30 16:36:00,39.5,278.9063,383,2.6999999999999993,6.199999999999999,4.600000000000001,1197.818
2025-07-30 16:39:00,39.0,282.5955,383,2.6999999999999993,6.199999999999999,4.600000000000001,1199.97
2025-07-30 16:42:00,39.5,285.5469,383,2.8000000000000007,6.1,4.600000000000001,1203.541
2025-07-30 16:45:00,39.5,283.8252,383,2.6999999999999993,6.1,4.600000000000001,1196.377
2025-07-30 16:48:00,39.0,280.136,383,2.8000000000000007,6.200000000000001,4.600000000000001,1195.641
2025-07-30 16:51:00,39.5,279.3981,383,2.8000000000000007,6.200000000000001,4.600000000000001,1198.231
2025-07-30 16:54:00,39.5,277.6765,383,2.8000000000000007,6.200000000000001,4.600000000000001,1201.914
2025-07-30 16:57:00,39.0,279.6441,383,2.8000000000000007,6.200000000000001,4.600000000000001,1209.57
2025-07-30 17:00:00,39.5,279.3981,383,2.8000000000000007,6.200000000000001,4.600000000000001,1205.942
2025-07-30 17:03:00,39.5,280.6279,383,2.8000000000000007,6.200000000000001,4.600000000000001,1201.32
2025-07-30 17:06:00,39.5,277.9225,383,2.8000000000000007,6.200000000000001,4.600000000000001,1200.741
2025-07-30 17:09:00,39.0,277.9225,383,2.6999999999999993,6.300000000000001,4.700000000000003,1199.134
2025-07-30 17:12:00,39.0,269.3142,383,2.8000000000000007,6.4,4.600000000000001,1196.717
2025-07-30 17:15:00,38.5,271.0359,384,2.8000000000000007,6.4,4.5,1191.843
2025-07-30 17:18:00,39.0,271.5278,384,2.6999999999999993,6.300000000000001,4.600000000000001,1190.38
2025-07-30 17:21:00,38.0,268.3304,384,2.6999999999999993,6.300000000000001,4.600000000000001,1169.741
2025-07-30 17:24:00,38.5,265.8709,384,2.599999999999998,6.4,4.600000000000001,1172.166
2025-07-30 17:27:00,38.0,284.5631,384,2.599999999999998,6.300000000000001,4.600000000000001,1171.177
2025-07-30 17:30:00,39.5,283.0874,384,2.6999999999999993,6.200000000000001,4.700000000000003,1212.161
2025-07-30 17:33:00,39.5,285.055,384,2.6999999999999993,6.200000000000001,4.700000000000003,1205.466
2025-07-30 17:36:00,39.5,286.5307,384,2.6999999999999993,6.200000000000001,4.700000000000003,1209.654
2025-07-30 17:39:00,39.5,288.2523,384,2.6999999999999993,6.200000000000001,4.700000000000003,1205.208
2025-07-30 17:42:00,39.0,277.1846,384,2.6999999999999993,6.200000000000001,4.700000000000003,1197.437
2025-07-30 17:45:00,38.5,278.1684,384,2.6999999999999993,6.199999999999999,4.600000000000001,1182.228
2025-07-30 17:48:00,38.5,268.3304,384,2.6999999999999993,6.199999999999999,4.5,1177.508
2025-07-30 17:51:00,38.0,264.8871,384,2.599999999999998,6.4,4.600000000000001,1164.179
2025-07-30 17:54:00,37.5,258.2465,384,2.6999999999999993,6.4,4.399999999999999,1150.121
2025-07-30 17:57:00,38.0,290.2199,384,2.6999999999999993,6.300000000000001,4.600000000000001,1186.626
2025-07-30 18:00:00,40.0,293.1713,384,2.8000000000000007,6.1000000000000005,4.799999999999997,1239.32
2025-07-30 18:03:00,40.0,295.6308,384,2.8000000000000007,6.1000000000000005,4.899999999999999,1242.348
2025-07-30 18:06:00,39.5,286.2847,384,2.8000000000000007,6.200000000000001,4.699999999999996,1225.957
2025-07-30 18:09:00,39.0,272.0197,384,2.8000000000000007,6.200000000000001,4.600000000000001,1194.206
2025-07-30 18:12:00,38.0,263.6574,384,2.6999999999999993,6.300000000000001,4.5,1166.597
2025-07-30 18:15:00,37.5,261.6898,385,2.6999999999999993,6.300000000000001,4.5,1158.249
2025-07-30 18:18:00,37.5,261.9358,385,2.6999999999999993,6.4,4.5,1158.749
2025-07-30 18:21:00,38.0,262.4277,385,2.599999999999998,6.4,4.600000000000001,1147.487
2025-07-30 18:24:00,37.5,261.9358,385,2.6999999999999993,6.300000000000001,4.5,1148.64
2025-07-30 18:27:00,37.5,264.1493,385,2.599999999999998,6.300000000000001,4.600000000000001,1148.107
2025-07-30 18:30:00,38.0,265.3791,385,2.599999999999998,6.300000000000001,4.5,1142.158
2025-07-30 18:33:00,37.0,264.6412,385,2.599999999999998,6.199999999999999,4.5,1140.256
2025-07-30 18:36:00,37.5,262.4277,385,2.599999999999998,6.199999999999999,4.5,1137.458
2025-07-30 18:39:00,37.0,261.9358,385,2.599999999999998,6.199999999999999,4.5,1139.423
2025-07-30 18:42:00,36.5,261.9358,385,2.599999999999998,6.199999999999999,4.399999999999999,1126.212
2025-07-30 18:45:00,36.5,259.4763,385,2.599999999999998,6.199999999999999,4.399999999999999,1125.279
2025-07-30 18:48:00,37.0,250.8681,385,2.599999999999998,6.299999999999999,4.399999999999999,1122.372
2025-08-01 08:36:00,38.5,326.3744,385,1.5,2.4000000000000004,3.8999999999999986,1181.792
2025-08-01 08:39:00,42.5,334.4907,385,2.0,4.0,4.399999999999999,1319.683
2025-08-01 08:42:00,40.5,343.5909,385,2.5,5.1,5.199999999999999,1228.043
2025-08-01 08:45:00,41.0,351.4612,385,2.5,5.199999999999999,5.100000000000001,1258.203
2025-08-01 08:48:00,41.0,353.9207,385,2.6000000000000014,5.200000000000001,5.199999999999996,1264.22
2025-08-01 08:51:00,41.0,336.9502,385,2.6999999999999993,5.2,5.099999999999998,1241.286
2025-08-01 08:54:00,41.5,345.8044,385,2.8000000000000007,5.6,4.9999999999999964,1288.111
2025-08-01 08:57:00,41.5,319.9797,386,2.6999999999999993,5.499999999999999,4.9999999999999964,1284.884
2025-08-01 09:00:00,41.0,313.3391,386,2.6999999999999993,5.800000000000001,4.900000000000002,1257.714
2025-08-01 09:03:00,41.0,316.2905,386,2.799999999999997,5.800000000000001,4.899999999999999,1261.581
2025-08-01 09:06:00,42.0,334.7367,386,2.8000000000000007,5.800000000000001,5.0,1285.219
2025-08-01 09:09:00,42.5,344.3287,386,2.900000000000002,5.7,5.100000000000001,1319.427
2025-08-01 09:12:00,44.0,346.5422,386,2.8999999999999986,5.699999999999999,5.199999999999999,1354.787
2025-08-01 09:15:00,44.5,344.5746,386,3.0,5.699999999999999,5.300000000000001,1383.505
2025-08-01 09:18:00,45.0,342.1152,386,3.0,6.000000000000001,5.300000000000001,1387.217
2025-08-01 09:21:00,46.0,355.3964,386,3.099999999999998,5.800000000000001,5.300000000000004,1427.392
2025-08-01 09:24:00,47.0,364.9884,386,3.1999999999999993,5.6,5.399999999999999,1451.763
2025-08-01 09:27:00,47.5,368.6777,386,3.200000000000003,5.7,5.399999999999999,1461.026
2025-08-01 09:30:00,47.5,365.4803,386,3.1000000000000014,5.8,5.399999999999999,1478.092
2025-08-01 09:33:00,49.0,363.2668,386,3.1999999999999993,5.8999999999999995,5.5000000000000036,1502.187
2025-08-01 09:36:00,47.0,283.3333,386,3.1000000000000014,6.1,5.0,1408.245
2025-08-01 09:39:00,42.0,280.136,386,2.8000000000000007,6.6,4.699999999999999,1274.906
2025-08-01 09:42:00,40.0,271.7737,386,2.6999999999999993,6.5,4.5000000000000036,1220.208
2025-08-01 09:45:00,39.5,262.4277,386,2.6000000000000014,6.500000000000001,4.5,1196.031
2025-08-01 09:48:00,39.5,264.3953,386,2.6000000000000014,6.7,4.600000000000001,1189.575
2025-08-01 09:51:00,39.5,273.0035,386,2.6000000000000014,6.200000000000001,4.5,1192.368
2025-08-01 09:54:00,38.5,275.9549,386,2.6000000000000014,6.1,4.399999999999999,1176.003
2025-08-01 09:57:00,37.5,272.7575,387,2.5,6.1000000000000005,4.299999999999997,1146.592
2025-08-01 10:00:00,37.5,273.4954,387,2.5,6.1,4.299999999999997,1147.831
2025-08-01 10:03:00,37.5,271.7737,387,2.5,6.0,4.299999999999997,1150.381
2025-08-01 10:06:00,38.0,273.0035,387,2.5,6.1,4.299999999999997,1147.279
2025-08-01 10:09:00,37.0,274.4792,387,2.3999999999999986,5.9,4.399999999999999,1135.048
2025-08-01 10:12:00,36.5,276.6927,387,2.3000000000000007,5.8,4.300000000000001,1092.273
2025-08-01 10:15:00,36.5,286.2847,387,2.400000000000002,5.800000000000001,4.300000000000001,1109.619
2025-08-01 10:18:00,37.5,284.0712,387,2.5,5.8,4.399999999999999,1133.19
2025-08-01 10:21:00,38.0,281.6117,387,2.5,5.8999999999999995,4.399999999999999,1147.304
2025-08-01 10:24:00,37.5,275.217,387,2.3999999999999986,5.9,4.300000000000004,1139.838
2025-08-01 10:27:00,37.0,274.2332,387,2.400000000000002,5.699999999999999,4.400000000000002,1127.363
2025-08-01 10:30:00,36.5,273.4954,387,2.400000000000002,5.799999999999999,4.300000000000001,1108.525
2025-08-01 10:33:00,36.5,275.7089,387,2.400000000000002,5.9,4.400000000000002,1119.391
2025-08-01 10:36:00,38.0,274.7251,387,2.5,6.0,4.399999999999999,1155.955
2025-08-01 10:39:00,38.0,272.2656,387,2.5,6.200000000000001,4.5,1160.728
2025-08-01 10:42:00,38.0,275.217,387,2.5,6.1000000000000005,4.399999999999999,1159.656
2025-08-01 10:45:00,38.5,274.4792,387,2.6000000000000014,5.999999999999999,4.399999999999999,1165.009
2025-08-01 10:48:00,38.5,275.217,387,2.5,6.1000000000000005,4.399999999999999,1155.918
2025-08-01 10:51:00,38.0,270.298,387,2.5,6.1000000000000005,4.399999999999999,1153.657
2025-08-01 10:54:00,37.5,268.3304,387,2.5,6.0,4.300000000000004,1135.961
2025-08-01 10:57:00,37.0,268.5764,388,2.400000000000002,6.0,4.400000000000002,1126.627
2025-08-01 11:00:00,37.0,270.298,388,2.400000000000002,6.1,4.400000000000002,1128.624
2025-08-01 11:03:00,37.0,271.7737,388,2.400000000000002,6.0,4.400000000000002,1127.485
2025-08-01 11:06:00,37.5,273.9873,388,2.5,6.0,4.399999999999999,1135.775
2025-08-01 11:09:00,38.0,275.217,388,2.3999999999999986,6.0,4.399999999999999,1144.272
2025-08-01 11:12:00,38.0,275.463,388,2.5,6.1,4.299999999999997,1155.161
2025-08-01 11:15:00,38.0,273.0035,388,2.3999999999999986,6.0,4.399999999999999,1033.57
2025-09-02 07:33:00,38.5,285.3009,388,2.0,2.200000000000001,3.599999999999998,1227.19
2025-09-02 07:36:00,40.5,318.75,388,2.6000000000000014,3.999999999999999,4.600000000000001,1247.709
2025-09-02 07:39:00,42.0,424.2621,388,2.8000000000000007,4.6000000000000005,5.400000000000002,1317.666
2025-09-02 07:42:00,48.0,559.7801,388,3.5,4.000000000000001,5.799999999999997,1499.564
2025-09-02 07:45:00,50.5,630.1215,388,3.700000000000003,3.499999999999999,5.799999999999997,1555.421
2025-09-02 07:48:00,50.0,666.7679,388,3.799999999999997,3.299999999999999,5.700000000000003,1551.959
2025-09-02 07:51:00,50.0,650.2894,388,3.799999999999997,3.1999999999999993,5.700000000000003,1560.155
2025-09-02 07:57:00,57.5,591.7535,388,3.0,2.5999999999999996,6.100000000000001,1793.5720000000001
2025-09-02 08:00:00,62.5,578.4722,388,4.0,3.3999999999999995,6.0,1893.2573
2025-09-02 08:03:00,66.0,575.5208,388,3.799999999999997,3.8,6.200000000000003,2027.755
2025-09-02 08:06:00,70.0,554.8611,389,4.0000000000000036,4.0,6.299999999999997,2090.278
2025-09-02 08:09:00,68.0,539.6123,389,3.8000000000000007,4.2,6.100000000000001,2050.946
2025-09-02 08:12:00,67.5,518.2147,389,3.8999999999999986,4.4,6.0,2040.199
2025-09-02 08:15:00,67.5,517.9688,389,3.8999999999999986,4.499999999999999,6.100000000000001,2074.277
2025-09-02 08:18:00,69.0,518.9525,389,4.0,4.6000000000000005,6.299999999999997,2132.584
2025-09-02 08:21:00,71.0,508.8687,389,4.0,4.699999999999999,6.399999999999999,2147.029
2025-09-02 08:24:00,72.5,504.6875,389,4.100000000000001,4.700000000000001,6.399999999999999,2185.365
2025-09-02 08:27:00,69.5,441.4786,389,4.799999999999997,4.6000000000000005,6.0,2056.532
2025-09-02 08:30:00,66.0,416.6377,389,4.599999999999998,5.2,5.800000000000004,1977.7437
2025-09-02 08:33:00,65.0,412.2106,389,4.699999999999999,5.2,5.800000000000004,1989.4379
2025-09-02 08:36:00,66.5,423.5243,389,4.599999999999998,5.3,5.800000000000004,2010.827
2025-09-02 08:39:00,67.0,402.6187,389,4.699999999999999,5.199999999999999,5.800000000000004,2020.783
2025-09-02 08:42:00,64.5,387.3698,389,4.599999999999998,5.3,5.5,1958.2253
2025-09-02 08:45:00,65.5,403.3565,389,4.4999999999999964,5.3,5.5,1959.961
2025-09-02 08:48:00,65.0,406.3079,389,4.5000000000000036,5.300000000000001,5.599999999999994,1951.6588000000002
2025-09-02 08:51:00,64.5,395.2402,389,4.400000000000002,5.200000000000001,5.5,1919.9234000000001
2025-09-02 08:54:00,65.0,396.9618,389,4.400000000000002,5.4,5.599999999999994,1944.8091
2025-09-02 08:57:00,65.0,394.0104,389,4.4999999999999964,5.3,5.5,1935.6309999999999
2025-09-02 09:00:00,64.0,380.2373,389,4.400000000000002,5.5,5.399999999999999,1911.7134999999998
2025-09-02 09:03:00,64.5,385.1563,389,4.4999999999999964,5.6,5.600000000000001,1951.9104
2025-09-02 09:06:00,65.0,387.1238,390,4.4999999999999964,5.7,5.700000000000003,1978.6434
2025-09-02 09:09:00,65.0,374.3345,390,4.4999999999999964,5.7,5.700000000000003,1967.0115999999998
2025-09-02 09:12:00,65.0,365.4803,390,4.599999999999998,5.8999999999999995,5.700000000000003,1967.1452
2025-09-02 09:15:00,65.0,369.1696,390,4.5000000000000036,5.8,5.599999999999994,1947.5451
2025-09-02 09:18:00,65.5,385.4022,390,4.599999999999998,5.8,5.700000000000003,1967.8722
2025-09-02 09:21:00,66.5,393.5185,390,4.599999999999998,5.8,5.800000000000004,2001.1875
2025-09-02 09:24:00,66.0,391.305,390,4.699999999999999,5.699999999999999,5.700000000000003,1994.6660000000002
2025-09-02 09:27:00,65.5,382.2049,390,4.599999999999998,5.7,5.700000000000003,1976.6015
2025-09-02 09:30:00,64.0,374.0885,390,4.5000000000000036,5.7,5.699999999999996,1961.0946
2025-09-02 09:33:00,62.5,347.772,390,4.5000000000000036,6.0,5.399999999999999,1886.2973000000002
2025-09-02 09:36:00,39.0,308.4201,390,3.599999999999998,6.1,2.0,1030.5685
2025-09-07 15:00:00,41.5,276.4468,390,2.0,3.1999999999999993,4.099999999999998,1301.426
2025-09-07 15:03:00,43.0,271.0359,390,3.099999999999998,5.3999999999999995,4.900000000000006,1296.401
2025-09-07 15:06:00,41.5,268.5764,390,3.3000000000000007,6.199999999999999,5.0,1251.93
2025-09-07 15:09:00,41.0,266.1169,390,3.5,6.199999999999999,4.899999999999999,1265.286
2025-09-07 15:12:00,41.5,267.8385,390,3.6000000000000014,6.199999999999999,4.799999999999997,1263.321
2025-09-07 15:15:00,42.0,273.2494,390,3.6000000000000014,6.199999999999999,4.799999999999997,1276.702
2025-09-07 15:18:00,42.5,280.3819,390,3.299999999999997,6.200000000000001,4.800000000000004,1298.181
2025-09-07 15:21:00,42.5,271.5278,390,3.299999999999997,6.200000000000001,4.800000000000004,1294.968
2025-09-07 15:24:00,41.5,263.6574,391,3.299999999999997,6.299999999999999,4.800000000000004,1263.12
2025-09-07 15:27:00,41.0,265.8709,391,3.299999999999997,6.3999999999999995,4.600000000000001,1256.269
2025-09-07 15:30:00,41.0,262.1817,391,3.200000000000003,6.3,4.599999999999994,1240.916
2025-09-07 15:33:00,40.0,264.8871,391,3.200000000000003,6.299999999999999,4.5,1228.095
2025-09-07 15:36:00,40.0,262.4277,391,3.200000000000003,6.299999999999999,4.5,1227.661
2025-09-07 15:39:00,41.0,265.8709,391,3.1000000000000014,6.199999999999999,4.5,1231.498
2025-09-07 15:42:00,40.5,263.1655,391,3.1999999999999993,6.199999999999999,4.600000000000001,1231.8
2025-09-07 15:45:00,40.0,265.8709,391,3.1999999999999993,6.299999999999999,4.600000000000001,1228.198
2025-09-07 15:48:00,41.0,268.3304,391,3.3000000000000007,6.300000000000001,4.600000000000001,1246.759
2025-09-07 15:51:00,41.0,271.5278,391,3.3000000000000007,6.300000000000001,4.600000000000001,1248.691
2025-09-07 15:54:00,41.0,271.5278,391,3.3000000000000007,6.200000000000001,4.600000000000001,1252.734
2025-09-07 15:57:00,41.0,273.9873,391,3.3000000000000007,6.200000000000001,4.699999999999996,1252.389
2025-09-07 16:00:00,41.5,272.2656,391,3.3000000000000007,6.1,4.699999999999996,1253.25
2025-09-07 16:03:00,40.5,265.625,391,3.3000000000000007,6.199999999999999,4.600000000000001,1234.166
2025-09-07 16:06:00,41.5,277.1846,391,3.200000000000003,6.300000000000001,4.600000000000001,1239.476
2025-09-07 16:09:00,42.0,283.0874,391,3.3000000000000043,6.200000000000001,4.699999999999996,1263.523
2025-09-07 16:12:00,42.0,289.4821,391,3.3000000000000043,6.1000000000000005,4.799999999999997,1282.918
2025-09-07 16:15:00,42.5,287.7604,391,3.3999999999999986,6.1000000000000005,4.800000000000004,1293.549
2025-09-07 16:18:00,42.5,274.7251,391,3.299999999999997,6.2,4.700000000000003,1280.013
2025-09-07 16:21:00,41.0,265.3791,391,3.200000000000003,6.200000000000001,4.599999999999994,1246.667
2025-09-07 16:24:00,40.5,261.1979,392,3.200000000000003,6.199999999999999,4.599999999999994,1233.322
2025-09-07 16:27:00,40.5,261.1979,392,3.200000000000003,6.299999999999999,4.5,1229.856
2025-09-07 16:30:00,40.5,261.1979,392,3.200000000000003,6.299999999999999,4.5,1228.756
2025-09-07 16:33:00,40.5,259.9682,392,3.200000000000003,6.3999999999999995,4.5,1216.088
2025-09-07 16:36:00,40.0,253.8194,392,3.200000000000003,6.3,4.399999999999999,1199.567
2025-09-07 16:39:00,38.5,253.0816,392,3.1000000000000014,6.3,4.199999999999996,1162.026
2025-09-07 16:42:00,38.0,254.8032,392,3.0,6.199999999999999,4.399999999999999,1157.857
2025-09-07 16:45:00,39.0,261.6898,392,3.1000000000000014,6.199999999999999,4.399999999999999,1189.04
2025-09-07 16:48:00,38.5,252.0978,392,3.1000000000000014,6.199999999999999,4.5,1191.694
2025-09-07 16:51:00,38.5,248.4086,392,3.1000000000000014,6.3999999999999995,4.299999999999997,1166.844
2025-09-07 16:54:00,38.5,245.9491,392,3.1000000000000014,6.3999999999999995,4.399999999999999,1168.809
2025-09-07 16:57:00,38.0,248.4086,392,3.0,6.299999999999999,4.299999999999997,1144.686
2025-09-07 17:00:00,38.0,250.6221,392,3.0,6.199999999999999,4.299999999999997,1146.739
2025-09-07 17:03:00,38.5,253.3275,392,3.0,6.199999999999999,4.399999999999999,1161.392
2025-09-07 17:06:00,38.0,249.6383,392,3.0,6.1,4.199999999999996,1150.198
2025-09-07 17:09:00,37.5,248.1626,392,3.0,6.1,4.199999999999996,1153.502
2025-09-07 17:12:00,38.5,253.3275,392,3.0,6.300000000000001,4.399999999999999,1164.991
2025-09-07 17:15:00,39.5,256.7708,392,3.1000000000000014,6.3,4.5,1195.904
2025-09-07 17:18:00,39.5,256.033,392,3.1000000000000014,6.1000000000000005,4.399999999999999,1188.099
2025-09-07 17:21:00,38.5,247.1788,392,3.0,6.200000000000001,4.399999999999999,1169.115
2025-09-07 17:24:00,38.5,249.8843,393,3.0,6.199999999999999,4.299999999999997,1164.349
2025-09-07 17:27:00,38.0,253.0816,393,3.0,6.199999999999999,4.399999999999999,1161.988
2025-09-07 17:30:00,38.5,252.3438,393,3.0,6.1,4.399999999999999,1160.877
2025-09-07 17:33:00,37.5,248.4086,393,3.0,6.199999999999999,4.199999999999996,1140.736
2025-09-07 17:36:00,37.5,249.3924,393,2.900000000000002,6.1,4.299999999999997,1140.649
2025-09-07 17:39:00,37.5,248.6545,393,2.900000000000002,6.199999999999999,4.299999999999997,1140.061
2025-09-07 17:42:00,37.0,242.5058,393,2.900000000000002,6.199999999999999,4.299999999999997,1136.995
2025-09-07 17:45:00,36.5,243.7355,393,2.8000000000000007,6.1000000000000005,3.8999999999999986,1100.619
2025-09-07 17:48:00,39.0,249.3924,393,2.6999999999999993,5.800000000000001,4.200000000000003,1180.005
2025-09-07 17:51:00,39.0,235.3732,393,2.900000000000002,6.200000000000001,4.399999999999999,1193.253
2025-09-07 17:54:00,37.5,235.3732,393,2.900000000000002,6.3999999999999995,4.299999999999997,1139.456
2025-09-07 17:57:00,36.0,232.6678,393,2.8000000000000007,6.199999999999999,3.6999999999999957,1071.312
2025-09-07 18:00:00,37.5,248.6545,393,2.6999999999999993,5.8,4.100000000000001,1137.645
2025-09-07 18:03:00,39.0,246.195,393,2.900000000000002,5.8999999999999995,4.199999999999996,1176.542
2025-09-07 18:06:00,38.5,245.2112,393,2.8999999999999986,6.199999999999999,4.300000000000004,1170.255
2025-09-07 18:09:00,38.5,246.9329,393,2.9999999999999964,6.199999999999999,4.300000000000004,1158.26
2025-09-07 18:12:00,37.0,242.7518,393,2.8999999999999986,6.199999999999999,4.300000000000004,1140.215
2025-09-07 18:15:00,37.0,242.2598,393,2.6000000000000014,5.8999999999999995,4.0,1130.849
2025-09-07 18:18:00,39.5,244.4734,393,2.799999999999997,5.9,4.300000000000004,1203.765
2025-09-07 18:21:00,40.0,248.9005,393,3.0,6.200000000000001,4.399999999999999,1207.959
2025-09-07 18:24:00,39.5,241.276,394,3.0,6.3999999999999995,4.399999999999999,1176.353
2025-09-07 18:27:00,35.5,236.1111,394,2.8999999999999986,6.3,4.200000000000003,1123.163
2025-09-07 18:30:00,36.0,237.8328,394,2.6000000000000014,5.8999999999999995,3.8999999999999986,1100.202
2025-09-07 18:33:00,38.5,241.276,394,2.6999999999999957,5.8,4.100000000000001,1150.767
2025-09-07 18:36:00,38.0,241.522,394,2.799999999999997,6.1,4.200000000000003,1146.882
2025-09-07 18:39:00,38.5,243.2436,394,2.8999999999999986,6.3,4.299999999999997,1164.394
2025-09-07 18:42:00,38.5,243.2436,394,2.8999999999999986,6.299999999999999,4.299999999999997,1164.156
2025-09-07 18:45:00,39.0,246.195,394,2.8999999999999986,6.300000000000001,4.399999999999999,1179.313
2025-09-07 18:48:00,40.0,248.4086,394,2.8999999999999986,6.4,4.5,1200.251
2025-09-07 18:51:00,39.5,236.603,394,2.8999999999999986,6.4,4.399999999999999,1181.757
2025-09-07 18:54:00,38.0,235.3732,394,2.8999999999999986,6.3999999999999995,4.100000000000001,1149.57
2025-09-07 18:57:00,37.0,243.7355,394,2.6999999999999957,6.1,4.0,1098.91
2025-09-07 19:00:00,37.0,235.1273,394,2.6000000000000014,5.8,3.8999999999999986,1118.275
2025-09-07 19:03:00,38.0,232.6678,394,2.6000000000000014,5.8999999999999995,4.099999999999994,1121.874
2025-09-07 19:06:00,37.5,234.8814,394,2.6999999999999957,6.1,4.200000000000003,1132.637
2025-09-07 19:09:00,37.0,236.3571,394,2.6999999999999957,6.2,4.100000000000001,1106.941
2025-09-07 19:12:00,35.5,233.4057,394,2.5,5.9,3.8999999999999986,1080.111
2025-09-07 19:15:00,36.5,234.1435,394,2.5,5.8,3.8999999999999986,1082.281
2025-09-07 19:18:00,36.5,232.6678,394,2.5,5.8,4.0,1091.152
2025-09-07 19:21:00,37.0,232.6678,394,2.6000000000000014,5.9,4.100000000000001,1123.069
2025-09-07 19:24:00,37.0,239.8003,395,2.6000000000000014,6.199999999999999,4.199999999999996,1114.265
2025-09-07 19:27:00,37.5,237.0949,395,2.700000000000003,6.199999999999999,4.199999999999996,1121.244
2025-09-07 19:30:00,36.5,236.603,395,2.6000000000000014,5.8999999999999995,4.0,1122.807
2025-09-07 19:33:00,37.5,236.603,395,2.6000000000000014,5.8,4.0,1123.757
2025-09-07 19:36:00,37.5,227.7488,395,2.6000000000000014,5.8999999999999995,4.0,1125.32
2025-09-07 19:39:00,37.5,245.2112,395,2.6000000000000014,6.1,4.200000000000003,1146.346
2025-09-07 19:42:00,37.5,245.2112,395,2.8000000000000007,6.1,4.199999999999996,1135.442
2025-09-07 19:45:00,35.5,237.3409,395,2.6999999999999993,6.1,3.700000000000003,1066.67
2025-09-07 19:48:00,36.5,232.9138,395,2.5,5.8,3.9999999999999964,1092.311
2025-09-07 19:51:00,36.5,237.0949,395,2.5,5.8,3.900000000000002,1097.158
2025-09-07 19:54:00,36.5,234.6354,395,2.5,5.8,4.099999999999998,1117.456
2025-09-07 19:57:00,37.5,236.1111,395,2.6999999999999993,6.0,4.200000000000003,1132.771
2025-09-07 20:00:00,37.5,236.1111,395,2.6999999999999993,6.3999999999999995,4.200000000000003,1130.551
2025-09-07 20:03:00,35.5,235.8652,395,2.6999999999999993,6.299999999999999,3.700000000000003,1079.393
2025-09-07 20:06:00,36.5,238.8166,395,2.5,5.699999999999999,3.9999999999999964,1119.828
2025-09-07 20:09:00,37.0,235.1273,395,2.5,5.699999999999999,3.9999999999999964,1115.633
2025-09-07 20:12:00,37.0,227.5029,395,2.5,5.8999999999999995,4.199999999999999,1107.859
2025-09-07 20:15:00,37.0,238.5706,395,2.8000000000000007,6.1,4.100000000000001,1121.214
2025-09-07 20:18:00,36.5,238.5706,395,2.6999999999999993,6.199999999999999,4.200000000000003,1098.064
2025-09-07 20:21:00,35.0,234.1435,395,2.3999999999999986,5.8999999999999995,3.900000000000002,1067.21
2025-09-07 20:24:00,36.5,230.2083,396,2.5,5.8,3.900000000000002,1098.123
2025-09-07 20:27:00,36.0,226.0272,396,2.3999999999999986,5.8999999999999995,3.900000000000002,1073.462
2025-09-07 20:30:00,36.0,224.0596,396,2.5,6.0,4.0000000000000036,1082.296
2025-09-07 20:33:00,35.0,227.7488,396,2.5,6.0,3.8000000000000007,1055.873
2025-09-07 20:36:00,35.5,226.5191,396,2.3999999999999986,5.8999999999999995,3.900000000000002,1075.257
2025-09-07 20:39:00,36.0,234.1435,396,2.5,5.8999999999999995,3.900000000000002,1085.843
2025-09-07 20:42:00,36.0,231.684,396,2.5,5.8,3.900000000000002,1101.978
2025-09-07 20:45:00,36.0,225.5353,396,2.6000000000000014,6.1,3.9999999999999964,1086.902
2025-09-07 20:48:00,36.0,221.8461,396,2.5,6.299999999999999,4.199999999999999,1080.017
2025-09-07 20:51:00,34.0,218.8947,396,2.6000000000000014,6.3,3.8000000000000007,1008.708
2025-09-07 20:54:00,35.0,222.338,396,2.5,5.8999999999999995,3.8000000000000007,1043.278
2025-09-07 20:57:00,35.0,226.0272,396,2.400000000000002,5.8,3.8999999999999986,1054.666
2025-09-07 21:00:00,35.0,222.8299,396,2.400000000000002,5.8,3.799999999999997,1036.654
2025-09-07 21:03:00,34.5,225.0434,396,2.400000000000002,5.8,3.799999999999997,1030.889
2025-10-03 08:57:00,40.0,280.136,396,2.599999999999998,3.3,4.300000000000001,1269.457
2025-10-03 09:00:00,39.5,269.8062,396,3.599999999999998,5.0,4.599999999999998,1214.266
2025-10-03 09:03:00,40.0,280.6279,396,3.900000000000002,5.699999999999999,4.799999999999997,1234.551
2025-10-03 09:06:00,40.0,288.2523,396,4.099999999999998,5.8,4.700000000000003,1228.426
2025-10-03 09:09:00,38.5,282.8414,397,4.0000000000000036,6.0,4.5,1160.481
2025-10-03 09:12:00,39.5,282.1036,397,4.099999999999998,5.699999999999999,4.600000000000001,1199.429
2025-10-03 09:15:00,39.0,282.1036,397,4.099999999999998,5.6,4.600000000000001,1198.653
2025-10-03 09:18:00,36.5,241.522,397,3.5,6.1000000000000005,4.199999999999999,1121.459
2025-10-03 09:21:00,34.5,242.0139,397,3.099999999999998,6.1000000000000005,3.6000000000000014,1043.625
2025-10-03 09:24:00,36.5,243.2436,397,2.8999999999999986,5.6000000000000005,4.0000000000000036,1107.467
2025-10-03 09:27:00,37.0,242.0139,397,3.0,5.7,4.199999999999999,1126.524
2025-10-03 09:30:00,37.0,243.7355,397,3.099999999999998,6.0,4.200000000000003,1114.342
2025-10-03 09:33:00,35.5,245.2112,397,3.099999999999998,6.1000000000000005,4.200000000000003,1075.766
2025-10-03 09:36:00,35.0,245.2112,397,3.1999999999999993,6.1,3.799999999999997,1060.875
2025-10-03 09:39:00,36.0,245.7031,397,2.8000000000000007,5.6,4.099999999999998,1111.03
2025-10-03 09:42:00,37.5,247.4248,397,3.1000000000000014,5.8999999999999995,4.200000000000003,1151.666
2025-10-03 09:45:00,37.0,242.0139,397,3.200000000000003,6.199999999999999,4.199999999999996,1130.63
2025-10-03 09:48:00,36.5,235.3732,397,3.200000000000003,6.3,4.199999999999996,1113.715
2025-10-03 09:51:00,34.5,234.8814,397,3.0,6.2,3.6000000000000014,1027.297
2025-10-03 09:54:00,34.5,232.9138,397,2.8000000000000007,5.7,3.900000000000002,1055.889
2025-10-03 09:57:00,34.5,223.8137,397,2.6999999999999993,5.6000000000000005,3.8000000000000007,1050.748
2025-10-03 10:00:00,34.0,224.0596,397,2.6999999999999993,5.700000000000001,3.8000000000000007,1042.689
2025-10-03 10:03:00,34.0,223.0758,397,2.8000000000000007,5.9,3.900000000000002,1037.17
2025-10-03 10:06:00,32.5,222.5839,397,2.8000000000000007,5.8999999999999995,3.8000000000000007,997.2795
2025-10-03 10:09:00,34.5,261.6898,398,2.700000000000003,5.200000000000001,4.0,1061.177
2025-10-03 10:12:00,36.5,262.1817,398,2.900000000000002,5.200000000000001,4.099999999999998,1129.341
2025-10-03 10:15:00,37.5,265.625,398,3.200000000000003,5.7,4.199999999999996,1154.285
2025-10-03 10:18:00,37.5,263.6574,398,3.200000000000003,5.800000000000001,4.399999999999999,1164.775
2025-10-03 10:21:00,37.0,254.8032,398,3.200000000000003,5.9,4.199999999999996,1141.307
2025-10-03 10:24:00,37.0,262.4277,398,3.200000000000003,5.9,4.199999999999996,1131.175
2025-10-03 10:27:00,36.5,260.4601,398,3.3000000000000007,5.9,4.300000000000001,1137.399
2025-10-03 10:30:00,36.5,258.2465,398,3.200000000000003,5.800000000000001,4.399999999999999,1144.309
2025-10-03 10:33:00,35.5,251.36,398,3.200000000000003,5.9,3.6000000000000014,1065.089
2025-10-03 10:36:00,36.0,243.4896,398,3.0,5.7,4.0,1122.363
2025-10-03 10:39:00,37.5,246.195,398,3.1000000000000014,5.8999999999999995,4.200000000000003,1158.81
2025-10-03 10:42:00,37.0,248.1626,398,3.200000000000003,6.2,4.299999999999997,1156.56
2025-10-03 10:45:00,36.5,245.9491,398,3.200000000000003,6.1,4.299999999999997,1131.924
2025-10-03 10:48:00,36.5,248.6545,398,3.200000000000003,6.1,4.199999999999996,1125.492
2025-10-03 10:51:00,36.0,246.441,398,3.1000000000000014,6.1,4.199999999999996,1111.645
2025-10-03 10:54:00,36.5,245.2112,398,3.1000000000000014,6.199999999999999,4.199999999999996,1115.105
2025-10-03 10:57:00,36.0,243.9815,398,3.1000000000000014,6.1,4.299999999999997,1118.085
2025-10-03 11:00:00,36.0,253.0816,398,3.1999999999999993,6.0,4.199999999999999,1115.503
2025-10-03 11:03:00,36.0,258.7384,398,3.1999999999999993,6.0,4.300000000000001,1114.497
2025-10-03 11:06:00,36.0,252.3438,398,3.1999999999999993,5.9,4.300000000000001,1124.218
2025-10-03 11:09:00,36.0,250.1302,399,3.1999999999999993,6.1,4.199999999999999,1109.441
2025-10-03 11:12:00,35.5,251.114,399,3.1999999999999993,6.1,4.199999999999999,1112.107
2025-10-03 11:15:00,36.0,259.7222,399,3.1999999999999993,5.9,4.300000000000001,1120.468
2025-10-03 11:18:00,36.0,253.0816,399,3.1999999999999993,5.9,4.300000000000001,1116.627
2025-10-03 11:21:00,36.0,252.0978,399,3.1999999999999993,5.9,4.099999999999998,1099.902
2025-10-03 11:24:00,36.5,256.033,399,3.1999999999999993,6.0,4.199999999999999,1108.143
2025-10-03 11:27:00,36.0,254.5573,399,3.1999999999999993,5.8999999999999995,4.300000000000001,1111.922
2025-10-03 11:30:00,36.0,255.787,399,3.3000000000000007,5.999999999999999,4.199999999999999,1113.979
2025-10-03 11:33:00,36.5,259.9682,399,3.3000000000000007,5.8999999999999995,4.199999999999999,1117.755
2025-10-03 11:36:00,36.5,259.9682,399,3.3000000000000007,5.8,4.199999999999999,1115.039
2025-10-03 11:39:00,36.5,255.787,399,3.3000000000000007,6.0,4.199999999999999,1119.218
2025-10-03 11:42:00,36.5,254.5573,399,3.3000000000000007,5.999999999999999,4.300000000000001,1120.398
2025-10-03 11:45:00,36.5,254.8032,399,3.3000000000000007,5.999999999999999,4.199999999999999,1122.294
2025-10-03 11:48:00,36.5,258.2465,399,3.3000000000000007,5.999999999999999,4.300000000000001,1131.534
2025-10-03 11:51:00,36.5,264.1493,399,3.3000000000000007,5.8999999999999995,4.300000000000001,1131.427
2025-10-03 11:54:00,37.0,266.6088,399,3.1999999999999993,5.8999999999999995,4.400000000000002,1142.409
2025-10-03 11:57:00,37.0,258.4925,399,3.3999999999999986,5.8999999999999995,4.300000000000004,1145.402
2025-10-03 12:00:00,37.0,258.2465,399,3.1999999999999993,5.8999999999999995,4.400000000000002,1138.772
2025-10-03 12:03:00,37.0,253.8194,399,3.1999999999999993,5.999999999999999,4.400000000000002,1132.88
2025-10-03 12:06:00,37.0,254.5573,399,3.1999999999999993,6.1,4.300000000000001,1131.054
2025-10-03 12:09:00,36.5,261.1979,400,3.299999999999997,6.0,4.300000000000004,1129.651
2025-10-03 12:12:00,37.0,258.7384,400,3.299999999999997,5.8999999999999995,4.300000000000004,1127.821
2025-10-03 12:15:00,37.0,260.4601,400,3.299999999999997,5.8999999999999995,4.300000000000004,1133.065
2025-10-03 12:18:00,37.5,260.706,400,3.3999999999999986,5.8999999999999995,4.299999999999997,1149.365
2025-10-03 12:21:00,37.5,259.9682,400,3.3999999999999986,5.999999999999999,4.299999999999997,1140.368
2025-10-03 12:24:00,37.5,260.952,400,3.3999999999999986,5.8999999999999995,4.299999999999997,1150.436
2025-10-03 12:27:00,37.0,259.2303,400,3.3000000000000007,5.8999999999999995,4.299999999999997,1137.164
2025-10-03 12:30:00,36.5,260.952,400,3.3000000000000007,5.8999999999999995,4.299999999999997,1144.618
2025-10-03 12:33:00,37.5,260.4601,400,3.3000000000000007,5.999999999999999,4.399999999999999,1142.371
2025-10-03 12:36:00,38.0,259.2303,400,3.3000000000000007,5.999999999999999,4.399999999999999,1150.534
2025-10-03 12:39:00,37.0,262.1817,400,3.400000000000002,5.999999999999999,4.299999999999997,1145.693
2025-10-03 12:42:00,36.0,262.9196,400,3.1000000000000014,5.6,4.099999999999998,1152.331
2025-10-03 12:45:00,39.5,266.6088,400,3.3000000000000007,5.7,4.600000000000001,1224.743
2025-10-03 12:48:00,40.5,259.9682,400,3.5000000000000036,6.0,4.599999999999994,1240.989
2025-10-03 12:51:00,39.5,259.4763,400,3.4999999999999964,6.199999999999999,4.5,1222.208
2025-10-03 12:54:00,40.0,258.4925,400,3.4999999999999964,6.3999999999999995,4.600000000000001,1219.265
2025-10-03 12:57:00,39.5,260.4601,400,3.599999999999998,6.299999999999999,4.5,1223.677
2025-10-03 13:00:00,39.0,258.4925,400,3.599999999999998,6.2,4.399999999999999,1197.228
2025-10-03 13:03:00,38.5,258.4925,400,3.5,6.0,4.300000000000004,1193.222
2025-10-03 13:06:00,38.5,259.4763,400,3.5,6.199999999999999,4.300000000000004,1185.198
2025-10-03 13:09:00,38.5,258.0006,401,3.3999999999999986,6.1,4.399999999999999,1192.24
2025-10-03 13:12:00,38.5,259.4763,401,3.5,6.199999999999999,4.399999999999999,1179.29
2025-10-03 13:15:00,38.5,259.9682,401,3.3999999999999986,6.1,4.399999999999999,1193.515
2025-10-03 13:18:00,38.5,260.4601,401,3.3999999999999986,6.1,4.399999999999999,1186.881
2025-10-03 13:21:00,39.0,268.0845,401,3.3999999999999986,6.0,4.399999999999999,1204.038
2025-10-03 13:24:00,39.5,267.3466,401,3.5,6.0,4.399999999999999,1205.073
2025-10-03 13:27:00,38.5,263.4115,401,3.5,6.0,4.399999999999999,1198.821
2025-10-03 13:30:00,39.0,263.1655,401,3.5,6.1,4.399999999999999,1198.621
2025-10-03 13:33:00,39.5,271.7737,401,3.5,6.0,4.5,1211.743
2025-10-03 13:36:00,39.0,271.5278,401,3.5,6.0,4.5,1207.581
2025-10-03 13:39:00,39.0,261.6898,401,3.5,6.0,4.399999999999999,1193.97
2025-10-03 13:42:00,38.5,257.0168,401,3.5,6.0,4.299999999999997,1177.124
2025-10-03 13:45:00,38.5,257.0168,401,3.400000000000002,6.1,4.299999999999997,1181.885
2025-10-03 13:48:00,39.0,260.706,401,3.400000000000002,6.1,4.5,1195.333
2025-10-03 13:51:00,38.5,261.6898,401,3.400000000000002,6.0,4.399999999999999,1183.28
2025-10-03 13:54:00,38.5,263.6574,401,3.400000000000002,6.0,4.399999999999999,1181.748
2025-10-03 13:57:00,38.5,264.3953,401,3.5000000000000036,6.0,4.399999999999999,1185.062
2025-10-03 14:00:00,38.5,259.4763,401,3.400000000000002,6.0,4.399999999999999,1181.563
2025-10-03 14:03:00,38.0,257.0168,401,3.400000000000002,6.1,4.399999999999999,1179.434
2025-10-03 14:06:00,38.5,259.2303,401,3.4999999999999964,6.1,4.300000000000004,1184.95
2025-10-03 14:09:00,38.0,260.706,402,3.3999999999999986,6.0,4.300000000000004,1167.695
2025-10-03 14:12:00,38.0,263.4115,402,3.3999999999999986,5.8999999999999995,4.300000000000004,1178.487
2025-10-03 14:15:00,38.0,264.6412,402,3.299999999999997,5.8999999999999995,4.400000000000006,1175.645
2025-10-03 14:18:00,38.5,258.0006,402,3.299999999999997,6.0,4.400000000000006,1178.345
2025-10-03 14:21:00,38.5,261.6898,402,3.299999999999997,6.0,4.400000000000006,1177.883
2025-10-03 14:24:00,38.5,264.8871,402,3.3999999999999986,6.0,4.300000000000004,1181.692
2025-10-03 14:27:00,38.5,265.8709,402,3.5,5.8999999999999995,4.299999999999997,1193.709
2025-10-03 14:30:00,38.5,260.4601,402,3.5,5.8999999999999995,4.299999999999997,1188.812
2025-10-03 14:33:00,39.0,260.706,402,3.5,6.0,4.299999999999997,1196.927
2025-10-03 14:36:00,39.0,292.4334,402,3.5,6.1,4.5,1213.992
2025-10-03 14:39:00,40.5,295.6308,402,3.3999999999999986,5.6,4.600000000000001,1264.854
2025-10-03 14:42:00,41.5,286.2847,402,3.5,5.8,4.600000000000001,1275.319
2025-10-03 14:45:00,40.5,284.3171,402,3.5,5.8,4.5,1254.993
2025-10-03 14:48:00,40.5,285.3009,402,3.400000000000002,5.8999999999999995,4.600000000000001,1267.037
2025-10-03 14:51:00,41.5,284.5631,402,3.400000000000002,5.8999999999999995,4.699999999999996,1277.762
2025-10-03 14:54:00,42.0,285.055,402,3.5000000000000036,5.8999999999999995,4.599999999999994,1286.3
2025-10-03 14:57:00,41.5,285.7928,402,3.5000000000000036,5.999999999999999,4.599999999999994,1280.608
2025-10-03 15:00:00,41.5,288.0063,402,3.5000000000000036,5.8999999999999995,4.599999999999994,1278.188
2025-10-03 15:03:00,41.5,284.3171,402,3.400000000000002,5.8,4.5,1268.202
2025-10-03 15:06:00,40.5,261.6898,402,3.3000000000000007,6.0,4.5,1238.93
2025-10-03 15:09:00,39.5,259.9682,403,3.3000000000000007,6.199999999999999,4.399999999999999,1222.785
2025-10-03 15:12:00,39.5,263.6574,403,3.3000000000000007,6.1,4.5,1228.189
2025-10-03 15:15:00,40.0,272.0197,403,3.400000000000002,6.1,4.5,1240.718
2025-10-03 15:18:00,40.5,279.3981,403,3.400000000000002,5.8999999999999995,4.5,1255.68
2025-10-03 15:21:00,40.5,280.8738,403,3.400000000000002,5.8999999999999995,4.599999999999994,1256.013
2025-10-03 15:24:00,38.5,248.6545,403,3.3000000000000007,6.3,4.199999999999996,1170.996
2025-10-03 15:27:00,36.5,245.7031,403,3.1999999999999993,6.1,3.6000000000000014,1115.86
2025-10-03 15:30:00,36.5,224.0596,403,2.900000000000002,5.8999999999999995,4.0,1122.758
2025-10-03 15:33:00,37.5,235.8652,403,2.900000000000002,5.999999999999999,4.0,1141.571
2025-10-03 15:36:00,35.0,216.1893,403,2.900000000000002,6.3,3.8999999999999986,1066.211
2025-10-03 15:39:00,33.0,213.9757,403,2.6999999999999993,6.0,3.5,1005.5
2025-10-03 15:42:00,33.0,209.5486,403,2.6999999999999993,5.9,3.6000000000000014,1017.108
2025-10-03 15:45:00,33.5,230.9462,403,2.6999999999999993,6.0,3.6000000000000014,1036.037
2025-10-03 15:48:00,39.0,271.5278,403,2.900000000000002,5.3999999999999995,4.0,1177.433
2025-10-03 15:51:00,41.0,276.4468,403,3.1999999999999993,5.5,4.399999999999999,1251.405
2025-10-03 15:54:00,42.0,278.4144,403,3.3000000000000007,5.8,4.600000000000001,1285.259
2025-10-03 15:57:00,41.5,274.2332,403,3.400000000000002,6.0,4.599999999999994,1276.15
2025-10-03 16:00:00,42.0,280.136,403,3.400000000000002,6.1,4.599999999999994,1280.937
2025-10-03 16:03:00,42.0,278.9063,403,3.400000000000002,6.0,4.699999999999996,1290.105
2025-10-03 16:06:00,43.0,277.1846,403,3.400000000000002,6.0,4.799999999999997,1293.618
2025-10-03 16:09:00,42.5,282.5955,404,3.4999999999999964,6.0,4.600000000000001,1293.168
2025-10-03 16:12:00,42.0,275.217,404,3.400000000000002,6.0,4.599999999999994,1277.192
2025-10-03 16:15:00,42.0,274.4792,404,3.400000000000002,6.1,4.599999999999994,1281.022
2025-10-03 16:18:00,42.0,274.7251,404,3.400000000000002,6.0,4.599999999999994,1272.602
2025-10-03 16:21:00,42.0,272.0197,404,3.400000000000002,6.1,4.599999999999994,1272.231
2025-10-03 16:24:00,42.0,275.9549,404,3.400000000000002,6.0,4.599999999999994,1268.548
2025-10-03 16:27:00,41.5,278.4144,404,3.3000000000000043,6.0,4.5,1266.192
2025-10-03 16:30:00,42.0,279.1522,404,3.400000000000002,6.0,4.5,1272.473
2025-10-03 16:33:00,41.5,274.2332,404,3.400000000000002,6.0,4.5,1266.926
2025-10-03 16:36:00,41.5,273.4954,404,3.400000000000002,6.1,4.5,1265.483
2025-10-03 16:39:00,42.5,274.4792,404,3.400000000000002,6.1,4.599999999999994,1277.129
2025-10-03 16:42:00,41.5,271.0359,404,3.400000000000002,6.1,4.5,1267.385
2025-10-03 16:45:00,41.0,272.0197,404,3.400000000000002,6.0,4.5,1263.02
2025-10-03 16:48:00,42.0,271.7737,404,3.3000000000000007,6.0,4.600000000000001,1266.356
2025-10-03 16:51:00,41.5,262.1817,404,3.3000000000000007,6.199999999999999,4.600000000000001,1251.915
2025-10-03 16:54:00,41.5,262.9196,404,3.3000000000000007,6.3,4.5,1251.223
2025-10-03 16:57:00,40.5,252.5897,404,3.1999999999999993,6.299999999999999,4.399999999999999,1214.788
2025-10-03 17:00:00,40.0,255.5411,404,3.1999999999999993,6.3,4.299999999999997,1215.557
2025-10-03 17:03:00,39.5,254.5573,404,3.3000000000000007,6.3,4.299999999999997,1207.09
2025-10-03 17:06:00,39.5,252.3438,404,3.1999999999999993,6.2,4.300000000000004,1192.725
2025-10-03 17:09:00,39.0,248.6545,405,3.1999999999999993,6.3,4.200000000000003,1179.859
2025-10-03 17:12:00,38.5,248.1626,405,3.099999999999998,6.3,4.300000000000004,1169.969
2025-10-03 17:15:00,38.5,243.4896,405,3.099999999999998,6.3999999999999995,4.300000000000004,1164.668
2025-10-03 17:18:00,38.5,241.276,405,2.9999999999999964,6.199999999999999,4.300000000000004,1167.509
2025-10-03 17:21:00,38.0,249.3924,405,3.099999999999998,6.1,4.300000000000004,1163.692
2025-10-03 17:24:00,38.0,247.6707,405,3.099999999999998,6.1,4.200000000000003,1159.981
2025-10-03 17:27:00,36.0,242.0139,405,2.900000000000002,5.9,3.799999999999997,1113.006
2025-10-03 17:30:00,37.5,241.276,405,2.8000000000000007,5.8,4.100000000000001,1149.175
2025-10-03 17:33:00,38.0,241.276,405,3.0000000000000036,6.0,4.199999999999996,1151.563
2025-10-03 17:36:00,37.5,241.276,405,3.0000000000000036,6.199999999999999,4.299999999999997,1149.115
2025-10-03 17:39:00,35.5,237.0949,405,2.8000000000000007,6.0,3.700000000000003,1076.197
2025-10-03 17:42:00,36.0,237.5868,405,2.8000000000000007,5.7,3.799999999999997,1127.844
2025-10-03 17:45:00,37.0,227.7488,405,2.8000000000000007,5.9,4.100000000000001,1143.192
2025-10-03 17:48:00,36.5,225.5353,405,2.900000000000002,6.3,4.0,1102.953
2025-10-03 17:51:00,34.0,223.8137,405,2.8000000000000007,6.3,3.700000000000003,1032.36
2025-10-03 17:54:00,35.0,227.2569,405,2.599999999999998,5.8,3.9000000000000057,1067.913
2025-10-03 17:57:00,35.5,229.7164,405,2.599999999999998,5.8999999999999995,3.9000000000000057,1108.005
2025-10-03 18:00:00,36.5,228.9786,405,2.8999999999999986,5.9,4.0,1101.565
2025-10-03 18:03:00,34.0,227.5029,405,2.8999999999999986,6.2,3.299999999999997,870.6014
2025-10-08 08:18:00,35.5,227.2569,406,1.1999999999999993,1.4000000000000004,3.599999999999998,1087.52
2025-10-08 08:21:00,39.0,224.7975,406,2.1000000000000014,3.8,4.0,1176.393
2025-10-08 08:24:00,32.5,239.0625,406,2.3000000000000007,5.499999999999999,3.900000000000002,924.642
2025-10-08 08:27:00,33.0,244.4734,406,2.3000000000000007,4.8999999999999995,3.9999999999999964,999.6306
2025-10-08 08:30:00,33.5,247.1788,406,2.3000000000000007,5.1000000000000005,4.099999999999998,1007.162
2025-10-08 08:33:00,34.0,254.8032,406,2.5,5.3,3.8999999999999986,1032.118
2025-10-08 08:36:00,36.0,254.8032,406,2.5,5.199999999999999,4.100000000000001,1086.088
2025-10-08 08:39:00,36.5,258.7384,406,2.6000000000000014,5.199999999999999,4.199999999999996,1107.806
2025-10-08 08:42:00,36.5,270.298,406,2.6000000000000014,5.3,4.199999999999996,1125.632
2025-10-08 08:45:00,38.0,261.1979,406,2.8000000000000007,5.3,4.400000000000002,1145.838
2025-10-08 08:48:00,37.0,256.033,406,3.0,5.6,4.200000000000003,1110.966
2025-10-08 08:51:00,36.0,254.5573,406,3.0,5.8,4.100000000000001,1077.496
2025-10-08 08:54:00,36.0,257.2627,406,2.8000000000000007,5.699999999999999,4.199999999999999,1077.338
2025-10-08 08:57:00,35.5,257.2627,406,2.8000000000000007,5.6,4.199999999999999,1080.989
2025-10-08 09:00:00,35.5,260.4601,406,2.799999999999997,5.6,4.200000000000003,1081.9
2025-10-08 09:03:00,35.5,263.6574,406,2.6999999999999993,5.3,4.0000000000000036,1094.505
2025-10-08 09:06:00,37.5,268.0845,406,2.6999999999999993,5.3,4.199999999999999,1136.785
2025-10-08 09:09:00,38.0,265.8709,406,2.8999999999999986,5.499999999999999,4.200000000000003,1140.682
2025-10-08 09:12:00,36.5,261.6898,406,2.8999999999999986,5.6,4.299999999999997,1127.16
2025-10-08 09:15:00,36.5,259.4763,406,2.8999999999999986,5.800000000000001,4.299999999999997,1112.984
2025-10-08 09:18:00,35.0,259.2303,407,2.799999999999997,5.6000000000000005,3.8000000000000043,1076.349
2025-10-08 09:21:00,37.0,261.1979,407,2.799999999999997,5.300000000000001,4.200000000000003,1137.943
2025-10-08 09:24:00,39.0,258.7384,407,3.0,5.7,4.299999999999997,1192.4
2025-10-08 09:27:00,37.5,257.5087,407,3.099999999999998,6.1,4.300000000000001,1163.869
2025-10-08 09:30:00,37.5,257.5087,407,3.0,6.1,4.399999999999999,1147.692
2025-10-08 09:33:00,37.5,258.7384,407,3.099999999999998,6.1,4.300000000000001,1156.059
2025-10-08 09:36:00,38.0,262.1817,407,3.099999999999998,6.0,4.400000000000002,1168.29
2025-10-08 09:39:00,38.0,259.7222,407,3.099999999999998,6.1,4.5000000000000036,1169.754
2025-10-08 09:42:00,38.0,257.5087,407,3.1999999999999993,6.200000000000001,4.300000000000001,1157.742
2025-10-08 09:45:00,38.5,259.9682,407,3.1000000000000014,6.1000000000000005,4.400000000000002,1172.269
2025-10-08 09:48:00,38.5,261.1979,407,3.1999999999999993,6.1000000000000005,4.400000000000002,1176.24
2025-10-08 09:51:00,39.0,265.3791,407,3.1000000000000014,6.1000000000000005,4.4999999999999964,1188.38
2025-10-08 09:54:00,38.5,265.3791,407,3.1000000000000014,5.999999999999999,4.4999999999999964,1180.567
2025-10-08 09:57:00,38.5,265.625,407,3.1000000000000014,5.999999999999999,4.4999999999999964,1173.763
2025-10-08 10:00:00,38.5,262.9196,407,3.1000000000000014,6.1000000000000005,4.4999999999999964,1192.715
2025-10-08 10:03:00,39.0,262.1817,407,3.1000000000000014,6.1000000000000005,4.4999999999999964,1190.563
2025-10-08 10:06:00,39.0,264.8871,407,3.1999999999999993,6.1000000000000005,4.399999999999999,1191.833
2025-10-08 10:09:00,39.5,268.0845,407,3.1999999999999993,6.1000000000000005,4.5,1207.097
2025-10-08 10:12:00,39.5,268.3304,407,3.1999999999999993,6.000000000000001,4.5,1200.269
2025-10-08 10:15:00,39.0,246.441,407,3.1999999999999993,6.1000000000000005,4.399999999999999,1181.016
2025-10-08 10:18:00,38.0,245.7031,408,3.1000000000000014,6.4,4.300000000000001,1153.164
2025-10-08 10:21:00,37.5,246.441,408,3.1000000000000014,6.300000000000001,4.300000000000001,1153.19
2025-10-08 10:24:00,38.5,267.3466,408,3.1000000000000014,6.1000000000000005,4.4999999999999964,1166.388
2025-10-08 10:27:00,39.0,242.2598,408,3.3000000000000007,5.999999999999999,4.299999999999997,1186.748
2025-10-08 10:30:00,37.5,240.7841,408,3.1000000000000014,6.3999999999999995,4.300000000000001,1130.677
2025-10-08 10:33:00,36.5,235.3732,408,3.0,6.3999999999999995,4.199999999999999,1101.809
2025-10-08 10:36:00,36.0,234.6354,408,2.8000000000000007,6.1,3.8999999999999986,1082.297
2025-10-08 10:39:00,37.5,232.4219,408,2.900000000000002,6.000000000000001,4.100000000000001,1146.219
2025-10-08 10:42:00,37.5,232.6678,408,3.0,6.199999999999999,4.199999999999999,1139.529
2025-10-08 10:45:00,36.5,229.9624,408,3.0,6.3,4.099999999999998,1102.448
2025-10-08 10:48:00,35.5,227.9948,408,2.900000000000002,6.3999999999999995,4.100000000000001,1059.444
2025-10-08 10:51:00,35.0,225.0434,408,2.8000000000000007,5.999999999999999,3.700000000000003,1058.895
2025-10-08 10:54:00,36.0,230.9462,408,2.8000000000000007,5.9,4.0,1094.122
2025-10-08 10:57:00,36.5,227.9948,408,2.900000000000002,6.000000000000001,3.8999999999999986,1104.459
2025-10-08 11:00:00,36.5,235.1273,408,2.900000000000002,5.8999999999999995,4.0,1117.473
2025-10-08 11:03:00,37.5,241.522,408,3.0,5.9,4.199999999999999,1141.615
2025-10-08 11:06:00,37.0,241.276,408,3.0,6.199999999999999,4.300000000000001,1127.586
2025-10-08 11:09:00,35.5,233.6516,408,3.0,6.299999999999999,3.900000000000002,1071.803
2025-10-08 11:12:00,36.0,230.4543,408,2.8000000000000007,5.8999999999999995,3.8999999999999986,1093.671
2025-10-08 11:15:00,36.0,233.4057,408,2.900000000000002,5.8,3.8999999999999986,1095.208
2025-10-08 11:18:00,36.0,232.1759,409,2.8999999999999986,5.8,4.0000000000000036,1109.304
2025-10-08 11:21:00,35.5,230.2083,409,2.8999999999999986,6.2,4.0000000000000036,1072.903
2025-10-08 11:24:00,34.0,226.2731,409,2.8999999999999986,6.1,3.599999999999998,1021.036
2025-10-08 11:27:00,35.5,230.4543,409,2.8000000000000007,5.8,3.799999999999997,1078.307
2025-10-08 11:30:00,35.5,227.9948,409,2.8000000000000007,5.8999999999999995,3.8999999999999986,1079.684
2025-10-08 11:33:00,35.0,222.338,409,2.8000000000000007,5.8999999999999995,3.8999999999999986,1072.466
2025-10-08 11:36:00,36.0,223.0758,409,2.8999999999999986,6.0,4.0000000000000036,1089.02
2025-10-08 11:39:00,35.0,233.8976,409,2.8999999999999986,6.199999999999999,4.099999999999998,1072.643
2025-10-08 11:42:00,35.5,232.9138,409,2.900000000000002,6.199999999999999,4.199999999999999,1087.591
2025-10-08 11:45:00,35.0,231.684,409,2.700000000000003,6.0,3.8999999999999986,1061.492
2025-10-08 11:48:00,35.5,230.9462,409,2.8000000000000007,5.8,3.8000000000000007,1079.669
2025-10-08 11:51:00,35.5,230.2083,409,2.8000000000000007,5.8,3.900000000000002,1076.359
2025-10-08 11:54:00,35.5,230.4543,409,2.8000000000000007,5.8,3.900000000000002,1072.926
2025-10-08 11:57:00,35.5,224.0596,409,2.6999999999999993,6.0,4.099999999999998,1092.897
2025-10-08 12:00:00,35.5,220.1244,409,2.8000000000000007,6.3,3.9999999999999964,1072.361
2025-10-08 12:03:00,34.0,218.6487,409,2.8000000000000007,6.299999999999999,3.900000000000002,1037.452
2025-10-08 12:06:00,35.0,220.3704,409,2.6000000000000014,5.999999999999999,3.8999999999999986,1056.211
2025-10-08 12:09:00,35.0,225.2894,409,2.6999999999999993,5.8999999999999995,3.8000000000000007,1061.913
2025-10-08 12:12:00,35.0,224.3056,409,2.6999999999999993,5.8999999999999995,3.900000000000002,1059.792
2025-10-08 12:15:00,35.5,224.0596,409,2.599999999999998,5.8999999999999995,3.900000000000002,1061.927
2025-10-08 12:18:00,35.0,222.338,410,2.599999999999998,5.8,3.900000000000002,1061.932
2025-10-08 12:21:00,35.0,219.1406,410,2.599999999999998,5.8999999999999995,3.900000000000002,1057.649
2025-10-08 12:24:00,34.5,215.6973,410,2.599999999999998,5.8999999999999995,3.900000000000002,1052.451
2025-10-08 12:27:00,38.0,258.0006,410,2.799999999999997,5.6,4.200000000000003,1158.563
2025-10-08 12:30:00,39.5,259.9682,410,3.1000000000000014,5.7,4.399999999999999,1210.432
2025-10-08 12:33:00,39.0,259.4763,410,3.1999999999999957,6.0,4.400000000000006,1198.132
2025-10-08 12:36:00,39.0,263.4115,410,3.1999999999999957,6.1,4.5,1202.388
2025-10-08 12:39:00,39.5,262.1817,410,3.1999999999999957,6.1,4.5,1210.771
2025-10-08 12:42:00,39.5,259.7222,410,3.1999999999999957,6.1,4.5,1205.821
2025-10-08 12:45:00,38.5,259.4763,410,3.1999999999999957,6.199999999999999,4.400000000000006,1179.147
2025-10-08 12:48:00,39.0,261.6898,410,3.1999999999999957,6.1,4.400000000000006,1178.966
2025-10-08 12:51:00,38.0,252.3438,410,3.1999999999999957,6.199999999999999,4.300000000000004,1165.142
2025-10-08 12:54:00,38.5,257.0168,410,3.1999999999999957,6.1,4.300000000000004,1176.037
2025-10-08 12:57:00,39.0,259.9682,410,3.1999999999999957,6.1,4.400000000000006,1185.459
2025-10-08 13:00:00,39.0,264.3953,410,3.1999999999999957,6.0,4.400000000000006,1190.414
2025-10-08 13:03:00,39.0,267.1007,410,3.1999999999999957,5.9,4.400000000000006,1191.067
2025-10-08 13:06:00,39.0,263.6574,410,3.1999999999999957,5.9,4.400000000000006,1185.197
2025-10-08 13:09:00,38.5,252.5897,410,3.1999999999999957,6.1,4.300000000000004,1166.805
2025-10-08 13:12:00,38.5,251.36,410,3.1999999999999957,6.199999999999999,4.400000000000006,1177.355
2025-10-08 13:15:00,38.5,255.5411,410,3.1999999999999957,6.199999999999999,4.400000000000006,1177.008
2025-10-08 13:18:00,38.5,261.9358,411,3.1999999999999957,6.0,4.400000000000006,1176.403
2025-10-08 13:21:00,38.5,264.1493,411,3.1999999999999957,6.0,4.400000000000006,1177.329
2025-10-08 13:24:00,38.0,260.952,411,3.1999999999999957,6.0,4.400000000000006,1177.11
2025-10-08 13:27:00,38.5,258.4925,411,3.1999999999999957,6.0,4.400000000000006,1186.165
2025-10-08 13:30:00,39.0,261.9358,411,3.299999999999997,6.1,4.399999999999999,1185.803
2025-10-08 13:33:00,39.0,260.4601,411,3.299999999999997,6.1,4.399999999999999,1186.25
2025-10-08 13:36:00,39.0,264.3953,411,3.299999999999997,6.1,4.399999999999999,1194.452
2025-10-08 13:39:00,39.0,265.8709,411,3.299999999999997,5.8999999999999995,4.399999999999999,1188.266
2025-10-08 13:42:00,39.0,261.6898,411,3.299999999999997,6.1,4.399999999999999,1192.601
2025-10-08 13:45:00,38.5,261.9358,411,3.1999999999999957,6.1,4.400000000000006,1173.483
2025-10-08 13:48:00,38.5,259.2303,411,3.299999999999997,6.1,4.399999999999999,1174.567
2025-10-08 13:51:00,38.5,261.6898,411,3.1999999999999957,6.1,4.400000000000006,1173.647
2025-10-08 13:54:00,39.0,273.2494,411,3.299999999999997,5.8999999999999995,4.399999999999999,1193.702
2025-10-08 13:57:00,39.5,275.463,411,3.3999999999999986,5.8999999999999995,4.399999999999999,1194.686
2025-10-08 14:00:00,38.5,267.1007,411,3.3999999999999986,5.8999999999999995,4.399999999999999,1194.869
2025-10-08 14:03:00,39.5,265.625,411,3.3999999999999986,6.0,4.399999999999999,1189.913
2025-10-08 14:06:00,38.5,259.7222,411,3.3999999999999986,6.0,4.399999999999999,1186.893
2025-10-08 14:09:00,39.0,264.3953,411,3.3999999999999986,6.0,4.299999999999997,1186.259
2025-10-08 14:12:00,38.5,269.8062,411,3.3999999999999986,5.9,4.399999999999999,1185.446
2025-10-08 14:15:00,39.0,267.3466,411,3.3999999999999986,5.8999999999999995,4.399999999999999,1188.736
2025-10-08 14:18:00,39.0,267.1007,412,3.3999999999999986,6.0,4.399999999999999,1194.729
2025-10-08 14:21:00,38.5,268.5764,412,3.3999999999999986,5.8999999999999995,4.299999999999997,1182.543
2025-10-08 14:24:00,39.0,273.0035,412,3.3999999999999986,5.8999999999999995,4.399999999999999,1198.086
2025-10-08 14:27:00,39.0,271.0359,412,3.3999999999999986,5.8999999999999995,4.399999999999999,1194.124
2025-10-08 14:30:00,39.0,273.2494,412,3.3000000000000007,5.8,4.399999999999999,1191.876
2025-10-08 14:33:00,39.0,271.0359,412,3.3000000000000007,5.8999999999999995,4.5,1188.127
2025-10-08 14:36:00,39.5,268.3304,412,3.3000000000000007,5.8999999999999995,4.600000000000001,1212.292
2025-10-08 14:39:00,40.0,270.7899,412,3.400000000000002,5.999999999999999,4.5,1214.365
2025-10-08 14:42:00,39.5,268.3304,412,3.400000000000002,5.8999999999999995,4.5,1203.935
2025-10-08 14:45:00,39.0,270.298,412,3.400000000000002,6.0,4.399999999999999,1210.851
2025-10-08 14:48:00,40.0,264.8871,412,3.400000000000002,6.0,4.5,1216.867
2025-10-08 14:51:00,39.5,259.4763,412,3.400000000000002,6.1,4.5,1200.32
2025-10-08 14:54:00,39.5,265.3791,412,3.400000000000002,6.1,4.5,1206.023
2025-10-08 14:57:00,39.5,269.3142,412,3.400000000000002,6.200000000000001,4.600000000000001,1226.245
2025-10-08 15:00:00,40.0,270.298,412,3.400000000000002,6.1,4.600000000000001,1226.387
2025-10-08 15:03:00,40.0,268.5764,412,3.400000000000002,5.9,4.5,1214.936
2025-10-08 15:06:00,39.5,275.217,412,3.400000000000002,6.0,4.5,1212.91
2025-10-08 15:09:00,40.0,269.3142,412,3.5,6.0,4.600000000000001,1227.125
2025-10-08 15:12:00,40.0,264.6412,412,3.400000000000002,6.1,4.600000000000001,1224.419
2025-10-08 15:15:00,39.5,265.3791,412,3.5000000000000036,6.1,4.5,1214.509
2025-10-08 15:18:00,40.0,266.6088,413,3.5000000000000036,6.0,4.5,1216.334
2025-10-08 15:21:00,40.0,271.7737,413,3.5000000000000036,6.0,4.599999999999994,1228.828
2025-10-08 15:24:00,40.5,270.298,413,3.599999999999998,6.0,4.5,1233.26
2025-10-08 15:27:00,40.0,273.2494,413,3.599999999999998,6.0,4.5,1232.346
2025-10-08 15:30:00,40.5,270.544,413,3.599999999999998,5.999999999999999,4.600000000000001,1236.05
2025-10-08 15:33:00,40.0,266.6088,413,3.599999999999998,6.1,4.600000000000001,1232.174
2025-10-08 15:36:00,40.0,269.8062,413,3.599999999999998,6.0,4.600000000000001,1235.414
2025-10-08 15:39:00,40.0,272.0197,413,3.599999999999998,6.0,4.5,1233.87
2025-10-08 15:42:00,39.5,272.0197,413,3.599999999999998,5.999999999999999,4.600000000000001,1234.849
2025-10-08 15:45:00,40.0,269.3142,413,3.599999999999998,5.999999999999999,4.600000000000001,1228.168
2025-10-08 15:48:00,40.5,268.5764,413,3.4999999999999964,5.999999999999999,4.700000000000003,1237.529
2025-10-08 15:51:00,40.0,266.8547,413,3.599999999999998,5.8999999999999995,4.600000000000001,1237.416
2025-10-08 15:54:00,40.0,271.7737,413,3.599999999999998,5.9,4.600000000000001,1228.261
2025-10-08 15:57:00,39.5,267.1007,413,3.599999999999998,6.0,4.600000000000001,1220.174
2025-10-08 16:00:00,40.0,264.8871,413,3.5,6.0,4.600000000000001,1217.85
2025-10-08 16:03:00,40.0,267.3466,413,3.6999999999999993,6.1,4.600000000000001,1230.879
2025-10-08 16:06:00,40.0,266.1169,413,3.6999999999999993,6.1,4.5,1235.415
2025-10-08 16:09:00,40.0,270.298,413,3.6999999999999993,6.0,4.5,1232.176
2025-10-08 16:12:00,40.0,269.0683,413,3.5,6.0,4.600000000000001,1225.797
2025-10-08 16:15:00,40.0,271.7737,413,3.5,6.0,4.600000000000001,1225.395
2025-10-08 16:18:00,40.0,268.0845,414,3.3999999999999986,6.0,4.600000000000001,1223.117
2025-10-08 16:21:00,39.5,264.3953,414,3.5,6.1,4.5,1223.952
2025-12-02 07:15:00,31.5,244.7193,419,1.6999999999999993,3.4000000000000004,3.3000000000000007,0.0
2025-12-02 08:00:00,34.0,402.3727,420,2.6000000000000014,3.5999999999999996,4.399999999999999,0.0
2025-12-02 08:03:00,33.5,414.1782,420,2.6000000000000014,3.5,4.199999999999999,0.0
2025-12-02 08:06:00,35.5,435.0839,420,2.6999999999999993,3.7,4.400000000000002,0.0
2025-12-02 08:09:00,35.5,445.1678,420,2.8000000000000007,3.6000000000000005,4.699999999999999,0.0
2025-12-02 08:12:00,37.5,462.1383,420,2.6999999999999993,3.5,4.5,0.0
2025-12-02 08:15:00,39.0,475.1736,420,3.0,3.7,5.0,0.0
2025-12-02 08:18:00,38.5,469.0249,420,3.1000000000000014,3.8999999999999995,5.0,0.0
2025-12-02 08:21:00,38.5,457.9572,421,2.8000000000000007,3.5,4.5,0.0
2025-12-02 08:24:00,40.5,455.4977,421,3.0,3.8,5.0,0.0
2025-12-02 08:27:00,40.5,459.1869,421,3.3000000000000007,4.0,5.099999999999998,0.0
2025-12-02 08:30:00,40.5,476.8952,421,3.3000000000000007,4.1,5.300000000000001,0.0
2025-12-02 08:33:00,41.0,479.6007,421,3.3000000000000007,4.1,5.199999999999999,0.0
2025-12-02 08:36:00,41.5,500.7523,421,3.3000000000000007,3.999999999999999,5.400000000000002,0.0
2025-12-02 08:39:00,44.0,596.9184,421,3.6000000000000014,3.700000000000001,5.600000000000001,0.0
2025-12-02 08:42:00,47.5,633.8107,421,3.6999999999999993,3.6000000000000005,6.0000000000000036,0.0
2025-12-02 08:45:00,50.0,659.6354,421,3.8999999999999986,3.6000000000000005,6.100000000000001,0.0
2025-12-02 08:48:00,46.5,647.338,421,3.1000000000000014,3.200000000000001,3.5,0.0
2025-12-02 08:51:00,45.5,616.5944,421,1.8999999999999986,1.6000000000000005,5.800000000000001,0.0
2025-12-02 08:54:00,59.0,596.4265,421,3.6999999999999993,3.500000000000001,6.199999999999999,0.0
2025-12-02 08:57:00,61.5,600.6076,421,3.8999999999999986,3.8000000000000007,6.399999999999999,0.0
2025-12-02 09:00:00,64.0,600.6076,421,4.100000000000001,4.0,6.5,0.0
2025-12-02 09:03:00,66.0,597.9022,421,4.199999999999999,4.1,6.599999999999998,0.0
2025-12-02 09:06:00,67.0,606.2645,421,4.199999999999999,4.3,6.699999999999999,0.0
2025-12-02 09:09:00,67.5,646.8461,421,4.300000000000001,4.1,6.800000000000001,0.0
2025-12-02 09:12:00,72.5,656.684,421,4.399999999999999,4.199999999999999,7.200000000000003,0.0
2025-12-02 09:15:00,76.0,662.0949,421,4.599999999999998,4.300000000000001,7.599999999999998,0.0
2025-12-02 09:18:00,75.5,644.6325,421,4.799999999999997,4.5,7.5,0.0
2025-12-02 09:21:00,75.5,650.7813,422,4.899999999999999,4.5,7.5,0.0
2025-12-02 09:24:00,76.5,641.9271,422,5.0,4.6000000000000005,7.600000000000001,0.0
2025-12-02 09:27:00,76.5,620.0376,422,4.899999999999999,4.7,7.600000000000001,0.0
2025-12-02 09:30:00,73.5,576.7506,422,4.899999999999999,5.0,7.299999999999997,0.0
2025-12-02 09:33:00,73.5,571.0938,422,4.899999999999999,5.1,7.200000000000003,0.0
2025-12-02 09:36:00,73.5,559.7801,422,4.899999999999999,5.199999999999999,7.299999999999997,0.0
2025-12-02 09:39:00,73.0,561.0098,422,4.899999999999999,5.199999999999999,7.200000000000003,0.0
2025-12-02 09:42:00,73.0,554.8611,422,4.899999999999999,5.3,7.200000000000003,0.0
2025-12-02 09:45:00,71.5,556.8287,422,4.899999999999999,5.199999999999999,7.100000000000001,0.0
2025-12-02 09:48:00,72.0,567.4045,422,4.799999999999997,5.199999999999999,7.300000000000004,0.0
2025-12-02 09:51:00,72.0,576.7506,422,4.899999999999999,5.1,7.299999999999997,0.0
2025-12-02 09:54:00,73.0,577.9803,422,5.0,5.1,7.299999999999997,0.0
2025-12-02 09:57:00,72.5,569.864,422,5.0,5.200000000000001,7.100000000000001,0.0
2025-12-02 10:00:00,73.0,572.0775,422,4.600000000000001,4.800000000000001,6.9999999999999964,0.0
2025-12-02 10:03:00,74.5,579.2101,422,4.699999999999999,4.800000000000001,7.100000000000001,0.0
2025-12-02 10:06:00,77.5,583.1453,422,4.900000000000002,5.000000000000001,7.600000000000001,0.0
2025-12-02 10:09:00,79.5,584.129,422,5.199999999999999,5.300000000000001,7.800000000000004,0.0
2025-12-02 10:12:00,80.0,594.4589,422,5.300000000000001,5.4,8.0,0.0
2025-12-02 10:15:00,80.0,599.8698,422,5.400000000000002,5.300000000000001,7.899999999999999,0.0
2025-12-02 10:18:00,80.0,614.1348,422,5.400000000000002,5.200000000000001,7.899999999999999,0.0
2025-12-02 10:21:00,78.0,499.5226,423,5.5,5.200000000000001,7.900000000000002,0.0
2025-12-02 10:24:00,71.5,520.1823,423,4.900000000000002,5.6000000000000005,6.600000000000001,0.0
2025-12-02 10:27:00,72.0,539.1204,423,4.800000000000001,5.1000000000000005,7.0,0.0
2025-12-02 10:30:00,73.0,543.3015,423,4.800000000000001,5.1000000000000005,7.0,0.0
2025-12-02 10:33:00,73.5,532.4797,423,4.899999999999999,5.1000000000000005,7.0000000000000036,0.0
2025-12-02 10:36:00,75.0,530.5121,423,5.0,5.4,7.300000000000001,0.0
2025-12-02 10:39:00,73.0,531.496,423,5.099999999999998,5.5,7.300000000000004,0.0
2025-12-02 10:42:00,74.0,531.004,423,5.199999999999999,5.300000000000001,7.299999999999997,0.0
2025-12-02 10:45:00,74.0,529.7743,423,5.199999999999999,5.5,7.200000000000003,0.0
2025-12-02 10:48:00,74.0,531.004,423,5.199999999999999,5.5,7.200000000000003,0.0
2025-12-02 10:51:00,72.0,520.1823,423,5.099999999999998,5.5,7.0,0.0
2025-12-02 10:54:00,71.5,505.1794,423,4.800000000000001,5.3,6.799999999999997,0.0
2025-12-02 10:57:00,71.5,491.1603,423,4.800000000000001,5.3999999999999995,6.699999999999996,0.0
2025-12-02 11:00:00,71.5,489.9306,423,4.800000000000001,5.5,6.699999999999996,0.0
2025-12-02 11:03:00,71.0,485.7494,423,4.699999999999999,5.5,6.799999999999997,0.0
2025-12-02 11:06:00,73.5,494.6036,423,4.899999999999999,5.6,7.0000000000000036,0.0
2025-12-02 11:09:00,73.0,491.6522,423,5.0,5.699999999999999,7.099999999999998,0.0
2025-12-02 11:12:00,73.5,493.1279,423,5.0,5.6,7.099999999999998,0.0
2025-12-02 11:15:00,72.0,487.4711,423,4.900000000000002,5.8,7.199999999999999,0.0
2025-12-02 11:18:00,73.5,501.9821,423,5.0,5.699999999999999,7.200000000000003,0.0
2025-12-02 11:21:00,75.0,500.5063,424,5.100000000000001,5.6,7.299999999999997,0.0
2025-12-02 11:24:00,73.5,507.147,424,5.100000000000001,5.699999999999999,7.200000000000003,0.0
2025-12-02 11:27:00,75.0,519.1985,424,5.100000000000001,5.6,7.299999999999997,0.0
2025-12-02 11:30:00,74.5,516.739,424,5.199999999999999,5.6,7.399999999999999,0.0
2025-12-02 11:33:00,74.5,506.6551,424,5.100000000000001,5.699999999999999,7.200000000000003,0.0
2025-12-02 11:36:00,74.0,508.1308,424,5.100000000000001,5.699999999999999,7.200000000000003,0.0
2025-12-02 11:39:00,71.5,519.1985,424,5.100000000000001,5.699999999999999,7.100000000000001,0.0
2025-12-02 11:42:00,74.5,531.004,424,4.900000000000002,5.3,6.9999999999999964,0.0
2025-12-02 11:45:00,76.5,530.2662,424,5.0,5.3,7.300000000000004,0.0
2025-12-02 11:48:00,79.0,542.0718,424,5.300000000000001,5.499999999999999,7.599999999999998,0.0
2025-12-02 11:51:00,77.5,526.3311,424,5.300000000000001,5.6,7.5000000000000036,0.0
2025-12-02 11:54:00,77.0,517.4769,424,5.300000000000001,5.6,7.5000000000000036,0.0
2025-12-02 11:57:00,76.0,515.2633,424,5.300000000000001,5.699999999999999,7.400000000000002,0.0
2025-12-02 12:00:00,76.0,505.4254,424,5.199999999999999,5.8,7.300000000000001,0.0
2025-12-02 12:03:00,73.5,505.9173,424,5.100000000000001,5.699999999999999,7.200000000000003,0.0
2025-12-02 12:06:00,74.0,495.8333,424,5.0,5.699999999999999,7.200000000000003,0.0
2025-12-02 12:09:00,71.0,488.2089,424,4.800000000000001,5.5,6.699999999999999,0.0
2025-12-02 12:12:00,70.5,488.4549,424,4.699999999999999,5.5,6.699999999999999,0.0
2025-12-02 12:15:00,71.5,480.0926,424,4.600000000000001,5.5,6.799999999999997,0.0
2025-12-02 12:18:00,70.5,479.3548,424,4.700000000000003,5.5,6.699999999999996,0.0
2025-12-02 12:21:00,70.5,484.7656,425,4.600000000000001,5.5,6.699999999999996,0.0
2025-12-02 12:24:00,71.0,490.6684,425,4.600000000000001,5.3999999999999995,6.799999999999997,0.0
2025-12-02 12:27:00,71.0,490.9144,425,4.699999999999999,5.3999999999999995,6.800000000000001,0.0
2025-12-02 12:30:00,70.5,494.6036,425,4.600000000000001,5.3999999999999995,6.799999999999997,0.0
2025-12-02 12:33:00,71.5,499.0307,425,4.699999999999999,5.3999999999999995,6.800000000000001,0.0
2025-12-02 12:36:00,71.0,499.2766,425,4.699999999999999,5.3999999999999995,6.800000000000001,0.0
2025-12-02 12:39:00,71.5,489.4387,425,4.600000000000001,5.3999999999999995,6.899999999999999,0.0
2025-12-02 12:42:00,70.5,483.044,425,4.700000000000003,5.5,6.699999999999996,0.0
2025-12-02 12:45:00,70.0,486.2413,425,4.700000000000003,5.3999999999999995,6.699999999999996,0.0
2025-12-02 12:48:00,70.0,483.5359,425,4.700000000000003,5.5,6.699999999999996,0.0
2025-12-02 12:51:00,70.0,478.125,425,4.700000000000003,5.5,6.699999999999996,0.0
2025-12-02 12:54:00,70.0,494.6036,425,4.700000000000003,5.3999999999999995,6.699999999999996,0.0
2025-12-02 12:57:00,71.0,489.1927,425,4.700000000000003,5.3999999999999995,6.699999999999996,0.0
2025-12-02 13:00:00,69.5,487.4711,425,4.700000000000003,5.5,6.699999999999996,0.0
2025-12-02 13:03:00,71.0,499.0307,425,4.700000000000003,5.3999999999999995,6.899999999999999,0.0
2025-12-02 13:06:00,70.0,500.7523,425,4.700000000000003,5.3,6.799999999999997,0.0
2025-12-02 13:09:00,71.0,502.9659,425,4.700000000000003,5.3,6.899999999999999,0.0
2025-12-02 13:12:00,71.0,498.0469,425,4.700000000000003,5.3,6.899999999999999,0.0
2025-12-02 13:15:00,70.5,486.2413,425,4.600000000000001,5.3999999999999995,6.799999999999997,0.0
2025-12-02 13:18:00,71.0,479.3548,425,4.600000000000001,5.5,6.699999999999996,0.0
2025-12-02 13:21:00,71.0,484.7656,426,4.600000000000001,5.3999999999999995,6.699999999999996,0.0
2025-12-02 13:24:00,70.5,485.7494,426,4.600000000000001,5.3999999999999995,6.799999999999997,0.0
2025-12-02 13:27:00,70.5,491.1603,426,4.600000000000001,5.3999999999999995,6.899999999999999,0.0
2025-12-02 13:30:00,71.0,490.6684,426,4.600000000000001,5.3999999999999995,6.899999999999999,0.0
2025-12-02 13:33:00,72.5,490.4225,426,4.699999999999999,5.5,6.900000000000002,0.0
2025-12-02 13:36:00,72.5,496.5712,426,4.699999999999999,5.3999999999999995,6.900000000000002,0.0
2025-12-02 13:39:00,73.0,501.9821,426,4.699999999999999,5.3999999999999995,7.0000000000000036,0.0
2025-12-02 13:42:00,72.5,497.309,426,4.699999999999999,5.3999999999999995,7.0000000000000036,0.0
2025-12-02 13:45:00,74.5,500.2604,426,4.800000000000001,5.5,7.199999999999999,0.0
2025-12-02 13:48:00,74.0,511.5741,426,4.899999999999999,5.5,7.100000000000001,0.0
2025-12-02 13:51:00,74.0,510.0984,426,4.899999999999999,5.5,7.200000000000003,0.0
2025-12-02 13:54:00,75.0,510.0984,426,5.0,5.5,7.299999999999997,0.0
2025-12-02 13:57:00,74.0,509.6065,426,5.0,5.6,7.199999999999996,0.0
2025-12-02 14:00:00,74.5,508.1308,426,5.0,5.6,7.299999999999997,0.0
2025-12-02 14:03:00,74.0,504.4415,426,5.0,5.6,7.100000000000001,0.0
2025-12-02 14:06:00,74.0,507.8849,426,5.0,5.6,7.299999999999997,0.0
2025-12-02 14:09:00,74.5,511.82,426,5.099999999999998,5.699999999999999,7.199999999999999,0.0
2025-12-02 14:12:00,73.5,521.1661,426,5.0,5.5,7.0,0.0
2025-12-02 14:15:00,74.0,520.1823,426,4.799999999999997,5.3,7.0,0.0
2025-12-02 14:18:00,73.5,522.6418,426,4.799999999999997,5.3,7.0,0.0
2025-12-02 14:21:00,75.5,525.5931,427,4.899999999999999,5.3,7.200000000000003,0.0
2025-12-02 14:24:00,76.5,527.5607,427,5.099999999999998,5.3999999999999995,7.5000000000000036,0.0
2025-12-02 14:27:00,76.5,518.9525,427,5.099999999999998,5.6,7.400000000000002,0.0
2025-12-02 14:30:00,77.0,518.9525,427,5.099999999999998,5.6,7.5000000000000036,0.0
2025-12-02 14:33:00,76.5,524.1175,427,5.099999999999998,5.6,7.5000000000000036,0.0
2025-12-02 14:36:00,77.0,517.4769,427,5.199999999999999,5.6,7.400000000000002,0.0
2025-12-02 14:39:00,77.0,516.739,427,5.100000000000001,5.699999999999999,7.400000000000002,0.0
2025-12-02 14:42:00,76.5,518.2147,427,5.100000000000001,5.799999999999999,7.400000000000002,0.0
2025-12-02 14:45:00,76.5,504.6875,427,5.100000000000001,5.8,7.400000000000002,0.0
2025-12-02 14:48:00,74.5,507.6389,427,5.100000000000001,5.799999999999999,7.300000000000001,0.0
2025-12-02 14:51:00,75.5,515.5093,427,5.100000000000001,5.699999999999999,7.300000000000001,0.0
2025-12-02 14:54:00,75.5,515.5093,427,5.100000000000001,5.699999999999999,7.400000000000002,0.0
2025-12-02 14:57:00,75.5,506.4091,427,5.0,5.799999999999999,7.400000000000002,0.0
2025-12-02 15:00:00,73.5,500.5063,427,4.699999999999999,5.499999999999999,6.899999999999999,0.0
2025-12-02 15:03:00,73.5,500.7523,427,4.699999999999999,5.3999999999999995,6.899999999999999,0.0
2025-12-02 15:06:00,74.0,498.5388,427,4.800000000000001,5.3999999999999995,7.0,0.0
2025-12-02 15:09:00,73.5,498.0469,427,4.800000000000001,5.5,7.0,0.0
2025-12-02 15:12:00,74.0,494.3576,427,4.800000000000001,5.6,7.099999999999998,0.0
2025-12-02 15:15:00,73.5,496.8171,427,4.800000000000001,5.6,7.0000000000000036,0.0
2025-12-02 15:18:00,74.0,497.8009,427,4.900000000000002,5.699999999999999,7.099999999999998,0.0
2025-12-02 15:21:00,76.0,514.2795,428,4.900000000000002,5.5,7.400000000000002,0.0
2025-12-02 15:24:00,73.5,500.7523,428,4.899999999999999,5.699999999999999,7.300000000000004,0.0
2025-12-02 15:27:00,75.0,508.3767,428,4.899999999999999,5.699999999999999,7.300000000000004,0.0
2025-12-02 15:30:00,75.0,510.0984,428,5.0,5.6,7.200000000000003,0.0
2025-12-02 15:33:00,75.0,515.0174,428,5.0,5.6,7.299999999999997,0.0
2025-12-02 15:36:00,75.0,500.7523,428,5.0,5.699999999999999,7.200000000000003,0.0
2025-12-02 15:39:00,74.0,482.3062,428,4.899999999999999,5.799999999999999,7.200000000000003,0.0
2025-12-02 15:42:00,71.5,491.1603,428,4.600000000000001,5.6,6.600000000000001,0.0
2025-12-02 15:45:00,73.0,492.8819,428,4.600000000000001,5.3999999999999995,6.799999999999997,0.0
2025-12-02 15:48:00,73.0,502.9659,428,4.600000000000001,5.499999999999999,6.899999999999999,0.0
2025-12-02 15:51:00,73.5,499.5226,428,4.699999999999999,5.3999999999999995,6.900000000000002,0.0
2025-12-02 15:54:00,73.0,499.0307,428,4.600000000000001,5.3999999999999995,6.899999999999999,0.0
2025-12-02 15:57:00,74.5,482.0602,428,4.699999999999999,5.3999999999999995,7.0000000000000036,0.0
2025-12-02 16:00:00,73.5,483.044,428,4.699999999999999,5.699999999999999,7.099999999999998,0.0
2025-12-02 16:03:00,73.0,484.2737,428,4.699999999999999,5.8,7.0000000000000036,0.0
2025-12-02 16:06:00,74.0,490.9144,428,4.699999999999999,5.6,7.300000000000001,0.0
2025-12-02 16:09:00,75.0,497.8009,428,4.800000000000001,5.8,7.300000000000001,0.0
2025-12-02 16:12:00,73.5,484.2737,428,4.800000000000001,5.8,7.300000000000001,0.0
2025-12-02 16:15:00,72.5,483.7818,428,4.699999999999999,5.799999999999999,7.099999999999998,0.0
2025-12-02 16:18:00,70.0,468.7789,428,4.5,5.699999999999999,6.5,0.0
2025-12-02 16:21:00,72.0,475.9114,429,4.5,5.499999999999999,6.700000000000003,0.0
2025-12-02 16:24:00,72.0,480.8304,429,4.5,5.3999999999999995,6.799999999999997,0.0
2025-12-02 16:27:00,71.0,464.1059,429,4.5,5.5,6.600000000000001,0.0
2025-12-02 16:30:00,68.5,448.8571,429,4.300000000000001,5.799999999999999,6.599999999999998,0.0
2025-12-02 16:33:00,68.5,425.246,429,4.300000000000001,5.799999999999999,6.4999999999999964,0.0
2025-12-02 16:36:00,67.5,428.1974,429,4.199999999999999,5.8999999999999995,6.400000000000002,0.0
2025-12-02 16:39:00,66.5,419.3432,429,4.100000000000001,5.8999999999999995,6.299999999999997,0.0
2025-12-02 16:42:00,64.5,414.1782,429,4.100000000000001,5.8999999999999995,6.200000000000003,0.0
2025-12-02 16:45:00,64.5,415.8999,429,4.0,5.799999999999999,6.200000000000003,0.0
2025-12-02 16:48:00,64.5,417.3756,429,4.099999999999998,5.799999999999999,6.200000000000003,0.0
2025-12-02 16:51:00,64.0,425.7379,429,4.099999999999998,5.6,6.200000000000003,0.0
2025-12-02 16:54:00,65.0,426.9676,429,4.199999999999999,5.699999999999999,6.200000000000003,0.0
2025-12-02 16:57:00,64.0,424.7541,429,4.099999999999998,5.699999999999999,6.200000000000003,0.0
2025-12-02 17:00:00,64.5,421.5567,429,4.099999999999998,5.699999999999999,6.200000000000003,0.0
2025-12-02 17:03:00,63.0,424.2621,429,4.099999999999998,5.699999999999999,6.100000000000001,0.0
2025-12-02 17:06:00,64.5,426.9676,429,4.099999999999998,5.699999999999999,6.200000000000003,0.0
2025-12-02 17:09:00,64.0,432.1325,429,4.099999999999998,5.699999999999999,6.200000000000003,0.0
2025-12-02 17:12:00,65.0,439.511,429,4.099999999999998,5.6,6.300000000000004,0.0
2025-12-02 17:15:00,65.0,436.8056,429,4.099999999999998,5.6,6.300000000000004,0.0
2025-12-02 17:18:00,64.5,423.2784,429,4.099999999999998,5.6,6.200000000000003,0.0
2025-12-02 17:21:00,65.0,424.7541,430,4.0,5.699999999999999,6.300000000000001,0.0
2025-12-02 17:24:00,64.5,421.0648,430,4.0,5.800000000000001,6.300000000000001,0.0
2025-12-02 17:27:00,64.5,430.9027,430,4.0,5.700000000000001,6.300000000000001,0.0
2025-12-02 17:30:00,63.5,424.0162,430,4.0,5.700000000000001,6.199999999999999,0.0
2025-12-02 17:33:00,63.5,414.6701,430,4.0,5.800000000000001,6.199999999999999,0.0
2025-12-02 17:36:00,63.5,417.3756,430,3.8999999999999986,5.800000000000001,6.300000000000001,0.0
2025-12-02 17:39:00,64.0,405.816,430,4.0,5.800000000000001,6.199999999999999,0.0
2025-12-02 17:42:00,63.0,409.5052,430,4.0,5.800000000000001,6.099999999999998,0.0
2025-12-02 17:45:00,64.0,413.6863,430,4.0,5.9,6.300000000000001,0.0
2025-12-02 17:48:00,64.0,400.897,430,4.0,5.9,6.099999999999998,0.0
2025-12-02 17:51:00,63.0,397.4537,430,3.900000000000002,5.9,6.100000000000001,0.0
2025-12-02 17:54:00,62.5,400.1591,430,3.900000000000002,5.9,6.100000000000001,0.0
2025-12-02 17:57:00,62.5,407.2917,430,4.0,5.9,6.100000000000001,0.0
2025-12-02 18:00:00,62.0,394.7483,430,4.0,6.0,5.899999999999999,0.0
2025-12-02 18:03:00,61.5,391.5509,430,3.8999999999999986,6.0,6.0,0.0
2025-12-02 18:06:00,61.0,399.6672,430,3.8999999999999986,6.0,6.0,0.0
2025-12-02 18:09:00,60.0,376.548,430,3.8999999999999986,6.0,5.899999999999999,0.0
2025-12-02 18:12:00,58.0,374.3345,430,3.6999999999999993,6.1,5.800000000000001,0.0
2025-12-02 18:15:00,58.5,431.3947,430,3.6999999999999993,6.0,5.800000000000001,0.0
2025-12-02 18:18:00,64.0,443.6921,430,4.0,5.7,6.399999999999999,0.0
2025-12-02 18:21:00,66.0,447.8733,431,4.099999999999998,5.7,6.300000000000001,0.0
2025-12-02 18:24:00,67.5,515.7552,431,4.199999999999999,5.6,6.800000000000001,0.0
2025-12-02 18:27:00,73.0,490.6684,431,4.199999999999999,5.4,7.199999999999999,0.0
2025-12-02 18:30:00,72.0,467.7951,431,4.299999999999997,5.7,6.899999999999999,0.0
2025-12-02 18:33:00,73.0,463.614,431,4.199999999999999,5.9,7.199999999999999,0.0
2025-12-02 18:36:00,74.0,468.533,431,4.399999999999999,6.0,7.299999999999997,0.0
2025-12-02 18:39:00,72.5,464.1059,431,4.399999999999999,6.1,7.100000000000001,0.0
2025-12-02 18:42:00,72.0,459.1869,431,4.399999999999999,6.1,7.100000000000001,0.0
2025-12-02 18:45:00,69.5,448.1192,431,4.300000000000001,6.3,6.900000000000002,0.0
2025-12-02 18:48:00,69.0,438.7731,431,4.199999999999999,6.1,6.900000000000002,0.0
2025-12-02 18:51:00,65.0,426.9676,431,4.100000000000001,6.3,6.199999999999996,0.0
2025-12-02 18:54:00,65.0,440.0029,431,3.8999999999999986,5.8,6.399999999999999,0.0
2025-12-02 18:57:00,66.5,447.3813,431,4.0,5.7,6.5,0.0
2025-12-02 19:00:00,67.0,451.0706,431,4.0,5.8,6.5,0.0
2025-12-02 19:03:00,66.5,434.592,431,4.0,5.8,6.399999999999999,0.0
2025-12-02 19:06:00,66.5,441.7245,431,4.0,5.8,6.399999999999999,0.0
2025-12-02 19:09:00,66.0,444.43,431,3.8999999999999986,5.8,6.5,0.0
2025-12-02 19:12:00,66.5,432.1325,431,4.0,5.8,6.399999999999999,0.0
2025-12-02 19:15:00,65.5,445.4138,431,3.900000000000002,5.800000000000001,6.4999999999999964,0.0
2025-12-02 19:18:00,65.5,432.1325,431,4.0,5.8,6.400000000000002,0.0
2025-12-02 19:21:00,64.5,432.8704,432,4.0,5.9,6.300000000000001,0.0
2025-12-02 19:24:00,64.5,430.6568,432,3.8999999999999986,5.9,6.400000000000002,0.0
2025-12-02 19:27:00,65.0,434.1001,432,3.8999999999999986,5.9,6.400000000000002,0.0
2025-12-02 19:30:00,65.5,425.7379,432,3.8999999999999986,5.9,6.400000000000002,0.0
2025-12-02 19:33:00,65.0,419.8351,432,3.8999999999999986,5.9,6.300000000000001,0.0
2025-12-02 19:36:00,66.0,429.673,432,3.8999999999999986,5.9,6.300000000000001,0.0
2025-12-02 19:39:00,64.0,408.2755,432,3.8000000000000007,6.0,6.199999999999996,0.0
2025-12-02 19:42:00,64.0,415.408,432,3.8000000000000007,5.9,6.199999999999996,0.0
2025-12-02 19:45:00,64.0,416.6377,432,3.900000000000002,5.9,6.199999999999996,0.0
2025-12-02 19:48:00,64.0,410.9809,432,3.900000000000002,5.9,6.199999999999996,0.0
2025-12-02 19:51:00,63.5,416.6377,432,3.8000000000000007,5.9,6.299999999999997,0.0
2025-12-02 19:54:00,65.0,417.1296,432,3.900000000000002,5.9,6.199999999999996,0.0
2025-12-02 19:57:00,63.5,409.7512,432,3.8000000000000007,6.1,6.200000000000003,0.0
2025-12-02 20:00:00,64.5,420.327,432,3.8000000000000007,6.0,6.299999999999997,0.0
2025-12-02 20:03:00,65.0,421.5567,432,3.900000000000002,6.0,6.399999999999999,0.0
2025-12-02 20:06:00,64.0,416.1458,432,3.8999999999999986,6.1,6.299999999999997,0.0
2025-12-02 20:09:00,64.0,408.7674,432,3.8000000000000007,5.9,6.200000000000003,0.0
2025-12-02 20:12:00,63.5,412.4566,432,3.8999999999999986,6.0,6.200000000000003,0.0
2025-12-02 20:15:00,64.0,410.489,432,3.8999999999999986,5.800000000000001,6.200000000000003,0.0
2025-12-02 20:18:00,63.5,416.8837,432,3.8999999999999986,5.9,6.200000000000003,0.0
2025-12-02 20:21:00,63.0,419.3432,433,3.799999999999997,5.800000000000001,6.200000000000003,0.0
2025-12-02 20:24:00,63.0,428.1974,433,3.799999999999997,5.800000000000001,6.200000000000003,0.0
2025-12-02 20:27:00,63.0,427.2136,433,3.799999999999997,5.800000000000001,6.300000000000004,0.0
2025-12-02 20:30:00,62.5,411.7188,433,3.799999999999997,5.800000000000001,6.200000000000003,0.0
2025-12-02 20:33:00,63.0,421.0648,433,3.799999999999997,5.800000000000001,6.200000000000003,0.0
2025-12-02 20:36:00,63.0,414.1782,433,3.799999999999997,5.800000000000001,6.200000000000003,0.0
2025-12-02 20:39:00,63.0,412.9485,433,3.799999999999997,5.9,6.200000000000003,0.0
2025-12-02 20:42:00,62.5,414.9161,433,3.6999999999999993,5.9,6.300000000000001,0.0
2025-12-02 20:45:00,62.0,405.816,433,3.6999999999999993,5.9,6.199999999999999,0.0
2025-12-02 20:48:00,62.0,414.4242,433,3.6999999999999993,5.9,6.199999999999999,0.0
2025-12-02 20:51:00,63.0,422.7865,433,3.6999999999999993,5.800000000000001,6.300000000000001,0.0
2025-12-02 20:54:00,62.5,420.327,433,3.6999999999999993,5.800000000000001,6.199999999999999,0.0
2025-12-02 20:57:00,62.5,412.9485,433,3.6999999999999993,5.800000000000001,6.300000000000001,0.0
2025-12-02 21:00:00,61.0,412.9485,433,3.6999999999999993,5.800000000000001,6.099999999999998,0.0
2025-12-02 21:03:00,61.0,419.8351,433,3.6999999999999993,5.700000000000001,6.199999999999999,0.0
2025-12-02 21:06:00,61.0,419.0972,433,3.6999999999999993,5.6,6.099999999999998,0.0
2025-12-02 21:09:00,60.0,408.0295,433,3.6999999999999993,5.6,5.900000000000002,0.0
2025-12-02 21:12:00,59.0,400.1591,433,3.599999999999998,5.699999999999999,5.900000000000002,0.0
2025-12-02 21:15:00,58.0,393.2726,433,3.599999999999998,5.699999999999999,5.800000000000001,0.0
2025-12-02 21:18:00,58.0,382.9427,433,3.5,5.799999999999999,5.799999999999997,0.0
2025-12-02 21:21:00,59.0,384.6644,434,3.5,5.8999999999999995,5.799999999999997,0.0
2025-12-02 21:24:00,58.5,387.8617,434,3.599999999999998,5.799999999999999,5.800000000000001,0.0
2025-12-02 21:27:00,58.0,384.9103,434,3.599999999999998,5.799999999999999,5.800000000000001,0.0
2025-12-02 21:30:00,57.5,382.6968,434,3.5,5.8999999999999995,5.899999999999999,0.0
2025-12-02 21:33:00,57.0,370.6453,434,3.5,5.699999999999999,5.699999999999996,0.0
2025-12-02 21:36:00,58.0,391.305,434,3.5,5.699999999999999,5.799999999999997,0.0
2025-12-02 21:39:00,57.0,387.8617,434,3.5,5.700000000000001,5.799999999999997,0.0
2025-12-02 21:42:00,57.5,386.386,434,3.599999999999998,5.800000000000001,5.699999999999999,0.0
2025-12-02 21:45:00,56.5,392.5347,434,3.5,5.700000000000001,5.699999999999996,0.0
2025-12-02 21:48:00,56.5,387.8617,434,3.5,5.700000000000001,5.699999999999996,0.0
2025-12-02 21:51:00,57.0,382.6968,434,3.400000000000002,5.700000000000001,5.699999999999996,0.0
2025-12-02 21:54:00,56.0,371.6291,434,3.400000000000002,5.699999999999999,5.699999999999996,0.0
2025-12-02 21:57:00,56.0,366.956,434,3.400000000000002,5.799999999999999,5.600000000000001,0.0
2025-12-02 22:00:00,56.0,362.7749,434,3.400000000000002,5.8999999999999995,5.600000000000001,0.0
2025-12-02 22:03:00,53.0,336.2124,434,3.3000000000000007,5.8,5.200000000000003,0.0
2025-12-02 22:06:00,50.5,409.2593,434,3.0,5.8,5.099999999999998,0.0
2025-12-02 22:09:00,57.5,397.4537,434,3.400000000000002,5.3999999999999995,5.799999999999997,0.0
2025-12-02 22:12:00,56.5,395.2402,434,3.400000000000002,5.6,5.699999999999996,0.0
2025-12-02 22:15:00,56.0,373.8426,434,3.400000000000002,5.5,5.600000000000001,0.0
2025-12-02 22:18:00,54.5,364.9884,434,3.3000000000000007,5.6,5.5,0.0
2025-12-02 22:21:00,54.5,368.9236,435,3.3000000000000007,5.699999999999999,5.5,0.0
2025-12-02 22:24:00,55.0,377.2859,435,3.400000000000002,5.6,5.5,0.0
2025-12-02 22:27:00,55.0,375.0723,435,3.400000000000002,5.6,5.5,0.0
2025-12-02 22:30:00,54.5,365.7263,435,3.400000000000002,5.6,5.399999999999999,0.0
2025-12-02 22:33:00,53.0,354.1667,435,3.1999999999999993,5.699999999999999,5.299999999999997,0.0
2025-12-02 22:36:00,52.5,352.9369,435,3.1999999999999993,5.699999999999999,5.299999999999997,0.0
2025-12-02 22:39:00,53.5,354.6586,435,3.1999999999999993,5.6,5.299999999999997,0.0
2025-12-02 22:42:00,53.0,353.9207,435,3.1999999999999993,5.6,5.299999999999997,0.0
2025-12-02 22:45:00,53.0,351.4612,435,3.1999999999999993,5.7,5.299999999999997,0.0
2025-12-02 22:48:00,51.0,352.691,435,3.099999999999998,5.4,5.200000000000003,0.0
2025-12-02 22:51:00,50.0,350.9693,435,3.0,5.300000000000001,5.099999999999998,0.0
2025-12-02 22:54:00,49.5,351.4612,435,2.900000000000002,5.200000000000001,5.099999999999998,0.0
2025-12-02 22:57:00,49.5,350.7234,435,2.900000000000002,5.300000000000001,5.099999999999998,0.0
2025-12-02 23:00:00,48.5,342.1152,435,2.900000000000002,5.199999999999999,4.9999999999999964,0.0
2025-12-02 23:03:00,48.0,333.5069,435,2.8000000000000007,5.199999999999999,4.900000000000002,0.0
2025-12-02 23:06:00,47.5,333.261,435,2.8000000000000007,5.1,4.800000000000001,0.0
2025-12-02 23:09:00,42.0,297.5984,435,2.700000000000003,5.299999999999999,4.199999999999999,0.0
2025-12-02 23:12:00,42.5,301.0417,435,2.700000000000003,5.199999999999999,4.399999999999999,0.0
2025-12-02 23:18:00,34.0,317.7662,435,2.5,4.6,4.199999999999999,0.0
2025-12-02 23:21:00,35.0,303.0093,436,2.5,4.5,4.100000000000001,0.0
2025-12-02 23:24:00,35.0,298.8281,436,2.6000000000000014,5.0,4.399999999999999,0.0
2025-12-02 23:27:00,34.5,302.2714,436,2.5,4.8999999999999995,4.0,0.0
2025-12-02 23:30:00,35.5,306.4525,436,2.5,4.8,4.199999999999999,0.0
2025-12-02 23:33:00,36.0,303.7471,436,2.6000000000000014,4.8999999999999995,4.5,0.0
2025-12-02 23:36:00,34.5,305.4688,436,2.5,5.0,4.0,0.0
2025-12-02 23:39:00,36.0,303.0093,436,2.6000000000000014,4.8999999999999995,4.099999999999998,0.0
2025-12-02 23:42:00,35.5,300.3038,436,2.6000000000000014,4.8999999999999995,4.399999999999999,0.0
2025-12-02 23:45:00,35.0,301.0417,436,2.8000000000000007,5.1,4.300000000000001,0.0
2025-12-02 23:48:00,34.5,301.0417,436,2.6000000000000014,5.1,4.199999999999999,0.0
2025-12-02 23:51:00,35.0,301.5336,436,2.6000000000000014,5.0,4.399999999999999,0.0
2025-12-02 23:54:00,33.5,307.4363,436,2.599999999999998,5.1,4.0,0.0
2025-12-02 23:57:00,35.0,304.9769,436,2.5,4.7,4.0,0.0
2025-12-03 00:00:00,35.5,306.4525,436,2.5,4.8,4.199999999999999,0.0
2025-12-03 00:03:00,33.5,284.0712,436,2.599999999999998,5.1,4.100000000000001,0.0
2025-12-03 00:06:00,33.0,284.3171,436,2.3999999999999986,5.0,3.8000000000000007,0.0
2025-12-03 00:09:00,33.5,288.9902,436,2.3999999999999986,4.9,4.0,0.0
2025-12-03 00:12:00,33.5,281.8576,436,2.5,5.0,4.099999999999998,0.0
2025-12-03 00:15:00,33.0,275.217,436,2.3999999999999986,4.800000000000001,3.8000000000000007,0.0
2025-12-03 00:18:00,32.0,269.3142,436,2.3999999999999986,4.9,3.6999999999999993,0.0
2025-12-03 00:21:00,31.0,272.0197,437,2.3999999999999986,4.800000000000001,3.8000000000000007,0.0
2025-12-03 00:24:00,31.0,263.6574,437,2.299999999999997,4.9,3.700000000000003,0.0
2025-12-03 00:27:00,31.0,268.0845,437,2.299999999999997,4.800000000000001,3.700000000000003,0.0
2025-12-03 00:30:00,31.0,268.0845,437,2.299999999999997,4.800000000000001,3.8000000000000007,0.0
2025-12-03 00:33:00,30.5,259.9682,437,2.1999999999999993,4.800000000000001,3.6999999999999993,0.0
2025-12-03 00:36:00,31.0,273.2494,437,2.299999999999997,4.800000000000001,3.700000000000003,0.0
2025-12-03 00:39:00,31.0,273.4954,437,2.3999999999999986,4.800000000000001,3.8000000000000007,0.0
2025-12-03 00:42:00,30.5,269.5602,437,2.299999999999997,4.800000000000001,3.700000000000003,0.0
2025-12-03 00:45:00,31.0,273.4954,437,2.299999999999997,4.800000000000001,3.700000000000003,0.0
2025-12-03 00:48:00,31.0,270.544,437,2.3999999999999986,4.800000000000001,3.8999999999999986,0.0
2025-12-03 00:51:00,30.5,270.7899,437,2.3999999999999986,4.699999999999999,3.6999999999999993,0.0
2025-12-03 00:54:00,31.5,279.3981,437,2.3999999999999986,4.699999999999999,3.6999999999999993,0.0
2025-12-03 00:57:00,30.5,280.6279,437,2.3999999999999986,4.699999999999999,3.6000000000000014,0.0
2025-12-03 01:00:00,31.0,279.6441,437,2.3999999999999986,4.6,3.6000000000000014,0.0
2025-12-03 01:03:00,31.5,287.7604,437,2.3999999999999986,4.5,3.8000000000000007,0.0
2025-12-03 01:09:00,30.5,282.8414,437,2.3999999999999986,4.5,3.6999999999999993,0.0
2025-12-03 01:12:00,31.0,287.0226,437,2.3000000000000007,4.5,3.8000000000000007,0.0
2025-12-03 01:15:00,31.0,286.2847,437,2.299999999999997,4.5,3.700000000000003,0.0
2025-12-03 01:18:00,31.5,287.7604,437,2.3999999999999986,4.4,3.6999999999999993,0.0
2025-12-03 01:21:00,31.0,288.7442,438,2.3000000000000007,4.5,3.6999999999999993,0.0
2025-12-03 01:27:00,31.0,293.6632,438,2.299999999999997,4.4,3.700000000000003,0.0
2025-12-03 01:30:00,30.5,291.9416,439,2.3999999999999986,4.5,3.6999999999999993,0.0
2025-12-03 01:36:00,31.0,298.0903,439,2.3999999999999986,4.4,3.6999999999999993,0.0
2025-12-03 01:39:00,30.5,291.9416,439,2.3999999999999986,4.4,3.8000000000000007,0.0
2025-12-03 01:42:00,30.5,289.974,439,2.1999999999999993,4.5,3.8000000000000007,0.0
2025-12-03 01:45:00,30.5,279.6441,439,2.299999999999997,4.5,3.700000000000003,0.0
2025-12-03 07:18:00,30.5,382.2049,444,2.099999999999998,3.8,3.8000000000000007,0.0
2025-12-03 07:21:00,31.5,368.6777,445,2.1999999999999993,3.8999999999999995,4.099999999999998,0.0
2025-12-03 08:03:00,31.0,359.3316,445,2.1999999999999993,3.8,3.900000000000002,0.0
2025-12-03 08:06:00,32.5,383.4346,445,2.3000000000000007,3.8,4.300000000000001,0.0
2025-12-03 08:09:00,33.5,394.0104,445,2.3000000000000007,3.5999999999999996,4.099999999999998,0.0
2025-12-03 08:12:00,35.0,419.0972,445,2.5,3.5,4.300000000000001,0.0
2025-12-03 08:15:00,35.5,424.2621,445,2.6999999999999993,3.8999999999999995,4.600000000000001,0.0
2025-12-03 08:18:00,36.5,418.1134,446,2.6000000000000014,3.6999999999999993,4.399999999999999,0.0
2025-12-03 08:21:00,36.5,410.9809,446,2.6999999999999993,3.999999999999999,4.600000000000001,0.0
2025-12-03 08:24:00,36.5,405.57,446,2.6000000000000014,4.1,4.5,0.0
2025-12-03 08:27:00,37.0,398.1916,446,2.6999999999999993,3.999999999999999,4.5,0.0
2025-12-03 08:30:00,36.5,398.4375,446,2.6999999999999993,4.1,4.699999999999999,0.0
2025-12-03 08:33:00,36.0,403.8484,446,2.8000000000000007,4.199999999999999,4.399999999999999,0.0
2025-12-03 08:36:00,38.5,426.9676,446,2.8000000000000007,4.1000000000000005,4.699999999999999,0.0
2025-12-03 08:39:00,38.0,465.0897,446,3.0,4.1000000000000005,5.0,0.0
2025-12-03 08:42:00,41.0,476.8952,446,3.1999999999999993,4.000000000000001,5.300000000000001,0.0
2025-12-03 08:45:00,41.0,473.206,446,3.1999999999999993,4.2,5.300000000000001,0.0
2025-12-03 08:48:00,42.0,527.5607,446,3.3000000000000007,4.0,5.4999999999999964,0.0
2025-12-03 08:51:00,47.0,628.1539,446,3.6000000000000014,3.7,6.0,0.0
2025-12-03 08:54:00,49.0,629.3837,446,3.1000000000000014,3.3000000000000007,3.8999999999999986,0.0
2025-12-03 08:57:00,63.0,658.8976,446,3.8000000000000007,3.6000000000000005,6.400000000000002,0.0
2025-12-03 09:00:00,61.5,567.4045,446,4.0,4.0,6.5,0.0
2025-12-03 09:03:00,63.0,584.129,446,4.0,3.999999999999999,6.5,0.0
2025-12-03 09:06:00,63.0,589.048,446,4.100000000000001,4.200000000000001,6.600000000000001,0.0
2025-12-03 09:09:00,63.5,588.8021,446,4.199999999999999,4.1,6.5000000000000036,0.0
2025-12-03 09:12:00,63.5,585.6047,446,4.199999999999999,4.200000000000001,6.599999999999998,0.0
2025-12-03 09:15:00,63.0,583.1453,446,4.100000000000001,4.1000000000000005,6.399999999999999,0.0
2025-12-03 09:18:00,64.0,595.1968,447,4.100000000000001,4.1000000000000005,6.5,0.0
2025-12-03 09:21:00,64.5,604.2969,447,4.199999999999999,4.1,6.599999999999998,0.0
2025-12-03 09:24:00,67.5,614.8727,447,4.399999999999999,4.199999999999999,6.700000000000003,0.0
2025-12-03 09:27:00,69.0,607.4942,447,4.5,4.299999999999999,6.899999999999999,0.0
2025-12-03 09:30:00,70.5,595.6887,447,4.5,4.3999999999999995,6.899999999999999,0.0
2025-12-03 09:33:00,68.5,543.3015,447,4.399999999999999,4.6,6.700000000000003,0.0
2025-12-03 09:36:00,69.0,566.6667,447,4.5,4.6,6.800000000000004,0.0
2025-12-03 09:39:00,69.5,558.3044,447,4.600000000000001,4.499999999999999,6.799999999999997,0.0
2025-12-03 09:42:00,69.5,562.9774,447,4.5,4.6,6.899999999999999,0.0
2025-12-03 09:45:00,69.0,538.8744,447,4.5,4.700000000000001,6.799999999999997,0.0
2025-12-03 09:48:00,69.0,551.1719,447,4.600000000000001,4.800000000000001,6.799999999999997,0.0
2025-12-03 09:51:00,70.0,575.7668,447,4.600000000000001,4.800000000000001,7.0,0.0
2025-12-03 09:54:00,70.5,558.7963,447,4.600000000000001,4.8,7.0,0.0
2025-12-03 09:57:00,71.0,558.3044,447,4.700000000000003,4.7,7.0,0.0
2025-12-03 10:00:00,69.5,534.2014,447,4.600000000000001,5.0,6.799999999999997,0.0
2025-12-03 10:03:00,69.5,530.0203,447,4.5,4.8999999999999995,6.799999999999997,0.0
2025-12-03 10:06:00,69.0,517.9688,447,4.600000000000001,5.0,6.799999999999997,0.0
2025-12-03 10:09:00,69.0,526.3311,447,4.600000000000001,5.1,6.799999999999997,0.0
2025-12-03 10:12:00,70.0,518.2147,447,4.600000000000001,4.999999999999999,6.899999999999999,0.0
2025-12-03 10:15:00,69.0,501.4901,447,4.600000000000001,5.200000000000001,6.700000000000003,0.0
2025-12-03 10:18:00,69.0,511.5741,447,4.600000000000001,4.999999999999999,6.799999999999997,0.0
2025-12-03 10:21:00,69.0,521.412,448,4.600000000000001,4.999999999999999,6.899999999999999,0.0
2025-12-03 10:24:00,68.5,526.3311,448,4.600000000000001,4.999999999999999,6.799999999999997,0.0
2025-12-03 10:27:00,69.5,537.3987,448,4.600000000000001,4.8999999999999995,6.799999999999997,0.0
2025-12-03 10:30:00,69.0,540.3501,448,4.600000000000001,4.8999999999999995,6.899999999999999,0.0
2025-12-03 10:33:00,69.0,530.5121,448,4.600000000000001,4.8,6.799999999999997,0.0
2025-12-03 10:36:00,69.0,526.577,448,4.600000000000001,4.9,6.799999999999997,0.0
2025-12-03 10:39:00,69.5,528.5446,448,4.600000000000001,5.0,6.799999999999997,0.0
2025-12-03 10:42:00,69.0,507.6389,448,4.5,5.0,6.799999999999997,0.0
2025-12-03 10:45:00,68.5,503.9496,448,4.5,5.0,6.799999999999997,0.0
2025-12-03 10:48:00,68.5,493.1279,448,4.5,5.1,6.700000000000003,0.0
2025-12-03 10:51:00,68.5,507.147,448,4.5,5.199999999999999,6.799999999999997,0.0
2025-12-03 10:54:00,70.0,509.3605,448,4.600000000000001,5.1,6.799999999999997,0.0
2025-12-03 10:57:00,70.5,509.1146,448,4.600000000000001,5.1,6.899999999999999,0.0
2025-12-03 11:00:00,70.0,528.0527,448,4.600000000000001,4.999999999999999,7.0,0.0
2025-12-03 11:03:00,70.5,515.5093,448,4.699999999999999,4.999999999999999,6.900000000000002,0.0
2025-12-03 11:06:00,70.0,499.0307,448,4.600000000000001,5.200000000000001,6.899999999999999,0.0
2025-12-03 11:09:00,70.0,494.6036,448,4.699999999999999,5.300000000000001,6.800000000000001,0.0
2025-12-03 11:12:00,70.0,491.6522,448,4.600000000000001,5.300000000000001,6.899999999999999,0.0
2025-12-03 11:15:00,69.0,485.0116,448,4.699999999999999,5.300000000000001,6.800000000000001,0.0
2025-12-03 11:18:00,69.0,498.0469,448,4.699999999999999,5.200000000000001,6.800000000000001,0.0
2025-12-03 11:21:00,69.0,494.3576,449,4.5,5.200000000000001,6.899999999999999,0.0
2025-12-03 11:24:00,69.0,506.9011,449,4.699999999999999,5.1,6.800000000000001,0.0
2025-12-03 11:27:00,70.0,502.9659,449,4.699999999999999,5.1,6.800000000000001,0.0
2025-12-03 11:30:00,69.0,508.3767,449,4.599999999999998,5.1,6.800000000000001,0.0
2025-12-03 11:33:00,69.5,494.3576,449,4.600000000000001,5.1,6.699999999999996,0.0
2025-12-03 11:36:00,69.5,492.1441,449,4.600000000000001,5.199999999999999,6.699999999999996,0.0
2025-12-03 11:39:00,69.0,502.7199,449,4.600000000000001,5.1,6.899999999999999,0.0
2025-12-03 11:42:00,69.0,492.39,449,4.600000000000001,5.200000000000001,6.799999999999997,0.0
2025-12-03 11:45:00,68.0,486.9792,449,4.5,5.300000000000001,6.799999999999997,0.0
2025-12-03 11:48:00,68.5,486.9792,449,4.5,5.300000000000001,6.799999999999997,0.0
2025-12-03 11:51:00,68.5,484.5197,449,4.5,5.199999999999999,6.700000000000003,0.0
2025-12-03 11:54:00,68.0,484.2737,449,4.5,5.199999999999999,6.799999999999997,0.0
2025-12-03 11:57:00,68.0,477.6331,449,4.700000000000003,5.199999999999999,6.699999999999996,0.0
2025-12-03 12:00:00,69.0,489.6846,449,4.600000000000001,5.199999999999999,6.700000000000003,0.0
2025-12-03 12:03:00,68.5,490.6684,449,4.600000000000001,5.199999999999999,6.799999999999997,0.0
2025-12-03 12:06:00,68.5,499.2766,449,4.600000000000001,5.199999999999999,6.799999999999997,0.0
2025-12-03 12:09:00,69.0,487.963,449,4.600000000000001,5.199999999999999,6.700000000000003,0.0
2025-12-03 12:12:00,69.0,484.2737,449,4.600000000000001,5.199999999999999,6.700000000000003,0.0
2025-12-03 12:15:00,68.5,483.5359,449,4.600000000000001,5.299999999999999,6.700000000000003,0.0
2025-12-03 12:18:00,67.0,468.7789,449,4.400000000000002,5.3999999999999995,6.699999999999999,0.0
2025-12-03 12:21:00,67.0,477.1412,450,4.400000000000002,5.299999999999999,6.699999999999999,0.0
2025-12-03 12:24:00,66.0,470.7465,450,4.5,5.199999999999999,6.599999999999998,0.0
2025-12-03 12:27:00,66.0,467.0573,450,4.5,5.3999999999999995,6.4999999999999964,0.0
2025-12-03 12:30:00,66.5,483.7818,450,4.5,5.1,6.699999999999999,0.0
2025-12-03 12:33:00,67.0,478.371,450,4.5,5.199999999999999,6.699999999999999,0.0
2025-12-03 12:36:00,67.0,485.9954,450,4.5,5.199999999999999,6.699999999999999,0.0
2025-12-03 12:39:00,67.0,475.1736,450,4.5,5.299999999999999,6.599999999999998,0.0
2025-12-03 12:42:00,66.5,481.0764,450,4.399999999999999,5.199999999999999,6.599999999999998,0.0
2025-12-03 12:45:00,67.0,484.5197,450,4.5,5.1,6.699999999999999,0.0
2025-12-03 12:48:00,66.0,479.6007,450,4.399999999999999,5.199999999999999,6.599999999999998,0.0
2025-12-03 12:51:00,66.5,485.7494,450,4.5,5.1,6.599999999999998,0.0
2025-12-03 12:54:00,66.0,482.5521,450,4.5,5.199999999999999,6.599999999999998,0.0
2025-12-03 12:57:00,65.5,495.5874,450,4.5,5.1,6.599999999999998,0.0
2025-12-03 13:00:00,66.0,483.7818,450,4.400000000000002,5.0,6.600000000000001,0.0
2025-12-03 13:03:00,65.0,475.6655,450,4.400000000000002,5.199999999999999,6.5,0.0
2025-12-03 13:06:00,64.5,473.6979,450,4.400000000000002,5.199999999999999,6.5,0.0
2025-12-03 13:09:00,64.5,481.8142,450,4.300000000000001,5.1,6.5,0.0
2025-12-03 13:12:00,64.5,485.5035,450,4.300000000000001,5.1,6.5,0.0
2025-12-03 13:15:00,64.5,487.4711,450,4.300000000000001,4.999999999999999,6.5,0.0
2025-12-03 13:18:00,64.0,477.6331,450,4.300000000000001,5.1,6.399999999999999,0.0
2025-12-03 13:21:00,64.5,483.2899,451,4.300000000000001,5.1000000000000005,6.399999999999999,0.0
2025-12-03 13:24:00,65.0,499.2766,451,4.399999999999999,5.1000000000000005,6.5,0.0
2025-12-03 13:27:00,65.0,486.2413,451,4.399999999999999,5.1000000000000005,6.600000000000001,0.0
2025-12-03 13:30:00,65.0,479.8466,451,4.399999999999999,5.1,6.5,0.0
2025-12-03 13:33:00,65.0,499.5226,451,4.399999999999999,5.200000000000001,6.600000000000001,0.0
2025-12-03 13:36:00,67.0,496.8171,451,4.5,4.999999999999999,6.699999999999996,0.0
2025-12-03 13:39:00,66.0,491.8981,451,4.399999999999999,5.1000000000000005,6.700000000000003,0.0
2025-12-03 13:42:00,67.0,492.8819,451,4.5,5.1000000000000005,6.699999999999996,0.0
2025-12-03 13:45:00,66.0,477.3871,451,4.399999999999999,5.200000000000001,6.600000000000001,0.0
2025-12-03 13:48:00,66.0,488.4549,451,4.399999999999999,5.200000000000001,6.600000000000001,0.0
2025-12-03 13:51:00,66.0,481.3224,451,4.399999999999999,5.1000000000000005,6.600000000000001,0.0
2025-12-03 13:54:00,66.0,473.452,451,4.399999999999999,5.200000000000001,6.5,0.0
2025-12-03 13:57:00,65.0,470.7465,451,4.299999999999997,5.200000000000001,6.600000000000001,0.0
2025-12-03 14:00:00,64.5,476.8952,451,4.299999999999997,5.1,6.5,0.0
2025-12-03 14:03:00,67.5,511.82,451,4.399999999999999,5.000000000000001,6.899999999999999,0.0
2025-12-03 14:06:00,67.0,518.9525,451,4.5,4.8999999999999995,6.699999999999996,0.0
2025-12-03 14:09:00,68.0,499.0307,451,4.600000000000001,4.999999999999999,6.699999999999996,0.0
2025-12-03 14:12:00,67.0,481.8142,451,4.5,5.199999999999999,6.700000000000003,0.0
2025-12-03 14:15:00,67.5,485.9954,451,4.5,5.1,6.700000000000003,0.0
2025-12-03 14:18:00,66.5,466.5654,451,4.5,5.199999999999999,6.600000000000001,0.0
2025-12-03 14:21:00,65.0,450.0868,452,4.399999999999999,5.299999999999999,6.5,0.0
2025-12-03 14:24:00,62.0,447.6273,452,4.199999999999999,5.3999999999999995,6.199999999999999,0.0
2025-12-03 14:27:00,62.5,526.577,452,4.199999999999999,5.1,6.400000000000002,0.0
2025-12-03 14:30:00,66.0,504.6875,452,4.399999999999999,4.8999999999999995,6.800000000000004,0.0
2025-12-03 14:33:00,64.5,475.6655,452,4.300000000000001,4.999999999999999,6.699999999999999,0.0
2025-12-03 14:36:00,63.5,467.5492,452,4.199999999999999,5.1,6.5000000000000036,0.0
2025-12-03 14:39:00,64.5,480.5845,452,4.199999999999999,5.1,6.599999999999998,0.0
2025-12-03 14:42:00,64.0,472.2223,452,4.199999999999999,5.1,6.599999999999998,0.0
2025-12-03 14:45:00,64.0,477.1412,452,4.300000000000001,5.1,6.4999999999999964,0.0
2025-12-03 14:48:00,65.5,491.6522,452,4.300000000000001,5.1,6.699999999999999,0.0
2025-12-03 14:51:00,66.0,489.9306,452,4.300000000000001,5.1,6.800000000000001,0.0
2025-12-03 14:54:00,65.5,488.4549,452,4.300000000000001,5.1,6.699999999999999,0.0
2025-12-03 14:57:00,66.0,487.963,452,4.300000000000001,5.1,6.699999999999999,0.0
2025-12-03 15:00:00,66.0,473.206,452,4.400000000000002,5.1,6.699999999999999,0.0
2025-12-03 15:03:00,64.5,474.9276,452,4.300000000000001,5.199999999999999,6.599999999999998,0.0
2025-12-03 15:06:00,64.5,477.1412,452,4.300000000000001,5.1,6.599999999999998,0.0
2025-12-03 15:09:00,65.0,481.0764,452,4.400000000000002,5.200000000000001,6.4999999999999964,0.0
2025-12-03 15:12:00,65.0,478.6169,452,4.300000000000001,5.1,6.599999999999998,0.0
2025-12-03 15:15:00,64.5,487.963,452,4.300000000000001,5.1,6.599999999999998,0.0
2025-12-03 15:18:00,65.0,471.2384,453,4.300000000000001,5.200000000000001,6.599999999999998,0.0
2025-12-03 15:21:00,64.0,478.371,453,4.300000000000001,5.200000000000001,6.5000000000000036,0.0
2025-12-03 15:24:00,64.5,484.2737,453,4.300000000000001,5.1000000000000005,6.599999999999998,0.0
2025-12-03 15:27:00,65.0,474.9276,453,4.300000000000001,5.1000000000000005,6.599999999999998,0.0
2025-12-03 15:30:00,65.0,490.4225,453,4.300000000000001,5.200000000000001,6.599999999999998,0.0
2025-12-03 15:33:00,66.0,499.5226,453,4.399999999999999,5.1000000000000005,6.800000000000001,0.0
2025-12-03 15:36:00,67.0,503.9496,453,4.399999999999999,5.1000000000000005,6.800000000000001,0.0
2025-12-03 15:39:00,66.5,498.5388,453,4.399999999999999,5.1000000000000005,6.800000000000001,0.0
2025-12-03 15:42:00,65.0,492.1441,453,4.399999999999999,5.1000000000000005,6.599999999999998,0.0
2025-12-03 15:45:00,65.0,477.6331,453,4.399999999999999,5.1000000000000005,6.599999999999998,0.0
2025-12-03 15:48:00,65.0,477.1412,453,4.300000000000001,5.200000000000001,6.699999999999996,0.0
2025-12-03 15:51:00,65.0,475.1736,453,4.300000000000001,5.200000000000001,6.699999999999996,0.0
2025-12-03 15:54:00,64.5,477.1412,453,4.300000000000001,5.1,6.600000000000001,0.0
2025-12-03 15:57:00,65.5,476.8952,453,4.300000000000001,5.200000000000001,6.600000000000001,0.0
2025-12-03 16:00:00,64.5,465.0897,453,4.300000000000001,5.300000000000001,6.600000000000001,0.0
2025-12-03 16:03:00,65.0,470.2546,453,4.199999999999999,5.300000000000001,6.700000000000003,0.0
2025-12-03 16:06:00,65.0,464.8438,453,4.199999999999999,5.300000000000001,6.700000000000003,0.0
2025-12-03 16:09:00,66.0,484.2737,453,4.400000000000002,5.200000000000001,6.799999999999997,0.0
2025-12-03 16:12:00,66.5,483.2899,453,4.400000000000002,5.200000000000001,6.699999999999996,0.0
2025-12-03 16:15:00,65.0,479.8466,453,4.400000000000002,5.200000000000001,6.699999999999996,0.0
2025-12-03 16:18:00,65.0,470.9925,453,4.300000000000001,5.199999999999999,6.700000000000003,0.0
2025-12-03 16:21:00,65.0,460.4167,454,4.300000000000001,5.199999999999999,6.600000000000001,0.0
2025-12-03 16:24:00,64.0,455.4977,454,4.199999999999999,5.199999999999999,6.5,0.0
2025-12-03 16:27:00,63.5,468.7789,454,4.199999999999999,5.199999999999999,6.600000000000001,0.0
2025-12-03 16:30:00,63.5,463.86,454,4.199999999999999,5.199999999999999,6.600000000000001,0.0
2025-12-03 16:33:00,63.5,458.695,454,4.199999999999999,5.199999999999999,6.399999999999999,0.0
2025-12-03 16:36:00,63.5,465.0897,454,4.100000000000001,5.300000000000001,6.699999999999999,0.0
2025-12-03 16:39:00,63.5,463.86,454,4.100000000000001,5.200000000000001,6.699999999999999,0.0
2025-12-03 16:42:00,63.5,467.7951,454,4.100000000000001,5.300000000000001,6.599999999999998,0.0
2025-12-03 16:45:00,63.5,466.0735,454,4.100000000000001,5.300000000000001,6.599999999999998,0.0
2025-12-03 16:48:00,63.0,460.1707,454,4.100000000000001,5.300000000000001,6.4999999999999964,0.0
2025-12-03 16:51:00,63.0,470.7465,454,4.100000000000001,5.1,6.599999999999998,0.0
2025-12-03 16:54:00,63.5,472.7141,454,4.100000000000001,5.1,6.599999999999998,0.0
2025-12-03 16:57:00,63.0,459.6788,454,4.100000000000001,5.200000000000001,6.4999999999999964,0.0
2025-12-03 17:00:00,63.0,463.86,454,4.100000000000001,5.200000000000001,6.4999999999999964,0.0
2025-12-03 17:03:00,61.0,457.7112,454,4.0,5.300000000000001,6.400000000000002,0.0
2025-12-03 17:06:00,62.0,471.2384,454,4.0,5.1000000000000005,6.5000000000000036,0.0
2025-12-03 17:09:00,62.5,456.7274,454,4.100000000000001,5.200000000000001,6.400000000000002,0.0
2025-12-03 17:12:00,62.0,451.5625,454,4.099999999999998,5.200000000000001,6.5000000000000036,0.0
2025-12-03 17:15:00,60.5,459.6788,454,4.099999999999998,5.200000000000001,6.400000000000002,0.0
2025-12-03 17:18:00,62.5,469.5168,455,4.0,5.200000000000001,6.5000000000000036,0.0
2025-12-03 17:21:00,63.0,473.6979,455,4.099999999999998,5.1000000000000005,6.599999999999998,0.0
2025-12-03 17:24:00,63.0,466.0735,455,4.199999999999999,5.200000000000001,6.4999999999999964,0.0
2025-12-03 17:27:00,62.0,456.2355,455,4.099999999999998,5.200000000000001,6.5000000000000036,0.0
2025-12-03 17:30:00,61.5,455.2517,455,4.099999999999998,5.200000000000001,6.400000000000002,0.0
2025-12-03 17:33:00,61.5,457.2193,455,4.0,5.200000000000001,6.5,0.0
2025-12-03 17:36:00,63.5,505.1794,455,4.199999999999999,5.000000000000001,6.800000000000001,0.0
2025-12-03 17:39:00,66.0,500.5063,455,4.299999999999997,5.000000000000001,6.800000000000004,0.0
2025-12-03 17:42:00,66.5,515.5093,455,4.299999999999997,5.000000000000001,6.800000000000004,0.0
2025-12-03 17:45:00,67.5,511.82,455,4.399999999999999,4.999999999999999,7.0,0.0
2025-12-03 17:48:00,67.0,508.1308,455,4.399999999999999,4.999999999999999,6.899999999999999,0.0
2025-12-03 17:51:00,66.5,510.8362,455,4.399999999999999,4.999999999999999,6.899999999999999,0.0
2025-12-03 17:54:00,67.0,505.4254,455,4.399999999999999,4.999999999999999,6.899999999999999,0.0
2025-12-03 17:57:00,67.0,500.9983,455,4.399999999999999,5.1,6.799999999999997,0.0
2025-12-03 18:00:00,67.0,503.2118,455,4.399999999999999,5.1000000000000005,6.799999999999997,0.0
2025-12-03 18:03:00,66.0,500.2604,455,4.399999999999999,5.200000000000001,6.700000000000003,0.0
2025-12-03 18:06:00,66.5,493.3738,455,4.299999999999997,5.200000000000001,6.800000000000004,0.0
2025-12-03 18:09:00,66.5,482.5521,455,4.299999999999997,5.200000000000001,6.800000000000004,0.0
2025-12-03 18:12:00,65.0,453.7761,455,4.199999999999999,5.300000000000001,6.699999999999999,0.0
2025-12-03 18:15:00,64.0,450.5787,455,4.099999999999998,5.4,6.599999999999998,0.0
2025-12-03 18:18:00,63.5,455.2517,455,4.199999999999999,5.4,6.599999999999998,0.0
2025-12-03 18:21:00,64.0,457.9572,456,4.099999999999998,5.300000000000001,6.699999999999999,0.0
2025-12-03 18:24:00,64.0,457.4652,456,4.099999999999998,5.300000000000001,6.599999999999998,0.0
2025-12-03 18:27:00,64.0,463.614,456,4.099999999999998,5.300000000000001,6.699999999999999,0.0
2025-12-03 18:30:00,63.5,457.9572,456,4.099999999999998,5.4,6.699999999999999,0.0
2025-12-03 18:33:00,64.0,459.1869,456,4.199999999999999,5.300000000000001,6.599999999999998,0.0
2025-12-03 18:36:00,63.5,453.7761,456,4.099999999999998,5.199999999999999,6.599999999999998,0.0
2025-12-03 18:39:00,63.0,451.5625,456,4.099999999999998,5.3999999999999995,6.5000000000000036,0.0
2025-12-03 18:42:00,63.0,448.8571,456,4.099999999999998,5.500000000000001,6.5000000000000036,0.0
2025-12-03 18:45:00,61.0,436.8056,456,4.0,5.500000000000001,6.299999999999997,0.0
2025-12-03 18:48:00,61.0,442.7083,456,3.8999999999999986,5.4,6.399999999999999,0.0
2025-12-03 18:51:00,61.5,451.0706,456,3.8999999999999986,5.200000000000001,6.5,0.0
2025-12-03 18:54:00,61.0,451.0706,456,4.0,5.300000000000001,6.399999999999999,0.0
2025-12-03 18:57:00,61.0,459.1869,456,3.8999999999999986,5.300000000000001,6.5,0.0
2025-12-03 19:00:00,61.5,458.695,456,4.0,5.300000000000001,6.5,0.0
2025-12-03 19:03:00,61.0,446.8895,456,4.0,5.200000000000001,6.399999999999999,0.0
2025-12-03 19:06:00,61.5,446.1516,456,4.0,5.300000000000001,6.5,0.0
2025-12-03 19:09:00,61.0,452.3004,456,3.8999999999999986,5.4,6.5,0.0
2025-12-03 19:12:00,61.0,428.4433,456,3.8999999999999986,5.500000000000001,6.399999999999999,0.0
2025-12-03 19:15:00,59.0,434.1001,456,3.8999999999999986,5.300000000000001,6.200000000000003,0.0
2025-12-03 19:18:00,58.5,439.0191,456,3.799999999999997,5.4,6.200000000000003,0.0
2025-12-03 19:21:00,59.5,423.5243,457,3.799999999999997,5.4,6.200000000000003,0.0
2025-12-03 19:24:00,59.0,427.7054,457,3.799999999999997,5.300000000000001,6.300000000000004,0.0
2025-12-03 19:27:00,60.0,444.9219,457,3.799999999999997,5.300000000000001,6.300000000000004,0.0
2025-12-03 19:30:00,60.0,421.5567,457,3.799999999999997,5.4,6.300000000000004,0.0
2025-12-03 19:33:00,59.5,428.1974,457,3.8999999999999986,5.4,6.300000000000004,0.0
2025-12-03 19:36:00,59.0,431.6406,457,3.8999999999999986,5.4,6.300000000000004,0.0
2025-12-03 19:39:00,60.0,440.4948,457,3.799999999999997,5.300000000000001,6.300000000000004,0.0
2025-12-03 19:42:00,59.0,442.4624,457,3.799999999999997,5.300000000000001,6.399999999999999,0.0
2025-12-03 19:45:00,59.0,425.7379,457,3.8000000000000007,5.300000000000001,6.400000000000002,0.0
2025-12-03 19:48:00,59.0,417.1296,457,3.8000000000000007,5.300000000000001,6.300000000000001,0.0
2025-12-03 19:51:00,57.5,421.5567,457,3.8000000000000007,5.4,6.199999999999999,0.0
2025-12-03 19:54:00,57.0,425.4919,457,3.8000000000000007,5.300000000000001,6.199999999999999,0.0
2025-12-03 19:57:00,56.0,417.8675,457,3.6999999999999993,5.4,6.0000000000000036,0.0
2025-12-03 20:00:00,55.5,386.6319,457,3.6999999999999993,5.4,5.900000000000002,0.0
2025-12-03 20:03:00,53.0,392.2888,457,3.5,5.4,5.700000000000003,0.0
2025-12-03 20:06:00,53.0,394.5023,457,3.5,5.300000000000001,5.700000000000003,0.0
2025-12-03 20:09:00,52.5,376.548,457,3.5,5.4,5.700000000000003,0.0
2025-12-03 20:12:00,51.5,403.1105,457,3.3999999999999986,5.299999999999999,5.600000000000001,0.0
2025-12-03 20:15:00,68.5,563.2234,457,4.300000000000001,4.3999999999999995,7.300000000000001,0.0
2025-12-03 20:18:00,67.5,550.1881,458,4.300000000000001,4.8999999999999995,6.9999999999999964,0.0
2025-12-03 20:21:00,66.5,512.8038,458,4.300000000000001,5.1000000000000005,6.9999999999999964,0.0
2025-12-03 20:24:00,65.5,488.7008,458,4.300000000000001,5.1,6.900000000000002,0.0
2025-12-03 20:27:00,66.0,521.1661,458,4.300000000000001,5.1,6.9999999999999964,0.0
2025-12-03 20:30:00,67.0,543.5475,458,4.300000000000001,4.999999999999999,7.199999999999999,0.0
2025-12-03 20:33:00,67.0,533.9554,458,4.300000000000001,4.999999999999999,7.099999999999998,0.0
2025-12-03 20:36:00,68.5,533.7095,458,4.399999999999999,4.999999999999999,7.100000000000001,0.0
2025-12-03 20:39:00,67.0,536.6609,458,4.399999999999999,4.999999999999999,7.100000000000001,0.0
2025-12-03 20:42:00,68.5,552.6476,458,4.300000000000001,4.8999999999999995,7.199999999999999,0.0
2025-12-03 20:45:00,68.5,542.3177,458,4.399999999999999,4.8999999999999995,7.200000000000003,0.0
2025-12-03 20:48:00,67.5,538.3825,458,4.399999999999999,4.999999999999999,7.100000000000001,0.0
2025-12-03 20:51:00,67.0,544.7772,458,4.399999999999999,4.8999999999999995,7.100000000000001,0.0
2025-12-03 20:54:00,68.0,546.9907,458,4.399999999999999,4.8,7.100000000000001,0.0
2025-12-03 20:57:00,67.5,552.1556,458,4.5,4.8,7.100000000000001,0.0
2025-12-03 21:00:00,67.5,522.3958,458,4.399999999999999,5.1,7.0,0.0
2025-12-03 21:03:00,67.0,513.2957,458,4.300000000000001,5.0,7.099999999999998,0.0
2025-12-03 21:06:00,66.0,507.147,458,4.300000000000001,5.1,6.900000000000002,0.0
2025-12-03 21:09:00,67.5,494.8495,458,4.300000000000001,5.0,6.9999999999999964,0.0
2025-12-03 21:12:00,66.0,475.1736,458,4.300000000000001,5.1,6.900000000000002,0.0
2025-12-03 21:15:00,66.0,471.9763,458,4.199999999999999,5.199999999999999,6.800000000000001,0.0
2025-12-03 21:18:00,63.5,491.6522,459,4.100000000000001,5.1,6.699999999999996,0.0
2025-12-03 21:21:00,64.0,482.0602,459,4.100000000000001,5.1,6.799999999999997,0.0
2025-12-03 21:24:00,64.0,485.0116,459,4.199999999999999,5.0,6.800000000000001,0.0
2025-12-03 21:27:00,62.0,492.1441,459,4.100000000000001,5.1,6.600000000000001,0.0
2025-12-03 21:30:00,63.5,497.8009,459,4.100000000000001,5.0,6.799999999999997,0.0
2025-12-03 21:33:00,64.0,513.0498,459,4.199999999999999,5.0,6.800000000000001,0.0
2025-12-03 21:36:00,65.0,494.6036,459,4.199999999999999,5.0,6.800000000000001,0.0
2025-12-03 21:39:00,65.0,503.9496,459,4.199999999999999,5.1,6.699999999999999,0.0
2025-12-03 21:42:00,64.0,501.9821,459,4.100000000000001,5.0,6.799999999999997,0.0
2025-12-03 21:45:00,63.5,498.5388,459,4.199999999999999,5.0,6.599999999999998,0.0
2025-12-03 21:48:00,63.0,461.6464,459,4.100000000000001,5.1,6.5,0.0
2025-12-03 21:51:00,62.0,477.6331,459,4.0,5.1,6.600000000000001,0.0
2025-12-03 21:54:00,62.0,459.6788,459,4.0,5.199999999999999,6.5,0.0
2025-12-03 21:57:00,61.0,447.6273,459,4.0,5.1,6.399999999999999,0.0
2025-12-03 22:00:00,60.0,461.1545,459,3.8999999999999986,5.1,6.399999999999999,0.0
2025-12-03 22:03:00,57.0,437.0515,459,3.8000000000000007,5.3,6.099999999999998,0.0
2025-12-03 22:06:00,52.0,372.6129,459,3.6000000000000014,5.3999999999999995,5.399999999999999,0.0
2025-12-03 22:09:00,47.5,334.4907,459,3.1000000000000014,5.3,5.099999999999998,0.0
2025-12-03 22:12:00,47.0,342.1152,459,3.0,5.299999999999999,5.0,0.0
2025-12-03 22:15:00,47.0,343.5909,459,3.0,5.199999999999999,5.0,0.0
2025-12-03 22:18:00,46.0,334.2448,459,3.0,5.3999999999999995,4.899999999999999,0.0
2025-12-03 22:21:00,46.0,333.015,460,2.8999999999999986,5.3999999999999995,4.900000000000002,0.0
2025-12-03 22:24:00,45.5,336.7043,460,3.0,5.299999999999999,4.899999999999999,0.0
2025-12-03 22:27:00,45.0,305.9606,460,2.8999999999999986,5.3999999999999995,4.900000000000002,0.0
2025-12-03 22:30:00,42.0,300.5498,460,2.700000000000003,5.199999999999999,4.599999999999998,0.0
2025-12-03 22:33:00,42.0,301.5336,460,2.6999999999999993,5.3,3.8000000000000007,0.0
2025-12-03 22:36:00,33.5,311.3715,460,2.5,4.3999999999999995,4.200000000000003,0.0
2025-12-03 22:39:00,33.0,309.8958,460,2.3999999999999986,4.8,4.200000000000003,0.0
2025-12-03 22:42:00,34.0,310.8796,460,2.3999999999999986,4.7,4.300000000000001,0.0
2025-12-03 22:45:00,34.0,311.3715,460,2.5,4.8,4.399999999999999,0.0
2025-12-03 22:48:00,33.0,308.912,460,2.5,4.9,4.300000000000001,0.0
2025-12-03 22:51:00,34.5,311.6175,460,2.5,4.7,4.300000000000001,0.0
2025-12-03 22:54:00,34.5,323.1771,460,2.5,4.7,4.300000000000001,0.0
2025-12-03 22:57:00,34.0,312.6013,460,2.5,4.8,4.5,0.0
2025-12-03 23:00:00,34.0,308.4201,460,2.3999999999999986,4.7,4.200000000000003,0.0
2025-12-03 23:03:00,34.0,304.239,460,2.5,4.7,4.199999999999999,0.0
2025-12-03 23:06:00,33.5,303.9931,460,2.5,4.8,4.300000000000001,0.0
2025-12-03 23:09:00,32.5,303.9931,460,2.3999999999999986,4.9,4.200000000000003,0.0
2025-12-03 23:12:00,33.5,308.6661,460,2.3999999999999986,4.8,4.200000000000003,0.0
2025-12-03 23:15:00,34.0,299.8119,460,2.3999999999999986,4.7,4.300000000000001,0.0
2025-12-03 23:18:00,33.0,300.3038,460,2.5,4.9,4.199999999999999,0.0
2025-12-03 23:21:00,33.0,300.5498,461,2.3999999999999986,4.7,4.200000000000003,0.0
2025-12-03 23:24:00,32.5,306.2066,461,2.5,4.7,4.199999999999999,0.0
2025-12-03 23:27:00,33.0,304.239,461,2.5,4.6000000000000005,4.100000000000001,0.0
2025-12-03 23:30:00,33.0,297.5984,461,2.5,4.700000000000001,4.100000000000001,0.0
2025-12-03 23:33:00,32.0,268.0845,461,2.5,4.800000000000001,4.100000000000001,0.0
2025-12-03 23:36:00,31.0,275.9549,461,2.3000000000000007,4.799999999999999,4.0,0.0
2025-12-03 23:39:00,31.5,293.1713,461,2.3000000000000007,4.699999999999999,4.0,0.0
2025-12-03 23:42:00,30.5,291.9416,461,2.3000000000000007,4.799999999999999,4.300000000000001,0.0
2025-12-03 23:45:00,31.0,291.2037,461,2.1999999999999993,4.699999999999999,4.0,0.0
2025-12-03 23:48:00,30.5,285.3009,461,2.1999999999999993,4.699999999999999,4.0,0.0
2025-12-03 23:51:00,30.5,283.0874,461,2.1999999999999993,4.699999999999999,4.099999999999998,0.0
2025-12-18 07:27:00,33.0,278.9063,468,1.8000000000000007,1.7000000000000002,4.199999999999999,0.0
2025-12-18 09:33:00,30.5,366.2182,471,2.599999999999998,3.8999999999999995,4.5,0.0
2025-12-18 09:36:00,30.5,379.9913,471,2.599999999999998,4.000000000000001,4.600000000000001,0.0
2025-12-18 09:39:00,32.5,384.6644,471,2.6999999999999993,4.000000000000001,4.800000000000001,0.0
2025-12-18 09:42:00,34.5,387.3698,471,2.6999999999999993,3.6999999999999993,4.699999999999999,0.0
2025-12-18 09:45:00,34.5,380.4832,471,2.8999999999999986,3.999999999999999,4.800000000000001,0.0
2025-12-18 09:48:00,35.0,380.9751,471,2.6999999999999993,3.799999999999999,4.699999999999999,0.0
2025-12-18 09:51:00,36.0,379.0075,471,2.799999999999997,3.8999999999999995,4.700000000000003,0.0
2025-12-18 09:54:00,36.5,377.5318,471,2.8999999999999986,4.1000000000000005,5.100000000000001,0.0
2025-12-18 09:57:00,35.5,377.7778,471,3.0,4.300000000000001,5.099999999999998,0.0
2025-12-18 10:00:00,35.0,377.7778,471,3.0,4.300000000000001,5.0,0.0
2025-12-18 10:03:00,35.5,376.548,471,3.099999999999998,4.5,5.0,0.0
2025-12-18 10:06:00,35.5,377.7778,471,3.099999999999998,4.5,5.0,0.0
2025-12-18 10:09:00,35.5,382.2049,471,3.099999999999998,4.5,5.100000000000001,0.0
2025-12-18 10:12:00,41.5,575.5208,471,3.5,3.700000000000001,6.199999999999996,0.0
2025-12-18 10:15:00,109.0,575.5208,471,4.0,3.6999999999999993,6.399999999999999,0.0
2025-12-18 10:18:00,62.0,567.1586,471,3.6999999999999993,3.5999999999999996,5.699999999999999,0.0
2025-12-18 10:21:00,70.5,561.7477,471,4.699999999999999,4.200000000000001,7.699999999999999,0.0
2025-12-18 10:24:00,70.0,553.3854,471,5.0,4.800000000000001,7.799999999999997,0.0
2025-12-18 10:27:00,69.0,552.4016,471,5.0,4.800000000000001,7.899999999999999,0.0
2025-12-18 10:30:00,69.5,519.9363,472,5.0,5.0,7.699999999999996,0.0
2025-12-18 10:33:00,68.0,524.3634,472,5.0,5.2,7.699999999999996,0.0
2025-12-18 10:36:00,67.5,515.7552,472,5.0,5.2,7.600000000000001,0.0
2025-12-18 10:39:00,65.5,523.6256,472,5.0,5.2,7.5,0.0
2025-12-18 10:42:00,66.0,525.1013,472,5.0,4.9,7.5,0.0
2025-12-18 10:45:00,66.5,526.8229,472,5.0,4.9,7.600000000000001,0.0
2025-12-18 10:48:00,66.5,530.0203,472,5.0,5.0,7.600000000000001,0.0
2025-12-18 10:51:00,66.5,519.9363,472,4.799999999999997,4.9,7.300000000000004,0.0
2025-12-18 10:54:00,67.0,513.7876,472,4.899999999999999,4.9,7.299999999999997,0.0
2025-12-18 10:57:00,67.5,511.3281,472,4.899999999999999,5.0,7.299999999999997,0.0
2025-12-18 11:00:00,66.5,509.6065,472,4.899999999999999,5.0,7.299999999999997,0.0
2025-12-18 11:03:00,66.0,507.6389,472,4.899999999999999,5.0,7.299999999999997,0.0
2025-12-18 11:06:00,67.5,511.3281,472,4.899999999999999,5.1,7.299999999999997,0.0
2025-12-18 11:09:00,67.5,517.7228,472,4.899999999999999,4.999999999999999,7.399999999999999,0.0
2025-12-18 11:12:00,69.0,516.985,472,5.0,5.1000000000000005,7.5,0.0
2025-12-18 11:15:00,69.0,522.6418,472,5.0,5.000000000000001,7.5,0.0
2025-12-18 11:18:00,69.5,525.3472,472,5.099999999999998,5.2,7.599999999999998,0.0
2025-12-18 11:21:00,71.0,524.8553,472,5.099999999999998,5.1,7.699999999999999,0.0
2025-12-18 11:24:00,72.5,524.1175,472,5.199999999999999,5.2,7.800000000000001,0.0
2025-12-18 11:27:00,73.0,521.1661,472,5.199999999999999,5.2,7.900000000000002,0.0
2025-12-18 11:30:00,72.0,518.7066,473,5.199999999999999,5.2,7.900000000000002,0.0
2025-12-18 11:33:00,73.0,515.0174,473,5.299999999999997,5.3,7.899999999999999,0.0
2025-12-18 11:36:00,72.5,508.1308,473,5.299999999999997,5.4,8.0,0.0
2025-12-18 11:39:00,72.0,506.4091,473,5.399999999999999,5.5,7.899999999999999,0.0
2025-12-18 11:42:00,70.5,499.7685,473,5.399999999999999,5.5,7.899999999999999,0.0
2025-12-18 11:45:00,72.0,505.4254,473,5.399999999999999,5.699999999999999,8.0,0.0
2025-12-18 11:48:00,70.5,501.4901,473,5.199999999999999,5.3,7.599999999999998,0.0
2025-12-18 11:51:00,72.0,512.5579,473,5.199999999999999,5.3999999999999995,7.800000000000001,0.0
2025-12-18 11:54:00,73.0,517.7228,473,5.399999999999999,5.3999999999999995,7.899999999999999,0.0
2025-12-18 11:57:00,73.0,515.7552,473,5.399999999999999,5.3999999999999995,8.0,0.0
2025-12-18 12:00:00,72.0,516.739,473,5.5,5.5,8.0,0.0
2025-12-18 12:03:00,73.0,511.3281,473,5.5,5.5,8.0,0.0
2025-12-18 12:06:00,73.0,502.228,473,5.5,5.6,8.0,0.0
2025-12-18 12:09:00,73.0,491.1603,473,5.5,5.699999999999999,8.0,0.0
2025-12-18 12:12:00,71.5,491.6522,473,5.5,5.699999999999999,7.899999999999999,0.0
2025-12-18 12:15:00,71.0,489.1927,473,5.5,5.8,7.799999999999997,0.0
2025-12-18 12:18:00,69.5,488.7008,473,5.399999999999999,5.699999999999999,7.799999999999997,0.0
2025-12-18 12:21:00,69.0,477.3871,473,5.399999999999999,5.8,7.600000000000001,0.0
2025-12-18 12:24:00,67.5,492.1441,473,5.0,5.3999999999999995,7.399999999999999,0.0
2025-12-18 12:27:00,68.0,485.0116,473,5.099999999999998,5.3999999999999995,7.400000000000002,0.0
2025-12-18 12:30:00,67.0,481.8142,474,5.0,5.3999999999999995,7.399999999999999,0.0
2025-12-18 12:33:00,67.0,487.4711,474,5.0,5.3999999999999995,7.399999999999999,0.0
2025-12-18 12:36:00,68.5,453.7761,474,5.0,5.3,7.5000000000000036,0.0
2025-12-18 12:39:00,66.0,446.8895,474,4.800000000000001,5.6000000000000005,7.200000000000003,0.0
2025-12-18 12:42:00,71.0,551.4178,474,5.100000000000001,4.800000000000001,7.699999999999999,0.0
2025-12-18 12:45:00,72.0,575.7668,474,5.300000000000001,4.799999999999999,7.799999999999997,0.0
2025-12-18 12:48:00,76.0,606.7563,474,5.400000000000002,4.700000000000001,8.199999999999996,0.0
2025-12-18 12:51:00,74.5,518.9525,474,5.5,5.1000000000000005,8.099999999999998,0.0
2025-12-18 12:54:00,73.0,497.309,474,5.400000000000002,5.5,7.699999999999996,0.0
2025-12-18 12:57:00,72.5,484.5197,474,5.400000000000002,5.7,7.899999999999999,0.0
2025-12-18 13:00:00,70.5,491.1603,474,5.300000000000001,5.6000000000000005,7.699999999999996,0.0
2025-12-18 13:03:00,71.0,485.7494,474,5.300000000000001,5.6000000000000005,7.699999999999996,0.0
2025-12-18 13:06:00,69.0,481.0764,474,5.199999999999999,5.7,7.700000000000003,0.0
2025-12-18 13:09:00,68.0,488.2089,474,5.199999999999999,5.5,7.600000000000001,0.0
2025-12-18 13:12:00,68.0,486.7332,474,5.300000000000001,5.5,7.600000000000001,0.0
2025-12-18 13:15:00,66.5,484.2737,474,5.200000000000003,5.6000000000000005,7.399999999999999,0.0
2025-12-18 13:18:00,67.5,486.7332,474,5.100000000000001,5.5,7.299999999999997,0.0
2025-12-18 13:21:00,66.5,475.1736,474,4.900000000000002,5.300000000000001,7.199999999999999,0.0
2025-12-18 13:24:00,66.5,457.2193,474,4.900000000000002,5.4,7.199999999999999,0.0
2025-12-18 13:27:00,66.0,465.0897,474,4.800000000000001,5.4,7.199999999999999,0.0
2025-12-18 13:30:00,66.5,463.3681,475,4.800000000000001,5.4,7.199999999999999,0.0
2025-12-18 13:33:00,68.0,490.9144,475,4.899999999999999,5.300000000000001,7.300000000000004,0.0
2025-12-18 13:36:00,69.5,496.8171,475,5.0,5.1000000000000005,7.399999999999999,0.0
2025-12-18 13:39:00,69.0,485.0116,475,5.0,5.200000000000001,7.399999999999999,0.0
2025-12-18 13:42:00,68.0,477.1412,475,4.899999999999999,5.300000000000001,7.200000000000003,0.0
2025-12-18 13:45:00,68.0,482.0602,475,4.899999999999999,5.200000000000001,7.200000000000003,0.0
2025-12-18 13:48:00,67.5,484.2737,475,4.899999999999999,5.200000000000001,7.200000000000003,0.0
2025-12-18 13:51:00,68.0,486.9792,475,4.899999999999999,5.200000000000001,7.200000000000003,0.0
2025-12-18 13:54:00,68.0,493.1279,475,4.899999999999999,5.200000000000001,7.299999999999997,0.0
2025-12-18 13:57:00,68.0,487.4711,475,5.0,5.200000000000001,7.199999999999996,0.0
2025-12-18 14:00:00,68.0,481.8142,475,4.899999999999999,5.200000000000001,7.299999999999997,0.0
2025-12-18 14:03:00,68.0,486.9792,475,5.0,5.200000000000001,7.199999999999996,0.0
2025-12-18 14:06:00,68.5,481.0764,475,5.0,5.300000000000001,7.299999999999997,0.0
2025-12-18 14:09:00,68.0,484.2737,475,4.899999999999999,5.300000000000001,7.299999999999997,0.0
2025-12-18 14:12:00,67.5,478.371,475,4.800000000000001,5.300000000000001,7.299999999999997,0.0
2025-12-18 14:15:00,68.5,496.0793,475,4.900000000000002,5.300000000000001,7.299999999999997,0.0
2025-12-18 14:18:00,69.5,498.2928,475,4.900000000000002,5.2,7.5,0.0
2025-12-18 14:21:00,69.0,524.8553,475,4.900000000000002,5.1000000000000005,7.600000000000001,0.0
2025-12-18 14:24:00,71.5,538.3825,475,5.100000000000001,5.0,7.699999999999999,0.0
2025-12-18 14:27:00,72.5,544.7772,475,5.300000000000001,5.0,7.799999999999997,0.0
2025-12-18 14:30:00,73.0,535.923,476,5.300000000000001,5.1000000000000005,7.799999999999997,0.0
2025-12-18 14:33:00,73.0,530.2662,476,5.300000000000001,5.1000000000000005,7.799999999999997,0.0
2025-12-18 14:36:00,72.5,525.3472,476,5.300000000000001,5.2,7.799999999999997,0.0
2025-12-18 14:39:00,72.5,499.7685,476,5.300000000000001,5.4,8.0,0.0
2025-12-18 14:42:00,71.0,462.1383,476,5.300000000000001,5.6000000000000005,7.600000000000001,0.0
2025-12-18 14:45:00,67.5,456.4815,476,5.100000000000001,5.7,7.400000000000002,0.0
2025-12-18 14:48:00,65.0,458.941,476,5.0,5.7,7.199999999999999,0.0
2025-12-18 14:51:00,66.0,466.0735,476,4.699999999999999,5.4,7.100000000000001,0.0
2025-12-18 14:54:00,64.5,448.8571,476,4.699999999999999,5.300000000000001,7.0,0.0
2025-12-18 14:57:00,64.0,447.6273,476,4.599999999999998,5.4,6.899999999999999,0.0
2025-12-18 15:00:00,63.5,436.3137,476,4.599999999999998,5.4,6.899999999999999,0.0
2025-12-18 15:03:00,64.5,449.103,476,4.599999999999998,5.5,6.899999999999999,0.0
2025-12-18 15:06:00,64.0,462.8762,476,4.599999999999998,5.4,7.100000000000001,0.0
2025-12-18 15:09:00,64.5,456.2355,476,4.699999999999999,5.3,7.0,0.0
2025-12-18 15:12:00,65.0,447.8733,476,4.699999999999999,5.3,7.0,0.0
2025-12-18 15:15:00,64.5,446.6435,476,4.599999999999998,5.4,7.100000000000001,0.0
2025-12-18 15:18:00,64.5,438.0353,476,4.599999999999998,5.5,7.100000000000001,0.0
2025-12-18 15:21:00,63.0,440.2488,476,4.5,5.6,6.900000000000002,0.0
2025-12-18 15:24:00,64.5,449.3489,476,4.599999999999998,5.4,7.0,0.0
2025-12-18 15:27:00,65.0,446.8895,476,4.599999999999998,5.4,7.0,0.0
2025-12-18 15:30:00,64.0,450.3327,477,4.599999999999998,5.4,7.0,0.0
2025-12-18 15:33:00,64.5,455.0058,477,4.600000000000001,5.4,6.9999999999999964,0.0
2025-12-18 15:36:00,65.0,457.4652,477,4.600000000000001,5.4,7.099999999999998,0.0
2025-12-18 15:39:00,65.0,454.7599,477,4.600000000000001,5.4,6.9999999999999964,0.0
2025-12-18 15:42:00,64.5,446.1516,477,4.600000000000001,5.4,6.9999999999999964,0.0
2025-12-18 15:45:00,63.0,448.1192,477,4.5,5.5,6.900000000000002,0.0
2025-12-18 15:48:00,64.0,454.022,477,4.5,5.4,7.099999999999998,0.0
2025-12-18 15:51:00,64.5,456.4815,477,4.600000000000001,5.4,6.9999999999999964,0.0
2025-12-18 15:54:00,65.0,457.2193,477,4.600000000000001,5.3999999999999995,7.099999999999998,0.0
2025-12-18 15:57:00,65.0,451.3165,477,4.699999999999999,5.5,6.9999999999999964,0.0
2025-12-18 16:00:00,65.0,447.6273,477,4.599999999999998,5.5,7.099999999999998,0.0
2025-12-18 16:03:00,65.5,448.6111,477,4.599999999999998,5.5,7.099999999999998,0.0
2025-12-18 16:06:00,65.0,457.9572,477,4.599999999999998,5.3999999999999995,7.099999999999998,0.0
2025-12-18 16:09:00,65.0,460.9086,477,4.599999999999998,5.3999999999999995,7.099999999999998,0.0
2025-12-18 16:12:00,66.0,454.2679,477,4.599999999999998,5.5,7.199999999999999,0.0
2025-12-18 16:15:00,65.5,451.3165,477,4.599999999999998,5.5,7.099999999999998,0.0
2025-12-18 16:18:00,65.5,453.5301,477,4.699999999999999,5.499999999999999,7.099999999999998,0.0
2025-12-18 16:21:00,67.0,456.7274,477,4.699999999999999,5.499999999999999,7.300000000000001,0.0
2025-12-18 16:24:00,66.5,442.7083,477,4.699999999999999,5.6000000000000005,7.300000000000001,0.0
2025-12-18 16:27:00,63.5,409.9971,477,4.600000000000001,5.799999999999999,6.899999999999999,0.0
2025-12-18 16:30:00,68.5,526.577,478,4.699999999999999,5.3,7.699999999999999,0.0
2025-12-18 16:33:00,71.5,497.0631,478,4.899999999999999,5.2,7.600000000000001,0.0
2025-12-18 16:36:00,67.0,438.0353,478,4.800000000000001,5.4,7.300000000000001,0.0
2025-12-18 16:39:00,65.5,433.8542,478,4.600000000000001,5.8,7.100000000000001,0.0
2025-12-18 16:42:00,65.5,435.3299,478,4.700000000000003,5.699999999999999,7.100000000000001,0.0
2025-12-18 16:45:00,65.0,425.7379,478,4.600000000000001,5.799999999999999,7.100000000000001,0.0
2025-12-18 16:48:00,65.5,428.1974,478,4.700000000000003,5.699999999999999,7.100000000000001,0.0
2025-12-18 16:51:00,66.0,441.4786,478,4.700000000000003,5.699999999999999,7.199999999999996,0.0
2025-12-18 16:54:00,66.5,467.5492,478,4.700000000000003,5.499999999999999,7.399999999999999,0.0
2025-12-18 16:57:00,66.5,465.8275,478,4.800000000000001,5.3999999999999995,7.300000000000001,0.0
2025-12-18 17:00:00,66.0,450.0868,478,4.700000000000003,5.5,7.199999999999996,0.0
2025-12-18 17:03:00,65.0,440.7407,478,4.699999999999999,5.5,7.200000000000003,0.0
2025-12-18 17:06:00,64.0,438.7731,478,4.699999999999999,5.699999999999999,7.0,0.0
2025-12-18 17:09:00,63.0,365.2344,478,4.5,5.8,6.699999999999999,0.0
2025-12-18 17:30:00,42.0,338.4259,478,2.5,3.7,5.5,0.0
2025-12-18 17:33:00,38.5,323.1771,478,3.0,5.3,5.300000000000001,0.0
2025-12-18 17:36:00,38.0,315.0608,478,3.099999999999998,5.6,5.5,0.0
2025-12-18 17:39:00,38.0,318.9959,479,3.0,5.3999999999999995,5.199999999999999,0.0
2025-12-18 17:42:00,40.0,318.75,479,3.0,5.3,5.300000000000001,0.0
2025-12-18 17:45:00,38.5,326.1285,479,3.1999999999999993,5.5,5.300000000000001,0.0
2025-12-18 17:48:00,39.5,318.75,479,3.0,5.3999999999999995,5.300000000000001,0.0
2025-12-18 17:51:00,40.0,330.8015,479,3.099999999999998,5.3,5.300000000000001,0.0
2025-12-18 17:54:00,40.5,341.8692,479,3.3000000000000007,5.3,5.599999999999998,0.0
2025-12-18 17:57:00,39.5,337.934,479,3.3000000000000007,5.6,5.399999999999999,0.0
2025-12-18 18:00:00,39.5,315.7986,479,3.1999999999999993,5.3999999999999995,5.100000000000001,0.0
2025-12-18 18:03:00,39.0,314.077,479,3.099999999999998,5.5,5.100000000000001,0.0
2025-12-18 18:06:00,38.5,312.3553,479,3.1999999999999993,5.6,5.300000000000001,0.0
2025-12-18 18:09:00,38.0,306.2066,479,3.1000000000000014,5.5,5.0,0.0
2025-12-18 18:12:00,38.5,307.1904,479,3.1000000000000014,5.5,5.0,0.0
2025-12-18 18:15:00,38.0,304.9769,479,3.1999999999999993,5.699999999999999,5.300000000000001,0.0
2025-12-18 18:18:00,37.5,312.3553,479,3.0,5.6,5.0,0.0
2025-12-18 18:21:00,38.0,302.2714,479,3.0,5.6,5.0,0.0
2025-12-18 18:24:00,37.0,305.4688,479,3.1000000000000014,5.6,5.199999999999999,0.0
2025-12-18 18:27:00,37.0,314.077,479,3.0,5.5,5.0,0.0
2025-12-18 18:30:00,38.0,314.8148,479,3.0,5.3999999999999995,5.100000000000001,0.0
2025-12-18 18:33:00,37.5,301.5336,479,3.0,5.5,5.300000000000001,0.0
2025-12-18 18:36:00,36.5,298.8281,479,2.900000000000002,5.6,5.0,0.0
2025-12-18 18:39:00,36.5,296.8605,480,2.900000000000002,5.6,4.899999999999999,0.0
2025-12-18 18:42:00,37.0,303.7471,480,3.0,5.6,5.100000000000001,0.0
2025-12-18 18:45:00,36.5,293.1713,480,2.900000000000002,5.5,4.799999999999997,0.0
2025-12-18 18:48:00,36.0,280.136,480,2.8000000000000007,5.6,4.800000000000001,0.0
2025-12-18 18:51:00,35.0,283.3333,480,2.8000000000000007,5.699999999999999,4.5,0.0
2025-12-18 18:54:00,35.0,273.2494,480,2.799999999999997,5.5,4.700000000000003,0.0
2025-12-18 18:57:00,35.5,279.1522,480,2.6999999999999993,5.6,4.800000000000001,0.0
2025-12-18 19:00:00,34.5,274.4792,480,2.6999999999999993,5.6,4.5,0.0
2025-12-18 19:03:00,34.5,260.706,480,2.6999999999999993,5.699999999999999,4.599999999999998,0.0
2025-12-18 19:06:00,36.5,316.5365,480,2.8999999999999986,5.3999999999999995,5.100000000000001,0.0
2025-12-18 19:09:00,37.0,327.3582,480,3.0,5.4,5.299999999999997,0.0
2025-12-18 19:12:00,37.5,327.6042,480,2.8999999999999986,5.0,5.0,0.0
2025-12-18 19:15:00,38.5,335.7205,480,3.099999999999998,5.3,5.300000000000001,0.0
2025-12-18 19:18:00,38.5,344.3287,480,3.0,5.2,5.0,0.0
2025-12-18 19:21:00,39.5,330.0637,480,3.1999999999999993,5.300000000000001,5.5,0.0
2025-12-18 19:24:00,38.5,334.4907,480,3.099999999999998,5.300000000000001,4.900000000000002,0.0
2025-12-18 19:27:00,39.5,337.4421,480,3.0,5.1000000000000005,5.199999999999999,0.0
2025-12-18 19:30:00,39.5,354.6586,480,3.099999999999998,5.2,5.600000000000001,0.0
2025-12-18 19:33:00,40.0,359.0856,480,3.3999999999999986,5.4,5.600000000000001,0.0
2025-12-18 19:36:00,39.0,350.2315,480,3.299999999999997,5.5,5.600000000000001,0.0
2025-12-18 19:39:00,38.5,334.4907,481,3.1999999999999993,5.5,5.399999999999999,0.0
2025-12-18 19:42:00,38.5,318.9959,481,3.0,5.2,5.099999999999998,0.0
2025-12-18 19:45:00,38.5,315.0608,481,3.0,5.300000000000001,5.0,0.0
2025-12-18 19:48:00,37.5,314.5688,481,3.099999999999998,5.5,5.300000000000001,0.0
2025-12-18 19:51:00,37.0,304.239,481,2.8999999999999986,5.300000000000001,4.899999999999999,0.0
2025-12-18 19:54:00,37.5,314.5688,481,2.8999999999999986,5.200000000000001,4.899999999999999,0.0
2025-12-18 19:57:00,37.0,317.0284,481,3.0,5.300000000000001,5.199999999999999,0.0
2025-12-18 20:00:00,36.5,312.8472,481,3.0,5.1,4.800000000000001,0.0
2025-12-18 20:03:00,36.0,306.2066,481,3.0,5.199999999999999,4.800000000000001,0.0
2025-12-18 20:06:00,35.5,298.0903,481,3.0,5.3999999999999995,5.100000000000001,0.0
2025-12-18 20:09:00,34.0,293.9091,481,2.6999999999999993,5.199999999999999,4.5,0.0
2025-12-18 20:12:00,35.0,298.8281,481,2.6999999999999993,5.1000000000000005,4.600000000000001,0.0
2025-12-18 20:15:00,35.5,291.9416,481,2.8000000000000007,5.200000000000001,4.899999999999999,0.0
2025-12-18 20:18:00,34.0,288.7442,481,2.6000000000000014,5.300000000000001,4.399999999999999,0.0
2025-12-18 20:21:00,35.0,293.6632,481,2.6000000000000014,5.1000000000000005,4.599999999999998,0.0
2025-12-18 20:24:00,36.0,299.32,481,2.6999999999999993,5.1000000000000005,4.800000000000001,0.0
2025-12-18 20:27:00,34.0,295.1389,481,2.6999999999999993,5.300000000000001,4.400000000000002,0.0
2025-12-18 20:30:00,34.0,293.9091,481,2.6000000000000014,5.1000000000000005,4.599999999999998,0.0
2025-12-18 20:33:00,34.5,289.974,481,2.6000000000000014,5.1000000000000005,4.899999999999999,0.0
2025-12-18 20:36:00,34.0,285.3009,481,2.6000000000000014,5.200000000000001,4.399999999999999,0.0
2025-12-18 20:39:00,34.0,290.2199,482,2.6000000000000014,5.1000000000000005,4.5,0.0
2025-12-18 20:42:00,34.5,286.7766,482,2.6000000000000014,5.1000000000000005,4.699999999999999,0.0
2025-12-18 20:45:00,34.0,297.5984,482,2.6999999999999993,5.300000000000001,4.600000000000001,0.0
2025-12-18 20:48:00,35.5,296.6146,482,2.6000000000000014,5.1000000000000005,4.699999999999999,0.0
2025-12-18 20:51:00,34.5,289.2361,482,2.700000000000003,5.200000000000001,4.899999999999999,0.0
2025-12-18 20:54:00,33.5,296.8605,482,2.6000000000000014,5.1000000000000005,4.5,0.0
2025-12-18 20:57:00,34.5,293.9091,482,2.700000000000003,5.000000000000001,4.5,0.0
2025-12-18 21:00:00,34.5,283.0874,482,2.700000000000003,5.200000000000001,4.899999999999999,0.0
2025-12-18 21:03:00,33.5,279.1522,482,2.6000000000000014,5.300000000000001,4.399999999999999,0.0
2025-12-18 21:06:00,34.0,282.5955,482,2.6000000000000014,5.1000000000000005,4.5,0.0
2025-12-18 21:09:00,34.0,285.7928,482,2.6000000000000014,5.300000000000001,4.699999999999999,0.0
2025-12-18 21:12:00,33.0,282.1036,482,2.5,5.200000000000001,4.400000000000002,0.0
2025-12-18 21:15:00,33.5,276.9387,482,2.5,5.200000000000001,4.5,0.0
2025-12-18 21:18:00,33.5,269.8062,482,2.6000000000000014,5.300000000000001,4.600000000000001,0.0
2025-12-18 21:21:00,32.5,273.9873,482,2.5,5.200000000000001,4.400000000000002,0.0
2025-12-18 21:24:00,32.5,276.9387,482,2.5,5.200000000000001,4.400000000000002,0.0
2025-12-18 21:27:00,32.5,284.0712,482,2.599999999999998,5.200000000000001,4.400000000000002,0.0
2025-12-18 21:30:00,32.5,278.4144,482,2.599999999999998,5.1,4.400000000000002,0.0
2025-12-18 21:33:00,33.0,275.7089,482,2.5,5.1,4.600000000000001,0.0
2025-12-18 21:36:00,32.0,276.4468,482,2.400000000000002,5.1,4.399999999999999,0.0
2025-12-18 21:39:00,31.0,267.1007,483,2.400000000000002,5.1,4.300000000000001,0.0
2025-12-18 21:42:00,31.5,268.5764,483,2.5,5.1,4.200000000000003,0.0
2025-12-18 21:45:00,31.5,263.6574,483,2.400000000000002,5.1,4.300000000000001,0.0
2025-12-18 21:48:00,31.0,263.6574,483,2.400000000000002,5.1,4.399999999999999,0.0
2025-12-18 21:51:00,31.0,265.8709,483,2.3999999999999986,5.1,4.300000000000001,0.0
2025-12-18 21:54:00,30.5,250.8681,483,2.5,5.1,4.199999999999999,0.0
2025-12-18 22:03:00,37.0,336.2124,483,3.0,4.8999999999999995,5.300000000000001,0.0
2025-12-18 22:06:00,35.5,341.8692,483,2.8999999999999986,4.999999999999999,4.900000000000002,0.0
2025-12-18 22:09:00,37.0,334.2448,483,2.8999999999999986,4.8999999999999995,4.900000000000002,0.0
2025-12-18 22:12:00,36.5,328.588,483,2.8999999999999986,4.8999999999999995,5.100000000000001,0.0
2025-12-18 22:15:00,35.0,322.4392,483,2.8999999999999986,5.1,4.600000000000001,0.0
2025-12-18 22:18:00,36.0,325.6366,483,2.8000000000000007,4.8999999999999995,4.899999999999999,0.0
2025-12-18 22:21:00,36.0,320.2257,483,2.8999999999999986,4.8999999999999995,4.900000000000002,0.0
2025-12-18 22:24:00,35.5,316.5365,483,2.8999999999999986,5.0,4.600000000000001,0.0
2025-12-18 22:27:00,35.5,313.5851,483,2.8000000000000007,4.999999999999999,4.899999999999999,0.0
2025-12-18 22:30:00,36.0,308.6661,483,2.8999999999999986,5.1,5.0,0.0
2025-12-18 22:33:00,35.0,313.831,483,2.8999999999999986,5.3999999999999995,4.600000000000001,0.0
2025-12-18 22:36:00,36.0,325.6366,483,2.8000000000000007,4.8999999999999995,4.699999999999999,0.0
2025-12-18 22:39:00,36.5,323.423,483,2.8999999999999986,4.999999999999999,5.100000000000001,0.0
2025-12-18 22:42:00,35.5,325.6366,484,3.0,5.299999999999999,5.0,0.0
2025-12-18 22:45:00,36.0,313.5851,484,2.8000000000000007,4.8999999999999995,4.899999999999999,0.0
2025-12-18 22:48:00,36.5,313.3391,484,2.8000000000000007,4.8999999999999995,4.899999999999999,0.0
2025-12-18 22:51:00,36.5,315.0608,484,3.0,5.199999999999999,5.199999999999999,0.0
2025-12-18 22:54:00,35.5,305.9606,484,2.8000000000000007,5.0,4.699999999999999,0.0
2025-12-18 22:57:00,36.0,308.4201,484,2.8000000000000007,5.0,4.799999999999997,0.0
2025-12-18 23:00:00,35.5,312.1094,484,2.8999999999999986,5.1,4.900000000000002,0.0
2025-12-18 23:03:00,35.5,312.1094,484,2.8000000000000007,5.0,4.699999999999999,0.0
2025-12-18 23:06:00,35.0,307.1904,484,2.8000000000000007,5.0,4.699999999999999,0.0
2025-12-18 23:09:00,35.0,317.2743,484,2.8999999999999986,5.0,4.900000000000002,0.0
2025-12-18 23:12:00,35.5,316.0446,484,2.6999999999999993,4.8999999999999995,4.699999999999999,0.0
2025-12-18 23:15:00,35.5,324.8987,484,2.8000000000000007,4.8,4.699999999999999,0.0
2025-12-18 23:18:00,35.5,317.7662,484,2.8999999999999986,4.9,4.900000000000002,0.0
2025-12-18 23:21:00,35.0,305.9606,484,2.8000000000000007,4.9,4.699999999999999,0.0
2025-12-18 23:24:00,35.0,309.158,484,2.8000000000000007,5.0,4.599999999999998,0.0
2025-12-18 23:27:00,33.5,298.5822,484,2.8000000000000007,5.1,4.5,0.0
2025-12-18 23:30:00,34.5,306.2066,484,2.6999999999999993,4.800000000000001,4.5,0.0
2025-12-18 23:33:00,34.5,305.2228,484,2.6999999999999993,4.700000000000001,4.600000000000001,0.0
2025-12-18 23:36:00,33.5,301.0417,484,2.6999999999999993,5.000000000000001,4.300000000000001,0.0
2025-12-18 23:39:00,33.5,302.2714,485,2.599999999999998,4.700000000000001,4.400000000000002,0.0
2025-12-18 23:42:00,33.5,301.7795,485,2.599999999999998,4.700000000000001,4.600000000000001,0.0
2025-12-18 23:45:00,32.5,302.7633,485,2.599999999999998,5.000000000000001,4.300000000000001,0.0
2025-12-18 23:48:00,32.5,303.7471,485,2.599999999999998,4.6,4.400000000000002,0.0
2025-12-18 23:51:00,33.0,310.3877,485,2.599999999999998,4.6,4.600000000000001,0.0
2025-12-18 23:54:00,33.0,315.7986,485,2.599999999999998,4.6,4.400000000000002,0.0
2025-12-18 23:57:00,33.5,313.5851,485,2.6999999999999993,4.499999999999999,4.5,0.0
2025-12-19 00:00:00,33.5,314.5688,485,2.6999999999999993,4.6,4.600000000000001,0.0
2025-12-19 00:03:00,32.5,299.8119,485,2.599999999999998,4.6,4.400000000000002,0.0
2025-12-19 00:06:00,32.5,307.1904,485,2.599999999999998,4.6,4.400000000000002,0.0
2025-12-19 00:09:00,33.0,317.2743,485,2.6999999999999993,4.6,4.699999999999999,0.0
2025-12-19 00:12:00,33.5,318.9959,485,2.6999999999999993,4.499999999999999,4.399999999999999,0.0
2025-12-19 00:15:00,33.0,328.342,485,2.6999999999999993,4.3999999999999995,4.5,0.0
2025-12-19 00:18:00,33.5,329.3258,485,2.8000000000000007,4.5,4.799999999999997,0.0
2025-12-19 00:21:00,33.0,336.2124,485,2.6999999999999993,4.2,4.600000000000001,0.0
2025-12-19 00:24:00,33.0,354.4126,485,2.6999999999999993,4.2,4.5,0.0
2025-12-19 00:27:00,34.5,360.5613,485,2.8000000000000007,4.3,4.900000000000002,0.0
2025-12-19 00:30:00,34.5,365.2344,485,2.8000000000000007,4.2,4.599999999999998,0.0
2025-12-19 00:33:00,35.0,364.4965,485,2.700000000000003,4.1000000000000005,4.599999999999998,0.0
2025-12-19 00:36:00,35.5,373.5966,485,2.8000000000000007,4.2,5.0,0.0
2025-12-19 00:39:00,35.0,372.8588,485,2.8000000000000007,4.2,4.800000000000001,0.0
2025-12-19 00:42:00,35.0,371.875,486,2.8000000000000007,4.1000000000000005,4.800000000000001,0.0
2025-12-19 00:45:00,36.0,372.3669,486,2.900000000000002,4.3,5.199999999999999,0.0
2025-12-19 00:48:00,35.5,372.3669,486,2.900000000000002,4.2,4.800000000000001,0.0
2025-12-19 00:51:00,36.0,372.6129,486,2.900000000000002,4.1000000000000005,4.899999999999999,0.0
2025-12-19 00:54:00,35.5,375.5642,486,3.0,4.200000000000001,5.100000000000001,0.0
2025-12-19 00:57:00,35.5,373.5966,486,3.1000000000000014,4.300000000000001,4.699999999999999,0.0
2025-12-19 01:00:00,35.0,379.0075,486,2.8000000000000007,4.200000000000001,4.899999999999999,0.0
2025-12-19 01:03:00,36.0,375.5642,486,3.1000000000000014,4.300000000000001,5.0,0.0
2025-12-19 01:06:00,33.5,345.5584,486,2.6999999999999993,4.300000000000001,4.400000000000002,0.0
2025-12-19 01:09:00,34.5,342.3611,486,2.6999999999999993,4.300000000000001,4.5,0.0
2025-12-19 01:12:00,35.0,350.7234,486,2.8000000000000007,4.199999999999999,4.800000000000001,0.0
2025-12-19 01:15:00,33.5,347.0341,486,2.6999999999999993,4.199999999999999,4.400000000000002,0.0
2025-12-19 01:18:00,33.5,346.0504,486,2.6999999999999993,4.1,4.400000000000002,0.0
2025-12-19 01:21:00,34.0,344.5746,486,2.6999999999999993,4.1,4.600000000000001,0.0
2025-12-19 01:24:00,33.0,346.0504,486,2.8000000000000007,4.199999999999999,4.300000000000001,0.0
2025-12-19 01:27:00,33.5,341.8692,486,2.599999999999998,4.1,4.400000000000002,0.0
2025-12-19 01:30:00,33.5,339.6557,486,2.599999999999998,4.1,4.5,0.0
2025-12-19 01:33:00,31.5,339.4097,486,2.599999999999998,4.199999999999999,4.300000000000001,0.0
2025-12-19 01:36:00,32.0,343.099,486,2.599999999999998,4.1,4.300000000000001,0.0
2025-12-19 01:39:00,32.5,341.6233,487,2.599999999999998,4.1,4.5,0.0
2025-12-19 01:42:00,31.5,339.4097,487,2.599999999999998,4.0,4.300000000000001,0.0
2025-12-19 01:45:00,31.5,323.1771,487,2.599999999999998,4.1,4.400000000000002,0.0
2025-12-19 09:06:00,30.5,378.0237,494,2.3999999999999986,3.6999999999999993,4.300000000000001,0.0
2025-12-19 09:09:00,32.5,376.794,494,2.5,3.5999999999999996,4.599999999999998,0.0
2025-12-19 09:12:00,35.0,422.0486,494,2.8000000000000007,3.6999999999999993,4.799999999999997,0.0
2025-12-19 09:15:00,38.0,494.6036,494,2.8999999999999986,3.8000000000000007,5.400000000000002,0.0
2025-12-19 09:18:00,44.5,557.0746,494,3.5,3.500000000000001,6.199999999999999,0.0
2025-12-19 09:21:00,58.5,547.7286,494,3.5,3.5999999999999996,5.699999999999999,0.0
2025-12-19 09:24:00,68.0,542.0718,494,4.0,4.0,8.2,0.0
2025-12-19 09:27:00,64.0,536.1689,494,4.399999999999999,4.5,7.5000000000000036,0.0
2025-12-19 09:30:00,65.0,532.2338,494,4.600000000000001,4.6,7.4999999999999964,0.0
2025-12-19 09:33:00,64.0,545.0231,494,4.5,4.6000000000000005,7.400000000000002,0.0
2025-12-19 09:36:00,63.0,534.6933,494,4.5,4.4,7.300000000000001,0.0
2025-12-19 09:39:00,62.5,542.3177,495,4.5,4.5,7.300000000000001,0.0
2025-12-19 09:42:00,64.5,558.5504,495,4.600000000000001,4.5,7.4999999999999964,0.0
2025-12-19 09:45:00,64.0,551.4178,495,4.600000000000001,4.5,7.4999999999999964,0.0
2025-12-19 09:48:00,63.5,542.8096,495,4.600000000000001,4.5,7.099999999999998,0.0
2025-12-19 09:51:00,63.5,538.8744,495,4.5,4.5,7.099999999999998,0.0
2025-12-19 09:54:00,64.0,541.088,495,4.5,4.499999999999999,7.199999999999999,0.0
2025-12-19 09:57:00,63.5,544.7772,495,4.600000000000001,4.499999999999999,7.199999999999999,0.0
2025-12-19 10:00:00,64.0,547.2367,495,4.600000000000001,4.500000000000001,7.300000000000001,0.0
2025-12-19 10:03:00,64.5,542.0718,495,4.600000000000001,4.500000000000001,7.300000000000001,0.0
2025-12-19 10:06:00,65.0,557.3206,495,4.600000000000001,4.6000000000000005,7.400000000000002,0.0
2025-12-19 10:09:00,66.0,564.945,495,4.600000000000001,4.6000000000000005,7.4999999999999964,0.0
2025-12-19 10:12:00,68.0,569.864,495,4.800000000000001,4.6000000000000005,7.600000000000001,0.0
2025-12-19 10:15:00,69.0,574.783,495,4.800000000000001,4.6000000000000005,7.700000000000003,0.0
2025-12-19 10:18:00,68.0,543.7934,495,4.899999999999999,4.8,7.700000000000003,0.0
2025-12-19 10:21:00,68.0,533.4636,495,4.899999999999999,4.8999999999999995,7.600000000000001,0.0
2025-12-19 10:24:00,68.0,535.923,495,4.899999999999999,4.8999999999999995,7.700000000000003,0.0
2025-12-19 10:27:00,68.5,521.658,495,4.899999999999999,4.8999999999999995,7.600000000000001,0.0
2025-12-19 10:30:00,69.0,531.7419,495,4.899999999999999,4.999999999999999,7.700000000000003,0.0
2025-12-19 10:33:00,69.0,534.6933,495,5.0,4.8999999999999995,7.600000000000001,0.0
2025-12-19 10:36:00,69.0,539.1204,495,4.899999999999999,4.8999999999999995,7.700000000000003,0.0
2025-12-19 10:39:00,69.5,543.7934,496,5.0,4.8999999999999995,7.699999999999996,0.0
2025-12-19 10:42:00,69.0,539.6123,496,5.0,4.8999999999999995,7.699999999999996,0.0
2025-12-19 10:45:00,69.5,544.0394,496,5.0,4.8999999999999995,7.699999999999996,0.0
2025-12-19 10:48:00,69.0,540.1042,496,5.0,4.8999999999999995,7.699999999999996,0.0
2025-12-19 10:51:00,69.5,541.5799,496,5.0,4.8999999999999995,7.699999999999996,0.0
2025-12-19 10:54:00,69.5,538.8744,496,5.0,4.8999999999999995,7.600000000000001,0.0
2025-12-19 10:57:00,69.5,545.0231,496,4.899999999999999,4.8999999999999995,7.700000000000003,0.0
2025-12-19 11:00:00,69.5,546.4988,496,5.0,4.8,7.600000000000001,0.0
2025-12-19 11:03:00,69.5,552.4016,496,5.0,4.8,7.699999999999996,0.0
2025-12-19 11:06:00,70.0,549.9421,496,5.0,4.8,7.699999999999996,0.0
2025-12-19 11:09:00,68.5,524.8553,496,4.899999999999999,4.999999999999999,7.700000000000003,0.0
2025-12-19 11:12:00,69.0,525.3472,496,4.899999999999999,4.999999999999999,7.700000000000003,0.0
2025-12-19 11:15:00,69.5,528.7905,496,4.899999999999999,5.1000000000000005,7.799999999999997,0.0
2025-12-19 11:18:00,70.0,535.923,496,5.0,5.000000000000001,7.699999999999996,0.0
2025-12-19 11:21:00,70.5,534.2014,496,5.0,5.0,7.799999999999997,0.0
2025-12-19 11:24:00,70.5,525.1013,496,5.099999999999998,5.2,7.800000000000001,0.0
2025-12-19 11:27:00,71.5,530.5121,496,5.099999999999998,5.2,7.800000000000001,0.0
2025-12-19 11:30:00,73.0,549.4502,496,5.199999999999999,5.1,7.9999999999999964,0.0
2025-12-19 11:33:00,75.5,557.5665,496,5.299999999999997,5.1,8.399999999999999,0.0
2025-12-19 11:36:00,78.0,547.2367,496,5.5,5.3999999999999995,8.799999999999997,0.0
2025-12-19 11:39:00,77.5,547.4826,497,5.699999999999999,5.6,8.7,0.0
2025-12-19 11:42:00,77.0,540.1042,497,5.699999999999999,5.6,8.599999999999998,0.0
2025-12-19 11:45:00,76.0,542.8096,497,5.699999999999999,5.699999999999999,8.7,0.0
2025-12-19 11:48:00,77.0,534.2014,497,5.699999999999999,5.699999999999999,8.8,0.0
2025-12-19 11:51:00,75.5,529.2824,497,5.699999999999999,5.8,8.599999999999998,0.0
2025-12-19 11:54:00,74.5,546.4988,497,5.699999999999999,5.699999999999999,8.400000000000002,0.0
2025-12-19 11:57:00,76.5,554.3692,497,5.699999999999999,5.6,8.8,0.0
2025-12-19 12:00:00,76.5,557.5665,497,5.799999999999997,5.5,8.700000000000003,0.0
2025-12-19 12:03:00,75.5,542.8096,497,5.699999999999999,5.6,8.499999999999996,0.0
2025-12-19 12:06:00,75.0,534.6933,497,5.399999999999999,5.3,8.0,0.0
2025-12-19 12:09:00,74.5,534.6933,497,5.399999999999999,5.3,8.100000000000001,0.0
2025-12-19 12:12:00,75.0,533.9554,497,5.399999999999999,5.3999999999999995,8.299999999999997,0.0
2025-12-19 12:15:00,76.5,529.0364,497,5.599999999999998,5.6,8.599999999999998,0.0
2025-12-19 12:18:00,74.5,531.004,497,5.600000000000001,5.699999999999999,8.400000000000002,0.0
2025-12-19 12:21:00,74.5,527.8067,497,5.600000000000001,5.6,8.400000000000002,0.0
2025-12-19 12:24:00,75.0,535.923,497,5.699999999999999,5.699999999999999,8.499999999999996,0.0
2025-12-19 12:27:00,76.5,535.923,497,5.799999999999997,5.6,8.600000000000001,0.0
2025-12-19 12:30:00,74.5,542.5637,497,5.600000000000001,5.6,8.400000000000002,0.0
2025-12-19 12:33:00,75.0,539.8582,497,5.5,5.3,8.100000000000001,0.0
2025-12-19 12:36:00,78.5,543.3015,497,5.599999999999998,5.3999999999999995,8.500000000000004,0.0
2025-12-19 12:39:00,78.0,541.5799,497,5.600000000000001,5.6,8.8,0.0
2025-12-19 12:42:00,77.0,534.2014,498,5.899999999999999,5.6,8.600000000000001,0.0
2025-12-19 12:45:00,77.0,532.4797,498,5.799999999999997,5.6,8.600000000000001,0.0
2025-12-19 12:48:00,75.5,522.6418,498,5.699999999999999,5.8,8.599999999999998,0.0
2025-12-19 12:51:00,75.5,532.2338,498,5.699999999999999,5.6,8.599999999999998,0.0
2025-12-19 12:54:00,75.0,533.4636,498,5.600000000000001,5.6,8.400000000000002,0.0
2025-12-19 12:57:00,75.5,532.2338,498,5.600000000000001,5.6,8.400000000000002,0.0
2025-12-19 13:00:00,76.5,537.6447,498,5.699999999999999,5.5,8.599999999999998,0.0
2025-12-19 13:03:00,76.5,542.3177,498,5.600000000000001,5.5,8.7,0.0
2025-12-19 13:06:00,77.0,540.3501,498,5.699999999999999,5.5,8.7,0.0
2025-12-19 13:09:00,75.5,539.8582,498,5.699999999999999,5.6,8.599999999999998,0.0
2025-12-19 13:12:00,75.0,530.0203,498,5.699999999999999,5.6,8.499999999999996,0.0
2025-12-19 13:15:00,74.5,515.2633,498,5.699999999999999,5.699999999999999,8.400000000000002,0.0
2025-12-19 13:18:00,74.5,518.9525,498,5.599999999999998,5.8,8.400000000000002,0.0
2025-12-19 13:21:00,74.5,518.9525,498,5.699999999999999,5.6,8.400000000000002,0.0
2025-12-19 13:24:00,73.0,519.4445,498,5.399999999999999,5.3999999999999995,7.700000000000003,0.0
2025-12-19 13:27:00,73.5,534.2014,498,5.299999999999997,5.3,8.0,0.0
2025-12-19 13:30:00,75.0,535.4312,498,5.300000000000001,5.199999999999999,8.100000000000001,0.0
2025-12-19 13:33:00,77.5,542.5637,498,5.599999999999998,5.499999999999999,8.7,0.0
2025-12-19 13:36:00,76.5,540.842,498,5.600000000000001,5.6,8.499999999999996,0.0
2025-12-19 13:39:00,77.0,535.923,499,5.699999999999999,5.6,8.599999999999998,0.0
2025-12-19 13:42:00,76.5,534.9393,499,5.699999999999999,5.6,8.599999999999998,0.0
2025-12-19 13:45:00,76.5,529.7743,499,5.699999999999999,5.6,8.599999999999998,0.0
2025-12-19 13:48:00,76.5,544.7772,499,5.600000000000001,5.699999999999999,8.7,0.0
2025-12-19 13:51:00,76.5,535.923,499,5.799999999999997,5.6,8.600000000000001,0.0
2025-12-19 13:54:00,77.0,543.7934,499,5.799999999999997,5.6,8.700000000000003,0.0
2025-12-19 13:57:00,78.0,548.7124,499,5.899999999999999,5.6,8.700000000000003,0.0
2025-12-19 14:00:00,77.5,532.7257,499,5.800000000000001,5.6,8.600000000000001,0.0
2025-12-19 14:03:00,77.5,535.1852,499,5.899999999999999,5.700000000000001,8.700000000000003,0.0
2025-12-19 14:06:00,77.5,552.4016,499,5.899999999999999,5.6,8.700000000000003,0.0
2025-12-19 14:09:00,78.0,546.4988,499,5.899999999999999,5.700000000000001,8.799999999999997,0.0
2025-12-19 14:12:00,78.5,548.9583,499,5.899999999999999,5.700000000000001,8.799999999999997,0.0
2025-12-19 14:15:00,79.0,533.4636,499,5.800000000000001,5.800000000000001,8.700000000000003,0.0
2025-12-19 14:18:00,77.0,532.4797,499,5.899999999999999,5.800000000000001,8.700000000000003,0.0
2025-12-19 14:21:00,79.0,549.6962,499,5.800000000000001,5.700000000000001,8.899999999999999,0.0
2025-12-19 14:24:00,78.5,542.8096,499,5.900000000000002,5.700000000000001,8.799999999999997,0.0
2025-12-19 14:27:00,78.5,556.0908,499,5.900000000000002,5.700000000000001,8.899999999999999,0.0
2025-12-19 14:30:00,78.0,539.6123,499,5.900000000000002,5.700000000000001,8.899999999999999,0.0
2025-12-19 14:33:00,79.0,543.7934,499,5.900000000000002,5.700000000000001,8.699999999999996,0.0
2025-12-19 14:36:00,77.5,529.2824,499,5.800000000000001,5.800000000000001,8.700000000000003,0.0
2025-12-19 14:39:00,77.5,533.7095,500,5.800000000000001,5.800000000000001,8.700000000000003,0.0
2025-12-19 14:42:00,78.5,540.3501,500,5.900000000000002,5.700000000000001,8.699999999999996,0.0
2025-12-19 14:45:00,77.5,527.5607,500,5.900000000000002,5.800000000000001,8.699999999999996,0.0
2025-12-19 14:48:00,77.5,532.2338,500,5.800000000000001,5.800000000000001,8.600000000000001,0.0
2025-12-19 14:51:00,77.0,541.3339,500,5.800000000000001,5.800000000000001,8.699999999999996,0.0
2025-12-19 14:54:00,78.0,544.7772,500,5.800000000000001,5.700000000000001,8.799999999999997,0.0
2025-12-19 14:57:00,78.5,545.761,500,5.800000000000001,5.7,8.799999999999997,0.0
2025-12-19 15:00:00,78.5,534.6933,500,5.800000000000001,5.7,8.699999999999996,0.0
2025-12-19 15:03:00,77.0,529.2824,500,5.800000000000001,5.700000000000001,8.600000000000001,0.0
2025-12-19 15:06:00,77.0,537.3987,500,5.800000000000001,5.800000000000001,8.699999999999996,0.0
2025-12-19 15:09:00,76.5,527.8067,500,5.800000000000001,5.800000000000001,8.600000000000001,0.0
2025-12-19 15:12:00,76.0,520.4282,500,5.800000000000001,5.700000000000001,8.600000000000001,0.0
2025-12-19 15:15:00,76.0,529.2824,500,5.700000000000003,5.700000000000001,8.600000000000001,0.0
2025-12-19 15:18:00,75.5,533.9554,500,5.400000000000002,5.300000000000001,8.2,0.0
2025-12-19 15:21:00,79.5,526.3311,500,5.600000000000001,5.4,8.600000000000001,0.0
2025-12-19 15:24:00,78.5,528.7905,500,5.800000000000001,5.700000000000001,8.900000000000002,0.0
2025-12-19 15:27:00,78.0,520.6742,500,5.800000000000001,5.9,8.8,0.0
2025-12-19 15:30:00,78.5,525.1013,500,5.800000000000001,5.9,8.900000000000002,0.0
2025-12-19 15:33:00,79.0,537.3987,500,5.900000000000002,5.800000000000001,8.900000000000002,0.0
2025-12-19 15:36:00,78.5,537.6447,500,5.800000000000001,5.800000000000001,8.8,0.0
2025-12-19 15:39:00,78.0,530.0203,501,5.699999999999999,5.800000000000001,8.8,0.0
2025-12-19 15:42:00,78.5,538.3825,501,5.699999999999999,5.700000000000001,8.8,0.0
2025-12-19 15:45:00,78.0,516.985,501,5.699999999999999,5.800000000000001,8.7,0.0
2025-12-19 15:48:00,77.0,519.9363,501,5.699999999999999,5.800000000000001,8.599999999999998,0.0
2025-12-19 15:51:00,76.5,516.985,501,5.699999999999999,5.800000000000001,8.500000000000004,0.0
2025-12-19 15:54:00,76.0,508.8687,501,5.600000000000001,5.800000000000001,8.5,0.0
2025-12-19 15:57:00,76.5,526.0851,501,5.600000000000001,5.9,8.600000000000001,0.0
2025-12-19 16:00:00,76.5,520.4282,501,5.600000000000001,5.800000000000001,8.600000000000001,0.0
2025-12-19 16:03:00,77.0,524.1175,501,5.699999999999999,5.9,8.599999999999998,0.0
2025-12-19 16:06:00,75.5,516.985,501,5.199999999999999,5.6000000000000005,8.099999999999998,0.0
2025-12-19 16:09:00,77.5,517.9688,501,5.399999999999999,5.6000000000000005,8.300000000000004,0.0
2025-12-19 16:12:00,79.0,511.3281,501,5.600000000000001,5.800000000000001,8.699999999999996,0.0
2025-12-19 16:15:00,77.5,499.0307,501,5.600000000000001,6.1000000000000005,8.600000000000001,0.0
2025-12-19 16:18:00,77.5,496.8171,501,5.600000000000001,6.1000000000000005,8.600000000000001,0.0
2025-12-19 16:21:00,77.0,505.6713,501,5.600000000000001,6.0,8.600000000000001,0.0
2025-12-19 16:24:00,77.0,504.4415,501,5.600000000000001,6.0,8.600000000000001,0.0
2025-12-19 16:27:00,77.0,503.9496,501,5.600000000000001,6.000000000000001,8.600000000000001,0.0
2025-12-19 16:30:00,76.0,502.228,501,5.600000000000001,6.1000000000000005,8.5,0.0
2025-12-19 16:33:00,75.5,507.6389,501,5.5,6.0,8.5,0.0
2025-12-19 16:36:00,75.0,510.3443,501,5.600000000000001,5.9,8.5,0.0
2025-12-19 16:39:00,76.0,508.1308,502,5.600000000000001,5.9,8.5,0.0
2025-12-19 16:42:00,75.5,497.8009,502,5.5,5.9,8.600000000000001,0.0
2025-12-19 16:45:00,76.5,501.9821,502,5.399999999999999,5.9,8.5,0.0
2025-12-19 16:48:00,76.0,506.4091,502,5.399999999999999,5.9,8.5,0.0
2025-12-19 16:51:00,74.5,503.9496,502,5.399999999999999,5.9,8.0,0.0
2025-12-19 16:54:00,75.0,510.8362,502,5.199999999999999,5.6000000000000005,8.2,0.0
2025-12-19 16:57:00,75.5,509.1146,502,5.199999999999999,5.6000000000000005,8.3,0.0
2025-12-19 17:00:00,76.5,505.4254,502,5.399999999999999,5.800000000000001,8.5,0.0
2025-12-19 17:03:00,74.5,487.963,502,5.299999999999997,5.800000000000001,8.200000000000003,0.0
2025-12-19 17:06:00,75.5,498.0469,502,5.300000000000001,5.9,8.400000000000002,0.0
2025-12-19 17:09:00,74.5,496.8171,502,5.399999999999999,5.800000000000001,8.399999999999999,0.0
2025-12-19 17:12:00,75.5,487.4711,502,5.300000000000001,6.000000000000001,8.400000000000002,0.0
2025-12-19 17:15:00,72.0,484.7656,502,5.100000000000001,5.9,7.699999999999996,0.0
2025-12-19 17:18:00,72.5,492.8819,502,5.0,5.500000000000001,7.799999999999997,0.0
2025-12-19 17:21:00,72.5,486.9792,502,5.0,5.500000000000001,7.799999999999997,0.0
2025-12-19 17:24:00,72.5,487.4711,502,5.0,5.6000000000000005,7.799999999999997,0.0
2025-12-19 17:27:00,73.5,485.0116,502,5.0,5.700000000000001,8.100000000000001,0.0
2025-12-19 17:30:00,72.5,483.2899,502,5.0,5.700000000000001,8.0,0.0
2025-12-19 17:33:00,72.5,472.4682,502,5.0,5.800000000000001,8.100000000000001,0.0
2025-12-19 17:36:00,72.5,482.0602,502,5.100000000000001,5.800000000000001,8.100000000000001,0.0
2025-12-19 17:39:00,72.0,480.0926,502,5.200000000000003,5.800000000000001,8.100000000000001,0.0
2025-12-19 17:42:00,71.5,481.0764,503,5.100000000000001,5.9,8.100000000000001,0.0
2025-12-19 17:45:00,71.0,489.6846,503,5.200000000000003,5.800000000000001,8.100000000000001,0.0
2025-12-19 17:48:00,72.0,478.125,503,5.200000000000003,5.800000000000001,8.199999999999996,0.0
2025-12-19 17:51:00,70.5,481.3224,503,5.100000000000001,5.800000000000001,8.0,0.0
2025-12-19 17:54:00,70.5,469.5168,503,5.100000000000001,6.000000000000001,8.0,0.0
2025-12-19 17:57:00,71.0,477.1412,503,5.100000000000001,6.000000000000001,8.0,0.0
2025-12-19 18:00:00,70.0,471.2384,503,5.0,6.000000000000001,8.100000000000001,0.0
2025-12-19 18:03:00,69.5,456.4815,503,4.800000000000001,5.700000000000001,7.600000000000001,0.0
2025-12-19 18:06:00,69.0,452.5463,503,4.800000000000001,5.700000000000001,7.600000000000001,0.0
2025-12-19 18:09:00,68.0,440.0029,503,4.699999999999999,5.800000000000001,7.5,0.0
2025-12-19 18:12:00,68.0,435.5758,503,4.699999999999999,5.800000000000001,7.5,0.0
2025-12-19 18:15:00,68.0,435.0839,503,4.699999999999999,5.800000000000001,7.5,0.0
2025-12-19 18:18:00,67.5,433.8542,503,4.699999999999999,5.800000000000001,7.5,0.0
2025-12-19 18:21:00,67.0,436.5596,503,4.599999999999998,5.9,7.5,0.0
2025-12-19 18:24:00,67.0,415.6539,503,4.599999999999998,6.000000000000001,7.300000000000004,0.0
2025-12-19 18:27:00,64.0,419.5891,503,4.399999999999999,6.000000000000001,7.300000000000001,0.0
2025-12-19 18:30:00,63.5,415.6539,503,4.399999999999999,5.9,7.199999999999999,0.0
2025-12-19 18:33:00,64.0,423.2784,503,4.400000000000002,5.9,7.199999999999996,0.0
2025-12-19 18:36:00,63.5,416.6377,503,4.400000000000002,5.9,7.199999999999996,0.0
2025-12-19 18:39:00,64.0,414.9161,504,4.300000000000001,5.9,7.200000000000003,0.0
2025-12-19 18:42:00,62.5,418.3594,504,4.300000000000001,6.000000000000001,7.100000000000001,0.0
2025-12-19 18:45:00,62.5,423.5243,504,4.100000000000001,5.799999999999999,7.099999999999998,0.0
2025-12-19 18:48:00,62.5,419.8351,504,4.199999999999999,5.800000000000001,7.200000000000003,0.0
2025-12-19 18:51:00,61.5,408.5214,504,4.100000000000001,5.8999999999999995,7.199999999999999,0.0
2025-12-19 18:54:00,62.0,414.1782,504,4.100000000000001,5.9,7.199999999999999,0.0
2025-12-19 18:57:00,61.5,407.0457,504,4.100000000000001,6.000000000000001,7.099999999999998,0.0
2025-12-19 19:00:00,61.0,403.6024,504,4.100000000000001,5.8999999999999995,6.900000000000002,0.0
2025-12-19 19:03:00,60.0,406.7998,504,4.099999999999998,5.799999999999999,7.0000000000000036,0.0
2025-12-19 19:06:00,61.0,409.5052,504,4.099999999999998,5.799999999999999,7.0000000000000036,0.0
2025-12-19 19:09:00,60.0,402.1267,504,4.099999999999998,5.799999999999999,6.900000000000002,0.0
2025-12-19 19:12:00,59.5,401.1429,504,4.0,5.799999999999999,6.899999999999999,0.0
2025-12-19 19:15:00,60.0,411.9647,504,4.0,5.799999999999999,6.899999999999999,0.0
2025-12-19 19:18:00,59.5,409.9971,504,4.0,5.699999999999999,6.899999999999999,0.0
2025-12-19 19:21:00,59.0,404.8322,504,4.0,5.699999999999999,6.899999999999999,0.0
2025-12-19 19:24:00,59.0,400.651,504,4.0,5.799999999999999,6.799999999999997,0.0
2025-12-19 19:27:00,59.0,398.6834,504,3.8999999999999986,5.799999999999999,6.899999999999999,0.0
2025-12-19 19:30:00,59.0,402.3727,504,3.8999999999999986,5.699999999999999,6.899999999999999,0.0
2025-12-19 19:33:00,57.0,390.8131,504,4.0,5.799999999999999,6.700000000000003,0.0
2025-12-19 19:36:00,57.5,398.9294,504,4.0,5.799999999999999,6.700000000000003,0.0
2025-12-19 19:39:00,58.0,387.6157,505,3.8999999999999986,5.799999999999999,6.700000000000003,0.0
2025-12-19 19:42:00,56.5,387.6157,505,3.8000000000000007,5.799999999999999,6.699999999999999,0.0
2025-12-19 19:45:00,56.0,388.8455,505,3.8999999999999986,5.799999999999999,6.600000000000001,0.0
2025-12-19 19:48:00,57.0,390.3212,505,3.8999999999999986,5.699999999999999,6.600000000000001,0.0
2025-12-19 19:51:00,56.5,376.0562,505,3.8999999999999986,5.8999999999999995,6.5,0.0
2025-12-19 19:54:00,57.0,383.9265,505,3.8000000000000007,5.8999999999999995,6.699999999999999,0.0
2025-12-19 19:57:00,57.0,386.6319,505,3.8000000000000007,5.699999999999999,6.699999999999999,0.0
2025-12-19 20:00:00,57.0,393.2726,505,3.900000000000002,5.699999999999999,6.699999999999999,0.0
2025-12-19 20:03:00,56.5,392.5347,505,3.900000000000002,5.699999999999999,6.699999999999999,0.0
2025-12-19 20:06:00,56.0,391.5509,505,3.900000000000002,5.699999999999999,6.699999999999999,0.0
2025-12-19 20:09:00,56.0,385.4022,505,3.900000000000002,5.6,6.4999999999999964,0.0
2025-12-19 20:12:00,56.0,389.5833,505,3.900000000000002,5.6,6.4999999999999964,0.0
2025-12-19 20:15:00,56.0,379.2535,505,3.900000000000002,5.699999999999999,6.4999999999999964,0.0
2025-12-19 20:18:00,54.5,387.1238,505,3.8000000000000007,5.5,6.5000000000000036,0.0
2025-12-19 20:21:00,63.0,468.533,505,4.200000000000003,5.1,7.299999999999997,0.0
2025-12-19 20:24:00,67.5,563.7153,505,4.400000000000002,4.6,7.900000000000002,0.0
2025-12-19 20:27:00,71.5,492.8819,505,4.800000000000001,4.9,8.099999999999998,0.0
2025-12-19 20:30:00,76.0,560.7639,505,5.099999999999998,5.0,8.5,0.0
2025-12-19 20:33:00,78.5,563.4694,505,5.200000000000003,5.3,9.0,0.0
2025-12-19 20:36:00,78.0,543.7934,505,5.400000000000002,5.6,8.999999999999996,0.0
2025-12-19 20:39:00,77.0,536.1689,506,5.399999999999999,5.6,8.900000000000002,0.0
2025-12-19 20:42:00,76.5,526.8229,506,5.399999999999999,5.6,8.8,0.0
2025-12-19 20:45:00,76.0,535.1852,506,5.300000000000001,5.6,8.8,0.0
2025-12-19 20:48:00,77.0,547.2367,506,5.5,5.699999999999999,8.900000000000002,0.0
2025-12-19 20:51:00,76.5,535.1852,506,5.5,5.699999999999999,8.8,0.0
2025-12-19 20:54:00,76.5,553.8773,506,5.5,5.699999999999999,8.900000000000002,0.0
2025-12-19 20:57:00,77.0,550.1881,506,5.599999999999998,5.6,8.800000000000004,0.0
2025-12-19 21:00:00,77.0,552.1556,506,5.599999999999998,5.5,8.800000000000004,0.0
2025-12-19 21:03:00,77.0,549.6962,506,5.599999999999998,5.5,8.800000000000004,0.0
2025-12-19 21:06:00,75.0,528.5446,506,5.5,5.699999999999999,8.7,0.0
2025-12-19 21:09:00,74.0,551.4178,506,5.199999999999999,5.3,8.100000000000001,0.0
2025-12-19 21:12:00,77.0,532.7257,506,5.300000000000001,5.3,8.600000000000001,0.0
2025-12-19 21:15:00,77.0,520.4282,506,5.399999999999999,5.6,8.400000000000002,0.0
2025-12-19 21:18:00,76.5,520.6742,506,5.399999999999999,5.6,8.500000000000004,0.0
2025-12-19 21:21:00,76.5,524.3634,506,5.399999999999999,5.6,8.599999999999998,0.0
2025-12-19 21:24:00,74.5,516.985,506,5.300000000000001,5.699999999999999,8.5,0.0
2025-12-19 21:27:00,75.0,532.2338,506,5.399999999999999,5.6,8.599999999999998,0.0
2025-12-19 21:30:00,75.0,529.0364,506,5.399999999999999,5.6,8.500000000000004,0.0
2025-12-19 21:33:00,75.5,529.7743,506,5.399999999999999,5.6,8.599999999999998,0.0
2025-12-19 21:36:00,75.5,533.9554,506,5.5,5.6,8.7,0.0
2025-12-19 21:39:00,75.0,525.3472,507,5.399999999999999,5.6,8.599999999999998,0.0
2025-12-19 21:42:00,74.5,518.9525,507,5.399999999999999,5.699999999999999,8.599999999999998,0.0
2025-12-19 21:45:00,73.0,515.5093,507,5.399999999999999,5.8,8.3,0.0
2025-12-19 21:48:00,73.0,506.9011,507,5.399999999999999,5.699999999999999,8.3,0.0
2025-12-19 21:51:00,69.0,489.6846,507,5.199999999999999,5.8,8.0,0.0
2025-12-19 21:54:00,67.5,510.0984,507,4.800000000000001,5.3999999999999995,7.600000000000001,0.0
2025-12-19 21:57:00,69.5,489.1927,507,4.899999999999999,5.3,7.699999999999999,0.0
2025-12-19 22:00:00,67.0,489.9306,507,4.800000000000001,5.3999999999999995,7.600000000000001,0.0
2025-12-19 22:03:00,66.5,439.265,507,4.699999999999999,5.5,7.5,0.0
2025-12-19 22:06:00,63.5,408.5214,507,4.5,5.8,7.300000000000001,0.0
2025-12-19 22:09:00,56.5,373.1047,507,4.199999999999999,6.0,6.5,0.0
2025-12-19 22:12:00,53.0,351.7072,507,3.8999999999999986,5.8999999999999995,6.300000000000001,0.0
2025-12-19 22:15:00,52.5,346.0504,507,3.8000000000000007,5.8,6.199999999999996,0.0
2025-12-19 22:18:00,49.0,348.5098,507,3.6999999999999993,5.8,5.699999999999999,0.0
2025-12-19 22:21:00,50.0,356.6262,507,3.599999999999998,5.6,6.100000000000001,0.0
2025-12-19 22:24:00,50.5,353.9207,507,3.6999999999999993,5.6,6.0,0.0
2025-12-19 22:27:00,50.5,358.3478,507,3.6999999999999993,5.6,6.0,0.0
2025-12-19 22:30:00,50.5,369.1696,507,3.6999999999999993,5.5,6.0,0.0
2025-12-19 22:33:00,51.0,363.7587,507,3.599999999999998,5.5,6.100000000000001,0.0
2025-12-19 22:36:00,51.0,368.9236,507,3.599999999999998,5.5,6.200000000000003,0.0
2025-12-19 22:39:00,51.5,366.956,508,3.6999999999999993,5.5,6.100000000000001,0.0
2025-12-19 22:42:00,50.5,365.4803,508,3.6999999999999993,5.4,6.0,0.0
2025-12-19 22:45:00,50.0,354.6586,508,3.599999999999998,5.5,6.100000000000001,0.0
2025-12-19 22:48:00,50.5,355.1505,508,3.5,5.5,6.199999999999999,0.0
2025-12-19 22:51:00,51.0,354.4126,508,3.5,5.5,6.199999999999999,0.0
2025-12-19 22:54:00,50.5,356.3802,508,3.5,5.5,6.199999999999999,0.0
2025-12-19 22:57:00,50.0,357.61,508,3.5,5.5,6.199999999999999,0.0
2025-12-19 23:00:00,48.5,350.9693,508,3.3999999999999986,5.6000000000000005,5.800000000000001,0.0
2025-12-19 23:03:00,48.5,339.4097,508,3.3999999999999986,5.4,5.800000000000001,0.0
2025-12-19 23:06:00,48.0,340.6395,508,3.3999999999999986,5.5,5.800000000000001,0.0
2025-12-19 23:09:00,47.0,342.1152,508,3.3000000000000007,5.300000000000001,5.599999999999998,0.0
2025-12-19 23:12:00,47.0,332.2772,508,3.1999999999999993,5.300000000000001,5.699999999999999,0.0
2025-12-19 23:15:00,45.5,341.6233,508,3.1999999999999993,5.200000000000001,5.399999999999999,0.0
2025-12-19 23:18:00,45.5,323.669,508,3.099999999999998,5.199999999999999,5.400000000000002,0.0
2025-12-19 23:21:00,44.0,319.7338,508,3.0,5.199999999999999,5.300000000000001,0.0
2025-12-19 23:24:00,42.5,289.974,508,3.0,5.299999999999999,5.199999999999999,0.0
2025-12-19 23:27:00,31.5,305.2228,508,2.3999999999999986,4.300000000000001,4.600000000000001,0.0
2025-12-19 23:30:00,33.0,310.1418,508,2.6999999999999993,4.699999999999999,4.5,0.0
2025-12-19 23:33:00,34.0,298.0903,508,2.6999999999999993,4.8,4.600000000000001,0.0
2025-12-19 23:36:00,34.0,300.3038,508,2.6999999999999993,4.8,4.600000000000001,0.0
2025-12-19 23:39:00,33.0,304.239,509,2.6999999999999993,5.0,4.5,0.0
2025-12-19 23:42:00,34.0,309.6499,509,2.6999999999999993,4.8,4.600000000000001,0.0
2025-12-19 23:45:00,34.0,310.8796,509,2.6999999999999993,4.8,4.699999999999999,0.0
2025-12-19 23:48:00,34.0,309.8958,509,2.8000000000000007,4.8999999999999995,4.799999999999997,0.0
2025-12-19 23:51:00,33.5,309.6499,509,2.6999999999999993,4.8,4.600000000000001,0.0
2025-12-19 23:54:00,34.0,311.3715,509,2.6999999999999993,4.8,4.699999999999999,0.0
2025-12-19 23:57:00,33.5,309.158,509,2.8000000000000007,4.9,4.699999999999999,0.0
2025-12-20 00:00:00,34.5,315.3067,509,2.6999999999999993,4.7,4.699999999999999,0.0
2025-12-20 00:03:00,34.0,316.2905,509,2.6999999999999993,4.7,4.800000000000001,0.0
2025-12-20 00:06:00,33.5,315.7986,509,2.8000000000000007,4.9,5.0,0.0
2025-12-20 00:09:00,34.0,322.4392,509,2.6999999999999993,4.6000000000000005,4.699999999999999,0.0
2025-12-20 00:12:00,34.5,323.669,509,2.8000000000000007,4.6000000000000005,4.699999999999999,0.0
2025-12-20 00:15:00,34.0,319.4879,509,2.8000000000000007,4.700000000000001,5.0,0.0
2025-12-20 00:18:00,34.0,305.9606,509,2.6999999999999993,4.700000000000001,4.600000000000001,0.0
2025-12-20 00:21:00,33.0,299.32,509,2.6999999999999993,4.800000000000001,4.5,0.0
2025-12-20 00:24:00,32.0,292.6794,509,2.6999999999999993,4.800000000000001,4.600000000000001,0.0
2025-12-20 00:27:00,32.0,298.0903,509,2.599999999999998,4.700000000000001,4.400000000000002,0.0
2025-12-20 00:30:00,32.0,289.4821,509,2.599999999999998,4.699999999999999,4.400000000000002,0.0
2025-12-20 00:33:00,31.0,295.1389,509,2.599999999999998,4.799999999999999,4.300000000000001,0.0
2025-12-20 00:36:00,32.0,299.32,509,2.5,4.6,4.400000000000002,0.0
2025-12-20 00:39:00,32.0,292.4334,510,2.5,4.6,4.600000000000001,0.0
2025-12-20 00:42:00,31.5,298.0903,510,2.5,4.6,4.400000000000002,0.0
2025-12-20 00:45:00,31.5,295.6308,510,2.5,4.6,4.400000000000002,0.0
2025-12-20 00:48:00,30.5,291.2037,510,2.5,4.699999999999999,4.400000000000002,0.0
2025-12-20 00:51:00,30.5,293.1713,510,2.400000000000002,4.699999999999999,4.300000000000001,0.0
2025-12-20 00:54:00,30.5,296.1227,510,2.400000000000002,4.5,4.399999999999999,0.0
2025-12-20 00:57:00,30.5,290.2199,510,2.5,4.6,4.400000000000002,0.0
2025-12-20 08:09:00,30.5,424.2621,517,2.5,3.5,4.599999999999998,0.0
2025-12-20 08:12:00,32.5,437.5434,517,2.599999999999998,3.4000000000000004,4.5,0.0
2025-12-20 08:15:00,35.5,442.9543,517,2.6999999999999993,3.3000000000000007,4.899999999999999,0.0
2025-12-20 08:18:00,36.0,437.7894,517,2.8999999999999986,3.6000000000000005,5.199999999999999,0.0
2025-12-20 08:21:00,34.0,406.0619,517,2.8999999999999986,3.8999999999999995,4.699999999999999,0.0
2025-12-20 08:24:00,31.5,358.3478,517,2.5,3.799999999999999,4.399999999999999,0.0
2025-12-20 08:27:00,31.5,361.5451,517,2.3999999999999986,3.6999999999999993,4.5,0.0
2025-12-20 08:30:00,31.5,366.7101,517,2.5,3.8999999999999995,4.399999999999999,0.0
2025-12-20 08:33:00,31.5,374.0885,517,2.3999999999999986,3.6999999999999993,4.5,0.0
2025-12-20 08:36:00,32.0,387.6157,517,2.5,3.5999999999999996,4.600000000000001,0.0
2025-12-20 08:39:00,32.0,381.713,518,2.5,3.5999999999999996,4.5,0.0
2025-12-20 08:42:00,32.0,377.7778,518,2.5,3.5999999999999996,4.5,0.0
2025-12-20 08:45:00,32.0,371.875,518,2.5,3.6999999999999993,4.600000000000001,0.0
2025-12-20 08:48:00,32.0,371.1371,518,2.5,3.5999999999999996,4.5,0.0
2025-12-20 08:51:00,31.0,365.4803,518,2.3999999999999986,3.6999999999999993,4.5,0.0
2025-12-20 08:54:00,31.5,370.6453,518,2.3999999999999986,3.6999999999999993,4.400000000000002,0.0
2025-12-20 08:57:00,31.0,364.4965,518,2.400000000000002,3.6999999999999993,4.5,0.0
2025-12-20 09:00:00,31.0,355.1505,518,2.400000000000002,3.6999999999999993,4.699999999999999,0.0
2025-12-20 09:51:00,31.0,376.548,519,2.5,3.8999999999999995,4.800000000000001,0.0
2025-12-20 09:54:00,31.0,374.8264,519,2.599999999999998,3.8999999999999995,4.700000000000003,0.0
2025-12-20 09:57:00,31.0,377.2859,519,2.599999999999998,3.8999999999999995,4.700000000000003,0.0
2025-12-20 10:00:00,31.0,368.6777,519,2.599999999999998,4.0,4.600000000000001,0.0
2025-12-20 10:03:00,32.5,371.1371,519,2.5,3.8,4.699999999999999,0.0
2025-12-20 10:06:00,32.5,374.3345,519,2.5,3.8,4.699999999999999,0.0
2025-12-20 10:09:00,34.0,449.103,519,2.599999999999998,3.5999999999999996,4.800000000000001,0.0
2025-12-20 10:12:00,38.0,455.2517,519,2.8999999999999986,3.5999999999999996,5.5,0.0
2025-12-20 10:15:00,39.0,455.2517,519,3.1999999999999993,3.9000000000000004,5.600000000000001,0.0
2025-12-20 10:18:00,38.5,448.8571,519,3.3000000000000007,4.1000000000000005,5.800000000000001,0.0
2025-12-20 10:21:00,39.0,452.7923,519,3.400000000000002,4.2,5.899999999999999,0.0
2025-12-20 10:24:00,39.5,449.8409,519,3.400000000000002,4.2,5.799999999999997,0.0
2025-12-20 10:27:00,40.0,446.6435,519,3.5,4.3999999999999995,5.900000000000002,0.0
2025-12-20 10:30:00,41.0,437.5434,519,3.5,4.500000000000001,6.099999999999998,0.0
2025-12-20 10:33:00,41.0,428.1974,519,3.5,4.500000000000001,6.099999999999998,0.0
2025-12-20 10:36:00,41.0,419.5891,519,3.5,4.7,6.0000000000000036,0.0
2025-12-20 10:39:00,41.0,414.1782,520,3.5,4.7,5.900000000000002,0.0
2025-12-20 10:42:00,41.0,409.7512,520,3.5,4.700000000000001,5.900000000000002,0.0
2025-12-20 10:45:00,40.0,404.8322,520,3.5,4.699999999999999,5.800000000000001,0.0
2025-12-20 10:48:00,40.5,411.9647,520,3.5,4.699999999999999,5.800000000000001,0.0
2025-12-20 10:51:00,40.0,406.0619,520,3.5,4.699999999999999,5.800000000000001,0.0
2025-12-20 10:54:00,40.0,405.57,520,3.5,4.699999999999999,5.800000000000001,0.0
2025-12-20 10:57:00,40.0,416.6377,520,3.400000000000002,4.6,5.899999999999999,0.0
2025-12-20 11:00:00,39.5,417.1296,520,3.5,4.6000000000000005,5.800000000000001,0.0
2025-12-20 11:03:00,40.5,424.2621,520,3.5,4.6000000000000005,5.900000000000002,0.0
2025-12-20 11:06:00,40.5,429.1812,520,3.5,4.6000000000000005,5.900000000000002,0.0
2025-12-20 11:09:00,40.5,433.8542,520,3.5,4.6000000000000005,5.900000000000002,0.0
2025-12-20 11:12:00,40.5,438.0353,520,3.6000000000000014,4.500000000000001,5.9999999999999964,0.0
2025-12-20 11:15:00,41.0,440.2488,520,3.6000000000000014,4.500000000000001,5.9999999999999964,0.0
2025-12-20 11:18:00,41.0,437.7894,521,3.6000000000000014,4.500000000000001,5.9999999999999964,0.0
2025-12-20 11:21:00,41.0,440.2488,521,3.6000000000000014,4.6000000000000005,5.9999999999999964,0.0
2025-12-20 11:24:00,42.5,443.2002,521,3.6999999999999993,4.7,6.200000000000003,0.0
2025-12-20 11:27:00,43.5,444.184,521,3.8000000000000007,4.8,6.200000000000003,0.0
2025-12-20 11:30:00,44.0,434.1001,521,3.8000000000000007,4.8,6.299999999999997,0.0
2025-12-20 11:33:00,43.5,436.3137,521,3.8000000000000007,4.8999999999999995,6.299999999999997,0.0
2025-12-20 11:36:00,45.0,441.7245,521,3.900000000000002,4.9,6.399999999999999,0.0
2025-12-20 11:39:00,46.0,442.9543,522,3.900000000000002,4.9,6.600000000000001,0.0
2025-12-20 11:42:00,46.5,432.8704,522,4.0,5.000000000000001,6.5000000000000036,0.0
2025-12-20 11:45:00,46.5,449.3489,522,4.0,5.000000000000001,6.599999999999998,0.0
2025-12-20 11:48:00,47.0,444.43,522,4.0,5.000000000000001,6.699999999999999,0.0
2025-12-20 11:51:00,47.0,438.0353,522,4.0,5.000000000000001,6.699999999999999,0.0
2025-12-20 11:54:00,47.0,442.4624,522,4.0,5.1000000000000005,6.699999999999999,0.0
2025-12-20 11:57:00,47.5,443.9381,522,4.0,5.000000000000001,6.699999999999999,0.0
2025-12-20 12:00:00,47.5,442.9543,522,4.0,5.1000000000000005,6.699999999999999,0.0
2025-12-20 12:03:00,47.5,512.066,522,4.0,5.000000000000001,6.800000000000001,0.0
2025-12-20 12:06:00,50.0,564.2072,522,4.199999999999999,4.200000000000001,6.600000000000001,0.0
2025-12-20 12:09:00,61.0,528.0527,522,3.8000000000000007,3.8000000000000007,5.799999999999997,0.0
2025-12-20 12:12:00,72.0,519.1985,522,4.699999999999999,4.500000000000001,7.899999999999999,0.0
2025-12-20 12:15:00,67.0,516.985,522,4.800000000000001,5.000000000000001,7.799999999999997,0.0
2025-12-20 12:18:00,67.5,512.066,522,4.800000000000001,5.000000000000001,8.0,0.0
2025-12-20 12:21:00,67.5,520.6742,522,4.900000000000002,5.1000000000000005,8.0,0.0
2025-12-20 12:24:00,67.5,519.1985,522,4.900000000000002,5.2,8.0,0.0
2025-12-20 12:27:00,68.5,539.6123,522,5.0,5.2,8.099999999999998,0.0
2025-12-20 12:30:00,69.5,529.2824,522,5.100000000000001,5.3,8.2,0.0
2025-12-20 12:33:00,68.0,517.4769,522,5.100000000000001,5.3,7.9999999999999964,0.0
2025-12-20 12:36:00,67.5,510.8362,522,5.100000000000001,5.3,7.9999999999999964,0.0
2025-12-20 12:39:00,67.5,512.5579,523,5.100000000000001,5.4,7.9999999999999964,0.0
2025-12-20 12:42:00,67.0,503.9496,523,5.0,5.5,8.000000000000004,0.0
2025-12-20 12:45:00,69.0,516.493,523,5.0,5.3,7.800000000000001,0.0
2025-12-20 12:48:00,70.0,527.3148,523,5.0,5.1,8.000000000000004,0.0
2025-12-20 12:51:00,71.5,528.7905,523,5.100000000000001,5.199999999999999,8.2,0.0
2025-12-20 12:54:00,71.0,536.1689,523,5.100000000000001,5.3,8.2,0.0
2025-12-20 12:57:00,73.0,530.5121,523,5.199999999999999,5.199999999999999,8.300000000000004,0.0
2025-12-20 13:00:00,74.5,533.4636,523,5.400000000000002,5.4,8.5,0.0
2025-12-20 13:03:00,73.0,521.658,523,5.400000000000002,5.4,8.399999999999999,0.0
2025-12-20 13:06:00,74.0,534.6933,523,5.400000000000002,5.4,8.5,0.0
2025-12-20 13:09:00,73.0,535.1852,523,5.399999999999999,5.4,8.400000000000002,0.0
2025-12-20 13:12:00,73.5,537.3987,523,5.399999999999999,5.4,8.500000000000004,0.0
2025-12-20 13:15:00,73.0,526.0851,523,5.399999999999999,5.4,8.400000000000002,0.0
2025-12-20 13:18:00,71.5,517.7228,523,5.300000000000001,5.4,8.299999999999997,0.0
2025-12-20 13:21:00,70.5,507.6389,523,5.300000000000001,5.500000000000001,8.100000000000001,0.0
2025-12-20 13:24:00,69.5,506.6551,523,5.199999999999999,5.4,8.100000000000001,0.0
2025-12-20 13:27:00,68.5,502.228,523,5.0,5.200000000000001,7.699999999999999,0.0
2025-12-20 13:30:00,69.0,522.8877,523,5.0,5.1000000000000005,7.800000000000001,0.0
2025-12-20 13:33:00,69.5,536.4149,523,5.0,5.000000000000001,7.900000000000002,0.0
2025-12-20 13:36:00,70.5,530.5121,523,5.100000000000001,5.1000000000000005,8.0,0.0
2025-12-20 13:39:00,71.0,523.8715,524,5.100000000000001,5.2,8.0,0.0
2025-12-20 13:42:00,71.0,516.739,524,5.100000000000001,5.2,7.899999999999999,0.0
2025-12-20 13:45:00,71.5,511.82,524,5.200000000000003,5.300000000000001,8.0,0.0
2025-12-20 13:48:00,72.0,514.2795,524,5.200000000000003,5.300000000000001,8.5,0.0
2025-12-20 13:51:00,70.5,505.4254,524,5.200000000000003,5.4,8.299999999999997,0.0
2025-12-20 13:54:00,70.0,518.2147,524,5.199999999999999,5.5,8.3,0.0
2025-12-20 13:57:00,70.5,537.8906,524,5.0,5.1000000000000005,7.899999999999999,0.0
2025-12-20 14:00:00,71.0,529.2824,524,5.0,5.2,8.100000000000001,0.0
2025-12-20 14:03:00,71.5,511.3281,524,5.100000000000001,5.2,8.0,0.0
2025-12-20 14:06:00,70.5,508.3767,524,5.100000000000001,5.3,7.899999999999999,0.0
2025-12-20 14:09:00,71.5,519.4445,524,5.0,5.2,8.0,0.0
2025-12-20 14:12:00,71.5,530.0203,524,5.100000000000001,5.1000000000000005,8.0,0.0
2025-12-20 14:15:00,71.5,521.658,524,5.100000000000001,5.2,8.0,0.0
2025-12-20 14:18:00,72.5,522.8877,524,5.100000000000001,5.2,8.100000000000001,0.0
2025-12-20 14:21:00,73.5,525.5931,524,5.0,5.2,8.100000000000001,0.0
2025-12-20 14:24:00,74.0,510.8362,524,5.099999999999998,5.2,8.2,0.0
2025-12-20 14:27:00,73.5,504.4415,524,5.199999999999999,5.4,8.099999999999998,0.0
2025-12-20 14:30:00,73.0,513.7876,524,5.099999999999998,5.4,8.099999999999998,0.0
2025-12-20 14:33:00,72.0,498.0469,524,5.099999999999998,5.4,8.000000000000004,0.0
2025-12-20 14:36:00,72.5,489.4387,524,5.099999999999998,5.4,8.000000000000004,0.0
2025-12-20 14:39:00,69.5,494.1117,525,5.099999999999998,5.6000000000000005,8.000000000000004,0.0
2025-12-20 14:42:00,70.0,506.6551,525,5.099999999999998,5.4,7.900000000000002,0.0
2025-12-20 14:45:00,70.0,501.4901,525,5.099999999999998,5.4,8.000000000000004,0.0
2025-12-20 14:48:00,69.5,497.0631,525,5.099999999999998,5.5,8.099999999999998,0.0
2025-12-20 14:51:00,69.0,481.3224,525,5.099999999999998,5.6000000000000005,8.000000000000004,0.0
2025-12-20 14:54:00,66.0,491.6522,525,4.899999999999999,5.4,7.299999999999997,0.0
2025-12-20 14:57:00,68.0,483.5359,525,4.800000000000001,5.200000000000001,7.5,0.0
2025-12-20 15:00:00,68.0,475.9114,525,4.800000000000001,5.200000000000001,7.5,0.0
2025-12-20 15:03:00,66.0,464.5978,525,4.600000000000001,5.4,7.400000000000002,0.0
2025-12-20 15:06:00,65.5,468.7789,525,4.600000000000001,5.300000000000001,7.400000000000002,0.0
2025-12-20 15:09:00,66.0,462.1383,525,4.699999999999999,5.300000000000001,7.300000000000004,0.0
2025-12-20 15:12:00,65.0,467.0573,525,4.600000000000001,5.4,7.400000000000002,0.0
2025-12-20 15:15:00,65.0,460.4167,525,4.600000000000001,5.300000000000001,7.400000000000002,0.0
2025-12-20 15:18:00,66.0,476.1574,525,4.600000000000001,5.300000000000001,7.4999999999999964,0.0
2025-12-20 15:21:00,66.0,494.3576,525,4.600000000000001,5.1000000000000005,7.4999999999999964,0.0
2025-12-20 15:24:00,66.0,483.7818,525,4.699999999999999,5.1000000000000005,7.300000000000004,0.0
2025-12-20 15:27:00,66.5,494.8495,525,4.699999999999999,5.1000000000000005,7.600000000000001,0.0
2025-12-20 15:30:00,67.5,496.8171,525,4.800000000000001,5.1000000000000005,7.600000000000001,0.0
2025-12-20 15:33:00,67.5,498.0469,525,4.800000000000001,5.1000000000000005,7.600000000000001,0.0
2025-12-20 15:36:00,67.5,497.8009,525,4.800000000000001,5.1000000000000005,7.5,0.0
2025-12-20 15:39:00,67.5,489.4387,526,4.800000000000001,5.1000000000000005,7.600000000000001,0.0
2025-12-20 15:42:00,67.0,480.8304,526,4.800000000000001,5.300000000000001,7.5,0.0
2025-12-20 15:45:00,67.5,489.6846,526,4.800000000000001,5.300000000000001,7.5,0.0
2025-12-20 15:48:00,67.5,474.4358,526,4.800000000000001,5.2,7.5,0.0
2025-12-20 15:51:00,67.0,478.371,526,4.800000000000001,5.300000000000001,7.5,0.0
2025-12-20 15:54:00,67.5,473.206,526,4.800000000000001,5.200000000000001,7.5,0.0
2025-12-20 15:57:00,67.5,471.4844,526,4.800000000000001,5.300000000000001,7.5,0.0
2025-12-20 16:00:00,67.5,471.4844,526,4.699999999999999,5.4,7.600000000000001,0.0
2025-12-20 16:03:00,68.0,457.4652,526,4.800000000000001,5.4,7.5,0.0
2025-12-20 16:06:00,67.0,455.9896,526,4.699999999999999,5.5,7.600000000000001,0.0
2025-12-20 16:09:00,67.0,447.6273,526,4.699999999999999,5.4,7.399999999999999,0.0
2025-12-20 16:12:00,65.5,450.3327,526,4.600000000000001,5.500000000000001,7.400000000000002,0.0
2025-12-20 16:15:00,65.5,462.1383,526,4.600000000000001,5.300000000000001,7.300000000000001,0.0
2025-12-20 16:18:00,64.5,456.2355,526,4.5,5.300000000000001,7.300000000000001,0.0
2025-12-20 16:21:00,65.0,462.1383,526,4.399999999999999,5.300000000000001,7.400000000000002,0.0
2025-12-20 16:24:00,65.5,470.2546,526,4.5,5.300000000000001,7.400000000000002,0.0
2025-12-20 16:27:00,66.5,473.6979,526,4.600000000000001,5.200000000000001,7.400000000000002,0.0
2025-12-20 16:30:00,65.5,457.7112,526,4.5,5.300000000000001,7.300000000000001,0.0
2025-12-20 16:33:00,66.0,446.1516,526,4.5,5.4,7.400000000000002,0.0
2025-12-20 16:36:00,63.5,443.9381,526,4.5,5.4,7.099999999999998,0.0
2025-12-20 16:39:00,64.0,430.6568,527,4.5,5.500000000000001,7.099999999999998,0.0
2025-12-20 16:42:00,63.0,443.9381,527,4.400000000000002,5.500000000000001,7.100000000000001,0.0
2025-12-20 16:45:00,62.5,442.4624,527,4.400000000000002,5.300000000000001,7.0,0.0
2025-12-20 16:48:00,62.0,435.3299,527,4.300000000000001,5.4,7.100000000000001,0.0
2025-12-20 16:51:00,61.0,428.1974,527,4.300000000000001,5.4,7.0,0.0
2025-12-20 16:54:00,61.0,432.8704,527,4.300000000000001,5.300000000000001,7.0,0.0
2025-12-20 16:57:00,61.5,433.8542,527,4.300000000000001,5.300000000000001,7.0,0.0
2025-12-20 17:00:00,61.0,441.4786,527,4.199999999999999,5.4,7.100000000000001,0.0
2025-12-20 17:03:00,61.5,451.0706,527,4.199999999999999,5.300000000000001,7.100000000000001,0.0
2025-12-20 17:06:00,60.5,424.0162,527,4.100000000000001,5.300000000000001,6.9999999999999964,0.0
2025-12-20 17:09:00,61.0,464.1059,527,4.199999999999999,5.300000000000001,7.099999999999998,0.0
2025-12-20 17:12:00,61.5,462.6302,527,4.399999999999999,5.200000000000001,7.200000000000003,0.0
2025-12-20 17:15:00,62.5,461.6464,527,4.399999999999999,5.200000000000001,7.100000000000001,0.0
2025-12-20 17:18:00,62.0,441.9705,527,4.299999999999997,5.300000000000001,7.200000000000003,0.0
2025-12-20 17:21:00,61.5,430.9027,527,4.199999999999999,5.300000000000001,7.199999999999999,0.0
2025-12-20 17:24:00,61.5,445.4138,527,4.199999999999999,5.300000000000001,7.199999999999999,0.0
2025-12-20 17:27:00,63.0,444.9219,527,4.299999999999997,5.200000000000001,7.200000000000003,0.0
2025-12-20 17:30:00,62.0,442.9543,527,4.199999999999999,5.300000000000001,7.199999999999999,0.0
2025-12-20 17:33:00,62.0,447.6273,527,4.199999999999999,5.200000000000001,7.199999999999999,0.0
2025-12-20 17:36:00,62.0,454.2679,527,4.199999999999999,5.200000000000001,7.199999999999999,0.0
2025-12-20 17:39:00,62.0,447.3813,528,4.199999999999999,5.200000000000001,7.199999999999999,0.0
2025-12-20 17:42:00,61.5,427.9514,528,4.199999999999999,5.300000000000001,6.900000000000002,0.0
2025-12-20 17:45:00,60.5,424.5081,528,4.199999999999999,5.300000000000001,7.0000000000000036,0.0
2025-12-20 17:48:00,60.5,435.0839,528,4.199999999999999,5.300000000000001,7.0000000000000036,0.0
2025-12-20 17:51:00,60.0,432.8704,528,4.100000000000001,5.300000000000001,7.0,0.0
2025-12-20 17:54:00,60.5,439.0191,528,4.100000000000001,5.300000000000001,7.0,0.0
2025-12-20 17:57:00,61.0,438.0353,528,4.100000000000001,5.300000000000001,7.100000000000001,0.0
2025-12-20 18:00:00,60.5,432.6244,528,4.100000000000001,5.300000000000001,6.899999999999999,0.0
2025-12-20 18:03:00,59.5,428.9352,528,4.100000000000001,5.300000000000001,6.899999999999999,0.0
2025-12-20 18:06:00,59.5,435.0839,528,4.0,5.300000000000001,7.0,0.0
2025-12-20 18:09:00,59.5,428.1974,528,4.0,5.300000000000001,7.0,0.0
2025-12-20 18:12:00,60.0,430.1649,528,4.100000000000001,5.300000000000001,6.899999999999999,0.0
2025-12-20 18:15:00,59.5,433.3623,528,4.0,5.300000000000001,7.0,0.0
2025-12-20 18:18:00,60.0,434.592,528,4.100000000000001,5.300000000000001,7.0,0.0
2025-12-20 18:21:00,60.5,435.0839,528,4.100000000000001,5.200000000000001,7.0,0.0
2025-12-20 18:24:00,60.0,435.8218,528,4.100000000000001,5.300000000000001,7.0,0.0
2025-12-20 18:27:00,60.0,430.9027,528,4.100000000000001,5.200000000000001,6.899999999999999,0.0
2025-12-20 18:30:00,57.5,404.8322,528,4.0,5.500000000000001,6.600000000000001,0.0
2025-12-20 18:33:00,57.0,415.6539,528,4.0,5.500000000000001,6.699999999999999,0.0
2025-12-20 18:36:00,58.0,426.7216,528,4.0,5.300000000000001,6.800000000000001,0.0
2025-12-20 18:39:00,58.0,427.9514,529,4.0,5.300000000000001,6.800000000000001,0.0
2025-12-20 18:42:00,58.0,418.3594,529,4.0,5.300000000000001,6.800000000000001,0.0
2025-12-20 18:45:00,57.5,412.2106,529,3.8999999999999986,5.4,6.800000000000001,0.0
2025-12-20 18:48:00,57.5,403.8484,529,3.8999999999999986,5.4,6.699999999999999,0.0
2025-12-20 18:51:00,56.5,419.0972,529,3.8999999999999986,5.4,6.699999999999999,0.0
2025-12-20 18:54:00,57.0,413.4404,529,3.8000000000000007,5.4,6.699999999999996,0.0
2025-12-20 18:57:00,58.0,420.8188,529,3.8000000000000007,5.300000000000001,6.899999999999999,0.0
2025-12-20 19:00:00,56.5,394.0104,529,3.8000000000000007,5.4,6.600000000000001,0.0
2025-12-20 19:03:00,56.0,400.897,529,3.900000000000002,5.4,6.600000000000001,0.0
2025-12-20 19:06:00,56.0,407.5376,529,3.8000000000000007,5.4,6.700000000000003,0.0
2025-12-20 19:09:00,55.5,396.9618,529,3.8000000000000007,5.300000000000001,6.600000000000001,0.0
2025-12-20 19:12:00,56.0,407.5376,529,3.8000000000000007,5.4,6.700000000000003,0.0
2025-12-20 19:15:00,56.0,406.3079,529,3.8000000000000007,5.5,6.700000000000003,0.0
2025-12-20 19:18:00,56.5,408.0295,529,3.900000000000002,5.4,6.600000000000001,0.0
2025-12-20 19:21:00,57.0,412.9485,529,3.8000000000000007,5.4,6.700000000000003,0.0
2025-12-20 19:24:00,56.5,410.9809,529,3.8000000000000007,5.4,6.700000000000003,0.0
2025-12-20 19:27:00,57.5,429.4271,529,3.900000000000002,5.300000000000001,6.699999999999996,0.0
2025-12-20 19:30:00,57.5,411.9647,529,3.900000000000002,5.300000000000001,6.699999999999996,0.0
2025-12-20 19:33:00,57.0,425.7379,529,3.8000000000000007,5.300000000000001,6.799999999999997,0.0
2025-12-20 19:36:00,57.5,407.2917,529,3.8999999999999986,5.4,6.700000000000003,0.0
2025-12-20 19:39:00,57.0,410.489,530,3.8999999999999986,5.4,6.700000000000003,0.0
2025-12-20 19:42:00,55.5,397.2078,530,3.799999999999997,5.5,6.600000000000001,0.0
2025-12-20 19:45:00,56.0,412.2106,530,3.799999999999997,5.4,6.600000000000001,0.0
2025-12-20 19:48:00,56.0,424.2621,530,3.8999999999999986,5.300000000000001,6.700000000000003,0.0
2025-12-20 19:51:00,57.5,414.9161,530,3.8999999999999986,5.2,6.700000000000003,0.0
2025-12-20 19:54:00,56.0,412.9485,530,3.799999999999997,5.300000000000001,6.600000000000001,0.0
2025-12-20 19:57:00,56.0,404.8322,530,3.799999999999997,5.200000000000001,6.600000000000001,0.0
2025-12-20 20:00:00,56.0,422.2946,530,3.6999999999999993,5.300000000000001,6.699999999999999,0.0
2025-12-20 20:03:00,56.0,410.9809,530,3.799999999999997,5.300000000000001,6.600000000000001,0.0
2025-12-20 20:06:00,56.0,404.8322,530,3.6999999999999993,5.300000000000001,6.699999999999999,0.0
2025-12-20 20:09:00,56.0,408.0295,530,3.6999999999999993,5.4,6.699999999999999,0.0
2025-12-20 20:12:00,56.5,414.4242,530,3.799999999999997,5.300000000000001,6.700000000000003,0.0
2025-12-20 20:15:00,56.0,402.3727,530,3.6999999999999993,5.4,6.699999999999999,0.0
2025-12-20 20:18:00,56.0,415.8999,530,3.8000000000000007,5.4,6.699999999999999,0.0
2025-12-20 20:21:00,56.5,416.6377,530,3.8000000000000007,5.300000000000001,6.699999999999999,0.0
2025-12-20 20:24:00,55.0,406.7998,530,3.8000000000000007,5.4,6.699999999999999,0.0
2025-12-20 20:27:00,55.0,403.3565,530,3.8000000000000007,5.4,6.599999999999998,0.0
2025-12-20 20:30:00,55.5,408.2755,530,3.8000000000000007,5.4,6.599999999999998,0.0
2025-12-20 20:33:00,55.5,404.3403,530,3.8000000000000007,5.300000000000001,6.699999999999999,0.0
2025-12-20 20:36:00,55.5,407.5376,530,3.8000000000000007,5.300000000000001,6.599999999999998,0.0
2025-12-20 20:39:00,55.5,399.4213,531,3.8000000000000007,5.4,6.4999999999999964,0.0
2025-12-20 20:42:00,54.5,405.0781,531,3.6999999999999993,5.300000000000001,6.5000000000000036,0.0
2025-12-20 20:45:00,54.5,390.8131,531,3.6999999999999993,5.300000000000001,6.5000000000000036,0.0
2025-12-20 20:48:00,54.0,402.6187,531,3.6999999999999993,5.4,6.400000000000002,0.0
2025-12-20 20:51:00,54.0,403.6024,531,3.6999999999999993,5.4,6.400000000000002,0.0
2025-12-20 20:54:00,54.0,399.4213,531,3.6999999999999993,5.4,6.400000000000002,0.0
2025-12-20 20:57:00,54.5,409.9971,531,3.6000000000000014,5.300000000000001,6.600000000000001,0.0
2025-12-20 21:00:00,54.5,396.224,531,3.6999999999999993,5.2,6.400000000000002,0.0
2025-12-20 21:03:00,54.5,394.9942,531,3.6000000000000014,5.4,6.5,0.0
2025-12-20 21:06:00,54.0,395.7321,531,3.700000000000003,5.4,6.5,0.0
2025-12-20 21:09:00,54.0,392.2888,531,3.6000000000000014,5.4,6.5,0.0
2025-12-20 21:12:00,53.5,386.386,531,3.6000000000000014,5.300000000000001,6.5,0.0
2025-12-20 21:15:00,53.5,398.6834,531,3.6000000000000014,5.4,6.5,0.0
2025-12-20 21:18:00,53.0,388.5995,531,3.700000000000003,5.4,6.199999999999996,0.0
2025-12-20 21:21:00,53.0,382.9427,531,3.6000000000000014,5.4,6.299999999999997,0.0
2025-12-20 21:24:00,53.0,386.386,531,3.6000000000000014,5.500000000000001,6.299999999999997,0.0
2025-12-20 21:27:00,58.5,452.5463,531,3.900000000000002,4.8,6.9999999999999964,0.0
2025-12-20 21:30:00,60.0,528.0527,531,4.100000000000001,4.3999999999999995,7.200000000000003,0.0
2025-12-20 21:33:00,63.0,537.3987,531,4.300000000000001,4.7,7.5000000000000036,0.0
2025-12-20 21:36:00,66.5,552.4016,531,4.400000000000002,4.699999999999999,7.900000000000002,0.0
2025-12-20 21:39:00,68.0,535.1852,532,4.600000000000001,4.699999999999999,8.0,0.0
2025-12-20 21:42:00,68.5,537.1528,532,4.700000000000003,4.999999999999999,7.899999999999999,0.0
2025-12-20 21:45:00,68.5,535.1852,532,4.700000000000003,4.8999999999999995,7.899999999999999,0.0
2025-12-20 21:48:00,68.5,532.4797,532,4.700000000000003,4.999999999999999,7.899999999999999,0.0
2025-12-20 21:51:00,68.5,545.0231,532,4.700000000000003,4.999999999999999,7.899999999999999,0.0
2025-12-20 21:54:00,68.5,523.8715,532,4.700000000000003,4.999999999999999,8.0,0.0
2025-12-20 21:57:00,67.5,515.5093,532,4.700000000000003,5.1,7.799999999999997,0.0
2025-12-20 22:00:00,67.5,511.82,532,4.600000000000001,5.1,7.899999999999999,0.0
2025-12-20 22:03:00,66.5,437.0515,532,4.600000000000001,5.199999999999999,7.600000000000001,0.0
2025-12-20 22:06:00,60.0,413.1944,532,4.200000000000003,5.6,7.0,0.0
2025-12-20 22:09:00,57.5,404.3403,532,4.0,5.499999999999999,6.800000000000004,0.0
2025-12-20 22:12:00,55.5,426.4757,532,3.900000000000002,5.299999999999999,6.699999999999999,0.0
2025-12-20 22:15:00,57.0,444.9219,532,4.0,4.999999999999999,6.899999999999999,0.0
2025-12-20 22:18:00,57.0,438.2813,532,4.0,5.1,6.800000000000004,0.0
2025-12-20 22:21:00,56.5,420.5729,532,3.900000000000002,5.199999999999999,6.699999999999999,0.0
2025-12-20 22:24:00,55.5,417.8675,532,3.900000000000002,5.199999999999999,6.599999999999998,0.0
2025-12-20 22:27:00,56.0,417.3756,532,3.8000000000000007,5.299999999999999,6.599999999999998,0.0
2025-12-20 22:30:00,56.0,425.7379,532,3.900000000000002,5.199999999999999,6.699999999999999,0.0
2025-12-20 22:33:00,56.0,419.8351,532,3.900000000000002,5.199999999999999,6.699999999999999,0.0
2025-12-20 22:36:00,56.5,421.5567,532,3.900000000000002,5.199999999999999,6.699999999999999,0.0
2025-12-20 22:39:00,56.0,407.2917,533,3.8000000000000007,5.3,6.699999999999999,0.0
2025-12-20 22:42:00,50.0,365.2344,533,3.6000000000000014,5.3,5.800000000000001,0.0
2025-12-20 22:45:00,42.0,312.3553,533,3.3000000000000007,5.6,5.399999999999999,0.0
2025-12-20 22:48:00,43.5,317.7662,533,3.0,5.0,5.099999999999998,0.0
2025-12-20 22:54:00,33.0,312.6013,533,2.8000000000000007,4.7,4.699999999999999,0.0
2025-12-20 22:57:00,33.5,318.9959,533,2.6999999999999993,4.7,4.5,0.0
2025-12-20 23:00:00,35.0,339.9016,533,2.6999999999999993,4.5,5.0,0.0
2025-12-20 23:03:00,36.0,342.853,533,2.8999999999999986,4.8,5.300000000000001,0.0
2025-12-20 23:06:00,34.5,318.9959,533,2.8999999999999986,5.0,4.699999999999999,0.0
2025-12-20 23:09:00,34.5,315.0608,533,2.8000000000000007,4.800000000000001,4.699999999999999,0.0
2025-12-20 23:12:00,34.0,312.3553,533,2.6999999999999993,4.800000000000001,5.0,0.0
2025-12-20 23:15:00,33.0,308.4201,533,2.6999999999999993,4.800000000000001,4.600000000000001,0.0
2025-12-20 23:18:00,33.5,316.2905,533,2.599999999999998,4.7,4.700000000000003,0.0
2025-12-20 23:21:00,34.0,309.158,533,2.6999999999999993,4.6000000000000005,4.800000000000001,0.0
2025-12-20 23:24:00,33.0,316.5365,533,2.5,4.6000000000000005,4.699999999999999,0.0
2025-12-20 23:27:00,33.0,306.4525,533,2.5,4.6000000000000005,4.699999999999999,0.0
2025-12-20 23:30:00,33.0,314.5688,533,2.599999999999998,4.700000000000001,4.800000000000001,0.0
2025-12-20 23:33:00,33.5,312.3553,533,2.599999999999998,4.6000000000000005,4.700000000000003,0.0
2025-12-20 23:36:00,34.5,334.9826,533,2.599999999999998,4.500000000000001,4.800000000000001,0.0
2025-12-20 23:39:00,34.5,312.8472,534,2.6999999999999993,4.800000000000001,5.0,0.0
2025-12-20 23:42:00,33.5,307.4363,534,2.5,4.700000000000001,4.800000000000001,0.0
2025-12-20 23:45:00,33.5,309.8958,534,2.599999999999998,4.700000000000001,4.700000000000003,0.0
2025-12-20 23:48:00,34.0,305.2228,534,2.599999999999998,4.800000000000001,4.900000000000002,0.0
2025-12-20 23:51:00,32.5,305.4688,534,2.5,4.700000000000001,4.599999999999998,0.0
2025-12-20 23:54:00,33.0,304.9769,534,2.5,4.700000000000001,4.699999999999999,0.0
2025-12-20 23:57:00,32.5,303.0093,534,2.5,4.700000000000001,4.5,0.0
2025-12-21 00:00:00,32.5,313.831,534,2.5,4.700000000000001,4.699999999999999,0.0
2025-12-21 00:03:00,31.5,292.9254,534,2.5,4.800000000000001,4.599999999999998,0.0
2025-12-21 00:06:00,31.0,297.3524,534,2.3999999999999986,4.700000000000001,4.5,0.0
2025-12-21 00:09:00,31.5,301.0417,534,2.3999999999999986,4.700000000000001,4.600000000000001,0.0
2025-12-21 00:12:00,31.5,306.2066,534,2.5,4.699999999999999,4.699999999999999,0.0
2025-12-21 00:15:00,33.0,312.3553,534,2.5,4.499999999999999,4.699999999999999,0.0
2025-12-21 00:18:00,32.0,314.8148,534,2.5,4.499999999999999,4.599999999999998,0.0
2025-12-21 00:21:00,32.0,311.6175,534,2.5,4.6,4.5,0.0
2025-12-21 00:24:00,32.0,313.3391,534,2.5,4.499999999999999,4.5,0.0
2025-12-21 00:27:00,32.5,313.3391,534,2.5,4.499999999999999,4.699999999999999,0.0
2025-12-21 00:30:00,33.0,326.1285,534,2.5,4.499999999999999,4.699999999999999,0.0
2025-12-21 00:33:00,33.5,324.8987,534,2.599999999999998,4.3999999999999995,4.700000000000003,0.0
2025-12-21 00:36:00,33.5,339.9016,534,2.6999999999999993,4.499999999999999,4.600000000000001,0.0
2025-12-21 00:39:00,34.5,336.9502,535,2.599999999999998,4.3999999999999995,4.800000000000001,0.0
2025-12-21 00:42:00,34.5,339.9016,535,2.6999999999999993,4.3,4.800000000000001,0.0
2025-12-21 00:45:00,34.0,337.1962,535,2.8000000000000007,4.5,4.899999999999999,0.0
2025-12-21 00:48:00,34.0,340.6395,535,2.6999999999999993,4.3999999999999995,4.699999999999999,0.0
2025-12-21 00:51:00,33.5,340.6395,535,2.6999999999999993,4.4,4.699999999999999,0.0
2025-12-21 00:54:00,33.5,346.7882,535,2.8000000000000007,4.4,4.5,0.0
2025-12-21 00:57:00,34.0,334.2448,535,2.6999999999999993,4.3,4.699999999999999,0.0
2025-12-21 01:00:00,34.0,338.18,535,2.6999999999999993,4.300000000000001,4.800000000000001,0.0
2025-12-21 01:03:00,32.5,327.6042,535,2.8000000000000007,4.4,4.299999999999997,0.0
2025-12-21 01:06:00,32.0,295.6308,535,2.5,4.4,4.5,0.0
2025-12-21 01:09:00,31.5,303.5012,535,2.5,4.500000000000001,4.399999999999999,0.0
2025-12-21 08:09:00,30.5,383.6806,542,2.5,3.7,4.699999999999999,0.0
2025-12-21 08:15:00,31.5,386.386,542,2.3999999999999986,3.5,4.5,0.0
2025-12-21 08:18:00,31.5,395.978,542,2.5,3.5,4.5,0.0
2025-12-21 08:21:00,32.0,401.3889,542,2.599999999999998,3.500000000000001,4.600000000000001,0.0
2025-12-21 08:24:00,32.5,395.7321,542,2.599999999999998,3.4000000000000004,4.600000000000001,0.0
2025-12-21 08:27:00,33.0,394.9942,542,2.599999999999998,3.6000000000000005,4.700000000000003,0.0
2025-12-21 08:30:00,32.5,400.897,542,2.6999999999999993,3.700000000000001,4.600000000000001,0.0
2025-12-21 08:33:00,33.5,408.2755,542,2.599999999999998,3.6000000000000005,4.700000000000003,0.0
2025-12-21 08:36:00,34.0,419.8351,542,2.6999999999999993,3.500000000000001,5.0,0.0
2025-12-21 08:39:00,34.0,425.9838,543,2.8999999999999986,3.6000000000000005,4.600000000000001,0.0
2025-12-21 08:42:00,35.0,425.9838,543,2.8000000000000007,3.500000000000001,4.899999999999999,0.0
2025-12-21 08:45:00,34.5,333.7529,543,2.8000000000000007,3.6000000000000005,4.899999999999999,0.0
2025-12-21 08:48:00,31.5,303.7471,543,2.5,3.6999999999999993,4.399999999999999,0.0
2025-12-21 09:48:00,33.0,397.2078,544,2.6999999999999993,3.6999999999999993,4.699999999999999,0.0
2025-12-21 09:51:00,35.5,390.0752,544,2.6000000000000014,3.6999999999999993,5.0,0.0
2025-12-21 09:54:00,36.5,382.9427,544,2.8000000000000007,4.000000000000001,5.300000000000001,0.0
2025-12-21 09:57:00,36.5,387.3698,544,2.900000000000002,4.300000000000001,5.300000000000001,0.0
2025-12-21 10:00:00,36.0,388.5995,544,3.0,4.4,5.300000000000001,0.0
2025-12-21 10:03:00,36.0,386.14,544,3.0,4.3,5.300000000000001,0.0
2025-12-21 10:06:00,36.0,376.794,544,3.0,4.3999999999999995,5.200000000000003,0.0
2025-12-21 10:09:00,35.5,374.3345,544,2.900000000000002,4.5,5.399999999999999,0.0
2025-12-21 10:12:00,36.0,384.1725,544,3.0,4.5,5.5,0.0
2025-12-21 10:15:00,35.5,388.8455,544,3.099999999999998,4.3999999999999995,5.400000000000002,0.0
2025-12-21 10:18:00,36.0,399.4213,544,3.1000000000000014,4.3,5.300000000000001,0.0
2025-12-21 10:21:00,36.5,407.5376,544,3.1999999999999993,4.3,5.399999999999999,0.0
2025-12-21 10:24:00,37.0,406.0619,544,3.1999999999999993,4.3,5.5,0.0
2025-12-21 10:27:00,37.0,416.1458,544,3.200000000000003,4.3999999999999995,5.5,0.0
2025-12-21 10:30:00,39.0,412.9485,544,3.200000000000003,4.500000000000001,5.699999999999996,0.0
2025-12-21 10:33:00,40.5,411.7188,544,3.3999999999999986,4.7,6.0000000000000036,0.0
2025-12-21 10:36:00,41.0,413.6863,544,3.5,4.8,5.9999999999999964,0.0
2025-12-21 10:39:00,42.0,412.4566,545,3.5,4.8,6.199999999999999,0.0
2025-12-21 10:42:00,41.5,407.2917,545,3.5,4.8,6.099999999999998,0.0
2025-12-21 10:45:00,42.0,412.4566,545,3.5,4.8,6.099999999999998,0.0
2025-12-21 10:48:00,41.5,419.5891,545,3.5,4.8,6.099999999999998,0.0
2025-12-21 10:51:00,42.5,418.3594,545,3.599999999999998,4.8,6.100000000000001,0.0
2025-12-21 10:54:00,43.5,546.007,545,3.599999999999998,4.6,6.5,0.0
2025-12-21 10:57:00,49.5,544.5313,545,3.5,4.0,5.0,0.0
2025-12-21 11:00:00,42.5,495.5874,545,1.8000000000000007,1.4000000000000004,4.599999999999998,0.0
2025-12-21 11:03:00,57.5,495.3414,545,3.900000000000002,4.199999999999999,7.0,0.0
2025-12-21 11:06:00,59.5,496.8171,545,4.100000000000001,4.6,7.199999999999999,0.0
2025-12-21 11:09:00,61.5,496.0793,545,4.300000000000001,4.8,7.200000000000003,0.0
2025-12-21 11:12:00,60.0,496.0793,545,4.300000000000001,4.8,7.0,0.0
2025-12-21 11:15:00,62.0,491.6522,545,4.300000000000001,4.8,7.100000000000001,0.0
2025-12-21 11:18:00,62.0,494.3576,545,4.300000000000001,4.8,7.200000000000003,0.0
2025-12-21 11:21:00,61.5,488.2089,545,4.300000000000001,4.8,7.200000000000003,0.0
2025-12-21 11:24:00,63.0,497.309,545,4.400000000000002,4.799999999999999,7.199999999999996,0.0
2025-12-21 11:27:00,64.0,491.1603,545,4.5,4.8999999999999995,7.400000000000002,0.0
2025-12-21 11:30:00,64.0,486.9792,545,4.5,4.8999999999999995,7.400000000000002,0.0
2025-12-21 11:33:00,63.5,487.2251,545,4.5,5.000000000000001,7.400000000000002,0.0
2025-12-21 11:36:00,64.5,491.6522,545,4.5,4.999999999999999,7.400000000000002,0.0
2025-12-21 11:39:00,64.5,493.6198,546,4.5,4.8999999999999995,7.400000000000002,0.0
2025-12-21 11:42:00,64.5,489.4387,546,4.5,4.8999999999999995,7.300000000000001,0.0
2025-12-21 11:45:00,64.0,501.9821,546,4.5,4.8999999999999995,7.400000000000002,0.0
2025-12-21 11:48:00,65.0,496.0793,546,4.5,5.000000000000001,7.400000000000002,0.0
2025-12-21 11:51:00,66.0,490.6684,546,4.699999999999999,5.000000000000001,7.400000000000002,0.0
2025-12-21 11:54:00,65.0,486.2413,546,4.599999999999998,5.000000000000001,7.400000000000002,0.0
2025-12-21 11:57:00,65.0,489.9306,546,4.599999999999998,5.000000000000001,7.5000000000000036,0.0
2025-12-21 12:00:00,64.5,488.2089,546,4.599999999999998,5.1000000000000005,7.400000000000002,0.0
2025-12-21 12:03:00,64.5,476.4034,546,4.599999999999998,5.1000000000000005,7.400000000000002,0.0
2025-12-21 12:06:00,64.0,477.3871,546,4.5,4.999999999999999,7.299999999999997,0.0
2025-12-21 12:09:00,64.0,465.0897,546,4.5,5.1,7.299999999999997,0.0
2025-12-21 12:12:00,64.0,485.7494,546,4.599999999999998,5.1000000000000005,7.300000000000001,0.0
2025-12-21 12:15:00,64.0,490.6684,546,4.599999999999998,4.999999999999999,7.400000000000002,0.0
2025-12-21 12:18:00,64.0,490.4225,546,4.599999999999998,4.999999999999999,7.300000000000001,0.0
2025-12-21 12:21:00,64.5,494.6036,546,4.599999999999998,4.999999999999999,7.400000000000002,0.0
2025-12-21 12:24:00,64.5,499.7685,546,4.599999999999998,4.999999999999999,7.400000000000002,0.0
2025-12-21 12:27:00,66.5,511.82,546,4.699999999999999,4.8999999999999995,7.4999999999999964,0.0
2025-12-21 12:30:00,66.5,490.9144,546,4.699999999999999,4.999999999999999,7.400000000000002,0.0
2025-12-21 12:33:00,65.5,467.3032,546,4.599999999999998,5.1,7.5000000000000036,0.0
2025-12-21 12:36:00,64.5,450.3327,546,4.5,5.199999999999999,7.399999999999999,0.0
2025-12-21 12:39:00,63.0,456.4815,547,4.5,5.300000000000001,7.199999999999996,0.0
2025-12-21 12:42:00,64.0,466.5654,547,4.5,5.200000000000001,7.299999999999997,0.0
2025-12-21 12:45:00,65.0,484.7656,547,4.599999999999998,5.200000000000001,7.400000000000002,0.0
2025-12-21 12:48:00,65.5,500.9983,547,4.699999999999999,5.1000000000000005,7.4999999999999964,0.0
2025-12-21 12:51:00,67.5,508.1308,547,4.600000000000001,5.000000000000001,7.599999999999998,0.0
2025-12-21 12:54:00,67.0,489.6846,547,4.600000000000001,5.1000000000000005,7.599999999999998,0.0
2025-12-21 12:57:00,66.0,486.7332,547,4.600000000000001,5.200000000000001,7.4999999999999964,0.0
2025-12-21 13:00:00,66.0,488.7008,547,4.600000000000001,5.1,7.4999999999999964,0.0
2025-12-21 13:03:00,66.5,483.044,547,4.699999999999999,5.200000000000001,7.5,0.0
2025-12-21 13:06:00,65.0,481.0764,547,4.600000000000001,5.1,7.4999999999999964,0.0
2025-12-21 13:09:00,65.5,472.4682,547,4.600000000000001,5.200000000000001,7.400000000000002,0.0
2025-12-21 13:12:00,65.0,471.9763,547,4.5,5.199999999999999,7.400000000000002,0.0
2025-12-21 13:15:00,65.0,475.6655,547,4.599999999999998,5.1,7.399999999999999,0.0
2025-12-21 13:18:00,64.0,461.1545,547,4.5,5.200000000000001,7.300000000000001,0.0
2025-12-21 13:21:00,64.5,468.533,547,4.5,5.199999999999999,7.300000000000001,0.0
2025-12-21 13:24:00,65.0,468.287,547,4.599999999999998,5.1,7.300000000000004,0.0
2025-12-21 13:27:00,64.0,471.9763,547,4.5,5.1,7.300000000000001,0.0
2025-12-21 13:30:00,63.0,471.9763,547,4.5,5.0,7.199999999999999,0.0
2025-12-21 13:33:00,63.5,478.125,547,4.5,5.1,7.300000000000001,0.0
2025-12-21 13:36:00,63.5,475.1736,547,4.5,5.1,7.300000000000001,0.0
2025-12-21 13:39:00,63.5,464.5978,548,4.599999999999998,5.1,7.200000000000003,0.0
2025-12-21 13:42:00,64.0,463.3681,548,4.400000000000002,5.199999999999999,7.300000000000001,0.0
2025-12-21 13:45:00,64.0,458.4491,548,4.5,5.199999999999999,7.200000000000003,0.0
2025-12-21 13:48:00,64.0,463.3681,548,4.5,5.199999999999999,7.200000000000003,0.0
2025-12-21 13:51:00,64.0,461.1545,548,4.400000000000002,5.199999999999999,7.300000000000001,0.0
2025-12-21 13:54:00,64.0,465.3356,548,4.400000000000002,5.1,7.300000000000001,0.0
2025-12-21 13:57:00,63.0,459.6788,548,4.5,5.199999999999999,7.200000000000003,0.0
2025-12-21 14:00:00,62.5,455.2517,548,4.5,5.299999999999999,7.199999999999999,0.0
2025-12-21 14:03:00,63.0,464.1059,548,4.400000000000002,5.199999999999999,7.199999999999999,0.0
2025-12-21 14:06:00,64.0,471.9763,548,4.5,5.1,7.200000000000003,0.0
2025-12-21 14:09:00,64.0,476.1574,548,4.5,5.0,7.200000000000003,0.0
2025-12-21 14:12:00,63.5,467.3032,548,4.5,5.1,7.200000000000003,0.0
2025-12-21 14:15:00,64.0,465.0897,548,4.5,5.199999999999999,7.200000000000003,0.0
2025-12-21 14:18:00,63.0,446.1516,548,4.400000000000002,5.199999999999999,7.199999999999999,0.0
2025-12-21 14:21:00,62.0,441.7245,548,4.400000000000002,5.299999999999999,6.900000000000002,0.0
2025-12-21 14:24:00,61.0,443.9381,548,4.400000000000002,5.1,6.9999999999999964,0.0
2025-12-21 14:27:00,60.5,435.5758,548,4.300000000000001,5.3,6.900000000000002,0.0
2025-12-21 14:30:00,61.0,446.6435,548,4.199999999999999,5.199999999999999,7.0000000000000036,0.0
2025-12-21 14:33:00,61.0,458.4491,548,4.300000000000001,5.1,6.9999999999999964,0.0
2025-12-21 14:36:00,61.0,465.0897,548,4.300000000000001,5.1,6.9999999999999964,0.0
2025-12-21 14:39:00,61.5,463.86,549,4.300000000000001,5.0,7.099999999999998,0.0
2025-12-21 14:42:00,62.0,453.0382,549,4.300000000000001,5.0,6.9999999999999964,0.0
2025-12-21 14:45:00,62.0,456.4815,549,4.300000000000001,5.199999999999999,7.099999999999998,0.0
2025-12-21 14:48:00,62.0,452.5463,549,4.300000000000001,5.199999999999999,7.199999999999999,0.0
2025-12-21 14:51:00,61.5,446.3976,549,4.300000000000001,5.199999999999999,7.099999999999998,0.0
2025-12-21 14:54:00,61.5,431.3947,549,4.300000000000001,5.299999999999999,6.9999999999999964,0.0
2025-12-21 14:57:00,60.5,438.0353,549,4.300000000000001,5.299999999999999,6.900000000000002,0.0
2025-12-21 15:00:00,60.0,430.9027,549,4.199999999999999,5.3,6.800000000000001,0.0
2025-12-21 15:03:00,59.5,441.4786,549,4.199999999999999,5.199999999999999,6.900000000000002,0.0
2025-12-21 15:06:00,61.0,449.8409,549,4.300000000000001,5.199999999999999,6.9999999999999964,0.0
2025-12-21 15:09:00,61.0,444.184,549,4.199999999999999,5.1,6.9999999999999964,0.0
2025-12-21 15:12:00,60.5,448.8571,549,4.300000000000001,5.199999999999999,6.9999999999999964,0.0
2025-12-21 15:15:00,60.0,430.9027,549,4.199999999999999,5.199999999999999,6.900000000000002,0.0
2025-12-21 15:18:00,60.0,435.5758,549,4.199999999999999,5.199999999999999,6.900000000000002,0.0
2025-12-21 15:21:00,60.0,431.6406,549,4.199999999999999,5.199999999999999,6.900000000000002,0.0
2025-12-21 15:24:00,60.0,425.246,549,4.199999999999999,5.300000000000001,6.900000000000002,0.0
2025-12-21 15:27:00,59.5,430.4109,549,4.099999999999998,5.199999999999999,6.900000000000002,0.0
2025-12-21 15:30:00,59.0,427.7054,549,4.099999999999998,5.199999999999999,6.800000000000001,0.0
2025-12-21 15:33:00,60.0,436.5596,549,4.199999999999999,5.199999999999999,6.900000000000002,0.0
2025-12-21 15:36:00,60.0,437.7894,549,4.199999999999999,5.199999999999999,6.900000000000002,0.0
2025-12-21 15:39:00,60.0,426.7216,550,4.199999999999999,5.199999999999999,6.800000000000001,0.0
2025-12-21 15:42:00,59.5,443.2002,550,4.199999999999999,5.199999999999999,6.800000000000001,0.0
2025-12-21 15:45:00,61.0,442.7083,550,4.199999999999999,5.199999999999999,6.9999999999999964,0.0
2025-12-21 15:48:00,61.0,433.3623,550,4.199999999999999,5.1,6.900000000000002,0.0
2025-12-21 15:51:00,59.5,430.6568,550,4.199999999999999,5.299999999999999,6.900000000000002,0.0
2025-12-21 15:54:00,60.0,423.0324,550,4.199999999999999,5.299999999999999,6.900000000000002,0.0
2025-12-21 15:57:00,59.5,430.4109,550,4.100000000000001,5.199999999999999,6.900000000000002,0.0
2025-12-21 16:00:00,60.0,433.8542,550,4.100000000000001,5.199999999999999,6.900000000000002,0.0
2025-12-21 16:03:00,59.0,426.9676,550,4.100000000000001,5.1,6.800000000000001,0.0
2025-12-21 16:06:00,59.0,427.2136,550,4.100000000000001,5.199999999999999,6.800000000000001,0.0
2025-12-21 16:09:00,58.0,424.2621,550,4.100000000000001,5.199999999999999,6.699999999999999,0.0
2025-12-21 16:12:00,58.0,429.4271,550,4.100000000000001,5.199999999999999,6.800000000000001,0.0
2025-12-21 16:15:00,59.5,424.0162,550,4.199999999999999,5.200000000000001,6.800000000000004,0.0
2025-12-21 16:18:00,60.0,432.1325,550,4.099999999999998,5.200000000000001,6.899999999999999,0.0
2025-12-21 16:21:00,59.5,428.4433,550,4.199999999999999,5.200000000000001,6.799999999999997,0.0
2025-12-21 16:24:00,59.5,434.592,550,4.199999999999999,5.200000000000001,6.799999999999997,0.0
2025-12-21 16:27:00,59.5,433.3623,550,4.199999999999999,5.200000000000001,6.799999999999997,0.0
2025-12-21 16:30:00,59.5,440.7407,550,4.199999999999999,5.200000000000001,6.799999999999997,0.0
2025-12-21 16:33:00,60.0,435.8218,550,4.199999999999999,5.200000000000001,6.899999999999999,0.0
2025-12-21 16:36:00,60.0,430.9027,550,4.199999999999999,5.1,6.799999999999997,0.0
2025-12-21 16:39:00,59.0,433.8542,551,4.199999999999999,5.1,6.899999999999999,0.0
2025-12-21 16:42:00,60.0,439.511,551,4.199999999999999,5.1,6.899999999999999,0.0
2025-12-21 16:45:00,60.0,440.0029,551,4.199999999999999,5.1,6.899999999999999,0.0
2025-12-21 16:48:00,60.0,446.3976,551,4.199999999999999,5.200000000000001,6.899999999999999,0.0
2025-12-21 16:51:00,60.5,445.1678,551,4.199999999999999,5.1000000000000005,7.0,0.0
2025-12-21 16:54:00,61.5,443.9381,551,4.199999999999999,5.200000000000001,7.0,0.0
2025-12-21 16:57:00,61.0,443.6921,551,4.199999999999999,5.200000000000001,6.899999999999999,0.0
2025-12-21 17:00:00,61.0,447.6273,551,4.199999999999999,5.200000000000001,7.0,0.0
2025-12-21 17:03:00,61.5,448.6111,551,4.199999999999999,5.200000000000001,7.0,0.0
2025-12-21 17:06:00,61.0,444.184,551,4.199999999999999,5.1000000000000005,7.0,0.0
2025-12-21 17:09:00,61.0,440.2488,551,4.199999999999999,5.200000000000001,6.899999999999999,0.0
2025-12-21 17:12:00,60.5,433.3623,551,4.199999999999999,5.200000000000001,6.899999999999999,0.0
2025-12-21 17:15:00,60.5,437.0515,551,4.100000000000001,5.200000000000001,6.9999999999999964,0.0
2025-12-21 17:18:00,60.5,431.3947,551,4.100000000000001,5.200000000000001,6.900000000000002,0.0
2025-12-21 17:21:00,59.5,430.1649,551,4.0,5.200000000000001,6.900000000000002,0.0
2025-12-21 17:24:00,59.5,430.9027,551,4.099999999999998,5.200000000000001,6.900000000000002,0.0
2025-12-21 17:27:00,60.0,431.8866,551,4.099999999999998,5.200000000000001,6.800000000000001,0.0
2025-12-21 17:30:00,60.0,436.8056,551,4.099999999999998,5.200000000000001,6.800000000000001,0.0
2025-12-21 17:33:00,60.0,439.265,551,4.0,5.200000000000001,6.899999999999999,0.0
2025-12-21 17:36:00,59.5,440.0029,551,4.0,5.200000000000001,6.899999999999999,0.0
2025-12-21 17:39:00,60.5,438.0353,552,4.0,5.200000000000001,7.0,0.0
2025-12-21 17:42:00,59.5,442.7083,552,4.0,5.1000000000000005,7.0,0.0
2025-12-21 17:45:00,59.0,424.2621,552,4.0,5.300000000000001,6.799999999999997,0.0
2025-12-21 17:48:00,58.0,425.246,552,4.100000000000001,5.300000000000001,6.700000000000003,0.0
2025-12-21 17:51:00,58.5,423.2784,552,3.8999999999999986,5.2,6.800000000000004,0.0
2025-12-21 17:54:00,57.5,426.4757,552,3.900000000000002,5.200000000000001,6.699999999999999,0.0
2025-12-21 17:57:00,59.0,443.9381,552,4.0,5.200000000000001,6.800000000000004,0.0
2025-12-21 18:00:00,59.0,424.0162,552,4.100000000000001,5.200000000000001,6.700000000000003,0.0
2025-12-21 18:03:00,58.5,431.8866,552,3.900000000000002,5.200000000000001,6.900000000000002,0.0
2025-12-21 18:06:00,58.5,433.1163,552,4.0,5.200000000000001,6.900000000000002,0.0
2025-12-21 18:09:00,59.0,428.1974,552,4.0,5.200000000000001,6.900000000000002,0.0
2025-12-21 18:12:00,58.5,432.8704,552,4.0,5.200000000000001,6.800000000000001,0.0
2025-12-21 18:15:00,60.0,435.0839,552,4.0,5.200000000000001,6.900000000000002,0.0
2025-12-21 18:18:00,59.0,428.9352,552,4.0,5.200000000000001,6.800000000000001,0.0
2025-12-21 18:21:00,58.5,424.5081,552,3.8999999999999986,5.200000000000001,6.800000000000001,0.0
2025-12-21 18:24:00,58.0,431.6406,552,3.8999999999999986,5.200000000000001,6.800000000000001,0.0
2025-12-21 18:27:00,59.0,434.592,552,4.0,5.200000000000001,6.800000000000001,0.0
2025-12-21 18:30:00,57.5,432.1325,552,3.900000000000002,5.200000000000001,6.799999999999997,0.0
2025-12-21 18:33:00,57.5,435.8218,552,3.900000000000002,5.1000000000000005,6.899999999999999,0.0
2025-12-21 18:36:00,59.0,434.1001,552,3.900000000000002,5.200000000000001,6.899999999999999,0.0
2025-12-21 18:39:00,59.0,433.3623,553,3.900000000000002,5.200000000000001,6.899999999999999,0.0
2025-12-21 18:42:00,58.0,418.3594,553,4.0,5.200000000000001,6.699999999999996,0.0
2025-12-21 18:45:00,59.0,424.7541,553,3.8999999999999986,5.200000000000001,7.0,0.0
2025-12-21 18:48:00,59.0,434.1001,553,3.8999999999999986,5.200000000000001,6.899999999999999,0.0
2025-12-21 18:51:00,59.0,431.3947,553,3.8999999999999986,5.200000000000001,6.899999999999999,0.0
2025-12-21 18:54:00,59.0,443.2002,553,3.8999999999999986,5.200000000000001,6.899999999999999,0.0
2025-12-21 18:57:00,59.0,441.7245,553,4.0,5.1,6.799999999999997,0.0
2025-12-21 19:00:00,59.0,434.592,553,4.0,5.200000000000001,6.799999999999997,0.0
2025-12-21 19:03:00,58.5,441.4786,553,4.0,5.200000000000001,6.799999999999997,0.0
2025-12-21 19:06:00,59.0,420.5729,553,3.8999999999999986,5.300000000000001,6.899999999999999,0.0
2025-12-21 19:09:00,57.0,430.1649,553,3.8000000000000007,5.200000000000001,6.699999999999999,0.0
2025-12-21 19:12:00,58.0,430.6568,553,3.900000000000002,5.200000000000001,6.800000000000001,0.0
2025-12-21 19:15:00,58.5,431.3947,553,3.900000000000002,5.200000000000001,6.800000000000001,0.0
2025-12-21 19:18:00,57.5,420.5729,553,3.900000000000002,5.200000000000001,6.800000000000001,0.0
2025-12-21 19:21:00,56.5,425.4919,553,3.8999999999999986,5.300000000000001,6.599999999999998,0.0
2025-12-21 19:24:00,57.0,429.673,553,3.8999999999999986,5.200000000000001,6.800000000000001,0.0
2025-12-21 19:27:00,57.0,425.246,553,3.8999999999999986,5.200000000000001,6.800000000000001,0.0
2025-12-21 19:30:00,57.5,431.3947,553,3.8999999999999986,5.1,6.800000000000001,0.0
2025-12-21 19:33:00,57.5,428.4433,553,3.8999999999999986,5.199999999999999,6.800000000000001,0.0
2025-12-21 19:36:00,58.0,430.6568,553,3.8999999999999986,5.199999999999999,6.900000000000002,0.0
2025-12-21 19:39:00,58.0,435.8218,554,3.8999999999999986,5.200000000000001,6.800000000000001,0.0
2025-12-21 19:42:00,57.5,428.1974,554,3.8999999999999986,5.300000000000001,6.800000000000001,0.0
2025-12-21 19:45:00,58.0,420.8188,554,3.900000000000002,5.300000000000001,6.899999999999999,0.0
2025-12-21 19:48:00,57.0,427.2136,554,3.900000000000002,5.300000000000001,6.699999999999996,0.0
2025-12-21 19:51:00,58.0,428.4433,554,3.900000000000002,5.200000000000001,6.799999999999997,0.0
2025-12-21 19:54:00,58.5,429.673,554,3.900000000000002,5.199999999999999,6.799999999999997,0.0
2025-12-21 19:57:00,56.5,408.0295,554,3.8000000000000007,5.4,6.600000000000001,0.0
2025-12-21 20:00:00,57.0,416.8837,554,3.8000000000000007,5.199999999999999,6.700000000000003,0.0
2025-12-21 20:03:00,58.0,425.9838,554,3.8000000000000007,5.199999999999999,6.799999999999997,0.0
2025-12-21 20:06:00,57.0,422.2946,554,3.8000000000000007,5.199999999999999,6.700000000000003,0.0
2025-12-21 20:09:00,56.5,411.7188,554,3.8999999999999986,5.299999999999999,6.700000000000003,0.0
2025-12-21 20:12:00,57.0,406.7998,554,3.8999999999999986,5.299999999999999,6.600000000000001,0.0
2025-12-21 20:15:00,56.0,410.9809,554,3.799999999999997,5.3999999999999995,6.600000000000001,0.0
2025-12-21 20:18:00,56.0,406.0619,554,3.799999999999997,5.299999999999999,6.600000000000001,0.0
2025-12-21 20:21:00,55.0,422.7865,554,3.6999999999999993,5.199999999999999,6.599999999999998,0.0
2025-12-21 20:24:00,56.0,414.4242,554,3.6999999999999993,5.199999999999999,6.699999999999999,0.0
2025-12-21 20:27:00,55.0,413.6863,554,3.6999999999999993,5.199999999999999,6.599999999999998,0.0
2025-12-21 20:30:00,55.5,421.8027,554,3.6999999999999993,5.199999999999999,6.599999999999998,0.0
2025-12-21 20:33:00,56.0,423.5243,554,3.6999999999999993,5.199999999999999,6.699999999999999,0.0
2025-12-21 20:36:00,55.0,407.0457,554,3.6999999999999993,5.299999999999999,6.400000000000002,0.0
2025-12-21 20:39:00,55.0,405.816,555,3.6999999999999993,5.199999999999999,6.400000000000002,0.0
2025-12-21 20:42:00,55.5,424.5081,555,3.8000000000000007,5.199999999999999,6.599999999999998,0.0
2025-12-21 20:45:00,56.0,414.4242,555,3.6999999999999993,5.199999999999999,6.599999999999998,0.0
2025-12-21 20:48:00,54.5,398.1916,555,3.6999999999999993,5.299999999999999,6.599999999999998,0.0
2025-12-21 20:51:00,53.0,407.2917,555,3.6999999999999993,5.299999999999999,6.400000000000002,0.0
2025-12-21 20:54:00,55.0,414.1782,555,3.6999999999999993,5.1,6.5000000000000036,0.0
2025-12-21 20:57:00,54.5,393.2726,555,3.6000000000000014,5.1,6.5,0.0
2025-12-21 21:00:00,54.0,393.2726,555,3.6000000000000014,5.3999999999999995,6.399999999999999,0.0
2025-12-21 21:03:00,52.0,405.57,555,3.5,5.0,6.200000000000003,0.0
2025-12-21 21:06:00,52.0,389.5833,555,3.5,5.0,6.200000000000003,0.0
2025-12-21 21:09:00,51.5,451.8085,555,3.3999999999999986,5.199999999999999,6.200000000000003,0.0
2025-12-21 21:12:00,60.0,587.0804,555,3.8000000000000007,4.3999999999999995,7.199999999999999,0.0
2025-12-21 21:15:00,62.5,553.3854,555,4.0,4.300000000000001,7.299999999999997,0.0
2025-12-21 21:18:00,63.0,532.9717,555,4.200000000000003,4.500000000000001,7.399999999999999,0.0
2025-12-21 21:21:00,65.5,540.1042,555,4.300000000000001,4.6,7.599999999999998,0.0
2025-12-21 21:24:00,66.0,550.9259,555,4.300000000000001,4.699999999999999,7.800000000000001,0.0
2025-12-21 21:27:00,66.0,531.004,555,4.300000000000001,4.8,7.599999999999998,0.0
2025-12-21 21:30:00,65.5,535.923,555,4.300000000000001,4.8,7.599999999999998,0.0
2025-12-21 21:33:00,65.0,524.8553,555,4.300000000000001,4.8,7.599999999999998,0.0
2025-12-21 21:36:00,65.0,528.0527,555,4.300000000000001,4.8999999999999995,7.599999999999998,0.0
2025-12-21 21:39:00,67.0,529.7743,556,4.400000000000002,4.8,7.599999999999998,0.0
2025-12-21 21:42:00,65.5,532.4797,556,4.300000000000001,4.8,7.699999999999999,0.0
2025-12-21 21:45:00,64.5,521.9039,556,4.400000000000002,4.8999999999999995,7.4999999999999964,0.0
2025-12-21 21:48:00,64.5,536.6609,556,4.300000000000001,4.8,7.699999999999999,0.0
2025-12-21 21:51:00,65.0,531.7419,556,4.400000000000002,4.8,7.699999999999999,0.0
2025-12-21 21:54:00,65.5,545.0231,556,4.400000000000002,4.8999999999999995,7.699999999999999,0.0
2025-12-21 21:57:00,65.5,543.5475,556,4.5,4.7,7.699999999999999,0.0
2025-12-21 22:00:00,65.0,522.6418,556,4.5,4.8,7.4999999999999964,0.0
2025-12-21 22:03:00,63.0,445.4138,556,4.399999999999999,4.9,7.300000000000001,0.0
2025-12-21 22:06:00,56.0,408.7674,556,4.0,5.3999999999999995,6.4999999999999964,0.0
2025-12-21 22:09:00,53.0,398.6834,556,3.8000000000000007,5.3,6.199999999999996,0.0
2025-12-21 22:12:00,52.0,392.0428,556,3.599999999999998,5.3,6.200000000000003,0.0
2025-12-21 22:15:00,52.0,389.0914,556,3.5,5.2,6.199999999999999,0.0
2025-12-21 22:18:00,50.0,382.2049,556,3.3999999999999986,5.2,5.900000000000002,0.0
2025-12-21 22:21:00,49.5,387.3698,556,3.3000000000000007,5.199999999999999,5.899999999999999,0.0
2025-12-21 22:24:00,50.5,384.9103,556,3.3999999999999986,5.199999999999999,6.100000000000001,0.0
2025-12-21 22:27:00,49.5,379.9913,556,3.3000000000000007,5.0,5.899999999999999,0.0
2025-12-21 22:30:00,49.0,380.4832,556,3.3000000000000007,5.0,5.899999999999999,0.0
2025-12-21 22:33:00,49.0,377.5318,556,3.3000000000000007,5.0,5.799999999999997,0.0
2025-12-21 22:36:00,49.0,372.6129,556,3.1999999999999993,5.0,5.800000000000001,0.0
2025-12-21 22:39:00,47.0,371.1371,557,3.1999999999999993,4.9,5.600000000000001,0.0
2025-12-21 22:42:00,45.0,331.2934,557,3.0,5.000000000000001,5.300000000000001,0.0
2025-12-21 22:45:00,41.5,338.4259,557,2.6999999999999993,4.9,5.0,0.0
2025-12-21 22:48:00,33.5,329.8177,557,2.6999999999999993,4.700000000000001,4.699999999999999,0.0
2025-12-21 22:51:00,33.5,314.077,557,2.3999999999999986,4.000000000000001,4.800000000000001,0.0
2025-12-21 22:54:00,33.0,326.8663,557,2.3999999999999986,4.300000000000001,4.600000000000001,0.0
2025-12-21 22:57:00,33.5,324.4068,557,2.3999999999999986,4.500000000000001,4.600000000000001,0.0
2025-12-21 23:00:00,32.5,324.4068,557,2.5,4.499999999999999,4.699999999999999,0.0
2025-12-21 23:03:00,32.5,326.3744,557,2.3999999999999986,4.3999999999999995,4.600000000000001,0.0
2025-12-21 23:06:00,32.5,315.7986,557,2.3999999999999986,4.499999999999999,4.600000000000001,0.0
2025-12-21 23:09:00,32.5,320.2257,557,2.3000000000000007,4.499999999999999,4.5,0.0
2025-12-21 23:12:00,32.5,315.0608,557,2.3000000000000007,4.3999999999999995,4.5,0.0
2025-12-21 23:15:00,32.0,323.669,557,2.400000000000002,4.3999999999999995,4.699999999999999,0.0
2025-12-21 23:18:00,32.5,325.8825,557,2.400000000000002,4.3,4.5,0.0
2025-12-21 23:21:00,32.0,327.1123,557,2.400000000000002,4.3999999999999995,4.5,0.0
2025-12-21 23:24:00,32.0,314.8148,557,2.400000000000002,4.5,4.599999999999998,0.0
2025-12-21 23:27:00,32.0,312.8472,557,2.3000000000000007,4.4,4.5,0.0
2025-12-21 23:30:00,31.5,318.2581,557,2.400000000000002,4.4,4.399999999999999,0.0
2025-12-21 23:33:00,32.0,320.7176,557,2.400000000000002,4.4,4.5,0.0
2025-12-21 23:36:00,32.0,318.75,557,2.400000000000002,4.3999999999999995,4.5,0.0
2025-12-21 23:39:00,32.0,319.4879,558,2.400000000000002,4.5,4.599999999999998,0.0
2025-12-21 23:42:00,32.0,316.0446,558,2.400000000000002,4.499999999999999,4.5,0.0
2025-12-21 23:45:00,32.5,324.4068,558,2.400000000000002,4.499999999999999,4.599999999999998,0.0
2025-12-21 23:48:00,33.0,321.9473,558,2.5,4.499999999999999,4.800000000000001,0.0
2025-12-21 23:51:00,33.0,323.1771,558,2.400000000000002,4.3999999999999995,4.599999999999998,0.0
2025-12-21 23:54:00,33.0,319.9797,558,2.400000000000002,4.3999999999999995,4.599999999999998,0.0
2025-12-21 23:57:00,31.5,314.077,558,2.400000000000002,4.5,4.599999999999998,0.0
2025-12-22 00:00:00,32.0,322.4392,558,2.400000000000002,4.3999999999999995,4.5,0.0
2025-12-22 00:03:00,31.5,307.9282,558,2.3000000000000007,4.4,4.5,0.0
2025-12-22 00:06:00,30.5,309.8958,558,2.3000000000000007,4.5,4.5,0.0
2025-12-22 00:09:00,30.5,307.1904,558,2.3000000000000007,4.4,4.300000000000001,0.0
2025-12-22 00:12:00,31.0,310.1418,558,2.3000000000000007,4.4,4.399999999999999,0.0
2025-12-22 00:18:00,31.0,309.6499,558,2.3000000000000007,4.3,4.5,0.0
2025-12-22 07:24:00,31.0,426.4757,565,2.400000000000002,3.1999999999999993,4.399999999999999,0.0
2025-12-22 07:27:00,31.0,444.184,565,2.3999999999999986,3.499999999999999,4.300000000000001,0.0
2025-12-22 07:30:00,33.0,398.9294,565,2.5,3.0,4.599999999999998,0.0
2025-12-22 07:42:00,30.5,393.7645,566,2.3000000000000007,3.3,4.399999999999999,0.0
2025-12-22 07:48:00,30.5,376.548,566,2.3999999999999986,3.5,4.400000000000002,0.0
2025-12-22 07:51:00,30.5,370.3993,566,2.3000000000000007,3.5,4.199999999999999,0.0
2025-12-22 08:06:00,32.5,457.9572,566,2.400000000000002,3.1999999999999993,4.5,0.0
2025-12-22 08:09:00,33.5,476.8952,566,2.6000000000000014,3.0999999999999996,4.899999999999999,0.0
2025-12-22 08:12:00,33.0,452.7923,566,2.6000000000000014,3.0999999999999996,4.5,0.0
2025-12-22 08:15:00,33.5,437.7894,566,2.6000000000000014,3.2,4.599999999999998,0.0
2025-12-22 08:18:00,34.0,432.1325,566,2.6000000000000014,3.2,4.699999999999999,0.0
2025-12-22 08:21:00,34.0,435.8218,566,2.8000000000000007,3.5,4.800000000000001,0.0
2025-12-22 08:24:00,34.0,435.0839,566,2.6000000000000014,3.3,4.699999999999999,0.0
2025-12-22 08:27:00,35.0,440.4948,566,2.6999999999999993,3.3999999999999995,4.800000000000001,0.0
2025-12-22 08:30:00,36.0,443.9381,566,2.900000000000002,3.499999999999999,5.099999999999998,0.0
2025-12-22 08:33:00,35.0,450.3327,566,2.900000000000002,3.700000000000001,5.299999999999997,0.0
2025-12-22 08:36:00,37.0,482.0602,566,3.0,3.6000000000000005,5.5000000000000036,0.0
2025-12-22 08:39:00,37.0,464.5978,567,3.0,3.6000000000000005,5.5000000000000036,0.0
2025-12-22 08:42:00,37.5,479.6007,567,3.1999999999999993,3.7,5.4999999999999964,0.0
2025-12-22 08:45:00,38.0,472.4682,567,3.1000000000000014,3.8,5.4999999999999964,0.0
2025-12-22 08:48:00,38.0,471.2384,567,3.1999999999999993,3.7,5.4999999999999964,0.0
2025-12-22 08:51:00,37.5,466.5654,567,3.1999999999999993,3.8,5.4999999999999964,0.0
2025-12-22 08:54:00,37.5,477.6331,567,3.1999999999999993,3.8,5.4999999999999964,0.0
2025-12-22 08:57:00,37.5,473.6979,567,3.099999999999998,3.8,5.599999999999998,0.0
2025-12-22 09:00:00,37.5,467.7951,567,3.099999999999998,3.8999999999999995,5.5000000000000036,0.0
2025-12-22 09:03:00,38.0,471.9763,567,3.1999999999999993,3.8999999999999995,5.5000000000000036,0.0
2025-12-22 09:06:00,41.5,470.7465,567,3.1000000000000014,3.5999999999999996,5.600000000000001,0.0
2025-12-22 09:09:00,42.0,471.2384,567,3.3000000000000007,3.8999999999999995,5.9999999999999964,0.0
2025-12-22 09:12:00,41.0,481.0764,567,3.5,3.999999999999999,5.899999999999999,0.0
2025-12-22 09:15:00,41.0,486.2413,567,3.5,4.1000000000000005,6.0,0.0
2025-12-22 09:18:00,42.5,495.5874,567,3.6000000000000014,4.2,6.100000000000001,0.0
2025-12-22 09:21:00,43.5,497.0631,567,3.6000000000000014,4.2,6.299999999999997,0.0
2025-12-22 09:24:00,44.0,490.6684,567,3.8000000000000007,4.2,6.299999999999997,0.0
2025-12-22 09:27:00,43.5,488.2089,567,3.8000000000000007,4.3,6.199999999999996,0.0
2025-12-22 09:30:00,44.0,491.1603,567,3.8000000000000007,4.3,6.199999999999996,0.0
2025-12-22 09:33:00,43.5,489.1927,567,3.6999999999999993,4.3,6.299999999999997,0.0
2025-12-22 09:36:00,43.5,490.9144,567,3.8000000000000007,4.3,6.199999999999996,0.0
2025-12-22 09:39:00,44.0,503.4577,568,3.8000000000000007,4.3,6.399999999999999,0.0
2025-12-22 09:42:00,45.5,533.9554,568,3.8999999999999986,4.1,6.5000000000000036,0.0
2025-12-22 09:45:00,46.5,514.5255,568,3.8999999999999986,4.199999999999999,6.5000000000000036,0.0
2025-12-22 09:48:00,46.5,496.0793,568,3.8999999999999986,4.3999999999999995,6.5000000000000036,0.0
2025-12-22 09:51:00,46.0,490.6684,568,3.8999999999999986,4.3999999999999995,6.5000000000000036,0.0
2025-12-22 09:54:00,46.5,504.1956,568,3.900000000000002,4.500000000000001,6.600000000000001,0.0
2025-12-22 09:57:00,46.5,497.8009,568,3.900000000000002,4.500000000000001,6.600000000000001,0.0
2025-12-22 10:00:00,48.0,499.2766,568,4.0,4.4,6.599999999999998,0.0
2025-12-22 10:03:00,47.5,501.9821,568,4.0,4.5,6.800000000000001,0.0
2025-12-22 10:06:00,50.0,514.5255,568,4.0,4.5,6.900000000000002,0.0
2025-12-22 10:09:00,50.0,517.9688,568,4.199999999999999,4.5,6.900000000000002,0.0
2025-12-22 10:12:00,50.0,515.0174,568,4.100000000000001,4.5,6.900000000000002,0.0
2025-12-22 10:15:00,50.5,539.6123,568,4.199999999999999,4.5,6.900000000000002,0.0
2025-12-22 10:18:00,48.0,531.004,568,4.199999999999999,4.499999999999999,6.9999999999999964,0.0
2025-12-22 10:24:00,63.0,504.4415,568,3.6999999999999993,3.8999999999999995,7.699999999999999,0.0
2025-12-22 10:27:00,62.0,502.228,568,4.199999999999999,4.6,7.199999999999999,0.0
2025-12-22 10:30:00,64.5,510.0984,568,4.199999999999999,4.6,7.400000000000002,0.0
2025-12-22 10:33:00,65.0,517.4769,568,4.199999999999999,4.8,7.4999999999999964,0.0
2025-12-22 10:36:00,64.5,520.4282,568,4.399999999999999,4.8,7.399999999999999,0.0
2025-12-22 10:39:00,64.0,510.0984,569,4.300000000000001,4.8,7.400000000000002,0.0
2025-12-22 10:42:00,65.0,528.7905,569,4.399999999999999,4.8,7.5,0.0
2025-12-22 10:45:00,68.0,530.0203,569,4.5,4.8,7.700000000000003,0.0
2025-12-22 10:48:00,68.0,520.1823,569,4.600000000000001,4.999999999999999,7.699999999999996,0.0
2025-12-22 10:51:00,68.5,512.5579,569,4.600000000000001,4.999999999999999,7.699999999999996,0.0
2025-12-22 10:54:00,68.5,505.9173,569,4.600000000000001,4.999999999999999,7.699999999999996,0.0
2025-12-22 10:57:00,68.5,513.7876,569,4.600000000000001,5.1000000000000005,7.699999999999996,0.0
2025-12-22 11:00:00,68.5,520.4282,569,4.600000000000001,5.000000000000001,7.799999999999997,0.0
2025-12-22 11:03:00,70.0,515.2633,569,4.600000000000001,5.000000000000001,7.899999999999999,0.0
2025-12-22 11:06:00,70.0,504.1956,569,4.800000000000001,5.2,7.800000000000001,0.0
2025-12-22 11:09:00,70.5,500.5063,569,4.800000000000001,5.3,7.800000000000001,0.0
2025-12-22 11:12:00,70.0,496.5712,569,4.800000000000001,5.3,7.900000000000002,0.0
2025-12-22 11:15:00,70.5,508.3767,569,4.800000000000001,5.3999999999999995,8.000000000000004,0.0
2025-12-22 11:18:00,71.5,510.0984,569,4.800000000000001,5.3,8.000000000000004,0.0
2025-12-22 11:21:00,72.0,515.2633,569,4.899999999999999,5.3,8.099999999999998,0.0
2025-12-22 11:24:00,72.0,520.1823,569,4.800000000000001,5.3,8.099999999999998,0.0
2025-12-22 11:27:00,72.0,508.1308,569,5.0,5.3,8.099999999999998,0.0
2025-12-22 11:30:00,71.5,501.7361,569,4.899999999999999,5.3999999999999995,8.000000000000004,0.0
2025-12-22 11:33:00,73.0,504.1956,569,4.899999999999999,5.3999999999999995,8.3,0.0
2025-12-22 11:36:00,75.5,519.9363,569,5.099999999999998,5.5,8.5,0.0
2025-12-22 11:39:00,74.5,513.0498,570,5.300000000000001,5.5,8.5,0.0
2025-12-22 11:42:00,74.5,510.0984,570,5.199999999999999,5.6,8.600000000000001,0.0
2025-12-22 11:45:00,74.0,520.6742,570,5.300000000000001,5.6,8.5,0.0
2025-12-22 11:48:00,73.5,501.4901,570,5.300000000000001,5.6,8.5,0.0
2025-12-22 11:51:00,72.5,501.7361,570,5.300000000000001,5.699999999999999,8.5,0.0
2025-12-22 11:54:00,72.0,501.7361,570,5.199999999999999,5.699999999999999,8.5,0.0
2025-12-22 11:57:00,72.0,505.4254,570,5.199999999999999,5.699999999999999,8.399999999999999,0.0
2025-12-22 12:00:00,72.0,515.0174,570,5.199999999999999,5.6,8.5,0.0
2025-12-22 12:03:00,73.5,532.2338,570,5.300000000000001,5.5,8.5,0.0
2025-12-22 12:06:00,73.0,523.8715,570,5.300000000000001,5.5,8.5,0.0
2025-12-22 12:09:00,70.5,500.5063,570,4.899999999999999,5.3999999999999995,7.800000000000001,0.0
2025-12-22 12:12:00,71.0,498.2928,570,4.899999999999999,5.3999999999999995,7.900000000000002,0.0
2025-12-22 12:15:00,71.0,513.0498,570,4.899999999999999,5.3999999999999995,8.000000000000004,0.0
2025-12-22 12:18:00,72.5,517.4769,570,4.899999999999999,5.3,8.2,0.0
2025-12-22 12:21:00,72.0,501.7361,570,5.0,5.3999999999999995,8.099999999999998,0.0
2025-12-22 12:24:00,74.0,511.3281,570,5.100000000000001,5.5,8.400000000000002,0.0
2025-12-22 12:27:00,73.5,499.0307,570,5.300000000000001,5.6,8.299999999999997,0.0
2025-12-22 12:30:00,73.0,507.8849,570,5.300000000000001,5.6,8.299999999999997,0.0
2025-12-22 12:33:00,73.0,507.147,570,5.300000000000001,5.6,8.5,0.0
2025-12-22 12:36:00,72.0,500.5063,570,5.300000000000001,5.699999999999999,8.399999999999999,0.0
2025-12-22 12:39:00,72.0,519.9363,571,5.199999999999999,5.6,8.5,0.0
2025-12-22 12:42:00,71.0,514.2795,571,5.0,5.3,7.900000000000002,0.0
2025-12-22 12:45:00,73.0,515.5093,571,5.0,5.3,8.099999999999998,0.0
2025-12-22 12:48:00,72.0,497.0631,571,5.100000000000001,5.3999999999999995,7.9999999999999964,0.0
2025-12-22 12:51:00,72.5,499.0307,571,5.0,5.5,8.2,0.0
2025-12-22 12:54:00,74.5,505.1794,571,5.300000000000001,5.6,8.5,0.0
2025-12-22 12:57:00,73.5,502.9659,571,5.300000000000001,5.6,8.5,0.0
2025-12-22 13:00:00,73.5,509.6065,571,5.300000000000001,5.6,8.5,0.0
2025-12-22 13:03:00,74.0,510.0984,571,5.300000000000001,5.699999999999999,8.600000000000001,0.0
2025-12-22 13:06:00,73.5,503.4577,571,5.300000000000001,5.699999999999999,8.600000000000001,0.0
2025-12-22 13:09:00,73.0,505.6713,571,5.300000000000001,5.699999999999999,8.200000000000003,0.0
2025-12-22 13:12:00,71.5,490.4225,571,5.0,5.3999999999999995,8.000000000000004,0.0
2025-12-22 13:15:00,71.5,506.6551,571,5.0,5.3999999999999995,8.099999999999998,0.0
2025-12-22 13:18:00,71.5,498.5388,571,5.0,5.3999999999999995,8.099999999999998,0.0
2025-12-22 13:21:00,73.0,508.8687,571,5.100000000000001,5.5,8.3,0.0
2025-12-22 13:24:00,74.0,515.2633,571,5.300000000000001,5.5,8.5,0.0
2025-12-22 13:27:00,74.0,521.1661,571,5.300000000000001,5.5,8.5,0.0
2025-12-22 13:30:00,74.0,501.7361,571,5.199999999999999,5.5,8.5,0.0
2025-12-22 13:33:00,74.0,516.985,571,5.199999999999999,5.6,8.399999999999999,0.0
2025-12-22 13:36:00,73.0,488.2089,571,5.300000000000001,5.699999999999999,8.399999999999999,0.0
2025-12-22 13:39:00,72.0,496.0793,572,5.199999999999999,5.799999999999999,8.299999999999997,0.0
2025-12-22 13:42:00,72.0,506.9011,572,5.199999999999999,5.6,8.5,0.0
2025-12-22 13:45:00,71.0,505.1794,572,4.899999999999999,5.499999999999999,8.000000000000004,0.0
2025-12-22 13:48:00,72.0,512.066,572,5.0,5.3999999999999995,7.9999999999999964,0.0
2025-12-22 13:51:00,72.0,497.309,572,5.0,5.3,7.9999999999999964,0.0
2025-12-22 13:54:00,72.0,507.8849,572,5.0,5.3999999999999995,7.9999999999999964,0.0
2025-12-22 13:57:00,73.0,503.2118,572,5.0,5.3999999999999995,8.2,0.0
2025-12-22 14:00:00,72.5,507.6389,572,5.0,5.3999999999999995,8.099999999999998,0.0
2025-12-22 14:03:00,72.5,513.0498,572,5.0,5.3999999999999995,8.3,0.0
2025-12-22 14:06:00,75.0,510.5902,572,5.199999999999999,5.499999999999999,8.299999999999997,0.0
2025-12-22 14:09:00,74.0,499.5226,572,5.099999999999998,5.6,8.399999999999999,0.0
2025-12-22 14:12:00,74.0,510.3443,572,5.199999999999999,5.499999999999999,8.5,0.0
2025-12-22 14:15:00,74.5,512.5579,572,5.300000000000001,5.6,8.399999999999999,0.0
2025-12-22 14:18:00,72.5,515.0174,572,5.199999999999999,5.6,8.299999999999997,0.0
2025-12-22 14:21:00,74.0,516.985,572,5.300000000000001,5.499999999999999,8.5,0.0
2025-12-22 14:24:00,72.5,504.4415,572,5.300000000000001,5.6,8.399999999999999,0.0
2025-12-22 14:27:00,72.5,501.7361,572,5.300000000000001,5.699999999999999,8.5,0.0
2025-12-22 14:30:00,72.5,513.0498,572,5.300000000000001,5.6,8.5,0.0
2025-12-22 14:33:00,73.0,500.5063,572,5.300000000000001,5.6,8.500000000000004,0.0
2025-12-22 14:36:00,72.5,513.7876,572,5.300000000000001,5.699999999999999,8.400000000000002,0.0
2025-12-22 14:39:00,73.0,505.4254,573,5.300000000000001,5.6,8.500000000000004,0.0
2025-12-22 14:42:00,71.0,502.7199,573,5.0,5.499999999999999,7.899999999999999,0.0
2025-12-22 14:45:00,71.0,501.4901,573,5.0,5.3999999999999995,7.899999999999999,0.0
2025-12-22 14:48:00,71.5,502.228,573,5.0,5.3999999999999995,8.0,0.0
2025-12-22 14:51:00,71.0,485.9954,573,4.899999999999999,5.499999999999999,7.899999999999999,0.0
2025-12-22 14:54:00,71.5,492.8819,573,4.899999999999999,5.3999999999999995,7.899999999999999,0.0
2025-12-22 14:57:00,71.5,489.4387,573,4.899999999999999,5.3999999999999995,7.899999999999999,0.0
2025-12-22 15:00:00,71.0,493.6198,573,4.899999999999999,5.499999999999999,8.100000000000001,0.0
2025-12-22 15:03:00,72.5,515.7552,573,4.899999999999999,5.3999999999999995,8.100000000000001,0.0
2025-12-22 15:06:00,75.5,521.658,573,5.0,5.199999999999999,8.299999999999997,0.0
2025-12-22 15:09:00,77.0,516.2471,573,5.100000000000001,5.3999999999999995,8.699999999999996,0.0
2025-12-22 15:12:00,75.5,501.7361,573,5.300000000000001,5.799999999999999,8.7,0.0
2025-12-22 15:15:00,72.5,494.1117,573,5.199999999999999,5.8999999999999995,8.3,0.0
2025-12-22 15:18:00,73.0,491.1603,573,5.100000000000001,5.799999999999999,8.399999999999999,0.0
2025-12-22 15:21:00,72.0,490.9144,573,5.199999999999999,5.8999999999999995,8.3,0.0
2025-12-22 15:24:00,72.5,496.8171,573,5.199999999999999,5.799999999999999,8.400000000000002,0.0
2025-12-22 15:27:00,70.5,498.0469,573,4.899999999999999,5.3999999999999995,7.899999999999999,0.0
2025-12-22 15:30:00,71.5,501.7361,573,5.0,5.3999999999999995,8.0,0.0
2025-12-22 15:33:00,72.5,508.3767,573,5.0,5.3,8.100000000000001,0.0
2025-12-22 15:36:00,72.0,511.3281,573,5.0,5.3,8.0,0.0
2025-12-22 15:39:00,71.0,491.1603,574,5.0,5.3999999999999995,7.799999999999997,0.0
2025-12-22 15:42:00,71.5,489.6846,574,4.899999999999999,5.5,8.100000000000001,0.0
2025-12-22 15:45:00,72.5,489.4387,574,5.0,5.5,8.200000000000003,0.0
2025-12-22 15:48:00,71.0,496.0793,574,5.100000000000001,5.5,8.100000000000001,0.0
2025-12-22 15:51:00,72.0,478.6169,574,5.100000000000001,5.6,8.199999999999996,0.0
2025-12-22 15:54:00,71.5,496.8171,574,5.100000000000001,5.6,8.199999999999996,0.0
2025-12-22 15:57:00,71.0,515.5093,574,5.100000000000001,5.6,8.199999999999996,0.0
2025-12-22 16:00:00,72.0,512.8038,574,5.100000000000001,5.5,8.399999999999999,0.0
2025-12-22 16:03:00,71.5,494.3576,574,5.100000000000001,5.6,8.199999999999996,0.0
2025-12-22 16:06:00,70.5,483.2899,574,5.100000000000001,5.6,8.100000000000001,0.0
2025-12-22 16:09:00,70.0,482.3062,574,5.0,5.699999999999999,8.200000000000003,0.0
2025-12-22 16:12:00,68.0,491.6522,574,4.800000000000001,5.5,7.599999999999998,0.0
2025-12-22 16:15:00,69.0,501.9821,574,4.800000000000001,5.3999999999999995,7.800000000000001,0.0
2025-12-22 16:18:00,69.0,496.5712,574,4.800000000000001,5.3,7.900000000000002,0.0
2025-12-22 16:21:00,70.0,492.8819,574,4.900000000000002,5.3,7.900000000000002,0.0
2025-12-22 16:24:00,69.5,479.6007,574,4.800000000000001,5.3999999999999995,7.800000000000001,0.0
2025-12-22 16:27:00,69.5,491.6522,574,4.800000000000001,5.3999999999999995,7.900000000000002,0.0
2025-12-22 16:30:00,69.0,478.6169,574,4.800000000000001,5.3999999999999995,7.800000000000001,0.0
2025-12-22 16:33:00,70.0,480.5845,574,4.899999999999999,5.499999999999999,7.800000000000001,0.0
2025-12-22 16:36:00,68.5,459.9248,574,4.800000000000001,5.699999999999999,7.699999999999996,0.0
2025-12-22 16:39:00,68.5,467.0573,575,4.800000000000001,5.6,7.699999999999996,0.0
2025-12-22 16:42:00,68.5,470.7465,575,4.800000000000001,5.5,7.699999999999996,0.0
2025-12-22 16:45:00,69.0,473.452,575,4.800000000000001,5.3999999999999995,7.799999999999997,0.0
2025-12-22 16:48:00,68.5,475.1736,575,4.800000000000001,5.5,7.699999999999996,0.0
2025-12-22 16:51:00,68.0,478.371,575,4.699999999999999,5.5,7.700000000000003,0.0
2025-12-22 16:54:00,68.5,467.0573,575,4.699999999999999,5.3999999999999995,7.799999999999997,0.0
2025-12-22 16:57:00,68.0,465.8275,575,4.699999999999999,5.5,7.700000000000003,0.0
2025-12-22 17:00:00,67.0,448.8571,575,4.699999999999999,5.6,7.5,0.0
2025-12-22 17:03:00,68.0,457.9572,575,4.599999999999998,5.6,7.700000000000003,0.0
2025-12-22 17:06:00,67.0,461.1545,575,4.599999999999998,5.5,7.5,0.0
2025-12-22 17:09:00,67.0,450.3327,575,4.599999999999998,5.5,7.600000000000001,0.0
2025-12-22 17:12:00,66.0,459.9248,575,4.5,5.5,7.4999999999999964,0.0
2025-12-22 17:15:00,66.5,460.1707,575,4.599999999999998,5.5,7.600000000000001,0.0
2025-12-22 17:18:00,66.5,458.4491,575,4.5,5.5,7.599999999999998,0.0
2025-12-22 17:21:00,65.0,460.1707,575,4.5,5.5,7.4999999999999964,0.0
2025-12-22 17:24:00,65.0,448.1192,575,4.5,5.5,7.4999999999999964,0.0
2025-12-22 17:27:00,66.0,469.0249,575,4.5,5.5,7.4999999999999964,0.0
2025-12-22 17:30:00,66.0,474.9276,575,4.5,5.3999999999999995,7.599999999999998,0.0
2025-12-22 17:33:00,65.5,451.5625,575,4.399999999999999,5.6,7.5000000000000036,0.0
2025-12-22 17:36:00,66.0,444.184,575,4.5,5.6,7.4999999999999964,0.0
2025-12-22 17:39:00,66.5,455.2517,576,4.600000000000001,5.6,7.4999999999999964,0.0
2025-12-22 17:42:00,66.0,443.9381,576,4.5,5.699999999999999,7.599999999999998,0.0
2025-12-22 17:45:00,65.0,440.2488,576,4.5,5.6,7.400000000000002,0.0
2025-12-22 17:48:00,65.5,441.4786,576,4.5,5.699999999999999,7.5000000000000036,0.0
2025-12-22 17:51:00,65.0,440.4948,576,4.5,5.6,7.5000000000000036,0.0
2025-12-22 17:54:00,65.0,446.8895,576,4.5,5.699999999999999,7.400000000000002,0.0
2025-12-22 17:57:00,65.0,431.8866,576,4.400000000000002,5.6,7.399999999999999,0.0
2025-12-22 18:00:00,65.0,442.7083,576,4.400000000000002,5.6,7.5,0.0
2025-12-22 18:03:00,65.0,440.0029,576,4.400000000000002,5.6,7.399999999999999,0.0
2025-12-22 18:06:00,65.0,438.7731,576,4.400000000000002,5.6,7.399999999999999,0.0
2025-12-22 18:09:00,64.0,434.3461,576,4.400000000000002,5.6,7.399999999999999,0.0
2025-12-22 18:12:00,64.0,439.0191,576,4.300000000000001,5.6,7.5,0.0
2025-12-22 18:15:00,64.0,416.1458,576,4.300000000000001,5.699999999999999,7.299999999999997,0.0
2025-12-22 18:18:00,63.0,419.0972,576,4.300000000000001,5.699999999999999,7.200000000000003,0.0
2025-12-22 18:21:00,62.5,426.4757,576,4.199999999999999,5.699999999999999,7.300000000000004,0.0
2025-12-22 18:24:00,62.5,435.0839,576,4.199999999999999,5.699999999999999,7.300000000000004,0.0
2025-12-22 18:27:00,64.0,440.7407,576,4.399999999999999,5.5,7.399999999999999,0.0
2025-12-22 18:30:00,64.0,435.8218,576,4.399999999999999,5.6,7.399999999999999,0.0
2025-12-22 18:33:00,64.0,433.3623,576,4.399999999999999,5.6,7.299999999999997,0.0
2025-12-22 18:36:00,62.0,415.8999,576,4.199999999999999,5.6,7.300000000000001,0.0
2025-12-22 18:39:00,62.0,421.5567,577,4.199999999999999,5.699999999999999,7.199999999999999,0.0
2025-12-22 18:42:00,62.0,428.9352,577,4.199999999999999,5.699999999999999,7.199999999999999,0.0
2025-12-22 18:45:00,62.0,419.8351,577,4.199999999999999,5.6,7.199999999999999,0.0
2025-12-22 18:48:00,61.5,435.8218,577,4.199999999999999,5.6,7.300000000000001,0.0
2025-12-22 18:51:00,63.0,433.3623,577,4.199999999999999,5.6,7.400000000000002,0.0
2025-12-22 18:54:00,62.0,422.0486,577,4.099999999999998,5.6,7.300000000000001,0.0
2025-12-22 18:57:00,60.5,406.7998,577,4.099999999999998,5.699999999999999,7.099999999999998,0.0
2025-12-22 19:00:00,60.0,401.1429,577,4.100000000000001,5.8,7.0,0.0
2025-12-22 19:03:00,59.0,409.2593,577,4.0,5.699999999999999,7.0,0.0
2025-12-22 19:06:00,58.5,394.9942,577,4.0,5.8,6.899999999999999,0.0
2025-12-22 19:09:00,57.5,395.2402,577,4.0,5.699999999999999,6.799999999999997,0.0
2025-12-22 19:12:00,58.0,401.1429,577,4.0,5.699999999999999,6.799999999999997,0.0
2025-12-22 19:15:00,56.5,388.5995,577,3.8000000000000007,5.8,6.800000000000001,0.0
2025-12-22 19:18:00,56.0,384.1725,577,3.8000000000000007,5.699999999999999,6.699999999999999,0.0
2025-12-22 19:21:00,56.0,387.8617,577,3.8000000000000007,5.6,6.699999999999999,0.0
2025-12-22 19:24:00,56.0,395.7321,577,3.8000000000000007,5.6,6.699999999999999,0.0
2025-12-22 19:27:00,56.0,393.2726,577,3.8000000000000007,5.6,6.699999999999999,0.0
2025-12-22 19:30:00,55.5,379.9913,577,3.6999999999999993,5.6,6.800000000000001,0.0
2025-12-22 19:33:00,56.0,389.8293,577,3.6999999999999993,5.699999999999999,6.800000000000001,0.0
2025-12-22 19:36:00,56.5,409.5052,577,3.900000000000002,5.6,6.699999999999999,0.0
2025-12-22 19:39:00,56.5,387.8617,578,3.8000000000000007,5.6,6.800000000000001,0.0
2025-12-22 19:42:00,55.5,374.3345,578,3.8000000000000007,5.699999999999999,6.699999999999999,0.0
2025-12-22 19:45:00,55.0,377.2859,578,3.6000000000000014,5.699999999999999,6.600000000000001,0.0
2025-12-22 19:48:00,54.0,384.6644,578,3.6000000000000014,5.6,6.600000000000001,0.0
2025-12-22 19:51:00,54.0,367.6938,578,3.6000000000000014,5.6,6.600000000000001,0.0
2025-12-22 19:54:00,52.0,362.7749,578,3.6000000000000014,5.6,6.299999999999997,0.0
2025-12-22 19:57:00,52.0,364.2506,578,3.5,5.6,6.399999999999999,0.0
2025-12-22 20:00:00,52.0,370.1534,578,3.6000000000000014,5.6,6.299999999999997,0.0
2025-12-22 20:03:00,52.5,385.8941,578,3.5,5.5,6.399999999999999,0.0
2025-12-22 20:06:00,52.5,381.2211,578,3.6000000000000014,5.5,6.299999999999997,0.0
2025-12-22 20:09:00,52.0,378.0237,578,3.5,5.4,6.300000000000004,0.0
2025-12-22 20:12:00,51.0,359.3316,578,3.3000000000000007,5.300000000000001,6.100000000000001,0.0
2025-12-22 20:15:00,54.5,431.6406,578,3.599999999999998,4.799999999999999,6.700000000000003,0.0
2025-12-22 20:18:00,56.0,516.739,578,3.8000000000000007,4.499999999999999,6.699999999999996,0.0
2025-12-22 20:21:00,59.5,522.3958,578,3.900000000000002,4.5,7.199999999999999,0.0
2025-12-22 20:24:00,63.0,525.3472,578,4.199999999999999,4.6,7.5,0.0
2025-12-22 20:27:00,66.0,531.496,578,4.399999999999999,4.699999999999999,7.800000000000001,0.0
2025-12-22 20:30:00,67.0,540.842,578,4.5,5.000000000000001,7.900000000000002,0.0
2025-12-22 20:33:00,69.0,521.658,578,4.599999999999998,5.000000000000001,8.0,0.0
2025-12-22 20:36:00,69.0,520.4282,578,4.599999999999998,5.000000000000001,8.0,0.0
2025-12-22 20:39:00,69.0,542.8096,579,4.599999999999998,5.000000000000001,8.0,0.0
2025-12-22 20:42:00,69.5,533.4636,579,4.599999999999998,5.000000000000001,8.0,0.0
2025-12-22 20:45:00,68.5,528.5446,579,4.599999999999998,5.000000000000001,7.899999999999999,0.0
2025-12-22 20:48:00,68.5,534.9393,579,4.599999999999998,5.000000000000001,7.899999999999999,0.0
2025-12-22 20:51:00,69.0,548.2205,579,4.599999999999998,4.8999999999999995,8.0,0.0
2025-12-22 20:54:00,69.5,555.1071,579,4.699999999999999,4.800000000000001,8.100000000000001,0.0
2025-12-22 20:57:00,70.5,547.4826,579,4.699999999999999,5.000000000000001,8.100000000000001,0.0
2025-12-22 21:00:00,71.0,551.1719,579,4.699999999999999,5.000000000000001,8.200000000000003,0.0
2025-12-22 21:03:00,71.0,543.3015,579,4.699999999999999,4.8999999999999995,8.100000000000001,0.0
2025-12-22 21:06:00,70.5,536.1689,579,4.699999999999999,4.8999999999999995,8.100000000000001,0.0
2025-12-22 21:09:00,70.5,531.496,579,4.699999999999999,5.1,8.0,0.0
2025-12-22 21:12:00,69.5,532.9717,579,4.599999999999998,5.1,8.100000000000001,0.0
2025-12-22 21:15:00,69.5,514.2795,579,4.800000000000001,5.1,8.0,0.0
2025-12-22 21:18:00,69.5,521.658,579,4.599999999999998,5.1,8.100000000000001,0.0
2025-12-22 21:21:00,70.5,544.5313,579,4.800000000000001,4.999999999999999,8.100000000000001,0.0
2025-12-22 21:24:00,70.0,522.3958,579,4.800000000000001,5.1,8.100000000000001,0.0
2025-12-22 21:27:00,70.0,514.5255,579,4.699999999999999,5.1,8.0,0.0
2025-12-22 21:30:00,69.0,522.6418,579,4.699999999999999,5.199999999999999,8.100000000000001,0.0
2025-12-22 21:33:00,70.0,509.6065,579,4.600000000000001,5.199999999999999,8.099999999999998,0.0
2025-12-22 21:36:00,69.0,500.9983,579,4.600000000000001,5.199999999999999,7.9999999999999964,0.0
2025-12-22 21:39:00,69.0,512.8038,580,4.600000000000001,5.299999999999999,7.9999999999999964,0.0
2025-12-22 21:42:00,69.0,510.0984,580,4.600000000000001,5.199999999999999,7.900000000000002,0.0
2025-12-22 21:45:00,68.0,498.0469,580,4.600000000000001,5.199999999999999,7.900000000000002,0.0
2025-12-22 21:48:00,67.0,503.9496,580,4.600000000000001,5.1,7.800000000000001,0.0
2025-12-22 21:51:00,67.5,510.0984,580,4.600000000000001,5.299999999999999,7.800000000000001,0.0
2025-12-22 21:54:00,67.0,486.7332,580,4.5,5.199999999999999,7.800000000000001,0.0
2025-12-22 21:57:00,65.0,473.6979,580,4.5,5.3999999999999995,7.5000000000000036,0.0
2025-12-22 22:00:00,65.0,494.3576,580,4.400000000000002,5.1,7.600000000000001,0.0
2025-12-22 22:03:00,64.0,431.8866,580,4.400000000000002,5.1,7.5,0.0
2025-12-22 22:06:00,51.5,379.2535,580,3.8000000000000007,5.6,6.100000000000001,0.0
2025-12-22 22:09:00,50.0,378.0237,580,3.5,5.3,6.100000000000001,0.0
2025-12-22 22:12:00,50.0,375.5642,580,3.5,5.199999999999999,6.100000000000001,0.0
2025-12-22 22:15:00,50.0,365.7263,580,3.400000000000002,5.3999999999999995,6.099999999999998,0.0
2025-12-22 22:18:00,46.5,351.7072,580,3.1999999999999993,5.3,5.700000000000003,0.0
2025-12-22 22:21:00,47.0,353.4288,580,3.1000000000000014,5.199999999999999,5.800000000000001,0.0
2025-12-22 22:24:00,47.5,352.1991,580,3.1000000000000014,5.199999999999999,5.899999999999999,0.0
2025-12-22 22:27:00,47.5,349.2477,580,3.1000000000000014,5.199999999999999,5.899999999999999,0.0
2025-12-22 22:30:00,45.5,328.588,580,3.0,5.3,5.699999999999999,0.0
2025-12-22 22:33:00,44.0,332.5231,580,2.900000000000002,5.199999999999999,5.399999999999999,0.0
2025-12-22 22:36:00,44.5,332.0313,580,2.900000000000002,5.0,5.399999999999999,0.0
2025-12-22 22:39:00,44.0,320.2257,581,2.900000000000002,5.1,5.399999999999999,0.0
2025-12-22 22:42:00,42.5,313.3391,581,2.6999999999999993,5.1,5.200000000000003,0.0
2025-12-22 22:45:00,35.0,314.8148,581,2.6000000000000014,5.0,3.3000000000000007,0.0
2025-12-22 22:48:00,32.0,311.3715,581,2.400000000000002,4.3999999999999995,4.899999999999999,0.0
2025-12-22 22:51:00,33.0,307.9282,581,2.5,4.699999999999999,4.600000000000001,0.0
2025-12-22 22:54:00,34.5,312.6013,581,2.5,4.8,5.0,0.0
2025-12-22 22:57:00,34.5,309.6499,581,2.6000000000000014,5.0,4.699999999999999,0.0
2025-12-22 23:00:00,35.0,317.7662,581,2.6000000000000014,4.8999999999999995,4.899999999999999,0.0
2025-12-22 23:03:00,35.0,316.2905,581,2.6000000000000014,4.8999999999999995,5.099999999999998,0.0
2025-12-22 23:06:00,34.0,310.1418,581,2.6000000000000014,5.0,4.599999999999998,0.0
2025-12-22 23:09:00,34.0,296.8605,581,2.5,4.9,4.699999999999999,0.0
2025-12-22 23:12:00,33.5,290.2199,581,2.5,5.0,4.800000000000001,0.0
2025-12-22 23:15:00,33.0,291.4496,581,2.400000000000002,4.800000000000001,4.5,0.0
2025-12-22 23:18:00,32.5,297.3524,581,2.5,4.800000000000001,4.5,0.0
2025-12-22 23:21:00,32.5,299.32,581,2.5,4.700000000000001,4.699999999999999,0.0
2025-12-22 23:24:00,31.5,296.8605,581,2.3999999999999986,4.700000000000001,4.5,0.0
2025-12-22 23:27:00,32.0,303.7471,581,2.3999999999999986,4.800000000000001,4.600000000000001,0.0
2025-12-22 23:30:00,32.0,308.912,581,2.3999999999999986,4.700000000000001,4.600000000000001,0.0
2025-12-22 23:33:00,32.0,306.2066,581,2.3000000000000007,4.499999999999999,4.600000000000001,0.0
2025-12-22 23:36:00,31.5,297.5984,581,2.400000000000002,4.699999999999999,4.599999999999998,0.0
2025-12-22 23:39:00,32.0,297.8443,582,2.3999999999999986,4.699999999999999,4.600000000000001,0.0
2025-12-22 23:42:00,32.5,297.8443,582,2.3999999999999986,4.6,4.600000000000001,0.0
2025-12-22 23:45:00,32.0,300.0579,582,2.3999999999999986,4.699999999999999,4.600000000000001,0.0
2025-12-22 23:48:00,32.5,303.5012,582,2.3000000000000007,4.699999999999999,4.699999999999999,0.0
2025-12-22 23:51:00,32.0,304.9769,582,2.5,4.699999999999999,4.599999999999998,0.0
2025-12-22 23:54:00,33.0,307.4363,582,2.3999999999999986,4.6,4.600000000000001,0.0
2025-12-22 23:57:00,32.5,311.3715,582,2.3999999999999986,4.5,4.699999999999999,0.0
2025-12-23 00:00:00,32.5,312.3553,582,2.3999999999999986,4.5,4.600000000000001,0.0
2025-12-23 00:03:00,32.0,303.0093,582,2.3999999999999986,4.6,4.600000000000001,0.0
2025-12-23 00:06:00,31.5,301.0417,582,2.3000000000000007,4.8,4.699999999999999,0.0
2025-12-23 00:09:00,31.0,302.7633,582,2.3999999999999986,4.6,4.399999999999999,0.0
2025-12-23 00:12:00,31.0,300.5498,582,2.3000000000000007,4.5,4.399999999999999,0.0
2025-12-23 00:15:00,31.0,306.2066,582,2.3999999999999986,4.6,4.600000000000001,0.0
2025-12-23 00:18:00,31.0,303.9931,582,2.3000000000000007,4.5,4.300000000000001,0.0
2025-12-23 00:21:00,31.0,311.1256,582,2.299999999999997,4.4,4.5,0.0
2025-12-23 00:24:00,31.0,316.5365,582,2.3999999999999986,4.300000000000001,4.600000000000001,0.0
2025-12-23 00:27:00,30.5,324.8987,582,2.1999999999999993,4.200000000000001,4.400000000000002,0.0
2025-12-23 00:30:00,30.5,323.9149,582,2.299999999999997,4.1000000000000005,4.5,0.0
2025-12-23 00:33:00,30.5,329.5718,582,2.3999999999999986,4.200000000000001,4.600000000000001,0.0
2025-12-23 00:36:00,30.5,328.8339,582,2.299999999999997,4.200000000000001,4.5,0.0
2025-12-23 00:39:00,30.5,326.8663,583,2.299999999999997,4.1000000000000005,4.5,0.0
2025-12-23 08:39:00,30.5,444.184,591,2.3999999999999986,3.0999999999999996,4.600000000000001,0.0
2025-12-23 08:42:00,30.5,416.8837,591,2.3999999999999986,3.2,4.5,0.0
2025-12-23 08:45:00,31.0,387.1238,591,2.1999999999999993,3.3,4.399999999999999,0.0
2025-12-23 08:48:00,30.5,376.794,591,2.1999999999999993,3.3999999999999995,4.399999999999999,0.0
2025-12-23 08:51:00,30.5,376.0562,591,2.3999999999999986,3.499999999999999,4.400000000000002,0.0
2025-12-23 08:54:00,31.5,380.2373,591,2.1999999999999993,3.500000000000001,4.5,0.0
2025-12-23 08:57:00,30.5,383.6806,591,2.3000000000000007,3.500000000000001,4.5,0.0
2025-12-23 09:00:00,31.0,386.6319,591,2.3999999999999986,3.6000000000000005,4.400000000000002,0.0
2025-12-23 09:03:00,32.5,412.4566,591,2.5,3.1999999999999993,4.600000000000001,0.0
2025-12-23 09:06:00,33.5,409.2593,591,2.5,3.6000000000000005,4.800000000000001,0.0
2025-12-23 09:09:00,33.0,403.1105,591,2.6000000000000014,3.7,4.599999999999998,0.0
2025-12-23 09:12:00,34.5,399.9132,591,2.5,3.5999999999999996,4.899999999999999,0.0
2025-12-23 09:15:00,34.5,398.1916,591,2.6000000000000014,3.7,4.899999999999999,0.0
2025-12-23 09:18:00,34.0,405.57,591,2.700000000000003,3.8,4.599999999999998,0.0
2025-12-23 09:21:00,35.5,395.7321,591,2.700000000000003,3.8,4.899999999999999,0.0
2025-12-23 09:24:00,35.5,412.9485,591,2.700000000000003,3.6999999999999993,5.099999999999998,0.0
2025-12-23 09:27:00,36.0,407.0457,591,2.900000000000002,3.999999999999999,5.300000000000001,0.0
2025-12-23 09:30:00,35.5,415.408,591,2.900000000000002,4.0,5.300000000000001,0.0
2025-12-23 09:33:00,35.0,414.6701,591,3.0,4.0,5.199999999999999,0.0
2025-12-23 09:36:00,35.0,412.2106,591,2.8999999999999986,3.9000000000000004,5.300000000000001,0.0
2025-12-23 09:39:00,35.0,422.2946,592,2.8999999999999986,3.9000000000000004,5.100000000000001,0.0
2025-12-23 09:42:00,35.0,441.9705,592,2.8999999999999986,3.7,5.300000000000001,0.0
2025-12-23 09:45:00,35.0,426.7216,592,2.8999999999999986,3.7,5.100000000000001,0.0
2025-12-23 09:48:00,34.5,425.7379,592,2.900000000000002,3.9000000000000004,5.199999999999999,0.0
2025-12-23 09:51:00,35.5,441.7245,592,3.0,3.8,5.300000000000001,0.0
2025-12-23 09:54:00,35.5,434.3461,592,3.0,3.8,5.400000000000002,0.0
2025-12-23 09:57:00,36.0,434.1001,592,3.0,3.8999999999999995,5.400000000000002,0.0
2025-12-23 10:00:00,36.5,436.8056,592,3.1000000000000014,4.000000000000001,5.399999999999999,0.0
2025-12-23 10:03:00,38.5,451.5625,592,3.1000000000000014,4.0,5.800000000000001,0.0
2025-12-23 10:06:00,39.5,440.4948,592,3.3000000000000007,4.199999999999999,5.799999999999997,0.0
2025-12-23 10:09:00,39.5,435.0839,592,3.3000000000000007,4.3999999999999995,5.799999999999997,0.0
2025-12-23 10:12:00,42.0,448.8571,592,3.400000000000002,4.3999999999999995,6.100000000000001,0.0
2025-12-23 10:15:00,40.5,443.9381,592,3.400000000000002,4.3999999999999995,6.0,0.0
2025-12-23 10:18:00,40.5,435.5758,592,3.400000000000002,4.3999999999999995,6.0,0.0
2025-12-23 10:21:00,41.0,449.8409,592,3.400000000000002,4.3999999999999995,6.100000000000001,0.0
2025-12-23 10:24:00,41.5,465.3356,592,3.400000000000002,4.300000000000001,6.199999999999996,0.0
2025-12-23 10:27:00,43.0,479.6007,592,3.6000000000000014,4.4,6.300000000000001,0.0
2025-12-23 10:30:00,45.0,469.5168,592,3.6999999999999993,4.5,6.5,0.0
2025-12-23 10:33:00,45.5,477.1412,592,3.8999999999999986,4.5,6.600000000000001,0.0
2025-12-23 10:36:00,47.0,475.1736,592,3.8999999999999986,4.5,6.700000000000003,0.0
2025-12-23 10:39:00,47.5,501.9821,593,4.0,4.5,6.799999999999997,0.0
2025-12-23 10:42:00,49.0,488.7008,593,4.0,4.5,6.899999999999999,0.0
2025-12-23 10:45:00,48.5,490.6684,593,4.0,4.7,6.899999999999999,0.0
2025-12-23 10:48:00,48.5,491.8981,593,4.0,4.7,6.899999999999999,0.0
2025-12-23 10:51:00,48.5,492.39,593,4.0,4.6000000000000005,6.799999999999997,0.0
2025-12-23 10:54:00,48.5,500.9983,593,4.0,4.6000000000000005,6.899999999999999,0.0
2025-12-23 10:57:00,49.5,499.0307,593,4.0,4.6000000000000005,7.0,0.0
2025-12-23 11:00:00,50.0,489.4387,593,4.100000000000001,4.7,6.899999999999999,0.0
2025-12-23 11:03:00,50.0,494.1117,593,4.100000000000001,4.8,6.899999999999999,0.0
2025-12-23 11:06:00,50.0,517.7228,593,4.100000000000001,4.6,7.0,0.0
2025-12-23 11:09:00,50.0,527.5607,593,4.100000000000001,4.5,7.0,0.0
2025-12-23 11:12:00,50.5,535.4312,593,4.200000000000003,4.5,7.0,0.0
2025-12-23 11:15:00,50.5,534.6933,593,4.200000000000003,4.3999999999999995,7.0,0.0
2025-12-23 11:18:00,50.5,547.4826,593,4.100000000000001,4.3999999999999995,7.100000000000001,0.0
2025-12-23 11:21:00,49.0,539.1204,593,4.200000000000003,4.3,6.799999999999997,0.0
2025-12-23 11:27:00,58.0,473.6979,593,3.8999999999999986,3.8000000000000007,7.199999999999999,0.0
2025-12-23 11:30:00,56.0,466.0735,593,3.8999999999999986,4.700000000000001,7.0000000000000036,0.0
2025-12-23 11:33:00,59.5,457.4652,593,4.199999999999999,4.9,7.200000000000003,0.0
2025-12-23 11:36:00,61.5,467.5492,593,4.300000000000001,5.1,7.399999999999999,0.0
2025-12-23 11:39:00,62.5,471.4844,594,4.300000000000001,5.1,7.5,0.0
2025-12-23 11:42:00,63.0,478.6169,594,4.399999999999999,5.2,7.5000000000000036,0.0
2025-12-23 11:45:00,63.5,478.8629,594,4.5,5.2,7.5000000000000036,0.0
2025-12-23 11:48:00,65.0,501.9821,594,4.5,5.2,7.699999999999999,0.0
2025-12-23 11:51:00,67.0,503.4577,594,4.699999999999999,5.1,7.899999999999999,0.0
2025-12-23 11:54:00,68.0,509.3605,594,4.800000000000001,5.2,7.899999999999999,0.0
2025-12-23 11:57:00,67.5,503.2118,594,4.800000000000001,5.2,7.799999999999997,0.0
2025-12-23 12:00:00,68.0,505.6713,594,4.699999999999999,5.2,7.899999999999999,0.0
2025-12-23 12:03:00,68.0,495.3414,594,4.699999999999999,5.2,7.800000000000004,0.0
2025-12-23 12:06:00,67.5,491.6522,594,4.600000000000001,5.3999999999999995,7.900000000000002,0.0
2025-12-23 12:09:00,67.5,499.2766,594,4.699999999999999,5.3,7.899999999999999,0.0
2025-12-23 12:12:00,67.5,491.1603,594,4.800000000000001,5.3,7.799999999999997,0.0
2025-12-23 12:15:00,67.0,486.2413,594,4.699999999999999,5.3,7.800000000000004,0.0
2025-12-23 12:18:00,67.5,494.1117,594,4.699999999999999,5.2,7.899999999999999,0.0
2025-12-23 12:21:00,67.0,463.614,594,4.699999999999999,5.4,7.700000000000003,0.0
2025-12-23 12:24:00,66.0,474.6817,594,4.600000000000001,5.5,7.800000000000001,0.0
2025-12-23 12:27:00,67.5,489.4387,594,4.699999999999999,5.4,7.800000000000004,0.0
2025-12-23 12:30:00,67.5,480.0926,594,4.699999999999999,5.4,7.800000000000004,0.0
2025-12-23 12:33:00,68.0,482.5521,594,4.699999999999999,5.5,7.899999999999999,0.0
2025-12-23 12:36:00,67.5,487.963,594,4.699999999999999,5.3999999999999995,7.899999999999999,0.0
2025-12-23 12:39:00,67.0,482.5521,595,4.799999999999997,5.3999999999999995,7.800000000000004,0.0
2025-12-23 12:42:00,68.0,502.228,595,4.699999999999999,5.3999999999999995,8.0,0.0
2025-12-23 12:45:00,69.5,514.2795,595,4.899999999999999,5.199999999999999,8.0,0.0
2025-12-23 12:48:00,69.5,511.82,595,4.899999999999999,5.3,8.200000000000003,0.0
2025-12-23 12:51:00,70.0,503.2118,595,4.899999999999999,5.3,8.100000000000001,0.0
2025-12-23 12:54:00,69.5,499.7685,595,4.899999999999999,5.3,8.100000000000001,0.0
2025-12-23 12:57:00,70.0,502.228,595,4.899999999999999,5.3,8.0,0.0
2025-12-23 13:00:00,69.5,500.2604,595,4.899999999999999,5.3,8.0,0.0
2025-12-23 13:03:00,70.5,508.8687,595,4.899999999999999,5.3,8.100000000000001,0.0
2025-12-23 13:06:00,71.0,522.3958,595,4.899999999999999,5.3,8.200000000000003,0.0
2025-12-23 13:09:00,72.0,532.9717,595,5.0,5.2,8.299999999999997,0.0
2025-12-23 13:12:00,71.5,513.2957,595,5.0,5.2,8.100000000000001,0.0
2025-12-23 13:15:00,69.0,488.7008,595,4.899999999999999,5.5,7.799999999999997,0.0
2025-12-23 13:18:00,70.0,497.8009,595,4.899999999999999,5.4,8.100000000000001,0.0
2025-12-23 13:21:00,70.0,495.3414,595,5.0,5.5,8.199999999999996,0.0
2025-12-23 13:24:00,69.5,484.2737,595,5.0,5.7,8.100000000000001,0.0
2025-12-23 13:27:00,68.0,474.4358,595,4.899999999999999,5.7,8.100000000000001,0.0
2025-12-23 13:30:00,66.5,485.5035,595,4.899999999999999,5.7,7.899999999999999,0.0
2025-12-23 13:33:00,67.0,488.2089,595,4.899999999999999,5.5,8.0,0.0
2025-12-23 13:36:00,66.0,487.2251,595,4.899999999999999,5.6,7.899999999999999,0.0
2025-12-23 13:39:00,67.5,484.5197,596,4.899999999999999,5.5,8.0,0.0
2025-12-23 13:42:00,66.5,483.5359,596,5.0,5.6,8.0,0.0
2025-12-23 13:45:00,65.5,483.2899,596,4.899999999999999,5.5,7.299999999999997,0.0
2025-12-23 13:48:00,67.0,478.125,596,4.699999999999999,5.4,7.800000000000001,0.0
2025-12-23 13:51:00,65.5,468.287,596,4.699999999999999,5.5,7.599999999999998,0.0
2025-12-23 13:54:00,66.5,475.1736,596,4.699999999999999,5.4,7.800000000000001,0.0
2025-12-23 13:57:00,66.5,483.044,596,4.699999999999999,5.4,7.800000000000001,0.0
2025-12-23 14:00:00,67.5,478.6169,596,4.699999999999999,5.4,7.900000000000002,0.0
2025-12-23 14:03:00,66.5,465.3356,596,4.699999999999999,5.4,7.800000000000001,0.0
2025-12-23 14:06:00,66.0,467.5492,596,4.699999999999999,5.5,7.699999999999999,0.0
2025-12-23 14:09:00,67.0,475.1736,596,4.699999999999999,5.4,7.800000000000001,0.0
2025-12-23 14:12:00,67.0,471.2384,596,4.699999999999999,5.5,7.800000000000001,0.0
2025-12-23 14:15:00,66.0,476.4034,596,4.699999999999999,5.4,7.699999999999999,0.0
2025-12-23 14:18:00,66.0,478.125,596,4.699999999999999,5.5,7.699999999999999,0.0
2025-12-23 14:21:00,66.5,468.7789,596,4.699999999999999,5.5,7.699999999999999,0.0
2025-12-23 14:24:00,66.5,468.533,596,4.699999999999999,5.5,7.800000000000001,0.0
2025-12-23 14:27:00,66.5,470.9925,596,4.699999999999999,5.4,7.699999999999999,0.0
2025-12-23 14:30:00,67.5,477.6331,596,4.699999999999999,5.4,7.900000000000002,0.0
2025-12-23 14:33:00,67.5,471.2384,596,4.699999999999999,5.4,7.800000000000001,0.0
2025-12-23 14:36:00,67.0,483.5359,596,4.699999999999999,5.5,7.900000000000002,0.0
2025-12-23 14:39:00,67.0,467.5492,597,4.800000000000001,5.4,7.800000000000001,0.0
2025-12-23 14:42:00,67.0,463.3681,597,4.699999999999999,5.4,7.800000000000001,0.0
2025-12-23 14:45:00,66.5,481.3224,597,4.699999999999999,5.4,7.800000000000001,0.0
2025-12-23 14:48:00,66.5,465.0897,597,4.699999999999999,5.4,7.800000000000001,0.0
2025-12-23 14:51:00,66.5,463.614,597,4.699999999999999,5.5,7.800000000000001,0.0
2025-12-23 14:54:00,67.5,479.8466,597,4.699999999999999,5.4,7.900000000000002,0.0
2025-12-23 14:57:00,67.0,485.7494,597,4.699999999999999,5.4,7.900000000000002,0.0
2025-12-23 15:00:00,67.0,477.1412,597,4.800000000000001,5.4,7.800000000000001,0.0
2025-12-23 15:03:00,67.0,455.4977,597,4.800000000000001,5.4,7.800000000000001,0.0
2025-12-23 15:06:00,67.0,471.4844,597,4.699999999999999,5.5,7.800000000000001,0.0
2025-12-23 15:09:00,67.0,464.8438,597,4.699999999999999,5.5,7.800000000000001,0.0
2025-12-23 15:12:00,67.5,463.3681,597,4.699999999999999,5.4,7.900000000000002,0.0
2025-12-23 15:15:00,66.5,456.7274,597,4.800000000000001,5.6,7.800000000000001,0.0
2025-12-23 15:18:00,66.0,465.3356,597,4.699999999999999,5.5,7.800000000000001,0.0
2025-12-23 15:21:00,67.0,481.0764,597,4.599999999999998,5.5,7.900000000000002,0.0
2025-12-23 15:24:00,67.0,486.2413,597,4.699999999999999,5.4,7.800000000000001,0.0
2025-12-23 15:27:00,67.0,471.9763,597,4.699999999999999,5.4,7.800000000000001,0.0
2025-12-23 15:30:00,66.5,462.1383,597,4.699999999999999,5.4,7.800000000000001,0.0
2025-12-23 15:33:00,66.5,455.0058,597,4.699999999999999,5.5,7.800000000000001,0.0
2025-12-23 15:36:00,66.0,470.2546,597,4.699999999999999,5.5,7.699999999999999,0.0
2025-12-23 15:39:00,66.5,470.2546,598,4.699999999999999,5.5,7.699999999999999,0.0
2025-12-23 15:42:00,66.5,465.0897,598,4.699999999999999,5.5,7.699999999999999,0.0
2025-12-23 15:45:00,66.5,457.9572,598,4.699999999999999,5.5,7.800000000000001,0.0
2025-12-23 15:48:00,67.0,482.3062,598,4.699999999999999,5.4,7.800000000000001,0.0
2025-12-23 15:51:00,66.5,482.0602,598,4.699999999999999,5.4,7.800000000000001,0.0
2025-12-23 15:54:00,66.5,483.7818,598,4.699999999999999,5.4,7.800000000000001,0.0
2025-12-23 15:57:00,66.5,462.8762,598,4.699999999999999,5.4,7.699999999999999,0.0
2025-12-23 16:00:00,66.5,468.533,598,4.699999999999999,5.4,7.699999999999999,0.0
2025-12-23 16:03:00,66.0,478.371,598,4.599999999999998,5.4,7.699999999999999,0.0
2025-12-23 16:06:00,64.5,467.0573,598,4.599999999999998,5.4,7.599999999999998,0.0
2025-12-23 16:09:00,64.5,463.86,598,4.599999999999998,5.4,7.599999999999998,0.0
2025-12-23 16:12:00,65.0,458.941,598,4.599999999999998,5.4,7.599999999999998,0.0
2025-12-23 16:15:00,64.5,462.6302,598,4.599999999999998,5.4,7.599999999999998,0.0
2025-12-23 16:18:00,64.5,460.9086,598,4.599999999999998,5.5,7.5000000000000036,0.0
2025-12-23 16:21:00,64.5,457.4652,598,4.599999999999998,5.4,7.599999999999998,0.0
2025-12-23 16:24:00,65.0,488.7008,598,4.599999999999998,5.4,7.599999999999998,0.0
2025-12-23 16:27:00,66.0,470.7465,598,4.599999999999998,5.3,7.699999999999999,0.0
2025-12-23 16:30:00,65.0,460.1707,598,4.599999999999998,5.4,7.599999999999998,0.0
2025-12-23 16:33:00,65.0,476.8952,598,4.599999999999998,5.3,7.599999999999998,0.0
2025-12-23 16:36:00,65.5,472.7141,598,4.599999999999998,5.3,7.599999999999998,0.0
2025-12-23 16:39:00,65.5,454.2679,599,4.5,5.4,7.699999999999996,0.0
2025-12-23 16:42:00,64.5,472.4682,599,4.599999999999998,5.3,7.599999999999998,0.0
2025-12-23 16:45:00,65.0,459.6788,599,4.5,5.3,7.600000000000001,0.0
2025-12-23 16:48:00,63.5,441.2326,599,4.5,5.4,7.5,0.0
2025-12-23 16:51:00,63.5,443.9381,599,4.399999999999999,5.5,7.5,0.0
2025-12-23 16:54:00,62.5,450.0868,599,4.399999999999999,5.5,7.5,0.0
2025-12-23 16:57:00,63.0,451.8085,599,4.399999999999999,5.4,7.5,0.0
2025-12-23 17:00:00,64.0,458.941,599,4.5,5.3,7.5,0.0
2025-12-23 17:03:00,63.5,469.7627,599,4.5,5.3,7.5,0.0
2025-12-23 17:06:00,66.0,472.7141,599,4.5,5.3999999999999995,7.699999999999996,0.0
2025-12-23 17:09:00,65.5,470.2546,599,4.599999999999998,5.3999999999999995,7.599999999999998,0.0
2025-12-23 17:12:00,65.5,467.5492,599,4.5,5.3999999999999995,7.699999999999996,0.0
2025-12-23 17:15:00,65.0,450.5787,599,4.5,5.5,7.600000000000001,0.0
2025-12-23 17:18:00,65.0,466.0735,599,4.5,5.5,7.600000000000001,0.0
2025-12-23 17:21:00,65.5,460.4167,599,4.5,5.5,7.699999999999996,0.0
2025-12-23 17:24:00,65.0,448.8571,599,4.5,5.5,7.699999999999996,0.0
2025-12-23 17:27:00,64.5,465.3356,599,4.5,5.5,7.600000000000001,0.0
2025-12-23 17:30:00,66.5,457.4652,599,4.599999999999998,5.5,7.800000000000001,0.0
2025-12-23 17:33:00,65.5,465.0897,599,4.5,5.5,7.699999999999996,0.0
2025-12-23 17:36:00,65.5,458.941,599,4.5,5.5,7.699999999999996,0.0
2025-12-23 17:39:00,66.0,461.4005,600,4.5,5.5,7.699999999999996,0.0
2025-12-23 17:42:00,65.5,463.3681,600,4.5,5.5,7.699999999999996,0.0
2025-12-23 17:45:00,64.5,470.9925,600,4.600000000000001,5.699999999999999,7.600000000000001,0.0
2025-12-23 17:48:00,64.5,467.0573,600,4.5,5.3999999999999995,7.5,0.0
2025-12-23 17:51:00,65.5,472.2223,600,4.600000000000001,5.3,7.699999999999996,0.0
2025-12-23 17:54:00,65.0,476.1574,600,4.600000000000001,5.3999999999999995,7.600000000000001,0.0
2025-12-23 17:57:00,66.5,452.3004,600,4.600000000000001,5.3999999999999995,7.799999999999997,0.0
2025-12-23 18:00:00,67.0,483.2899,600,4.5,5.3999999999999995,8.0,0.0
2025-12-23 18:03:00,66.5,457.2193,600,4.699999999999999,5.3999999999999995,7.699999999999999,0.0
2025-12-23 18:06:00,65.5,471.2384,600,4.600000000000001,5.5,7.699999999999996,0.0
2025-12-23 18:09:00,65.5,461.6464,600,4.600000000000001,5.5,7.699999999999996,0.0
2025-12-23 18:12:00,66.5,447.8733,600,4.600000000000001,5.5,7.799999999999997,0.0
2025-12-23 18:15:00,66.0,451.5625,600,4.600000000000001,5.5,7.699999999999996,0.0
2025-12-23 18:18:00,66.0,452.3004,600,4.600000000000001,5.6,7.799999999999997,0.0
2025-12-23 18:21:00,65.0,459.6788,600,4.600000000000001,5.6,7.699999999999996,0.0
2025-12-23 18:24:00,63.5,438.7731,600,4.5,5.699999999999999,7.5,0.0
2025-12-23 18:27:00,64.5,456.7274,600,4.5,5.6,7.700000000000003,0.0
2025-12-23 18:30:00,65.5,456.4815,600,4.600000000000001,5.499999999999999,7.699999999999996,0.0
2025-12-23 18:33:00,65.0,449.3489,600,4.5,5.5,7.700000000000003,0.0
2025-12-23 18:36:00,65.0,436.3137,600,4.5,5.5,7.700000000000003,0.0
2025-12-23 18:39:00,64.0,448.8571,601,4.5,5.6,7.5,0.0
2025-12-23 18:42:00,64.5,430.1649,601,4.5,5.5,7.600000000000001,0.0
2025-12-23 18:45:00,62.5,419.3432,601,4.300000000000001,5.6,7.4999999999999964,0.0
2025-12-23 18:48:00,62.0,441.9705,601,4.300000000000001,5.6,7.4999999999999964,0.0
2025-12-23 18:51:00,63.0,419.8351,601,4.300000000000001,5.699999999999999,7.4999999999999964,0.0
2025-12-23 18:54:00,62.5,435.3299,601,4.300000000000001,5.699999999999999,7.4999999999999964,0.0
2025-12-23 18:57:00,63.0,435.0839,601,4.399999999999999,5.6,7.600000000000001,0.0
2025-12-23 19:00:00,62.5,438.7731,601,4.300000000000001,5.5,7.4999999999999964,0.0
2025-12-23 19:03:00,62.5,434.1001,601,4.300000000000001,5.6,7.4999999999999964,0.0
2025-12-23 19:06:00,63.0,420.8188,601,4.300000000000001,5.6,7.4999999999999964,0.0
2025-12-23 19:09:00,62.5,430.6568,601,4.300000000000001,5.699999999999999,7.400000000000002,0.0
2025-12-23 19:12:00,62.0,409.9971,601,4.300000000000001,5.699999999999999,7.400000000000002,0.0
2025-12-23 19:15:00,62.0,423.2784,601,4.199999999999999,5.699999999999999,7.5000000000000036,0.0
2025-12-23 19:18:00,62.0,443.2002,601,4.300000000000001,5.8,7.300000000000001,0.0
2025-12-23 19:21:00,62.0,427.7054,601,4.300000000000001,5.5,7.400000000000002,0.0
2025-12-23 19:24:00,61.0,434.592,601,4.199999999999999,5.6,7.300000000000001,0.0
2025-12-23 19:27:00,54.0,356.3802,601,3.8999999999999986,5.8999999999999995,6.600000000000001,0.0
2025-12-23 19:30:00,56.0,476.1574,601,3.8000000000000007,5.5,6.9999999999999964,0.0
2025-12-23 19:33:00,64.0,477.1412,601,4.300000000000001,5.199999999999999,7.699999999999999,0.0
2025-12-23 19:36:00,64.0,478.125,601,4.300000000000001,5.199999999999999,7.699999999999999,0.0
2025-12-23 19:39:00,64.5,505.6713,602,4.300000000000001,5.199999999999999,7.800000000000001,0.0
2025-12-23 19:42:00,68.5,504.4415,602,4.600000000000001,5.199999999999999,8.100000000000001,0.0
2025-12-23 19:45:00,70.5,506.4091,602,4.600000000000001,5.299999999999999,8.199999999999996,0.0
2025-12-23 19:48:00,70.5,506.4091,602,4.699999999999999,5.299999999999999,8.3,0.0
2025-12-23 19:51:00,71.0,504.1956,602,4.699999999999999,5.3999999999999995,8.3,0.0
2025-12-23 19:54:00,70.5,501.7361,602,4.699999999999999,5.3,8.2,0.0
2025-12-23 19:57:00,70.5,505.6713,602,4.699999999999999,5.3,8.2,0.0
2025-12-23 20:00:00,70.5,503.4577,602,4.699999999999999,5.3,8.2,0.0
2025-12-23 20:03:00,70.5,505.4254,602,4.699999999999999,5.3,8.2,0.0
2025-12-23 20:06:00,71.0,507.147,602,4.699999999999999,5.3,8.3,0.0
2025-12-23 20:09:00,70.5,506.6551,602,4.800000000000001,5.3,8.3,0.0
2025-12-23 20:12:00,71.0,511.82,602,4.699999999999999,5.3,8.3,0.0
2025-12-23 20:15:00,71.0,513.0498,602,4.800000000000001,5.3999999999999995,8.2,0.0
2025-12-23 20:18:00,73.0,514.0336,602,4.800000000000001,5.3999999999999995,8.400000000000002,0.0
2025-12-23 20:21:00,72.5,511.82,602,4.800000000000001,5.3,8.400000000000002,0.0
2025-12-23 20:24:00,71.5,509.3605,602,4.900000000000002,5.3,8.400000000000002,0.0
2025-12-23 20:27:00,71.5,507.6389,602,4.900000000000002,5.3999999999999995,8.400000000000002,0.0
2025-12-23 20:30:00,72.0,508.1308,602,4.900000000000002,5.5,8.499999999999996,0.0
2025-12-23 20:33:00,72.0,508.8687,602,4.899999999999999,5.6,8.600000000000001,0.0
2025-12-23 20:36:00,72.5,505.1794,602,5.0,5.6,8.600000000000001,0.0
2025-12-23 20:39:00,72.0,506.4091,603,5.100000000000001,5.8,8.600000000000001,0.0
2025-12-23 20:42:00,72.0,514.2795,603,5.100000000000001,5.6,8.600000000000001,0.0
2025-12-23 20:45:00,73.0,513.7876,603,5.100000000000001,5.699999999999999,8.700000000000003,0.0
2025-12-23 20:48:00,71.5,512.8038,603,5.100000000000001,5.6,8.600000000000001,0.0
2025-12-23 20:51:00,72.0,511.82,603,5.100000000000001,5.7,8.600000000000001,0.0
2025-12-23 20:54:00,72.5,510.8362,603,5.100000000000001,5.6,8.600000000000001,0.0
2025-12-23 20:57:00,70.0,511.3281,603,5.100000000000001,5.6,8.5,0.0
2025-12-23 21:00:00,69.5,510.0984,603,4.800000000000001,5.5,8.000000000000004,0.0
2025-12-23 21:03:00,70.0,505.1794,603,4.800000000000001,5.3,8.099999999999998,0.0
2025-12-23 21:06:00,69.5,503.9496,603,4.800000000000001,5.3,8.2,0.0
2025-12-23 21:09:00,70.0,500.7523,603,4.700000000000003,5.5,8.199999999999996,0.0
2025-12-23 21:12:00,69.5,501.4901,603,4.800000000000001,5.3999999999999995,8.099999999999998,0.0
2025-12-23 21:15:00,70.5,495.3414,603,4.800000000000001,5.3999999999999995,8.3,0.0
2025-12-23 21:18:00,69.5,483.044,603,4.700000000000003,5.5,8.100000000000001,0.0
2025-12-23 21:21:00,69.0,487.2251,603,4.700000000000003,5.6,8.100000000000001,0.0
2025-12-23 21:24:00,69.5,480.5845,603,4.700000000000003,5.5,8.0,0.0
2025-12-23 21:27:00,68.0,473.452,603,4.600000000000001,5.5,8.100000000000001,0.0
2025-12-23 21:30:00,67.5,474.9276,603,4.600000000000001,5.5,8.100000000000001,0.0
2025-12-23 21:33:00,68.0,466.0735,603,4.699999999999999,5.5,7.899999999999999,0.0
2025-12-23 21:36:00,67.5,472.4682,603,4.600000000000001,5.6,8.0,0.0
2025-12-23 21:39:00,68.0,485.0116,604,4.600000000000001,5.6,8.0,0.0
2025-12-23 21:42:00,68.0,483.5359,604,4.699999999999999,5.4,8.100000000000001,0.0
2025-12-23 21:45:00,68.0,481.3224,604,4.699999999999999,5.5,8.100000000000001,0.0
2025-12-23 21:48:00,67.5,475.9114,604,4.699999999999999,5.5,8.0,0.0
2025-12-23 21:51:00,67.0,468.287,604,4.600000000000001,5.6,8.0,0.0
2025-12-23 21:54:00,67.5,453.5301,604,4.699999999999999,5.699999999999999,7.799999999999997,0.0
2025-12-23 21:57:00,66.5,444.43,604,4.5,5.8,7.800000000000001,0.0
2025-12-23 22:00:00,65.0,438.7731,604,4.399999999999999,5.699999999999999,7.800000000000001,0.0
2025-12-23 22:03:00,61.0,386.14,604,4.300000000000001,6.0,7.100000000000001,0.0
2025-12-23 22:06:00,53.0,352.9369,604,3.8000000000000007,6.0,6.5,0.0
2025-12-23 22:09:00,54.0,361.5451,604,3.6999999999999993,5.8,6.5,0.0
2025-12-23 22:12:00,50.5,353.1829,604,3.599999999999998,5.8,6.200000000000003,0.0
2025-12-23 22:15:00,50.5,348.0179,604,3.5,5.8,6.300000000000001,0.0
2025-12-23 22:18:00,48.5,344.3287,604,3.3999999999999986,5.5,6.0,0.0
2025-12-23 22:21:00,48.0,337.934,604,3.3000000000000007,5.6,6.0,0.0
2025-12-23 22:24:00,48.5,329.3258,604,3.3000000000000007,5.6,6.199999999999999,0.0
2025-12-23 22:27:00,46.5,331.7853,604,3.099999999999998,5.6,5.800000000000001,0.0
2025-12-23 22:30:00,47.5,339.9016,604,3.099999999999998,5.4,5.900000000000002,0.0
2025-12-23 22:33:00,47.0,334.9826,604,3.1999999999999993,5.4,5.800000000000001,0.0
2025-12-23 22:36:00,47.0,345.8044,604,3.099999999999998,5.4,5.900000000000002,0.0
2025-12-23 22:39:00,47.5,342.853,605,3.1999999999999993,5.4,6.0,0.0
2025-12-23 22:42:00,48.0,339.6557,605,3.3000000000000007,5.5,6.0,0.0
2025-12-23 22:45:00,47.5,339.4097,605,3.3000000000000007,5.5,5.899999999999999,0.0
2025-12-23 22:48:00,47.0,338.6719,605,3.1000000000000014,5.5,6.0,0.0
2025-12-23 22:51:00,48.5,346.5422,605,3.1999999999999993,5.4,6.200000000000003,0.0
2025-12-23 22:54:00,47.5,345.5584,605,3.3000000000000007,5.4,6.0,0.0
2025-12-23 22:57:00,48.0,340.8854,605,3.1999999999999993,5.4,6.100000000000001,0.0
2025-12-23 23:00:00,47.0,334.7367,605,3.1000000000000014,5.4,5.899999999999999,0.0
2025-12-23 23:03:00,44.5,316.2905,605,3.1000000000000014,5.6000000000000005,5.5,0.0
2025-12-23 23:06:00,46.0,326.1285,605,3.0,5.300000000000001,5.800000000000001,0.0
2025-12-23 23:09:00,31.5,327.1123,605,2.400000000000002,4.200000000000001,4.899999999999999,0.0
2025-12-23 23:12:00,35.5,325.1447,605,2.900000000000002,4.700000000000001,5.199999999999999,0.0
2025-12-23 23:15:00,35.5,318.75,605,2.8000000000000007,4.800000000000001,5.0,0.0
2025-12-23 23:18:00,36.0,315.3067,605,2.8000000000000007,4.8999999999999995,5.100000000000001,0.0
2025-12-23 23:21:00,35.0,312.8472,605,2.900000000000002,5.1,5.299999999999997,0.0
2025-12-23 23:24:00,35.0,312.1094,605,2.8000000000000007,4.999999999999999,5.0,0.0
2025-12-23 23:27:00,35.0,311.1256,605,2.8000000000000007,4.999999999999999,5.0,0.0
2025-12-23 23:30:00,35.0,314.5688,605,2.900000000000002,5.199999999999999,5.199999999999999,0.0
2025-12-23 23:33:00,36.0,317.7662,605,2.8000000000000007,4.999999999999999,5.0,0.0
2025-12-23 23:36:00,36.5,318.9959,605,2.8000000000000007,4.8,5.0,0.0
2025-12-23 23:39:00,36.5,325.1447,606,2.900000000000002,5.1,5.399999999999999,0.0
2025-12-23 23:42:00,35.5,317.5203,606,2.8999999999999986,4.8999999999999995,5.0,0.0
2025-12-23 23:45:00,35.5,309.6499,606,2.799999999999997,5.0,5.100000000000001,0.0
2025-12-23 23:48:00,35.0,312.8472,606,2.8999999999999986,5.1,5.199999999999999,0.0
2025-12-23 23:51:00,34.5,313.3391,606,2.799999999999997,4.9,4.900000000000002,0.0
2025-12-23 23:54:00,35.0,312.6013,606,2.799999999999997,4.8,4.900000000000002,0.0
2025-12-23 23:57:00,35.0,312.8472,606,2.8999999999999986,5.0,5.199999999999999,0.0
2025-12-24 00:00:00,35.0,318.2581,606,2.799999999999997,4.9,5.0,0.0
2025-12-24 00:03:00,34.0,299.8119,606,2.6999999999999993,5.0,5.0,0.0
2025-12-24 00:06:00,34.0,312.8472,606,2.599999999999998,5.0,4.600000000000001,0.0
2025-12-24 00:09:00,35.0,315.7986,606,2.6999999999999993,4.8,4.899999999999999,0.0
2025-12-24 00:12:00,35.0,318.9959,606,2.8999999999999986,4.9,5.199999999999999,0.0
2025-12-24 00:15:00,34.5,313.831,606,2.6999999999999993,4.800000000000001,4.899999999999999,0.0
2025-12-24 00:18:00,34.5,311.6175,606,2.6999999999999993,4.800000000000001,4.899999999999999,0.0
2025-12-24 00:21:00,34.5,311.3715,606,2.799999999999997,4.9,5.100000000000001,0.0
2025-12-24 00:24:00,34.0,310.8796,606,2.599999999999998,4.700000000000001,4.800000000000001,0.0
2025-12-24 00:27:00,34.5,321.2095,606,2.6999999999999993,4.6000000000000005,4.800000000000001,0.0
2025-12-24 00:30:00,34.5,328.8339,606,2.799999999999997,4.6000000000000005,5.100000000000001,0.0
2025-12-24 00:33:00,34.5,335.7205,606,2.6999999999999993,4.6000000000000005,4.800000000000001,0.0
2025-12-24 00:36:00,36.0,337.934,606,2.799999999999997,4.6000000000000005,5.200000000000003,0.0
2025-12-24 00:39:00,34.5,334.2448,607,2.8999999999999986,4.9,5.199999999999999,0.0
2025-12-24 00:42:00,36.0,328.588,607,2.799999999999997,4.7,5.100000000000001,0.0
2025-12-24 00:45:00,35.0,317.7662,607,2.799999999999997,4.800000000000001,5.100000000000001,0.0
2025-12-24 00:48:00,32.5,298.5822,607,2.599999999999998,5.000000000000001,4.600000000000001,0.0
2025-12-24 00:51:00,33.0,301.5336,607,2.5,4.700000000000001,4.699999999999999,0.0
2025-12-24 00:54:00,33.0,289.974,607,2.5,4.700000000000001,4.799999999999997,0.0
2025-12-24 00:57:00,31.5,293.1713,607,2.5,5.000000000000001,4.599999999999998,0.0
2025-12-24 01:00:00,32.0,306.2066,607,2.5,4.699999999999999,4.699999999999999,0.0
2025-12-24 01:03:00,32.0,305.9606,607,2.599999999999998,4.699999999999999,4.600000000000001,0.0
2025-12-24 01:06:00,32.5,301.2876,607,2.6000000000000014,4.499999999999999,4.699999999999999,0.0
2025-12-24 01:09:00,31.5,297.5984,607,2.5,4.699999999999999,4.699999999999999,0.0
2025-12-24 01:12:00,31.5,297.8443,607,2.5,4.6,4.599999999999998,0.0
2025-12-24 01:15:00,32.0,299.32,607,2.6000000000000014,4.699999999999999,4.599999999999998,0.0
2025-12-24 01:18:00,31.0,302.7633,607,2.3999999999999986,4.699999999999999,4.5,0.0
2025-12-24 01:21:00,31.5,299.0741,607,2.3999999999999986,4.6,4.600000000000001,0.0
2025-12-24 01:24:00,30.5,296.1227,607,2.5,4.6,4.699999999999999,0.0
2025-12-24 01:27:00,30.5,297.8443,607,2.5,4.6,4.5,0.0
2025-12-24 01:30:00,30.5,299.0741,607,2.5,4.5,4.5,0.0
2025-12-24 01:33:00,30.5,305.4688,607,2.6000000000000014,4.6,4.699999999999999,0.0
2025-12-24 01:36:00,31.0,310.1418,607,2.5,4.5,4.600000000000001,0.0
2025-12-24 01:39:00,31.5,308.4201,608,2.5,4.5,4.600000000000001,0.0
2025-12-24 01:45:00,30.5,304.239,608,2.5,4.3999999999999995,4.5,0.0
2025-12-24 01:48:00,30.5,292.4334,608,2.5,4.5,4.600000000000001,0.0
2025-12-24 02:09:00,31.0,320.2257,608,2.5,4.3,4.399999999999999,0.0
2025-12-24 02:12:00,31.0,318.75,608,2.5,4.3,4.600000000000001,0.0
2025-12-24 09:15:00,31.0,378.0237,615,2.5,3.8999999999999995,4.699999999999999,0.0
2025-12-24 09:18:00,34.0,370.6453,615,2.5,3.700000000000001,4.900000000000002,0.0
2025-12-24 09:21:00,34.5,350.7234,615,2.8000000000000007,4.1000000000000005,5.0,0.0
2025-12-24 09:24:00,33.0,348.5098,615,2.6999999999999993,4.3,4.600000000000001,0.0
2025-12-24 09:27:00,35.0,351.9531,615,2.6999999999999993,4.1000000000000005,4.800000000000001,0.0
2025-12-24 09:30:00,34.5,351.7072,615,2.6999999999999993,4.1000000000000005,5.0,0.0
2025-12-24 09:33:00,34.5,371.3831,615,2.8000000000000007,4.200000000000001,4.899999999999999,0.0
2025-12-24 09:36:00,36.5,379.9913,615,2.6999999999999993,4.000000000000001,5.300000000000001,0.0
2025-12-24 09:39:00,37.0,381.2211,616,3.0,4.300000000000001,5.5,0.0
2025-12-24 09:42:00,37.5,384.9103,616,2.8999999999999986,4.3,5.300000000000001,0.0
2025-12-24 09:45:00,37.5,375.5642,616,2.8999999999999986,4.3,5.400000000000002,0.0
2025-12-24 09:48:00,37.5,370.3993,616,3.1000000000000014,4.499999999999999,5.599999999999998,0.0
2025-12-24 09:51:00,38.0,372.8588,616,3.099999999999998,4.699999999999999,5.700000000000003,0.0
2025-12-24 09:54:00,37.5,383.6806,616,3.3000000000000007,4.6,5.600000000000001,0.0
2025-12-24 09:57:00,38.0,377.7778,616,3.1999999999999993,4.6,5.700000000000003,0.0
2025-12-24 10:00:00,38.5,386.14,616,3.3000000000000007,4.800000000000001,5.700000000000003,0.0
2025-12-24 10:03:00,38.0,388.5995,616,3.3000000000000007,4.700000000000001,5.799999999999997,0.0
2025-12-24 10:06:00,40.0,391.305,616,3.1000000000000014,4.300000000000001,5.599999999999998,0.0
2025-12-24 10:09:00,41.5,391.059,616,3.400000000000002,4.6000000000000005,5.899999999999999,0.0
2025-12-24 10:12:00,39.5,390.3212,616,3.400000000000002,4.700000000000001,6.0,0.0
2025-12-24 10:15:00,39.0,388.8455,616,3.400000000000002,4.800000000000001,5.899999999999999,0.0
2025-12-24 10:18:00,38.5,387.6157,616,3.400000000000002,4.9,5.899999999999999,0.0
2025-12-24 10:21:00,39.0,387.8617,616,3.3000000000000007,4.9,6.0,0.0
2025-12-24 10:24:00,39.5,381.467,616,3.400000000000002,5.0,6.0,0.0
2025-12-24 10:27:00,39.5,386.14,616,3.400000000000002,5.0,6.0,0.0
2025-12-24 10:30:00,40.0,392.2888,616,3.5,5.0,6.100000000000001,0.0
2025-12-24 10:33:00,40.0,393.2726,616,3.5,4.8,6.0,0.0
2025-12-24 10:36:00,40.0,387.8617,616,3.5,4.9,5.899999999999999,0.0
2025-12-24 10:39:00,40.0,390.0752,617,3.3999999999999986,4.9,6.100000000000001,0.0
