iteration,data_cycle,cumulative_running_hours,data_points_in_hour,nearest_cluster_id,slope_power_vs_small_delta_t,slope_small_delta_t,initial_power,initial_small_delta_t,step_small_delta_t_increase,cumulative_small_delta_t_increase,new_small_delta_t,new_power,small_delta_t_difference,power_difference,step_power_increase,cumulative_power_increase,period_cost,cumulative_cost,period,iteration_timestamp,power_difference_per_period,cumulative_power_difference,power_difference_per_hour,start_date,current_date,predicted_end_date,current_running_hour
,,,,,,,,,,,,,,,,,,,,,,,,2023-12-28,2025-12-30,2027-06-22,5030.0
1,0,10,169,282.0,,0.0005801651594122491,442.5153415588806,1.0422560297962604,0.005801651594122491,0.005801651594122491,1.0480576813903828,442.5153415588806,0.005801651594122491,0.0,0.0,0.0,0.0,0.0,10,2023-12-28 19:48:00,0.0,0.0,0.0,,,,
2,0,20,200,230.0,,0.00031759283091674926,466.32544610476043,1.0734790932999183,0.0031759283091674926,0.008977579903289984,1.0824566732032084,466.32544610476043,0.008977579903289984,0.0,0.0,0.0,0.0,0.0,10,2023-12-29 05:48:00,0.0,0.0,0.0,,,,
3,0,30,200,230.0,,0.00031759283091674926,466.32544610476043,1.0734790932999183,0.0031759283091674926,0.012153508212457476,1.0856326015123758,466.32544610476043,0.012153508212457476,0.0,0.0,0.0,0.0,0.0,10,2023-12-29 15:48:00,0.0,0.0,0.0,,,,
4,0,40,196,268.0,98.51024924793185,5.055435156377584e-05,413.89319208484585,0.9631816060708536,0.0005055435156377584,0.012659051728095234,0.9758406577989488,415.140238425823,0.012659051728095234,1.247046340977124,0.049801217731151315,0.049801217731151315,16.211602432702612,16.211602432702612,10,2023-12-30 01:48:00,12.47046340977124,12.47046340977124,0.311761585244281,,,,
5,0,50,187,78.0,,4.396233245751179e-05,530.1162756815818,1.2814985509593455,0.00043962332457511786,0.013098675052670353,1.2945972260120158,530.1162756815818,0.013098675052670353,0.0,0.0,0.049801217731151315,0.0,16.211602432702612,10,2023-12-30 11:45:00,0.0,12.47046340977124,0.2494092681954248,,,,
6,0,60,200,280.0,,0.0002944945090412633,450.7288597661751,1.0519838107478228,0.002944945090412633,0.016043620143082984,1.0680274308909057,450.7288597661751,0.016043620143082984,0.0,0.0,0.049801217731151315,0.0,16.211602432702612,10,2023-12-30 21:45:00,0.0,12.47046340977124,0.20784105682952067,,,,
7,0,70,143,182.0,,0.00015729130093365272,475.52311629479635,1.0906983102269512,0.0015729130093365272,0.01761653315241951,1.1083148433793708,475.52311629479635,0.01761653315241951,0.0,0.0,0.049801217731151315,0.0,16.211602432702612,10,2023-12-31 07:48:00,0.0,12.47046340977124,0.1781494772824463,,,,
8,0,80,196,230.0,,0.00031759283091674926,466.32544610476043,1.0734790932999183,0.0031759283091674926,0.020792461461587003,1.0942715547615054,466.32544610476043,0.020792461461587003,0.0,0.0,0.049801217731151315,0.0,16.211602432702612,10,2023-12-31 17:51:00,0.0,12.47046340977124,0.1558807926221405,,,,
9,0,90,185,281.0,35.58289999999882,5.565664368716899e-05,434.245535258036,1.0458184724260184,0.00055656643687169,0.021349027898458692,1.0671675003244772,435.00519558284407,0.021349027898458692,0.7596603248080407,0.019804247866561,0.06960546559771232,9.87558422250453,26.08718665520714,10,2024-01-01 03:45:00,7.596603248080407,20.067066657851647,0.22296740730946274,,,,
10,0,100,185,233.0,,0.00034246013273020925,457.33939857281393,1.0756831962515623,0.0034246013273020928,0.024773629225760783,1.100456825477323,457.33939857281393,0.024773629225760783,0.0,0.0,0.06960546559771232,0.0,26.08718665520714,10,2024-01-01 13:45:00,0.0,20.067066657851647,0.20067066657851648,,,,
11,0,110,156,269.0,72.18176606969315,3.049506163387079e-05,392.08825759757895,0.873366720149313,0.0003049506163387079,0.02507857984209949,0.8984452999914125,393.8984737811015,0.02507857984209949,1.8102161835225477,0.02201187405136936,0.09161733964908167,23.53281038579312,49.61999704100026,10,2024-01-01 23:45:00,18.102161835225477,38.16922849307713,0.3469929863007012,,,,
12,0,120,176,200.0,44.597353964881606,0.00035956829010940346,503.9245995973085,1.0603684481993982,0.0035956829010940347,0.028674262743193527,1.0890427109425918,505.20339584254873,0.028674262743193527,1.2787962452402186,0.16035794308556303,0.2519752827346447,16.624351188122844,66.2443482291231,10,2024-01-02 09:45:00,12.787962452402187,50.95719094547931,0.42464325787899426,,,,
13,0,130,197,263.0,,0.00015005938244603312,488.2647353706416,1.2004156002363213,0.001500593824460331,0.030174856567653858,1.2305904568039752,488.2647353706416,0.030174856567653858,0.0,0.0,0.2519752827346447,0.0,66.2443482291231,10,2024-01-15 14:57:00,0.0,50.95719094547931,0.3919783918883024,,,,
14,0,140,196,266.0,0.5987693679091725,2.371823630239981e-05,402.68831232037326,0.9668299130893672,0.0002371823630239981,0.030412038930677857,0.9972419520200451,402.7065221177006,0.030412038930677857,0.018209797327351125,0.00014201753358708322,0.25211730026823176,0.23672736525556462,66.48107559437867,10,2024-01-16 00:57:00,0.18209797327351124,51.139288918752825,0.36528063513394876,,,,
15,0,150,200,276.0,,0.00010883442542815402,421.5347579512808,1.0454336020415964,0.0010883442542815403,0.031500383184959395,1.0769339852265558,421.5347579512808,0.031500383184959395,0.0,0.0,0.25211730026823176,0.0,66.48107559437867,10,2024-01-16 10:57:00,0.0,51.139288918752825,0.3409285927916855,,,,
16,0,160,197,266.0,0.5987693679091725,2.371823630239981e-05,402.68831232037326,0.9668299130893672,0.0002371823630239981,0.03173756554798339,0.9985674786373505,402.7073158024354,0.03173756554798339,0.019003482062141943,0.00014201753358708322,0.2522593178018188,0.24704526680784528,66.72812086118651,10,2024-01-16 20:57:00,0.19003482062141944,51.329323739374246,0.320808273371089,,,,
17,0,170,198,310.0,4.129856266433336,2.7606380537601457e-05,421.93559634491965,1.059964365886331,0.0002760638053760146,0.032013629353359406,1.0919779952396904,422.0678080327159,0.032013629353359406,0.13221168779624554,0.0011401038365675667,0.25339942163838636,1.718751941351192,68.4468728025377,10,2024-01-17 06:57:00,1.3221168779624555,52.651440617336704,0.30971435657256885,,,,
18,0,180,199,278.0,,7.92152819719414e-05,443.3692187387032,1.0658536470204645,0.0007921528197194139,0.03280578217307882,1.0986594291935432,443.3692187387032,0.03280578217307882,0.0,0.0,0.25339942163838636,0.0,68.4468728025377,10,2024-01-17 16:57:00,0.0,52.651440617336704,0.29250800342964833,,,,
19,0,190,198,233.0,,0.00034246013273020925,457.33939857281393,1.0756831962515623,0.0034246013273020928,0.036230383500380915,1.1119135797519433,457.33939857281393,0.036230383500380915,0.0,0.0,0.25339942163838636,0.0,68.4468728025377,10,2024-01-18 02:54:00,0.0,52.651440617336704,0.2771128453544037,,,,
20,0,200,201,200.0,44.597353964881606,0.00035956829010940346,503.9245995973085,1.0603684481993982,0.0035956829010940347,0.03982606640147495,1.1001945146008731,505.70073677764395,0.03982606640147495,1.776137180335457,0.16035794308556303,0.4137573647239494,23.089783344360942,91.53665614689864,10,2024-01-18 12:54:00,17.76137180335457,70.41281242069127,0.3520640621034563,,,,
21,0,210,196,186.0,25.58163449916523,0.0004286962523612967,518.8657375755395,1.1952538757602718,0.004286962523612967,0.04411302892508792,1.2393669046853597,519.9942209581521,0.04411302892508792,1.1284833826127028,0.10966750839068592,0.5234248731146354,14.670283973965137,106.20694012086378,10,2024-01-18 22:57:00,11.284833826127027,81.6976462468183,0.38903641069913475,,,,
22,0,220,196,182.0,,0.00015729130093365272,475.52311629479635,1.0906983102269512,0.0015729130093365272,0.04568594193442445,1.1363842521613756,475.52311629479635,0.04568594193442445,0.0,0.0,0.5234248731146354,0.0,106.20694012086378,10,2024-01-19 23:27:00,0.0,81.6976462468183,0.3713529374855377,,,,
23,0,230,197,187.0,26.861234492667172,0.0005125396125925661,556.6534944234531,1.2959394470351626,0.005125396125925661,0.05081133806035011,1.3467507850955127,558.0183496899784,0.05081133806035011,1.3648552665252487,0.13767446720629709,0.6610993403209324,17.743118464828235,123.950058585692,10,2024-01-20 09:27:00,13.648552665252486,95.34619891207078,0.4145486909220468,,,,
24,0,240,198,329.0,,0.0005546141764603019,379.250479515924,0.8683019591211357,0.005546141764603019,0.05635747982495313,0.9246594389460888,379.250479515924,0.05635747982495313,0.0,0.0,0.6610993403209324,0.0,123.950058585692,10,2024-01-20 19:27:00,0.0,95.34619891207078,0.3972758288002949,,,,
25,0,250,197,330.0,39.385931034482375,8.36316023879826e-05,393.7554907471388,0.8960072702157891,0.000836316023879826,0.057193795848832954,0.9532010660646221,396.0081216460412,0.057193795848832954,2.252630898902399,0.03293908523956334,0.6940384255604958,29.28420168573119,153.23426027142318,10,2024-01-21 05:27:00,22.526308989023992,117.87250790109476,0.4714900316043791,,,,
26,0,260,196,284.0,108.55150000000089,7.97113796979092e-06,417.9928844156399,0.9219970974356968,7.97113796979092e-05,0.05727350722853086,0.9792706046642277,424.2100095355578,0.05727350722853086,6.2171251199179185,0.008652789833277661,0.7026912153937734,80.82262655893294,234.05688683035612,10,2024-01-21 15:27:00,62.17125119917918,180.04375910027395,0.6924759965395152,,,,
27,0,270,195,284.0,108.55150000000089,7.97113796979092e-06,417.9928844156399,0.9219970974356968,7.97113796979092e-05,0.05735321860822877,0.9793503160439255,424.21866232539105,0.05735321860822877,6.225777909751196,0.008652789833277661,0.7113440052270511,80.93511282676556,314.9919996571217,10,2024-01-22 01:27:00,62.25777909751196,242.3015381977859,0.8974131044362441,,,,
28,0,280,197,178.0,,9.398296082035971e-05,459.39984837154134,1.0693910666703448,0.0009398296082035972,0.058293048216432365,1.1276841148867771,459.39984837154134,0.058293048216432365,0.0,0.0,0.7113440052270511,0.0,314.9919996571217,10,2024-01-31 13:06:00,0.0,242.3015381977859,0.8653626364206639,,,,
29,0,290,198,287.0,66.1175000000011,9.506409112916074e-06,444.000774583993,0.9896025992946763,9.506409112916073e-05,0.058388112307561524,1.0479907116022378,447.86125059948824,0.058388112307561524,3.8604760154952635,0.006285400045232389,0.7176294052722835,50.186188201438426,365.17818785856014,10,2024-01-31 23:06:00,38.604760154952636,280.90629835273853,0.9686424081128915,,,,
30,0,300,198,190.0,44.36750092746444,0.0004901358738202252,520.1676221991233,1.1059266488432078,0.0049013587382022526,0.06328947104576378,1.1692161198889717,522.975617864445,0.06328947104576378,2.8079956653216587,0.21746103836302438,0.9350904436353078,36.503943649181565,401.6821315077417,10,2024-02-01 09:06:00,28.079956653216588,308.9862550059551,1.0299541833531838,,,,
31,0,310,197,98.0,,0.00023383170380237263,466.83049808799404,1.0402327467196986,0.0023383170380237264,0.06562778808378751,1.105860534803486,466.83049808799404,0.06562778808378751,0.0,0.0,0.9350904436353078,0.0,401.6821315077417,10,2024-02-01 19:06:00,0.0,308.9862550059551,0.9967298548579198,,,,
32,0,320,197,187.0,26.861234492667172,0.0005125396125925661,556.6534944234531,1.2959394470351626,0.005125396125925661,0.07075318420971317,1.3666926312448757,558.5540122956131,0.07075318420971317,1.9005178721599818,0.13767446720629709,1.0727649108416049,24.70673233807976,426.38886384582145,10,2024-02-02 05:06:00,19.00517872159982,327.9914337275549,1.0249732303986092,,,,
33,0,330,198,177.0,26.757504107909316,0.00011352334191079416,540.8114781074536,1.2096784488451857,0.0011352334191079415,0.07188841762882112,1.2815668664740067,542.7350327374679,0.07188841762882112,1.9235546300142816,0.030376012875216685,1.1031409237168215,25.006210190185662,451.3950740360071,10,2024-02-02 15:06:00,19.235546300142815,347.2269800276977,1.052202969780902,,,,
34,0,340,195,284.0,108.55150000000089,7.97113796979092e-06,417.9928844156399,0.9219970974356968,7.97113796979092e-05,0.07196812900851902,0.9939652264442158,425.8051327717082,0.07196812900851902,7.8122483560683165,0.008652789833277661,1.111793713550099,101.55922862888812,552.9543026648952,10,2024-02-03 01:06:00,78.12248356068316,425.3494635883809,1.2510278340834733,,,,
35,0,350,196,98.0,,0.00023383170380237263,466.83049808799404,1.0402327467196986,0.0023383170380237264,0.07430644604654275,1.1145391927662414,466.83049808799404,0.07430644604654275,0.0,0.0,1.111793713550099,0.0,552.9543026648952,10,2024-02-03 11:06:00,0.0,425.3494635883809,1.2152841816810882,,,,
36,0,360,198,228.0,,8.190949812223902e-05,488.89731774528553,1.1694836083013795,0.0008190949812223902,0.07512554102776514,1.2446091493291447,488.89731774528553,0.07512554102776514,0.0,0.0,1.111793713550099,0.0,552.9543026648952,10,2024-02-03 21:06:00,0.0,425.3494635883809,1.1815262877455024,,,,
37,0,370,193,78.0,,4.396233245751179e-05,530.1162756815818,1.2814985509593455,0.00043962332457511786,0.07556516435234026,1.3570637153116858,530.1162756815818,0.07556516435234026,0.0,0.0,1.111793713550099,0.0,552.9543026648952,10,2024-02-04 07:06:00,0.0,425.3494635883809,1.149593144833462,,,,
38,0,380,195,228.0,,8.190949812223902e-05,488.89731774528553,1.1694836083013795,0.0008190949812223902,0.07638425933356265,1.2458678676349422,488.89731774528553,0.07638425933356265,0.0,0.0,1.111793713550099,0.0,552.9543026648952,10,2024-02-04 17:06:00,0.0,425.3494635883809,1.1193406936536339,,,,
39,0,390,178,78.0,,4.396233245751179e-05,530.1162756815818,1.2814985509593455,0.00043962332457511786,0.07682388265813776,1.3583224336174833,530.1162756815818,0.07682388265813776,0.0,0.0,1.111793713550099,0.0,552.9543026648952,10,2024-02-05 03:03:00,0.0,425.3494635883809,1.0906396502266178,,,,
40,0,400,200,78.0,,4.396233245751179e-05,530.1162756815818,1.2814985509593455,0.00043962332457511786,0.07726350598271288,1.3587620569420584,530.1162756815818,0.07726350598271288,0.0,0.0,1.111793713550099,0.0,552.9543026648952,10,2024-02-05 13:06:00,0.0,425.3494635883809,1.0633736589709522,,,,
41,0,410,196,280.0,,0.0002944945090412633,450.7288597661751,1.0519838107478228,0.002944945090412633,0.08020845107312552,1.1321922618209483,450.7288597661751,0.08020845107312552,0.0,0.0,1.111793713550099,0.0,552.9543026648952,10,2024-02-05 23:06:00,0.0,425.3494635883809,1.0374377160692216,,,,
42,0,420,192,233.0,,0.00034246013273020925,457.33939857281393,1.0756831962515623,0.0034246013273020928,0.08363305240042761,1.15931624865199,457.33939857281393,0.08363305240042761,0.0,0.0,1.111793713550099,0.0,552.9543026648952,10,2024-02-06 09:06:00,0.0,425.3494635883809,1.0127368180675735,,,,
43,0,430,200,278.0,,7.92152819719414e-05,443.3692187387032,1.0658536470204645,0.0007921528197194139,0.08442520522014701,1.1502788522406115,443.3692187387032,0.08442520522014701,0.0,0.0,1.111793713550099,0.0,552.9543026648952,10,2024-02-06 19:06:00,0.0,425.3494635883809,0.9891847990427463,,,,
44,0,440,199,309.0,,2.4021692369855634e-05,423.4627405114653,1.0568163518924425,0.00024021692369855636,0.08466542214384556,1.1414817740362881,423.4627405114653,0.08466542214384556,0.0,0.0,1.111793713550099,0.0,552.9543026648952,10,2024-02-07 05:06:00,0.0,425.3494635883809,0.9667033263372293,,,,
45,0,450,128,296.0,18.652832999823495,7.700381323234962e-05,376.1025874282734,0.9146666503122638,0.0007700381323234961,0.08543546027616906,1.000102110588433,377.69620080106785,0.08543546027616906,1.5936133727944357,0.01436339268572616,1.126157106235825,20.716973846327665,573.6712765112228,10,2024-02-07 15:03:00,15.936133727944357,441.28559731632527,0.980634660702945,,,,
46,0,460,182,271.0,103.04395939417648,6.361355943515235e-05,356.3694954388913,0.7688729145437568,0.0006361355943515235,0.08607159587052059,0.8549445104142774,365.2386534687652,0.08607159587052059,8.869158029873892,0.06554993035354871,1.1917070365893738,115.2990543883606,688.9703308995834,10,2024-02-08 01:03:00,88.69158029873893,529.9771776150642,1.152124299163183,,,,
47,0,470,165,234.0,29.727495191179834,6.770222446065527e-07,461.18615104780116,1.0876173750879807,6.770222446065528e-06,0.08607836609296665,1.1736957411809474,463.74504526189446,0.08607836609296665,2.5588942140932835,0.00020126175520863074,1.1919082983445826,33.26562478321269,722.2359556827961,10,2024-02-08 12:45:00,25.588942140932836,555.5661197559971,1.18205557394893,,,,
48,0,480,195,325.0,,0.0019243372058386351,341.3465454741758,0.7689200097289443,0.019243372058386353,0.10532173815135301,0.8742417478802973,341.3465454741758,0.10532173815135301,0.0,0.0,1.1919082983445826,0.0,722.2359556827961,10,2024-02-08 21:06:00,0.0,555.5661197559971,1.1574294161583272,,,,
49,0,490,197,278.0,,7.92152819719414e-05,443.3692187387032,1.0658536470204645,0.0007921528197194139,0.10611389097107242,1.1719675379915369,443.3692187387032,0.10611389097107242,0.0,0.0,1.1919082983445826,0.0,722.2359556827961,10,2024-02-09 07:03:00,0.0,555.5661197559971,1.1338084076653,,,,
50,0,500,196,228.0,,8.190949812223902e-05,488.89731774528553,1.1694836083013795,0.0008190949812223902,0.1069329859522948,1.2764165942536743,488.89731774528553,0.1069329859522948,0.0,0.0,1.1919082983445826,0.0,722.2359556827961,10,2024-02-16 00:57:00,0.0,555.5661197559971,1.1111322395119942,,,,
51,0,510,198,287.0,66.1175000000011,9.506409112916074e-06,444.000774583993,0.9896025992946763,9.506409112916073e-05,0.10702805004342397,1.0966306493381004,451.0772016827392,0.10702805004342397,7.076427098746202,0.006285400045232389,1.198193698389815,91.99355228370064,814.2295079664967,10,2024-02-16 10:57:00,70.76427098746203,626.3303907434591,1.2280988053793316,,,,
52,0,520,198,228.0,,8.190949812223902e-05,488.89731774528553,1.1694836083013795,0.0008190949812223902,0.10784714502464636,1.2773307533260259,488.89731774528553,0.10784714502464636,0.0,0.0,1.198193698389815,0.0,814.2295079664967,10,2024-02-16 20:57:00,0.0,626.3303907434591,1.2044815206604984,,,,
53,0,530,198,98.0,,0.00023383170380237263,466.83049808799404,1.0402327467196986,0.0023383170380237264,0.11018546206267009,1.1504182087823687,466.83049808799404,0.11018546206267009,0.0,0.0,1.198193698389815,0.0,814.2295079664967,10,2024-02-17 06:57:00,0.0,626.3303907434591,1.1817554542329418,,,,
54,0,540,198,98.0,,0.00023383170380237263,466.83049808799404,1.0402327467196986,0.0023383170380237264,0.11252377910069382,1.1527565258203925,466.83049808799404,0.11252377910069382,0.0,0.0,1.198193698389815,0.0,814.2295079664967,10,2024-02-17 16:57:00,0.0,626.3303907434591,1.1598710939693688,,,,
55,0,550,198,187.0,26.861234492667172,0.0005125396125925661,556.6534944234531,1.2959394470351626,0.005125396125925661,0.11764917522661948,1.4135886222617822,559.8136965070843,0.11764917522661948,3.1602020836311153,0.13767446720629709,1.335868165596112,41.0826270872045,855.3121350537012,10,2024-02-18 02:57:00,31.602020836311155,657.9324115797702,1.196240748326855,,,,
56,0,560,198,53.0,38.28964663023681,0.00015086644918688348,577.2120279349608,1.3413498910759425,0.0015086644918688348,0.11915783971848831,1.4605077307944307,581.7745395110041,0.11915783971848831,4.562511576043314,0.05776623027724346,1.3936343958733555,59.312650488563094,914.6247855422644,10,2024-02-18 12:57:00,45.62511576043314,703.5575273402034,1.2563527273932202,,,,
57,0,570,196,126.0,39.38888195187924,0.0002861095539982092,596.7111253984768,1.3280980182276523,0.002861095539982092,0.1220189352584704,1.4501169534861227,601.5173148352667,0.1220189352584704,4.806189436789887,0.11269535447740282,1.5063297503507582,62.48046267826852,977.1052482205329,10,2024-02-18 22:57:00,48.061894367898866,751.6194217081022,1.3186305644001792,,,,
58,0,580,199,137.0,46.66972783914886,0.00030126755775248057,573.2433649276791,1.2838885825738169,0.0030126755775248056,0.1250316108359952,1.4089201934098121,579.0785561766853,0.1250316108359952,5.835191249006272,0.1406007492707333,1.6469304996214915,75.85748623708153,1052.9627344576145,10,2024-02-19 08:57:00,58.351912490062716,809.9713341981649,1.3965023003416637,,,,
59,0,590,197,53.0,38.28964663023681,0.00015086644918688348,577.2120279349608,1.3413498910759425,0.0015086644918688348,0.12654027532786405,1.4678901664038064,582.0572103617576,0.12654027532786405,4.845182426796788,0.05776623027724346,1.704696729898735,62.98737154835824,1115.9501060059727,10,2024-02-20 11:39:00,48.45182426796788,858.4231584661327,1.4549545058748012,,,,
60,0,600,197,396.0,25.447039423264194,9.302589482473097e-05,480.0908187181635,0.967028515554145,0.0009302589482473097,0.12747053427611135,1.0944990498302565,483.33456642919225,0.12747053427611135,3.2437477110287554,0.023672336129893574,1.7283690660286286,42.168720243373826,1158.1188262493465,10,2024-02-22 15:51:00,32.43747711028755,890.8606355764202,1.4847677259607004,,,,
61,0,610,190,287.0,66.1175000000011,9.506409112916074e-06,444.000774583993,0.9896025992946763,9.506409112916073e-05,0.12756559836724052,1.1171681976619168,452.4350930340392,0.12756559836724052,8.434318450046165,0.006285400045232389,1.734654466073861,109.64613985060015,1267.7649660999466,10,2024-02-23 01:57:00,84.34318450046165,975.2038200768819,1.5986947870112818,,,,
62,0,620,158,182.0,,0.00015729130093365272,475.52311629479635,1.0906983102269512,0.0015729130093365272,0.12913851137657706,1.2198368216035282,475.52311629479635,0.12913851137657706,0.0,0.0,1.734654466073861,0.0,1267.7649660999466,10,2024-03-19 13:39:00,0.0,975.2038200768819,1.5729093872207773,,,,
63,0,630,188,276.0,,0.00010883442542815402,421.5347579512808,1.0454336020415964,0.0010883442542815403,0.1302268556308586,1.175660457672455,421.5347579512808,0.1302268556308586,0.0,0.0,1.734654466073861,0.0,1267.7649660999466,10,2024-03-19 23:42:00,0.0,975.2038200768819,1.5479425715506063,,,,
64,0,640,174,186.0,25.58163449916523,0.0004286962523612967,518.8657375755395,1.1952538757602718,0.004286962523612967,0.13451381815447155,1.3297676939147434,522.3068209066544,0.13451381815447155,3.441083331114868,0.10966750839068592,1.844321974464547,44.73408330449328,1312.4990494044398,10,2024-03-20 09:39:00,34.41083331114868,1009.6146533880305,1.5775228959187977,,,,
65,0,650,200,177.0,26.757504107909316,0.00011352334191079416,540.8114781074536,1.2096784488451857,0.0011352334191079415,0.13564905157357948,1.3453275004187653,544.4411081621677,0.13564905157357948,3.6296300547140556,0.030376012875216685,1.8746979873397636,47.18519071128273,1359.6842401157226,10,2024-03-22 13:54:00,36.296300547140554,1045.9109539351712,1.6090937752848786,,,,
66,0,660,200,177.0,26.757504107909316,0.00011352334191079416,540.8114781074536,1.2096784488451857,0.0011352334191079415,0.1367842849926874,1.3464627338378732,544.4714841750429,0.1367842849926874,3.660006067589272,0.030376012875216685,1.9050740002149802,47.58007887866054,1407.264318994383,10,2024-03-22 23:54:00,36.60006067589272,1082.511014611064,1.6401682039561576,,,,
67,0,670,200,177.0,26.757504107909316,0.00011352334191079416,540.8114781074536,1.2096784488451857,0.0011352334191079415,0.13791951841179534,1.347597967256981,544.501860187918,0.13791951841179534,3.6903820804644885,0.030376012875216685,1.9354500130901968,47.97496704603836,1455.2392860404213,10,2024-03-23 09:54:00,36.90382080464489,1119.414835415709,1.6707684110682224,,,,
68,0,680,163,158.0,32.62925747332522,0.00019161009090992023,562.2082716412189,1.2494264028439592,0.0019161009090992024,0.13983561932089453,1.3892620221648537,566.7710040679822,0.13983561932089453,4.562732426763358,0.0625209499078704,1.9979709629980673,59.315521547923666,1514.554807588345,10,2024-03-23 19:54:00,45.62732426763358,1165.0421596833426,1.7132972936519744,,,,
69,0,690,181,53.0,38.28964663023681,0.00015086644918688348,577.2120279349608,1.3413498910759425,0.0015086644918688348,0.14134428381276337,1.482694174888706,582.6240506153554,0.14134428381276337,5.41202268039461,0.05776623027724346,2.0557371932753106,70.35629484512994,1584.911102433475,10,2024-03-24 05:51:00,54.1202268039461,1219.1623864872886,1.7669020094018675,,,,
70,0,700,165,53.0,38.28964663023681,0.00015086644918688348,577.2120279349608,1.3413498910759425,0.0015086644918688348,0.14285294830463222,1.4842028393805746,582.6818168456326,0.14285294830463222,5.469788910671854,0.05776623027724346,2.113503423552554,71.1072558387341,1656.018358272209,10,2024-03-25 10:51:00,54.697889106718534,1273.8602755940071,1.8198003937057246,,,,
71,0,710,180,137.0,46.66972783914886,0.00030126755775248057,573.2433649276791,1.2838885825738169,0.0030126755775248056,0.14586562388215701,1.4297542064559738,580.050873895347,0.14586562388215701,6.80750896766792,0.1406007492707333,2.254104172823287,88.49761657968298,1744.515974851892,10,2024-03-25 20:51:00,68.0750896766792,1341.9353652706864,1.8900498102404033,,,,
72,0,720,197,158.0,32.62925747332522,0.00019161009090992023,562.2082716412189,1.2494264028439592,0.0019161009090992024,0.1477817247912562,1.3972081276352155,567.0302795892849,0.1477817247912562,4.822007948065987,0.0625209499078704,2.3166251227311574,62.686103324857825,1807.2020781767499,10,2024-03-26 06:51:00,48.22007948065987,1390.1554447513463,1.9307714510435365,,,,
73,0,730,199,396.0,25.447039423264194,9.302589482473097e-05,480.0908187181635,0.967028515554145,0.0009302589482473097,0.1487119837395035,1.1157404992936486,483.8750984310945,0.1487119837395035,3.7842797129309695,0.023672336129893574,2.340297458861051,49.195636268102604,1856.3977144448525,10,2024-03-27 06:42:00,37.842797129309695,1427.998241880656,1.9561619751789807,,,,
74,0,740,150,396.0,25.447039423264194,9.302589482473097e-05,480.0908187181635,0.967028515554145,0.0009302589482473097,0.1496422426877508,1.1166707582418958,483.8987707672244,0.1496422426877508,3.8079520490608627,0.023672336129893574,2.3639697949909446,49.50337663779122,1905.9010910826437,10,2024-03-27 16:42:00,38.07952049060863,1466.0777623712647,1.9811861653665739,,,,
75,0,750,194,177.0,26.757504107909316,0.00011352334191079416,540.8114781074536,1.2096784488451857,0.0011352334191079415,0.15077747610685874,1.3604559249520445,544.8459070437631,0.15077747610685874,4.034428936309472,0.030376012875216685,2.3943458078661615,52.44757617202314,1958.348667254667,10,2024-03-28 02:42:00,40.34428936309472,1506.4220517343595,2.0085627356458127,,,,
76,0,760,151,177.0,26.757504107909316,0.00011352334191079416,540.8114781074536,1.2096784488451857,0.0011352334191079415,0.15191270952596667,1.3615911583711524,544.8762830566383,0.15191270952596667,4.064804949184688,0.030376012875216685,2.4247218207413783,52.84246433940094,2011.1911315940679,10,2024-03-28 12:42:00,40.648049491846876,1547.0701012262064,2.0356185542450085,,,,
77,0,770,199,177.0,26.757504107909316,0.00011352334191079416,540.8114781074536,1.2096784488451857,0.0011352334191079415,0.1530479429450746,1.3627263917902603,544.9066590695135,0.1530479429450746,4.095180962059904,0.030376012875216685,2.455097833616595,53.23735250677875,2064.4284841008466,10,2024-03-28 22:42:00,40.951809620599036,1588.0219108468054,2.0623661179828643,,,,
78,0,780,200,50.0,28.768189365671756,0.0002963472122653311,634.9270309225096,1.4910373934603134,0.002963472122653311,0.1560114150677279,1.6470488085280413,639.4151968543845,0.1560114150677279,4.4881659318748115,0.0852537272043797,2.540351560820975,58.34615711437255,2122.774641215219,10,2024-03-29 08:42:00,44.88165931874811,1632.9035701655534,2.0934661155968635,,,,
79,0,790,199,165.0,,0.00045965719999743797,545.3275629607668,1.2344038320356407,0.00459657199997438,0.16060798706770227,1.395011819103343,545.3275629607668,0.16060798706770227,0.0,0.0,2.540351560820975,0.0,2122.774641215219,10,2024-03-29 18:42:00,0.0,1632.9035701655534,2.0669665445133587,,,,
80,0,800,191,156.0,53.66493329570027,0.00015916969115467488,602.3136878156005,1.3698272335845407,0.0015916969115467488,0.16219968397924903,1.5320269175637897,611.0181230369305,0.16219968397924903,8.704435221330064,0.0854183085851284,2.625769869406103,113.15765787729083,2235.93229909251,10,2024-03-30 04:39:00,87.04435221330064,1719.9479223788542,2.149934902973568,,,,
81,0,810,151,49.0,35.85520545478774,0.0001018040161384522,626.837189991309,1.504113395616466,0.001018040161384522,0.16321772414063354,1.6673311197570997,632.6893950242343,0.16321772414063354,5.852205032925285,0.03650203914766731,2.6622719085537705,76.0786654280287,2312.010964520539,10,2024-03-30 14:39:00,58.52205032925285,1778.469972708107,2.195641941614947,,,,
82,0,820,189,57.0,24.362873655913955,0.00016339916316437911,655.1923133007425,1.5807236030531937,0.001633991631643791,0.16485171577227734,1.745575318825471,659.2085748240631,0.16485171577227734,4.0162615233206305,0.03980873167655838,2.702080640230329,52.2113998031682,2364.222364323707,10,2024-03-31 00:39:00,40.1626152332063,1818.6325879413132,2.217844619440626,,,,
83,0,830,159,44.0,70.34247663042913,0.00040569092154480547,625.9717658433082,1.414454480229867,0.004056909215448054,0.16890862498772538,1.5833631052175925,637.8532168491852,0.16890862498772538,11.881451005876992,0.28537304167942734,2.987453681909756,154.4588630764009,2518.681227400108,10,2024-03-31 10:42:00,118.81451005876991,1937.447098000083,2.334273612048293,,,,
84,0,840,199,137.0,46.66972783914886,0.00030126755775248057,573.2433649276791,1.2838885825738169,0.0030126755775248056,0.17192130056525018,1.4558098831390671,581.2668852348118,0.17192130056525018,8.023520307132735,0.1406007492707333,3.128054431180489,104.30576399272555,2622.9869913928337,10,2024-03-31 20:39:00,80.23520307132735,2017.6823010714104,2.402002739370727,,,,
85,0,850,161,53.0,38.28964663023681,0.00015086644918688348,577.2120279349608,1.3413498910759425,0.0015086644918688348,0.17342996505711902,1.5147798561330614,583.8526000120922,0.17342996505711902,6.640572077131405,0.05776623027724346,3.1858206614577327,86.32743700270828,2709.314428395542,10,2024-04-01 06:39:00,66.40572077131405,2084.0880218427246,2.4518682609914406,,,,
86,0,860,198,46.0,37.5509225497025,0.000251455178254579,615.5435567376255,1.3763581774206635,0.0025145517825457897,0.1759445168396648,1.5523026942603282,622.1504356625167,0.1759445168396648,6.60687892489108,0.0944237392335933,3.280244400691326,85.88942602358404,2795.203854419126,10,2024-04-01 16:39:00,66.0687892489108,2150.1568110916355,2.500182338478646,,,,
87,0,870,200,46.0,37.5509225497025,0.000251455178254579,615.5435567376255,1.3763581774206635,0.0025145517825457897,0.1784590686222106,1.554817246042874,622.2448594017502,0.1784590686222106,6.701302664124674,0.0944237392335933,3.3746681399249194,87.11693463362076,2882.3207890527465,10,2024-04-02 02:39:00,67.01302664124674,2217.169837732882,2.5484710778538875,,,,
88,0,880,200,46.0,37.5509225497025,0.000251455178254579,615.5435567376255,1.3763581774206635,0.0025145517825457897,0.18097362040475637,1.5573317978254198,622.3392831409838,0.18097362040475637,6.795726403358266,0.0944237392335933,3.469091879158513,88.34444324365747,2970.665232296404,10,2024-04-02 12:39:00,67.95726403358266,2285.127101766465,2.5967353429164373,,,,
89,0,890,200,135.0,23.195594273552246,0.0003638085708152977,540.7713637727544,1.1868238948936136,0.0036380857081529773,0.18461170611290934,1.371435601006523,545.0535420058977,0.18461170611290934,4.28217823314331,0.08438756001872547,3.5534794391772384,55.66831703086304,3026.333549327267,10,2024-04-02 22:39:00,42.8217823314331,2327.948884097898,2.615672903480784,,,,
90,0,900,199,177.0,26.757504107909316,0.00011352334191079416,540.8114781074536,1.2096784488451857,0.0011352334191079415,0.18574693953201726,1.395425388377203,545.7816026050131,0.18574693953201726,4.970124497559535,0.030376012875216685,3.5838554520524553,64.61161846827396,3090.9451677955412,10,2024-04-03 08:39:00,49.70124497559535,2377.650129073493,2.641833476748326,,,,
91,0,910,199,79.0,51.62923225806444,0.00013848899989538937,595.0599273061082,1.4336499065458093,0.0013848899989538936,0.18713182953097116,1.6207817360767804,604.7213999958392,0.18713182953097116,9.661472689731031,0.07150080740786119,3.6553562594603166,125.59914496650342,3216.5443127620447,10,2024-04-06 15:27:00,96.6147268973103,2474.2648559708036,2.7189723691986853,,,,
92,0,920,201,50.0,28.768189365671756,0.0002963472122653311,634.9270309225096,1.4910373934603134,0.002963472122653311,0.19009530165362445,1.6811326951139378,640.3957285580055,0.19009530165362445,5.468697635495963,0.0852537272043797,3.7406099866646962,71.09306926144752,3287.637382023492,10,2024-04-07 01:24:00,54.68697635495963,2528.9518323257635,2.7488606873106125,,,,
93,0,930,178,75.0,30.652784637001936,0.00023258932128528498,628.9975582741845,1.4582723019133579,0.00232589321285285,0.1924211948664773,1.6506934967798352,634.8958037200211,0.1924211948664773,5.898245445836711,0.0712951037422429,3.811905090406939,76.67719079587724,3364.3145728193695,10,2024-04-07 11:27:00,58.98245445836711,2587.9342867841306,2.7827250395528287,,,,
94,0,940,166,158.0,32.62925747332522,0.00019161009090992023,562.2082716412189,1.2494264028439592,0.0019161009090992024,0.19433729577557649,1.4437636986195357,568.5493533017499,0.19433729577557649,6.341081660531042,0.0625209499078704,3.8744260403148094,82.43406158690355,3446.748634406273,10,2024-04-07 21:24:00,63.41081660531042,2651.345103389441,2.8205798972228098,,,,
95,0,950,181,50.0,28.768189365671756,0.0002963472122653311,634.9270309225096,1.4910373934603134,0.002963472122653311,0.19730076789822978,1.688338161358543,640.6030167753984,0.19730076789822978,5.675985852888726,0.0852537272043797,3.959679767519189,73.78781608755344,3520.5364504938266,10,2024-04-08 07:24:00,56.75985852888726,2708.1049619183286,2.8506368020192934,,,,
96,0,960,200,158.0,32.62925747332522,0.00019161009090992023,562.2082716412189,1.2494264028439592,0.0019161009090992024,0.19921686880732897,1.4486432716512883,568.7085701465628,0.19921686880732897,6.500298505343989,0.0625209499078704,4.02220071742706,84.50388056947185,3605.0403310632983,10,2024-04-08 17:24:00,65.00298505343989,2773.1079469717683,2.8886541114289255,,,,
97,0,970,200,159.0,63.246447768535496,0.00016429387652179962,538.2467794901777,1.2079594107932876,0.0016429387652179962,0.20085980757254696,1.4088192183658346,550.9504488186128,0.20085980757254696,12.703669328435181,0.1039100408012622,4.126110758228322,165.14770126965738,3770.1880323329556,10,2024-04-09 03:24:00,127.03669328435181,2900.14464025612,2.9898398353155877,,,,
98,0,980,200,16.0,,8.294759344607068e-05,615.1389603688688,1.461053836215501,0.0008294759344607068,0.20168928350700766,1.6627431197225087,615.1389603688688,0.20168928350700766,0.0,0.0,4.126110758228322,0.0,3770.1880323329556,10,2024-04-09 13:24:00,0.0,2900.14464025612,2.9593312655674695,,,,
99,0,990,198,200.0,44.597353964881606,0.00035956829010940346,503.9245995973085,1.0603684481993982,0.0035956829010940347,0.20528496640810168,1.2656534146074998,513.0797659078794,0.20528496640810168,9.15516631057094,0.16035794308556303,4.2864687013138845,119.01716203742224,3889.2051943703777,10,2024-04-09 23:24:00,91.55166310570941,2991.6963033618295,3.0219154579412417,,,,
100,0,1000,121,177.0,26.757504107909316,0.00011352334191079416,540.8114781074536,1.2096784488451857,0.0011352334191079415,0.2064201998272096,1.4160986486723952,546.3347674522856,0.2064201998272096,5.523289344832023,0.030376012875216685,4.316844714189101,71.8027614828163,3961.007955853194,10,2024-04-10 09:24:00,55.232893448320226,3046.9291968101497,3.04692919681015,,,,
101,0,1010,200,177.0,26.757504107909316,0.00011352334191079416,540.8114781074536,1.2096784488451857,0.0011352334191079415,0.20755543324631753,1.4172338820915034,546.3651434651608,0.20755543324631753,5.5536653577072395,0.030376012875216685,4.347220727064318,72.19764965019411,4033.205605503388,10,2024-04-10 19:24:00,55.53665357707239,3102.465850387222,3.071748366720022,,,,
102,0,1020,189,79.0,51.62923225806444,0.00013848899989538937,595.0599273061082,1.4336499065458093,0.0013848899989538936,0.20894032324527143,1.6425902297910806,605.8473557830134,0.20894032324527143,10.787428476905179,0.07150080740786119,4.418721534472179,140.23657019976733,4173.442175703155,10,2024-04-11 05:24:00,107.87428476905178,3210.340135156274,3.147392289368896,,,,
103,0,1030,155,44.0,70.34247663042913,0.00040569092154480547,625.9717658433082,1.414454480229867,0.004056909215448054,0.21299723246071947,1.6274517126905865,640.9545186900224,0.21299723246071947,14.982752846714241,0.28537304167942734,4.704094576151606,194.77578700728515,4368.217962710441,10,2024-04-11 15:21:00,149.82752846714243,3360.167663623416,3.262298702547006,,,,
104,0,1040,197,177.0,26.757504107909316,0.00011352334191079416,540.8114781074536,1.2096784488451857,0.0011352334191079415,0.2141324658798274,1.423810914725013,546.5411284428698,0.2141324658798274,5.729650335416233,0.030376012875216685,4.734470589026823,74.48545436041103,4442.703417070851,10,2024-04-12 01:24:00,57.296503354162326,3417.4641669775783,3.2860232374784406,,,,
105,0,1050,162,53.0,38.28964663023681,0.00015086644918688348,577.2120279349608,1.3413498910759425,0.0015086644918688348,0.21564113037169624,1.5569910214476388,585.4688506158379,0.21564113037169624,8.256822680877075,0.05776623027724346,4.792236819304066,107.33869485140198,4550.042111922253,10,2024-04-12 11:24:00,82.56822680877076,3500.032393786349,3.3333641845584276,,,,
106,0,1060,191,163.0,39.65651335606026,0.00024345109889484172,585.3955672039333,1.3176560523956848,0.002434510988948417,0.21807564136064467,1.5357316937563295,594.0436867881831,0.21807564136064467,8.648119584249812,0.09654421754870837,4.888781036852775,112.42555459524758,4662.4676665175,10,2024-04-21 22:12:00,86.48119584249812,3586.513589628847,3.3835033864423085,,,,
107,0,1070,157,177.0,26.757504107909316,0.00011352334191079416,540.8114781074536,1.2096784488451857,0.0011352334191079415,0.2192108747797526,1.4288893236249383,546.6770139898712,0.2192108747797526,5.865535882417625,0.030376012875216685,4.919157049727992,76.25196647142913,4738.719632988929,10,2024-04-22 08:18:00,58.65535882417625,3645.1689484530234,3.4066999518252556,,,,
108,0,1080,139,43.0,19.442226263778633,0.00032582664496920574,612.6722840209264,1.3829403742967508,0.003258266449692057,0.22246914122944467,1.6054095155261954,616.9975794014179,0.22246914122944467,4.3252953804913865,0.06334795354259168,4.9825050032705835,56.22883994638802,4794.948472935317,10,2024-04-28 18:27:00,43.252953804913865,3688.4219022579373,3.4152054650536456,,,,
109,0,1090,146,158.0,32.62925747332522,0.00019161009090992023,562.2082716412189,1.2494264028439592,0.0019161009090992024,0.22438524213854386,1.4738116449825032,569.5297954801719,0.22438524213854386,7.321523838952971,0.0625209499078704,5.045025953178454,95.17980990638863,4890.128282841706,10,2024-04-29 04:27:00,73.21523838952972,3761.637140647467,3.451043248300428,,,,
110,0,1100,148,159.0,63.246447768535496,0.00016429387652179962,538.2467794901777,1.2079594107932876,0.0016429387652179962,0.22602818090376184,1.4339875916970495,552.5422590279245,0.22602818090376184,14.295479537746866,0.1039100408012622,5.148935993979716,185.84123399070927,5075.969516832415,10,2024-05-01 02:15:00,142.95479537746866,3904.5919360249354,3.5496290327499413,,,,
111,0,1110,152,158.0,32.62925747332522,0.00019161009090992023,562.2082716412189,1.2494264028439592,0.0019161009090992024,0.22794428181286103,1.4773706846568202,569.6459243020629,0.22794428181286103,7.437652660844045,0.0625209499078704,5.211456943887587,96.68948459097258,5172.659001423388,10,2024-05-01 12:12:00,74.37652660844046,3978.968462633376,3.584656272642681,,,,
112,0,1120,148,395.0,16.604603895481443,1.6607034917533294e-05,538.4449029292705,1.2031982465381932,0.00016607034917533295,0.22811035216203637,1.4313085987002296,542.2325849713799,0.22811035216203637,3.787682042109393,0.0027575323668406967,5.214214476254427,49.23986654742211,5221.89886797081,10,2024-05-01 22:15:00,37.87682042109393,4016.8452830544697,3.5864690027272053,,,,
113,0,1130,123,46.0,37.5509225497025,0.000251455178254579,615.5435567376255,1.3763581774206635,0.0025145517825457897,0.23062490394458215,1.6069830813652457,624.2037346436811,0.23062490394458215,8.660177906055583,0.0944237392335933,5.3086382154880205,112.58231277872258,5334.4811807495325,10,2024-05-02 08:15:00,86.60177906055583,4103.447062115026,3.6313690815177218,,,,
114,0,1140,144,145.0,6.6782507724386395,5.235478775779192e-05,593.7027206397652,1.3224080936172224,0.0005235478775779193,0.23114845182216007,1.5535565454393825,595.2463879666946,0.23114845182216007,1.5436673269293362,0.0034963840178433496,5.312134599505864,20.06767525008137,5354.548855999614,10,2024-05-02 18:09:00,15.436673269293362,4118.883735384319,3.6130559082318587,,,,
115,0,1150,141,159.0,63.246447768535496,0.00016429387652179962,538.2467794901777,1.2079594107932876,0.0016429387652179962,0.23279139058737805,1.4407508013806656,552.9700080159271,0.23279139058737805,14.723228525749352,0.1039100408012622,5.416044640307126,191.4019708347416,5545.950826834355,10,2024-05-03 04:15:00,147.23228525749352,4266.116020641813,3.709666104905924,,,,
116,0,1160,142,163.0,39.65651335606026,0.00024345109889484172,585.3955672039333,1.3176560523956848,0.002434510988948417,0.23522590157632647,1.5528819539720113,594.7238063114862,0.23522590157632647,9.328239107552907,0.09654421754870837,5.512588857855834,121.26710839818779,5667.217935232543,10,2024-05-03 14:12:00,93.28239107552906,4359.398411717341,3.7581020790666737,,,,
117,0,1170,146,145.0,6.6782507724386395,5.235478775779192e-05,593.7027206397652,1.3224080936172224,0.0005235478775779193,0.23574944945390439,1.5581575430711267,595.2771145826827,0.23574944945390439,1.5743939429175209,0.0034963840178433496,5.516085241873678,20.467121257927772,5687.685056490471,10,2024-05-04 00:12:00,15.743939429175208,4375.142351146516,3.7394379069628343,,,,
118,0,1180,147,46.0,37.5509225497025,0.000251455178254579,615.5435567376255,1.3763581774206635,0.0025145517825457897,0.23826400123645017,1.6146221786571135,624.4905897944377,0.23826400123645017,8.947033056812161,0.0944237392335933,5.610508981107271,116.3114297385581,5803.996486229029,10,2024-05-04 10:12:00,89.47033056812161,4464.612681714638,3.783570069249693,,,,
119,0,1190,142,163.0,39.65651335606026,0.00024345109889484172,585.3955672039333,1.3176560523956848,0.002434510988948417,0.2406985122253986,1.5583545646210835,594.9408309687836,0.2406985122253986,9.545263764850352,0.09654421754870837,5.70705319865598,124.08842894305458,5928.084915172083,10,2024-05-04 20:15:00,95.45263764850353,4560.0653193631415,3.831987663330371,,,,
120,0,1200,145,54.0,49.28069229248029,0.00021571403810990503,616.8438824479288,1.419732192873903,0.0021571403810990504,0.24285565260649764,1.6625878454804006,628.8119771355191,0.24285565260649764,11.968094687590298,0.10630537135262597,5.813358570008606,155.58523093867387,6083.670146110757,10,2024-05-05 06:12:00,119.68094687590298,4679.746266239044,3.8997885551992035,,,,
121,0,1210,145,163.0,39.65651335606026,0.00024345109889484172,585.3955672039333,1.3176560523956848,0.002434510988948417,0.24529016359544606,1.562946215991131,595.1229198526663,0.24529016359544606,9.727352648733012,0.09654421754870837,5.909902787557314,126.45558443352917,6210.125730544286,10,2024-05-05 16:15:00,97.27352648733012,4777.019792726374,3.9479502419226233,,,,
122,0,1220,145,137.0,46.66972783914886,0.00030126755775248057,573.2433649276791,1.2838885825738169,0.0030126755775248056,0.24830283917297086,1.5321914217467878,584.8315908535695,0.24830283917297086,11.5882259258905,0.1406007492707333,6.050503536828048,150.6469370365765,6360.772667580863,10,2024-05-06 02:15:00,115.882259258905,4892.902051985279,4.01057545244695,,,,
123,0,1230,145,129.0,22.62640035006081,3.779815816439384e-05,651.0454858690287,1.4555125792397186,0.0003779815816439384,0.24868082075461478,1.7041933999943333,656.6722376788043,0.24868082075461478,5.626751809775625,0.008552362591224947,6.059055899419273,73.14777352708313,6433.920441107945,10,2024-05-06 12:15:00,56.26751809775625,4949.169570083036,4.023715097628484,,,,
124,0,1240,146,145.0,6.6782507724386395,5.235478775779192e-05,593.7027206397652,1.3224080936172224,0.0005235478775779193,0.2492043686321927,1.5716124622494152,595.3669699070782,0.2492043686321927,1.6642492673130242,0.0034963840178433496,6.062552283437117,21.635240475069317,6455.555681583015,10,2024-05-06 22:15:00,16.642492673130242,4965.812062756167,4.004687147384005,,,,
125,0,1250,147,44.0,70.34247663042913,0.00040569092154480547,625.9717658433082,1.414454480229867,0.004056909215448054,0.25326127784764074,1.6677157580775077,643.7867913616984,0.25326127784764074,17.81502551839029,0.28537304167942734,6.3479253251165435,231.59533173907377,6687.151013322089,10,2024-05-07 08:15:00,178.15025518390289,5143.96231794007,4.115169854352056,,,,
126,0,1260,147,145.0,6.6782507724386395,5.235478775779192e-05,593.7027206397652,1.3224080936172224,0.0005235478775779193,0.25378482572521865,1.576192919342441,595.3975593481978,0.25378482572521865,1.694838708432647,0.0034963840178433496,6.351421709134387,22.03290320962441,6709.183916531713,10,2024-05-07 18:15:00,16.94838708432647,5160.9107050243965,4.095960877003489,,,,
127,0,1270,144,163.0,39.65651335606026,0.00024345109889484172,585.3955672039333,1.3176560523956848,0.002434510988948417,0.2562193367141671,1.573875389109852,595.5563327524196,0.2562193367141671,10.160765548486268,0.09654421754870837,6.4479659266830955,132.08995213032148,6841.273868662035,10,2024-05-08 04:15:00,101.60765548486268,5262.518360509259,4.143715244495479,,,,
128,0,1280,46,83.0,37.867061945629686,0.00011855962316774961,643.7257203209549,1.4882463446822627,0.0011855962316774961,0.2574049329458446,1.7456512776281072,653.4728888619259,0.2574049329458446,9.747168540970954,0.044895045947436873,6.492860972630533,126.7131910326224,6967.987059694658,10,2024-05-08 14:12:00,97.47168540970954,5359.9900459189685,4.1874922233741945,,,,
129,0,1290,46,83.0,37.867061945629686,0.00011855962316774961,643.7257203209549,1.4882463446822627,0.0011855962316774961,0.2585905291775221,1.7468368738597848,653.5177839078733,0.2585905291775221,9.792063586918392,0.044895045947436873,6.537756018577969,127.29682662993909,7095.283886324597,10,2024-05-08 14:12:00,97.92063586918391,5457.910681788152,4.230938513014071,,,,
130,0,1300,123,47.0,60.55982390341438,0.0003005983369200923,605.1384340711892,1.3693754243478768,0.003005983369200923,0.26159651254672306,1.6309719368945998,620.9806728047661,0.26159651254672306,15.84223873357688,0.18204182349540016,6.719797842073369,205.94910353649942,7301.232989861096,10,2024-05-10 09:54:00,158.4223873357688,5616.333069123921,4.3202562070184,,,,
131,0,1310,123,47.0,60.55982390341438,0.0003005983369200923,605.1384340711892,1.3693754243478768,0.003005983369200923,0.264602495915924,1.633977920263801,621.1627146282615,0.264602495915924,16.02428055707228,0.18204182349540016,6.901839665568769,208.31564724193967,7509.548637103036,10,2024-05-10 09:54:00,160.2428055707228,5776.575874694643,4.409599904347056,,,,
132,0,1320,150,158.0,32.62925747332522,0.00019161009090992023,562.2082716412189,1.2494264028439592,0.0019161009090992024,0.2665185968250232,1.5159449996689824,570.9045755584519,0.2665185968250232,8.69630391723304,0.0625209499078704,6.9643606154766395,113.05195092402953,7622.600588027065,10,2024-05-10 18:24:00,86.9630391723304,5863.538913866973,4.4420749347477075,,,,
133,0,1330,144,163.0,39.65651335606026,0.00024345109889484172,585.3955672039333,1.3176560523956848,0.002434510988948417,0.26895310781397164,1.5866091602096564,596.061309716112,0.26895310781397164,10.665742512178682,0.09654421754870837,7.060904833025348,138.65465265832287,7761.255240685387,10,2024-05-11 04:27:00,106.65742512178682,5970.1963389887605,4.488869427811098,,,,
134,0,1340,140,43.0,19.442226263778633,0.00032582664496920574,612.6722840209264,1.3829403742967508,0.003258266449692057,0.2722113742636637,1.6551517485604146,617.9646791509347,0.2722113742636637,5.292395130008278,0.06334795354259168,7.12425278656794,68.80113669010761,7830.056377375495,10,2024-05-11 14:21:00,52.92395130008278,6023.1202902888435,4.494865888275257,,,,
135,0,1350,145,46.0,37.5509225497025,0.000251455178254579,615.5435567376255,1.3763581774206635,0.0025145517825457897,0.2747259260462095,1.6510841034668728,625.8597687089821,0.2747259260462095,10.316211971356509,0.0944237392335933,7.218676525801533,134.11075562763463,7964.1671330031295,10,2024-05-12 00:27:00,103.16211971356509,6126.282410002409,4.537986970372155,,,,
136,0,1360,145,116.0,23.402981792039657,5.817373730777724e-05,617.6468481960467,1.3580203114314011,0.0005817373730777724,0.27530766341928725,1.6333279748506884,624.0898684302572,0.27530766341928725,6.443020234210562,0.013614389149888087,7.232290914951421,83.75926304473731,8047.926396047867,10,2024-05-12 20:12:00,64.43020234210562,6190.712612344515,4.551994567900379,,,,
137,0,1370,179,196.0,23.45083566200911,2.746367752380431e-05,574.8309486726679,1.263143962816737,0.0002746367752380431,0.2755823001945253,1.5387262630112621,581.2935839058881,0.2755823001945253,6.462635233220273,0.006440461882851482,7.238731376834273,84.01425803186355,8131.94065407973,10,2024-05-13 06:09:00,64.62635233220273,6255.338964676718,4.5659408501289915,,,,
138,0,1380,200,163.0,39.65651335606026,0.00024345109889484172,585.3955672039333,1.3176560523956848,0.002434510988948417,0.2780168111834737,1.5956728635791586,596.42074458984,0.2780168111834737,11.025177385906709,0.09654421754870837,7.335275594382981,143.32730601678722,8275.267960096517,10,2024-05-14 13:45:00,110.25177385906709,6365.590738535785,4.612746911982453,,,,
139,0,1390,200,406.0,55.70938548387105,0.0001149882370672052,522.962696144269,1.0776294123360106,0.001149882370672052,0.27916669355414575,1.3567961058901563,538.5149010897346,0.27916669355414575,15.552204945465606,0.06405924024887684,7.399334834631858,202.17866429105288,8477.446624387569,10,2024-05-14 23:45:00,155.52204945465607,6521.112787990441,4.691448048913986,,,,
140,0,1400,183,159.0,63.246447768535496,0.00016429387652179962,538.2467794901777,1.2079594107932876,0.0016429387652179962,0.28080963231936373,1.4887690431126512,556.0069912335659,0.28080963231936373,17.760211743388297,0.1039100408012622,7.50324487543312,230.88275266404787,8708.329377051616,10,2024-05-15 09:45:00,177.60211743388297,6698.714905424324,4.784796361017374,,,,
141,0,1410,148,196.0,23.45083566200911,2.746367752380431e-05,574.8309486726679,1.263143962816737,0.0002746367752380431,0.28108426909460177,1.5442282319113387,581.4226096743813,0.28108426909460177,6.591661001713452,0.006440461882851482,7.509685337315972,85.69159302227489,8794.02097007389,10,2024-05-15 19:45:00,65.91661001713452,6764.631515441458,4.79761100385919,,,,
142,0,1420,149,159.0,63.246447768535496,0.00016429387652179962,538.2467794901777,1.2079594107932876,0.0016429387652179962,0.28272720785981975,1.4906866186531074,556.1282710748277,0.28272720785981975,17.881491584649968,0.1039100408012622,7.613595378117234,232.4593906004496,9026.48036067434,10,2024-05-16 05:42:00,178.81491584649967,6943.446431287957,4.889751007949266,,,,
143,0,1430,145,145.0,6.6782507724386395,5.235478775779192e-05,593.7027206397652,1.3224080936172224,0.0005235478775779193,0.28325075573739766,1.60565884935462,595.5943402180623,0.28325075573739766,1.8916195782971044,0.0034963840178433496,7.617091762135077,24.591054517862357,9051.071415192204,10,2024-05-16 15:45:00,18.916195782971045,6962.362627070928,4.8687850538957544,,,,
144,0,1440,193,158.0,32.62925747332522,0.00019161009090992023,562.2082716412189,1.2494264028439592,0.0019161009090992024,0.2851668566464969,1.534593259490456,571.5130544295962,0.2851668566464969,9.30478278837737,0.0625209499078704,7.679612712042948,120.96217624890582,9172.03359144111,10,2024-05-17 01:45:00,93.04782788377369,7055.410454954702,4.899590593718543,,,,
145,0,1450,151,116.0,23.402981792039657,5.817373730777724e-05,617.6468481960467,1.3580203114314011,0.0005817373730777724,0.28574859401957464,1.6437689054509756,624.3342173389877,0.28574859401957464,6.687369142941037,0.013614389149888087,7.693227101192836,86.93579885823348,9258.969390299344,10,2024-05-17 11:42:00,66.87369142941037,7122.284146384112,4.9119201009545606,,,,
146,0,1460,197,163.0,39.65651335606026,0.00024345109889484172,585.3955672039333,1.3176560523956848,0.002434510988948417,0.28818310500852307,1.605839157404208,596.8239043566947,0.28818310500852307,11.428337152761411,0.09654421754870837,7.789771318741544,148.56838298589835,9407.537773285243,10,2024-05-17 21:45:00,114.28337152761412,7236.567517911726,4.956553094460086,,,,
147,0,1470,195,158.0,32.62925747332522,0.00019161009090992023,562.2082716412189,1.2494264028439592,0.0019161009090992024,0.2900992059176223,1.5395256087615814,571.6739933239121,0.2900992059176223,9.465721682693289,0.0625209499078704,7.852292268649415,123.05438187501275,9530.592155160255,10,2024-05-18 07:45:00,94.65721682693288,7331.224734738659,4.987227710706571,,,,
148,0,1480,144,53.0,38.28964663023681,0.00015086644918688348,577.2120279349608,1.3413498910759425,0.0015086644918688348,0.2916078704094911,1.6329577614854336,588.3775902475361,0.2916078704094911,11.165562312575304,0.05776623027724346,7.9100584989266585,145.15231006347895,9675.744465223734,10,2024-05-18 17:45:00,111.65562312575304,7442.880357864412,5.028973214773251,,,,
149,0,1490,184,177.0,26.757504107909316,0.00011352334191079416,540.8114781074536,1.2096784488451857,0.0011352334191079415,0.292743103828599,1.5024215526737847,548.6445529107094,0.292743103828599,7.833074803255862,0.030376012875216685,7.940434511801875,101.82997244232621,9777.57443766606,10,2024-05-19 03:45:00,78.33074803255862,7521.21110589697,5.047792688521457,,,,
150,0,1500,185,47.0,60.55982390341438,0.0003005983369200923,605.1384340711892,1.3693754243478768,0.003005983369200923,0.29574908719779996,1.6651245115456768,623.0489467114835,0.29574908719779996,17.91051264029431,0.18204182349540016,8.122476335297275,232.83666432382606,10010.411101989886,10,2024-05-19 23:45:00,179.1051264029431,7700.316232299913,5.133544154866609,,,,
151,0,1510,146,44.0,70.34247663042913,0.00040569092154480547,625.9717658433082,1.414454480229867,0.004056909215448054,0.299805996413248,1.714260476643115,647.0608621396696,0.299805996413248,21.08909629636142,0.28537304167942734,8.407849376976703,274.15825185269847,10284.569353842586,10,2024-05-20 09:42:00,210.8909629636142,7911.207195263528,5.239210063088429,,,,
152,0,1520,190,137.0,46.66972783914886,0.00030126755775248057,573.2433649276791,1.2838885825738169,0.0030126755775248056,0.30281867199077284,1.5867072545645897,587.3758299341009,0.30281867199077284,14.132465006421858,0.1406007492707333,8.548450126247436,183.72204508348418,10468.29139892607,10,2024-05-20 19:39:00,141.3246500642186,8052.531845327747,5.29771831929457,,,,
153,0,1530,146,43.0,19.442226263778633,0.00032582664496920574,612.6722840209264,1.3829403742967508,0.003258266449692057,0.3060769384404649,1.6890173127372157,618.6231011122106,0.3060769384404649,5.950817091284162,0.06334795354259168,8.611798079790027,77.36062218669412,10545.652021112764,10,2024-05-21 05:42:00,59.50817091284162,8112.040016240589,5.301986938719339,,,,
154,0,1540,172,163.0,39.65651335606026,0.00024345109889484172,585.3955672039333,1.3176560523956848,0.002434510988948417,0.30851144942941333,1.626167501825098,597.6300556187283,0.30851144942941333,12.234488414795038,0.09654421754870837,8.708342297338735,159.0483493923355,10704.7003705051,10,2024-05-21 15:42:00,122.34488414795038,8234.384900388539,5.3470031820704795,,,,
155,0,1550,201,46.0,37.5509225497025,0.000251455178254579,615.5435567376255,1.3763581774206635,0.0025145517825457897,0.3110260012119591,1.6873841786326227,627.2228700200794,0.3110260012119591,11.679313282453952,0.0944237392335933,8.802766036572327,151.83107267190138,10856.531443177,10,2024-05-22 01:42:00,116.79313282453953,8351.178033213078,5.387856795621341,,,,
156,0,1560,164,129.0,22.62640035006081,3.779815816439384e-05,651.0454858690287,1.4555125792397186,0.0003779815816439384,0.31140398279360304,1.7669165620333216,658.0914370543202,0.31140398279360304,7.04595118529151,0.008552362591224947,8.811318399163552,91.59736540878964,10948.12880858579,10,2024-05-22 11:45:00,70.4595118529151,8421.637545065994,5.398485605811535,,,,
157,0,1570,201,43.0,19.442226263778633,0.00032582664496920574,612.6722840209264,1.3829403742967508,0.003258266449692057,0.3146622492432951,1.6976026235400459,618.7900186673841,0.3146622492432951,6.1177346464576505,0.06334795354259168,8.874666352706143,79.53055040394946,11027.65935898974,10,2024-05-22 21:42:00,61.1773464645765,8482.81489153057,5.403066809892083,,,,
158,0,1580,195,46.0,37.5509225497025,0.000251455178254579,615.5435567376255,1.3763581774206635,0.0025145517825457897,0.3171768010258409,1.6935349784465044,627.4538382275093,0.3171768010258409,11.91028148988375,0.0944237392335933,8.969090091939735,154.83365936848878,11182.49301835823,10,2024-05-23 07:45:00,119.10281489883751,8601.917706429407,5.444251712930004,,,,
159,0,1590,185,145.0,6.6782507724386395,5.235478775779192e-05,593.7027206397652,1.3224080936172224,0.0005235478775779193,0.3177003489034188,1.6401084425206411,595.8244032402334,0.3177003489034188,2.121682600468282,0.0034963840178433496,8.972586475957579,27.581873806087668,11210.074892164317,10,2024-05-23 17:42:00,21.216826004682822,8623.13453243409,5.4233550518453395,,,,
160,0,1600,198,163.0,39.65651335606026,0.00024345109889484172,585.3955672039333,1.3176560523956848,0.002434510988948417,0.32013485989236723,1.637790912288052,598.0909995509954,0.32013485989236723,12.695432347062141,0.09654421754870837,9.069130693506287,165.04062051180784,11375.115512676124,10,2024-05-24 03:42:00,126.9543234706214,8750.08885590471,5.4688055349404445,,,,
161,0,1610,197,43.0,19.442226263778633,0.00032582664496920574,612.6722840209264,1.3829403742967508,0.003258266449692057,0.3233931263420593,1.70633350063881,618.9597663554196,0.3233931263420593,6.287482334493067,0.06334795354259168,9.132478647048877,81.73727034840987,11456.852783024535,10,2024-05-24 13:42:00,62.87482334493067,8812.963679249642,5.473890484005989,,,,
162,0,1620,198,163.0,39.65651335606026,0.00024345109889484172,585.3955672039333,1.3176560523956848,0.002434510988948417,0.3258276373310077,1.6434836897266925,598.316755255524,0.3258276373310077,12.921188051590667,0.09654421754870837,9.229022864597585,167.97544467067868,11624.828227695214,10,2024-05-24 23:42:00,129.21188051590667,8942.175559765548,5.5198614566454,,,,
163,0,1630,173,129.0,22.62640035006081,3.779815816439384e-05,651.0454858690287,1.4555125792397186,0.0003779815816439384,0.32620561891265165,1.7817181981523702,658.4263447989857,0.32620561891265165,7.380858929957024,0.008552362591224947,9.23757522718881,95.95116608944132,11720.779393784655,10,2024-05-25 09:42:00,73.80858929957024,9015.984149065118,5.531278619058354,,,,
164,0,1640,182,142.0,9.560726044895635,0.00011412576193369198,593.687511385097,1.284983311131055,0.0011412576193369198,0.3273468765319886,1.6123301876630434,596.8171851932716,0.3273468765319886,3.1296738081746187,0.010911251445130077,9.24848647863394,40.685759506270045,11761.465153290925,10,2024-05-25 19:42:00,31.296738081746188,9047.280887146864,5.516634687284673,,,,
165,0,1650,159,43.0,19.442226263778633,0.00032582664496920574,612.6722840209264,1.3829403742967508,0.003258266449692057,0.33060514298168064,1.7135455172784315,619.0999840147451,0.33060514298168064,6.427699993818721,0.06334795354259168,9.31183443217653,83.56009991964339,11845.025253210568,10,2024-05-26 05:42:00,64.27699993818722,9111.557887085051,5.522156295203062,,,,
166,0,1660,198,129.0,22.62640035006081,3.779815816439384e-05,651.0454858690287,1.4555125792397186,0.0003779815816439384,0.33098312456332457,1.7864957038030431,658.5344425545125,0.33098312456332457,7.488956685483828,0.008552362591224947,9.320386794767755,97.35643691128976,11942.381690121858,10,2024-05-26 15:39:00,74.88956685483828,9186.447453939889,5.534004490325234,,,,
167,0,1670,200,43.0,19.442226263778633,0.00032582664496920574,612.6722840209264,1.3829403742967508,0.003258266449692057,0.33424139101301664,1.7171817653097674,619.1706807717217,0.33424139101301664,6.498396750795176,0.06334795354259168,9.383734748310346,84.4791577603373,12026.860847882195,10,2024-05-27 01:42:00,64.98396750795176,9251.43142144784,5.539779294280144,,,,
168,0,1680,198,145.0,6.6782507724386395,5.235478775779192e-05,593.7027206397652,1.3224080936172224,0.0005235478775779193,0.33476493889059455,1.6571730325078171,595.9383648514967,0.33476493889059455,2.235644211731487,0.0034963840178433496,9.38723113232819,29.063374752509333,12055.924222634705,10,2024-05-28 23:54:00,22.35644211731487,9273.787863565154,5.520111823550687,,,,
169,0,1690,164,158.0,32.62925747332522,0.00019161009090992023,562.2082716412189,1.2494264028439592,0.0019161009090992024,0.33668103979969377,1.586107442643653,573.19392397523,0.33668103979969377,10.985652334011062,0.0625209499078704,9.44975208223606,142.8134803421438,12198.737702976849,10,2024-05-29 09:54:00,109.85652334011063,9383.644386905265,5.552452299943944,,,,
170,0,1700,179,191.0,31.827509305702712,7.304989580016473e-05,629.9770311175635,1.3978877673039205,0.0007304989580016473,0.3374115387576954,1.735299306061616,640.7160000072255,0.3374115387576954,10.738968889662022,0.023249962383603565,9.473002044619664,139.60659556560628,12338.344298542455,10,2024-05-29 19:51:00,107.38968889662021,9491.034075801887,5.582961221059933,,,,
171,0,1710,164,191.0,31.827509305702712,7.304989580016473e-05,629.9770311175635,1.3978877673039205,0.0007304989580016473,0.33814203771569706,1.7360298050196175,640.7392499696091,0.33814203771569706,10.762218852045626,0.023249962383603565,9.496252007003267,139.90884507659314,12478.25314361905,10,2024-05-30 05:54:00,107.62218852045626,9598.656264322342,5.613249277381486,,,,
172,0,1720,175,43.0,19.442226263778633,0.00032582664496920574,612.6722840209264,1.3829403742967508,0.003258266449692057,0.34140030416538913,1.72434067846214,619.3098659810328,0.34140030416538913,6.637581960106342,0.06334795354259168,9.559599960545858,86.28856548138245,12564.541709100431,10,2024-05-30 15:48:00,66.37581960106343,9665.032083923406,5.619204699955469,,,,
173,0,1730,166,137.0,46.66972783914886,0.00030126755775248057,573.2433649276791,1.2838885825738169,0.0030126755775248056,0.34441297974291396,1.628301562316731,589.3170249565511,0.34441297974291396,16.073660028872084,0.1406007492707333,9.700200709816592,208.9575803753371,12773.499289475769,10,2024-05-31 01:51:00,160.73660028872084,9825.768684212127,5.679635077579264,,,,
174,0,1740,172,116.0,23.402981792039657,5.817373730777724e-05,617.6468481960467,1.3580203114314011,0.0005817373730777724,0.3449947171159917,1.7030150285473928,625.7207532790621,0.3449947171159917,8.073905083015427,0.013614389149888087,9.71381509896648,104.96076607920057,12878.46005555497,10,2024-06-05 11:21:00,80.73905083015427,9906.507735042282,5.6933952500243,,,,
175,0,1750,200,137.0,46.66972783914886,0.00030126755775248057,573.2433649276791,1.2838885825738169,0.0030126755775248056,0.34800739269351655,1.6318959752673334,589.4847752306973,0.34800739269351655,16.24141030301822,0.1406007492707333,9.854415848237213,211.13833393923687,13089.598389494207,10,2024-06-05 21:24:00,162.41410303018222,10068.921838072463,5.7536696217556935,,,,
176,0,1760,171,145.0,6.6782507724386395,5.235478775779192e-05,593.7027206397652,1.3224080936172224,0.0005235478775779193,0.34853094057109446,1.6709390341883168,596.0302976628528,0.34853094057109446,2.3275770230876773,0.0034963840178433496,9.857912232255057,30.258501300139805,13119.856890794346,10,2024-06-06 07:24:00,23.275770230876773,10092.19760830334,5.734203186535989,,,,
177,0,1770,199,145.0,6.6782507724386395,5.235478775779192e-05,593.7027206397652,1.3224080936172224,0.0005235478775779193,0.3490544884486724,1.6714625820658948,596.0337940468706,0.3490544884486724,2.3310734071055204,0.0034963840178433496,9.8614086162729,30.303954292371763,13150.160845086719,10,2024-07-11 15:27:00,23.310734071055204,10115.508342374396,5.714976464618303,,,,
178,0,1780,172,145.0,6.6782507724386395,5.235478775779192e-05,593.7027206397652,1.3224080936172224,0.0005235478775779193,0.3495780363262503,1.6719861299434728,596.0372904308886,0.3495780363262503,2.334569791123364,0.0034963840178433496,9.864905000290744,30.349407284603732,13180.510252371323,10,2024-07-14 20:30:00,23.34569791123364,10138.85404028563,5.695985415890804,,,,
179,0,1790,171,145.0,6.6782507724386395,5.235478775779192e-05,593.7027206397652,1.3224080936172224,0.0005235478775779193,0.3501015842038282,1.6725096778210506,596.0407868149064,0.3501015842038282,2.338066175141207,0.0034963840178433496,9.868401384308587,30.39486027683569,13210.905112648159,10,2024-07-15 15:33:00,23.38066175141207,10162.234702037043,5.677226090523488,,,,
180,0,1800,198,145.0,6.6782507724386395,5.235478775779192e-05,593.7027206397652,1.3224080936172224,0.0005235478775779193,0.3506251320814061,1.6730332256986284,596.0442831989242,0.3506251320814061,2.3415625591590503,0.0034963840178433496,9.87189776832643,30.440313269067655,13241.345425917227,10,2024-07-16 13:36:00,23.415625591590505,10185.650327628635,5.658694626460353,,,,
181,0,1810,200,118.0,28.24019016142096,6.960878432987378e-05,636.8522514279825,1.4195217785797425,0.0006960878432987379,0.35132121992470483,1.7708429985044474,646.7736294863986,0.35132121992470483,9.921378058416058,0.01965765306380975,9.89155542139024,128.97791475940875,13370.323340676636,10,2024-07-18 08:30:00,99.21378058416059,10284.864108212796,5.682245363653479,,,,
182,0,1820,199,142.0,9.560726044895635,0.00011412576193369198,593.687511385097,1.284983311131055,0.0011412576193369198,0.35246247754404175,1.6374457886750966,597.0573085740008,0.35246247754404175,3.3697971889037626,0.010911251445130077,9.90246667283537,43.80736345574891,13414.130704132385,10,2024-07-18 18:30:00,33.697971889037625,10318.562080101834,5.669539604451558,,,,
183,0,1830,200,118.0,28.24019016142096,6.960878432987378e-05,636.8522514279825,1.4195217785797425,0.0006960878432987379,0.3531585653873405,1.772680343967083,646.8255164716556,0.3531585653873405,9.973265043673113,0.01965765306380975,9.92212432589918,129.65244556775048,13543.783149700135,10,2024-07-19 12:18:00,99.73265043673112,10418.294730538566,5.693057229802495,,,,
184,0,1840,199,145.0,6.6782507724386395,5.235478775779192e-05,593.7027206397652,1.3224080936172224,0.0005235478775779193,0.3536821132649184,1.6760902068821408,596.0646984858744,0.3536821132649184,2.3619778461091716,0.0034963840178433496,9.925620709917023,30.705711999419233,13574.488861699554,10,2024-07-19 22:18:00,23.619778461091716,10441.914508999658,5.674953537499814,,,,
185,0,1850,183,118.0,28.24019016142096,6.960878432987378e-05,636.8522514279825,1.4195217785797425,0.0006960878432987379,0.3543782011082171,1.7738999796879595,646.8599592163408,0.3543782011082171,10.00770778835833,0.01965765306380975,9.945278362980833,130.1002012486583,13704.589062948213,10,2024-07-20 15:48:00,100.0770778835833,10541.991586883241,5.698373830747698,,,,
186,0,1860,196,145.0,6.6782507724386395,5.235478775779192e-05,593.7027206397652,1.3224080936172224,0.0005235478775779193,0.354901748985795,1.6773098426030175,596.0728435190694,0.354901748985795,2.3701228793042097,0.0034963840178433496,9.948774746998676,30.811597430954727,13735.400660379168,10,2024-07-21 01:48:00,23.701228793042098,10565.692815676284,5.68048000842811,,,,
187,0,1870,189,145.0,6.6782507724386395,5.235478775779192e-05,593.7027206397652,1.3224080936172224,0.0005235478775779193,0.35542529686337293,1.6778333904805953,596.0763399030873,0.35542529686337293,2.373619263322053,0.0034963840178433496,9.95227113101652,30.857050423186692,13766.257710802354,10,2024-07-21 16:39:00,23.736192633220533,10589.429008309506,5.6627962611280775,,,,
188,0,1880,200,117.0,23.03825401005241,0.00020684217027637744,647.8987724232238,1.4559535451107442,0.0020684217027637742,0.3574937185661367,1.8134472636768808,656.1348035185487,0.3574937185661367,8.236031095324847,0.047652824588176955,9.999923955604697,107.06840423922301,13873.326115041576,10,2024-07-22 09:15:00,82.36031095324847,10671.789319262754,5.676483680458912,,,,
189,0,1890,197,142.0,9.560726044895635,0.00011412576193369198,593.687511385097,1.284983311131055,0.0011412576193369198,0.35863497618547363,1.6436182873165286,597.1163221425239,0.35863497618547363,3.4288107574269833,0.010911251445130077,10.010835207049826,44.574539846550785,13917.900654888128,10,2024-07-22 19:15:00,34.28810757426983,10706.077426837024,5.664591231130701,,,,
190,0,1900,193,125.0,13.532298418604775,7.742364716160098e-05,656.1067782796429,1.4361072927975123,0.0007742364716160098,0.35940921265708964,1.7955165054546018,660.9704109997144,0.35940921265708964,4.8636327200715215,0.01047719898047547,10.021312406030301,63.22722536092978,13981.127880249058,10,2024-07-25 11:15:00,48.636327200715215,10754.713754037739,5.660375660019863,,,,
191,0,1910,185,136.0,39.999381031835426,0.0002137392137858344,620.035865223498,1.3736962311637075,0.0021373921378583438,0.361546604794948,1.7352428359586556,634.4975056294576,0.361546604794948,14.461640405959542,0.0854943625366452,10.106806768566946,188.00132527747405,14169.129205526531,10,2024-07-25 21:15:00,144.61640405959542,10899.330158097335,5.706455580155673,,,,
192,0,1920,187,142.0,9.560726044895635,0.00011412576193369198,593.687511385097,1.284983311131055,0.0011412576193369198,0.3626878624142849,1.6476711735453398,597.1550706774487,0.3626878624142849,3.4675592923517784,0.010911251445130077,10.117718020012076,45.078270800573115,14214.207476327105,10,2024-07-26 07:15:00,34.67559292351778,10934.005751020852,5.694794661990027,,,,
193,0,1930,163,145.0,6.6782507724386395,5.235478775779192e-05,593.7027206397652,1.3224080936172224,0.0005235478775779193,0.3632114102918628,1.6856195039090853,596.1283375211053,0.3632114102918628,2.4256168813401606,0.0034963840178433496,10.121214404029919,31.53301945742209,14245.740495784527,10,2024-07-26 17:15:00,24.256168813401608,10958.261919834253,5.677855917012566,,,,
194,0,1940,140,393.0,20.94719866071462,0.00014391272197619595,545.4990184749073,1.1878194509707216,0.0014391272197619596,0.3646505375116248,1.5524699884823465,553.1374257258997,0.3646505375116248,7.638407250992373,0.030145683770395674,10.151360087800315,99.29929426290086,14345.039790047427,10,2024-07-27 03:15:00,76.38407250992373,11034.645992344176,5.687961851723802,,,,
195,0,1950,192,145.0,6.6782507724386395,5.235478775779192e-05,593.7027206397652,1.3224080936172224,0.0005235478775779193,0.3651740853892027,1.6875821790064252,596.1414447575902,0.3651740853892027,2.4387241178250165,0.0034963840178433496,10.154856471818158,31.703413531725214,14376.743203579152,10,2024-07-27 13:15:00,24.387241178250164,11059.033233522427,5.671299094114065,,,,
196,0,1960,110,196.0,23.45083566200911,2.746367752380431e-05,574.8309486726679,1.263143962816737,0.0002746367752380431,0.36544872216444074,1.6285926849811776,583.4010265990374,0.36544872216444074,8.570077926369526,0.006440461882851482,10.16129693370101,111.41101304280384,14488.154216621955,10,2024-07-27 23:15:00,85.70077926369527,11144.734012786123,5.686088782033736,,,,
197,0,1970,200,118.0,28.24019016142096,6.960878432987378e-05,636.8522514279825,1.4195217785797425,0.0006960878432987379,0.36614481000773946,1.7856665885874818,647.1922504892184,0.36614481000773946,10.33999906123591,0.01965765306380975,10.18095458676482,134.41998779606683,14622.574204418022,10,2024-08-01 10:12:00,103.39999061235909,11248.134003398482,5.709712692080448,,,,
198,0,1980,189,145.0,6.6782507724386395,5.235478775779192e-05,593.7027206397652,1.3224080936172224,0.0005235478775779193,0.3666683578853174,1.6890764515025398,596.1514238840416,0.3666683578853174,2.4487032442764285,0.0034963840178433496,10.184450970782663,31.83314217559357,14654.407346593616,10,2024-08-01 20:12:00,24.487032442764285,11272.621035841246,5.693242947394569,,,,
199,0,1990,163,145.0,6.6782507724386395,5.235478775779192e-05,593.7027206397652,1.3224080936172224,0.0005235478775779193,0.3671919057628953,1.6895999993801176,596.1549202680594,0.3671919057628953,2.4521996282942715,0.0034963840178433496,10.187947354800507,31.87859516782553,14686.285941761442,10,2024-08-02 16:00:00,24.521996282942716,11297.14303212419,5.676956297549844,,,,
200,0,2000,188,145.0,6.6782507724386395,5.235478775779192e-05,593.7027206397652,1.3224080936172224,0.0005235478775779193,0.3677154536404732,1.6901235472576956,596.1584166520773,0.3677154536404732,2.455696012312115,0.0034963840178433496,10.19144373881835,31.924048160057495,14718.209989921499,10,2024-08-04 12:03:00,24.55696012312115,11321.699992247311,5.660849996123655,,,,
201,0,2010,176,163.0,39.65651335606026,0.00024345109889484172,585.3955672039333,1.3176560523956848,0.002434510988948417,0.3701499646294216,1.6878060170251064,600.0744242200052,0.3701499646294216,14.678857016071891,0.09654421754870837,10.287987956367058,190.8251412089346,14909.035131130433,10,2024-08-04 22:03:00,146.7885701607189,11468.48856240803,5.705715702690562,,,,
202,0,2020,194,145.0,6.6782507724386395,5.235478775779192e-05,593.7027206397652,1.3224080936172224,0.0005235478775779193,0.37067351250699954,1.693081606124222,596.1781713109876,0.37067351250699954,2.4754506712224136,0.0034963840178433496,10.291484340384901,32.180858725891376,14941.215989856324,10,2024-08-05 16:18:00,24.754506712224135,11493.243069120255,5.6897242916436905,,,,
203,0,2030,200,118.0,28.24019016142096,6.960878432987378e-05,636.8522514279825,1.4195217785797425,0.0006960878432987379,0.37136960035029826,1.7908913789300407,647.3397995620459,0.37136960035029826,10.487548134063326,0.01965765306380975,10.311141993448711,136.33812574282325,15077.554115599147,10,2024-08-06 10:15:00,104.87548134063326,11598.11855046089,5.713358891852655,,,,
204,0,2040,174,159.0,63.246447768535496,0.00016429387652179962,538.2467794901777,1.2079594107932876,0.0016429387652179962,0.37301253911551624,1.580971949908804,561.838497562356,0.37301253911551624,23.591718072178303,0.1039100408012622,10.415052034249973,306.6923349383179,15384.246450537465,10,2024-08-06 20:15:00,235.91718072178304,11834.035731182672,5.800997907442486,,,,
205,0,2050,189,145.0,6.6782507724386395,5.235478775779192e-05,593.7027206397652,1.3224080936172224,0.0005235478775779193,0.37353608699309415,1.6959441806103166,596.1972883012605,0.37353608699309415,2.494567661495338,0.0034963840178433496,10.418548418267816,32.42937959943939,15416.675830136905,10,2024-08-07 14:18:00,24.94567661495338,11858.981407797626,5.784868979413476,,,,
206,0,2060,149,145.0,6.6782507724386395,5.235478775779192e-05,593.7027206397652,1.3224080936172224,0.0005235478775779193,0.37405963487067206,1.6964677284878946,596.2007846852783,0.37405963487067206,2.498064045513181,0.0034963840178433496,10.42204480228566,32.47483259167136,15449.150662728576,10,2024-08-08 08:21:00,24.980640455131812,11883.962048252757,5.768913615656678,,,,
207,0,2070,172,393.0,20.94719866071462,0.00014391272197619595,545.4990184749073,1.1878194509707216,0.0014391272197619596,0.37549876209043404,1.5633182130611556,553.3646656412681,0.37549876209043404,7.865647166360738,0.030145683770395674,10.452190486056056,102.2534131626896,15551.404075891265,10,2024-08-13 16:03:00,78.65647166360738,11962.618519916365,5.779042763244621,,,,
208,0,2080,200,393.0,20.94719866071462,0.00014391272197619595,545.4990184749073,1.1878194509707216,0.0014391272197619596,0.376937889310196,1.5647573402809176,553.3948113250384,0.376937889310196,7.895792850131133,0.030145683770395674,10.482336169826452,102.64530705170473,15654.04938294297,10,2024-08-15 10:21:00,78.95792850131133,12041.576448417676,5.789219446354652,,,,
209,0,2090,199,406.0,55.70938548387105,0.0001149882370672052,522.962696144269,1.0776294123360106,0.001149882370672052,0.37808777168086805,1.4557171840168786,544.0257335635763,0.37808777168086805,21.063037419307303,0.06405924024887684,10.546395410075329,273.81948645099493,15927.868869393966,10,2024-08-22 09:54:00,210.63037419307304,12252.20682261075,5.86229991512476,,,,
210,0,2100,156,196.0,23.45083566200911,2.746367752380431e-05,574.8309486726679,1.263143962816737,0.0002746367752380431,0.3783624084561061,1.641506371272843,583.703863334054,0.3783624084561061,8.872914661386108,0.006440461882851482,10.55283587195818,115.3478905980194,16043.216759991985,10,2024-08-23 10:51:00,88.72914661386108,12340.93596922461,5.876636175821243,,,,
211,0,2110,73,393.0,20.94719866071462,0.00014391272197619595,545.4990184749073,1.1878194509707216,0.0014391272197619596,0.37980153567586805,1.5676209866465896,553.4547966943542,0.37980153567586805,7.955778219446899,0.030145683770395674,10.582981555728576,103.4251168528097,16146.641876844795,10,2024-08-23 20:51:00,79.557782194469,12420.49375141908,5.886489929582503,,,,
212,0,2120,36,393.0,20.94719866071462,0.00014391272197619595,545.4990184749073,1.1878194509707216,0.0014391272197619596,0.38124066289563,1.5690601138663516,553.4849423781246,0.38124066289563,7.985923903217294,0.030145683770395674,10.613127239498972,103.81701074182484,16250.45888758662,10,2024-09-12 18:00:00,79.85923903217295,12500.352990451254,5.8963929200241765,,,,
213,0,2130,54,359.0,16.789763443687637,2.374444698025763e-05,513.3578455747016,1.0176448652457122,0.0002374444698025763,0.3814781073654326,1.3991229726111447,519.7627727563129,0.3814781073654326,6.404927181611288,0.0039866364789970885,10.617113875977969,83.26405336094675,16333.722940947566,10,2024-09-24 15:27:00,64.04927181611288,12564.402262267367,5.898780404820361,,,,
214,0,2140,97,342.0,11.405296114133082,0.0002511059148319687,500.30817951456237,1.0509412771005697,0.0025110591483196868,0.38398916651375226,1.434930443614322,504.6876896632709,0.38398916651375226,4.3795101487084995,0.028639373146688848,10.645753249124658,56.93363193321049,16390.656572880776,10,2024-09-28 17:27:00,43.79510148708499,12608.197363754452,5.891681011100212,,,,
215,0,2150,93,197.0,56.99919957886452,4.325505784119494e-05,564.8171994358484,1.3300003878316708,0.0004325505784119494,0.3844217170921642,1.714422104923835,586.7289296108344,0.3844217170921642,21.91173017498606,0.02465503674685599,10.670408285871513,284.8524922748188,16675.509065155595,10,2024-10-03 08:06:00,219.11730174986062,12827.314665504313,5.966192867676424,,,,
216,0,2160,130,369.0,10.744299418128703,6.849553167440085e-05,536.8494922227635,1.0792405046129725,0.0006849553167440085,0.3851066724089082,1.4643471770218808,540.987193619044,0.3851066724089082,4.137701396280514,0.0073593650111368125,10.67776765088265,53.79011815164668,16729.29918330724,10,2024-10-03 18:00:00,41.37701396280514,12868.691679467118,5.957727629382925,,,,
217,0,2170,120,369.0,10.744299418128703,6.849553167440085e-05,536.8494922227635,1.0792405046129725,0.0006849553167440085,0.38579162772565223,1.4650321323386248,540.9945529840552,0.38579162772565223,4.14506076129165,0.0073593650111368125,10.685127015893787,53.88578989679146,16783.184973204032,10,2024-10-04 04:03:00,41.4506076129165,12910.142287080034,5.949374325843333,,,,
218,0,2180,100,199.0,26.451945661156483,2.3606250994421164e-05,612.2401717829132,1.3541602229098684,0.00023606250994421163,0.38602769023559647,1.7401879131454647,622.451355268727,0.38602769023559647,10.211183485813745,0.006244312685680498,10.691371328579468,132.7453853155787,16915.93035851961,10,2024-10-04 14:03:00,102.11183485813746,13012.254121938171,5.96892390914595,,,,
219,0,2190,110,196.0,23.45083566200911,2.746367752380431e-05,574.8309486726679,1.263143962816737,0.0002746367752380431,0.3863023270108345,1.6494462898275715,583.8900610592507,0.3863023270108345,9.059112386582783,0.006440461882851482,10.69781179046232,117.76846102557619,17033.698819545185,10,2024-10-05 01:57:00,90.59112386582783,13102.845245804,5.983034358814612,,,,
220,0,2200,103,199.0,26.451945661156483,2.3606250994421164e-05,612.2401717829132,1.3541602229098684,0.00023606250994421163,0.38653838952077874,1.7406986124306472,622.4648642584677,0.38653838952077874,10.224692475554578,0.006244312685680498,10.704056103148,132.92100218220952,17166.619821727396,10,2024-10-08 01:42:00,102.24692475554578,13205.092170559545,6.002314622981611,,,,
221,0,2210,150,393.0,20.94719866071462,0.00014391272197619595,545.4990184749073,1.1878194509707216,0.0014391272197619596,0.3879775167405407,1.5757969677112622,553.6260605939622,0.3879775167405407,8.127042119054838,0.030145683770395674,10.734201786918396,105.65154754771291,17272.27136927511,10,2024-10-10 02:42:00,81.27042119054838,13286.362591750092,6.011928774547553,,,,
222,0,2220,188,199.0,26.451945661156483,2.3606250994421164e-05,612.2401717829132,1.3541602229098684,0.00023606250994421163,0.38821357925048494,1.7423738021603534,622.50917628617,0.38821357925048494,10.269004503256893,0.006244312685680498,10.740446099604076,133.49705854233963,17405.76842781745,10,2024-10-23 04:15:00,102.69004503256893,13389.05263678266,6.031104791343541,,,,
223,0,2230,200,196.0,23.45083566200911,2.746367752380431e-05,574.8309486726679,1.263143962816737,0.0002746367752380431,0.388488216025723,1.65163217884246,583.9413219833142,0.388488216025723,9.110373310646322,0.006440461882851482,10.746886561486928,118.4348530384022,17524.20328085585,10,2024-10-23 14:15:00,91.10373310646322,13480.156369889124,6.044913170353867,,,,
224,0,2240,200,369.0,10.744299418128703,6.849553167440085e-05,536.8494922227635,1.0792405046129725,0.0006849553167440085,0.389173171342467,1.4684136759554396,541.0308853011696,0.389173171342467,4.18139307840617,0.0073593650111368125,10.754245926498065,54.35811001928022,17578.56139087513,10,2024-10-24 00:15:00,41.813930784061704,13521.970300673185,6.0365938842291005,,,,
225,0,2250,198,199.0,26.451945661156483,2.3606250994421164e-05,612.2401717829132,1.3541602229098684,0.00023606250994421163,0.3894092338524112,1.7435694567622795,622.5408036767298,0.3894092338524112,10.30063189381656,0.006244312685680498,10.760490239183746,133.90821461961528,17712.469605494745,10,2024-10-24 10:15:00,103.00631893816559,13624.97661961135,6.055545164271711,,,,
226,0,2260,189,163.0,39.65651335606026,0.00024345109889484172,585.3955672039333,1.3176560523956848,0.002434510988948417,0.39184374484135964,1.7094997972370445,600.9347239047233,0.39184374484135964,15.539156700790047,0.09654421754870837,10.857034456732453,202.00903711027058,17914.478642605016,10,2024-10-25 12:39:00,155.39156700790048,13780.368186619251,6.097508047176659,,,,
227,0,2270,200,196.0,23.45083566200911,2.746367752380431e-05,574.8309486726679,1.263143962816737,0.0002746367752380431,0.3921183816165977,1.6552623444333345,584.0264524000117,0.3921183816165977,9.195503727343805,0.006440461882851482,10.863474918615305,119.54154845546947,18034.020191060485,10,2024-10-25 22:39:00,91.95503727343805,13872.323223892688,6.11115560523907,,,,
228,0,2280,200,191.0,31.827509305702712,7.304989580016473e-05,629.9770311175635,1.3978877673039205,0.0007304989580016473,0.3928488805745993,1.7907366478785198,642.4804325197864,0.3928488805745993,12.503401402222954,0.023249962383603565,10.886724880998909,162.54421822889842,18196.56440928938,10,2024-10-26 08:39:00,125.03401402222954,13997.357237914917,6.139191771015315,,,,
229,0,2290,200,145.0,6.6782507724386395,5.235478775779192e-05,593.7027206397652,1.3224080936172224,0.0005235478775779193,0.39337242845217724,1.7157805220693998,596.329760363932,0.39337242845217724,2.627039724166816,0.0034963840178433496,10.890221265016752,34.15151641416861,18230.71592570355,10,2024-10-26 18:39:00,26.270397241668164,14023.627635156585,6.1238548625137925,,,,
230,0,2300,199,191.0,31.827509305702712,7.304989580016473e-05,629.9770311175635,1.3978877673039205,0.0007304989580016473,0.3941029274101789,1.7919906947140993,642.5203457071156,0.3941029274101789,12.543314589552148,0.023249962383603565,10.913471227400356,163.0630896641779,18393.779015367727,10,2024-10-27 04:39:00,125.43314589552148,14149.060781052107,6.151765556979177,,,,
231,0,2310,201,163.0,39.65651335606026,0.00024345109889484172,585.3955672039333,1.3176560523956848,0.002434510988948417,0.3965374383991273,1.7141934907948122,601.1208594259862,0.3965374383991273,15.725292222052914,0.09654421754870837,11.010015444949063,204.42879888668787,18598.207814254416,10,2024-10-27 14:36:00,157.25292222052914,14306.313703272635,6.193209395356119,,,,
232,0,2320,200,159.0,63.246447768535496,0.00016429387652179962,538.2467794901777,1.2079594107932876,0.0016429387652179962,0.3981803771643453,1.606139787957633,563.4302739169582,0.3981803771643453,25.183494426780527,0.1039100408012622,11.113925485750325,327.3854275481469,18925.593241802562,10,2024-10-28 00:39:00,251.83494426780527,14558.14864754044,6.275064072215707,,,,
233,0,2330,199,163.0,39.65651335606026,0.00024345109889484172,585.3955672039333,1.3176560523956848,0.002434510988948417,0.4006148881532937,1.7182709405489787,601.282556866621,0.4006148881532937,15.886989662687679,0.09654421754870837,11.210469703299033,206.5308656149398,19132.1241074175,10,2024-10-28 10:39:00,158.8698966268768,14717.018544167317,6.316316971745629,,,,
234,0,2340,200,196.0,23.45083566200911,2.746367752380431e-05,574.8309486726679,1.263143962816737,0.0002746367752380431,0.40088952492853175,1.6640334877452687,584.2321430403878,0.40088952492853175,9.401194367719901,0.006440461882851482,11.216910165181885,122.21552678035872,19254.33963419786,10,2024-10-28 20:36:00,94.01194367719901,14811.030487844515,6.329500208480562,,,,
235,0,2350,200,192.0,19.350310795050056,0.0007274785510684111,640.3787873324052,1.4486453665786772,0.007274785510684111,0.40816431043921586,1.856809677017893,648.2768935948513,0.40816431043921586,7.898106262446121,0.1407693605990645,11.357679525780949,102.67538141179958,19357.015015609657,10,2024-10-29 06:36:00,78.98106262446122,14890.011550468977,6.336175127859139,,,,
236,0,2360,200,192.0,19.350310795050056,0.0007274785510684111,640.3787873324052,1.4486453665786772,0.007274785510684111,0.4154390959499,1.864084462528577,648.4176629554504,0.4154390959499,8.038875623045186,0.1407693605990645,11.498448886380013,104.50538309958743,19461.520398709243,10,2024-10-29 16:36:00,80.38875623045186,14970.400306699428,6.343389960465859,,,,
237,0,2370,201,198.0,43.29946243564552,0.00014342286406152888,629.7867554556274,1.4903148438883402,0.0014342286406152887,0.41687332459051524,1.9071881684788554,647.837146314157,0.41687332459051524,18.050390858529678,0.06210132914844864,11.560550215528462,234.65508116088583,19696.17547987013,10,2024-10-30 02:36:00,180.50390858529678,15150.904215284725,6.392786588727732,,,,
238,0,2380,200,45.0,1.5643464007667256,6.719208314285224e-05,634.3992757234289,1.4232760682345749,0.0006719208314285224,0.41754524542194377,1.8408213136565186,635.052461125262,0.41754524542194377,0.6531854018330768,0.0010511169342453947,11.561601332462708,8.49141022383,19704.66689009396,10,2024-10-30 12:39:00,6.531854018330768,15157.436069303056,6.368670617354225,,,,
239,0,2390,199,359.0,16.789763443687637,2.374444698025763e-05,513.3578455747016,1.0176448652457122,0.0002374444698025763,0.41778268989174633,1.4354275551374585,520.3723181088516,0.41778268989174633,7.014472534149931,0.0039866364789970885,11.565587968941704,91.1881429439491,19795.855033037908,10,2024-10-30 22:39:00,70.14472534149931,15227.580794644555,6.3713727174245,,,,
240,0,2400,197,47.0,60.55982390341438,0.0003005983369200923,605.1384340711892,1.3693754243478768,0.003005983369200923,0.42078867326094727,1.790164097608824,630.6213220244235,0.42078867326094727,25.48288795323434,0.18204182349540016,11.747629792437104,331.2775433920464,20127.132576429954,10,2024-10-31 08:36:00,254.8288795323434,15482.409674176899,6.4510040309070416,,,,
241,0,2410,200,196.0,23.45083566200911,2.746367752380431e-05,574.8309486726679,1.263143962816737,0.0002746367752380431,0.4210633100361853,1.6842072728529223,584.705235159628,0.4210633100361853,9.874286486960171,0.006440461882851482,11.754070254319956,128.36572433048224,20255.498300760435,10,2024-10-31 18:36:00,98.74286486960172,15581.152539046501,6.465208522425934,,,,
242,0,2420,200,197.0,56.99919957886452,4.325505784119494e-05,564.8171994358484,1.3300003878316708,0.0004325505784119494,0.42149586061459726,1.7514962484462682,588.842126116685,0.42149586061459726,24.02492668083669,0.02465503674685599,11.778725291066811,312.324046850877,20567.822347611313,10,2024-11-01 04:36:00,240.24926680836688,15821.401805854868,6.537769341262342,,,,
243,0,2430,200,159.0,63.246447768535496,0.00016429387652179962,538.2467794901777,1.2079594107932876,0.0016429387652179962,0.42313879937981524,1.6310982101731029,565.008805463994,0.42313879937981524,26.762025973816304,0.1039100408012622,11.882635331868073,347.90633765961195,20915.728685270926,10,2024-11-01 14:36:00,267.62025973816304,16089.022065593032,6.620996734811947,,,,
244,0,2440,200,406.0,55.70938548387105,0.0001149882370672052,522.962696144269,1.0776294123360106,0.001149882370672052,0.4242886817504873,1.501918094086498,546.5995578723504,0.4242886817504873,23.63686172808138,0.06405924024887684,11.94669457211695,307.27920246505795,21223.007887735985,10,2024-11-02 00:36:00,236.36861728081382,16325.390682873845,6.690733886423708,,,,
245,0,2450,200,163.0,39.65651335606026,0.00024345109889484172,585.3955672039333,1.3176560523956848,0.002434510988948417,0.4267231927394357,1.7443792451351205,602.3179211961454,0.4267231927394357,16.92235399221211,0.09654421754870837,12.043238789665658,219.9906018987574,21442.99848963474,10,2024-11-02 23:57:00,169.2235399221211,16494.614222795968,6.732495601141212,,,,
246,0,2460,200,191.0,31.827509305702712,7.304989580016473e-05,629.9770311175635,1.3978877673039205,0.0007304989580016473,0.42745369169743735,1.825341459001358,643.5818174678207,0.42745369169743735,13.604786350257166,0.023249962383603565,12.066488752049262,176.86222255334317,21619.860712188085,10,2024-11-03 09:57:00,136.04786350257166,16630.66208629854,6.76043174239778,,,,
247,0,2470,200,83.0,37.867061945629686,0.00011855962316774961,643.7257203209549,1.4882463446822627,0.0011855962316774961,0.4286392879291149,1.9168856326113777,659.9570307892973,0.4286392879291149,16.231310468342393,0.044895045947436873,12.111383797996698,211.00703608845112,21830.867748276538,10,2024-11-03 19:57:00,162.31310468342394,16792.975190981964,6.798775380964358,,,,
248,0,2480,189,83.0,37.867061945629686,0.00011855962316774961,643.7257203209549,1.4882463446822627,0.0011855962316774961,0.4298248841607924,1.918071228843055,660.0019258352447,0.4298248841607924,16.27620551428983,0.044895045947436873,12.156278843944134,211.59067168576783,22042.458419962306,10,2024-11-04 05:57:00,162.7620551428983,16955.737246124863,6.836990825050348,,,,
249,0,2490,198,54.0,49.28069229248029,0.00021571403810990503,616.8438824479288,1.419732192873903,0.0021571403810990504,0.43198202454189144,1.8517142174157946,638.1322556752604,0.43198202454189144,21.288373227331622,0.10630537135262597,12.26258421529676,276.7488519553111,22319.207271917618,10,2024-11-04 16:03:00,212.8837322733162,17168.62097839818,6.895028505380795,,,,
250,0,2500,200,156.0,53.66493329570027,0.00015916969115467488,602.3136878156005,1.3698272335845407,0.0015916969115467488,0.4335737214534382,1.8034009550379788,625.5813926561677,0.4335737214534382,23.26770484056729,0.0854183085851284,12.348002523881888,302.4801629273748,22621.687434844993,10,2024-11-05 01:57:00,232.6770484056729,17401.298026803852,6.96051921072154,,,,
251,0,2510,200,192.0,19.350310795050056,0.0007274785510684111,640.3787873324052,1.4486453665786772,0.007274785510684111,0.4408485069641223,1.8894938735427995,648.9093429556947,0.4408485069641223,8.530555623289557,0.1407693605990645,12.488771884480952,110.89722310276423,22732.58465794776,10,2024-11-05 11:57:00,85.30555623289557,17486.603583036747,6.966774335871214,,,,
252,0,2520,200,406.0,55.70938548387105,0.0001149882370672052,522.962696144269,1.0776294123360106,0.001149882370672052,0.44199838933479435,1.519627801670805,547.5861547989712,0.44199838933479435,24.62345865470218,0.06405924024887684,12.55283112472983,320.10496251112835,23052.68962045889,10,2024-11-05 21:57:00,246.2345865470218,17732.83816958377,7.036840543485623,,,,
253,0,2530,200,199.0,26.451945661156483,2.3606250994421164e-05,612.2401717829132,1.3541602229098684,0.00023606250994421163,0.4422344518447386,1.796394674754607,623.9381334726015,0.4422344518447386,11.697961689688348,0.006244312685680498,12.55907543741551,152.07350196594854,23204.763122424836,10,2024-11-06 07:57:00,116.97961689688348,17849.817786480653,7.055263947225555,,,,
254,0,2540,200,196.0,23.45083566200911,2.746367752380431e-05,574.8309486726679,1.263143962816737,0.0002746367752380431,0.4425090886199766,1.7056530514367134,585.2081565888404,0.4425090886199766,10.377207916172496,0.006440461882851482,12.565515899298362,134.90370291024246,23339.66682533508,10,2024-11-06 17:57:00,103.77207916172496,17953.589865642378,7.068342466788338,,,,
255,0,2550,200,374.0,18.949813308535482,2.5022289178529327e-05,497.8486858278368,1.0351423639342239,0.00025022289178529327,0.4427593115117619,1.4779016754459857,506.2388921216004,0.4427593115117619,8.390206293763592,0.004741677084853184,12.570257576383215,109.0726818189267,23448.739507154005,10,2024-11-07 03:57:00,83.90206293763592,18037.491928580013,7.073526246501966,,,,
256,0,2560,200,197.0,56.99919957886452,4.325505784119494e-05,564.8171994358484,1.3300003878316708,0.0004325505784119494,0.44319186209017386,1.7731922499218447,590.0787808348548,0.44319186209017386,25.26158139900642,0.02465503674685599,12.59491261313007,328.4005581870835,23777.14006534109,10,2024-11-07 13:57:00,252.6158139900642,18290.10774257008,7.144573336941437,,,,
257,0,2570,200,374.0,18.949813308535482,2.5022289178529327e-05,497.8486858278368,1.0351423639342239,0.00025022289178529327,0.44344208498195914,1.478584448916183,506.25183055139263,0.44344208498195914,8.403144723555851,0.004741677084853184,12.599654290214923,109.24088140622607,23886.380946747315,10,2024-11-07 23:57:00,84.03144723555852,18374.13918980564,7.1494705018698985,,,,
258,0,2580,200,197.0,56.99919957886452,4.325505784119494e-05,564.8171994358484,1.3300003878316708,0.0004325505784119494,0.4438746355603711,1.773875023392042,590.1176983761497,0.4438746355603711,25.300498940301345,0.02465503674685599,12.624309326961779,328.9064862239175,24215.287432971232,10,2024-11-08 09:57:00,253.00498940301344,18627.14417920865,7.219823325274671,,,,
259,0,2590,200,406.0,55.70938548387105,0.0001149882370672052,522.962696144269,1.0776294123360106,0.001149882370672052,0.44502451793104314,1.5226539302670536,547.7547385634633,0.44502451793104314,24.792042419194367,0.06405924024887684,12.688368567210656,322.2965514495268,24537.58398442076,10,2024-11-08 19:57:00,247.92042419194365,18875.064603400595,7.2876697310427,,,,
260,0,2600,200,194.0,11.236752889417371,6.343118206717855e-05,565.6855025401592,1.297234005680703,0.0006343118206717856,0.44565882975171495,1.742892835432418,570.6932606830661,0.44565882975171495,5.0077581429069475,0.007127605183725279,12.695496172394382,65.10085585779032,24602.684840278547,10,2024-11-09 05:57:00,50.077581429069475,18925.142184829663,7.278900840319102,,,,
261,0,2610,200,163.0,39.65651335606026,0.00024345109889484172,585.3955672039333,1.3176560523956848,0.002434510988948417,0.44809334074066337,1.7657493931363482,603.165386755777,0.44809334074066337,17.769819551843778,0.09654421754870837,12.79204038994309,231.00765417396912,24833.692494452516,10,2024-11-09 15:57:00,177.69819551843779,19102.8403803481,7.319095931167855,,,,
262,0,2620,197,196.0,23.45083566200911,2.746367752380431e-05,574.8309486726679,1.263143962816737,0.0002746367752380431,0.4483679775159014,1.7115119403326382,585.3455524295007,0.4483679775159014,10.514603756832798,0.006440461882851482,12.798480851825941,136.68984883882638,24970.38234329134,10,2024-11-10 01:57:00,105.14603756832798,19207.98641791643,7.331292525922301,,,,
263,0,2630,200,199.0,26.451945661156483,2.3606250994421164e-05,612.2401717829132,1.3541602229098684,0.00023606250994421163,0.44860404002584564,1.802764262935714,624.1066214730521,0.44860404002584564,11.866449690138937,0.006244312685680498,12.804725164511622,154.26384597180618,25124.64618926315,10,2024-11-10 22:30:00,118.66449690138937,19326.65091481782,7.348536469512479,,,,
264,0,2640,200,185.0,30.06981782905487,4.6167487090123126e-05,643.6355751577457,1.5488477830479352,0.00046167487090123126,0.44906571489674685,1.997913497944682,657.1388993979652,0.44906571489674685,13.50332424021947,0.01388247926425245,12.818607643775874,175.54321512285313,25300.189404386,10,2024-11-11 08:30:00,135.0332424021947,19461.684157220014,7.371850059553036,,,,
265,0,2650,200,47.0,60.55982390341438,0.0003005983369200923,605.1384340711892,1.3693754243478768,0.003005983369200923,0.4520716982659478,1.8214471226138247,632.5158165098925,0.4520716982659478,27.37738243870328,0.18204182349540016,13.000649467271273,355.9059717031426,25656.095376089143,10,2024-11-11 18:30:00,273.7738243870328,19735.457981607047,7.447342634568697,,,,
266,0,2660,200,192.0,19.350310795050056,0.0007274785510684111,640.3787873324052,1.4486453665786772,0.007274785510684111,0.4593464837766319,1.907991850355309,649.2672845560965,0.4593464837766319,8.888497223691246,0.1407693605990645,13.141418827870337,115.55046390798621,25771.645839997127,10,2024-11-12 04:30:00,88.88497223691246,19824.34295384396,7.452760508963895,,,,
267,0,2670,200,45.0,1.5643464007667256,6.719208314285224e-05,634.3992757234289,1.4232760682345749,0.0006719208314285224,0.4600184046080604,1.8832944728426353,635.118903858964,0.4600184046080604,0.7196281355350707,0.0010511169342453947,13.142469944804583,9.35516576195592,25781.001005759084,10,2024-11-12 14:30:00,7.196281355350706,19831.53923519931,7.427542784718843,,,,
268,0,2680,200,47.0,60.55982390341438,0.0003005983369200923,605.1384340711892,1.3693754243478768,0.003005983369200923,0.46302438797726136,1.8323998123251382,633.1791094700784,0.46302438797726136,28.040675398889167,0.18204182349540016,13.324511768299983,364.5287801855592,26145.529785944644,10,2024-11-13 00:30:00,280.4067539888917,20111.945989188203,7.504457458652315,,,,
269,0,2690,200,45.0,1.5643464007667256,6.719208314285224e-05,634.3992757234289,1.4232760682345749,0.0006719208314285224,0.4636963088086899,1.8869723770432647,635.1246573751625,0.4636963088086899,0.7253816517336902,0.0010511169342453947,13.325562885234229,9.429961472537972,26154.959747417182,10,2024-11-13 10:30:00,7.253816517336902,20119.19980570554,7.479256433347784,,,,
270,0,2700,200,45.0,1.5643464007667256,6.719208314285224e-05,634.3992757234289,1.4232760682345749,0.0006719208314285224,0.4643682296401184,1.8876442978746932,635.1257084920968,0.4643682296401184,0.7264327686679356,0.0010511169342453947,13.326614002168474,9.443625992683163,26164.403373409867,10,2024-11-13 20:30:00,7.264327686679356,20126.46413339222,7.454245975330451,,,,
271,0,2710,199,156.0,53.66493329570027,0.00015916969115467488,602.3136878156005,1.3698272335845407,0.0015916969115467488,0.4659599265516652,1.835787160136206,627.319396192465,0.4659599265516652,25.00570837686451,0.0854183085851284,13.412032310753602,325.07420889923867,26489.477582309104,10,2024-11-14 06:30:00,250.0570837686451,20376.521217160865,7.5190115192475515,,,,
272,0,2720,199,374.0,18.949813308535482,2.5022289178529327e-05,497.8486858278368,1.0351423639342239,0.00025022289178529327,0.46621014944345046,1.5013525133776744,506.6832811223346,0.46621014944345046,8.834595294497813,0.004741677084853184,13.416773987838456,114.84973882847157,26604.327321137574,10,2024-11-19 04:33:00,88.34595294497814,20464.867170105845,7.523848224303619,,,,
273,0,2730,200,390.0,,7.219610392669933e-05,454.58381812983845,1.002423662191127,0.0007219610392669933,0.46693211048271743,1.4693557726738447,454.58381812983845,0.46693211048271743,0.0,0.0,13.416773987838456,0.0,26604.327321137574,10,2024-11-20 14:27:00,0.0,20464.867170105845,7.496288340698111,,,,
274,0,2740,200,255.0,30.013500000000384,0.0005722164687618362,467.60370490138183,1.0913916669790027,0.005722164687618362,0.4726542751703358,1.5640459421493385,481.7897139892069,0.4726542751703358,14.186009087825056,0.1717421898518359,13.588516177690291,184.41811814172576,26788.7454392793,10,2024-11-21 00:27:00,141.86009087825056,20606.727260984095,7.520703379921202,,,,
275,0,2750,200,194.0,11.236752889417371,6.343118206717855e-05,565.6855025401592,1.297234005680703,0.0006343118206717856,0.4732885869910076,1.7705225926717105,571.0037294375586,0.4732885869910076,5.3182268973994695,0.007127605183725279,13.595643782874017,69.1369496661931,26857.882388945494,10,2024-11-21 10:27:00,53.182268973994695,20659.909529958088,7.512694374530214,,,,
276,0,2760,200,255.0,30.013500000000384,0.0005722164687618362,467.60370490138183,1.0913916669790027,0.005722164687618362,0.479010751678626,1.5704024186576286,481.98049409688844,0.479010751678626,14.376789195506625,0.1717421898518359,13.767385972725853,186.89825954158613,27044.78064848708,10,2024-11-21 20:27:00,143.76789195506626,20803.677421913155,7.537564283301868,,,,
277,0,2770,200,255.0,30.013500000000384,0.0005722164687618362,467.60370490138183,1.0913916669790027,0.005722164687618362,0.4847329163662444,1.576124583345247,482.1522362867403,0.4847329163662444,14.548531385358462,0.1717421898518359,13.939128162577688,189.13090800966,27233.911556496743,10,2024-11-22 06:27:00,145.4853138535846,20949.16273576674,7.562874633850808,,,,
278,0,2780,200,181.0,59.00225925925957,0.00017428350308482606,535.0250256454847,1.2834884438812146,0.0017428350308482607,0.48647575139709265,1.7699641952783072,563.728194052759,0.48647575139709265,28.703168407274365,0.10283120433622872,14.041959366913916,373.14118929456674,27607.05274579131,10,2024-11-22 16:27:00,287.03168407274364,21236.19441983948,7.6389188560573675,,,,
279,0,2790,200,233.0,,0.00034246013273020925,457.33939857281393,1.0756831962515623,0.0034246013273020928,0.48990035272439475,1.565583548975957,457.33939857281393,0.48990035272439475,0.0,0.0,14.041959366913916,0.0,27607.05274579131,10,2024-11-23 02:27:00,0.0,21236.19441983948,7.611539218580459,,,,
280,0,2800,200,223.0,,1.6440258673713216e-05,530.9039767546416,1.3056927342896818,0.00016440258673713215,0.49006475531113186,1.7957574896008137,530.9039767546416,0.49006475531113186,0.0,0.0,14.041959366913916,0.0,27607.05274579131,10,2024-11-23 12:27:00,0.0,21236.19441983948,7.584355149942672,,,,
281,0,2810,200,187.0,26.861234492667172,0.0005125396125925661,556.6534944234531,1.2959394470351626,0.005125396125925661,0.4951901514370575,1.7911295984722202,569.9549131996633,0.4951901514370575,13.30141877621017,0.13767446720629709,14.179633834120214,172.9184440907322,27779.971189882042,10,2024-11-23 22:27:00,133.0141877621017,21369.208607601584,7.6047005721002074,,,,
282,0,2820,200,19.0,,0.0002950945664557875,553.2700505158285,1.3800619147039206,0.0029509456645578753,0.4981410971016154,1.878203011805536,553.2700505158285,0.4981410971016154,0.0,0.0,14.179633834120214,0.0,27779.971189882042,10,2024-11-24 08:27:00,0.0,21369.208607601584,7.577733548794888,,,,
283,0,2830,200,19.0,,0.0002950945664557875,553.2700505158285,1.3800619147039206,0.0029509456645578753,0.5010920427661733,1.8811539574700937,553.2700505158285,0.5010920427661733,0.0,0.0,14.179633834120214,0.0,27779.971189882042,10,2024-11-24 18:27:00,0.0,21369.208607601584,7.55095710515957,,,,
284,0,2840,200,19.0,,0.0002950945664557875,553.2700505158285,1.3800619147039206,0.0029509456645578753,0.5040429884307311,1.8841049031346517,553.2700505158285,0.5040429884307311,0.0,0.0,14.179633834120214,0.0,27779.971189882042,10,2024-11-25 04:27:00,0.0,21369.208607601584,7.524369228028727,,,,
285,0,2850,200,14.0,,3.572073750333286e-05,645.4967389525834,1.545218208435279,0.0003572073750333286,0.5044001958057645,2.0496184042410435,645.4967389525834,0.5044001958057645,0.0,0.0,14.179633834120214,0.0,27779.971189882042,10,2024-11-25 14:27:00,0.0,21369.208607601584,7.497967932491783,,,,
286,0,2860,200,186.0,25.58163449916523,0.0004286962523612967,518.8657375755395,1.1952538757602718,0.004286962523612967,0.5086871583293774,1.7039410340896493,531.8787865343406,0.5086871583293774,13.013048958801125,0.10966750839068592,14.2893013425109,169.16963646441462,27949.14082634646,10,2024-11-26 00:27:00,130.13048958801124,21499.339097189597,7.517251432583775,,,,
287,0,2870,200,223.0,,1.6440258673713216e-05,530.9039767546416,1.3056927342896818,0.00016440258673713215,0.5088515609161145,1.8145442952057964,530.9039767546416,0.5088515609161145,0.0,0.0,14.2893013425109,0.0,27949.14082634646,10,2024-11-26 10:27:00,0.0,21499.339097189597,7.491058918881393,,,,
288,0,2880,200,98.0,,0.00023383170380237263,466.83049808799404,1.0402327467196986,0.0023383170380237264,0.5111898779541382,1.5514226246738367,466.83049808799404,0.5111898779541382,0.0,0.0,14.2893013425109,0.0,27949.14082634646,10,2024-11-26 20:27:00,0.0,21499.339097189597,7.465048297635277,,,,
289,0,2890,198,362.0,59.28327650918389,0.00027780023460166825,461.32332720473136,0.9304553130979485,0.0027780023460166827,0.5139678803001548,1.4444231933981033,491.7930271694046,0.5139678803001548,30.469699964673207,0.16468908122206855,14.453990423732968,396.10609954075176,28345.24692588721,10,2024-11-27 16:54:00,304.6969996467321,21804.036096836327,7.544649168455477,,,,
290,0,2900,200,234.0,29.727495191179834,6.770222446065527e-07,461.18615104780116,1.0876173750879807,6.770222446065528e-06,0.5139746505226009,1.6015920256105818,476.4653299996001,0.5139746505226009,15.279178951798956,0.00020126175520863074,14.454191685488176,198.62932637338645,28543.876252260598,10,2024-11-29 03:06:00,152.79178951798957,21956.827886354316,7.571319960811834,,,,
291,0,2910,199,90.0,19.03165625000014,3.773517627856339e-05,512.2296468043171,1.1303679911263382,0.0003773517627856339,0.5143520022853866,1.6447199934117247,522.0186173033119,0.5143520022853866,9.788970498994763,0.00718162903466778,14.461373314522843,127.25661648693192,28671.13286874753,10,2024-11-29 13:06:00,97.88970498994763,22054.717591344262,7.578940753039266,,,,
292,0,2920,200,234.0,29.727495191179834,6.770222446065527e-07,461.18615104780116,1.0876173750879807,6.770222446065528e-06,0.5143587725078327,1.6019761475958134,476.47674898406893,0.5143587725078327,15.290597936267758,0.00020126175520863074,14.461574576278052,198.77777317148087,28869.91064191901,10,2024-11-29 23:09:00,152.90597936267758,22207.62357070694,7.605350537913336,,,,
293,0,2930,200,236.0,9.585191993867975,0.0001098561014769806,490.4831162925928,1.2103720780750862,0.001098561014769806,0.5154573335226025,1.7258294115976887,495.4238737990542,0.5154573335226025,4.940757506461384,0.010529918243547024,14.472104494521599,64.22984758399798,28934.140489503006,10,2024-11-30 09:09:00,49.40757506461384,22257.031145771554,7.5962563637445575,,,,
294,0,2940,200,330.0,39.385931034482375,8.36316023879826e-05,393.7554907471388,0.8960072702157891,0.000836316023879826,0.5162936495464823,1.4123009197622713,414.09019682171777,0.5162936495464823,20.334706074578964,0.03293908523956334,14.505043579761162,264.35117896952653,29198.491668472532,10,2024-11-30 19:09:00,203.34706074578963,22460.378206517344,7.639584423985491,,,,
295,0,2950,200,310.0,4.129856266433336,2.7606380537601457e-05,421.93559634491965,1.059964365886331,0.0002760638053760146,0.5165697133518583,1.5765340792381892,424.06895501265546,0.5165697133518583,2.1333586677358443,0.0011401038365675667,14.50618368359773,27.733662680565978,29226.2253311531,10,2024-12-01 05:09:00,21.333586677358443,22481.711793194703,7.620919251930408,,,,
296,0,2960,200,278.0,,7.92152819719414e-05,443.3692187387032,1.0658536470204645,0.0007921528197194139,0.5173618661715778,1.5832155131920422,443.3692187387032,0.5173618661715778,0.0,0.0,14.50618368359773,0.0,29226.2253311531,10,2024-12-01 15:09:00,0.0,22481.711793194703,7.595172903106318,,,,
297,0,2970,200,278.0,,7.92152819719414e-05,443.3692187387032,1.0658536470204645,0.0007921528197194139,0.5181540189912972,1.5840076660117617,443.3692187387032,0.5181540189912972,0.0,0.0,14.50618368359773,0.0,29226.2253311531,10,2024-12-02 01:09:00,0.0,22481.711793194703,7.569599930368587,,,,
298,0,2980,200,186.0,25.58163449916523,0.0004286962523612967,518.8657375755395,1.1952538757602718,0.004286962523612967,0.5224409815149101,1.7176948572751818,532.2306318120391,0.5224409815149101,13.36489423649957,0.10966750839068592,14.615851191988416,173.7436250744944,29399.968956227593,10,2024-12-02 11:09:00,133.6489423649957,22615.360735559698,7.589047226697885,,,,
299,0,2990,200,223.0,,1.6440258673713216e-05,530.9039767546416,1.3056927342896818,0.00016440258673713215,0.5226053841016473,1.828298118391329,530.9039767546416,0.5226053841016473,0.0,0.0,14.615851191988416,0.0,29399.968956227593,10,2024-12-02 21:09:00,0.0,22615.360735559698,7.563665797846053,,,,
300,0,3000,199,181.0,59.00225925925957,0.00017428350308482606,535.0250256454847,1.2834884438812146,0.0017428350308482607,0.5243482191324955,1.8078366630137102,565.9627552128712,0.5243482191324955,30.937729567386548,0.10283120433622872,14.718682396324644,402.1904843760251,29802.159440603617,10,2024-12-03 07:09:00,309.3772956738655,22924.738031233563,7.641579343744521,,,,
301,0,3010,200,181.0,59.00225925925957,0.00017428350308482606,535.0250256454847,1.2834884438812146,0.0017428350308482607,0.5260910541633438,1.8095794980445583,566.0655864172074,0.5260910541633438,31.040560771722777,0.10283120433622872,14.821513600660872,403.5272900323961,30205.68673063601,10,2024-12-03 17:09:00,310.4056077172278,23235.14363895079,7.719316823571691,,,,
302,0,3020,200,201.0,51.62727369580078,0.00013145270784828474,483.1418983123582,1.0937647220332603,0.0013145270784828474,0.5274055812418267,1.621170303275087,510.37041060382285,0.5274055812418267,27.228512291464682,0.06786544926137536,14.889379049922248,353.9706597890409,30559.65739042505,10,2024-12-04 03:09:00,272.2851229146468,23507.428761865438,7.783916808564714,,,,
303,0,3030,200,187.0,26.861234492667172,0.0005125396125925661,556.6534944234531,1.2959394470351626,0.005125396125925661,0.5325309773677523,1.8284704244029149,570.9579338811376,0.5325309773677523,14.304439457684431,0.13767446720629709,15.027053517128545,185.9577129498976,30745.61510337495,10,2024-12-04 13:09:00,143.0443945768443,23650.473156442284,7.805436685294483,,,,
304,0,3040,200,200.0,44.597353964881606,0.00035956829010940346,503.9245995973085,1.0603684481993982,0.0035956829010940347,0.5361266602688464,1.5964951084682446,527.8344300353281,0.5361266602688464,23.90983043801957,0.16035794308556303,15.187411460214108,310.8277956942544,31056.442899069203,10,2024-12-04 23:09:00,239.09830438019569,23889.57146082248,7.858411664744237,,,,
305,0,3050,99,186.0,25.58163449916523,0.0004286962523612967,518.8657375755395,1.1952538757602718,0.004286962523612967,0.5404136227924593,1.735667498552731,532.6904013521859,0.5404136227924593,13.824663776646442,0.10966750839068592,15.297078968604794,179.72062909640374,31236.163528165605,10,2024-12-05 09:09:00,138.24663776646443,24027.818098588945,7.877973147078342,,,,
306,0,3060,200,178.0,,9.398296082035971e-05,459.39984837154134,1.0693910666703448,0.0009398296082035972,0.5413534524006629,1.6107445190710077,459.39984837154134,0.5413534524006629,0.0,0.0,15.297078968604794,0.0,31236.163528165605,10,2024-12-05 19:09:00,0.0,24027.818098588945,7.852228136793773,,,,
307,0,3070,200,78.0,,4.396233245751179e-05,530.1162756815818,1.2814985509593455,0.00043962332457511786,0.541793075725238,1.8232916266845836,530.1162756815818,0.541793075725238,0.0,0.0,15.297078968604794,0.0,31236.163528165605,10,2024-12-06 05:09:00,0.0,24027.818098588945,7.826650846445911,,,,
308,0,3080,200,186.0,25.58163449916523,0.0004286962523612967,518.8657375755395,1.1952538757602718,0.004286962523612967,0.546080038248851,1.7413339140091226,532.8353575213117,0.546080038248851,13.969619945772275,0.10966750839068592,15.40674647699548,181.60505929503958,31417.768587460643,10,2024-12-06 15:09:00,139.69619945772274,24167.514298046666,7.846595551313853,,,,
309,0,3090,200,233.0,,0.00034246013273020925,457.33939857281393,1.0756831962515623,0.0034246013273020928,0.549504639576153,1.6251878358277154,457.33939857281393,0.549504639576153,0.0,0.0,15.40674647699548,0.0,31417.768587460643,10,2024-12-07 01:09:00,0.0,24167.514298046666,7.821202038202805,,,,
310,0,3100,200,229.0,,0.00010477708813039948,504.44649372353933,1.2530425490063817,0.0010477708813039948,0.5505524104574571,1.8035949594638387,504.44649372353933,0.5505524104574571,0.0,0.0,15.40674647699548,0.0,31417.768587460643,10,2024-12-07 11:09:00,0.0,24167.514298046666,7.795972354208602,,,,
311,0,3110,200,331.0,37.2253333333333,5.9009281331265017e-05,382.191575593837,0.8658339107291121,0.0005900928133126502,0.5511425032707697,1.416976413999882,402.70803899225916,0.5511425032707697,20.516463398422143,0.02196640167316782,15.428712878668648,266.71402417948786,31684.48261164013,10,2024-12-07 21:09:00,205.16463398422144,24372.67893203089,7.836874254672312,,,,
312,0,3120,200,281.0,35.58289999999882,5.565664368716899e-05,434.245535258036,1.0458184724260184,0.00055656643687169,0.5516990697076415,1.59751754213366,453.8765880855354,0.5516990697076415,19.63105282749939,0.019804247866561,15.44851712653521,255.20368675749208,31939.686298397624,10,2024-12-08 07:09:00,196.31052827499389,24568.989460305882,7.874676109072398,,,,
313,0,3130,200,281.0,35.58289999999882,5.565664368716899e-05,434.245535258036,1.0458184724260184,0.00055656643687169,0.5522556361445132,1.5980741085705317,453.89639233340193,0.5522556361445132,19.65085707536595,0.019804247866561,15.468321374401771,255.46114197975731,32195.147440377383,10,2024-12-08 17:09:00,196.50857075365948,24765.498031059542,7.9122996904343585,,,,
314,0,3140,199,310.0,4.129856266433336,2.7606380537601457e-05,421.93559634491965,1.059964365886331,0.0002760638053760146,0.5525316999498893,1.6124960658362202,424.2174728483608,0.5525316999498893,2.281876503441114,0.0011401038365675667,15.469461478238339,29.664394544734485,32224.81183492212,10,2024-12-09 03:09:00,22.818765034411143,24788.316796093954,7.894368406399348,,,,
315,0,3150,200,78.0,,4.396233245751179e-05,530.1162756815818,1.2814985509593455,0.00043962332457511786,0.5529713232744644,1.83446987423381,530.1162756815818,0.5529713232744644,0.0,0.0,15.469461478238339,0.0,32224.81183492212,10,2024-12-09 13:06:00,0.0,24788.316796093954,7.869306919394906,,,,
316,0,3160,200,233.0,,0.00034246013273020925,457.33939857281393,1.0756831962515623,0.0034246013273020928,0.5563959246017665,1.6320791208533287,457.33939857281393,0.5563959246017665,0.0,0.0,15.469461478238339,0.0,32224.81183492212,10,2024-12-09 23:06:00,0.0,24788.316796093954,7.844404049396821,,,,
317,0,3170,192,186.0,25.58163449916523,0.0004286962523612967,518.8657375755395,1.1952538757602718,0.004286962523612967,0.5606828871253794,1.7559367628856513,533.2089222639177,0.5606828871253794,14.34318468837817,0.10966750839068592,15.579128986629025,186.4614009489162,32411.273235871035,10,2024-12-10 09:06:00,143.4318468837817,24931.748642977735,7.864904934693292,,,,
318,0,3180,200,178.0,,9.398296082035971e-05,459.39984837154134,1.0693910666703448,0.0009398296082035972,0.561622716733583,1.6310137834039278,459.39984837154134,0.561622716733583,0.0,0.0,15.579128986629025,0.0,32411.273235871035,10,2024-12-10 19:06:00,0.0,24931.748642977735,7.840172529238282,,,,
319,0,3190,199,181.0,59.00225925925957,0.00017428350308482606,535.0250256454847,1.2834884438812146,0.0017428350308482607,0.5633655517644313,1.8468539956456458,568.2648659884254,0.5633655517644313,33.23984034294079,0.10283120433622872,15.681960190965253,432.1179244582303,32843.391160329265,10,2024-12-11 05:06:00,332.3984034294079,25264.147046407143,7.919795312353337,,,,
320,0,3200,200,278.0,,7.92152819719414e-05,443.3692187387032,1.0658536470204645,0.0007921528197194139,0.5641577045841507,1.6300113516046153,443.3692187387032,0.5641577045841507,0.0,0.0,15.681960190965253,0.0,32843.391160329265,10,2024-12-11 18:36:00,0.0,25264.147046407143,7.895045952002232,,,,
321,0,3210,200,309.0,,2.4021692369855634e-05,423.4627405114653,1.0568163518924425,0.00024021692369855636,0.5643979215078493,1.621214273400292,423.4627405114653,0.5643979215078493,0.0,0.0,15.681960190965253,0.0,32843.391160329265,10,2024-12-12 04:36:00,0.0,25264.147046407143,7.870450793273253,,,,
322,0,3220,200,228.0,,8.190949812223902e-05,488.89731774528553,1.1694836083013795,0.0008190949812223902,0.5652170164890716,1.734700624790451,488.89731774528553,0.5652170164890716,0.0,0.0,15.681960190965253,0.0,32843.391160329265,10,2024-12-12 14:36:00,0.0,25264.147046407143,7.846008399505323,,,,
323,0,3230,200,330.0,39.385931034482375,8.36316023879826e-05,393.7554907471388,0.8960072702157891,0.000836316023879826,0.5660533325129514,1.4620606027287404,416.0500282633328,0.5660533325129514,22.294537516194026,0.03293908523956334,15.714899276204816,289.82898771052237,33133.220148039785,10,2024-12-13 00:36:00,222.94537516194026,25487.092421569083,7.890740687792285,,,,
324,0,3240,200,276.0,,0.00010883442542815402,421.5347579512808,1.0454336020415964,0.0010883442542815403,0.5671416767672329,1.6125752788088294,421.5347579512808,0.5671416767672329,0.0,0.0,15.714899276204816,0.0,33133.220148039785,10,2024-12-13 10:36:00,0.0,25487.092421569083,7.866386549867001,,,,
325,0,3250,200,338.0,51.810164004462735,6.549702479183582e-06,335.1244114600485,0.7617061768227695,6.549702479183582e-05,0.5672071737920248,1.3289133506147943,364.51150815872114,0.5672071737920248,29.3870966986726,0.0033934115962693757,15.718292687801085,382.0322570827438,33515.25240512253,10,2024-12-13 20:36:00,293.870966986726,25780.96338855581,7.932604119555634,,,,
326,0,3260,200,322.0,4.561772965879821,0.00010173624876703889,388.9817264415922,0.9466844754647846,0.0010173624876703888,0.5682245362796952,1.51490901174448,391.5738377697425,0.5682245362796952,2.592111328150311,0.004640976692755022,15.72293366449384,33.69744726595405,33548.94985238848,10,2024-12-14 06:36:00,25.92111328150311,25806.884501837314,7.916222239827397,,,,
327,0,3270,200,307.0,8.443378809869168,9.59268862011881e-05,403.24617688222816,1.0080463044079047,0.000959268862011881,0.5691838051417071,1.5772301095496117,408.05201136148236,0.5691838051417071,4.805834479254191,0.008099470382478427,15.73103313487632,62.47584823030448,33611.42570061879,10,2024-12-14 16:36:00,48.05834479254191,25854.942846629856,7.906710350651332,,,,
328,0,3280,200,324.0,54.165764705882296,8.312809539787406e-05,357.30488767320236,0.842007077257999,0.0008312809539787406,0.5700150860956859,1.4120221633536847,388.1801907054645,0.5700150860956859,30.87530303226216,0.045026968557693836,15.776060103434014,401.3789394194081,34012.8046400382,10,2024-12-15 02:36:00,308.7530303226216,26163.69587695248,7.976736547851366,,,,
329,0,3290,200,234.0,29.727495191179834,6.770222446065527e-07,461.18615104780116,1.0876173750879807,6.770222446065528e-06,0.570021856318132,1.6576392314061126,478.13147304036585,0.570021856318132,16.94532199256467,0.00020126175520863074,15.776261365189223,220.2891859033407,34233.09382594154,10,2024-12-15 12:36:00,169.4532199256467,26333.149096878125,8.003996685981193,,,,
330,0,3300,200,322.0,4.561772965879821,0.00010173624876703889,388.9817264415922,0.9466844754647846,0.0010173624876703888,0.5710392188058023,1.517723694270587,391.5866777123976,0.5710392188058023,2.604951270805441,0.004640976692755022,15.780902341881978,33.86436652047073,34266.958192462014,10,2024-12-15 22:36:00,26.049512708054408,26359.19860958618,7.9876359422988426,,,,
331,0,3310,199,234.0,29.727495191179834,6.770222446065527e-07,461.18615104780116,1.0876173750879807,6.770222446065528e-06,0.5710459890282484,1.6586633641162292,478.16191794058096,0.5710459890282484,16.975766892779788,0.00020126175520863074,15.781103603637186,220.68496960613726,34487.643162068154,10,2024-12-16 08:36:00,169.75766892779788,26528.95627851398,8.01479041646948,,,,
332,0,3320,200,307.0,8.443378809869168,9.59268862011881e-05,403.24617688222816,1.0080463044079047,0.000959268862011881,0.5720052578902604,1.580051562298165,408.07583395583254,0.5720052578902604,4.829657073604373,0.008099470382478427,15.789203074019666,62.785541956856854,34550.42870402501,10,2024-12-16 18:36:00,48.29657073604373,26577.252849250024,8.005196641340369,,,,
333,0,3330,200,307.0,8.443378809869168,9.59268862011881e-05,403.24617688222816,1.0080463044079047,0.000959268862011881,0.5729645267522723,1.581010831160177,408.083933426215,0.5729645267522723,4.837756543986852,0.008099470382478427,15.797302544402145,62.89083507182908,34613.31953909684,10,2024-12-17 04:36:00,48.37756543986852,26625.63041468989,7.995684809216184,,,,
334,0,3340,199,330.0,39.385931034482375,8.36316023879826e-05,393.7554907471388,0.8960072702157891,0.000836316023879826,0.5738008427761521,1.4698081129919411,416.3551711682482,0.5738008427761521,22.59968042110939,0.03293908523956334,15.830241629641709,293.7958454744221,34907.11538457126,10,2024-12-17 14:36:00,225.9968042110939,26851.627218900983,8.039409346976342,,,,
335,0,3350,200,329.0,,0.0005546141764603019,379.250479515924,0.8683019591211357,0.005546141764603019,0.5793469845407551,1.447648943661891,379.250479515924,0.5793469845407551,0.0,0.0,15.830241629641709,0.0,34907.11538457126,10,2024-12-18 00:39:00,0.0,26851.627218900983,8.015411110119697,,,,
336,0,3360,200,269.0,72.18176606969315,3.049506163387079e-05,392.08825759757895,0.873366720149313,0.0003049506163387079,0.5796519351570938,1.4530186553064068,433.9285579829332,0.5796519351570938,41.84030038535429,0.02201187405136936,15.852253503693078,543.9239050096058,35451.03928958087,10,2024-12-18 10:39:00,418.4030038535429,27270.030222754525,8.116080423438847,,,,
337,0,3370,199,338.0,51.810164004462735,6.549702479183582e-06,335.1244114600485,0.7617061768227695,6.549702479183582e-05,0.5797174321818857,1.3414236090046552,365.15966669763804,0.5797174321818857,30.0352552375895,0.0033934115962693757,15.855646915289347,390.45831808866353,35841.49760766953,10,2024-12-18 20:39:00,300.352552375895,27570.38277513042,8.181122485201906,,,,
338,0,3380,200,281.0,35.58289999999882,5.565664368716899e-05,434.245535258036,1.0458184724260184,0.00055656643687169,0.5802739986187574,1.626092471044776,454.8933669234867,0.5802739986187574,20.6478316654507,0.019804247866561,15.875451163155908,268.4218116508591,36109.91941932039,10,2024-12-26 11:21:00,206.47831665450698,27776.861091784926,8.218006240173056,,,,
339,0,3390,198,310.0,4.129856266433336,2.7606380537601457e-05,421.93559634491965,1.059964365886331,0.0002760638053760146,0.5805500624241334,1.6405144283104645,424.3331846582002,0.5805500624241334,2.397588313280572,0.0011401038365675667,15.876591266992476,31.168648072647436,36141.08806739304,10,2024-12-26 21:21:00,23.97588313280572,27800.836974917733,8.200836865757443,,,,
340,0,3400,181,268.0,98.51024924793185,5.055435156377584e-05,413.89319208484585,0.9631816060708536,0.0005055435156377584,0.5810556059397712,1.544237212010625,471.1331246528808,0.5810556059397712,57.23993256803494,0.049801217731151315,15.926392484723626,744.1191233844542,36885.20719077749,10,2025-01-23 11:45:00,572.3993256803494,28373.23630059808,8.345069500175907,,,,
341,0,3410,200,328.0,30.3800092254061,5.1017968409466566e-05,361.1143008266597,0.8415439404363104,0.0005101796840946656,0.5815657856238658,1.4231097260601762,378.7822747590933,0.5815657856238658,17.66797393243359,0.01549926350941071,15.941891748233036,229.68366112163667,37114.89085189912,10,2025-01-23 21:45:00,176.6797393243359,28549.916039922417,8.372409395871676,,,,
342,0,3420,200,265.0,52.021125590536954,4.4552619065648275e-05,380.4884321461026,0.9086506738937282,0.00044552619065648275,0.5820113118145224,1.4906619857082506,410.765315693119,0.5820113118145224,30.276883547016432,0.023176773918014402,15.96506852215105,393.5994861112136,37508.490338010335,10,2025-01-24 07:45:00,302.76883547016433,28852.68487539258,8.436457565904263,,,,
343,0,3430,200,266.0,0.5987693679091725,2.371823630239981e-05,402.68831232037326,0.9668299130893672,0.0002371823630239981,0.5822484941775463,1.5490784072669135,403.03694488319803,0.5822484941775463,0.3486325628247569,0.00014201753358708322,15.965210539684637,4.53222331672184,37513.02256132706,10,2025-01-24 17:45:00,3.486325628247569,28856.17120102083,8.412877901172253,,,,
344,0,3440,200,265.0,52.021125590536954,4.4552619065648275e-05,380.4884321461026,0.9086506738937282,0.00044552619065648275,0.5826940203682028,1.491344694261931,410.80083096053175,0.5826940203682028,30.312398814429176,0.023176773918014402,15.98838731360265,394.0611845875793,37907.08374591464,10,2025-01-25 03:45:00,303.1239881442918,29159.29518916512,8.476539299175908,,,,
345,0,3450,200,276.0,,0.00010883442542815402,421.5347579512808,1.0454336020415964,0.0010883442542815403,0.5837823646224843,1.6292159666640806,421.5347579512808,0.5837823646224843,0.0,0.0,15.98838731360265,0.0,37907.08374591464,10,2025-01-25 13:45:00,0.0,29159.29518916512,8.451969620047862,,,,
346,0,3460,200,328.0,30.3800092254061,5.1017968409466566e-05,361.1143008266597,0.8415439404363104,0.0005101796840946656,0.584292544306579,1.4258364847428893,378.8651137130296,0.584292544306579,17.75081288636987,0.01549926350941071,16.003886577112063,230.76056752280834,38137.844313437454,10,2025-01-25 23:45:00,177.50812886369872,29336.80331802882,8.478844889603705,,,,
347,0,3470,200,317.0,123.58596458625516,2.0575377927564893e-05,343.6162314457509,0.8502669567815703,0.00020575377927564893,0.5844982980858546,1.434765254867425,415.8520174137157,0.5844982980858546,72.23578596796484,0.025428279279048508,16.02931485639111,939.065217583543,39076.909531020996,10,2025-01-26 09:45:00,722.3578596796484,30059.161177708465,8.662582471962093,,,,
348,0,3480,200,302.0,27.713227093306408,6.851922905368722e-05,352.24915492279916,1.1400737205973377,0.0006851922905368722,0.5851834903763915,1.7252572109737292,368.4664778828538,0.5851834903763915,16.217322960054624,0.018988889550231123,16.048303745941343,210.82519848071013,39287.7347295017,10,2025-01-26 19:45:00,162.17322960054622,30221.334407309012,8.684291496353165,,,,
349,0,3490,120,303.0,37.27748350694454,0.00012076580195843929,383.39920520723757,1.2344443265844198,0.0012076580195843928,0.586391148395976,1.8208354749803957,405.25839157018686,0.586391148395976,21.859186362949263,0.04501845190708651,16.09332219784843,284.1694227183404,39571.90415222004,10,2025-01-27 05:45:00,218.59186362949262,30439.926270938504,8.722041911443698,,,,
350,0,3500,200,296.0,18.652832999823495,7.700381323234962e-05,376.1025874282734,0.9146666503122638,0.0007700381323234961,0.5871611865282994,1.501827836840563,387.054806984564,0.5871611865282994,10.952219556290581,0.01436339268572616,16.107685590534157,142.37885423177755,39714.28300645182,10,2025-01-28 11:45:00,109.52219556290581,30549.44846650141,8.728413847571831,,,,
351,0,3510,46,317.0,123.58596458625516,2.0575377927564893e-05,343.6162314457509,0.8502669567815703,0.00020575377927564893,0.5873669403075751,1.4376338970891454,416.20654132973993,0.5873669403075751,72.59030988398902,0.025428279279048508,16.133113869813204,943.6740284918574,40657.957034943676,10,2025-01-28 09:27:00,725.9030988398902,31275.3515653413,8.910356571322309,,,,
352,0,3520,200,296.0,18.652832999823495,7.700381323234962e-05,376.1025874282734,0.9146666503122638,0.0007700381323234961,0.5881369784398985,1.5028036287521624,387.0730082681336,0.5881369784398985,10.97042083986022,0.01436339268572616,16.14747726249893,142.61547091818287,40800.57250586186,10,2025-01-28 11:45:00,109.70420839860219,31385.055773739903,8.916209026630654,,,,
353,0,3530,199,317.0,123.58596458625516,2.0575377927564893e-05,343.6162314457509,0.8502669567815703,0.00020575377927564893,0.5883427322191742,1.4386096890007445,416.32713551437035,0.5883427322191742,72.71090406861947,0.025428279279048508,16.17290554177798,945.2417528920532,41745.81425875392,10,2025-01-28 21:45:00,727.1090406861947,32112.164814426098,9.09693054233034,,,,
354,0,3540,28,317.0,123.58596458625516,2.0575377927564893e-05,343.6162314457509,0.8502669567815703,0.00020575377927564893,0.5885484859984499,1.4388154427800202,416.35256379364944,0.5885484859984499,72.73633234789853,0.025428279279048508,16.198333821057027,945.5723205226809,42691.3865792766,10,2025-01-29 07:42:00,727.3633234789852,32839.52813790509,9.276702863814997,,,,
355,0,3550,57,296.0,18.652832999823495,7.700381323234962e-05,376.1025874282734,0.9146666503122638,0.0007700381323234961,0.5893185241307733,1.503985174443037,387.0950474425872,0.5893185241307733,10.992460014313767,0.01436339268572616,16.212697213742754,142.901980186079,42834.28855946268,10,2025-01-29 17:57:00,109.92460014313767,32949.452738048225,9.281535982548796,,,,
356,0,3560,9,317.0,123.58596458625516,2.0575377927564893e-05,343.6162314457509,0.8502669567815703,0.00020575377927564893,0.589524277910049,1.4397912346916193,416.47315797827986,0.589524277910049,72.85692653252896,0.025428279279048508,16.2381254930218,947.1400449228765,43781.42860438555,10,2025-01-30 06:48:00,728.5692653252896,33678.02200337352,9.46011854027346,,,,
357,0,3570,129,297.0,33.676342120045,0.0010524225387103495,406.9907939810314,1.0647394683834304,0.010524225387103495,0.6000485032971525,1.664787971680583,427.19823266668726,0.6000485032971525,20.20743868565586,0.35441741468456034,16.592542907706363,262.69670291352617,44044.12530729908,10,2025-01-30 17:15:00,202.0743868565586,33880.09639023007,9.490223078495818,,,,
358,0,3580,200,317.0,123.58596458625516,2.0575377927564893e-05,343.6162314457509,0.8502669567815703,0.00020575377927564893,0.6002542570764282,1.4505212138579986,417.7992328035472,0.6002542570764282,74.18300135779636,0.025428279279048508,16.61797118698541,964.3790176513527,45008.50432495043,10,2025-01-30 23:42:00,741.8300135779635,34621.92640380804,9.67092916307487,,,,
359,0,3590,200,294.0,17.81733076923069,5.263005295000768e-05,407.1328799999682,1.1348087077356481,0.0005263005295000769,0.6007805576059283,1.7355892653415763,417.8371859145559,0.6007805576059283,10.704305914587676,0.009377270618124125,16.627348457603535,139.1559768896398,45147.66030184007,10,2025-01-31 09:42:00,107.04305914587677,34728.969462953915,9.673807649847888,,,,
360,0,3600,200,301.0,18.115666824869457,0.0006361582180980248,391.4513869364539,0.9644329633980432,0.006361582180980248,0.6071421397869086,1.5715751031849519,402.45017165617185,0.6071421397869086,10.998784719717953,0.11524430326966457,16.7425927608732,142.9842013563334,45290.6445031964,10,2025-01-31 19:42:00,109.98784719717953,34838.9573101511,9.677488141708638,,,,
361,0,3610,200,100.0,31.167456865564354,0.0001172465575018913,407.9894305556418,0.9669820909887078,0.001172465575018913,0.6083146053619275,1.5752966963506352,426.9490497789524,0.6083146053619275,18.95961922331068,0.03654277023576108,16.779135531108963,246.47504990303884,45537.119553099445,10,2025-02-01 05:42:00,189.5961922331068,35028.5535023842,9.703200416172908,,,,
362,0,3620,200,100.0,31.167456865564354,0.0001172465575018913,407.9894305556418,0.9669820909887078,0.001172465575018913,0.6094870709369464,1.5764691619256541,426.9855925491882,0.6094870709369464,18.99616199354644,0.03654277023576108,16.815678301344725,246.95010591610372,45784.06965901555,10,2025-02-01 15:42:00,189.9616199354644,35218.515122319666,9.728871580751289,,,,
363,0,3630,200,93.0,8.36110871380898,0.0001167082395084936,402.9481868915531,0.8438947735708512,0.001167082395084936,0.6106541533320313,1.4545489269028824,408.05393265410123,0.6106541533320313,5.105745762548092,0.009758102783277713,16.825436404128002,66.3746949131252,45850.44435392867,10,2025-02-02 01:42:00,51.05745762548092,35269.57257994515,9.716135696954586,,,,
364,0,3640,200,296.0,18.652832999823495,7.700381323234962e-05,376.1025874282734,0.9146666503122638,0.0007700381323234961,0.6114241914643548,1.5260908417766186,387.5073807637101,0.6114241914643548,11.404793335436716,0.01436339268572616,16.83979979681373,148.26231336067733,45998.70666728935,10,2025-02-02 11:42:00,114.04793335436716,35383.62051329952,9.720774866291077,,,,
365,0,3650,169,294.0,17.81733076923069,5.263005295000768e-05,407.1328799999682,1.1348087077356481,0.0005263005295000769,0.6119504919938549,1.746759199729503,418.0362043302162,0.6119504919938549,10.903324330247969,0.009377270618124125,16.849177067431853,141.7432162932236,46140.44988358257,10,2025-02-03 05:15:00,109.03324330247969,35492.653756602,9.724014727836163,,,,
366,0,3660,196,317.0,123.58596458625516,2.0575377927564893e-05,343.6162314457509,0.8502669567815703,0.00020575377927564893,0.6121562457731305,1.4624232025547008,419.2701515571239,0.6121562457731305,75.65392011137303,0.025428279279048508,16.8746053467109,983.5009614478495,47123.95084503042,10,2025-02-03 15:27:00,756.5392011137303,36249.19295771573,9.904151081343095,,,,
367,0,3670,200,325.0,,0.0019243372058386351,341.3465454741758,0.7689200097289443,0.019243372058386353,0.6313996178315169,1.400319627560461,341.3465454741758,0.6313996178315169,0.0,0.0,16.8746053467109,0.0,47123.95084503042,10,2025-02-04 01:15:00,0.0,36249.19295771573,9.877164293655511,,,,
368,0,3680,200,296.0,18.652832999823495,7.700381323234962e-05,376.1025874282734,0.9146666503122638,0.0007700381323234961,0.6321696559638403,1.5468363062761041,387.8943424485228,0.6321696559638403,11.791755020249386,0.01436339268572616,16.888968739396628,153.292815263242,47277.243660293665,10,2025-02-04 11:15:00,117.91755020249386,36367.11050791822,9.882366985847343,,,,
369,0,3690,200,317.0,123.58596458625516,2.0575377927564893e-05,343.6162314457509,0.8502669567815703,0.00020575377927564893,0.632375409743116,1.4826423665246864,421.7689564394822,0.632375409743116,78.15272499373133,0.025428279279048508,16.914397018675675,1015.9854249185072,48293.22908521217,10,2025-02-04 21:15:00,781.5272499373133,37148.63775785554,10.067381506193913,,,,
370,0,3700,197,296.0,18.652832999823495,7.700381323234962e-05,376.1025874282734,0.9146666503122638,0.0007700381323234961,0.6331454478754395,1.5478120981877033,387.91254373209244,0.6331454478754395,11.809956303819025,0.01436339268572616,16.928760411361402,153.52943194964732,48446.75851716182,10,2025-02-05 07:15:00,118.09956303819024,37266.73732089373,10.072091167809116,,,,
371,0,3710,167,296.0,18.652832999823495,7.700381323234962e-05,376.1025874282734,0.9146666503122638,0.0007700381323234961,0.6339154860077629,1.5485821363200267,387.92690712477815,0.6339154860077629,11.82431969650475,0.01436339268572616,16.94312380404713,153.71615605456176,48600.474673216384,10,2025-02-05 17:15:00,118.2431969650475,37384.98051785878,10.076814155757083,,,,
372,0,3720,197,296.0,18.652832999823495,7.700381323234962e-05,376.1025874282734,0.9146666503122638,0.0007700381323234961,0.6346855241400864,1.5493521744523502,387.94127051746386,0.6346855241400864,11.838683089190475,0.01436339268572616,16.957487196732856,153.90288015947618,48754.37755337586,10,2025-02-06 03:15:00,118.38683089190475,37503.36734875068,10.081550362567388,,,,
373,0,3730,22,297.0,33.676342120045,0.0010524225387103495,406.9907939810314,1.0647394683834304,0.010524225387103495,0.6452097495271899,1.7099492179106202,428.7190982452976,0.6452097495271899,21.72830426426619,0.35441741468456034,17.311904611417418,282.46795543546045,49036.84550881132,10,2025-02-06 13:15:00,217.28304264266188,37720.65039139334,10.112774903858805,,,,
374,0,3740,199,177.0,26.757504107909316,0.00011352334191079416,540.8114781074536,1.2096784488451857,0.0011352334191079415,0.6463449829462978,1.8560234317914834,558.1060566437657,0.6463449829462978,17.29457853631214,0.030376012875216685,17.342280624292634,224.82952097205785,49261.67502978338,10,2025-04-23 05:12:00,172.94578536312142,37893.596176756466,10.13197758736804,,,,
375,0,3750,169,359.0,16.789763443687637,2.374444698025763e-05,513.3578455747016,1.0176448652457122,0.0002374444698025763,0.6465824274161004,1.6642272926618125,524.2138115778633,0.6465824274161004,10.855966003161656,0.0039866364789970885,17.346267260771633,141.12755804110154,49402.80258782448,10,2025-05-06 16:06:00,108.55966003161656,38002.15583678808,10.133908223143488,,,,
376,0,3760,198,145.0,6.6782507724386395,5.235478775779192e-05,593.7027206397652,1.3224080936172224,0.0005235478775779193,0.6471059752936783,1.9695140689109008,598.0242566191198,0.6471059752936783,4.321535979354667,0.0034963840178433496,17.349763644789476,56.17996773161067,49458.98255555609,10,2025-05-23 13:18:00,43.21535979354667,38045.371196581626,10.1184497863249,,,,
377,0,3770,200,191.0,31.827509305702712,7.304989580016473e-05,629.9770311175635,1.3978877673039205,0.0007304989580016473,0.64783647425168,2.0457242415556003,650.5960525303824,0.64783647425168,20.61902141281898,0.023249962383603565,17.37301360717308,268.04727836664676,49727.02983392274,10,2025-06-19 09:39:00,206.1902141281898,38251.561410709815,10.14630276146149,,,,
378,0,3780,196,116.0,23.402981792039657,5.817373730777724e-05,617.6468481960467,1.3580203114314011,0.0005817373730777724,0.6484182116247578,2.006438523056159,632.8217677963278,0.6484182116247578,15.174919600281124,0.013614389149888087,17.386627996322968,197.27395480365462,49924.30378872639,10,2025-06-19 19:39:00,151.74919600281123,38403.31060671263,10.159605980611806,,,,
379,0,3790,199,116.0,23.402981792039657,5.817373730777724e-05,617.6468481960467,1.3580203114314011,0.0005817373730777724,0.6489999489978355,2.0070202604292366,632.8353821854777,0.6489999489978355,15.188533989431011,0.013614389149888087,17.400242385472858,197.45094186260314,50121.754730589,10,2025-06-25 17:09:00,151.8853398943101,38555.19594660694,10.172874919949061,,,,
380,0,3800,200,116.0,23.402981792039657,5.817373730777724e-05,617.6468481960467,1.3580203114314011,0.0005817373730777724,0.6495816863709133,2.0076019978023143,632.8489965746276,0.6495816863709133,15.2021483785809,0.013614389149888087,17.413856774622747,197.6279289215517,50319.38265951055,10,2025-06-26 17:24:00,152.02148378580898,38707.217430392746,10.186109850103355,,,,
381,0,3810,199,116.0,23.402981792039657,5.817373730777724e-05,617.6468481960467,1.3580203114314011,0.0005817373730777724,0.650163423743991,2.0081837351753924,632.8626109637775,0.650163423743991,15.215762767730787,0.013614389149888087,17.427471163772637,197.80491598050023,50517.18757549105,10,2025-06-27 20:18:00,152.15762767730786,38859.37505807005,10.19931103886353,,,,
382,0,3820,200,116.0,23.402981792039657,5.817373730777724e-05,617.6468481960467,1.3580203114314011,0.0005817373730777724,0.6507451611170688,2.00876547254847,632.8762253529273,0.6507451611170688,15.229377156880675,0.013614389149888087,17.441085552922527,197.98190303944878,50715.1694785305,10,2025-06-29 16:33:00,152.29377156880676,39011.66882963886,10.21247875121436,,,,
383,0,3830,200,116.0,23.402981792039657,5.817373730777724e-05,617.6468481960467,1.3580203114314011,0.0005817373730777724,0.6513268984901466,2.0093472099215477,632.8898397420772,0.6513268984901466,15.242991546030563,0.013614389149888087,17.454699942072416,198.15889009839734,50913.3283686289,10,2025-06-30 02:33:00,152.42991546030564,39164.09874509917,10.22561324937315,,,,
384,0,3840,200,127.0,32.52272311933065,0.0001089691790757013,647.341325960978,1.4410231698365854,0.0010896917907570129,0.6524165902809036,2.093439760117489,668.5596900851416,0.6524165902809036,21.218364124163614,0.03543974439619792,17.490139686468613,275.838733614127,51189.167102243024,10,2025-06-30 12:33:00,212.18364124163614,39376.282386340805,10.25424020477625,,,,
385,0,3850,200,122.0,24.745590519983278,0.0003076001986154839,613.5031499334228,1.3323876055263304,0.0030760019861548393,0.6554925922670585,1.9878801977933889,629.7237012105459,0.6554925922670585,16.220551277122986,0.07611748558804292,17.566257172056655,210.86716660259881,51400.03426884562,10,2025-06-30 22:33:00,162.20551277122985,39538.487899112035,10.269737116652477,,,,
386,0,3860,200,159.0,63.246447768535496,0.00016429387652179962,538.2467794901777,1.2079594107932876,0.0016429387652179962,0.6571355310322765,1.8650949418255642,579.8082675304594,0.6571355310322765,41.561488040281716,0.1039100408012622,17.67016721285792,540.2993445236623,51940.33361336929,10,2025-07-01 08:33:00,415.61488040281716,39954.102779514855,10.350803828889859,,,,
387,0,3870,200,116.0,23.402981792039657,5.817373730777724e-05,617.6468481960467,1.3580203114314011,0.0005817373730777724,0.6577172684053543,2.015737579836755,633.0393934528472,0.6577172684053543,15.392545256800567,0.013614389149888087,17.68378160200781,200.1030883384074,52140.436701707695,10,2025-07-01 18:33:00,153.92545256800565,40108.02823208286,10.363831584517536,,,,
388,0,3880,200,116.0,23.402981792039657,5.817373730777724e-05,617.6468481960467,1.3580203114314011,0.0005817373730777724,0.658299005778432,2.0163193172098333,633.0530078419971,0.658299005778432,15.406159645950455,0.013614389149888087,17.6973959911577,200.28007539735592,52340.71677710505,10,2025-07-02 04:33:00,154.06159645950456,40262.08982854237,10.376827275397517,,,,
389,0,3890,200,116.0,23.402981792039657,5.817373730777724e-05,617.6468481960467,1.3580203114314011,0.0005817373730777724,0.6588807431515098,2.016901054582911,633.066622231147,0.6588807431515098,15.419774035100343,0.013614389149888087,17.711010380307588,200.45706245630444,52541.17383956136,10,2025-07-02 14:33:00,154.19774035100343,40416.28756889337,10.389791148815776,,,,
390,0,3900,200,122.0,24.745590519983278,0.0003076001986154839,613.5031499334228,1.3323876055263304,0.0030760019861548393,0.6619567451376647,1.994344350663995,629.8836604905404,0.6619567451376647,16.38051055711758,0.07611748558804292,17.78712786589563,212.94663724252857,52754.12047680389,10,2025-07-03 00:33:00,163.80510557117583,40580.09267446455,10.405151967811422,,,,
391,0,3910,200,116.0,23.402981792039657,5.817373730777724e-05,617.6468481960467,1.3580203114314011,0.0005817373730777724,0.6625384825107424,2.0205587939421434,633.1522242387712,0.6625384825107424,15.50537604272449,0.013614389149888087,17.80074225504552,201.5698885554184,52955.6903653593,10,2025-07-03 10:33:00,155.0537604272449,40735.146434891794,10.418196019153912,,,,
392,0,3920,198,144.0,16.158421404896433,0.00012789276989970077,579.5754174245465,1.2798926366658512,0.0012789276989970076,0.6638174102097394,1.9437100468755906,590.3016588746224,0.6638174102097394,10.72624145007597,0.02066545270678819,17.821407707752307,139.4411388509876,53095.131504210294,10,2025-07-03 20:33:00,107.26241450075969,40842.40884939255,10.418981849334834,,,,
393,0,3930,182,116.0,23.402981792039657,5.817373730777724e-05,617.6468481960467,1.3580203114314011,0.0005817373730777724,0.6643991475828172,2.0224194590142184,633.195769349574,0.6643991475828172,15.548921153527338,0.013614389149888087,17.835022096902197,202.1359749958554,53297.26747920615,10,2025-07-04 19:18:00,155.4892115352734,40997.89806092782,10.43203513000708,,,,
394,0,3940,199,116.0,23.402981792039657,5.817373730777724e-05,617.6468481960467,1.3580203114314011,0.0005817373730777724,0.6649808849558949,2.023001196387296,633.2093837387239,0.6649808849558949,15.562535542677226,0.013614389149888087,17.848636486052087,202.31296205480393,53499.58044126096,10,2025-07-05 21:15:00,155.62535542677227,41153.5234163546,10.445056704658528,,,,
395,0,3950,199,159.0,63.246447768535496,0.00016429387652179962,538.2467794901777,1.2079594107932876,0.0016429387652179962,0.666623823721113,1.8745832345144007,580.4083683384165,0.666623823721113,42.161588848238786,0.1039100408012622,17.95254652685335,548.1006550271043,54047.68109628806,10,2025-07-06 19:06:00,421.61588848238785,41575.13930483699,10.52535172274354,,,,
396,0,3960,200,121.0,19.523839003299692,0.005097586317292525,621.2650206341366,1.375580029199913,0.05,0.716623823721113,2.092203852921026,635.2562687943966,0.716623823721113,13.991248160260028,0.9952445456424265,18.947791072495775,181.88622608338036,54229.56732237144,10,2025-07-07 13:00:00,139.91248160260028,41715.05178643959,10.534103986474644,,,,
397,0,3970,200,144.0,16.158421404896433,0.00012789276989970077,579.5754174245465,1.2798926366658512,0.0012789276989970076,0.71790275142011,1.9977953880859611,591.1755926097272,0.71790275142011,11.600175185180747,0.02066545270678819,18.968456525202562,150.80227740734972,54380.36959977879,10,2025-07-07 23:00:00,116.00175185180747,41831.053538291395,10.536789304355516,,,,
398,0,3980,200,116.0,23.402981792039657,5.817373730777724e-05,617.6468481960467,1.3580203114314011,0.0005817373730777724,0.7184844887931877,2.0765048002245887,634.4615276051366,0.7184844887931877,16.814679409089894,0.013614389149888087,18.98207091435245,218.59083231816865,54598.96043209696,10,2025-07-08 09:00:00,168.14679409089894,41999.200332382294,10.55256289758349,,,,
399,0,3990,200,144.0,16.158421404896433,0.00012789276989970077,579.5754174245465,1.2798926366658512,0.0012789276989970076,0.7197634164921847,1.9996560531580359,591.2056580200551,0.7197634164921847,11.630240595508702,0.02066545270678819,19.00273636705924,151.19312774161313,54750.153559838574,10,2025-07-08 19:00:00,116.30240595508702,42115.50273833738,10.555263844194833,,,,
400,0,4000,200,116.0,23.402981792039657,5.817373730777724e-05,617.6468481960467,1.3580203114314011,0.0005817373730777724,0.7203451538652624,2.0783654652966637,634.5050727159394,0.7203451538652624,16.858224519892744,0.013614389149888087,19.01635075620913,219.15691875860568,54969.31047859718,10,2025-07-09 05:00:00,168.58224519892744,42284.08498353631,10.571021245884078,,,,
401,0,4010,199,122.0,24.745590519983278,0.0003076001986154839,613.5031499334228,1.3323876055263304,0.0030760019861548393,0.7234211558514173,2.055808761377748,631.404633629615,0.7234211558514173,17.901483696192177,0.07611748558804292,19.09246824179717,232.71928805049833,55202.029766647676,10,2025-07-09 15:00:00,179.01483696192176,42463.09982049823,10.589301700872378,,,,
402,0,4020,183,190.0,44.36750092746444,0.0004901358738202252,520.1676221991233,1.1059266488432078,0.0049013587382022526,0.7283225145896196,1.8342491634328275,552.4814720406715,0.7283225145896196,32.31384984154818,0.21746103836302438,19.309929280160194,420.0800479401264,55622.109814587806,10,2025-07-11 13:03:00,323.1384984154818,42786.23831891371,10.64334286540142,,,,
403,0,4030,199,121.0,19.523839003299692,0.005097586317292525,621.2650206341366,1.375580029199913,0.05,0.7783225145896197,2.1539025437895325,636.4608641016277,0.7783225145896197,15.195843467491109,0.9952445456424265,20.30517382580262,197.5459650773844,55819.65577966519,10,2025-07-12 11:12:00,151.95843467491108,42938.19675358862,10.65463939295003,,,,
404,0,4040,201,141.0,33.60351871427354,0.0028395669971775315,534.6583140675389,1.154273726461522,0.028395669971775315,0.806718184561395,1.960991911022917,561.7668836795925,0.806718184561395,27.108569612053614,0.954194427300887,21.259368253103506,352.41140495669697,56172.06718462189,10,2025-07-12 21:09:00,271.0856961205361,43209.28244970916,10.695366942997316,,,,
405,0,4050,188,190.0,44.36750092746444,0.0004901358738202252,520.1676221991233,1.1059266488432078,0.0049013587382022526,0.8116195432995973,1.917546192142805,556.1771530392165,0.8116195432995973,36.00953084009315,0.21746103836302438,21.47682929146653,468.1239009212109,56640.1910855431,10,2025-07-13 07:12:00,360.09530840093146,43569.37775811009,10.757871051385207,,,,
406,0,4060,201,141.0,33.60351871427354,0.0028395669971775315,534.6583140675389,1.154273726461522,0.028395669971775315,0.8400152132713726,1.9942889397328947,562.8857810069779,0.8400152132713726,28.22746693943905,0.954194427300887,22.431023718767417,366.9570702127077,57007.14815575581,10,2025-07-13 17:09:00,282.2746693943905,43851.65242750448,10.800899612685832,,,,
407,0,4070,200,190.0,44.36750092746444,0.0004901358738202252,520.1676221991233,1.1059266488432078,0.0049013587382022526,0.8449165720095749,1.9508432208527826,557.6544589913882,0.8449165720095749,37.48683679226489,0.21746103836302438,22.64848475713044,487.3288782994436,57494.47703405525,10,2025-07-14 03:12:00,374.8683679226489,44226.52079542713,10.866467025903471,,,,
408,0,4080,193,122.0,24.745590519983278,0.0003076001986154839,613.5031499334228,1.3323876055263304,0.0030760019861548393,0.8479925739957298,2.1803801795220603,634.4872269335078,0.8479925739957298,20.984077000084948,0.07611748558804292,22.724602242718483,272.79300100110436,57767.270035056354,10,2025-07-14 13:12:00,209.8407700008495,44436.36156542798,10.891265089565682,,,,
409,0,4090,199,141.0,33.60351871427354,0.0028395669971775315,534.6583140675389,1.154273726461522,0.028395669971775315,0.8763882439675051,2.030661970429027,564.1080428246703,0.8763882439675051,29.449728757131385,0.954194427300887,23.67879667001937,382.84647384270806,58150.11650889906,10,2025-07-16 16:45:00,294.49728757131385,44730.85885299929,10.936640306356795,,,,
410,0,4100,198,159.0,63.246447768535496,0.00016429387652179962,538.2467794901777,1.2079594107932876,0.0016429387652179962,0.8780311827327232,2.085990593526011,593.7791328280283,0.8780311827327232,55.53235333785062,0.1039100408012622,23.782706710820634,721.9205933920581,58872.03710229112,10,2025-07-22 10:36:00,555.3235333785062,45286.1823863778,11.045410338140925,,,,
411,0,4110,199,359.0,16.789763443687637,2.374444698025763e-05,513.3578455747016,1.0176448652457122,0.0002374444698025763,0.8782686272025257,1.895913492448238,528.1037680654443,0.8782686272025257,14.745922490742691,0.0039866364789970885,23.786693347299632,191.696992379655,59063.73409467078,10,2025-08-22 13:12:00,147.45922490742691,45433.641611285224,11.054414017344337,,,,
412,0,4120,198,159.0,63.246447768535496,0.00016429387652179962,538.2467794901777,1.2079594107932876,0.0016429387652179962,0.8799115659677438,2.0878709767610313,593.8980603880868,0.8799115659677438,55.65128089790918,0.1039100408012622,23.890603388100896,723.4666516728194,59787.200746343595,10,2025-08-26 11:15:00,556.5128089790918,45990.15442026431,11.162658839869978,,,,
413,0,4130,200,116.0,23.402981792039657,5.817373730777724e-05,617.6468481960467,1.3580203114314011,0.0005817373730777724,0.8804933033408215,2.2385136147722227,638.2530169421448,0.8804933033408215,20.6061687460981,0.013614389149888087,23.904217777250786,267.8801936992753,60055.08094004287,10,2025-08-28 09:45:00,206.06168746098098,46196.2161077253,11.185524481289418,,,,
414,0,4140,200,359.0,16.789763443687637,2.374444698025763e-05,513.3578455747016,1.0176448652457122,0.0002374444698025763,0.8807307478106241,1.8983756130563363,528.1451064880241,0.8807307478106241,14.787260913322491,0.0039866364789970885,23.908204413729784,192.2343918731924,60247.31533191606,10,2025-08-29 12:42:00,147.8726091332249,46344.088716858525,11.194224327743605,,,,
415,0,4150,200,406.0,55.70938548387105,0.0001149882370672052,522.962696144269,1.0776294123360106,0.001149882370672052,0.8818806301812961,1.9595100425173069,572.0917241217979,0.8818806301812961,49.129027977528956,0.06405924024887684,23.97226365397866,638.6773637078765,60885.992695623936,10,2025-08-29 22:42:00,491.29027977528955,46835.378996633815,11.285633493164775,,,,
416,0,4160,198,359.0,16.789763443687637,2.374444698025763e-05,513.3578455747016,1.0176448652457122,0.0002374444698025763,0.8821180746510987,1.899762939896811,528.1683993774948,0.8821180746510987,14.81055380279314,0.0039866364789970885,23.97625029045766,192.53719943631083,61078.529895060245,10,2025-08-30 08:42:00,148.1055380279314,46983.484534661744,11.294106859293688,,,,
417,0,4170,200,158.0,32.62925747332522,0.00019161009090992023,562.2082716412189,1.2494264028439592,0.0019161009090992024,0.8840341755601979,2.133460578404157,591.0536503707914,0.8840341755601979,28.845378729572484,0.0625209499078704,24.03877124036553,374.98992348444233,61453.519818544686,10,2025-08-31 08:42:00,288.45378729572485,47271.93832195747,11.33619624027757,,,,
418,0,4180,199,194.0,11.236752889417371,6.343118206717855e-05,565.6855025401592,1.297234005680703,0.0006343118206717856,0.8846684873808697,2.181902493061573,575.6263037219127,0.8846684873808697,9.940801181753482,0.007127605183725279,24.045898845549257,129.23041536279527,61582.75023390748,10,2025-08-31 18:42:00,99.40801181753483,47371.346333775,11.33285797458732,,,,
419,0,4190,200,191.0,31.827509305702712,7.304989580016473e-05,629.9770311175635,1.3978877673039205,0.0007304989580016473,0.8853989863388714,2.283286753642792,658.1570755945236,0.8853989863388714,28.180044476960177,0.023249962383603565,24.06914880793286,366.34057820048235,61949.09081210796,10,2025-09-01 14:06:00,281.80044476960177,47653.1467785446,11.373066056931885,,,,
420,0,4200,200,356.0,3.0207560946743244,6.597783726702573e-06,478.21419303869277,0.9026797200624203,6.597783726702574e-05,0.8854649641761384,1.7881446842385587,480.88896672584843,0.8854649641761384,2.6747736871556524,0.00019930295403779876,24.069348110886896,34.77205793302348,61983.86287004099,10,2025-09-02 00:06:00,26.747736871556526,47679.894515416156,11.352355837003847,,,,
421,0,4210,200,199.0,26.451945661156483,2.3606250994421164e-05,612.2401717829132,1.3541602229098684,0.00023606250994421163,0.8857010266860826,2.239861249595951,635.6686872128439,0.8857010266860826,23.428515429930766,0.006244312685680498,24.075592423572576,304.57070058909994,62288.43357063009,10,2025-09-02 10:06:00,234.28515429930766,47914.179669715464,11.381040301595123,,,,
422,0,4220,200,196.0,23.45083566200911,2.746367752380431e-05,574.8309486726679,1.263143962816737,0.0002746367752380431,0.8859756634613207,2.1491196262780576,595.6078183570388,0.8859756634613207,20.776869684370922,0.006440461882851482,24.082032885455426,270.099305896822,62558.532876526915,10,2025-09-02 20:06:00,207.76869684370922,48121.948366559176,11.403305300132507,,,,
423,0,4230,199,159.0,63.246447768535496,0.00016429387652179962,538.2467794901777,1.2079594107932876,0.0016429387652179962,0.8876186022265388,2.0955780130198263,594.385503054279,0.8876186022265388,56.13872356410127,0.1039100408012622,24.18594292625669,729.8034063333165,63288.33628286023,10,2025-09-03 06:06:00,561.3872356410127,48683.33560220019,11.509062790118248,,,,
424,0,4240,198,145.0,6.6782507724386395,5.235478775779192e-05,593.7027206397652,1.3224080936172224,0.0005235478775779193,0.8881421501041167,2.210550243721339,599.6339566397334,0.8881421501041167,5.9312359999681314,0.0034963840178433496,24.189439310274533,77.1060679995857,63365.44235085982,10,2025-09-04 14:06:00,59.31235999968131,48742.64796219987,11.495907538254688,,,,
425,0,4250,199,114.0,12.994977339819284,7.333418703411171e-05,552.6705400919597,1.1548451025858246,0.0007333418703411171,0.8888754919744578,2.0437205945602823,564.2214569680884,0.8888754919744578,11.550916876128797,0.009529760987423508,24.198969071261956,150.16191938967435,63515.604270249496,10,2025-09-05 16:57:00,115.50916876128797,48858.15713096116,11.496036971990861,,,,
426,0,4260,197,359.0,16.789763443687637,2.374444698025763e-05,513.3578455747016,1.0176448652457122,0.0002374444698025763,0.8891129364442604,1.9067578016899724,528.2858414523232,0.8891129364442604,14.927995877621612,0.0039866364789970885,24.202955707740955,194.06394640908098,63709.668216658574,10,2025-09-08 18:30:00,149.27995877621612,49007.437089737374,11.504093213553373,,,,
427,0,4270,173,356.0,3.0207560946743244,6.597783726702573e-06,478.21419303869277,0.9026797200624203,6.597783726702574e-05,0.8891789142815274,1.7918586343439475,480.9001856632646,0.8891789142815274,2.6859926245718224,0.00019930295403779876,24.203155010694992,34.91790411943369,63744.58612077801,10,2025-09-12 10:03:00,26.859926245718224,49034.297015983095,11.483441924117821,,,,
428,0,4280,163,116.0,23.402981792039657,5.817373730777724e-05,617.6468481960467,1.3580203114314011,0.0005817373730777724,0.8897606516546052,2.247780963086006,638.4699005259928,0.8897606516546052,20.823052329946066,0.013614389149888087,24.216769399844882,270.69968028929884,64015.28580106731,10,2025-09-14 12:18:00,208.23052329946066,49242.52753928256,11.505263443757606,,,,
429,0,4290,2,90.0,19.03165625000014,3.773517627856339e-05,512.2296468043171,1.1303679911263382,0.0003773517627856339,0.8901380034173908,2.020505994543729,529.1704473004183,0.8901380034173908,16.940800496101232,0.00718162903466778,24.22395102887955,220.230406449316,64235.51620751662,10,2025-03-24 17:36:00,169.40800496101232,49411.93554424357,11.51793369329687,,,,
430,0,4300,200,159.0,63.246447768535496,0.00016429387652179962,538.2467794901777,1.2079594107932876,0.0016429387652179962,0.8917809421826088,2.0997403529758962,594.6487562709054,0.8917809421826088,56.40197678072774,0.1039100408012622,24.327861069680814,733.2256981494606,64968.74190566608,10,2025-09-15 17:48:00,564.0197678072774,49975.95531205085,11.622315188849035,,,,
431,0,4310,200,359.0,16.789763443687637,2.374444698025763e-05,513.3578455747016,1.0176448652457122,0.0002374444698025763,0.8920183866524114,1.9096632518981236,528.3346232740155,0.8920183866524114,14.97677769931388,0.0039866364789970885,24.331847706159813,194.69811009108045,65163.44001575716,10,2025-09-16 03:48:00,149.7677769931388,50125.72308904399,11.630098164511367,,,,
432,0,4320,200,395.0,16.604603895481443,1.6607034917533294e-05,538.4449029292705,1.2031982465381932,0.00016607034917533295,0.8921844570015868,2.09538270353978,553.2592724394871,0.8921844570015868,14.814369510216544,0.0027575323668406967,24.334605238526652,192.58680363281508,65356.026819389976,10,2025-09-16 13:48:00,148.14369510216545,50273.86678414616,11.637469162996796,,,,
433,0,4330,198,393.0,20.94719866071462,0.00014391272197619595,545.4990184749073,1.1878194509707216,0.0014391272197619596,0.8936235842213487,2.0814430351920703,564.2179292214918,0.8936235842213487,18.718910746584434,0.030145683770395674,24.36475092229705,243.34583970559765,65599.37265909558,10,2025-09-16 23:48:00,187.18910746584436,50461.055891612,11.653823531550115,,,,
434,0,4340,200,191.0,31.827509305702712,7.304989580016473e-05,629.9770311175635,1.3978877673039205,0.0007304989580016473,0.8943540831793504,2.292241850483271,658.4420940225474,0.8943540831793504,28.46506290498399,0.023249962383603565,24.38800088468065,370.04581776479193,65969.41847686037,10,2025-09-18 17:30:00,284.6506290498399,50745.706520661835,11.69255910614328,,,,
435,0,4350,200,406.0,55.70938548387105,0.0001149882370672052,522.962696144269,1.0776294123360106,0.001149882370672052,0.8955039655500224,1.973133377886033,572.8506717634303,0.8955039655500224,49.88797561916138,0.06405924024887684,24.452060124929528,648.543683049098,66617.96215990947,10,2025-09-19 03:30:00,498.8797561916138,51244.58627685345,11.78036466134562,,,,
436,0,4360,200,359.0,16.789763443687637,2.374444698025763e-05,513.3578455747016,1.0176448652457122,0.0002374444698025763,0.895741410019825,1.913386275265537,528.3971319556497,0.895741410019825,15.039286380948075,0.0039866364789970885,24.456046761408526,195.51072295232498,66813.4728828618,10,2025-09-19 13:30:00,150.39286380948076,51394.97914066293,11.787839252445627,,,,
437,0,4370,200,374.0,18.949813308535482,2.5022289178529327e-05,497.8486858278368,1.0351423639342239,0.00025022289178529327,0.8959916329116103,1.9311339968458343,514.8275599975217,0.8959916329116103,16.97887416968487,0.004741677084853184,24.46078843849338,220.72536420590336,67034.1982470677,10,2025-09-21 06:48:00,169.78874169684872,51564.76788235978,11.799718050883245,,,,
438,0,4380,200,359.0,16.789763443687637,2.374444698025763e-05,513.3578455747016,1.0176448652457122,0.0002374444698025763,0.8962290773814129,1.913873942627125,528.40531977529,0.8962290773814129,15.047474200588344,0.0039866364789970885,24.46477507497238,195.61716460764845,67229.81541167536,10,2025-09-21 16:48:00,150.47474200588343,51715.24262436567,11.807133019261567,,,,
439,0,4390,199,356.0,3.0207560946743244,6.597783726702573e-06,478.21419303869277,0.9026797200624203,6.597783726702574e-05,0.8962950552186799,1.7989747752811,480.92168178937106,0.8962950552186799,2.7074887506782876,0.00019930295403779876,24.464974377926417,35.19735375881774,67265.01276543418,10,2025-09-22 02:48:00,27.074887506782876,51742.31751187245,11.786404900198734,,,,
440,0,4400,201,374.0,18.949813308535482,2.5022289178529327e-05,497.8486858278368,1.0351423639342239,0.00025022289178529327,0.8965452781104652,1.9316876420446891,514.8380514706791,0.8965452781104652,16.98936564284234,0.004741677084853184,24.469716055011272,220.86175335695043,67485.87451879113,10,2025-09-22 12:45:00,169.8936564284234,51912.21116830087,11.798229810977471,,,,
441,0,4410,186,356.0,3.0207560946743244,6.597783726702573e-06,478.21419303869277,0.9026797200624203,6.597783726702574e-05,0.8966112559477323,1.7992909760101525,480.9226369546505,0.8966112559477323,2.7084439159577127,0.00019930295403779876,24.46991535796531,35.20977090745027,67521.08428969857,10,2025-09-22 22:48:00,27.084439159577126,51939.295607460444,11.777618051578331,,,,
442,0,4420,200,196.0,23.45083566200911,2.746367752380431e-05,574.8309486726679,1.263143962816737,0.0002746367752380431,0.8968858927229704,2.1600298555397073,595.8636723504886,0.8968858927229704,21.03272367782071,0.006440461882851482,24.47635581984816,273.42540781166923,67794.50969751024,10,2025-09-23 08:45:00,210.3272367782071,52149.62284423865,11.79855720457888,,,,
443,0,4430,201,359.0,16.789763443687637,2.374444698025763e-05,513.3578455747016,1.0176448652457122,0.0002374444698025763,0.8971233371927729,1.9147682024384851,528.4203341859799,0.8971233371927729,15.062488611278276,0.0039866364789970885,24.480342456327158,195.81235194661758,67990.32204945685,10,2025-09-23 18:45:00,150.62488611278275,52300.24773035143,11.805924995564657,,,,
444,0,4440,198,196.0,23.45083566200911,2.746367752380431e-05,574.8309486726679,1.263143962816737,0.0002746367752380431,0.897397973968011,2.160541936784748,595.8756810836117,0.897397973968011,21.044732410943755,0.006440461882851482,24.486782918210007,273.58152134226884,68263.90357079913,10,2025-09-24 04:48:00,210.44732410943755,52510.69505446087,11.82673312037407,,,,
445,0,4450,200,406.0,55.70938548387105,0.0001149882370672052,522.962696144269,1.0776294123360106,0.001149882370672052,0.8985478563386831,1.9761772686746937,573.0202450487467,0.8985478563386831,50.057548904477684,0.06405924024887684,24.550842158458885,650.74813575821,68914.65170655734,10,2025-09-24 14:48:00,500.5754890447769,53011.27054350565,11.912645065956326,,,,
446,0,4460,200,406.0,55.70938548387105,0.0001149882370672052,522.962696144269,1.0776294123360106,0.001149882370672052,0.8996977387093551,1.9773271510453658,573.0843042889956,0.8996977387093551,50.12160814472656,0.06405924024887684,24.61490139870776,651.5809058814453,69566.23261243879,10,2025-09-25 00:48:00,501.2160814472656,53512.486624952915,11.998315386760744,,,,
447,0,4470,200,159.0,63.246447768535496,0.00016429387652179962,538.2467794901777,1.2079594107932876,0.0016429387652179962,0.9013406774745731,2.1093000882678608,595.2533755697297,0.9013406774745731,57.00659607955199,0.1039100408012622,24.718811439509025,741.0857490341759,70307.31836147296,10,2025-09-25 10:48:00,570.0659607955199,54082.55258574843,12.099005052740141,,,,
448,0,4480,200,406.0,55.70938548387105,0.0001149882370672052,522.962696144269,1.0776294123360106,0.001149882370672052,0.9024905598452452,1.9801199721812557,573.2398906382424,0.9024905598452452,50.27719449397336,0.06405924024887684,24.782870679757902,653.6035284216537,70960.92188989461,10,2025-09-25 20:48:00,502.7719449397336,54585.324530688165,12.184224225600037,,,,
449,0,4490,200,194.0,11.236752889417371,6.343118206717855e-05,565.6855025401592,1.297234005680703,0.0006343118206717856,0.9031248716659169,2.20035887734662,575.8336935513559,0.9031248716659169,10.148191011196685,0.007127605183725279,24.78999828494163,131.92648314555692,71092.84837304016,10,2025-09-26 06:48:00,101.48191011196685,54686.80644080013,12.179689630467735,,,,
450,0,4500,200,406.0,55.70938548387105,0.0001149882370672052,522.962696144269,1.0776294123360106,0.001149882370672052,0.904274754036589,1.9819041663725996,573.339287000226,0.904274754036589,50.37659085595702,0.06405924024887684,24.854057525190505,654.8956811274412,71747.7440541676,10,2025-09-26 16:48:00,503.7659085595702,55190.5723493597,12.264571633191045,,,,
451,0,4510,200,374.0,18.949813308535482,2.5022289178529327e-05,497.8486858278368,1.0351423639342239,0.00025022289178529327,0.9045249769283743,1.9396673408625982,514.9892652735368,0.9045249769283743,17.14057944570006,0.004741677084853184,24.85879920227536,222.82753279410076,71970.5715869617,10,2025-09-27 02:48:00,171.40579445700058,55361.978143816705,12.275383180447163,,,,
452,0,4520,200,159.0,63.246447768535496,0.00016429387652179962,538.2467794901777,1.2079594107932876,0.0016429387652179962,0.9061679156935923,2.11412732648688,595.5586812396151,0.9061679156935923,57.31190174943747,0.1039100408012622,24.962709243076624,745.0547227426871,72715.62630970438,10,2025-09-27 12:48:00,573.1190174943747,55935.09716131108,12.375021495865283,,,,
453,0,4530,200,359.0,16.789763443687637,2.374444698025763e-05,513.3578455747016,1.0176448652457122,0.0002374444698025763,0.9064053601633949,1.9240502254091072,528.5761771559355,0.9064053601633949,15.218331581233894,0.0039866364789970885,24.966695879555623,197.8383105560406,72913.46462026042,10,2025-09-27 22:48:00,152.18331581233895,56087.28047712342,12.381298118570292,,,,
454,0,4540,200,194.0,11.236752889417371,6.343118206717855e-05,565.6855025401592,1.297234005680703,0.0006343118206717856,0.9070396719840667,2.20427367766477,575.8776831951424,0.9070396719840667,10.192180654983146,0.007127605183725279,24.97382348473935,132.4983485147809,73045.9629687752,10,2025-09-28 08:48:00,101.92180654983146,56189.20228367325,12.37647627393684,,,,
455,0,4550,200,199.0,26.451945661156483,2.3606250994421164e-05,612.2401717829132,1.3541602229098684,0.00023606250994421163,0.9072757344940109,2.2614359574038794,636.2393802114346,0.9072757344940109,23.999208428521413,0.006244312685680498,24.98006779742503,311.98970957077836,73357.95267834599,10,2025-09-28 18:48:00,239.99208428521413,56429.194367958466,12.402020740210652,,,,
456,0,4560,200,194.0,11.236752889417371,6.343118206717855e-05,565.6855025401592,1.297234005680703,0.0006343118206717856,0.9079100463146826,2.2051440519953855,575.8874633764167,0.9079100463146826,10.20196083625757,0.007127605183725279,24.987195402608755,132.6254908713484,73490.57816921733,10,2025-09-29 04:48:00,102.0196083625757,56531.21397632104,12.397196047438825,,,,
457,0,4570,198,191.0,31.827509305702712,7.304989580016473e-05,629.9770311175635,1.3978877673039205,0.0007304989580016473,0.9086405452726843,2.3065283125766047,658.8967965277686,0.9086405452726843,28.919765410205148,0.023249962383603565,25.010445364992357,375.9569503326669,73866.53511955,10,2025-09-29 14:48:00,289.1976541020515,56820.41163042309,12.433350466175732,,,,
458,0,4580,200,194.0,11.236752889417371,6.343118206717855e-05,565.6855025401592,1.297234005680703,0.0006343118206717856,0.9092748570933561,2.206508862774059,575.9027994178775,0.9092748570933561,10.217296877718336,0.007127605183725279,25.017572970176083,132.82485941033838,73999.35997896033,10,2025-09-30 14:06:00,102.17296877718337,56922.58459920027,12.428511921222768,,,,
459,0,4590,200,374.0,18.949813308535482,2.5022289178529327e-05,497.8486858278368,1.0351423639342239,0.00025022289178529327,0.9095250799851414,1.9446674439193652,515.084016292986,0.9095250799851414,17.235330465149232,0.004741677084853184,25.022314647260938,224.05929604694,74223.41927500727,10,2025-10-01 00:06:00,172.35330465149232,57094.937903851765,12.438984292778162,,,,
460,0,4600,199,194.0,11.236752889417371,6.343118206717855e-05,565.6855025401592,1.297234005680703,0.0006343118206717856,0.9101593918058132,2.2073933974865163,575.9127387158635,0.9101593918058132,10.227236175704329,0.007127605183725279,25.029442252444664,132.95407028415627,74356.37334529143,10,2025-10-01 12:33:00,102.27236175704329,57197.21026560881,12.434176144697567,,,,
461,0,4610,201,374.0,18.949813308535482,2.5022289178529327e-05,497.8486858278368,1.0351423639342239,0.00025022289178529327,0.9104096146975985,1.9455519786318223,515.100778060652,0.9104096146975985,17.25209223281521,0.004741677084853184,25.03418392952952,224.27719902659777,74580.65054431804,10,2025-10-01 22:30:00,172.52092232815212,57369.73118793696,12.444627155734699,,,,
462,0,4620,200,194.0,11.236752889417371,6.343118206717855e-05,565.6855025401592,1.297234005680703,0.0006343118206717856,0.9110439265182703,2.2082779321989734,575.9226780138495,0.9110439265182703,10.23717547369032,0.007127605183725279,25.041311534713245,133.08328115797417,74713.73382547601,10,2025-10-02 08:33:00,102.3717547369032,57472.10294267386,12.439849121790878,,,,
463,0,4630,200,159.0,63.246447768535496,0.00016429387652179962,538.2467794901777,1.2079594107932876,0.0016429387652179962,0.9126868652834883,2.120646276076776,595.9709816443582,0.9126868652834883,57.72420215418054,0.1039100408012622,25.14522157551451,750.414628004347,75464.14845348036,10,2025-10-02 18:33:00,577.2420215418053,58049.34496421566,12.537655499830597,,,,
464,0,4640,199,194.0,11.236752889417371,6.343118206717855e-05,565.6855025401592,1.297234005680703,0.0006343118206717856,0.91332117710416,2.210555182784863,575.9482669159504,0.91332117710416,10.262764375791244,0.007127605183725279,25.152349180698234,133.4159368852862,75597.56439036565,10,2025-10-03 04:33:00,102.62764375791244,58151.97260797358,12.532752717235685,,,,
465,0,4650,198,374.0,18.949813308535482,2.5022289178529327e-05,497.8486858278368,1.0351423639342239,0.00025022289178529327,0.9135713999959454,1.9487137639301693,515.1606933017773,0.9135713999959454,17.312007473940557,0.004741677084853184,25.15709085778309,225.05609716122729,75822.62048752687,10,2025-10-03 15:15:00,173.12007473940557,58325.09268271298,12.543030684454404,,,,
466,0,4660,200,406.0,55.70938548387105,0.0001149882370672052,522.962696144269,1.0776294123360106,0.001149882370672052,0.9147212823666174,1.992350694702628,573.9212566739318,0.9147212823666174,50.95856052966275,0.06405924024887684,25.221150098031966,662.4612868856157,76485.0817744125,10,2025-10-04 12:57:00,509.5856052966275,58834.67828800961,12.625467443778886,,,,
467,0,4670,200,374.0,18.949813308535482,2.5022289178529327e-05,497.8486858278368,1.0351423639342239,0.00025022289178529327,0.9149715052584028,1.9501138691926267,515.1872250351132,0.9149715052584028,17.338539207276423,0.004741677084853184,25.22589177511682,225.40100969459348,76710.4827841071,10,2025-10-04 22:57:00,173.38539207276423,59008.06368008237,12.63555967453584,,,,
468,0,4680,200,194.0,11.236752889417371,6.343118206717855e-05,565.6855025401592,1.297234005680703,0.0006343118206717856,0.9156058170790745,2.2128398227597774,575.9739388507899,0.9156058170790745,10.288436310630644,0.007127605183725279,25.233019380300547,133.74967203819838,76844.2324561453,10,2025-10-05 08:57:00,102.88436310630644,59110.94804318868,12.630544453672794,,,,
469,0,4690,47,194.0,11.236752889417371,6.343118206717855e-05,565.6855025401592,1.297234005680703,0.0006343118206717856,0.9162401288997463,2.213474134580449,575.9810664559735,0.9162401288997463,10.295563915814368,0.007127605183725279,25.240146985484273,133.84233090558678,76978.07478705088,10,2025-10-05 18:57:00,102.95563915814368,59213.90368234682,12.625565817131518,,,,
470,0,4700,199,342.0,11.405296114133082,0.0002511059148319687,500.30817951456237,1.0509412771005697,0.0025110591483196868,0.918751188048066,1.9696924651486358,510.7868088694621,0.918751188048066,10.478629354899759,0.028639373146688848,25.268786358630962,136.22218161369688,77114.29696866458,10,2025-10-06 13:33:00,104.78629354899759,59318.68997589582,12.620997867211877,,,,
471,0,4710,199,159.0,63.246447768535496,0.00016429387652179962,538.2467794901777,1.2079594107932876,0.0016429387652179962,0.920394126813284,2.1283535376065714,596.4584385581409,0.920394126813284,58.211659067963204,0.1039100408012622,25.372696399432225,756.7515678835217,77871.0485365481,10,2025-10-08 07:33:00,582.116590679632,59900.80656657545,12.717793326236825,,,,
472,0,4720,2,338.0,51.810164004462735,6.549702479183582e-06,335.1244114600485,0.7617061768227695,6.549702479183582e-05,0.9204596238380759,1.6821658006608455,382.8135755305853,0.9204596238380759,47.68916407053679,0.0033934115962693757,25.376089811028496,619.9591329169783,78491.00766946508,10,2025-04-23 05:06:00,476.8916407053679,60377.69820728082,12.791885213406953,,,,
473,0,4730,199,177.0,26.757504107909316,0.00011352334191079416,540.8114781074536,1.2096784488451857,0.0011352334191079415,0.9215948572571838,2.1312733061023694,565.4710562863407,0.9215948572571838,24.659578178887195,0.030376012875216685,25.406465823903712,320.5745163255335,78811.58218579061,10,2025-04-23 05:12:00,246.59578178887193,60624.29398906969,12.816975473376255,,,,
474,0,4740,169,359.0,16.789763443687637,2.374444698025763e-05,513.3578455747016,1.0176448652457122,0.0002374444698025763,0.9218323017269864,1.9394771669726985,528.8351918554478,0.9218323017269864,15.477346280746188,0.0039866364789970885,25.41045246038271,201.20550164970044,79012.78768744032,10,2025-05-06 16:06:00,154.77346280746187,60779.06745187715,12.822588070016277,,,,
475,0,4750,198,145.0,6.6782507724386395,5.235478775779192e-05,593.7027206397652,1.3224080936172224,0.0005235478775779193,0.9223558496045643,2.2447639432217867,599.8624443048501,0.9223558496045643,6.159723665084979,0.0034963840178433496,25.413948844400554,80.07640764610473,79092.86409508642,10,2025-05-23 13:18:00,61.59723665084979,60840.664688528,12.808560987058526,,,,
476,0,4760,200,191.0,31.827509305702712,7.304989580016473e-05,629.9770311175635,1.3978877673039205,0.0007304989580016473,0.923086348562566,2.3209741158664867,659.3565704664056,0.923086348562566,29.379539348842208,0.023249962383603565,25.437198806784156,381.9340115349487,79474.79810662137,10,2025-06-19 09:39:00,293.79539348842206,61134.46008201642,12.843373966810173,,,,
477,0,4770,196,116.0,23.402981792039657,5.817373730777724e-05,617.6468481960467,1.3580203114314011,0.0005817373730777724,0.9236680859356438,2.281688397367045,639.2634355930867,0.9236680859356438,21.616587397039993,0.013614389149888087,25.450813195934046,281.0156361615199,79755.81374278289,10,2025-06-19 19:39:00,216.16587397039993,61350.62595598682,12.86176644779598,,,,
478,0,4780,199,116.0,23.402981792039657,5.817373730777724e-05,617.6468481960467,1.3580203114314011,0.0005817373730777724,0.9242498233087215,2.2822701347401226,639.2770499822366,0.9242498233087215,21.63020178618988,0.013614389149888087,25.464427585083936,281.1926232204684,80037.00636600336,10,2025-06-25 17:09:00,216.30201786189878,61566.92797384872,12.880110454780066,,,,
479,0,4790,200,116.0,23.402981792039657,5.817373730777724e-05,617.6468481960467,1.3580203114314011,0.0005817373730777724,0.9248315606817993,2.2828518721132003,639.2906643713865,0.9248315606817993,21.64381617533977,0.013614389149888087,25.478041974233825,281.36961027941703,80318.37597628278,10,2025-06-26 17:24:00,216.43816175339768,61783.36613560211,12.898406291357434,,,,
480,0,4800,199,116.0,23.402981792039657,5.817373730777724e-05,617.6468481960467,1.3580203114314011,0.0005817373730777724,0.925413298054877,2.283433609486278,639.3042787605364,0.925413298054877,21.657430564489655,0.013614389149888087,25.491656363383715,281.54659733836553,80599.92257362115,10,2025-06-27 20:18:00,216.57430564489655,61999.94044124701,12.916654258593127,,,,
481,0,4810,200,116.0,23.402981792039657,5.817373730777724e-05,617.6468481960467,1.3580203114314011,0.0005817373730777724,0.9259950354279548,2.284015346859356,639.3178931496863,0.9259950354279548,21.671044953639544,0.013614389149888087,25.505270752533605,281.7235843973141,80881.64615801847,10,2025-06-29 16:33:00,216.71044953639546,62216.65089078341,12.934854655048525,,,,
482,0,4820,200,116.0,23.402981792039657,5.817373730777724e-05,617.6468481960467,1.3580203114314011,0.0005817373730777724,0.9265767728010326,2.2845970842324337,639.3315075388361,0.9265767728010326,21.68465934278943,0.013614389149888087,25.518885141683494,281.9005714562626,81163.54672947474,10,2025-06-30 02:33:00,216.8465934278943,62433.4974842113,12.953007776807324,,,,
483,0,4830,200,127.0,32.52272311933065,0.0001089691790757013,647.341325960978,1.4410231698365854,0.0010896917907570129,0.9276664645917896,2.368689634428375,677.5115655359851,0.9276664645917896,30.170239575007123,0.03543974439619792,25.55432488607969,392.2131144750926,81555.75984394983,10,2025-06-30 12:33:00,301.7023957500712,62735.19987996137,12.9886542194537,,,,
484,0,4840,200,122.0,24.745590519983278,0.0003076001986154839,613.5031499334228,1.3323876055263304,0.0030760019861548393,0.9307424665779445,2.263130072104275,636.5349218909199,0.9307424665779445,23.031771957497035,0.07611748558804292,25.630442371667733,299.4130354474615,81855.17287939729,10,2025-06-30 22:33:00,230.31771957497034,62965.51759953634,13.00940446271412,,,,
485,0,4850,200,159.0,63.246447768535496,0.00016429387652179962,538.2467794901777,1.2079594107932876,0.0016429387652179962,0.9323854053431625,2.1403448161364502,597.2168443293588,0.9323854053431625,58.97006483918113,0.1039100408012622,25.734352412468997,766.6108429093547,82621.78372230665,10,2025-07-01 08:33:00,589.7006483918112,63555.21824792815,13.10416871091302,,,,
486,0,4860,200,116.0,23.402981792039657,5.817373730777724e-05,617.6468481960467,1.3580203114314011,0.0005817373730777724,0.9329671427162403,2.2909874541476416,639.4810612496061,0.9329671427162403,21.834213053559434,0.013614389149888087,25.747966801618887,283.84476969627264,82905.62849200291,10,2025-07-01 18:33:00,218.34213053559435,63773.56037846374,13.122131765115997,,,,
487,0,4870,200,116.0,23.402981792039657,5.817373730777724e-05,617.6468481960467,1.3580203114314011,0.0005817373730777724,0.933548880089318,2.2915691915207193,639.494675638756,0.933548880089318,21.847827442709324,0.013614389149888087,25.761581190768776,284.02175675522125,83189.65024875813,10,2025-07-02 04:33:00,218.47827442709325,63992.038652890835,13.140049004700376,,,,
488,0,4880,200,116.0,23.402981792039657,5.817373730777724e-05,617.6468481960467,1.3580203114314011,0.0005817373730777724,0.9341306174623958,2.292150928893797,639.5082900279059,0.9341306174623958,21.86144183185921,0.013614389149888087,25.775195579918666,284.19874381416975,83473.8489925723,10,2025-07-02 14:33:00,218.6144183185921,64210.653071209425,13.157920711313407,,,,
489,0,4890,200,122.0,24.745590519983278,0.0003076001986154839,613.5031499334228,1.3323876055263304,0.0030760019861548393,0.9372066194485507,2.269594224974881,636.6948811709144,0.9372066194485507,23.19173123749163,0.07611748558804292,25.85131306550671,301.4925060873912,83775.34149865969,10,2025-07-03 00:33:00,231.91731237491632,64442.57038358434,13.178439751244241,,,,
490,0,4900,200,116.0,23.402981792039657,5.817373730777724e-05,617.6468481960467,1.3580203114314011,0.0005817373730777724,0.9377883568216284,2.2958086682530294,639.5938920355301,0.9377883568216284,21.94704383948336,0.013614389149888087,25.8649274546566,285.3115699132837,84060.65306857298,10,2025-07-03 10:33:00,219.4704383948336,64662.04082197917,13.196334861628403,,,,
491,0,4910,198,144.0,16.158421404896433,0.00012789276989970077,579.5754174245465,1.2798926366658512,0.0012789276989970076,0.9390672845206254,2.2189599211864763,594.7492623353825,0.9390672845206254,15.173844910836042,0.02066545270678819,25.885592907363385,197.25998384086853,84257.91305241385,10,2025-07-03 20:33:00,151.7384491083604,64813.77927108753,13.20036237700357,,,,
492,0,4920,182,116.0,23.402981792039657,5.817373730777724e-05,617.6468481960467,1.3580203114314011,0.0005817373730777724,0.9396490218937031,2.2976693333251044,639.6374371463329,0.9396490218937031,21.99058895028621,0.013614389149888087,25.899207296513275,285.87765635372074,84543.79070876757,10,2025-07-04 19:18:00,219.9058895028621,65033.685160590394,13.21822869117691,,,,
493,0,4930,199,116.0,23.402981792039657,5.817373730777724e-05,617.6468481960467,1.3580203114314011,0.0005817373730777724,0.9402307592667809,2.298251070698182,639.6510515354828,0.9402307592667809,22.004203339436096,0.013614389149888087,25.912821685663165,286.05464341266924,84829.84535218024,10,2025-07-05 21:15:00,220.04203339436094,65253.727193984756,13.236050140767698,,,,
494,0,4940,199,159.0,63.246447768535496,0.00016429387652179962,538.2467794901777,1.2079594107932876,0.0016429387652179962,0.9418736980319989,2.1498331088252867,597.8169451373159,0.9418736980319989,59.5701656471382,0.1039100408012622,26.016731726464428,774.4121534127966,85604.25750559304,10,2025-07-06 19:06:00,595.701656471382,65849.42885045614,13.32984389685347,,,,
495,0,4950,200,121.0,19.523839003299692,0.005097586317292525,621.2650206341366,1.375580029199913,0.05,0.991873698031999,2.367453727231912,640.6302030261209,0.991873698031999,19.36518239198424,0.9952445456424265,27.011976272106853,251.74737109579513,85856.00487668884,10,2025-07-07 13:00:00,193.6518239198424,66043.08067437599,13.342036499873938,,,,
496,0,4960,200,144.0,16.158421404896433,0.00012789276989970077,579.5754174245465,1.2798926366658512,0.0012789276989970076,0.9931526257309959,2.273045262396847,595.6231960704873,0.9931526257309959,16.04777864594082,0.02066545270678819,27.03264172481364,208.6211223972307,86064.62599908607,10,2025-07-07 23:00:00,160.4777864594082,66203.5584608354,13.347491625168427,,,,
497,0,4970,200,116.0,23.402981792039657,5.817373730777724e-05,617.6468481960467,1.3580203114314011,0.0005817373730777724,0.9937343631040737,2.3517546745354747,640.9031954018955,0.9937343631040737,23.256347205848762,0.013614389149888087,27.04625611396353,302.3325136760339,86366.95851276211,10,2025-07-08 09:00:00,232.5634720584876,66436.12193289389,13.367428960340822,,,,
498,0,4980,200,144.0,16.158421404896433,0.00012789276989970077,579.5754174245465,1.2798926366658512,0.0012789276989970076,0.9950132908030707,2.2749059274689216,595.6532614808152,0.9950132908030707,16.077844056268777,0.02066545270678819,27.066921566670317,209.0119727314941,86575.9704854936,10,2025-07-08 19:00:00,160.77844056268776,66596.90037345658,13.372871560935057,,,,
499,0,4990,200,116.0,23.402981792039657,5.817373730777724e-05,617.6468481960467,1.3580203114314011,0.0005817373730777724,0.9955950281761484,2.3536153396075497,640.9467405126983,0.9955950281761484,23.29989231665161,0.013614389149888087,27.080535955820206,302.89860011647096,86878.86908561007,10,2025-07-09 05:00:00,232.9989231665161,66829.89929662309,13.392765390104827,,,,
500,0,5000,199,122.0,24.745590519983278,0.0003076001986154839,613.5031499334228,1.3323876055263304,0.0030760019861548393,0.9986710301623033,2.331058635688634,638.215854309989,0.9986710301623033,24.712704376566226,0.07611748558804292,27.15665344140825,321.2651568953609,87200.13424250543,10,2025-07-09 15:00:00,247.12704376566225,67077.02634038875,13.41540526807775,,,,
501,0,5010,183,190.0,44.36750092746444,0.0004901358738202252,520.1676221991233,1.1059266488432078,0.0049013587382022526,1.0035723889005055,2.1094990377437135,564.6936210944442,1.0035723889005055,44.52599889532088,0.21746103836302438,27.374114479771272,578.8379856391715,87778.9722281446,10,2025-07-11 13:03:00,445.2599889532088,67522.28632934197,13.477502261345702,,,,
502,0,5020,199,121.0,19.523839003299692,0.005097586317292525,621.2650206341366,1.375580029199913,0.05,1.0535723889005055,2.4291524181004185,641.834798333352,1.0535723889005055,20.569777699215322,0.9952445456424265,28.369359025413697,267.4071100897992,88046.3793382344,10,2025-07-12 11:12:00,205.69777699215322,67727.98410633412,13.491630300066557,,,,
503,0,5030,201,141.0,33.60351871427354,0.0028395669971775315,534.6583140675389,1.154273726461522,0.028395669971775315,1.0819680588722809,2.236241785333803,571.0162479820998,1.0819680588722809,36.35793391456091,0.954194427300887,29.323553452714584,472.6531408892919,88519.03247912369,10,2025-07-12 21:09:00,363.5793391456091,68091.56344547973,13.537090148206705,,,,
504,1,5040,188,190.0,44.36750092746444,0.0004901358738202252,520.1676221991233,1.1059266488432078,0.0049013587382022526,1.0868694176104832,2.192796066453691,568.3893020929892,1.0868694176104832,48.22167989386585,0.21746103836302438,29.541014491077608,626.8818386202561,89145.91431774395,10,2025-07-13 07:12:00,482.2167989386585,68573.78024441839,13.605908778654443,,,,
505,1,5050,201,141.0,33.60351871427354,0.0028395669971775315,534.6583140675389,1.154273726461522,0.028395669971775315,1.1152650875822585,2.2695388140437807,572.1351453094852,1.1152650875822585,37.47683124194634,0.954194427300887,30.495208918378495,487.19880614530246,89633.11312388926,10,2025-07-13 17:09:00,374.7683124194634,68948.54855683785,13.653177932047099,,,,
506,1,5060,200,190.0,44.36750092746444,0.0004901358738202252,520.1676221991233,1.1059266488432078,0.0049013587382022526,1.1201664463204608,2.2260930951636686,569.8666080451609,1.1201664463204608,49.698985846037594,0.21746103836302438,30.712669956741518,646.0868159984888,90279.19993988774,10,2025-07-14 03:12:00,496.98985846037596,69445.53841529823,13.724414706580678,,,,
507,1,5070,193,122.0,24.745590519983278,0.0003076001986154839,613.5031499334228,1.3323876055263304,0.0030760019861548393,1.1232424483066157,2.4556300538329463,641.2984476138819,1.1232424483066157,27.795297680458997,0.07611748558804292,30.78878744232956,361.338869845967,90640.5388097337,10,2025-07-14 13:12:00,277.95297680459,69723.49139210282,13.752167927436453,,,,
508,1,5080,199,141.0,33.60351871427354,0.0028395669971775315,534.6583140675389,1.154273726461522,0.028395669971775315,1.151638118278391,2.3059118447399127,573.3574071271776,1.151638118278391,38.69909305963868,0.954194427300887,31.742981869630448,503.0882097753028,91143.627019509,10,2025-07-16 16:45:00,386.99093059638676,70110.4823226992,13.801276047775433,,,,
509,1,5090,198,159.0,63.246447768535496,0.00016429387652179962,538.2467794901777,1.2079594107932876,0.0016429387652179962,1.153281057043609,2.361240467836897,611.1877096269277,1.153281057043609,72.94093013675003,0.1039100408012622,31.84689191043171,948.2320917777504,92091.85911128676,10,2025-07-22 10:36:00,729.4093013675002,70839.8916240667,13.917463973294048,,,,
510,1,5100,199,359.0,16.789763443687637,2.374444698025763e-05,513.3578455747016,1.0176448652457122,0.0002374444698025763,1.1535185015134115,2.1711633667591235,532.7251483430289,1.1535185015134115,19.367302768327217,0.0039866364789970885,31.85087854691071,251.77493598825382,92343.63404727502,10,2025-08-22 13:12:00,193.67302768327218,71033.56465174997,13.92814993171568,,,,
511,1,5110,198,159.0,63.246447768535496,0.00016429387652179962,538.2467794901777,1.2079594107932876,0.0016429387652179962,1.1551614402786294,2.3631208510719173,611.3066371869862,1.1551614402786294,73.05985769680858,0.1039100408012622,31.954788587711974,949.7781500585115,93293.41219733353,10,2025-08-26 11:15:00,730.5985769680858,71764.16322871805,14.043867559436018,,,,
512,1,5120,200,116.0,23.402981792039657,5.817373730777724e-05,617.6468481960467,1.3580203114314011,0.0005817373730777724,1.1557431776517073,2.513763489083108,644.6946847389037,1.1557431776517073,27.04783654285696,0.013614389149888087,31.968402976861864,351.6218750571405,93645.03407239067,10,2025-08-28 09:45:00,270.4783654285696,72034.64159414663,14.069265936356762,,,,
513,1,5130,200,359.0,16.789763443687637,2.374444698025763e-05,513.3578455747016,1.0176448652457122,0.0002374444698025763,1.1559806221215099,2.173625487367222,532.7664867656086,1.1559806221215099,19.40864119090702,0.0039866364789970885,31.972389613340862,252.31233548179125,93897.34640787246,10,2025-08-29 12:42:00,194.0864119090702,72228.7280060557,14.079674075254522,,,,
514,1,5140,200,406.0,55.70938548387105,0.0001149882370672052,522.962696144269,1.0776294123360106,0.001149882370672052,1.157130504492182,2.2347599168281924,587.4257254741701,1.157130504492182,64.46302932990115,0.06405924024887684,32.03644885358974,838.019381288715,94735.36578916118,10,2025-08-29 22:42:00,644.6302932990114,72873.3582993547,14.17769616718963,,,,
515,1,5150,198,359.0,16.789763443687637,2.374444698025763e-05,513.3578455747016,1.0176448652457122,0.0002374444698025763,1.1573679489619846,2.1750128142076965,532.7897796550793,1.1573679489619846,19.431934080377665,0.0039866364789970885,32.04043549006874,252.61514304490964,94987.98093220609,10,2025-08-30 08:42:00,194.31934080377664,73067.67764015848,14.18789857090456,,,,
516,1,5160,200,158.0,32.62925747332522,0.00019161009090992023,562.2082716412189,1.2494264028439592,0.0019161009090992024,1.1592840498710837,2.408710452715043,600.0348493891817,1.1592840498710837,37.82657774796278,0.0625209499078704,32.10295643997661,491.7455107235162,95479.7264429296,10,2025-08-31 08:42:00,378.2657774796278,73445.9434176381,14.233709964658548,,,,
517,1,5170,199,194.0,11.236752889417371,6.343118206717855e-05,565.6855025401592,1.297234005680703,0.0006343118206717856,1.1599183616917554,2.4571523673724585,578.7192185423872,1.1599183616917554,13.033716002228097,0.007127605183725279,32.110084045160335,169.43830802896528,95649.16475095857,10,2025-08-31 18:42:00,130.33716002228095,73576.28057766038,14.231388893164484,,,,
518,1,5180,200,191.0,31.827509305702712,7.304989580016473e-05,629.9770311175635,1.3978877673039205,0.0007304989580016473,1.1606488606497571,2.5585366279536776,666.9175935305468,1.1606488606497571,36.9405624129834,0.023249962383603565,32.13333400754394,480.22731136878417,96129.39206232736,10,2025-09-01 14:06:00,369.405624129834,73945.68620179022,14.275228996484598,,,,
519,1,5190,200,356.0,3.0207560946743244,6.597783726702573e-06,478.21419303869277,0.9026797200624203,6.597783726702574e-05,1.160714838487024,2.063394558549444,481.7204294612314,1.160714838487024,3.506236422538602,0.00019930295403779876,32.133533310497974,45.581073493001824,96174.97313582036,10,2025-09-02 00:06:00,35.06236422538602,73980.74856601561,14.254479492488557,,,,
520,1,5200,200,199.0,26.451945661156483,2.3606250994421164e-05,612.2401717829132,1.3541602229098684,0.00023606250994421163,1.1609509009969683,2.515111123906837,642.9495819313556,1.1609509009969683,30.709410148442466,0.006244312685680498,32.139777623183654,399.22233192975204,96574.1954677501,10,2025-09-02 10:06:00,307.09410148442464,74287.84266750004,14.286123589903854,,,,
521,1,5210,200,196.0,23.45083566200911,2.746367752380431e-05,574.8309486726679,1.263143962816737,0.0002746367752380431,1.1612255377722063,2.424369500588943,602.0626579254921,1.1612255377722063,27.23170925282416,0.006440461882851482,32.14621808506651,354.0122202867141,96928.20768803683,10,2025-09-02 20:06:00,272.3170925282416,74560.15976002828,14.310971163153221,,,,
522,1,5220,199,159.0,63.246447768535496,0.00016429387652179962,538.2467794901777,1.2079594107932876,0.0016429387652179962,1.1628684765374242,2.370827887330712,611.7940798531783,1.1628684765374242,73.54730036300064,0.1039100408012622,32.25012812586777,956.1149047190083,97884.32259275584,10,2025-09-03 06:06:00,735.4730036300065,75295.63276365829,14.424450721007334,,,,
523,1,5230,198,145.0,6.6782507724386395,5.235478775779192e-05,593.7027206397652,1.3224080936172224,0.0005235478775779193,1.1633920244150022,2.4858001180322247,601.4721443254637,1.1633920244150022,7.769423685698441,0.0034963840178433496,32.25362450988561,101.00250791407973,97985.32510066991,10,2025-09-04 14:06:00,77.6942368569844,75373.32700051527,14.411726003922615,,,,
524,1,5240,199,114.0,12.994977339819284,7.333418703411171e-05,552.6705400919597,1.1548451025858246,0.0007333418703411171,1.1641253662853432,2.318970468871168,567.7983228475465,1.1641253662853432,15.12778275558686,0.009529760987423508,32.26315427087304,196.66117582262922,98181.98627649255,10,2025-09-05 16:57:00,151.2778275558686,75524.60482807114,14.413092524441057,,,,
525,1,5250,197,359.0,16.789763443687637,2.374444698025763e-05,513.3578455747016,1.0176448652457122,0.0002374444698025763,1.1643628107551458,2.182007676000858,532.9072217299077,1.1643628107551458,19.549376155206133,0.0039866364789970885,32.26714090735204,254.1418900176797,98436.12816651023,10,2025-09-08 18:30:00,195.49376155206133,75720.0985896232,14.422875921832992,,,,
526,1,5260,173,356.0,3.0207560946743244,6.597783726702573e-06,478.21419303869277,0.9026797200624203,6.597783726702574e-05,1.1644287885924127,2.067108508654833,481.73164839864756,1.1644287885924127,3.5174553599547713,0.00019930295403779876,32.267340210306074,45.72691967941203,98481.85508618964,10,2025-09-12 10:03:00,35.174553599547714,75755.27314322274,14.402143183122195,,,,
527,1,5270,163,116.0,23.402981792039657,5.817373730777724e-05,617.6468481960467,1.3580203114314011,0.0005817373730777724,1.1650105259654906,2.5230308373968917,644.9115683227516,1.1650105259654906,27.264720126704923,0.013614389149888087,32.28095459945596,354.44136164716394,98836.2964478368,10,2025-09-14 12:18:00,272.64720126704924,76027.9203444898,14.426550349998065,,,,
528,1,5280,199,393.0,20.94719866071462,0.00014391272197619595,545.4990184749073,1.1878194509707216,0.0014391272197619596,1.1664496531852526,2.354269104155974,569.9328710879005,1.1664496531852526,24.433852612993157,0.030145683770395674,32.31110028322635,317.64008396891103,99153.93653180571,10,2025-09-14 20:27:00,244.33852612993155,76272.25887061973,14.445503573981009,,,,
529,1,5290,200,159.0,63.246447768535496,0.00016429387652179962,538.2467794901777,1.2079594107932876,0.0016429387652179962,1.1680925919504705,2.376052002743758,612.1244865957864,1.1680925919504705,73.87770710560868,0.1039100408012622,32.41501032402761,960.4101923729128,100114.34672417863,10,2025-09-15 17:48:00,738.7770710560868,77011.03594167581,14.557851784815844,,,,
530,1,5300,200,359.0,16.789763443687637,2.374444698025763e-05,513.3578455747016,1.0176448652457122,0.0002374444698025763,1.168330036420273,2.1859749016659853,532.973830510353,1.168330036420273,19.615984935651348,0.0039866364789970885,32.41899696050661,255.00780416346754,100369.3545283421,10,2025-09-16 03:48:00,196.15984935651346,77207.19579103233,14.56739543227025,,,,
531,1,5310,200,395.0,16.604603895481443,1.6607034917533294e-05,538.4449029292705,1.2031982465381932,0.00016607034917533295,1.1684961067694484,2.3716943533076416,557.8473179355893,1.1684961067694484,19.402415006318883,0.0027575323668406967,32.421754492873454,252.23139508214547,100621.58592342424,10,2025-09-16 13:48:00,194.0241500631888,77401.2199410955,14.57650093052646,,,,
532,1,5320,198,393.0,20.94719866071462,0.00014391272197619595,545.4990184749073,1.1878194509707216,0.0014391272197619596,1.1699352339892104,2.3577546849599322,570.0058842414489,1.1699352339892104,24.506865766541633,0.030145683770395674,32.451900176643846,318.5892549650412,100940.17517838928,10,2025-09-16 23:48:00,245.06865766541634,77646.28859876092,14.595167029842278,,,,
533,1,5330,200,191.0,31.827509305702712,7.304989580016473e-05,629.9770311175635,1.3978877673039205,0.0007304989580016473,1.170665732947212,2.5685535002511326,667.2364056268082,1.170665732947212,37.25937450924468,0.023249962383603565,32.47515013902745,484.37186862018086,101424.54704700946,10,2025-09-18 17:30:00,372.5937450924468,78018.88234385337,14.637688995094441,,,,
534,1,5340,200,406.0,55.70938548387105,0.0001149882370672052,522.962696144269,1.0776294123360106,0.001149882370672052,1.1718156153178843,2.249445027653895,588.2438239740326,1.1718156153178843,65.28112782976356,0.06405924024887684,32.53920937927632,848.6546617869262,102273.20170879639,10,2025-09-19 03:30:00,652.8112782976357,78671.69362215101,14.732526895533898,,,,
535,1,5350,200,359.0,16.789763443687637,2.374444698025763e-05,513.3578455747016,1.0176448652457122,0.0002374444698025763,1.1720530597876868,2.189697925033399,533.0363391919872,1.1720530597876868,19.678493617285543,0.0039866364789970885,32.54319601575532,255.82041702471207,102529.02212582111,10,2025-09-19 13:30:00,196.78493617285542,78868.47855832387,14.74177169314465,,,,
536,1,5360,200,374.0,18.949813308535482,2.5022289178529327e-05,497.8486858278368,1.0351423639342239,0.00025022289178529327,1.1723032826794721,2.207445646613696,520.0636141755961,1.1723032826794721,22.214928347759294,0.004741677084853184,32.54793769284017,288.79406852087084,102817.81619434198,10,2025-09-21 06:48:00,222.14928347759295,79090.62784180147,14.755714149589826,,,,
537,1,5370,200,359.0,16.789763443687637,2.374444698025763e-05,513.3578455747016,1.0176448652457122,0.0002374444698025763,1.1725407271492747,2.190185592394987,533.0445270116275,1.1725407271492747,19.686681436925813,0.0039866364789970885,32.55192432931917,255.92685868003556,103073.74305302202,10,2025-09-21 16:48:00,196.86681436925812,79287.49465617073,14.764896584016896,,,,
538,1,5380,199,356.0,3.0207560946743244,6.597783726702573e-06,478.21419303869277,0.9026797200624203,6.597783726702574e-05,1.1726067049865416,2.075286425048962,481.7563518894368,1.1726067049865416,3.542158850744073,0.00019930295403779876,32.55212363227321,46.04806505967296,103119.79111808169,10,2025-09-22 02:48:00,35.42158850744073,79322.91624467817,14.744036476705979,,,,
539,1,5390,201,374.0,18.949813308535482,2.5022289178529327e-05,497.8486858278368,1.0351423639342239,0.00025022289178529327,1.172856927878327,2.207999291812551,520.0741056487535,1.172856927878327,22.22541982091676,0.004741677084853184,32.55686530935806,288.93045767191785,103408.7215757536,10,2025-09-22 12:45:00,222.25419820916758,79545.17044288733,14.757916594227705,,,,
540,1,5400,186,356.0,3.0207560946743244,6.597783726702573e-06,478.21419303869277,0.9026797200624203,6.597783726702574e-05,1.1729229057155939,2.0756026257780142,481.75730705471625,1.1729229057155939,3.543114016023498,0.00019930295403779876,32.5570646123121,46.06048220830548,103454.78205796191,10,2025-09-22 22:48:00,35.43114016023498,79580.60158304757,14.737148441305106,,,,
541,1,5410,200,196.0,23.45083566200911,2.746367752380431e-05,574.8309486726679,1.263143962816737,0.0002746367752380431,1.1731975424908319,2.4363415053075688,602.3434114406933,1.1731975424908319,27.512462768025447,0.006440461882851482,32.56350507419495,357.6620159843309,103812.44407394624,10,2025-09-23 08:45:00,275.1246276802545,79855.72621072782,14.760762700689062,,,,
542,1,5420,201,359.0,16.789763443687637,2.374444698025763e-05,513.3578455747016,1.0176448652457122,0.0002374444698025763,1.1734349869606344,2.1910798522063466,533.0595414223174,1.1734349869606344,19.70169584761574,0.0039866364789970885,32.56749171067395,256.12204601900464,104068.56611996525,10,2025-09-23 18:45:00,197.01695847615738,80052.74316920398,14.76987881350627,,,,
543,1,5430,198,196.0,23.45083566200911,2.746367752380431e-05,574.8309486726679,1.263143962816737,0.0002746367752380431,1.1737096237358724,2.4368535865526093,602.3554201738164,1.1737096237358724,27.52447150114849,0.006440461882851482,32.5739321725568,357.8181295149304,104426.38424948018,10,2025-09-24 04:48:00,275.2447150114849,80327.98788421547,14.793367934477988,,,,
544,1,5440,200,406.0,55.70938548387105,0.0001149882370672052,522.962696144269,1.0776294123360106,0.001149882370672052,1.1748595061065445,2.2524889184425554,588.4133972593488,1.1748595061065445,65.45070111507985,0.06405924024887684,32.637991412805675,850.8591144960382,105277.24336397622,10,2025-09-24 14:48:00,654.5070111507985,80982.49489536627,14.886488032236446,,,,
545,1,5450,200,406.0,55.70938548387105,0.0001149882370672052,522.962696144269,1.0776294123360106,0.001149882370672052,1.1760093884772167,2.2536388008132273,588.4774564995977,1.1760093884772167,65.51476035532873,0.06405924024887684,32.70205065305455,851.6918846192737,106128.93524859549,10,2025-09-25 00:48:00,655.1476035532874,81637.64249891955,14.979383944755881,,,,
546,1,5460,200,159.0,63.246447768535496,0.00016429387652179962,538.2467794901777,1.2079594107932876,0.0016429387652179962,1.1776523272424346,2.3856117380357222,612.7291058946106,1.1776523272424346,74.48232640443291,0.1039100408012622,32.80596069385581,968.270243257628,107097.20549185312,10,2025-09-25 10:48:00,744.8232640443291,82382.46576296388,15.088363692850528,,,,
547,1,5470,200,406.0,55.70938548387105,0.0001149882370672052,522.962696144269,1.0776294123360106,0.001149882370672052,1.1788022096131068,2.256431621949117,588.6330428488445,1.1788022096131068,65.67034670457554,0.06405924024887684,32.87001993410468,853.714507159482,107950.9199990126,10,2025-09-25 20:48:00,656.7034670457554,83039.16923000963,15.180835325413096,,,,
548,1,5480,200,194.0,11.236752889417371,6.343118206717855e-05,565.6855025401592,1.297234005680703,0.0006343118206717856,1.1794365214337785,2.4766705271144813,578.9385392802645,1.1794365214337785,13.253036740105383,0.007127605183725279,32.87714753928841,172.28947762136997,108123.20947663397,10,2025-09-26 06:48:00,132.53036740105384,83171.69959741068,15.177317444782972,,,,
549,1,5490,200,406.0,55.70938548387105,0.0001149882370672052,522.962696144269,1.0776294123360106,0.001149882370672052,1.1805864038044507,2.2582158161404613,588.7324392108281,1.1805864038044507,65.76974306655919,0.06405924024887684,32.94120677953728,855.0066598652694,108978.21613649924,10,2025-09-26 16:48:00,657.6974306655918,83829.39702807627,15.269471225514804,,,,
550,1,5500,200,374.0,18.949813308535482,2.5022289178529327e-05,497.8486858278368,1.0351423639342239,0.00025022289178529327,1.180836626696236,2.21597899063046,520.2253194516113,1.180836626696236,22.376633623774477,0.004741677084853184,32.94594845662213,290.89623710906824,109269.11237360831,10,2025-09-27 02:48:00,223.76633623774478,84053.16336431402,15.282393338966186,,,,
551,1,5510,200,159.0,63.246447768535496,0.00016429387652179962,538.2467794901777,1.2079594107932876,0.0016429387652179962,1.182479565461454,2.3904389762547416,613.034411564496,1.182479565461454,74.7876320743184,0.1039100408012622,33.04985849742339,972.2392169661391,110241.35159057444,10,2025-09-27 12:48:00,747.8763207431839,84801.03968505721,15.390388327596591,,,,
552,1,5520,200,359.0,16.789763443687637,2.374444698025763e-05,513.3578455747016,1.0176448652457122,0.0002374444698025763,1.1827170099312565,2.2003618751769687,533.215384392273,1.1827170099312565,19.857538817571356,0.0039866364789970885,33.05384513390239,258.14800462842766,110499.49959520287,10,2025-09-27 22:48:00,198.57538817571356,84999.61507323293,15.398480991527704,,,,
553,1,5530,200,194.0,11.236752889417371,6.343118206717855e-05,565.6855025401592,1.297234005680703,0.0006343118206717856,1.1833513217519283,2.4805853274326313,578.982528924051,1.1833513217519283,13.297026383891845,0.007127605183725279,33.06097273908612,172.86134299059398,110672.36093819347,10,2025-09-28 08:48:00,132.97026383891844,85132.58533707184,15.394680892779718,,,,
554,1,5540,200,199.0,26.451945661156483,2.3606250994421164e-05,612.2401717829132,1.3541602229098684,0.00023606250994421163,1.1835873842618725,2.537747607171741,643.5483609566386,1.1835873842618725,31.30818917372539,0.006244312685680498,33.0672170517718,407.00645925843,111079.36739745189,10,2025-09-28 18:48:00,313.0818917372539,85445.66722880909,15.42340563696915,,,,
555,1,5550,200,194.0,11.236752889417371,6.343118206717855e-05,565.6855025401592,1.297234005680703,0.0006343118206717856,1.1842216960825442,2.481455701763247,578.9923091053255,1.1842216960825442,13.30680656516627,0.007127605183725279,33.074344656955525,172.9884853471615,111252.35588279905,10,2025-09-29 04:48:00,133.0680656516627,85578.73529446076,15.419591944947884,,,,
556,1,5560,198,191.0,31.827509305702712,7.304989580016473e-05,629.9770311175635,1.3978877673039205,0.0007304989580016473,1.184952195040546,2.5828399623444662,667.6911081320293,1.184952195040546,37.71407701446583,0.023249962383603565,33.09759461933913,490.28300118805583,111742.6388839871,10,2025-09-29 14:48:00,377.1407701446583,85955.87606460541,15.459689939677233,,,,
557,1,5570,200,194.0,11.236752889417371,6.343118206717855e-05,565.6855025401592,1.297234005680703,0.0006343118206717856,1.1855865068612177,2.4828205125419207,579.0076451467862,1.1855865068612177,13.322142606627036,0.007127605183725279,33.10472222452285,173.18785388615146,111915.82673787326,10,2025-09-30 14:06:00,133.22142606627037,86089.09749067169,15.455852332257036,,,,
558,1,5580,200,374.0,18.949813308535482,2.5022289178529327e-05,497.8486858278368,1.0351423639342239,0.00025022289178529327,1.185836729753003,2.2209790936872267,520.3200704710605,1.185836729753003,22.47138464322365,0.004741677084853184,33.109463901607704,292.1280003619075,112207.95473823516,10,2025-10-01 00:06:00,224.7138464322365,86313.81133710392,15.468424970807154,,,,
559,1,5590,199,194.0,11.236752889417371,6.343118206717855e-05,565.6855025401592,1.297234005680703,0.0006343118206717856,1.1864710415736748,2.483705047254378,579.0175844447722,1.1864710415736748,13.332081904613029,0.007127605183725279,33.11659150679143,173.31706475996938,112381.27180299514,10,2025-10-01 12:33:00,133.32081904613028,86447.13215615005,15.464603247969597,,,,
560,1,5600,201,374.0,18.949813308535482,2.5022289178529327e-05,497.8486858278368,1.0351423639342239,0.00025022289178529327,1.1867212644654601,2.221863628399684,520.3368322387264,1.1867212644654601,22.48814641088963,0.004741677084853184,33.12133318387628,292.3459033415652,112673.6177063367,10,2025-10-01 22:30:00,224.8814641088963,86672.01362025895,15.477145289331956,,,,
561,1,5610,200,194.0,11.236752889417371,6.343118206717855e-05,565.6855025401592,1.297234005680703,0.0006343118206717856,1.1873555762861319,2.484589581966835,579.0275237427581,1.1873555762861319,13.34202120259902,0.007127605183725279,33.12846078906001,173.44627563378725,112847.0639819705,10,2025-10-02 08:33:00,133.4202120259902,86805.43383228494,15.47333936404366,,,,
562,1,5620,200,159.0,63.246447768535496,0.00016429387652179962,538.2467794901777,1.2079594107932876,0.0016429387652179962,1.1889985150513498,2.3969579258446374,613.4467119692391,1.1889985150513498,75.19993247906146,0.1039100408012622,33.23237082986127,977.5991222277991,113824.66310419829,10,2025-10-02 18:33:00,751.9993247906145,87557.43315707555,15.579614440760773,,,,
563,1,5630,199,194.0,11.236752889417371,6.343118206717855e-05,565.6855025401592,1.297234005680703,0.0006343118206717856,1.1896328268720215,2.4868668325527246,579.0531126448591,1.1896328268720215,13.367610104699944,0.007127605183725279,33.23949843504499,173.7789313610993,113998.44203555939,10,2025-10-03 04:33:00,133.67610104699943,87691.10925812254,15.575685481016437,,,,
564,1,5640,198,374.0,18.949813308535482,2.5022289178529327e-05,497.8486858278368,1.0351423639342239,0.00025022289178529327,1.1898830497638069,2.225025413698031,520.3967474798518,1.1898830497638069,22.548061652014976,0.004741677084853184,33.244240112129845,293.1248014761947,114291.56683703559,10,2025-10-03 15:15:00,225.48061652014977,87916.58987464268,15.58804785011395,,,,
565,1,5650,200,406.0,55.70938548387105,0.0001149882370672052,522.962696144269,1.0776294123360106,0.001149882370672052,1.191032932134479,2.2686623444704894,589.3144088845339,1.191032932134479,66.35171274026493,0.06405924024887684,33.30829935237872,862.5722656234441,115154.13910265903,10,2025-10-04 12:57:00,663.5171274026493,88580.10700204533,15.677895044609793,,,,
566,1,5660,200,374.0,18.949813308535482,2.5022289178529327e-05,497.8486858278368,1.0351423639342239,0.00025022289178529327,1.1912831550262644,2.2264255189604882,520.4232792131876,1.1912831550262644,22.57459338535084,0.004741677084853184,33.31304102946357,293.4697140095609,115447.6088166686,10,2025-10-04 22:57:00,225.7459338535084,88805.85293589885,15.690080024010397,,,,
567,1,5670,200,194.0,11.236752889417371,6.343118206717855e-05,565.6855025401592,1.297234005680703,0.0006343118206717856,1.1919174668469361,2.489151472527639,579.0787845796985,1.1919174668469361,13.393282039539343,0.007127605183725279,33.320168634647295,174.11266651401147,115621.72148318261,10,2025-10-05 08:57:00,133.93282039539343,88939.78575629424,15.686029233914327,,,,
568,1,5680,47,194.0,11.236752889417371,6.343118206717855e-05,565.6855025401592,1.297234005680703,0.0006343118206717856,1.1925517786676079,2.489785784348311,579.0859121848822,1.1925517786676079,13.400409644723068,0.007127605183725279,33.32729623983102,174.20532538139986,115795.926808564,10,2025-10-05 18:57:00,134.00409644723067,89073.78985274147,15.682005255764343,,,,
569,1,5690,199,342.0,11.405296114133082,0.0002511059148319687,500.30817951456237,1.0509412771005697,0.0025110591483196868,1.1950628378159276,2.2460041149164973,513.9382250548492,1.1950628378159276,13.630045540286853,0.028639373146688848,33.35593561297771,177.19059202372907,115973.11740058774,10,2025-10-06 13:33:00,136.30045540286852,89210.09030814434,15.678398999673874,,,,
570,1,5700,199,159.0,63.246447768535496,0.00016429387652179962,538.2467794901777,1.2079594107932876,0.0016429387652179962,1.1967057765811455,2.404665187374433,613.9341688830218,1.1967057765811455,75.68738939284412,0.1039100408012622,33.45984565377897,983.9360621069737,116957.05346269472,10,2025-10-08 07:33:00,756.8738939284412,89966.96420207278,15.783677930188206,,,,
571,1,5710,199,374.0,18.949813308535482,2.5022289178529327e-05,497.8486858278368,1.0351423639342239,0.00025022289178529327,1.1969559994729309,2.2320983634071547,520.5307785563804,1.1969559994729309,22.682092728543534,0.004741677084853184,33.46458733086382,294.867205471066,117251.92066816578,10,2025-10-08 17:30:00,226.82092728543535,90193.7851293582,15.795759217050474,,,,
572,1,5720,200,406.0,55.70938548387105,0.0001149882370672052,522.962696144269,1.0776294123360106,0.001149882370672052,1.198105881843603,2.2757352941796136,589.7084385663875,1.198105881843603,66.74574242211854,0.06405924024887684,33.528646571112695,867.694651487541,118119.61531965333,10,2025-10-10 11:54:00,667.4574242211854,90861.24255357939,15.88483261426213,,,,
573,1,5730,199,356.0,3.0207560946743244,6.597783726702573e-06,478.21419303869277,0.9026797200624203,6.597783726702574e-05,1.19817185968087,2.1008515797432903,481.833577986291,1.19817185968087,3.6193849475982574,0.00019930295403779876,33.52884587406673,47.05200431877735,118166.6673239721,10,2025-10-10 21:54:00,36.193849475982574,90897.43640305537,15.863426946432002,,,,
574,1,5740,198,374.0,18.949813308535482,2.5022289178529327e-05,497.8486858278368,1.0351423639342239,0.00025022289178529327,1.1984220825726553,2.233564446506879,520.5585605574149,1.1984220825726553,22.70987472957811,0.004741677084853184,33.533587551151584,295.22837148451543,118461.89569545661,10,2025-10-11 18:00:00,227.0987472957811,91124.53515035115,15.875354555810304,,,,
575,1,5750,199,406.0,55.70938548387105,0.0001149882370672052,522.962696144269,1.0776294123360106,0.001149882370672052,1.1995719649433274,2.2772013772793382,589.7901131549414,1.1995719649433274,66.82741701067248,0.06405924024887684,33.59764679140046,868.7564211387422,119330.65211659535,10,2025-10-12 10:03:00,668.2741701067248,91792.80932045788,15.9639668383405,,,,
576,1,5760,200,194.0,11.236752889417371,6.343118206717855e-05,565.6855025401592,1.297234005680703,0.0006343118206717856,1.2002062767639992,2.4974402824447024,579.1719238884839,1.2002062767639992,13.486421348324733,0.007127605183725279,33.60477439658418,175.32347752822153,119505.97559412356,10,2025-10-13 12:00:00,134.86421348324734,91927.67353394112,15.959665544087,,,,
577,1,5770,200,374.0,18.949813308535482,2.5022289178529327e-05,497.8486858278368,1.0351423639342239,0.00025022289178529327,1.2004564996557845,2.2355988635900084,520.5971123813318,1.2004564996557845,22.748426553495104,0.004741677084853184,33.609516073669035,295.72954519543634,119801.705139319,10,2025-10-13 22:00:00,227.48426553495105,92155.15779947607,15.971431161087708,,,,
578,1,5780,198,374.0,18.949813308535482,2.5022289178529327e-05,497.8486858278368,1.0351423639342239,0.00025022289178529327,1.2007067225475698,2.2358490864817937,520.6018540584167,1.2007067225475698,22.75316823057996,0.004741677084853184,33.614257750753886,295.7911869975395,120097.49632631654,10,2025-10-14 16:42:00,227.5316823057996,92382.68948178187,15.983164270204476,,,,
579,1,5790,199,374.0,18.949813308535482,2.5022289178529327e-05,497.8486858278368,1.0351423639342239,0.00025022289178529327,1.2009569454393552,2.236099309373579,520.6065957355016,1.2009569454393552,22.757909907664814,0.004741677084853184,33.61899942783874,295.8528287996426,120393.34915511619,10,2025-10-15 07:39:00,227.57909907664813,92610.26858085852,15.994865039871938,,,,
580,1,5800,200,356.0,3.0207560946743244,6.597783726702573e-06,478.21419303869277,0.9026797200624203,6.597783726702574e-05,1.201022923276622,2.103702643339042,481.8421903540242,1.201022923276622,3.6279973153314296,0.00019930295403779876,33.619198730792775,47.16396509930859,120440.51312021549,10,2025-10-15 17:39:00,36.279973153314295,92646.54855401184,15.973542854139973,,,,
581,1,5810,200,374.0,18.949813308535482,2.5022289178529327e-05,497.8486858278368,1.0351423639342239,0.00025022289178529327,1.2012731461684074,2.2364155101026313,520.6125876802852,1.2012731461684074,22.763901852448377,0.004741677084853184,33.623940407877626,295.9307240818289,120736.44384429732,10,2025-10-16 09:51:00,227.6390185244838,92874.18757253632,15.985230219025185,,,,
582,1,5820,199,356.0,3.0207560946743244,6.597783726702573e-06,478.21419303869277,0.9026797200624203,6.597783726702574e-05,1.2013391240056743,2.1040188440680945,481.8431455193036,1.2013391240056743,3.6289524806108546,0.00019930295403779876,33.62413971083166,47.17638224794111,120783.62022654526,10,2025-10-16 19:51:00,36.289524806108545,92910.47709734243,15.963999501261586,,,,
583,1,5830,69,356.0,3.0207560946743244,6.597783726702573e-06,478.21419303869277,0.9026797200624203,6.597783726702574e-05,1.2014051018429412,2.1040848219053614,481.8433448222577,1.2014051018429412,3.6291517835648923,0.00019930295403779876,33.6243390137857,47.178973186343605,120830.7991997316,10,2025-10-19 09:36:00,36.291517835648925,92946.76861517808,15.942841958006532,,,,
584,1,5840,165,374.0,18.949813308535482,2.5022289178529327e-05,497.8486858278368,1.0351423639342239,0.00025022289178529327,1.2016553247347266,2.2367976886689505,520.6198298927675,1.2016553247347266,22.77114406493065,0.004741677084853184,33.62908069087055,296.0248728440984,121126.82407257569,10,2025-10-22 06:00:00,227.7114406493065,93174.48005582739,15.954534256134826,,,,
585,1,5850,199,374.0,18.949813308535482,2.5022289178529327e-05,497.8486858278368,1.0351423639342239,0.00025022289178529327,1.201905547626512,2.237047911560736,520.6245715698523,1.201905547626512,22.775885742015504,0.004741677084853184,33.6338223679554,296.0865146462016,121422.9105872219,10,2025-10-22 14:15:00,227.75885742015504,93402.23891324754,15.96619468602522,,,,
586,1,5860,197,330.0,39.385931034482375,8.36316023879826e-05,393.7554907471388,0.8960072702157891,0.000836316023879826,1.2027418636503917,2.098749133866181,441.12659884115794,1.2027418636503917,47.371108094019135,0.03293908523956334,33.666761453194965,615.8244052222487,122038.73499244414,10,2025-10-24 18:57:00,473.7110809401913,93875.94999418773,16.01978668842794,,,,
587,1,5870,199,330.0,39.385931034482375,8.36316023879826e-05,393.7554907471388,0.8960072702157891,0.000836316023879826,1.2035781796742715,2.0995854498900606,441.15953792639755,1.2035781796742715,47.4040471792587,0.03293908523956334,33.69970053843453,616.252613330363,122654.9876057745,10,2025-11-09 11:33:00,474.04047179258697,94349.99046598031,16.073252208855248,,,,
588,1,5880,200,325.0,,0.0019243372058386351,341.3465454741758,0.7689200097289443,0.019243372058386353,1.222821551732658,1.9917415614616023,341.3465454741758,1.222821551732658,0.0,0.0,33.69970053843453,0.0,122654.9876057745,10,2025-11-21 13:57:00,0.0,94349.99046598031,16.04591674591502,,,,
589,1,5890,196,325.0,,0.0019243372058386351,341.3465454741758,0.7689200097289443,0.019243372058386353,1.2420649237910444,2.0109849335199885,341.3465454741758,1.2420649237910444,0.0,0.0,33.69970053843453,0.0,122654.9876057745,10,2025-11-21 23:57:00,0.0,94349.99046598031,16.018674102882905,,,,
590,1,5900,200,325.0,,0.0019243372058386351,341.3465454741758,0.7689200097289443,0.019243372058386353,1.2613082958494308,2.030228305578375,341.3465454741758,1.2613082958494308,0.0,0.0,33.69970053843453,0.0,122654.9876057745,10,2025-12-09 14:21:00,0.0,94349.99046598031,15.991523807793273,,,,
591,1,5910,200,325.0,,0.0019243372058386351,341.3465454741758,0.7689200097289443,0.019243372058386353,1.2805516679078173,2.0494716776367614,341.3465454741758,1.2805516679078173,0.0,0.0,33.69970053843453,0.0,122654.9876057745,10,2025-12-25 19:54:00,0.0,94349.99046598031,15.964465391874842,,,,
592,1,5920,200,317.0,123.58596458625516,2.0575377927564893e-05,343.6162314457509,0.8502669567815703,0.00020575377927564893,1.280757421687093,2.131024378468663,501.8998728059554,1.280757421687093,158.28364136020454,0.025428279279048508,33.725128817713575,2057.6873376826593,124712.67494345715,10,2025-12-26 05:54:00,1582.8364136020455,95932.82687958235,16.204869405334858,,,,
593,1,5930,200,324.0,54.165764705882296,8.312809539787406e-05,357.30488767320236,0.842007077257999,0.0008312809539787406,1.2815887026410717,2.1235957798990706,426.7231197901756,1.2815887026410717,69.41823211697324,0.045026968557693836,33.77015578627127,902.4370175206523,125615.11196097781,10,2025-12-26 15:54:00,694.1823211697324,96627.00920075209,16.294605261509627,,,,
594,1,5940,200,317.0,123.58596458625516,2.0575377927564893e-05,343.6162314457509,0.8502669567815703,0.00020575377927564893,1.2817944564203474,2.1320614132019178,502.0280357437741,1.2817944564203474,158.41180429802324,0.025428279279048508,33.795584065550315,2059.353455874302,127674.46541685211,10,2025-12-27 01:54:00,1584.1180429802325,98211.12724373232,16.533859805342143,,,,
595,1,5950,199,324.0,54.165764705882296,8.312809539787406e-05,357.30488767320236,0.842007077257999,0.0008312809539787406,1.2826257373743262,2.1246328146323252,426.7792915695289,1.2826257373743262,69.47440389632654,0.045026968557693836,33.84061103410801,903.167250652245,128577.63266750435,10,2025-12-27 11:54:00,694.7440389632653,98905.87128269559,16.62283550969674,,,,
596,1,5960,200,325.0,,0.0019243372058386351,341.3465454741758,0.7689200097289443,0.019243372058386353,1.3018691094327126,2.070789119161657,341.3465454741758,1.3018691094327126,0.0,0.0,33.84061103410801,0.0,128577.63266750435,10,2025-12-27 21:51:00,0.0,98905.87128269559,16.594944846089863,,,,
597,1,5970,200,324.0,54.165764705882296,8.312809539787406e-05,357.30488767320236,0.842007077257999,0.0008312809539787406,1.3027003903866914,2.1447074676446904,427.8666505011489,1.3027003903866914,70.56176282794654,0.045026968557693836,33.8856380026657,917.3029167633051,129494.93558426766,10,2025-12-28 07:51:00,705.6176282794654,99611.48891097505,16.685341526126475,,,,
598,1,5980,200,325.0,,0.0019243372058386351,341.3465454741758,0.7689200097289443,0.019243372058386353,1.3219437624450778,2.090863772174022,341.3465454741758,1.3219437624450778,0.0,0.0,33.8856380026657,0.0,129494.93558426766,10,2025-12-28 17:51:00,0.0,99611.48891097505,16.657439617219907,,,,
599,1,5990,200,309.0,,2.4021692369855634e-05,423.4627405114653,1.0568163518924425,0.00024021692369855636,1.3221839793687764,2.379000331261219,423.4627405114653,1.3221839793687764,0.0,0.0,33.8856380026657,0.0,129494.93558426766,10,2025-12-29 03:51:00,0.0,99611.48891097505,16.62963086994575,,,,
600,1,6000,201,255.0,30.013500000000384,0.0005722164687618362,467.60370490138183,1.0913916669790027,0.005722164687618362,1.3279061440563948,2.4192978110353973,507.45881595601895,1.3279061440563948,39.85511105463711,0.1717421898518359,34.057380192517535,518.1164437102825,130013.05202797794,10,2025-12-29 13:51:00,398.55111054637115,100010.04002152142,16.668340003586902,,,,
601,1,6010,200,325.0,,0.0019243372058386351,341.3465454741758,0.7689200097289443,0.019243372058386353,1.3471495161147813,2.1160695258437254,341.3465454741758,1.3471495161147813,0.0,0.0,34.057380192517535,0.0,130013.05202797794,10,2025-12-29 23:54:00,0.0,100010.04002152142,16.64060566081887,,,,
602,1,6020,10,257.0,,0.0011337960627632597,470.29100061544403,1.130950355889844,0.011337960627632596,1.358487476742414,2.489437832632258,470.29100061544403,1.358487476742414,0.0,0.0,34.057380192517535,0.0,130013.05202797794,10,2025-12-30 09:54:00,0.0,100010.04002152142,16.612963458724487,,,,
603,1,6030,198,200.0,44.597353964881606,0.00035956829010940346,503.9245995973085,1.0603684481993982,0.0035956829010940347,1.3620831596435081,2.4224516078429064,564.6699043975343,1.3620831596435081,60.745304800225874,0.16035794308556303,34.2177381356031,789.6889624029365,130802.74099038089,10,2024-04-09 23:24:00,607.4530480022587,100617.49306952368,16.686151421148207,,,,
604,1,6040,121,177.0,26.757504107909316,0.00011352334191079416,540.8114781074536,1.2096784488451857,0.0011352334191079415,1.363218393062616,2.5728968419078018,577.2877998598041,1.363218393062616,36.476321752350486,0.030376012875216685,34.248114148478315,474.1921827805563,131276.93317316144,10,2024-04-10 09:24:00,364.76321752350486,100982.25628704719,16.71891660381576,,,,
605,1,6050,200,177.0,26.757504107909316,0.00011352334191079416,540.8114781074536,1.2096784488451857,0.0011352334191079415,1.364353626481724,2.57403207532691,577.3181758726793,1.364353626481724,36.5066977652257,0.030376012875216685,34.27849016135353,474.5870709479342,131751.52024410936,10,2024-04-10 19:24:00,365.06697765225704,101347.32326469944,16.75162368011561,,,,
606,1,6060,189,79.0,51.62923225806444,0.00013848899989538937,595.0599273061082,1.4336499065458093,0.0013848899989538936,1.365738516480678,2.799388423026487,665.5719583772735,1.365738516480678,70.5120310711653,0.07150080740786119,34.34999096876139,916.6564039251489,132668.1766480345,10,2024-04-11 05:24:00,705.120310711653,102052.4435754111,16.8403372236652,,,,
607,1,6070,155,44.0,70.34247663042913,0.00040569092154480547,625.9717658433082,1.414454480229867,0.004056909215448054,1.369795425696126,2.784249905925993,722.3265685638066,1.369795425696126,96.35480272049847,0.28537304167942734,34.63536401044082,1252.61243536648,133920.789083401,10,2024-04-11 15:21:00,963.5480272049847,103015.9916026161,16.971333048206933,,,,
608,1,6080,197,177.0,26.757504107909316,0.00011352334191079416,540.8114781074536,1.2096784488451857,0.0011352334191079415,1.370930659115234,2.5806091079604196,577.4941608503883,1.370930659115234,36.682682742934695,0.030376012875216685,34.66574002331603,476.87487565815104,134397.66395905917,10,2024-04-12 01:24:00,366.82682742934696,103382.81843004544,17.003753031257475,,,,
609,1,6090,162,53.0,38.28964663023681,0.00015086644918688348,577.2120279349608,1.3413498910759425,0.0015086644918688348,1.3724393236071029,2.7137892146830453,629.762244657318,1.3724393236071029,52.55021672235719,0.05776623027724346,34.72350625359328,683.1528173906435,135080.81677644982,10,2024-04-12 11:24:00,525.5021672235719,103908.32059726902,17.062121608746967,,,,
610,1,6100,191,163.0,39.65651335606026,0.00024345109889484172,585.3955672039333,1.3176560523956848,0.002434510988948417,1.3748738345960512,2.692529886991736,639.9182697884894,1.3748738345960512,54.522702584556086,0.09654421754870837,34.82005047114199,708.7951335992291,135789.61191004905,10,2024-04-21 22:12:00,545.2270258455609,104453.54762311457,17.123532397231898,,,,
611,1,6110,157,177.0,26.757504107909316,0.00011352334191079416,540.8114781074536,1.2096784488451857,0.0011352334191079415,1.376009068015159,2.585687516860345,577.6300463973897,1.376009068015159,36.81856828993609,0.030376012875216685,34.850426484017206,478.64138776916917,136268.2532978182,10,2024-04-22 08:18:00,368.18568289936087,104821.73330601394,17.155766498529285,,,,
612,1,6120,139,43.0,19.442226263778633,0.00032582664496920574,612.6722840209264,1.3829403742967508,0.003258266449692057,1.3792673344648512,2.762207708761602,639.4883116158309,1.3792673344648512,26.816027594904476,0.06334795354259168,34.913774437559795,348.6083587337582,136616.86165655198,10,2024-04-28 18:27:00,268.1602759490448,105089.89358196298,17.17155123888284,,,,
613,1,6130,146,158.0,32.62925747332522,0.00019161009090992023,562.2082716412189,1.2494264028439592,0.0019161009090992024,1.3811834353739503,2.6306098382179095,607.2752615719273,1.3811834353739503,45.066989930708466,0.0625209499078704,34.976295387467665,585.87086909921,137202.7325256512,10,2024-04-29 04:27:00,450.6698993070847,105540.56348127007,17.21705766415499,,,,
614,1,6140,148,159.0,63.246447768535496,0.00016429387652179962,538.2467794901777,1.2079594107932876,0.0016429387652179962,1.3828263741391682,2.590785784932456,625.705635535124,1.3828263741391682,87.45885604494623,0.1039100408012622,35.080205428268926,1136.965128584301,138339.6976542355,10,2024-05-01 02:15:00,874.5885604494623,106415.15204171954,17.33145798725074,,,,
615,1,6150,152,158.0,32.62925747332522,0.00019161009090992023,562.2082716412189,1.2494264028439592,0.0019161009090992024,1.3847424750482673,2.6341688778922263,607.3913903938184,1.3847424750482673,45.18311875259953,0.0625209499078704,35.142726378176796,587.380543783794,138927.0781980193,10,2024-05-01 12:12:00,451.83118752599535,106866.98322924554,17.37674524052773,,,,
616,1,6160,148,395.0,16.604603895481443,1.6607034917533294e-05,538.4449029292705,1.2031982465381932,0.00016607034917533295,1.3849085453974426,2.588106791935636,561.4407607570624,1.3849085453974426,22.995857827791912,0.0027575323668406967,35.14548391054364,298.94615176129486,139226.0243497806,10,2024-05-01 22:15:00,229.95857827791912,107096.94180752346,17.385867176546014,,,,
617,1,6170,123,46.0,37.5509225497025,0.000251455178254579,615.5435567376255,1.3763581774206635,0.0025145517825457897,1.3874230971799884,2.763781274600652,667.6425740034996,1.3874230971799884,52.0990172658741,0.0944237392335933,35.23990764977723,677.2872244563633,139903.31157423698,10,2024-05-02 08:15:00,520.990172658741,107617.9319801822,17.44212835983504,,,,
618,1,6180,144,145.0,6.6782507724386395,5.235478775779192e-05,593.7027206397652,1.3224080936172224,0.0005235478775779193,1.3879466450575664,2.7103547386747886,602.9717763942244,1.3879466450575664,9.26905575445931,0.0034963840178433496,35.24340403379507,120.49772480797104,140023.80929904495,10,2024-05-02 18:09:00,92.6905575445931,107710.6225377268,17.428903323256762,,,,
619,1,6190,141,159.0,63.246447768535496,0.00016429387652179962,538.2467794901777,1.2079594107932876,0.0016429387652179962,1.3895895838227843,2.597548994616072,626.1333845231264,1.3895895838227843,87.88660503294871,0.1039100408012622,35.34731407459633,1142.5258654283332,141166.33516447328,10,2024-05-03 04:15:00,878.866050329487,108589.48858805628,17.542728366406507,,,,
620,1,6200,142,163.0,39.65651335606026,0.00024345109889484172,585.3955672039333,1.3176560523956848,0.002434510988948417,1.3920240948117326,2.7096801472074175,640.5983893117925,1.3920240948117326,55.20282210785917,0.09654421754870837,35.443858292145045,717.6366874021693,141883.97185187545,10,2024-05-03 14:12:00,552.0282210785917,109141.51680913488,17.60347045308627,,,,
621,1,6210,146,145.0,6.6782507724386395,5.235478775779192e-05,593.7027206397652,1.3224080936172224,0.0005235478775779193,1.3925476426893106,2.714955736306533,603.0025030102126,1.3925476426893106,9.299782370447495,0.0034963840178433496,35.44735467616289,120.89717081581745,142004.86902269127,10,2024-05-04 00:12:00,92.99782370447495,109234.51463283935,17.590098974692328,,,,
622,1,6220,147,46.0,37.5509225497025,0.000251455178254579,615.5435567376255,1.3763581774206635,0.0025145517825457897,1.3950621944718564,2.77142037189252,667.9294291542562,1.3950621944718564,52.38587241663068,0.0944237392335933,35.54177841539648,681.016341416199,142685.88536410747,10,2024-05-04 10:12:00,523.8587241663068,109758.37335700565,17.646040732637566,,,,
623,1,6230,142,163.0,39.65651335606026,0.00024345109889484172,585.3955672039333,1.3176560523956848,0.002434510988948417,1.3974967054608047,2.7151527578564894,640.81541396909,1.3974967054608047,55.41984676515661,0.09654421754870837,35.63832263294519,720.458007947036,143406.3433720545,10,2024-05-04 20:15:00,554.1984676515661,110312.57182465722,17.70667284504931,,,,
624,1,6240,145,54.0,49.28069229248029,0.00021571403810990503,616.8438824479288,1.419732192873903,0.0021571403810990504,1.3996538458419039,2.819386038715807,685.8197929408502,1.3996538458419039,68.97591049292151,0.10630537135262597,35.744628004297816,896.6868364079796,144303.0302084625,10,2024-05-05 06:12:00,689.7591049292151,111002.33092958643,17.78883508486962,,,,
625,1,6250,145,163.0,39.65651335606026,0.00024345109889484172,585.3955672039333,1.3176560523956848,0.002434510988948417,1.4020883568308522,2.719744409226537,640.9975028529726,1.4020883568308522,55.60193564903927,0.09654421754870837,35.84117222184653,722.8251634375106,145025.85537190002,10,2024-05-05 16:15:00,556.0193564903927,111558.35028607682,17.84933604577229,,,,
626,1,6260,145,137.0,46.66972783914886,0.00030126755775248057,573.2433649276791,1.2838885825738169,0.0030126755775248056,1.405101032408377,2.688989614982194,638.8190476966851,1.405101032408377,65.57568276900604,0.1406007492707333,35.98177297111726,852.4838759970785,145878.3392478971,10,2024-05-06 02:15:00,655.7568276900604,112214.10711376688,17.92557621625669,,,,
627,1,6270,145,129.0,22.62640035006081,3.779815816439384e-05,651.0454858690287,1.4555125792397186,0.0003779815816439384,1.405479013990021,2.8609915932297394,682.8464167231756,1.405479013990021,31.800930854146934,0.008552362591224947,35.99032533370848,413.4121011039102,146291.75134900102,10,2024-05-06 12:15:00,318.00930854146935,112532.11642230835,17.94770596847023,,,,
628,1,6280,146,145.0,6.6782507724386395,5.235478775779192e-05,593.7027206397652,1.3224080936172224,0.0005235478775779193,1.406002561867599,2.7284106554848213,603.0923583346082,1.406002561867599,9.389637694843,0.0034963840178433496,35.99382171772633,122.065290032959,146413.816639034,10,2024-05-06 22:15:00,93.89637694843,112626.01279925677,17.93407847121923,,,,
629,1,6290,147,44.0,70.34247663042913,0.00040569092154480547,625.9717658433082,1.414454480229867,0.004056909215448054,1.4100594710830472,2.8245139513129143,725.1588412354827,1.4100594710830472,99.1870753921745,0.28537304167942734,36.279194759405755,1289.4319800982685,147703.24861913227,10,2024-05-07 08:15:00,991.8707539217451,113617.88355317852,18.063256526737444,,,,
630,1,6300,147,145.0,6.6782507724386395,5.235478775779192e-05,593.7027206397652,1.3224080936172224,0.0005235478775779193,1.4105830189606252,2.7329911125778477,603.1229477757278,1.4105830189606252,9.420227135962623,0.0034963840178433496,36.2826911434236,122.46295276751411,147825.7115718998,10,2024-05-07 18:15:00,94.20227135962622,113712.08582453814,18.049537432466373,,,,
631,1,6310,144,163.0,39.65651335606026,0.00024345109889484172,585.3955672039333,1.3176560523956848,0.002434510988948417,1.4130175299495735,2.7306735823452586,641.4309157527258,1.4130175299495735,56.03534854879254,0.09654421754870837,36.37923536097231,728.4595311343031,148554.1711030341,10,2024-05-08 04:15:00,560.3534854879254,114272.43931002606,18.109736816168947,,,,
632,1,6320,46,83.0,37.867061945629686,0.00011855962316774961,643.7257203209549,1.4882463446822627,0.0011855962316774961,1.414203126181251,2.902449470863514,697.2774377037636,1.414203126181251,53.55171738280859,0.044895045947436873,36.424130406919744,696.1723259765117,149250.34342901062,10,2024-05-08 14:12:00,535.5171738280859,114807.95648385416,18.16581589934401,,,,
633,1,6330,123,47.0,60.55982390341438,0.0003005983369200923,605.1384340711892,1.3693754243478768,0.003005983369200923,1.417209109550452,2.7865845338983286,690.9643681798792,1.417209109550452,85.82593410869008,0.18204182349540016,36.60617223041515,1115.7371434129711,150366.08057242358,10,2024-05-10 09:54:00,858.2593410869008,115666.21582494106,18.272703921791635,,,,
634,1,6340,150,158.0,32.62925747332522,0.00019161009090992023,562.2082716412189,1.2494264028439592,0.0019161009090992024,1.419125210459551,2.66855161330351,608.5132735201904,1.419125210459551,46.30500187897153,0.0625209499078704,36.66869318032302,601.96502442663,150968.04559685022,10,2024-05-10 18:24:00,463.0500187897153,116129.26584373077,18.31691890279665,,,,
635,1,6350,144,163.0,39.65651335606026,0.00024345109889484172,585.3955672039333,1.3176560523956848,0.002434510988948417,1.4215597214484994,2.739215773844184,641.769669283993,1.4215597214484994,56.37410208005972,0.09654421754870837,36.76523739787173,732.8633270407763,151700.908923891,10,2024-05-11 04:27:00,563.7410208005972,116693.00686453137,18.37685147472935,,,,
636,1,6360,140,43.0,19.442226263778633,0.00032582664496920574,612.6722840209264,1.3829403742967508,0.003258266449692057,1.4248179878981915,2.8077583621949422,640.3739177263449,1.4248179878981915,27.701633705418445,0.06334795354259168,36.82858535141432,360.12123817043977,152061.03016206145,10,2024-05-11 14:21:00,277.0163370541844,116970.02320158556,18.39151308201031,,,,
637,1,6370,145,46.0,37.5509225497025,0.000251455178254579,615.5435567376255,1.3763581774206635,0.0025145517825457897,1.4273325396807373,2.803690717101401,669.1412103878471,1.4273325396807373,53.59765365022153,0.0944237392335933,36.92300909064791,696.7694974528799,152757.79965951433,10,2024-05-12 00:27:00,535.9765365022154,117505.99973808778,18.446781748522415,,,,
638,1,6380,145,116.0,23.402981792039657,5.817373730777724e-05,617.6468481960467,1.3580203114314011,0.0005817373730777724,1.4279142770538151,2.7859345884852162,651.0643000225306,1.4279142770538151,33.417451826483905,0.013614389149888087,36.936623479797795,434.4268737442908,153192.22653325862,10,2024-05-12 20:12:00,334.17451826483904,117840.17425635262,18.470246748644612,,,,
639,1,6390,179,196.0,23.45083566200911,2.746367752380431e-05,574.8309486726679,1.263143962816737,0.0002746367752380431,1.428188913829053,2.69133287664579,608.3231721851763,1.428188913829053,33.49222351250841,0.006440461882851482,36.94306394168065,435.39890566260937,153627.62543892124,10,2024-05-13 06:09:00,334.9222351250841,118175.0964914777,18.49375531948008,,,,
640,1,6400,200,163.0,39.65651335606026,0.00024345109889484172,585.3955672039333,1.3176560523956848,0.002434510988948417,1.4306234248180014,2.7482794772136865,642.129104157721,1.4306234248180014,56.73353695378774,0.09654421754870837,37.03960815922936,737.5359803992408,154365.16141932047,10,2024-05-14 13:45:00,567.3353695378775,118742.43186101558,18.553504978283684,,,,
641,1,6410,200,406.0,55.70938548387105,0.0001149882370672052,522.962696144269,1.0776294123360106,0.001149882370672052,1.4317733071886736,2.509402719524684,602.7259072399597,1.4317733071886736,79.76321109569074,0.06405924024887684,37.10366739947823,1036.9217442439797,155402.08316356444,10,2024-05-14 23:45:00,797.6321109569074,119540.06397197249,18.648995939465287,,,,
642,1,6420,183,159.0,63.246447768535496,0.00016429387652179962,538.2467794901777,1.2079594107932876,0.0016429387652179962,1.4334162459538915,2.6413756567471793,628.9052652204707,1.4334162459538915,90.65848573029302,0.1039100408012622,37.20757744027949,1178.5603144938093,156580.64347805825,10,2024-05-15 09:45:00,906.5848573029302,120446.64882927542,18.761160253781217,,,,
643,1,6430,148,196.0,23.45083566200911,2.746367752380431e-05,574.8309486726679,1.263143962816737,0.0002746367752380431,1.4336908827291295,2.696834845545866,608.4521979536695,1.4336908827291295,33.62124928100159,0.006440461882851482,37.21401790216235,437.0762406530207,157017.71971871128,10,2024-05-15 19:45:00,336.2124928100159,120782.86132208543,18.784270812143923,,,,
644,1,6440,149,159.0,63.246447768535496,0.00016429387652179962,538.2467794901777,1.2079594107932876,0.0016429387652179962,1.4353338214943474,2.6432932322876352,629.0265450617323,1.4353338214943474,90.77976557155469,0.1039100408012622,37.31792794296361,1180.136952430211,158197.8566711415,10,2024-05-16 05:42:00,907.7976557155469,121690.65897780098,18.89606505866475,,,,
645,1,6450,145,145.0,6.6782507724386395,5.235478775779192e-05,593.7027206397652,1.3224080936172224,0.0005235478775779193,1.4358573693719254,2.758265462989148,603.291736225885,1.4358573693719254,9.589015586119775,0.0034963840178433496,37.32142432698145,124.65720261955708,158322.51387376105,10,2024-05-16 15:45:00,95.89015586119774,121786.54913366218,18.88163552459879,,,,
646,1,6460,193,158.0,32.62925747332522,0.00019161009090992023,562.2082716412189,1.2494264028439592,0.0019161009090992024,1.4377734702810245,2.6871998731249835,609.1217523913347,1.4377734702810245,46.91348075011585,0.0625209499078704,37.38394527688932,609.8752497515061,158932.38912351255,10,2024-05-17 01:45:00,469.13480750115855,122255.68394116334,18.925028473864295,,,,
647,1,6470,151,116.0,23.402981792039657,5.817373730777724e-05,617.6468481960467,1.3580203114314011,0.0005817373730777724,1.4383552076541024,2.7963755190855037,651.308648931261,1.4383552076541024,33.66180073521438,0.013614389149888087,37.39755966603921,437.60340955778696,159369.99253307033,10,2024-05-17 11:42:00,336.61800735214376,122592.30194851548,18.947805556184772,,,,
648,1,6480,197,163.0,39.65651335606026,0.00024345109889484172,585.3955672039333,1.3176560523956848,0.002434510988948417,1.4407897186430507,2.7584457710387356,642.5322639245758,1.4407897186430507,57.13669672064244,0.09654421754870837,37.49410388358792,742.7770573683517,160112.76959043866,10,2024-05-17 21:45:00,571.3669672064244,123163.66891572191,19.006739030204,,,,
649,1,6490,195,158.0,32.62925747332522,0.00019161009090992023,562.2082716412189,1.2494264028439592,0.0019161009090992024,1.4427058195521498,2.692132222396109,609.2826912856506,1.4427058195521498,47.07441964443177,0.0625209499078704,37.55662483349579,611.9674553776131,160724.73704581626,10,2024-05-18 07:45:00,470.7441964443177,123634.41311216622,19.0499866120441,,,,
650,1,6500,144,53.0,38.28964663023681,0.00015086644918688348,577.2120279349608,1.3413498910759425,0.0015086644918688348,1.4442144840440188,2.7855643751199612,632.5104901872761,1.4442144840440188,55.298462252315254,0.05776623027724346,37.614391063773034,718.8800092800983,161443.61705509637,10,2024-05-18 17:45:00,552.9846225231526,124187.39773468938,19.10575349764452,,,,
651,1,6510,184,177.0,26.757504107909316,0.00011352334191079416,540.8114781074536,1.2096784488451857,0.0011352334191079415,1.4453497174631267,2.6550281663083126,579.4854291098387,1.4453497174631267,38.67395100238518,0.030376012875216685,37.64476707664825,502.76136303100736,161946.37841812737,10,2024-05-19 03:45:00,386.73951002385184,124574.13724471323,19.13581217276701,,,,
652,1,6520,185,47.0,60.55982390341438,0.0003005983369200923,605.1384340711892,1.3693754243478768,0.003005983369200923,1.4483557008323276,2.817731125180204,692.8506002631012,1.4483557008323276,87.71216619191208,0.18204182349540016,37.826808900143654,1140.258160494857,163086.63657862222,10,2024-05-19 23:45:00,877.1216619191207,125451.25890663236,19.240990629851588,,,,
653,1,6530,146,44.0,70.34247663042913,0.00040569092154480547,625.9717658433082,1.414454480229867,0.004056909215448054,1.4524126100477757,2.8668670902776427,728.1380659233344,1.4524126100477757,102.16630008002625,0.28537304167942734,38.11218194182308,1328.1619010403413,164414.79847966257,10,2024-05-20 09:42:00,1021.6630008002625,126472.92190743262,19.367981915380188,,,,
654,1,6540,190,137.0,46.66972783914886,0.00030126755775248057,573.2433649276791,1.2838885825738169,0.0030126755775248056,1.4554252856253005,2.739313868199117,641.1676668980274,1.4554252856253005,67.92430197034827,0.1406007492707333,38.25278269109381,883.0159256145275,165297.8144052771,10,2024-05-20 19:39:00,679.2430197034827,127152.16492713611,19.442227053078916,,,,
655,1,6550,146,43.0,19.442226263778633,0.00032582664496920574,612.6722840209264,1.3829403742967508,0.003258266449692057,1.4586835520749926,2.841623926371743,641.0323396876207,1.4586835520749926,28.360055666694326,0.06334795354259168,38.3161306446364,368.68072366702626,165666.49512894414,10,2024-05-21 05:42:00,283.60055666694325,127435.76548380306,19.455842058595888,,,,
656,1,6560,172,163.0,39.65651335606026,0.00024345109889484172,585.3955672039333,1.3176560523956848,0.002434510988948417,1.4611180630639409,2.7787741154596257,643.3384151866094,1.4611180630639409,57.942847982676064,0.09654421754870837,38.41267486218511,753.2570237747889,166419.75215271892,10,2024-05-21 15:42:00,579.4284798267606,128015.19396362982,19.51451127494357,,,,
657,1,6570,201,46.0,37.5509225497025,0.000251455178254579,615.5435567376255,1.3763581774206635,0.0025145517825457897,1.4636326148464867,2.83999079226715,670.5043116989445,1.4636326148464867,54.96075496131897,0.0944237392335933,38.507098601418704,714.4898144971467,167134.24196721608,10,2024-05-22 01:42:00,549.6075496131897,128564.80151324302,19.56846293961081,,,,
658,1,6580,164,129.0,22.62640035006081,3.779815816439384e-05,651.0454858690287,1.4555125792397186,0.0003779815816439384,1.4640105964281307,2.919523175667849,684.1707757405428,1.4640105964281307,33.12528987151419,0.008552362591224947,38.51565096400993,430.6287683296845,167564.87073554576,10,2024-05-22 11:45:00,331.2528987151419,128896.05441195816,19.58906602005443,,,,
659,1,6590,201,43.0,19.442226263778633,0.00032582664496920574,612.6722840209264,1.3829403742967508,0.003258266449692057,1.4672688628778228,2.8502092371745738,641.1992572427943,1.4672688628778228,28.526973221867816,0.06334795354259168,38.57899891755252,370.8506518842816,167935.72138743004,10,2024-05-22 21:42:00,285.26973221867814,129181.32414417683,19.602628853441097,,,,
660,1,6600,195,46.0,37.5509225497025,0.000251455178254579,615.5435567376255,1.3763581774206635,0.0025145517825457897,1.4697834146603685,2.846141592081032,670.7352799063743,1.4697834146603685,55.19172316874877,0.0944237392335933,38.67342265678611,717.4924011937342,168653.21378862378,10,2024-05-23 07:45:00,551.9172316874877,129733.24137586432,19.656551723615806,,,,
661,1,6610,185,145.0,6.6782507724386395,5.235478775779192e-05,593.7027206397652,1.3224080936172224,0.0005235478775779193,1.4703069625379466,2.792715056155169,603.5217992480561,1.4703069625379466,9.819078608290951,0.0034963840178433496,38.67691904080395,127.64802190778238,168780.86181053155,10,2024-05-23 17:42:00,98.19078608290951,129831.43216194723,19.641669010884605,,,,
662,1,6620,198,163.0,39.65651335606026,0.00024345109889484172,585.3955672039333,1.3176560523956848,0.002434510988948417,1.4727414735268949,2.7903975259225797,643.7993591188765,1.4727414735268949,58.40379191494317,0.09654421754870837,38.77346325835266,759.2492948942612,169540.1111054258,10,2024-05-24 03:42:00,584.0379191494317,130415.47008109666,19.700222066630914,,,,
663,1,6630,197,43.0,19.442226263778633,0.00032582664496920574,612.6722840209264,1.3829403742967508,0.003258266449692057,1.475999739976587,2.858940114273338,641.3690049308296,1.475999739976587,28.69672090990323,0.06334795354259168,38.83681121189525,373.057371828742,169913.16847725454,10,2024-05-24 13:42:00,286.9672090990323,130702.4372901957,19.713791446485022,,,,
664,1,6640,198,163.0,39.65651335606026,0.00024345109889484172,585.3955672039333,1.3176560523956848,0.002434510988948417,1.4784342509655353,2.79609030336122,644.025114823405,1.4784342509655353,58.629547619471694,0.09654421754870837,38.933355429443964,762.184119053132,170675.35259630767,10,2024-05-24 23:42:00,586.2954761947169,131288.7327663904,19.7723995130106,,,,
665,1,6650,173,129.0,22.62640035006081,3.779815816439384e-05,651.0454858690287,1.4555125792397186,0.0003779815816439384,1.4788122325471793,2.934324811786898,684.5056834852084,1.4788122325471793,33.460197616179705,0.008552362591224947,38.94190779203519,434.9825690103362,171110.335165318,10,2024-05-25 09:42:00,334.60197616179704,131623.3347425522,19.79298266805296,,,,
666,1,6660,182,142.0,9.560726044895635,0.00011412576193369198,593.687511385097,1.284983311131055,0.0011412576193369198,1.4799534901665161,2.764936801297571,607.8369412637662,1.4799534901665161,14.149429878669206,0.010911251445130077,38.95281904348032,183.9425884226997,171294.27775374072,10,2024-05-25 19:42:00,141.49429878669207,131764.82904133887,19.7845088650659,,,,
667,1,6670,159,43.0,19.442226263778633,0.00032582664496920574,612.6722840209264,1.3829403742967508,0.003258266449692057,1.4832117566162082,2.866152130912959,641.5092225901553,1.4832117566162082,28.836938569228884,0.06334795354259168,39.01616699702291,374.88020139997553,171669.1579551407,10,2024-05-26 05:42:00,288.36938569228886,132053.19842703117,19.798080723692827,,,,
668,1,6680,198,129.0,22.62640035006081,3.779815816439384e-05,651.0454858690287,1.4555125792397186,0.0003779815816439384,1.4835897381978522,2.9391023174375706,684.6137812407352,1.4835897381978522,33.568295371706505,0.008552362591224947,39.02471935961413,436.38783983218457,172105.5457949729,10,2024-05-26 15:39:00,335.68295371706506,132388.88138074824,19.81869481747728,,,,
669,1,6690,200,43.0,19.442226263778633,0.00032582664496920574,612.6722840209264,1.3829403742967508,0.003258266449692057,1.4868480046475443,2.8697883789442953,641.5799193471317,1.4868480046475443,28.90763532620534,0.06334795354259168,39.08806731315672,375.7992592406694,172481.34505421357,10,2024-05-27 01:42:00,289.07635326205343,132677.9577340103,19.832280677729493,,,,
670,1,6700,198,145.0,6.6782507724386395,5.235478775779192e-05,593.7027206397652,1.3224080936172224,0.0005235478775779193,1.4873715525251223,2.8097796461423448,603.6357608593194,1.4873715525251223,9.933040219554156,0.0034963840178433496,39.091563697174564,129.12952285420405,172610.47457706777,10,2024-05-28 23:54:00,99.33040219554157,132777.28813620584,19.81750569197102,,,,
671,1,6710,164,158.0,32.62925747332522,0.00019161009090992023,562.2082716412189,1.2494264028439592,0.0019161009090992024,1.4892876534342214,2.7387140562781807,610.8026219369684,1.4892876534342214,48.59435029574955,0.0625209499078704,39.154084647082435,631.7265538447442,173242.20113091252,10,2024-05-29 09:54:00,485.9435029574955,133263.23163916334,19.86039219659662,,,,
672,1,6720,179,191.0,31.827509305702712,7.304989580016473e-05,629.9770311175635,1.3978877673039205,0.0007304989580016473,1.4900181523922231,2.8879059196961436,677.4005977284929,1.4900181523922231,47.42356661092944,0.023249962383603565,39.17733460946604,616.5063659420828,173858.7074968546,10,2024-05-29 19:51:00,474.2356661092944,133737.46730527264,19.90140882518938,,,,
673,1,6730,164,191.0,31.827509305702712,7.304989580016473e-05,629.9770311175635,1.3978877673039205,0.0007304989580016473,1.4907486513502248,2.888636418654145,677.4238476908765,1.4907486513502248,47.44681657331305,0.023249962383603565,39.20058457184964,616.8086154530697,174475.51611230767,10,2024-05-30 05:54:00,474.4681657331305,134211.93547100577,19.942338108618983,,,,
674,1,6740,175,43.0,19.442226263778633,0.00032582664496920574,612.6722840209264,1.3829403742967508,0.003258266449692057,1.494006917799917,2.8769472920966677,641.719104556443,1.494006917799917,29.04682053551651,0.06334795354259168,39.26393252539223,377.6086669617146,174853.1247792694,10,2024-05-30 15:48:00,290.4682053551651,134502.40367636093,19.955846242783522,,,,
675,1,6750,166,137.0,46.66972783914886,0.00030126755775248057,573.2433649276791,1.2838885825738169,0.0030126755775248056,1.4970195933774417,2.7809081759512586,643.1088619204776,1.4970195933774417,69.8654969927985,0.1406007492707333,39.40453327466296,908.2514609063805,175761.37624017577,10,2024-05-31 01:51:00,698.654969927985,135201.0586462889,20.029786466116875,,,,
676,1,6760,172,116.0,23.402981792039657,5.817373730777724e-05,617.6468481960467,1.3580203114314011,0.0005817373730777724,1.4976013307505196,2.8556216421819207,652.6951848713354,1.4976013307505196,35.04833667528877,0.013614389149888087,39.418147663812846,455.62837677875405,176217.00461695454,10,2024-06-05 11:21:00,350.4833667528877,135551.5420130418,20.05200325636713,,,,
677,1,6770,200,137.0,46.66972783914886,0.00030126755775248057,573.2433649276791,1.2838885825738169,0.0030126755775248056,1.5006140063280444,2.7845025889018613,643.2766121946237,1.5006140063280444,70.03324726694464,0.1406007492707333,39.55874841308358,910.4322144702803,177127.43683142483,10,2024-06-05 21:24:00,700.3324726694464,136251.87448571125,20.125830795526035,,,,
678,1,6780,171,145.0,6.6782507724386395,5.235478775779192e-05,593.7027206397652,1.3224080936172224,0.0005235478775779193,1.5011375542056224,2.823545647822845,603.7276936706755,1.5011375542056224,10.024973030910349,0.0034963840178433496,39.56224479710142,130.32464940183453,177257.76148082665,10,2024-06-06 07:24:00,100.24973030910348,136352.12421602034,20.11093277522424,,,,
679,1,6790,199,145.0,6.6782507724386395,5.235478775779192e-05,593.7027206397652,1.3224080936172224,0.0005235478775779193,1.5016611020832005,2.8240691957004227,603.7311900546933,1.5016611020832005,10.028469414928193,0.0034963840178433496,39.565741181119265,130.37010239406652,177388.1315832207,10,2024-07-11 15:27:00,100.28469414928193,136452.40891016962,20.096083786475642,,,,
680,1,6800,172,145.0,6.6782507724386395,5.235478775779192e-05,593.7027206397652,1.3224080936172224,0.0005235478775779193,1.5021846499607785,2.824592743578001,603.7346864387113,1.5021846499607785,10.031965798946036,0.0034963840178433496,39.56923756513711,130.41555538629848,177518.547138607,10,2024-07-14 20:30:00,100.31965798946035,136552.72856815907,20.08128361296457,,,,
681,1,6810,171,145.0,6.6782507724386395,5.235478775779192e-05,593.7027206397652,1.3224080936172224,0.0005235478775779193,1.5027081978383565,2.825116291455579,603.7381828227291,1.5027081978383565,10.03546218296388,0.0034963840178433496,39.57273394915495,130.46100837853044,177649.00814698555,10,2024-07-15 15:33:00,100.3546218296388,136653.0831899887,20.06653203964592,,,,
682,1,6820,198,145.0,6.6782507724386395,5.235478775779192e-05,593.7027206397652,1.3224080936172224,0.0005235478775779193,1.5032317457159345,2.825639839333157,603.7416792067469,1.5032317457159345,10.038958566981725,0.0034963840178433496,39.576230333172795,130.50646137076242,177779.51460835632,10,2024-07-16 13:36:00,100.38958566981725,136753.47277565853,20.051828852735856,,,,
683,1,6830,200,118.0,28.24019016142096,6.960878432987378e-05,636.8522514279825,1.4195217785797425,0.0006960878432987379,1.5039278335592332,2.9234496121389757,679.3234594367491,1.5039278335592332,42.471208008766595,0.01965765306380975,39.595887986236605,552.1257041139658,178331.6403124703,10,2024-07-18 08:30:00,424.712080087666,137178.1848557462,20.084653712407935,,,,
684,1,6840,199,142.0,9.560726044895635,0.00011412576193369198,593.687511385097,1.284983311131055,0.0011412576193369198,1.50506909117857,2.790052402309625,608.0770646444953,1.50506909117857,14.389553259398356,0.010911251445130077,39.606799237681734,187.06419237217864,178518.70450484246,10,2024-07-18 18:30:00,143.89553259398357,137322.08038834017,20.076327542154996,,,,
685,1,6850,200,118.0,28.24019016142096,6.960878432987378e-05,636.8522514279825,1.4195217785797425,0.0006960878432987379,1.5057651790218687,2.925286957601611,679.3753464220061,1.5057651790218687,42.523094994023644,0.01965765306380975,39.626456890745544,552.8002349223074,179071.50473976476,10,2024-07-19 12:18:00,425.2309499402364,137747.31133828041,20.109096545734367,,,,
686,1,6860,199,145.0,6.6782507724386395,5.235478775779192e-05,593.7027206397652,1.3224080936172224,0.0005235478775779193,1.5062887268994467,2.828696820516669,603.7620944936971,1.5062887268994467,10.059373853931845,0.0034963840178433496,39.62995327476339,130.771860101114,179202.27659986587,10,2024-07-19 22:18:00,100.59373853931845,137847.90507681973,20.094446804201127,,,,
687,1,6870,183,118.0,28.24019016142096,6.960878432987378e-05,636.8522514279825,1.4195217785797425,0.0006960878432987379,1.5069848147427454,2.926506593322488,679.4097891666914,1.5069848147427454,42.55753773870887,0.01965765306380975,39.6496109278272,553.2479906032153,179755.52459046908,10,2024-07-20 15:48:00,425.5753773870887,138273.48045420682,20.127144170918022,,,,
688,1,6880,196,145.0,6.6782507724386395,5.235478775779192e-05,593.7027206397652,1.3224080936172224,0.0005235478775779193,1.5075083626203234,2.829916456237546,603.770239526892,1.5075083626203234,10.067518887126884,0.0034963840178433496,39.65310731184504,130.8777455326495,179886.40233600175,10,2024-07-21 01:48:00,100.67518887126883,138374.1556430781,20.11252262254042,,,,
689,1,6890,189,145.0,6.6782507724386395,5.235478775779192e-05,593.7027206397652,1.3224080936172224,0.0005235478775779193,1.5080319104979014,2.8304400041151236,603.7737359109099,1.5080319104979014,10.071015271144727,0.0034963840178433496,39.656603695862884,130.92319852488146,180017.32553452664,10,2024-07-21 16:39:00,100.71015271144728,138474.86579578955,20.097948591551457,,,,
690,1,6900,200,117.0,23.03825401005241,0.00020684217027637744,647.8987724232238,1.4559535451107442,0.0020684217027637742,1.5101003322006652,2.9660538773114093,682.6888474571273,1.5101003322006652,34.79007503390345,0.047652824588176955,39.70425652045106,452.2709754407448,180469.59650996738,10,2024-07-22 09:15:00,347.9007503390345,138822.76654612858,20.119241528424432,,,,
691,1,6910,197,142.0,9.560726044895635,0.00011412576193369198,593.687511385097,1.284983311131055,0.0011412576193369198,1.511241589820002,2.796224900951057,608.1360782130185,1.511241589820002,14.448566827921578,0.010911251445130077,39.71516777189619,187.8313687629805,180657.42787873035,10,2024-07-22 19:15:00,144.4856682792158,138967.25221440778,20.11103505273629,,,,
692,1,6920,193,125.0,13.532298418604775,7.742364716160098e-05,656.1067782796429,1.4361072927975123,0.0007742364716160098,1.5120158262916181,2.9481231190891304,676.5678276546744,1.5120158262916181,20.461049375031457,0.01047719898047547,39.725644970876665,265.99364187540897,180923.42152060577,10,2024-07-25 11:15:00,204.61049375031456,139171.8627081581,20.11154085378007,,,,
693,1,6930,185,136.0,39.999381031835426,0.0002137392137858344,620.035865223498,1.3736962311637075,0.0021373921378583438,1.5141532184294764,2.887849449593184,680.6010567480386,1.5141532184294764,60.56519152454056,0.0854943625366452,39.81113933341331,787.3474898190273,181710.7690104248,10,2024-07-25 21:15:00,605.6519152454056,139777.5146234035,20.169915530072654,,,,
694,1,6940,187,142.0,9.560726044895635,0.00011412576193369198,593.687511385097,1.284983311131055,0.0011412576193369198,1.5152944760488132,2.8002777871798683,608.1748267479434,1.5152944760488132,14.487315362846372,0.010911251445130077,39.82205058485844,188.33509971700283,181899.10411014178,10,2024-07-26 07:15:00,144.8731536284637,139922.38777703195,20.161727345393654,,,,
695,1,6950,163,145.0,6.6782507724386395,5.235478775779192e-05,593.7027206397652,1.3224080936172224,0.0005235478775779193,1.5158180239263912,2.8382261175436136,603.825733528928,1.5158180239263912,10.123012889162835,0.0034963840178433496,39.82554696887628,131.59916755911686,182030.7032777009,10,2024-07-26 17:15:00,101.23012889162835,140023.61790592357,20.14728315193145,,,,
696,1,6960,140,393.0,20.94719866071462,0.00014391272197619595,545.4990184749073,1.1878194509707216,0.0014391272197619596,1.5172571511461532,2.7050766021168746,577.2813054393557,1.5172571511461532,31.782286964448378,0.030145683770395674,39.855692652646674,413.16973053782897,182443.87300823873,10,2024-07-27 03:15:00,317.8228696444838,140341.44077556804,20.16400011143219,,,,
697,1,6970,192,145.0,6.6782507724386395,5.235478775779192e-05,593.7027206397652,1.3224080936172224,0.0005235478775779193,1.5177806990237313,2.8401887926409537,603.8388407654129,1.5177806990237313,10.136120125647691,0.0034963840178433496,39.85918903666452,131.76956163342,182575.64256987214,10,2024-07-27 13:15:00,101.36120125647692,140442.80197682453,20.149612909157035,,,,
698,1,6980,110,196.0,23.45083566200911,2.746367752380431e-05,574.8309486726679,1.263143962816737,0.0002746367752380431,1.5180553357989692,2.7811992986157064,610.4306148783255,1.5180553357989692,35.59966620565768,0.006440461882851482,39.86562949854737,462.79566067354983,183038.4382305457,10,2024-07-27 23:15:00,355.9966620565768,140798.7986388811,20.171747656000157,,,,
699,1,6990,200,118.0,28.24019016142096,6.960878432987378e-05,636.8522514279825,1.4195217785797425,0.0006960878432987379,1.518751423642268,2.9382732022220104,679.742080439569,1.518751423642268,42.88982901158645,0.01965765306380975,39.88528715161118,557.5677771506239,183596.00600769633,10,2024-08-01 10:12:00,428.8982901158645,141227.69692899697,20.204248487696276,,,,
700,1,7000,189,145.0,6.6782507724386395,5.235478775779192e-05,593.7027206397652,1.3224080936172224,0.0005235478775779193,1.519274971519846,2.8416830651370684,603.8488198918643,1.519274971519846,10.146099252099104,0.0034963840178433496,39.888783535629024,131.89929027728834,183727.90529797363,10,2024-08-01 20:12:00,101.46099252099104,141329.15792151797,20.189879703073995,,,,
701,1,7010,163,145.0,6.6782507724386395,5.235478775779192e-05,593.7027206397652,1.3224080936172224,0.0005235478775779193,1.519798519397424,2.842206613014646,603.8523162758821,1.519798519397424,10.149595636116947,0.0034963840178433496,39.89227991964687,131.9447432695203,183859.85004124316,10,2024-08-02 16:00:00,101.49595636116948,141430.65387787914,20.17555690126664,,,,
702,1,7020,188,145.0,6.6782507724386395,5.235478775779192e-05,593.7027206397652,1.3224080936172224,0.0005235478775779193,1.520322067275002,2.8427301608922244,603.8558126598999,1.520322067275002,10.15309202013479,0.0034963840178433496,39.89577630366471,131.9901962617523,183991.84023750492,10,2024-08-04 12:03:00,101.53092020134791,141532.1847980805,20.161279885766454,,,,
703,1,7030,176,163.0,39.65651335606026,0.00024345109889484172,585.3955672039333,1.3176560523956848,0.002434510988948417,1.5227565782639503,2.8404126306596353,645.7827837878863,1.5227565782639503,60.38721658395296,0.09654421754870837,39.99232052121342,785.0338155913886,184776.8740530963,10,2024-08-04 22:03:00,603.8721658395297,142136.05696392004,20.218500279362736,,,,
704,1,7040,194,145.0,6.6782507724386395,5.235478775779192e-05,593.7027206397652,1.3224080936172224,0.0005235478775779193,1.5232801261415283,2.8456882197587507,603.8755673188102,1.5232801261415283,10.17284667904509,0.0034963840178433496,39.995816905231266,132.24700682758618,184909.1210599239,10,2024-08-05 16:18:00,101.72846679045091,142237.7854307105,20.204230885044105,,,,
705,1,7050,200,118.0,28.24019016142096,6.960878432987378e-05,636.8522514279825,1.4195217785797425,0.0006960878432987379,1.523976213984827,2.9434979925645695,679.8896295123964,1.523976213984827,43.037378084413874,0.01965765306380975,40.015474558295075,559.4859150973804,185468.60697502128,10,2024-08-06 10:15:00,430.37378084413876,142668.15921155465,20.23661832788009,,,,
706,1,7060,174,159.0,63.246447768535496,0.00016429387652179962,538.2467794901777,1.2079594107932876,0.0016429387652179962,1.525619152750045,2.7335785635433325,634.7367715492608,1.525619152750045,96.4899920590831,0.1039100408012622,40.119384599096335,1254.3698967680803,186722.97687178935,10,2024-08-06 20:15:00,964.8999205908309,143633.05913214548,20.34462593939738,,,,
707,1,7070,189,145.0,6.6782507724386395,5.235478775779192e-05,593.7027206397652,1.3224080936172224,0.0005235478775779193,1.526142700627623,2.8485507942448454,603.8946843090832,1.526142700627623,10.191963669318014,0.0034963840178433496,40.12288098311418,132.49552770113416,186855.47239949048,10,2024-08-07 14:18:00,101.91963669318014,143734.97876883866,20.330265738166712,,,,
708,1,7080,149,145.0,6.6782507724386395,5.235478775779192e-05,593.7027206397652,1.3224080936172224,0.0005235478775779193,1.526666248505201,2.8490743421224236,603.898180693101,1.526666248505201,10.195460053335859,0.0034963840178433496,40.12637736713202,132.54098069336618,186988.01338018384,10,2024-08-08 08:21:00,101.95460053335859,143836.933369372,20.315951040871752,,,,
709,1,7090,172,393.0,20.94719866071462,0.00014391272197619595,545.4990184749073,1.1878194509707216,0.0014391272197619596,1.528105375724963,2.7159248266956846,577.5085453547241,1.528105375724963,32.009526879816754,0.030145683770395674,40.156523050902415,416.1238494376178,187404.13722962147,10,2024-08-13 16:03:00,320.0952687981675,144157.0286381702,20.33244409565165,,,,
710,1,7100,200,393.0,20.94719866071462,0.00014391272197619595,545.4990184749073,1.1878194509707216,0.0014391272197619596,1.529544502944725,2.717363953915447,577.5386910384944,1.529544502944725,32.03967256358715,0.030145683770395674,40.18666873467281,416.515743326633,187820.6529729481,10,2024-08-15 10:21:00,320.3967256358715,144477.42536380605,20.348933149831836,,,,
711,1,7110,199,406.0,55.70938548387105,0.0001149882370672052,522.962696144269,1.0776294123360106,0.001149882370672052,1.5306943853153971,2.6083237976514075,608.2367397138015,1.5306943853153971,85.27404356953251,0.06405924024887684,40.25072797492168,1108.5625664039226,188929.215539352,10,2024-08-22 09:54:00,852.7404356953251,145330.16579950138,20.44024835436025,,,,
712,1,7120,156,196.0,23.45083566200911,2.746367752380431e-05,574.8309486726679,1.263143962816737,0.0002746367752380431,1.5309690220906351,2.794112984907372,610.7334516133421,1.5309690220906351,35.902502940674275,0.006440461882851482,40.257168436804534,466.73253822876563,189395.94807758078,10,2024-08-23 10:51:00,359.02502940674276,145689.19082890812,20.46196500406013,,,,
713,1,7130,73,393.0,20.94719866071462,0.00014391272197619595,545.4990184749073,1.1878194509707216,0.0014391272197619596,1.5324081493103971,2.7202276002811185,577.5986764078102,1.5324081493103971,32.09965793290292,0.030145683770395674,40.287314120574926,417.295553127738,189813.24363070852,10,2024-08-23 20:51:00,320.9965793290292,146010.18740823714,20.478287154030454,,,,
714,1,7140,36,393.0,20.94719866071462,0.00014391272197619595,545.4990184749073,1.1878194509707216,0.0014391272197619596,1.5338472765301592,2.721666727500881,577.6288220915806,1.5338472765301592,32.129803616673314,0.030145683770395674,40.31745980434532,417.6874470167531,190230.93107772525,10,2024-09-12 18:00:00,321.29803616673314,146331.48544440386,20.494605804538356,,,,
715,1,7150,54,359.0,16.789763443687637,2.374444698025763e-05,513.3578455747016,1.0176448652457122,0.0002374444698025763,1.5340847209999617,2.551729586245674,539.1147651428665,1.5340847209999617,25.756919568164903,0.0039866364789970885,40.32144644082432,334.8399543861438,190565.7710321114,10,2024-09-24 15:27:00,257.56919568164903,146589.05464008552,20.501965683928045,,,,
716,1,7160,97,342.0,11.405296114133082,0.0002511059148319687,500.30817951456237,1.0509412771005697,0.0025110591483196868,1.5365957801482815,2.587537057248851,517.8335093948808,1.5365957801482815,17.525329880318484,0.028639373146688848,40.350085813971006,227.8292884441403,190793.60032055553,10,2024-09-28 17:27:00,175.25329880318483,146764.3079388887,20.49780837135317,,,,
717,1,7170,93,197.0,56.99919957886452,4.325505784119494e-05,564.8171994358484,1.3300003878316708,0.0004325505784119494,1.5370283307266934,2.8670287185583643,652.4265840173082,1.5370283307266934,87.60938458145978,0.02465503674685599,40.37474085071786,1138.9219995589772,191932.5223201145,10,2024-10-03 08:06:00,876.0938458145978,147640.4017847033,20.591408896053462,,,,
718,1,7180,130,369.0,10.744299418128703,6.849553167440085e-05,536.8494922227635,1.0792405046129725,0.0006849553167440085,1.5377132860434375,2.61695379065641,553.3711441872488,1.5377132860434375,16.521651964485283,0.0073593650111368125,40.382100215729,214.78147553830868,192147.3037956528,10,2024-10-03 18:00:00,165.21651964485284,147805.61830434817,20.585740710912003,,,,
719,1,7190,120,369.0,10.744299418128703,6.849553167440085e-05,536.8494922227635,1.0792405046129725,0.0006849553167440085,1.5383982413601816,2.617638745973154,553.3785035522599,1.5383982413601816,16.52901132949642,0.0073593650111368125,40.38945958074013,214.87714728345344,192362.18094293628,10,2024-10-04 04:03:00,165.29011329496421,147970.90841764314,20.580098528184024,,,,
720,1,7200,100,199.0,26.451945661156483,2.3606250994421164e-05,612.2401717829132,1.3541602229098684,0.00023606250994421163,1.5386343038701258,2.892794526779994,652.940042781277,1.5386343038701258,40.6998709983639,0.006244312685680498,40.39570389342581,529.0983229787307,192891.279265915,10,2024-10-04 14:03:00,406.998709983639,148377.90712762676,20.608042656614828,,,,
721,1,7210,110,196.0,23.45083566200911,2.746367752380431e-05,574.8309486726679,1.263143962816737,0.0002746367752380431,1.5389089406453638,2.8020529034621005,610.9196493385389,1.5389089406453638,36.08870066587095,0.006440461882851482,40.402144355308664,469.15310865632244,193360.43237457133,10,2024-10-05 01:57:00,360.88700665870954,148738.79413428548,20.629513749554157,,,,
722,1,7220,103,199.0,26.451945661156483,2.3606250994421164e-05,612.2401717829132,1.3541602229098684,0.00023606250994421163,1.539145003155308,2.893305226065176,652.9535517710179,1.539145003155308,40.713379988104734,0.006244312685680498,40.408388667994345,529.2739398453615,193889.7063144167,10,2024-10-08 01:42:00,407.13379988104737,149145.9279341665,20.657330738804227,,,,
723,1,7230,150,393.0,20.94719866071462,0.00014391272197619595,545.4990184749073,1.1878194509707216,0.0014391272197619596,1.54058413037507,2.7284035813457916,577.7699403074182,1.54058413037507,32.270921832510865,0.030145683770395674,40.43853435176474,419.5219838226413,194309.22829823932,10,2024-10-10 02:42:00,322.7092183251086,149468.63715249163,20.67339379702512,,,,
724,1,7240,188,199.0,26.451945661156483,2.3606250994421164e-05,612.2401717829132,1.3541602229098684,0.00023606250994421163,1.5408201928850143,2.8949804157948824,652.9978637987202,1.5408201928850143,40.757692015807045,0.006244312685680498,40.44477866445042,529.8499962054916,194839.0782944448,10,2024-10-23 04:15:00,407.57692015807044,149876.21407264972,20.701134540421233,,,,
725,1,7250,200,196.0,23.45083566200911,2.746367752380431e-05,574.8309486726679,1.263143962816737,0.0002746367752380431,1.5410948296602522,2.804238792476989,610.9709102626024,1.5410948296602522,36.139961589934494,0.006440461882851482,40.45121912633327,469.8195006691484,195308.89779511394,10,2024-10-23 14:15:00,361.39961589934495,150237.61368854906,20.722429474282627,,,,
726,1,7260,200,369.0,10.744299418128703,6.849553167440085e-05,536.8494922227635,1.0792405046129725,0.0006849553167440085,1.5417797849769963,2.6210202895899686,553.4148358693744,1.5417797849769963,16.565343646610938,0.0073593650111368125,40.458578491344404,215.3494674059422,195524.24726251987,10,2024-10-24 00:15:00,165.65343646610938,150403.26712501518,20.716703460745894,,,,
727,1,7270,198,199.0,26.451945661156483,2.3606250994421164e-05,612.2401717829132,1.3541602229098684,0.00023606250994421163,1.5420158474869405,2.896176070396809,653.02949118928,1.5420158474869405,40.789319406366715,0.006244312685680498,40.464822804030085,530.2611522827673,196054.50841480264,10,2024-10-24 10:15:00,407.8931940636671,150811.16031907883,20.7443136614964,,,,
728,1,7280,189,163.0,39.65651335606026,0.00024345109889484172,585.3955672039333,1.3176560523956848,0.002434510988948417,1.5444503584758889,2.862106410871574,646.6430834726044,1.5444503584758889,61.24751626867114,0.09654421754870837,40.561367021578796,796.2177114927249,196850.72612629537,10,2024-10-25 12:39:00,612.4751626867114,151423.63548176555,20.799949928813948,,,,
729,1,7290,200,196.0,23.45083566200911,2.746367752380431e-05,574.8309486726679,1.263143962816737,0.0002746367752380431,1.5447249952511268,2.8078689580678637,611.0560406792998,1.5447249952511268,36.225092006631975,0.006440461882851482,40.56780748346165,470.92619608621567,197321.6523223816,10,2024-10-25 22:39:00,362.25092006631974,151785.88640183187,20.821109245793124,,,,
730,1,7300,200,191.0,31.827509305702712,7.304989580016473e-05,629.9770311175635,1.3978877673039205,0.0007304989580016473,1.5454554942091285,2.943343261513049,679.1650302410538,1.5454554942091285,49.18799912349042,0.023249962383603565,40.59105744584525,639.4439886053755,197961.09631098696,10,2024-10-26 08:39:00,491.8799912349042,152277.76639306676,20.85996799905024,,,,
731,1,7310,200,145.0,6.6782507724386395,5.235478775779192e-05,593.7027206397652,1.3224080936172224,0.0005235478775779193,1.5459790420867066,2.8683871357039292,604.0271563717547,1.5459790420867066,10.324435731989496,0.0034963840178433496,40.594553829863095,134.21766451586345,198095.31397550282,10,2024-10-26 18:39:00,103.24435731989496,152381.01075038666,20.845555506208846,,,,
732,1,7320,199,191.0,31.827509305702712,7.304989580016473e-05,629.9770311175635,1.3978877673039205,0.0007304989580016473,1.5467095410447083,2.9445973083486288,679.2049434283831,1.5467095410447083,49.227912310819626,0.023249962383603565,40.6178037922467,639.9628600406552,198735.27683554348,10,2024-10-27 04:39:00,492.27912310819625,152873.28987349485,20.884329217690553,,,,
733,1,7330,201,163.0,39.65651335606026,0.00024345109889484172,585.3955672039333,1.3176560523956848,0.002434510988948417,1.5491440520336566,2.866800104429341,646.8292189938674,1.5491440520336566,61.43365178993401,0.09654421754870837,40.71434800979541,798.6374732691422,199533.91430881261,10,2024-10-27 14:36:00,614.3365178993402,153487.62639139418,20.939648893778198,,,,
734,1,7340,200,159.0,63.246447768535496,0.00016429387652179962,538.2467794901777,1.2079594107932876,0.0016429387652179962,1.5507869907988745,2.758746401592162,636.3285479038631,1.5507869907988745,98.08176841368535,0.1039100408012622,40.81825805059667,1275.0629893779096,200808.97729819053,10,2024-10-28 00:39:00,980.8176841368536,154468.44407553104,21.04474714925491,,,,
735,1,7350,199,163.0,39.65651335606026,0.00024345109889484172,585.3955672039333,1.3176560523956848,0.002434510988948417,1.5532215017878228,2.8708775541835077,646.9909164345021,1.5532215017878228,61.59534923056877,0.09654421754870837,40.91480226814538,800.739539997394,201609.71683818792,10,2024-10-28 10:39:00,615.9534923056877,155084.3975678367,21.099918036440368,,,,
736,1,7360,200,196.0,23.45083566200911,2.746367752380431e-05,574.8309486726679,1.263143962816737,0.0002746367752380431,1.5534961385630608,2.8166401013797975,611.261731319676,1.5534961385630608,36.43078264700807,0.006440461882851482,40.92124273002823,473.60017441110494,202083.31701259903,10,2024-10-28 20:36:00,364.3078264700807,155448.7053943068,21.120748015530815,,,,
737,1,7370,200,192.0,19.350310795050056,0.0007274785510684111,640.3787873324052,1.4486453665786772,0.007274785510684111,1.5607709240737448,3.009416290652422,670.5801897931096,1.5607709240737448,30.201402460704436,0.1407693605990645,41.0620120906273,392.6182319891577,202475.93524458818,10,2024-10-29 06:36:00,302.01402460704435,155750.71941891385,21.133069120612465,,,,
738,1,7380,200,192.0,19.350310795050056,0.0007274785510684111,640.3787873324052,1.4486453665786772,0.007274785510684111,1.568045709584429,3.016691076163106,670.7209591537087,1.568045709584429,30.3421718213035,0.1407693605990645,41.202781451226365,394.44823367694545,202870.38347826514,10,2024-10-29 16:36:00,303.421718213035,156054.1411371269,21.14554757955649,,,,
739,1,7390,201,198.0,43.29946243564552,0.00014342286406152888,629.7867554556274,1.4903148438883402,0.0014342286406152887,1.5694799382250442,3.0597947821133844,697.7443930843019,1.5694799382250442,67.95763762867456,0.06210132914844864,41.26488278037481,883.4492891727693,203753.8327674379,10,2024-10-30 02:36:00,679.5763762867456,156733.71751341363,21.208892762302252,,,,
740,1,7400,200,45.0,1.5643464007667256,6.719208314285224e-05,634.3992757234289,1.4232760682345749,0.0006719208314285224,1.5701518590564727,2.9934279272910476,636.855537132801,1.5701518590564727,2.456261409372176,0.0010511169342453947,41.265933897309054,31.931398321838294,203785.76416575976,10,2024-10-30 12:39:00,24.562614093721763,156758.28012750734,21.183551368582073,,,,
741,1,7410,199,359.0,16.789763443687637,2.374444698025763e-05,513.3578455747016,1.0176448652457122,0.0002374444698025763,1.5703893035262753,2.5880341687719874,539.7243104954051,1.5703893035262753,26.366464920703546,0.0039866364789970885,41.26992053378805,342.76404396914614,204128.52820972892,10,2024-10-30 22:39:00,263.66464920703544,157021.94477671437,21.190545853807606,,,,
742,1,7420,197,47.0,60.55982390341438,0.0003005983369200923,605.1384340711892,1.3693754243478768,0.003005983369200923,1.5733952868954761,2.942770711243353,700.4229755760414,1.5733952868954761,95.28454150485219,0.18204182349540016,41.451962357283456,1238.6990395630785,205367.227249292,10,2024-10-31 08:36:00,952.8454150485219,157974.7901917629,21.290402990803628,,,,
743,1,7430,200,196.0,23.45083566200911,2.746367752380431e-05,574.8309486726679,1.263143962816737,0.0002746367752380431,1.5736699236707141,2.836813886487451,611.7348234389162,1.5736699236707141,36.903874766248336,0.006440461882851482,41.45840281916631,479.75037196122844,205846.9776212532,10,2024-10-31 18:36:00,369.0387476624834,158343.82893942538,21.311417084714048,,,,
744,1,7440,200,197.0,56.99919957886452,4.325505784119494e-05,564.8171994358484,1.3300003878316708,0.0004325505784119494,1.574102474249126,2.904102862080797,654.5397805231587,1.574102474249126,89.72258108731039,0.02465503674685599,41.48305785591317,1166.3935541350352,207013.37117538822,10,2024-11-01 04:36:00,897.2258108731039,159241.0547502985,21.403367573964854,,,,
745,1,7450,200,159.0,63.246447768535496,0.00016429387652179962,538.2467794901777,1.2079594107932876,0.0016429387652179962,1.575745413014344,2.7837048238076316,637.9070794508988,1.575745413014344,99.6602999607211,0.1039100408012622,41.58696789671443,1295.5838994893745,208308.9550748776,10,2024-11-01 14:36:00,996.602999607211,160237.65774990572,21.508410436228957,,,,
746,1,7460,200,406.0,55.70938548387105,0.0001149882370672052,522.962696144269,1.0776294123360106,0.001149882370672052,1.5768952953850162,2.654524707721027,610.8105640225756,1.5768952953850162,87.84786787830657,0.06405924024887684,41.6510271369633,1142.0222824179855,209450.97735729557,10,2024-11-02 00:36:00,878.4786787830658,161116.13642868877,21.59733732288053,,,,
747,1,7470,200,163.0,39.65651335606026,0.00024345109889484172,585.3955672039333,1.3176560523956848,0.002434510988948417,1.5793298063739645,2.896985858769649,648.0262807640265,1.5793298063739645,62.630713560093184,0.09654421754870837,41.74757135451201,814.1992762812115,210265.17663357678,10,2024-11-02 23:57:00,626.3071356009318,161742.44356428972,21.65226821476435,,,,
748,1,7480,200,191.0,31.827509305702712,7.304989580016473e-05,629.9770311175635,1.3978877673039205,0.0007304989580016473,1.5800603053319662,2.9779480726358867,680.2664151890881,1.5800603053319662,50.28938407152462,0.023249962383603565,41.77082131689561,653.76199292982,210918.9386265066,10,2024-11-03 09:57:00,502.89384071524626,162245.33740500498,21.69055312901136,,,,
749,1,7490,200,83.0,37.867061945629686,0.00011855962316774961,643.7257203209549,1.4882463446822627,0.0011855962316774961,1.5812459015636438,3.0694922462459067,703.6028568267385,1.5812459015636438,59.87713650578356,0.044895045947436873,41.81571636284305,778.4027745751864,211697.3414010818,10,2024-11-03 19:57:00,598.7713650578356,162844.1087700628,21.741536551410253,,,,
750,1,7500,189,83.0,37.867061945629686,0.00011855962316774961,643.7257203209549,1.4882463446822627,0.0011855962316774961,1.5824314977953213,3.070677842477584,703.647751872686,1.5824314977953213,59.922031551730996,0.044895045947436873,41.86061140879048,778.9864101725029,212476.3278112543,10,2024-11-04 05:57:00,599.2203155173099,163443.3290855801,21.792443878077346,,,,
751,1,7510,198,54.0,49.28069229248029,0.00021571403810990503,616.8438824479288,1.419732192873903,0.0021571403810990504,1.5845886381764205,3.0043208310503235,694.9335075360614,1.5845886381764205,78.08962508813256,0.10630537135262597,41.96691678014311,1015.1651261457233,213491.49293740003,10,2024-11-04 16:03:00,780.8962508813256,164224.22533646142,21.867406835747193,,,,
752,1,7520,200,156.0,53.66493329570027,0.00015916969115467488,602.3136878156005,1.3698272335845407,0.0015916969115467488,1.5861803350879673,2.956007568672508,687.4359496930477,1.5861803350879673,85.12226187744727,0.0854183085851284,42.052335088728235,1106.5894044068145,214598.08234180685,10,2024-11-05 01:57:00,851.2226187744727,165075.4479552359,21.95152233447286,,,,
753,1,7530,200,192.0,19.350310795050056,0.0007274785510684111,640.3787873324052,1.4486453665786772,0.007274785510684111,1.5934551205986514,3.0421004871773283,671.2126391539531,1.5934551205986514,30.833851821547874,0.1407693605990645,42.1931044493273,400.8400736801224,214998.92241548697,10,2024-11-05 11:57:00,308.33851821547876,165383.7864734514,21.963318256766453,,,,
754,1,7540,200,406.0,55.70938548387105,0.0001149882370672052,522.962696144269,1.0776294123360106,0.001149882370672052,1.5946050029693235,2.672234415305334,611.7971609491964,1.5946050029693235,88.83446480492739,0.06405924024887684,42.257163689576174,1154.848042464056,216153.77045795103,10,2024-11-05 21:57:00,888.3446480492739,166272.13112150066,22.052006780039875,,,,
755,1,7550,200,199.0,26.451945661156483,2.3606250994421164e-05,612.2401717829132,1.3541602229098684,0.00023606250994421163,1.5948410654792677,2.949001288389136,654.4268209851517,1.5948410654792677,42.1866492022385,0.006244312685680498,42.263408002261855,548.4264396291005,216702.19689758014,10,2024-11-06 07:57:00,421.866492022385,166693.99761352304,22.078675180599078,,,,
756,1,7560,200,196.0,23.45083566200911,2.746367752380431e-05,574.8309486726679,1.263143962816737,0.0002746367752380431,1.5951157022545057,2.858259665071243,612.2377448681285,1.5951157022545057,37.406796195460664,0.006440461882851482,42.26984846414471,486.28835054098863,217188.48524812114,10,2024-11-06 17:57:00,374.06796195460663,167068.06557547764,22.09895047294678,,,,
757,1,7570,200,374.0,18.949813308535482,2.5022289178529327e-05,497.8486858278368,1.0351423639342239,0.00025022289178529327,1.595365925146291,2.630508289080515,528.080572268158,1.595365925146291,30.231886440321208,0.004741677084853184,42.27459014122956,393.0145237241757,217581.49977184532,10,2024-11-07 03:57:00,302.3188644032121,167370.38443988084,22.1096941135906,,,,
758,1,7580,200,197.0,56.99919957886452,4.325505784119494e-05,564.8171994358484,1.3300003878316708,0.0004325505784119494,1.595798475724703,2.925798863556374,655.7764352413285,1.595798475724703,90.95923580548013,0.02465503674685599,42.29924517797642,1182.4700654712417,218763.96983731657,10,2024-11-07 13:57:00,909.5923580548014,168279.97679793564,22.200524643527128,,,,
759,1,7590,200,374.0,18.949813308535482,2.5022289178529327e-05,497.8486858278368,1.0351423639342239,0.00025022289178529327,1.5960486986164883,2.6311910625507124,528.0935106979503,1.5960486986164883,30.24482487011347,0.004741677084853184,42.30398685506127,393.1827233114751,219157.15256062805,10,2024-11-07 23:57:00,302.4482487011347,168582.42504663678,22.2111231945503,,,,
760,1,7600,200,197.0,56.99919957886452,4.325505784119494e-05,564.8171994358484,1.3300003878316708,0.0004325505784119494,1.5964812491949003,2.926481637026571,655.8153527826234,1.5964812491949003,90.99815334677507,0.02465503674685599,42.328641891808125,1182.9759935080758,220340.1285541361,10,2024-11-08 09:57:00,909.9815334677508,169492.40658010452,22.301632444750595,,,,
761,1,7610,200,406.0,55.70938548387105,0.0001149882370672052,522.962696144269,1.0776294123360106,0.001149882370672052,1.5976311315655725,2.675260543901583,611.9657447136885,1.5976311315655725,89.00304856941959,0.06405924024887684,42.392701132057,1157.0396314024547,221497.16818553855,10,2024-11-08 19:57:00,890.0304856941959,170382.43706579873,22.389282137424274,,,,
762,1,7620,200,194.0,11.236752889417371,6.343118206717855e-05,565.6855025401592,1.297234005680703,0.0006343118206717856,1.5982654433862442,2.8954994490669472,583.6448163791855,1.5982654433862442,17.959313839026315,0.007127605183725279,42.399828737240725,233.47107990734207,221730.6392654459,10,2024-11-09 05:57:00,179.59313839026316,170562.03020418898,22.383468530733463,,,,
763,1,7630,200,163.0,39.65651335606026,0.00024345109889484172,585.3955672039333,1.3176560523956848,0.002434510988948417,1.6006999543751925,2.9183560067708774,648.8737463236582,1.6006999543751925,63.47817911972487,0.09654421754870837,42.496372954789436,825.2163285564234,222555.85559400232,10,2024-11-09 15:57:00,634.7817911972487,171196.81199538623,22.43732791551589,,,,
764,1,7640,197,196.0,23.45083566200911,2.746367752380431e-05,574.8309486726679,1.263143962816737,0.0002746367752380431,1.6009745911504305,2.8641185539671676,612.3751407087889,1.6009745911504305,37.54419203612097,0.006440461882851482,42.50281341667229,488.0744964695726,223043.9300904719,10,2024-11-10 01:57:00,375.44192036120967,171572.25391574745,22.457101297872704,,,,
765,1,7650,200,199.0,26.451945661156483,2.3606250994421164e-05,612.2401717829132,1.3541602229098684,0.00023606250994421163,1.6012106536603747,2.9553708765702433,654.5953089856023,1.6012106536603747,42.355137202689086,0.006244312685680498,42.50905772935797,550.6167836349582,223594.54687410686,10,2024-11-10 22:30:00,423.5513720268909,171995.80528777433,22.483111802323442,,,,
766,1,7660,200,185.0,30.06981782905487,4.6167487090123126e-05,643.6355751577457,1.5488477830479352,0.00046167487090123126,1.601672328531276,3.150520111579211,691.7975702985193,1.601672328531276,48.16199514077359,0.01388247926425245,42.522940208622224,626.1059368300566,224220.6528109369,10,2024-11-11 08:30:00,481.6199514077359,172477.42523918208,22.516635148718287,,,,
767,1,7670,200,47.0,60.55982390341438,0.0003005983369200923,605.1384340711892,1.3693754243478768,0.003005983369200923,1.6046783119004768,2.9740537362483535,702.3174700615103,1.6046783119004768,97.17903599032114,0.18204182349540016,42.70498203211763,1263.327467874175,225483.9802788111,10,2024-11-11 18:30:00,971.7903599032114,173449.2155990853,22.61397856572168,,,,
768,1,7680,200,192.0,19.350310795050056,0.0007274785510684111,640.3787873324052,1.4486453665786772,0.007274785510684111,1.6119530974111609,3.0605984639898383,671.5705807543548,1.6119530974111609,31.191793421949562,0.1407693605990645,42.84575139271669,405.4933144853443,225889.47359329645,10,2024-11-12 04:30:00,311.91793421949563,173761.1335333048,22.625147595482396,,,,
769,1,7690,200,45.0,1.5643464007667256,6.719208314285224e-05,634.3992757234289,1.4232760682345749,0.0006719208314285224,1.6126250182425894,3.035901086477164,636.9219798665031,1.6126250182425894,2.52270414307417,0.0010511169342453947,42.846802509650935,32.79515385996421,225922.26874715643,10,2024-11-12 14:30:00,25.2270414307417,173786.36057473553,22.599006576688627,,,,
770,1,7700,200,47.0,60.55982390341438,0.0003005983369200923,605.1384340711892,1.3693754243478768,0.003005983369200923,1.6156310016117903,2.985006425959667,702.9807630216962,1.6156310016117903,97.84232895050702,0.18204182349540016,43.02884433314634,1271.9502763565913,227194.21902351303,10,2024-11-13 00:30:00,978.4232895050702,174764.7838642406,22.696725177174105,,,,
771,1,7710,200,45.0,1.5643464007667256,6.719208314285224e-05,634.3992757234289,1.4232760682345749,0.0006719208314285224,1.6163029224432188,3.0395789906777937,636.9277333827017,1.6163029224432188,2.528457659272789,0.0010511169342453947,43.02989545008058,32.86994957054626,227227.08897308356,10,2024-11-13 10:30:00,25.28457659272789,174790.06844083333,22.670566594141807,,,,
772,1,7720,200,45.0,1.5643464007667256,6.719208314285224e-05,634.3992757234289,1.4232760682345749,0.0006719208314285224,1.6169748432746474,3.040250911509222,636.928784499636,1.6169748432746474,2.529508776207035,0.0010511169342453947,43.03094656701482,32.88361409069146,227259.97258717424,10,2024-11-13 20:30:00,25.29508776207035,174815.3635285954,22.644477141009766,,,,
773,1,7730,199,156.0,53.66493329570027,0.00015916969115467488,602.3136878156005,1.3698272335845407,0.0015916969115467488,1.6185665401861942,2.988393773770735,689.173953229345,1.6185665401861942,86.86026541374449,0.0854183085851284,43.11636487559995,1129.1834503786783,228389.15603755292,10,2024-11-14 06:30:00,868.6026541374449,175683.96618273284,22.727550605786913,,,,
774,1,7740,199,374.0,18.949813308535482,2.5022289178529327e-05,497.8486858278368,1.0351423639342239,0.00025022289178529327,1.6188167630779795,2.6539591270122034,528.5249612688922,1.6188167630779795,30.676275441055427,0.004741677084853184,43.1211065526848,398.79158073372054,228787.94761828665,10,2024-11-19 04:33:00,306.7627544105543,175990.7289371434,22.737820276116718,,,,
775,1,7750,200,390.0,,7.219610392669933e-05,454.58381812983845,1.002423662191127,0.0007219610392669933,1.6195387241172465,2.6219623863083736,454.58381812983845,1.6195387241172465,0.0,0.0,43.1211065526848,0.0,228787.94761828665,10,2024-11-20 14:27:00,0.0,175990.7289371434,22.708481153179793,,,,
776,1,7760,200,255.0,30.013500000000384,0.0005722164687618362,467.60370490138183,1.0913916669790027,0.005722164687618362,1.625260888804865,2.7166525557838677,516.3834725875273,1.625260888804865,48.77976768614544,0.1717421898518359,43.292848742536634,634.1369799198908,229422.08459820654,10,2024-11-21 00:27:00,487.7976768614544,176478.52661400486,22.742078171907842,,,,
777,1,7770,200,194.0,11.236752889417371,6.343118206717855e-05,565.6855025401592,1.297234005680703,0.0006343118206717856,1.6258952006255367,2.92312920630624,583.955285133678,1.6258952006255367,18.269782593518837,0.007127605183725279,43.29997634772036,237.5071737157449,229659.59177192228,10,2024-11-21 10:27:00,182.69782593518838,176661.22443994004,22.736322321742605,,,,
778,1,7780,200,255.0,30.013500000000384,0.0005722164687618362,467.60370490138183,1.0913916669790027,0.005722164687618362,1.6316173653131552,2.7230090322921576,516.5742526952089,1.6316173653131552,48.97054779382701,0.1717421898518359,43.471718537572194,636.6171213197512,230296.20889324203,10,2024-11-21 20:27:00,489.70547793827006,177150.9299178783,22.77004240589695,,,,
779,1,7790,200,255.0,30.013500000000384,0.0005722164687618362,467.60370490138183,1.0913916669790027,0.005722164687618362,1.6373395300007736,2.7287311969797763,516.7459948850607,1.6373395300007736,49.14228998367885,0.1717421898518359,43.64346072742403,638.8497697878252,230935.05866302986,10,2024-11-22 06:27:00,491.4228998367885,177642.3528177151,22.803896382248407,,,,
780,1,7800,200,181.0,59.00225925925957,0.00017428350308482606,535.0250256454847,1.2834884438812146,0.0017428350308482607,1.6390823650316217,2.9225708089128366,631.7345882943607,1.6390823650316217,96.70956264887607,0.10283120433622872,43.746291931760254,1257.224314435389,232192.28297746525,10,2024-11-22 16:27:00,967.0956264887607,178609.44844420385,22.898647236436393,,,,
781,1,7810,200,233.0,,0.00034246013273020925,457.33939857281393,1.0756831962515623,0.0034246013273020928,1.6425069663589238,2.718190162610486,457.33939857281393,1.6425069663589238,0.0,0.0,43.746291931760254,0.0,232192.28297746525,10,2024-11-23 02:27:00,0.0,178609.44844420385,22.86932758568551,,,,
782,1,7820,200,223.0,,1.6440258673713216e-05,530.9039767546416,1.3056927342896818,0.00016440258673713215,1.642671368945661,2.9483641032353427,530.9039767546416,1.642671368945661,0.0,0.0,43.746291931760254,0.0,232192.28297746525,10,2024-11-23 12:27:00,0.0,178609.44844420385,22.84008292125369,,,,
783,1,7830,200,187.0,26.861234492667172,0.0005125396125925661,556.6534944234531,1.2959394470351626,0.005125396125925661,1.6477967650715866,2.9437362121067494,600.9153497262994,1.6477967650715866,44.261855302846286,0.13767446720629709,43.88396639896655,575.4041189370017,232767.68709640225,10,2024-11-23 22:27:00,442.6185530284629,179052.06699723232,22.867441506670794,,,,
784,1,7840,200,19.0,,0.0002950945664557875,553.2700505158285,1.3800619147039206,0.0029509456645578753,1.6507477107361443,3.0308096254400647,553.2700505158285,1.6507477107361443,0.0,0.0,43.88396639896655,0.0,232767.68709640225,10,2024-11-24 08:27:00,0.0,179052.06699723232,22.838273851687795,,,,
785,1,7850,200,19.0,,0.0002950945664557875,553.2700505158285,1.3800619147039206,0.0029509456645578753,1.6536986564007021,3.0337605711046227,553.2700505158285,1.6536986564007021,0.0,0.0,43.88396639896655,0.0,232767.68709640225,10,2024-11-24 18:27:00,0.0,179052.06699723232,22.80918050920157,,,,
786,1,7860,200,19.0,,0.0002950945664557875,553.2700505158285,1.3800619147039206,0.0029509456645578753,1.65664960206526,3.0367115167691807,553.2700505158285,1.65664960206526,0.0,0.0,43.88396639896655,0.0,232767.68709640225,10,2024-11-25 04:27:00,0.0,179052.06699723232,22.780161195576632,,,,
787,1,7870,200,14.0,,3.572073750333286e-05,645.4967389525834,1.545218208435279,0.0003572073750333286,1.6570068094402932,3.2022250178755725,645.4967389525834,1.6570068094402932,0.0,0.0,43.88396639896655,0.0,232767.68709640225,10,2024-11-25 14:27:00,0.0,179052.06699723232,22.7512156286191,,,,
788,1,7880,200,186.0,25.58163449916523,0.0004286962523612967,518.8657375755395,1.1952538757602718,0.004286962523612967,1.6612937719639063,2.8565476477241782,561.3643476456597,1.6612937719639063,42.4986100701202,0.10966750839068592,43.993633907357236,552.4819309115626,233320.16902731382,10,2024-11-26 00:27:00,424.986100701202,179477.05309793353,22.776275773849434,,,,
789,1,7890,200,223.0,,1.6440258673713216e-05,530.9039767546416,1.3056927342896818,0.00016440258673713215,1.6614581745506434,2.967150908840325,530.9039767546416,1.6614581745506434,0.0,0.0,43.993633907357236,0.0,233320.16902731382,10,2024-11-26 10:27:00,0.0,179477.05309793353,22.747408504174086,,,,
790,1,7900,200,98.0,,0.00023383170380237263,466.83049808799404,1.0402327467196986,0.0023383170380237264,1.6637964915886672,2.7040292383083657,466.83049808799404,1.6637964915886672,0.0,0.0,43.993633907357236,0.0,233320.16902731382,10,2024-11-26 20:27:00,0.0,179477.05309793353,22.718614316194117,,,,
791,1,7910,198,362.0,59.28327650918389,0.00027780023460166825,461.32332720473136,0.9304553130979485,0.0027780023460166827,1.6665744939346838,2.5970298070326323,560.1233237518144,1.6665744939346838,98.79999654708307,0.16468908122206855,44.15832298857931,1284.39995511208,234604.5689824259,10,2024-11-27 16:54:00,987.9999654708307,180465.05306340437,22.814798111681966,,,,
792,1,7920,200,234.0,29.727495191179834,6.770222446065527e-07,461.18615104780116,1.0876173750879807,6.770222446065528e-06,1.6665812641571298,2.7541986392451108,510.72943756374264,1.6665812641571298,49.54328651594148,0.00020126175520863074,44.158524250334516,644.0627247072393,235248.63170713314,10,2024-11-29 03:06:00,495.4328651594148,180960.48592856378,22.84854620310149,,,,
793,1,7930,199,90.0,19.03165625000014,3.773517627856339e-05,512.2296468043171,1.1303679911263382,0.0003773517627856339,1.6669586159199155,2.7973266070462537,543.9546301654809,1.6669586159199155,31.72498336116384,0.00718162903466778,44.165705879369185,412.4247836951299,235661.05649082828,10,2024-11-29 13:06:00,317.2498336116384,181277.7357621754,22.859739692582018,,,,
794,1,7940,200,234.0,29.727495191179834,6.770222446065527e-07,461.18615104780116,1.0876173750879807,6.770222446065528e-06,1.6669653861423614,2.754582761230342,510.74085654821147,1.6669653861423614,49.554705500410286,0.00020126175520863074,44.16590714112439,644.2111715053338,236305.26766233362,10,2024-11-29 23:09:00,495.54705500410284,181773.2828171795,22.893360556319838,,,,
795,1,7950,200,236.0,9.585191993867975,0.0001098561014769806,490.4831162925928,1.2103720780750862,0.001098561014769806,1.6680639471571312,2.8784360252322174,506.47182948414314,1.6680639471571312,15.988713191550346,0.010529918243547024,44.17643705936794,207.8532714901545,236513.12093382378,10,2024-11-30 09:09:00,159.88713191550346,181933.16994909503,22.884675465294972,,,,
796,1,7960,200,330.0,39.385931034482375,8.36316023879826e-05,393.7554907471388,0.8960072702157891,0.000836316023879826,1.668900263181011,2.5649075333968003,459.4866814162156,1.668900263181011,65.73119066907678,0.03293908523956334,44.2093761446075,854.5054786979982,237367.6264125218,10,2024-11-30 19:09:00,657.3119066907678,182590.4818557858,22.938502745701733,,,,
797,1,7970,200,310.0,4.129856266433336,2.7606380537601457e-05,421.93559634491965,1.059964365886331,0.0002760638053760146,1.669176326986387,2.729140692872718,428.8290546587066,1.669176326986387,6.89345831378691,0.0011401038365675667,44.21051624844407,89.61495807922984,237457.24137060103,10,2024-12-01 05:09:00,68.9345831378691,182659.41643892365,22.918370945912628,,,,
798,1,7980,200,278.0,,7.92152819719414e-05,443.3692187387032,1.0658536470204645,0.0007921528197194139,1.6699684798061065,2.735822126826571,443.3692187387032,1.6699684798061065,0.0,0.0,44.21051624844407,0.0,237457.24137060103,10,2024-12-01 15:09:00,0.0,182659.41643892365,22.88965118282251,,,,
799,1,7990,200,278.0,,7.92152819719414e-05,443.3692187387032,1.0658536470204645,0.0007921528197194139,1.670760632625826,2.7366142796462904,443.3692187387032,1.670760632625826,0.0,0.0,44.21051624844407,0.0,237457.24137060103,10,2024-12-02 01:09:00,0.0,182659.41643892365,22.86100330900171,,,,
800,1,8000,200,186.0,25.58163449916523,0.0004286962523612967,518.8657375755395,1.1952538757602718,0.004286962523612967,1.675047595149439,2.8703014709097108,561.7161929233581,1.675047595149439,42.85045534781864,0.10966750839068592,44.32018375683476,557.0559195216423,238014.29729012266,10,2024-12-02 11:09:00,428.5045534781864,183087.92099240184,22.88599012405023,,,,
801,1,8010,200,223.0,,1.6440258673713216e-05,530.9039767546416,1.3056927342896818,0.00016440258673713215,1.6752119977361761,2.980904732025858,530.9039767546416,1.6752119977361761,0.0,0.0,44.32018375683476,0.0,238014.29729012266,10,2024-12-02 21:09:00,0.0,183087.92099240184,22.857418351111342,,,,
802,1,8020,199,181.0,59.00225925925957,0.00017428350308482606,535.0250256454847,1.2834884438812146,0.0017428350308482607,1.6769548327670243,2.960443276648239,633.9691494544729,1.6769548327670243,98.94412380898824,0.10283120433622872,44.423014961170985,1286.2736095168473,239300.5708996395,10,2024-12-03 07:09:00,989.4412380898824,184077.3622304917,22.952289554924153,,,,
803,1,8030,200,181.0,59.00225925925957,0.00017428350308482606,535.0250256454847,1.2834884438812146,0.0017428350308482607,1.6786976677978724,2.9621861116790873,634.0719806588091,1.6786976677978724,99.04695501332446,0.10283120433622872,44.52584616550721,1287.6104151732181,240588.18131481274,10,2024-12-03 17:09:00,990.4695501332446,185067.83178062495,23.047052525607093,,,,
804,1,8040,200,201.0,51.62727369580078,0.00013145270784828474,483.1418983123582,1.0937647220332603,0.0013145270784828474,1.6800121948763553,2.7737769169096156,569.8763477095227,1.6800121948763553,86.7344493971646,0.06786544926137536,44.59371161476859,1127.5478421631399,241715.72915697587,10,2024-12-04 03:09:00,867.344493971646,185935.1762745966,23.126265705795596,,,,
805,1,8050,200,187.0,26.861234492667172,0.0005125396125925661,556.6534944234531,1.2959394470351626,0.005125396125925661,1.685137591002281,2.9810770380374434,601.9183704077736,1.685137591002281,45.26487598432054,0.13767446720629709,44.73138608197488,588.443387796167,242304.17254477204,10,2024-12-04 13:09:00,452.6487598432054,186387.8250344398,23.153767085023578,,,,
806,1,8060,200,200.0,44.597353964881606,0.00035956829010940346,503.9245995973085,1.0603684481993982,0.0035956829010940347,1.6887332739033751,2.7491017221027736,579.2376351658506,1.6887332739033751,75.31303556854218,0.16035794308556303,44.89174402506045,979.0694623910483,243283.2420071631,10,2024-12-04 23:09:00,753.1303556854218,187140.95539012522,23.218480817633402,,,,
807,1,8070,99,186.0,25.58163449916523,0.0004286962523612967,518.8657375755395,1.1952538757602718,0.004286962523612967,1.6930202364269882,2.88827411218726,562.175962463505,1.6930202364269882,43.31022488796551,0.10966750839068592,45.00141153345113,563.0329235435516,243846.27493070666,10,2024-12-05 09:09:00,433.1022488796551,187574.05763900487,23.243377650434308,,,,
808,1,8080,200,178.0,,9.398296082035971e-05,459.39984837154134,1.0693910666703448,0.0009398296082035972,1.6939600660351917,2.7633511327055365,459.39984837154134,1.6939600660351917,0.0,0.0,45.00141153345113,0.0,243846.27493070666,10,2024-12-05 19:09:00,0.0,187574.05763900487,23.214611093936245,,,,
809,1,8090,200,78.0,,4.396233245751179e-05,530.1162756815818,1.2814985509593455,0.00043962332457511786,1.6943996893597668,2.975898240319112,530.1162756815818,1.6943996893597668,0.0,0.0,45.00141153345113,0.0,243846.27493070666,10,2024-12-06 05:09:00,0.0,187574.05763900487,23.18591565377069,,,,
810,1,8100,200,186.0,25.58163449916523,0.0004286962523612967,518.8657375755395,1.1952538757602718,0.004286962523612967,1.6986866518833799,2.8939405276436516,562.3209186326308,1.6986866518833799,43.455181057091345,0.10966750839068592,45.11107904184182,564.9173537421875,244411.19228444883,10,2024-12-06 15:09:00,434.55181057091346,188008.60944957577,23.21093943821923,,,,
811,1,8110,200,233.0,,0.00034246013273020925,457.33939857281393,1.0756831962515623,0.0034246013273020928,1.702111253210682,2.7777944494622444,457.33939857281393,1.702111253210682,0.0,0.0,45.11107904184182,0.0,244411.19228444883,10,2024-12-07 01:09:00,0.0,188008.60944957577,23.182319290946456,,,,
812,1,8120,200,229.0,,0.00010477708813039948,504.44649372353933,1.2530425490063817,0.0010477708813039948,1.7031590240919858,2.9562015730983675,504.44649372353933,1.7031590240919858,0.0,0.0,45.11107904184182,0.0,244411.19228444883,10,2024-12-07 11:09:00,0.0,188008.60944957577,23.15376963664726,,,,
813,1,8130,200,331.0,37.2253333333333,5.9009281331265017e-05,382.191575593837,0.8658339107291121,0.0005900928133126502,1.7037491169052985,2.5695830276344105,445.614204387009,1.7037491169052985,63.42262879317199,0.02196640167316782,45.13304544351499,824.494174311236,245235.68645876006,10,2024-12-07 21:09:00,634.2262879317199,188642.8357375075,23.20330082872171,,,,
814,1,8140,200,281.0,35.58289999999882,5.565664368716899e-05,434.245535258036,1.0458184724260184,0.00055656643687169,1.7043056833421701,2.7501241557681886,494.8896739578301,1.7043056833421701,60.6441386997941,0.019804247866561,45.15284969138155,788.3738030973233,246024.06026185738,10,2024-12-08 07:09:00,606.441386997941,189249.27712450543,23.249296944042435,,,,
815,1,8150,200,281.0,35.58289999999882,5.565664368716899e-05,434.245535258036,1.0458184724260184,0.00055656643687169,1.7048622497790418,2.75068072220506,494.90947820569664,1.7048622497790418,60.66394294766066,0.019804247866561,45.17265393924811,788.6312583195886,246812.69152017697,10,2024-12-08 17:09:00,606.6394294766066,189855.91655398204,23.29520448515117,,,,
816,1,8160,199,310.0,4.129856266433336,2.7606380537601457e-05,421.93559634491965,1.059964365886331,0.0002760638053760146,1.7051383135844178,2.7651026794707487,428.97757249441185,1.7051383135844178,7.041976149492179,0.0011401038365675667,45.173794043084676,91.54568994339833,246904.23721012037,10,2024-12-09 03:09:00,70.41976149492179,189926.33631547695,23.275286313171193,,,,
817,1,8170,200,78.0,,4.396233245751179e-05,530.1162756815818,1.2814985509593455,0.00043962332457511786,1.705577936908993,2.9870764878683387,530.1162756815818,1.705577936908993,0.0,0.0,45.173794043084676,0.0,246904.23721012037,10,2024-12-09 13:06:00,0.0,189926.33631547695,23.246797590633655,,,,
818,1,8180,200,233.0,,0.00034246013273020925,457.33939857281393,1.0756831962515623,0.0034246013273020928,1.709002538236295,2.7846857344878573,457.33939857281393,1.709002538236295,0.0,0.0,45.173794043084676,0.0,246904.23721012037,10,2024-12-09 23:06:00,0.0,189926.33631547695,23.218378522674442,,,,
819,1,8190,192,186.0,25.58163449916523,0.0004286962523612967,518.8657375755395,1.1952538757602718,0.004286962523612967,1.713289500759908,2.90854337652018,562.6944833752367,1.713289500759908,43.82874579969724,0.10966750839068592,45.28346155147536,569.7736953960641,247474.01090551642,10,2024-12-10 09:06:00,438.28745799697236,190364.62377347393,23.243543806284972,,,,
820,1,8200,200,178.0,,9.398296082035971e-05,459.39984837154134,1.0693910666703448,0.0009398296082035972,1.7142293303681115,2.7836203970384563,459.39984837154134,1.7142293303681115,0.0,0.0,45.28346155147536,0.0,247474.01090551642,10,2024-12-10 19:06:00,0.0,190364.62377347393,23.215198021155356,,,,
821,1,8210,199,181.0,59.00225925925957,0.00017428350308482606,535.0250256454847,1.2834884438812146,0.0017428350308482607,1.7159721653989597,2.9994606092801743,636.2712602300271,1.7159721653989597,101.24623458454246,0.10283120433622872,45.38629275581159,1316.201049599052,248790.21195511546,10,2024-12-11 05:06:00,1012.4623458454246,191377.08611931934,23.31024191465522,,,,
822,1,8220,200,278.0,,7.92152819719414e-05,443.3692187387032,1.0658536470204645,0.0007921528197194139,1.7167643182186791,2.782617965239144,443.3692187387032,1.7167643182186791,0.0,0.0,45.38629275581159,0.0,248790.21195511546,10,2024-12-11 18:36:00,0.0,191377.08611931934,23.281883956121575,,,,
823,1,8230,200,309.0,,2.4021692369855634e-05,423.4627405114653,1.0568163518924425,0.00024021692369855636,1.7170045351423777,2.7738208870348204,423.4627405114653,1.7170045351423777,0.0,0.0,45.38629275581159,0.0,248790.21195511546,10,2024-12-12 04:36:00,0.0,191377.08611931934,23.253594911217416,,,,
824,1,8240,200,228.0,,8.190949812223902e-05,488.89731774528553,1.1694836083013795,0.0008190949812223902,1.7178236301236,2.8873072384249796,488.89731774528553,1.7178236301236,0.0,0.0,45.38629275581159,0.0,248790.21195511546,10,2024-12-12 14:36:00,0.0,191377.08611931934,23.22537452904361,,,,
825,1,8250,200,330.0,39.385931034482375,8.36316023879826e-05,393.7554907471388,0.8960072702157891,0.000836316023879826,1.7186599461474799,2.614667216363269,461.44651285783067,1.7186599461474799,67.69102211069183,0.03293908523956334,45.41923184105115,879.9832874389939,249670.19524255444,10,2024-12-13 00:36:00,676.9102211069184,192053.99634042627,23.279272283688034,,,,
826,1,8260,200,276.0,,0.00010883442542815402,421.5347579512808,1.0454336020415964,0.0010883442542815403,1.7197482904017614,2.7651818924433575,421.5347579512808,1.7197482904017614,0.0,0.0,45.41923184105115,0.0,249670.19524255444,10,2024-12-13 10:36:00,0.0,192053.99634042627,23.251089145330056,,,,
827,1,8270,200,338.0,51.810164004462735,6.549702479183582e-06,335.1244114600485,0.7617061768227695,6.549702479183582e-05,1.719813787426553,2.4815199642493226,424.22824584375445,1.719813787426553,89.10383438370593,0.0033934115962693757,45.42262525264742,1158.349846988177,250828.54508954263,10,2024-12-13 20:36:00,891.0383438370593,192945.03468426332,23.330717615993144,,,,
828,1,8280,200,322.0,4.561772965879821,0.00010173624876703889,388.9817264415922,0.9466844754647846,0.0010173624876703888,1.7208311499142235,2.667515625379008,396.83176746011475,1.7208311499142235,7.85004101852259,0.004640976692755022,45.42726622934018,102.05053324079367,250930.59562278344,10,2024-12-14 06:36:00,78.5004101852259,193023.53509444854,23.312021146672528,,,,
829,1,8290,200,307.0,8.443378809869168,9.59268862011881e-05,403.24617688222816,1.0080463044079047,0.000959268862011881,1.7217904187762354,2.72983672318414,417.78390561915916,1.7217904187762354,14.537728736931028,0.008099470382478427,45.43536569972265,188.99047358010336,251119.58609636355,10,2024-12-14 16:36:00,145.37728736931027,193168.91238181785,23.30143695799974,,,,
830,1,8300,200,324.0,54.165764705882296,8.312809539787406e-05,357.30488767320236,0.842007077257999,0.0008312809539787406,1.7226216997302142,2.5646287769882132,450.61200933803616,1.7226216997302142,93.3071216648338,0.045026968557693836,45.480392668280345,1212.9925816428395,252332.5786780064,10,2024-12-15 02:36:00,933.071216648338,194101.98359846618,23.38578115644171,,,,
831,1,8310,200,234.0,29.727495191179834,6.770222446065527e-07,461.18615104780116,1.0876173750879807,6.770222446065528e-06,1.7226284699526602,2.810245845040641,512.3955806045084,1.7226284699526602,51.20942955670718,0.00020126175520863074,45.48059393003555,665.7225842371934,252998.3012622436,10,2024-12-15 12:36:00,512.0942955670718,194614.07789403325,23.419263284480536,,,,
832,1,8320,200,322.0,4.561772965879821,0.00010173624876703889,388.9817264415922,0.9466844754647846,0.0010173624876703888,1.7236458324403305,2.670330307905115,396.8446074027699,1.7236458324403305,7.862880961177719,0.004640976692755022,45.48523490672831,102.21745249531037,253100.5187147389,10,2024-12-15 22:36:00,78.6288096117772,194692.70670364503,23.40056570957272,,,,
833,1,8330,199,234.0,29.727495191179834,6.770222446065527e-07,461.18615104780116,1.0876173750879807,6.770222446065528e-06,1.7236526026627765,2.811269977750757,512.4260255047235,1.7236526026627765,51.239874456922294,0.00020126175520863074,45.48543616848352,666.1183679399899,253766.63708267888,10,2024-12-16 08:36:00,512.3987445692229,195205.10544821425,23.433986248285024,,,,
834,1,8340,200,307.0,8.443378809869168,9.59268862011881e-05,403.24617688222816,1.0080463044079047,0.000959268862011881,1.7246118715247885,2.732658175932693,417.80772821350934,1.7246118715247885,14.561551331281207,0.008099470382478427,45.49353563886599,189.3001673066557,253955.93724998552,10,2024-12-16 18:36:00,145.61551331281206,195350.72096152705,23.423347837113557,,,,
835,1,8350,200,307.0,8.443378809869168,9.59268862011881e-05,403.24617688222816,1.0080463044079047,0.000959268862011881,1.7255711403868004,2.733617444794705,417.8158276838918,1.7255711403868004,14.569650801663686,0.008099470382478427,45.50163510924847,189.40546042162794,254145.34271040716,10,2024-12-17 04:36:00,145.69650801663687,195496.4174695437,23.412744607130982,,,,
836,1,8360,199,330.0,39.385931034482375,8.36316023879826e-05,393.7554907471388,0.8960072702157891,0.000836316023879826,1.7264074564106802,2.6224147266264692,461.751655762746,1.7264074564106802,67.99616501560719,0.03293908523956334,45.53457419448803,883.9501452028935,255029.29285561005,10,2024-12-17 14:36:00,679.9616501560719,196176.37911969976,23.466074057380354,,,,
837,1,8370,200,329.0,,0.0005546141764603019,379.250479515924,0.8683019591211357,0.005546141764603019,1.7319535981752832,2.600255557296419,379.250479515924,1.7319535981752832,0.0,0.0,45.53457419448803,0.0,255029.29285561005,10,2024-12-18 00:39:00,0.0,196176.37911969976,23.4380381266069,,,,
838,1,8380,200,269.0,72.18176606969315,3.049506163387079e-05,392.08825759757895,0.873366720149313,0.0003049506163387079,1.7322585487916218,2.6056252689409347,517.1257389386819,1.7322585487916218,125.03748134110299,0.02201187405136936,45.5565860685394,1625.487257434339,256654.7801130444,10,2024-12-18 10:39:00,1250.37481341103,197426.7539331108,23.55927851230439,,,,
839,1,8390,199,338.0,51.810164004462735,6.549702479183582e-06,335.1244114600485,0.7617061768227695,6.549702479183582e-05,1.7323240458164135,2.494030222639183,424.87640438267135,1.7323240458164135,89.7519929226228,0.0033934115962693757,45.559979480135674,1166.7759079940965,257821.5560210385,10,2024-12-18 20:39:00,897.519929226228,198324.27386233702,23.63817328514148,,,,
840,1,8400,200,281.0,35.58289999999882,5.565664368716899e-05,434.245535258036,1.0458184724260184,0.00055656643687169,1.7328806122532852,2.7786990846793036,495.9064527957814,1.7328806122532852,61.660917537745384,0.019804247866561,45.57978372800223,801.59192799069,258623.1479490292,10,2024-12-26 11:21:00,616.6091753774539,198940.8830377145,23.68343845687077,,,,
841,1,8410,198,310.0,4.129856266433336,2.7606380537601457e-05,421.93559634491965,1.059964365886331,0.0002760638053760146,1.7331566760586612,2.793121041944992,429.09328430425126,1.7331566760586612,7.157687959331633,0.0011401038365675667,45.5809238318388,93.04994347131122,258716.1978925005,10,2024-12-26 21:21:00,71.57687959331633,199012.4599173078,23.663788337373102,,,,
842,1,8420,181,268.0,98.51024924793185,5.055435156377584e-05,413.89319208484585,0.9631816060708536,0.0005055435156377584,1.733662219574299,2.6968438256451526,584.6766894468328,1.733662219574299,170.78349736198695,0.049801217731151315,45.63072504956995,2220.18546570583,260936.38335820634,10,2025-01-23 11:45:00,1707.8349736198695,200720.29489092767,23.838514832651743,,,,
843,1,8430,200,328.0,30.3800092254061,5.1017968409466566e-05,361.1143008266597,0.8415439404363104,0.0005101796840946656,1.7341723992583937,2.5757163396947043,413.7984743145743,1.7341723992583937,52.68417348791463,0.01549926350941071,45.646224313079365,684.8942553428901,261621.27761354923,10,2025-01-23 21:45:00,526.8417348791463,201247.13662580683,23.872732695825245,,,,
844,1,8440,200,265.0,52.021125590536954,4.4552619065648275e-05,380.4884321461026,0.9086506738937282,0.00044552619065648275,1.7346179254490501,2.6432685993427785,470.72520909748425,1.7346179254490501,90.2367769513817,0.023176773918014402,45.66940108699738,1173.0781003679622,262794.3557139172,10,2025-01-24 07:45:00,902.3677695138169,202149.50439532063,23.951363080014293,,,,
845,1,8450,200,266.0,0.5987693679091725,2.371823630239981e-05,402.68831232037326,0.9668299130893672,0.0002371823630239981,1.7348551078120742,2.7016850209014414,403.7270904166919,1.7348551078120742,1.0387780963186348,0.00014201753358708322,45.669543104530966,13.504115252142253,262807.8598291693,10,2025-01-24 17:45:00,10.387780963186348,202159.8921762838,23.924247594826486,,,,
846,1,8460,200,265.0,52.021125590536954,4.4552619065648275e-05,380.4884321461026,0.9086506738937282,0.00044552619065648275,1.7353006340027306,2.643951307896459,470.76072436489704,1.7353006340027306,90.27229221879445,0.023176773918014402,45.69271987844898,1173.5397988443278,263981.3996280136,10,2025-01-25 03:45:00,902.7229221879445,203062.61509847175,24.002673179488387,,,,
847,1,8470,200,276.0,,0.00010883442542815402,421.5347579512808,1.0454336020415964,0.0010883442542815403,1.736388978257012,2.7818225802986083,421.5347579512808,1.736388978257012,0.0,0.0,45.69271987844898,0.0,263981.3996280136,10,2025-01-25 13:45:00,0.0,203062.61509847175,23.974334722369747,,,,
848,1,8480,200,328.0,30.3800092254061,5.1017968409466566e-05,361.1143008266597,0.8415439404363104,0.0005101796840946656,1.7368991579411068,2.5784430983774174,413.8813132685106,1.7368991579411068,52.76701244185091,0.01549926350941071,45.708219141958395,685.9711617440619,264667.37078975764,10,2025-01-25 23:45:00,527.6701244185091,203590.28522289026,24.008288351755926,,,,
849,1,8490,200,317.0,123.58596458625516,2.0575377927564893e-05,343.6162314457509,0.8502669567815703,0.00020575377927564893,1.7371049117203825,2.5873718685019527,558.298017548236,1.7371049117203825,214.6817861024851,0.025428279279048508,45.73364742123744,2790.8632193323065,267458.23400908994,10,2025-01-26 09:45:00,2146.817861024851,205737.1030839151,24.23287433261662,,,,
850,1,8500,200,302.0,27.713227093306408,6.851922905368722e-05,352.24915492279916,1.1400737205973377,0.0006851922905368722,1.7377901040109194,2.877863824608257,400.4089267157543,1.7377901040109194,48.15977179295517,0.018988889550231123,45.75263631078767,626.0770333084172,268084.31104239833,10,2025-01-26 19:45:00,481.59771792955166,206218.70080184465,24.26102362374643,,,,
851,1,8510,120,303.0,37.27748350694454,0.00012076580195843929,383.39920520723757,1.2344443265844198,0.0012076580195843928,1.7389977620305037,2.9734420886149238,448.22466559994314,1.7389977620305037,64.82546039270557,0.04501845190708651,45.797654762694755,842.7309851051724,268927.0420275035,10,2025-01-27 05:45:00,648.2546039270557,206866.9554057717,24.308690411959073,,,,
852,1,8520,46,317.0,123.58596458625516,2.0575377927564893e-05,343.6162314457509,0.8502669567815703,0.00020575377927564893,1.7392035158097794,2.5894704725913495,558.5573755589087,1.7392035158097794,214.94114411315786,0.025428279279048508,45.8230830419738,2794.234873471052,271721.2769009745,10,2025-01-28 09:27:00,2149.4114411315786,209016.3668469033,24.532437423345456,,,,
853,1,8530,200,296.0,18.652832999823495,7.700381323234962e-05,376.1025874282734,0.9146666503122638,0.0007700381323234961,1.7399735539421028,2.654640204254367,408.55802355406485,1.7399735539421028,32.45543612579142,0.01436339268572616,45.837446434659526,421.9206696352885,272143.1975706098,10,2025-01-28 11:45:00,324.55436125791425,209340.9212081612,24.54172581572816,,,,
854,1,8540,199,317.0,123.58596458625516,2.0575377927564893e-05,343.6162314457509,0.8502669567815703,0.00020575377927564893,1.7401793077213785,2.590446264502949,558.6779697435392,1.7401793077213785,215.0617382977883,0.025428279279048508,45.862874713938574,2795.802597871248,274939.000168481,10,2025-01-28 21:45:00,2150.617382977883,211491.53859113908,24.764817165238767,,,,
855,1,8550,28,317.0,123.58596458625516,2.0575377927564893e-05,343.6162314457509,0.8502669567815703,0.00020575377927564893,1.7403850615006542,2.5906520182822246,558.7033980228182,1.7403850615006542,215.08716657706736,0.025428279279048508,45.88830299321762,2796.1331655018757,277735.1333339829,10,2025-01-29 07:42:00,2150.8716657706736,213642.41025690976,24.98741640431693,,,,
856,1,8560,57,296.0,18.652832999823495,7.700381323234962e-05,376.1025874282734,0.9146666503122638,0.0007700381323234961,1.7411550996329777,2.6558217499452415,408.5800627285184,1.7411550996329777,32.47747530024497,0.01436339268572616,45.902666385903345,422.2071789031846,278157.34051288606,10,2025-01-29 17:57:00,324.7747530024497,213967.1850099122,24.996166473120585,,,,
857,1,8570,9,317.0,123.58596458625516,2.0575377927564893e-05,343.6162314457509,0.8502669567815703,0.00020575377927564893,1.7413608534122533,2.5916278101938235,558.8239922074487,1.7413608534122533,215.2077607616978,0.025428279279048508,45.92809466518239,2797.7008899020716,280955.04140278813,10,2025-01-30 06:48:00,2152.077607616978,216119.2626175292,25.218116991543663,,,,
858,1,8580,129,297.0,33.676342120045,0.0010524225387103495,406.9907939810314,1.0647394683834304,0.010524225387103495,1.7518850787993567,2.816624547182787,465.98787524968054,1.7518850787993567,58.99708126864913,0.35441741468456034,46.282512079866954,766.9620564924388,281722.0034592806,10,2025-01-30 17:15:00,589.9708126864913,216709.23343021568,25.25748641377805,,,,
859,1,8590,200,317.0,123.58596458625516,2.0575377927564893e-05,343.6162314457509,0.8502669567815703,0.00020575377927564893,1.7520908325786324,2.6023577893602026,560.150067032716,1.7520908325786324,216.53383558696518,0.025428279279048508,46.307940359146,2814.9398626305474,284536.94332191115,10,2025-01-30 23:42:00,2165.338355869652,218874.57178608535,25.4801596957026,,,,
860,1,8600,200,294.0,17.81733076923069,5.263005295000768e-05,407.1328799999682,1.1348087077356481,0.0005263005295000769,1.7526171331081324,2.8874258408437807,438.3598391723766,1.7526171331081324,31.226959172408407,0.009377270618124125,46.317317629764126,405.9504692413093,284942.89379115246,10,2025-01-31 09:42:00,312.2695917240841,219186.84137780944,25.486842020675518,,,,
861,1,8610,200,301.0,18.115666824869457,0.0006361582180980248,391.4513869364539,0.9644329633980432,0.006361582180980248,1.7589787152891125,2.723411678687156,423.3164592946684,1.7589787152891125,31.865072358214473,0.11524430326966457,46.43256193303379,414.2459406567882,285357.13973180926,10,2025-01-31 19:42:00,318.65072358214474,219505.49210139157,25.494249953704017,,,,
862,1,8620,200,100.0,31.167456865564354,0.0001172465575018913,407.9894305556418,0.9669820909887078,0.001172465575018913,1.7601511808641315,2.727133271852839,462.84886656209676,1.7601511808641315,54.85943600645498,0.03654277023576108,46.46910470326955,713.1726680839148,286070.3123998932,10,2025-02-01 05:42:00,548.5943600645497,220054.0864614561,25.528316294832496,,,,
863,1,8630,200,100.0,31.167456865564354,0.0001172465575018913,407.9894305556418,0.9669820909887078,0.001172465575018913,1.7613236464391504,2.728305737427858,462.88540933233253,1.7613236464391504,54.89597877669074,0.03654277023576108,46.50564747350531,713.6477240969796,286783.96012399014,10,2025-02-01 15:42:00,548.9597877669074,220603.04624922303,25.562346031196178,,,,
864,1,8640,200,93.0,8.36110871380898,0.0001167082395084936,402.9481868915531,0.8438947735708512,0.001167082395084936,1.7624907288342353,2.6063855024050864,417.6845634824166,1.7624907288342353,14.736376590863465,0.009758102783277713,46.51540557628859,191.57289568122505,286975.5330196714,10,2025-02-02 01:42:00,147.36376590863466,220750.41001513167,25.549815973973573,,,,
865,1,8650,200,296.0,18.652832999823495,7.700381323234962e-05,376.1025874282734,0.9146666503122638,0.0007700381323234961,1.7632607669665588,2.6779274172788226,408.99239604964134,1.7632607669665588,32.88980862136791,0.01436339268572616,46.52976896897432,427.56751207778285,287403.1005317492,10,2025-02-02 11:42:00,328.8980862136791,221079.30810134535,25.5583015146064,,,,
866,1,8660,169,294.0,17.81733076923069,5.263005295000768e-05,407.1328799999682,1.1348087077356481,0.0005263005295000769,1.7637870674960587,2.8985957752317066,438.5588575880369,1.7637870674960587,31.425977588068694,0.009377270618124125,46.53914623959244,408.5377086448931,287811.63824039407,10,2025-02-03 05:15:00,314.25977588068696,221393.56787722604,25.56507712208153,,,,
867,1,8670,196,317.0,123.58596458625516,2.0575377927564893e-05,343.6162314457509,0.8502669567815703,0.00020575377927564893,1.7639928212753344,2.614259778056905,561.6209857862927,1.7639928212753344,218.0047543405418,0.025428279279048508,46.56457451887149,2834.061806427044,290645.7000468211,10,2025-02-03 15:27:00,2180.047543405418,223573.61542063145,25.787037534098207,,,,
868,1,8680,200,325.0,,0.0019243372058386351,341.3465454741758,0.7689200097289443,0.019243372058386353,1.7832361933337209,2.552156203062665,341.3465454741758,1.7832361933337209,0.0,0.0,46.56457451887149,0.0,290645.7000468211,10,2025-02-04 01:15:00,0.0,223573.61542063145,25.757328965510535,,,,
869,1,8690,200,296.0,18.652832999823495,7.700381323234962e-05,376.1025874282734,0.9146666503122638,0.0007700381323234961,1.7840062314660443,2.6986728817783083,409.379357734454,1.7840062314660443,33.27677030618059,0.01436339268572616,46.57893791155721,432.5980139803477,291078.29806080146,10,2025-02-04 11:15:00,332.7677030618059,223906.38312369326,25.765981947490594,,,,
870,1,8700,200,317.0,123.58596458625516,2.0575377927564893e-05,343.6162314457509,0.8502669567815703,0.00020575377927564893,1.78421198524532,2.6344789420268904,564.119790668651,1.78421198524532,220.50355922290012,0.025428279279048508,46.60436619083626,2866.5462698977017,293944.8443306992,10,2025-02-04 21:15:00,2205.0355922290014,226111.41871592225,25.989818243209452,,,,
871,1,8710,197,296.0,18.652832999823495,7.700381323234962e-05,376.1025874282734,0.9146666503122638,0.0007700381323234961,1.7849820233776434,2.6996486736899072,409.3975590180236,1.7849820233776434,33.29497158975022,0.01436339268572616,46.61872958352198,432.8346306667529,294377.67896136595,10,2025-02-05 07:15:00,332.9497158975022,226444.36843181975,25.998205330863346,,,,
872,1,8720,167,296.0,18.652832999823495,7.700381323234962e-05,376.1025874282734,0.9146666503122638,0.0007700381323234961,1.785752061509967,2.7004187118222305,409.41192241070934,1.785752061509967,33.30933498243595,0.01436339268572616,46.633092976207706,433.02135477166735,294810.70031613763,10,2025-02-05 17:15:00,333.0933498243595,226777.46178164412,26.00658965385827,,,,
873,1,8730,197,296.0,18.652832999823495,7.700381323234962e-05,376.1025874282734,0.9146666503122638,0.0007700381323234961,1.7865220996422904,2.701188749954554,409.4262858033951,1.7865220996422904,33.32369837512167,0.01436339268572616,46.64745636889343,433.2080788765818,295243.90839501424,10,2025-02-06 03:15:00,333.2369837512167,227110.69876539533,26.01497122169477,,,,
874,1,8740,22,297.0,33.676342120045,0.0010524225387103495,406.9907939810314,1.0647394683834304,0.010524225387103495,1.7970463250293938,2.861785793412824,467.50874082829085,1.7970463250293938,60.51794684725945,0.35441741468456034,47.00187378357799,786.7333090143729,296030.6417040286,10,2025-02-06 13:15:00,605.1794684725945,227715.87823386793,26.054448310511205,,,,
875,1,8750,2,90.0,19.03165625000014,3.773517627856339e-05,512.2296468043171,1.1303679911263382,0.0003773517627856339,1.7974236767921794,2.927791667918518,546.4375963566372,1.7974236767921794,34.20794955232011,0.00718162903466778,47.00905541261266,444.7033441801614,296475.3450482088,10,2025-03-24 17:36:00,342.0794955232011,228057.95772939114,26.0637665976447,,,,
876,1,8760,2,338.0,51.810164004462735,6.549702479183582e-06,335.1244114600485,0.7617061768227695,6.549702479183582e-05,1.7974891738169712,2.5591953506397407,428.252620351752,1.7974891738169712,93.1282088917035,0.0033934115962693757,47.01244882420893,1210.6667155921455,297686.0117638009,10,2025-04-23 05:06:00,931.2820889170349,228989.23981830818,26.14032418017217,,,,
877,1,8770,199,177.0,26.757504107909316,0.00011352334191079416,540.8114781074536,1.2096784488451857,0.0011352334191079415,1.798624407236079,3.008302856081265,588.938178072659,1.798624407236079,48.12669996520535,0.030376012875216685,47.04282483708415,625.6470995476695,298311.6588633486,10,2025-04-23 05:12:00,481.26699965205347,229470.50681796024,26.16539416396354,,,,
878,1,8780,169,359.0,16.789763443687637,2.374444698025763e-05,513.3578455747016,1.0176448652457122,0.0002374444698025763,1.7988618517058816,2.8165067169515936,543.5603105327173,1.7988618517058816,30.20246495801566,0.0039866364789970885,47.046811473563146,392.63204445420354,298704.2909078028,10,2025-05-06 16:06:00,302.0246495801566,229772.5314675404,26.16999219448068,,,,
879,1,8790,198,145.0,6.6782507724386395,5.235478775779192e-05,593.7027206397652,1.3224080936172224,0.0005235478775779193,1.7993853995834597,3.1217934932006823,605.7194675744482,1.7993853995834597,12.016746934683049,0.0034963840178433496,47.05030785758099,156.21771015087964,298860.5086179537,10,2025-05-23 13:18:00,120.16746934683049,229892.69893688723,26.153890664037228,,,,
880,1,8800,200,191.0,31.827509305702712,7.304989580016473e-05,629.9770311175635,1.3978877673039205,0.0007304989580016473,1.8001158985414614,3.198003665845382,687.2702366297352,1.8001158985414614,57.29320551217176,0.023249962383603565,47.07355781996459,744.811671658233,299605.32028961193,10,2025-06-19 09:39:00,572.9320551217176,230465.63099200896,26.189276249091925,,,,
881,1,8810,196,116.0,23.402981792039657,5.817373730777724e-05,617.6468481960467,1.3580203114314011,0.0005817373730777724,1.8006976359145392,3.1587179473459406,659.7885421823235,1.8006976359145392,42.14169398627682,0.013614389149888087,47.08717220911448,547.8420218215987,300153.1623114335,10,2025-06-19 19:39:00,421.41693986276823,230887.04793187173,26.207383420189753,,,,
